"sample","spec","outcome","event_time","est","se_cluster","ci_lo_wild","ci_hi_wild","p_wild","se_wild","p_normal_cluster","n_treated","n_ctrl_min","n_ctrl_max","G_contrib","treated_crops","G"
"annual","CS-A (preferred)","ln_area","-12","-0.23380778439028924","0.12078638883540027","-0.4610561868458339","-0.00655938193474459","0.0423","0.1206469492338849","0.05290286005842271","7","22","28","29","soybean;onion;sweet_potato;corn;garlic;spring_potato;red_pepper",
"annual","CS-A (preferred)","ln_area","-11","-0.14652730603354255","0.07892965790079544","-0.29667975425848575","0.003625142191400643","0.0578","0.07870985105345348","0.06339243410622619","7","22","28","29","soybean;onion;sweet_potato;corn;garlic;spring_potato;red_pepper",
"annual","CS-A (preferred)","ln_area","-10","-0.15544905857873842","0.07499464591250325","-0.2982090080748804","-0.01268910908259649","0.0296","0.07491575715669296","0.03819070211912656","7","22","28","29","soybean;onion;sweet_potato;corn;garlic;spring_potato;red_pepper",
"annual","CS-A (preferred)","ln_area","-9","-0.12995173845368646","0.06498276403099255","-0.25195949228612313","-0.007943984621249775","0.0338","0.06395573576588551","0.045523182967183606","7","22","28","29","soybean;onion;sweet_potato;corn;garlic;spring_potato;red_pepper",
"annual","CS-A (preferred)","ln_area","-8","-0.0006634703184082574","0.0856913128293873","-0.16007681184797773","0.15874987121116124","0.9948","0.08449860849710011","0.9938223908923465","6","22","28","29","soybean;onion;sweet_potato;corn;garlic;spring_potato",
"annual","CS-A (preferred)","ln_area","-7","-0.007797057695432562","0.07777845064933335","-0.1551587475002002","0.13956463210933506","0.9255","0.0772336635825032","0.9201482194992174","6","22","28","29","soybean;onion;sweet_potato;corn;garlic;spring_potato",
"annual","CS-A (preferred)","ln_area","-6","0.03267842176962124","0.04479887803241422","-0.051845723234029126","0.11720256677327161","0.4814","0.043848376023568565","0.46572807764650115","5","22","28","29","soybean;onion;sweet_potato;corn;garlic",
"annual","CS-A (preferred)","ln_area","-5","0.11645920916421232","0.08173199035716727","-0.01488598045548134","0.24780439878390598","0.117","0.07973421638007867","0.15418859952697428","2","22","25","26","onion;garlic",
"annual","CS-A (preferred)","ln_area","0","0.12230755210174388","0.1479035034513739","-0.15853867957164797","0.4031537837751357","0.4087","0.1444184357508981","0.408270192629151","7","22","22","29","soybean;onion;sweet_potato;corn;garlic;spring_potato;red_pepper",
"annual","CS-A (preferred)","ln_area","1","0.026910400389980695","0.13449739053073895","-0.22833474115863459","0.282155541938596","0.8419","0.13157481530143744","0.8414170699326418","7","22","22","29","soybean;onion;sweet_potato;corn;garlic;spring_potato;red_pepper",
"annual","CS-A (preferred)","ln_area","2","-0.009161462813927372","0.1525487894289773","-0.29816360391097657","0.2798406782831218","0.9539","0.14846314747380082","0.9521110716151331","7","20","22","29","soybean;onion;sweet_potato;corn;garlic;spring_potato;red_pepper",
"annual","CS-A (preferred)","ln_area","3","-0.053453008273363974","0.1510529234790138","-0.3399896499738016","0.23308363342707367","0.723","0.1473222822008326","0.7234367560373505","7","20","22","29","soybean;onion;sweet_potato;corn;garlic;spring_potato;red_pepper",
"annual","CS-A (preferred)","ln_area","4","0.003838573391009688","0.1354584140045031","-0.25072314350590746","0.2584002902879268","0.9766","0.13124754326908508","0.9773928507277978","7","15","22","29","soybean;onion;sweet_potato;corn;garlic;spring_potato;red_pepper",
"annual","CS-A (preferred)","ln_area","5","0.03869279441965881","0.13194939691500776","-0.20806261736507745","0.28544820620439504","0.7717","0.12730506909160053","0.7693389823337662","7","14","20","27","soybean;onion;sweet_potato;corn;garlic;spring_potato;red_pepper",
"annual","CS-A (preferred)","ln_area","6","0.16385612702304167","0.16483575817578747","-0.14357182058897114","0.4712840746350545","0.317","0.15908387950115746","0.32019515422307365","7","11","20","27","soybean;onion;sweet_potato;corn;garlic;spring_potato;red_pepper",
"annual","CS-A (preferred)","ln_area","7","0.1664706963404115","0.1636569325729487","-0.13852986039063875","0.47147125307146176","0.301","0.15710988706496629","0.3090615959548684","7","10","15","22","soybean;onion;sweet_potato;corn;garlic;spring_potato;red_pepper",
"annual","CS-A (preferred)","ln_area","8","0.036305893971340125","0.16545563779335054","-0.27280902264085716","0.34542081058353746","0.8252","0.15952131709647713","0.8263152752386835","7","10","14","21","soybean;onion;sweet_potato;corn;garlic;spring_potato;red_pepper",
"annual","CS-A (preferred)","ln_area","9","-0.011576833354875637","0.1812334083951947","-0.35419963698570234","0.33104597027595106","0.9475","0.17385945052199936","0.9490673449382896","7","8","11","18","soybean;onion;sweet_potato;corn;garlic;spring_potato;red_pepper",
"annual","CS-B (mean of all clean-pre years)","ln_area","-12","-0.0822236708546198","0.06216498356785816","-0.20052749997915872","0.036080158269919116","0.1814","0.06067731238237966","0.18594561505459817","7","20","26","27","soybean;onion;sweet_potato;corn;garlic;spring_potato;red_pepper",
"annual","CS-B (mean of all clean-pre years)","ln_area","-11","0.0013585721344133864","0.052865269880715035","-0.09518557976296257","0.09790272403178935","0.9811","0.0516620869672375","0.9794976091149328","7","20","26","27","soybean;onion;sweet_potato;corn;garlic;spring_potato;red_pepper",
"annual","CS-B (mean of all clean-pre years)","ln_area","-10","-0.014473043131538507","0.056350116500634116","-0.12113759585008728","0.09219150958701026","0.802","0.055280307608374275","0.79730120486705","7","20","26","27","soybean;onion;sweet_potato;corn;garlic;spring_potato;red_pepper",
"annual","CS-B (mean of all clean-pre years)","ln_area","-9","0.024974506142616773","0.0706151428966293","-0.10701814821823281","0.15696716050346637","0.7294","0.06907188594800821","0.7235856924900999","7","20","26","27","soybean;onion;sweet_potato;corn;garlic;spring_potato;red_pepper",
"annual","CS-B (mean of all clean-pre years)","ln_area","-8","0.15424381908437174","0.0872813885651065","-0.005633634839900953","0.31412127300864445","0.0599","0.08452783549185527","0.07719445350910004","7","20","26","27","soybean;onion;sweet_potato;corn;garlic;spring_potato;red_pepper",
"annual","CS-B (mean of all clean-pre years)","ln_area","-7","0.16975576862765518","0.0950252744206619","-0.00970867823719529","0.34922021549250565","0.0668","0.09284833674238759","0.0740300574137076","6","20","26","27","soybean;onion;sweet_potato;corn;garlic;spring_potato",
"annual","CS-B (mean of all clean-pre years)","ln_area","-6","0.19855679361048897","0.10366748940425521","0.005636957308954305","0.39147662991202364","0.0431","0.10184077464957161","0.05545124203861529","6","20","26","27","soybean;onion;sweet_potato;corn;garlic;spring_potato",
"annual","CS-B (mean of all clean-pre years)","ln_area","-5","0.2440101451188382","0.13333705488209918","-0.006269980405014003","0.4942902706426904","0.0588","0.13034859557071282","0.06724619920066255","5","20","26","27","soybean;onion;sweet_potato;corn;garlic",
"annual","CS-B (mean of all clean-pre years)","ln_area","-4","0.14265493927156644","0.18376883486226206","-0.15760173492569127","0.44291161346882413","0.5641","0.18026342489381783","0.437587315162306","2","20","23","24","onion;garlic",
"annual","CS-B (mean of all clean-pre years)","ln_area","0","0.29506233008261024","0.2071624269117221","-0.09671746378158746","0.6868421239468079","0.1496","0.2019901726014644","0.15435841079009927","7","20","20","27","soybean;onion;sweet_potato;corn;garlic;spring_potato;red_pepper",
"annual","CS-B (mean of all clean-pre years)","ln_area","1","0.1989623914429359","0.19986127807449133","-0.178975406835051","0.5769001897209228","0.3185","0.19548278949493594","0.3194919545979742","7","20","20","27","soybean;onion;sweet_potato;corn;garlic;spring_potato;red_pepper",
"annual","CS-B (mean of all clean-pre years)","ln_area","2","0.17154977039589459","0.2146200634932069","-0.23665769860099584","0.579757239392785","0.4305","0.21029232317120977","0.42410579982439467","7","18","20","27","soybean;onion;sweet_potato;corn;garlic;spring_potato;red_pepper",
"annual","CS-B (mean of all clean-pre years)","ln_area","3","0.12651534499717815","0.2175543780828672","-0.28938253662799696","0.5424132266223533","0.5639","0.21336067647082743","0.5608803708174408","7","18","20","27","soybean;onion;sweet_potato;corn;garlic;spring_potato;red_pepper",
"annual","CS-B (mean of all clean-pre years)","ln_area","4","0.23411725315467824","0.1832519609238573","-0.11303479510563541","0.5812693014149919","0.2015","0.1792432356330379","0.20140099658502786","7","15","20","27","soybean;onion;sweet_potato;corn;garlic;spring_potato;red_pepper",
"annual","CS-B (mean of all clean-pre years)","ln_area","5","0.2963150166775454","0.17649231844346602","-0.03536814740829808","0.6279981807633889","0.0848","0.1727154939609662","0.09316925585863611","7","14","18","25","soybean;onion;sweet_potato;corn;garlic;spring_potato;red_pepper",
"annual","CS-B (mean of all clean-pre years)","ln_area","6","0.4168455526336753","0.20170640900761835","0.034694539970523186","0.7989965652968274","0.0295","0.19708955552439125","0.038772287323023624","7","11","18","25","soybean;onion;sweet_potato;corn;garlic;spring_potato;red_pepper",
"annual","CS-B (mean of all clean-pre years)","ln_area","7","0.4031377512637409","0.19990186584112823","0.025248812270003973","0.7810266902574778","0.0319","0.19501093651088655","0.04372909784859513","7","10","15","22","soybean;onion;sweet_potato;corn;garlic;spring_potato;red_pepper",
"annual","CS-B (mean of all clean-pre years)","ln_area","8","0.2667348081817298","0.19551579565228683","-0.10530821114904226","0.6387778275125018","0.1691","0.1913570122371157","0.17248506029315425","7","10","14","21","soybean;onion;sweet_potato;corn;garlic;spring_potato;red_pepper",
"annual","CS-B (mean of all clean-pre years)","ln_area","9","0.23436911119946827","0.2075695542073064","-0.15408966896142448","0.622827891360361","0.255","0.2015001001797566","0.25885092158256207","7","8","11","18","soybean;onion;sweet_potato;corn;garlic;spring_potato;red_pepper",
"annual","CS-B5 (mean of last 5 clean-pre years)","ln_area","-12","-0.2221059072765755","0.10562412616204839","-0.4193299286717152","-0.024881885881435806","0.0234","0.10261464111862612","0.035483674331957316","7","22","28","29","soybean;onion;sweet_potato;corn;garlic;spring_potato;red_pepper",
"annual","CS-B5 (mean of last 5 clean-pre years)","ln_area","-11","-0.1348254289198291","0.06971947297621903","-0.2661336212493747","-0.0035172365902834957","0.0432","0.068458717901848","0.05313434962039709","7","22","28","29","soybean;onion;sweet_potato;corn;garlic;spring_potato;red_pepper",
"annual","CS-B5 (mean of last 5 clean-pre years)","ln_area","-10","-0.14374718146502488","0.06857102619574668","-0.27536415068257597","-0.012130212247473793","0.0282","0.06783644550780621","0.03605333820619183","7","22","28","29","soybean;onion;sweet_potato;corn;garlic;spring_potato;red_pepper",
"annual","CS-B5 (mean of last 5 clean-pre years)","ln_area","-9","-0.11824986133997115","0.059234043664058156","-0.22354982106625243","-0.012949901613689876","0.0195","0.05810552403827934","0.04589955182550742","7","22","28","29","soybean;onion;sweet_potato;corn;garlic;spring_potato;red_pepper",
"annual","CS-B5 (mean of last 5 clean-pre years)","ln_area","-8","0.011133188269366915","0.054342760364875564","-0.08414938687211111","0.10641576341084495","0.8793","0.05306842281620789","0.8376738821664591","7","22","28","29","soybean;onion;sweet_potato;corn;garlic;spring_potato;red_pepper",
"annual","CS-B5 (mean of last 5 clean-pre years)","ln_area","-7","0.002441554068907595","0.046350461393823136","-0.0816844459773439","0.0865675541151591","0.9525","0.045655189335885166","0.9579901104385016","6","22","28","29","soybean;onion;sweet_potato;corn;garlic;spring_potato",
"annual","CS-B5 (mean of last 5 clean-pre years)","ln_area","-6","0.037470629905690146","0.04366474771123931","-0.04292134717982505","0.11786260699120535","0.4103","0.04259120263883739","0.39081309736294023","6","22","28","29","soybean;onion;sweet_potato;corn;garlic;spring_potato",
"annual","CS-B5 (mean of last 5 clean-pre years)","ln_area","-5","0.07183786660613806","0.04843742985958779","-0.019369775558626526","0.16304550877090263","0.1412","0.04753562762851361","0.13804611985854232","5","22","28","29","soybean;onion;sweet_potato;corn;garlic",
"annual","CS-B5 (mean of last 5 clean-pre years)","ln_area","-4","-0.03663230704409029","0.03031588559359637","-0.09334193343148679","0.020077319343306213","0.2321","0.029669673298296877","0.22691131048716384","2","22","25","26","onion;garlic",
"annual","CS-B5 (mean of last 5 clean-pre years)","ln_area","0","0.14719094327231647","0.14852045288441126","-0.13538631272734447","0.4297681992719774","0.3252","0.14561432009454792","0.3216619930524056","7","22","22","29","soybean;onion;sweet_potato;corn;garlic;spring_potato;red_pepper",
"annual","CS-B5 (mean of last 5 clean-pre years)","ln_area","1","0.05179379156055328","0.1421121597486271","-0.2196718613957779","0.3232594445168845","0.7174","0.13950768662395496","0.7155166720952768","7","22","22","29","soybean;onion;sweet_potato;corn;garlic;spring_potato;red_pepper",
"annual","CS-B5 (mean of last 5 clean-pre years)","ln_area","2","0.015601391170349541","0.1593277698229805","-0.28851229314892396","0.319715075489623","0.922","0.1569806715819898","0.9219957391128881","7","20","22","29","soybean;onion;sweet_potato;corn;garlic;spring_potato;red_pepper",
"annual","CS-B5 (mean of last 5 clean-pre years)","ln_area","3","-0.028690154289087062","0.16344585436227063","-0.3406852700864717","0.2833049615082976","0.8598","0.16034050363855246","0.860660779904409","7","20","22","29","soybean;onion;sweet_potato;corn;garlic;spring_potato;red_pepper",
"annual","CS-B5 (mean of last 5 clean-pre years)","ln_area","4","0.03481439637449118","0.1480358828777343","-0.24687078555893693","0.3164995783079193","0.8153","0.14486553218363607","0.8140726069168136","7","15","22","29","soybean;onion;sweet_potato;corn;garlic;spring_potato;red_pepper",
"annual","CS-B5 (mean of last 5 clean-pre years)","ln_area","5","0.07050482831486513","0.14301199528722527","-0.20060199289979022","0.3416116495295205","0.6162","0.14004222719511325","0.6220130090893128","7","14","20","27","soybean;onion;sweet_potato;corn;garlic;spring_potato;red_pepper",
"annual","CS-B5 (mean of last 5 clean-pre years)","ln_area","6","0.19189683470209096","0.1741273034990206","-0.13969395779203142","0.5234876271962133","0.2704","0.1709042416502496","0.27044033466052997","7","11","20","27","soybean;onion;sweet_potato;corn;garlic;spring_potato;red_pepper",
"annual","CS-B5 (mean of last 5 clean-pre years)","ln_area","7","0.19468039105043658","0.17524968729592091","-0.1365261209861098","0.5258869030869829","0.2647","0.17157114689889627","0.26662241652468754","7","10","15","22","soybean;onion;sweet_potato;corn;garlic;spring_potato;red_pepper",
"annual","CS-B5 (mean of last 5 clean-pre years)","ln_area","8","0.0628641624650729","0.18133881829432488","-0.2781030456562311","0.40383137058637686","0.7241","0.17728984814940285","0.728841594440732","7","10","14","21","soybean;onion;sweet_potato;corn;garlic;spring_potato;red_pepper",
"annual","CS-B5 (mean of last 5 clean-pre years)","ln_area","9","0.013633649607638638","0.2002757299592868","-0.3662865528562118","0.3935538520714891","0.9483","0.19577716485969762","0.945726411074177","7","8","11","18","soybean;onion;sweet_potato;corn;garlic;spring_potato;red_pepper",
"annual","Imputation (FE on clean cells)","ln_area","0","0.30571666834412425","0.1987077428744503","-0.07409285953539252","0.685526196223641","0.1226",,,"7",,,,,"31"
"annual","Imputation (FE on clean cells)","ln_area","1","0.2115815407291478","0.19036150813363778","-0.14650544388308168","0.5696685253413774","0.2662",,,"7",,,,,"31"
"annual","Imputation (FE on clean cells)","ln_area","2","0.18031165788187065","0.20887885665478287","-0.2219998151286639","0.5826231308924052","0.3899",,,"7",,,,,"31"
"annual","Imputation (FE on clean cells)","ln_area","3","0.13979861799177332","0.21066990397966492","-0.2634578985990398","0.5430551345825864","0.5166",,,"7",,,,,"31"
"annual","Imputation (FE on clean cells)","ln_area","4","0.20193183815631702","0.18382117431127173","-0.14885286812022971","0.5527165444328638","0.2666",,,"7",,,,,"31"
"annual","Imputation (FE on clean cells)","ln_area","5","0.22455292625608336","0.17374730087328685","-0.11031760234297838","0.5594234548551451","0.1941",,,"7",,,,,"31"
"annual","Imputation (FE on clean cells)","ln_area","6","0.36059965135124733","0.19934211271788366","-0.021925681268646413","0.7431249839711411","0.0651",,,"7",,,,,"31"
"annual","Imputation (FE on clean cells)","ln_area","7","0.36016500854667166","0.1958523740964243","-0.012787309601519692","0.733117326694863","0.0595",,,"7",,,,,"31"
"annual","Imputation (FE on clean cells)","ln_area","8","0.243582012024735","0.19085025375151515","-0.1206294542951114","0.6077934783445814","0.2015",,,"7",,,,,"31"
"annual","Imputation (FE on clean cells)","ln_area","9","0.21662168324806788","0.19996717007954615","-0.16308702384246218","0.5963303903385979","0.2787",,,"7",,,,,"31"
"annual","Dates: product-table nationwide year","ln_area","-12","-0.13963897404238476","0.1065744148058375","-0.3411203915089252","0.06184244342415568","0.1868","0.1039711921985962","0.19011176142293706","7","22","28","29","soybean;onion;sweet_potato;corn;garlic;spring_potato;red_pepper",
"annual","Dates: product-table nationwide year","ln_area","-11","-0.1995745448381982","0.12245789405537137","-0.4265119464733146","0.02736285679691816","0.0977","0.11955297850777938","0.10315643090916726","7","22","28","29","soybean;onion;sweet_potato;corn;garlic;spring_potato;red_pepper",
"annual","Dates: product-table nationwide year","ln_area","-10","-0.15503466084324186","0.07998646239888718","-0.30580960012108754","-0.004259721565396168","0.0439","0.07853121062002542","0.05259135706204976","7","22","28","29","soybean;onion;sweet_potato;corn;garlic;spring_potato;red_pepper",
"annual","Dates: product-table nationwide year","ln_area","-9","-0.13643377912084803","0.07105754653481684","-0.26739107234159354","-0.005476485900102496","0.0395","0.06981494406363009","0.05485205170846119","7","22","28","29","soybean;onion;sweet_potato;corn;garlic;spring_potato;red_pepper",
"annual","Dates: product-table nationwide year","ln_area","-8","-0.15727525875625134","0.06759121568376536","-0.28405119459154626","-0.030499322920956445","0.0088","0.0661222753898349","0.019972747184122452","7","22","28","29","soybean;onion;sweet_potato;corn;garlic;spring_potato;red_pepper",
"annual","Dates: product-table nationwide year","ln_area","-7","-0.06098087719474128","0.059898463607763526","-0.17287505159934835","0.05091329720986579","0.3201","0.058629635317072895","0.308644307485618","6","22","28","29","soybean;onion;sweet_potato;corn;garlic;spring_potato",
"annual","Dates: product-table nationwide year","ln_area","-6","0.03682306143556767","0.09640795590493982","-0.14550024339559087","0.21914636626672618","0.7147","0.09522922855386418","0.7024981237461552","6","22","28","29","soybean;onion;sweet_potato;corn;garlic;spring_potato",
"annual","Dates: product-table nationwide year","ln_area","-5","0.04540316817706151","0.04127401169479708","-0.034545643177028545","0.12535197953115157","0.2795","0.04103988758344178","0.2713135925687995","6","22","28","29","soybean;onion;sweet_potato;corn;garlic;spring_potato",
"annual","Dates: product-table nationwide year","ln_area","-4","0.11645920916421232","0.08173199035716727","-0.01631558417396181","0.24923400250238645","0.1185","0.08030133704909287","0.15418859952697428","2","22","25","26","onion;garlic",
"annual","Dates: product-table nationwide year","ln_area","0","0.10816616934435569","0.13431746307553522","-0.14616806691159778","0.36250040560030916","0.4182","0.13128925441319084","0.4206452230901663","7","22","22","29","soybean;onion;sweet_potato;corn;garlic;spring_potato;red_pepper",
"annual","Dates: product-table nationwide year","ln_area","1","0.10533076354580975","0.14291325867639662","-0.16854642924069466","0.3792079563323142","0.4659","0.14131156373517825","0.46110663974003585","7","22","22","29","soybean;onion;sweet_potato;corn;garlic;spring_potato;red_pepper",
"annual","Dates: product-table nationwide year","ln_area","2","0.06471763758428176","0.1467333339693724","-0.21581594154239267","0.34525121671095615","0.6626","0.14486516477214012","0.6591723564061827","7","22","22","29","soybean;onion;sweet_potato;corn;garlic;spring_potato;red_pepper",
"annual","Dates: product-table nationwide year","ln_area","3","0.0009437111227235326","0.15371410170702302","-0.29260306897639515","0.2944904912218422","0.995","0.15205964326742985","0.9951015047015617","7","20","22","29","soybean;onion;sweet_potato;corn;garlic;spring_potato;red_pepper",
"annual","Dates: product-table nationwide year","ln_area","4","-0.060567576236290784","0.14762624945287042","-0.34563538017266593","0.22450022770008438","0.6808","0.1452177348027613","0.6816031521231978","7","20","22","29","soybean;onion;sweet_potato;corn;garlic;spring_potato;red_pepper",
"annual","Dates: product-table nationwide year","ln_area","5","-0.0018713303774910636","0.13846529386392034","-0.2679547356685776","0.2642120749135955","0.9898","0.1363553068024898","0.9892170801550175","7","15","22","29","soybean;onion;sweet_potato;corn;garlic;spring_potato;red_pepper",
"annual","Dates: product-table nationwide year","ln_area","6","0.029881389129259667","0.1310430007749171","-0.22144842407417045","0.2812112023326898","0.8239","0.1291643977451846","0.819624972842256","7","14","20","27","soybean;onion;sweet_potato;corn;garlic;spring_potato;red_pepper",
"annual","Dates: product-table nationwide year","ln_area","7","0.13087590196298532","0.15364599581368635","-0.16300745669362227","0.4247592606195929","0.4068","0.15156631556194775","0.39432422940276735","7","11","20","27","soybean;onion;sweet_potato;corn;garlic;spring_potato;red_pepper",
"annual","Dates: product-table nationwide year","ln_area","8","0.17515102008411254","0.16592531874266644","-0.14298529028377305","0.49328733045199813","0.294","0.16339684451422964","0.29115030229338945","7","10","15","22","soybean;onion;sweet_potato;corn;garlic;spring_potato;red_pepper",
"annual","Dates: product-table nationwide year","ln_area","9","0.064265178793013","0.1693537078729814","-0.2573186749463231","0.38584903253234903","0.704","0.16664657457896764","0.7043365662982404","7","10","14","21","soybean;onion;sweet_potato;corn;garlic;spring_potato;red_pepper",
"annual","Dates: pilot-year clock (no transition exclusion)","ln_area","-12","-0.1724116292366925","0.10571762020285172","-0.37329361397865296","0.02847035550526794","0.0981","0.10387913804187542","0.10291788491865983","7","20","26","27","soybean;onion;sweet_potato;corn;garlic;spring_potato;red_pepper",
"annual","Dates: pilot-year clock (no transition exclusion)","ln_area","-11","-0.16333537986898736","0.10664092122478724","-0.36875958690489874","0.042088827166924","0.122","0.10504334370343724","0.12561157552153102","7","20","26","27","soybean;onion;sweet_potato;corn;garlic;spring_potato;red_pepper",
"annual","Dates: pilot-year clock (no transition exclusion)","ln_area","-10","-0.14136691103425159","0.09657117178801548","-0.3282009544916223","0.045467132423119117","0.1386","0.09553304100611673","0.1432315381018059","7","22","26","29","soybean;onion;sweet_potato;corn;garlic;spring_potato;red_pepper",
"annual","Dates: pilot-year clock (no transition exclusion)","ln_area","-9","-0.16402839275459122","0.09913222106199776","-0.35320358300725807","0.025146797498075663","0.0928","0.09718418935109766","0.09799702347609252","7","22","26","29","soybean;onion;sweet_potato;corn;garlic;spring_potato;red_pepper",
"annual","Dates: pilot-year clock (no transition exclusion)","ln_area","-8","-0.16803470824682668","0.11995318437044267","-0.39365457433958795","0.0575851578459346","0.1652","0.11743070963968928","0.1612631972538825","7","22","28","29","soybean;onion;sweet_potato;corn;garlic;spring_potato;red_pepper",
"annual","Dates: pilot-year clock (no transition exclusion)","ln_area","-7","-0.1681935166162636","0.0824971445108893","-0.3246899787583113","-0.011697054474215957","0.0342","0.08143171053222686","0.04147200337539436","7","22","28","29","soybean;onion;sweet_potato;corn;garlic;spring_potato;red_pepper",
"annual","Dates: pilot-year clock (no transition exclusion)","ln_area","-6","-0.16250734933897112","0.07779821563798302","-0.30897574039425857","-0.01603895828368368","0.0255","0.07710139291863652","0.03672291013306861","7","22","28","29","soybean;onion;sweet_potato;corn;garlic;spring_potato;red_pepper",
"annual","Dates: pilot-year clock (no transition exclusion)","ln_area","-5","-0.10194656407164567","0.05400572889484317","-0.20580524988853038","0.0019121217452390538","0.0556","0.0534409565088023","0.0590663616440108","7","22","28","29","soybean;onion;sweet_potato;corn;garlic;spring_potato;red_pepper",
"annual","Dates: pilot-year clock (no transition exclusion)","ln_area","-4","-0.04430918580843326","0.048624409080916996","-0.13546221832644031","0.04684384670957379","0.3751","0.04768033713907772","0.3621615734008341","7","22","28","29","soybean;onion;sweet_potato;corn;garlic;spring_potato;red_pepper",
"annual","Dates: pilot-year clock (no transition exclusion)","ln_area","-3","0.026765181039250747","0.07978463428677227","-0.12408405225532187","0.17761441433382336","0.7516","0.0780941813934108","0.7372721806084934","7","22","28","29","soybean;onion;sweet_potato;corn;garlic;spring_potato;red_pepper",
"annual","Dates: pilot-year clock (no transition exclusion)","ln_area","-2","0.06098118327224711","0.04099345566310174","-0.017212862152691286","0.13917522869718552","0.1343","0.04030065259824428","0.13686079954988672","7","22","28","29","soybean;onion;sweet_potato;corn;garlic;spring_potato;red_pepper",
"annual","Dates: pilot-year clock (no transition exclusion)","ln_area","0","-0.03185443891345737","0.06135036702920801","-0.147325802321355","0.08361692449444028","0.6181","0.06057102311741166","0.6036061818110352","7","22","26","29","soybean;onion;sweet_potato;corn;garlic;spring_potato;red_pepper",
"annual","Dates: pilot-year clock (no transition exclusion)","ln_area","1","-0.026038820365176248","0.09858165927594861","-0.20801314505946122","0.15593550432910874","0.7933","0.09727197243152882","0.7916762563385347","7","22","23","29","soybean;onion;sweet_potato;corn;garlic;spring_potato;red_pepper",
"annual","Dates: pilot-year clock (no transition exclusion)","ln_area","2","0.020087798598106082","0.12245489316137621","-0.21127615580297757","0.25145175299918976","0.8774","0.12070589349717095","0.8696977396047509","7","22","22","29","soybean;onion;sweet_potato;corn;garlic;spring_potato;red_pepper",
"annual","Dates: pilot-year clock (no transition exclusion)","ln_area","3","0.11935421212517738","0.1338875529015709","-0.1340940722435104","0.37280249649386515","0.3816","0.13198083875455766","0.3726871908697209","7","22","22","29","soybean;onion;sweet_potato;corn;garlic;spring_potato;red_pepper",
"annual","Dates: pilot-year clock (no transition exclusion)","ln_area","4","0.11577121539479096","0.1237085725879523","-0.118346933545763","0.3498893643353449","0.3618","0.12225258952322704","0.3493564688935047","7","22","22","29","soybean;onion;sweet_potato;corn;garlic;spring_potato;red_pepper",
"annual","Dates: pilot-year clock (no transition exclusion)","ln_area","5","0.11099819457193252","0.14461002608011253","-0.16631770881796817","0.38831409796183325","0.4533","0.14383477990703927","0.44274319725496936","7","22","22","29","soybean;onion;sweet_potato;corn;garlic;spring_potato;red_pepper",
"annual","Dates: pilot-year clock (no transition exclusion)","ln_area","6","-0.012698225386705154","0.13292709974175607","-0.26827016571130735","0.24287371493789703","0.9251","0.13238162355787686","0.9238956578910218","7","22","22","29","soybean;onion;sweet_potato;corn;garlic;spring_potato;red_pepper",
"annual","Dates: pilot-year clock (no transition exclusion)","ln_area","7","-0.002238249252693836","0.14600539499784243","-0.28377628270805105","0.2792997842026634","0.988","0.14509948113003146","0.9877689822607145","7","20","22","29","soybean;onion;sweet_potato;corn;garlic;spring_potato;red_pepper",
"annual","Dates: pilot-year clock (no transition exclusion)","ln_area","8","0.0014056596767998697","0.1474695757117457","-0.28632212988092076","0.28913344923452056","0.9925","0.14625690439176078","0.9923947894656557","7","20","22","29","soybean;onion;sweet_potato;corn;garlic;spring_potato;red_pepper",
"annual","Dates: pilot-year clock (no transition exclusion)","ln_area","9","0.05006789375417507","0.16568976529914164","-0.2680137824816089","0.36814956998995907","0.7708","0.16389681407013568","0.7625159516548692","7","15","20","27","soybean;onion;sweet_potato;corn;garlic;spring_potato;red_pepper",
"annual","Controls: excl. other pulses","ln_area","-12","-0.23288281250186776","0.1208154536303133","-0.4590141489422836","-0.006751476061451933","0.0416","0.11815986730210938","0.05390598683386827","7","21","27","28","soybean;onion;sweet_potato;corn;garlic;spring_potato;red_pepper",
"annual","Controls: excl. other pulses","ln_area","-11","-0.13981806013751494","0.07766108659130544","-0.2872258407617695","0.007589720486739587","0.0627","0.07610247291123547","0.07180351529964546","7","21","27","28","soybean;onion;sweet_potato;corn;garlic;spring_potato;red_pepper",
"annual","Controls: excl. other pulses","ln_area","-10","-0.15048956308835082","0.07336419061383301","-0.2852917497833857","-0.015687376393315938","0.0245","0.07170391744181888","0.04024092589568928","7","21","27","28","soybean;onion;sweet_potato;corn;garlic;spring_potato;red_pepper",
"annual","Controls: excl. other pulses","ln_area","-9","-0.12662486153202446","0.06429684704788986","-0.245975246704505","-0.007274476359543938","0.0347","0.0631211765679179","0.04890958329067896","7","21","27","28","soybean;onion;sweet_potato;corn;garlic;spring_potato;red_pepper",
"annual","Controls: excl. other pulses","ln_area","-8","0.002562923433933925","0.08550382355764694","-0.15442664876214557","0.1595524956300134","0.9772","0.08421561460749621","0.9760874919865048","6","21","27","28","soybean;onion;sweet_potato;corn;garlic;spring_potato",
"annual","Controls: excl. other pulses","ln_area","-7","-0.006525796899748609","0.07801154041656137","-0.15132945126419486","0.13827785746469765","0.9365","0.07662165838588418","0.9333333712565666","6","21","27","28","soybean;onion;sweet_potato;corn;garlic;spring_potato",
"annual","Controls: excl. other pulses","ln_area","-6","0.03277258047530532","0.045743369954346226","-0.05397398312158834","0.11951914407219898","0.4881","0.0449250239478392","0.47371699774523934","5","21","27","28","soybean;onion;sweet_potato;corn;garlic",
"annual","Controls: excl. other pulses","ln_area","-5","0.1128476087796534","0.08185205665588682","-0.017321491466901026","0.2430167090262078","0.1366","0.08018285439843895","0.16799413458814505","2","21","24","25","onion;garlic",
"annual","Controls: excl. other pulses","ln_area","0","0.13390718588576397","0.15080988291057434","-0.15729218524933528","0.4251065570208632","0.3754","0.14861916511200646","0.374583519380983","7","21","21","28","soybean;onion;sweet_potato;corn;garlic;spring_potato;red_pepper",
"annual","Controls: excl. other pulses","ln_area","1","0.040825108245060054","0.13728501815077612","-0.22405510418796185","0.305705320678082","0.7678","0.1349144441909706","0.7661803615646954","7","21","21","28","soybean;onion;sweet_potato;corn;garlic;spring_potato;red_pepper",
"annual","Controls: excl. other pulses","ln_area","2","0.00355536995889829","0.15535590700390825","-0.29362380539384464","0.3007345453116412","0.981","0.15249263698343246","0.9817417486647704","7","19","21","28","soybean;onion;sweet_potato;corn;garlic;spring_potato;red_pepper",
"annual","Controls: excl. other pulses","ln_area","3","-0.03866009298020715","0.15454089160256873","-0.3340975724061083","0.256777386445694","0.8","0.15148416191442365","0.8024628990694362","7","19","21","28","soybean;onion;sweet_potato;corn;garlic;spring_potato;red_pepper",
"annual","Controls: excl. other pulses","ln_area","4","0.021137693478722533","0.137165035038443","-0.23914254062534807","0.2814179275827931","0.8774","0.1346913977815437","0.8775276601500699","7","14","21","28","soybean;onion;sweet_potato;corn;garlic;spring_potato;red_pepper",
"annual","Controls: excl. other pulses","ln_area","5","0.054594477202535525","0.13270791754277725","-0.1938633348116865","0.30305228921675753","0.6845","0.12979363052798998","0.6807878725293266","7","13","19","26","soybean;onion;sweet_potato;corn;garlic;spring_potato;red_pepper",
"annual","Controls: excl. other pulses","ln_area","6","0.18395502833974003","0.16731438624184927","-0.12997471202068211","0.4978847687001622","0.2717","0.16332848558768315","0.27156863622178307","7","10","19","26","soybean;onion;sweet_potato;corn;garlic;spring_potato;red_pepper",
"annual","Controls: excl. other pulses","ln_area","7","0.1925202303598108","0.1672922216340374","-0.1207475154819369","0.5057879762015585","0.246","0.16248511882429806","0.2498136843051546","7","9","14","21","soybean;onion;sweet_potato;corn;garlic;spring_potato;red_pepper",
"annual","Controls: excl. other pulses","ln_area","8","0.05766252281988264","0.1747523462375425","-0.27283430767135775","0.38815935331112306","0.744","0.1703023006707258","0.7414248305591462","7","9","13","20","soybean;onion;sweet_potato;corn;garlic;spring_potato;red_pepper",
"annual","Controls: excl. other pulses","ln_area","9","0.009593129014202867","0.19354132566867363","-0.3512124262831319","0.37039868431153755","0.9632","0.1870137040018871","0.9604679957075408","7","7","10","17","soybean;onion;sweet_potato;corn;garlic;spring_potato;red_pepper",
"annual","Controls: excl. likely spillover (leaf lettuce, spinach, malting barley)","ln_area","-12","-0.22508441014023362","0.12114062952363608","-0.4502981247608331","0.00012930448036585496","0.0507","0.11824277327359767","0.06316301202560348","7","19","25","26","soybean;onion;sweet_potato;corn;garlic;spring_potato;red_pepper",
"annual","Controls: excl. likely spillover (leaf lettuce, spinach, malting barley)","ln_area","-11","-0.13650275671165438","0.07867432727623178","-0.2853022962170515","0.012296782793742717","0.0746","0.0766356352608037","0.0827345041012868","7","19","25","26","soybean;onion;sweet_potato;corn;garlic;spring_potato;red_pepper",
"annual","Controls: excl. likely spillover (leaf lettuce, spinach, malting barley)","ln_area","-10","-0.14207670568382436","0.0709090350105172","-0.2742580868059838","-0.00989532456166492","0.0351","0.06965342674296174","0.04510784141935176","7","19","25","26","soybean;onion;sweet_potato;corn;garlic;spring_potato;red_pepper",
"annual","Controls: excl. likely spillover (leaf lettuce, spinach, malting barley)","ln_area","-9","-0.11204731519898664","0.0613009117431768","-0.22579883669212072","0.0017042062941474423","0.0547","0.05964638487501374","0.06757587824468891","7","19","25","26","soybean;onion;sweet_potato;corn;garlic;spring_potato;red_pepper",
"annual","Controls: excl. likely spillover (leaf lettuce, spinach, malting barley)","ln_area","-8","0.014576228732031155","0.08583917034538757","-0.14176636925938432","0.17091882672344663","0.8737","0.08424952281909678","0.865160668920808","6","19","25","26","soybean;onion;sweet_potato;corn;garlic;spring_potato",
"annual","Controls: excl. likely spillover (leaf lettuce, spinach, malting barley)","ln_area","-7","0.012459925833740268","0.07635591598147198","-0.13137112306511672","0.1562909747325973","0.8736","0.07472358139189764","0.8703749860452681","6","19","25","26","soybean;onion;sweet_potato;corn;garlic;spring_potato",
"annual","Controls: excl. likely spillover (leaf lettuce, spinach, malting barley)","ln_area","-6","0.04403897020120161","0.04824700548435967","-0.045842284938091934","0.13392022534049514","0.3774","0.04713564742232799","0.36135751182330367","5","19","25","26","soybean;onion;sweet_potato;corn;garlic",
"annual","Controls: excl. likely spillover (leaf lettuce, spinach, malting barley)","ln_area","-5","0.12093900912101495","0.0853627497033164","-0.018801138976827628","0.26067915721885754","0.1264","0.08331576365826937","0.15655146409969634","2","19","22","23","onion;garlic",
"annual","Controls: excl. likely spillover (leaf lettuce, spinach, malting barley)","ln_area","0","0.0373251289005077","0.13341502721275375","-0.2175290748339757","0.29217933263499113","0.7875","0.13130278405102877","0.779656231095528","7","19","19","26","soybean;onion;sweet_potato;corn;garlic;spring_potato;red_pepper",
"annual","Controls: excl. likely spillover (leaf lettuce, spinach, malting barley)","ln_area","1","-0.04781836403992561","0.12735868723458574","-0.2904725410263453","0.1948358129464941","0.7054","0.12533142348160312","0.7073168053248287","7","19","19","26","soybean;onion;sweet_potato;corn;garlic;spring_potato;red_pepper",
"annual","Controls: excl. likely spillover (leaf lettuce, spinach, malting barley)","ln_area","2","-0.06474665849055791","0.15455317461747844","-0.3606067341161827","0.23111341713506686","0.6742","0.1523771421038776","0.6752687239366348","7","17","19","26","soybean;onion;sweet_potato;corn;garlic;spring_potato;red_pepper",
"annual","Controls: excl. likely spillover (leaf lettuce, spinach, malting barley)","ln_area","3","-0.10526317584318728","0.15807784018427679","-0.40841847522615776","0.1978921235397832","0.5049","0.15576833021909925","0.5054784897755176","7","17","19","26","soybean;onion;sweet_potato;corn;garlic;spring_potato;red_pepper",
"annual","Controls: excl. likely spillover (leaf lettuce, spinach, malting barley)","ln_area","4","-0.06073843693856475","0.13798065586280242","-0.3220578944008377","0.20058102052370824","0.6589","0.1346041262820746","0.6597956596469785","7","12","19","26","soybean;onion;sweet_potato;corn;garlic;spring_potato;red_pepper",
"annual","Controls: excl. likely spillover (leaf lettuce, spinach, malting barley)","ln_area","5","-0.01932615589690756","0.13544373407339097","-0.2778181648978917","0.23916585310407656","0.8839","0.1321620120619594","0.8865368254448354","7","11","17","24","soybean;onion;sweet_potato;corn;garlic;spring_potato;red_pepper",
"annual","Controls: excl. likely spillover (leaf lettuce, spinach, malting barley)","ln_area","6","0.11627177173287251","0.17258880204731133","-0.21282567329170932","0.44536921675745433","0.5008","0.16876078545137868","0.5005068671469877","7","10","17","24","soybean;onion;sweet_potato;corn;garlic;spring_potato;red_pepper",
"annual","Controls: excl. likely spillover (leaf lettuce, spinach, malting barley)","ln_area","7","0.10950794901628427","0.17437429580550018","-0.22023605458852744","0.43925195262109595","0.5292","0.1701539134728598","0.5300005917425081","7","9","12","19","soybean;onion;sweet_potato;corn;garlic;spring_potato;red_pepper",
"annual","Controls: excl. likely spillover (leaf lettuce, spinach, malting barley)","ln_area","8","0.0073768402097735275","0.17719508134443715","-0.3223944390361146","0.33714811945566164","0.9656","0.17281384254889348","0.9667927172613804","7","9","11","18","soybean;onion;sweet_potato;corn;garlic;spring_potato;red_pepper",
"annual","Controls: excl. likely spillover (leaf lettuce, spinach, malting barley)","ln_area","9","-0.02170845914802702","0.1905919251429145","-0.3831064601585915","0.3396895418625375","0.9077","0.1849896244334653","0.9093169038788378","7","7","10","17","soybean;onion;sweet_potato;corn;garlic;spring_potato;red_pepper",
"annual","Controls: field crops only","ln_area","-12","-0.1422700086871539","0.14073125443490478","-0.40338429391261643","0.11884427653830865","0.32","0.13655680567085796","0.31204802402041","7","8","14","15","soybean;onion;sweet_potato;corn;garlic;spring_potato;red_pepper",
"annual","Controls: field crops only","ln_area","-11","-0.10509119484163358","0.09677635059626266","-0.2876564083252242","0.07747401864195706","0.2769","0.09431867967589579","0.27751520964099874","7","8","14","15","soybean;onion;sweet_potato;corn;garlic;spring_potato;red_pepper",
"annual","Controls: field crops only","ln_area","-10","-0.10986046394000387","0.06135301836428074","-0.2241946168785308","0.0044736889985230455","0.0604","0.05937056056624711","0.07335292859884723","7","8","14","15","soybean;onion;sweet_potato;corn;garlic;spring_potato;red_pepper",
"annual","Controls: field crops only","ln_area","-9","-0.05039634787006983","0.05676234794340401","-0.15689154472014938","0.056098848980009705","0.3656","0.05418447104476806","0.37462241709742483","7","8","14","15","soybean;onion;sweet_potato;corn;garlic;spring_potato;red_pepper",
"annual","Controls: field crops only","ln_area","-8","0.06402122597035567","0.08652508557810078","-0.09026802759254621","0.21831047953325755","0.4912","0.08312681367539813","0.45935145097819596","6","8","14","15","soybean;onion;sweet_potato;corn;garlic;spring_potato",
"annual","Controls: field crops only","ln_area","-7","0.09985906659873041","0.0793195989924032","-0.048845167580659585","0.2485633007781204","0.2054","0.07680280936785747","0.2080499522707826","6","8","14","15","soybean;onion;sweet_potato;corn;garlic;spring_potato",
"annual","Controls: field crops only","ln_area","-6","0.08486682387765448","0.07318180261792272","-0.04835858646314828","0.21809223421845725","0.2712","0.07135032276167971","0.24618272790779394","5","8","14","15","soybean;onion;sweet_potato;corn;garlic",
"annual","Controls: field crops only","ln_area","-5","0.16078540490922333","0.10361906068707577","-0.028323944919102007","0.34989475473754866","0.1181","0.09911521072493773","0.1207346962820941","2","8","11","12","onion;garlic",
"annual","Controls: field crops only","ln_area","0","0.08440312239670963","0.2921162812863373","-0.4526800683503488","0.6214863131437681","0.7773","0.2835299753585949","0.77262979723557","7","8","8","15","soybean;onion;sweet_potato;corn;garlic;spring_potato;red_pepper",
"annual","Controls: field crops only","ln_area","1","-0.07648283010063345","0.2582600603691687","-0.5533002678113894","0.4003346076101226","0.7735","0.2509751628457929","0.7671181532516698","7","8","8","15","soybean;onion;sweet_potato;corn;garlic;spring_potato;red_pepper",
"annual","Controls: field crops only","ln_area","2","-0.13227328109200687","0.23356960308126698","-0.5677682801451964","0.3032217179611827","0.5889","0.22799124652118566","0.5711816693304483","7","7","8","15","soybean;onion;sweet_potato;corn;garlic;spring_potato;red_pepper",
"annual","Controls: field crops only","ln_area","3","-0.21325299366622089","0.22270800257963724","-0.6259282312131204","0.1994222438806786","0.3536","0.21733559489775167","0.3382921101425065","7","7","8","15","soybean;onion;sweet_potato;corn;garlic;spring_potato;red_pepper",
"annual","Controls: field crops only","ln_area","4","-0.09576688711238796","0.2028656691954473","-0.47158436644756757","0.28005059222279166","0.6338","0.19556759398201712","0.63687650600009","7","7","8","15","soybean;onion;sweet_potato;corn;garlic;spring_potato;red_pepper",
"annual","Controls: field crops only","ln_area","5","-0.007976848348034332","0.17627368569955687","-0.33286876234731233","0.3169150656512436","0.9629","0.16790615675996726","0.9639059423850236","7","6","7","14","soybean;onion;sweet_potato;corn;garlic;spring_potato;red_pepper",
"annual","Controls: field crops only","ln_area","6","0.06245724726287516","0.18212736633254262","-0.27539592775044636","0.4003104222761967","0.7301","0.1740778549078179","0.7316498434372756","7","4","7","14","soybean;onion;sweet_potato;corn;garlic;spring_potato;red_pepper",
"annual","Controls: field crops only","ln_area","7","0.08836425457812544","0.2016174642461631","-0.2882358614037004","0.4649643705599513","0.6542","0.19286999557963747","0.6611856505272173","7","4","7","14","soybean;onion;sweet_potato;corn;garlic;spring_potato;red_pepper",
"annual","Controls: field crops only","ln_area","8","-0.04225481821371216","0.20767696046108192","-0.42934433490192814","0.3448346984745039","0.8431","0.19915152552982338","0.8387722563058084","7","4","6","13","soybean;onion;sweet_potato;corn;garlic;spring_potato;red_pepper",
"annual","Controls: field crops only","ln_area","9","-0.2071774289795707","0.20406152829058977","-0.5790660208649163","0.16471116290577492","0.3027","0.1943901462849036","0.3099774183158903","7","4","4","11","soybean;onion;sweet_potato;corn;garlic;spring_potato;red_pepper",
"annual","Controls: excl. uncertain seasonal forms","ln_area","-12","-0.15629986830231687","0.11952375922627702","-0.38062200158488474","0.06802226498025099","0.1898","0.11667314731303369","0.1909789205155592","7","13","19","20","soybean;onion;sweet_potato;corn;garlic;spring_potato;red_pepper",
"annual","Controls: excl. uncertain seasonal forms","ln_area","-11","-0.12421516986223659","0.08629007408427458","-0.2859387753606194","0.03750843563614621","0.1444","0.08384863036751854","0.15000691437105917","7","13","19","20","soybean;onion;sweet_potato;corn;garlic;spring_potato;red_pepper",
"annual","Controls: excl. uncertain seasonal forms","ln_area","-10","-0.1288567485301707","0.0687813857631229","-0.25489681751399546","-0.002816679546345957","0.045","0.06602722980574577","0.061009758763394206","7","13","19","20","soybean;onion;sweet_potato;corn;garlic;spring_potato;red_pepper",
"annual","Controls: excl. uncertain seasonal forms","ln_area","-9","-0.08187195231415635","0.06098100657763501","-0.19393149785294062","0.0301875932246279","0.1698","0.058613859087689395","0.179407624821891","7","13","19","20","soybean;onion;sweet_potato;corn;garlic;spring_potato;red_pepper",
"annual","Controls: excl. uncertain seasonal forms","ln_area","-8","0.021146102242143472","0.0906674490104193","-0.14247917068116936","0.1847713751654563","0.8262","0.08752715602955356","0.8155850971377894","6","13","19","20","soybean;onion;sweet_potato;corn;garlic;spring_potato",
"annual","Controls: excl. uncertain seasonal forms","ln_area","-7","0.03556614984144281","0.08079261598923312","-0.11560854534672431","0.18674084502960991","0.6628","0.07816355691589348","0.6597811421750452","6","13","19","20","soybean;onion;sweet_potato;corn;garlic;spring_potato",
"annual","Controls: excl. uncertain seasonal forms","ln_area","-6","0.04142550813007703","0.06148774071406189","-0.0727015385913181","0.15555255485147218","0.5146","0.059705939808102036","0.5004894738531722","5","13","19","20","soybean;onion;sweet_potato;corn;garlic",
"annual","Controls: excl. uncertain seasonal forms","ln_area","-5","0.1347572868709676","0.08356201157103783","-0.019479445948965807","0.288994019690901","0.1059","0.08144311540766012","0.10681794451815962","2","13","16","17","onion;garlic",
"annual","Controls: excl. uncertain seasonal forms","ln_area","0","0.07374439107679169","0.20771363704560214","-0.31099103846547593","0.45847982061905934","0.7197","0.1979567092363627","0.7225677711264784","7","13","13","20","soybean;onion;sweet_potato;corn;garlic;spring_potato;red_pepper",
"annual","Controls: excl. uncertain seasonal forms","ln_area","1","-0.08901667296766196","0.18483403847312277","-0.4343487343958444","0.2563153884605205","0.6238","0.17659675896342644","0.6300878195921413","7","13","13","20","soybean;onion;sweet_potato;corn;garlic;spring_potato;red_pepper",
"annual","Controls: excl. uncertain seasonal forms","ln_area","2","-0.1526137975805807","0.17080525683305942","-0.47213329909867935","0.16690570393751797","0.3655","0.16440499499258418","0.37159166395985954","7","11","13","20","soybean;onion;sweet_potato;corn;garlic;spring_potato;red_pepper",
"annual","Controls: excl. uncertain seasonal forms","ln_area","3","-0.23113853709371757","0.16445904028652966","-0.5425994878389069","0.08032241365147169","0.149","0.1592540903470496","0.15988826839166226","7","11","13","20","soybean;onion;sweet_potato;corn;garlic;spring_potato;red_pepper",
"annual","Controls: excl. uncertain seasonal forms","ln_area","4","-0.1174095207347234","0.16925304991651488","-0.4345616052548218","0.19974256378537503","0.4855","0.16352028518452505","0.4878752579466932","7","11","13","20","soybean;onion;sweet_potato;corn;garlic;spring_potato;red_pepper",
"annual","Controls: excl. uncertain seasonal forms","ln_area","5","-0.03537542173300777","0.15568646650594706","-0.3267781635569513","0.2560273200909357","0.8184","0.14995699571740748","0.820250964508777","7","10","11","18","soybean;onion;sweet_potato;corn;garlic;spring_potato;red_pepper",
"annual","Controls: excl. uncertain seasonal forms","ln_area","6","0.040075103904388634","0.17145877205822668","-0.2805928280827062","0.36074303589148343","0.8256","0.1650643208276981","0.8151943918404161","7","7","11","18","soybean;onion;sweet_potato;corn;garlic;spring_potato;red_pepper",
"annual","Controls: excl. uncertain seasonal forms","ln_area","7","0.032207599289102565","0.17209789590044888","-0.2905510187647396","0.3549662173429447","0.8556","0.16593365833093596","0.8515454040868853","7","7","11","18","soybean;onion;sweet_potato;corn;garlic;spring_potato;red_pepper",
"annual","Controls: excl. uncertain seasonal forms","ln_area","8","-0.12756234994130178","0.1793283856739675","-0.45977045710409814","0.20464575722149458","0.4818","0.17378182177808799","0.47687738379079514","7","7","10","17","soybean;onion;sweet_potato;corn;garlic;spring_potato;red_pepper",
"annual","Controls: excl. uncertain seasonal forms","ln_area","9","-0.2137099909917306","0.16953084305118485","-0.5291437354406835","0.10172375345722229","0.1931","0.1628557963536284","0.2074542526487213","7","7","7","14","soybean;onion;sweet_potato;corn;garlic;spring_potato;red_pepper",
"annual","Leave out cohort 2012","ln_area","-12","-0.277614558622324","0.16668128181079442","-0.577047991560955","0.021818874316307024","0.085","0.16360216900033697","0.09580481131710483","5","22","26","27","sweet_potato;corn;garlic;spring_potato;red_pepper",
"annual","Leave out cohort 2012","ln_area","-11","-0.16396999385935548","0.10670645417646488","-0.35103239014420695","0.02309240242549601","0.1115","0.10483732240844999","0.12438014113118934","5","22","26","27","sweet_potato;corn;garlic;spring_potato;red_pepper",
"annual","Leave out cohort 2012","ln_area","-10","-0.16048917601693402","0.1062657692837554","-0.3519236952299307","0.030945343196062708","0.1275","0.10452524048443179","0.1309765292886509","5","22","26","27","sweet_potato;corn;garlic;spring_potato;red_pepper",
"annual","Leave out cohort 2012","ln_area","-9","-0.09897478223775522","0.0676057135813416","-0.22259764291984896","0.024648078444338542","0.137","0.06658578951601797","0.14319387739911416","5","22","26","27","sweet_potato;corn;garlic;spring_potato;red_pepper",
"annual","Leave out cohort 2012","ln_area","-8","0.03170112562339929","0.12548979615326764","-0.19616443909999792","0.2595666903467965","0.8186","0.1226788616541631","0.8005625304278818","4","22","26","27","sweet_potato;corn;garlic;spring_potato",
"annual","Leave out cohort 2012","ln_area","-7","-0.09188589345691585","0.0983021542375733","-0.2679383049303244","0.0841665180164927","0.3955","0.0962482652137266","0.34992787738100706","4","22","26","27","sweet_potato;corn;garlic;spring_potato",
"annual","Leave out cohort 2012","ln_area","-6","0.02082959928592787","0.054325350226783524","-0.08242093120913338","0.12408012978098912","0.7136","0.053442227130135626","0.701406008832596","3","22","24","25","sweet_potato;corn;garlic",
"annual","Leave out cohort 2012","ln_area","-5","0.07983694954906945","0.06357712383082721","-0.032839635161118","0.19251353425925688","0.2417","0.062300564328521865","0.20920676006083339","1","22","22","23","garlic",
"annual","Leave out cohort 2012","ln_area","0","0.05927302819023465","0.1667212335300959","-0.2547548966654125","0.37330095304588184","0.7375","0.16433703326796575","0.7221987380177266","5","22","22","27","sweet_potato;corn;garlic;spring_potato;red_pepper",
"annual","Leave out cohort 2012","ln_area","1","-0.036505519278589124","0.14929660070230893","-0.32027550278689493","0.24726446422971665","0.8099","0.1467149902126598","0.8068306326031078","5","22","22","27","sweet_potato;corn;garlic;spring_potato;red_pepper",
"annual","Leave out cohort 2012","ln_area","2","-0.12115695580070565","0.1485198816818575","-0.40189232765476646","0.15957841605335518","0.4165","0.14570442479400003","0.41463596245669176","5","20","22","27","sweet_potato;corn;garlic;spring_potato;red_pepper",
"annual","Leave out cohort 2012","ln_area","3","-0.07101814576772683","0.16948318258157302","-0.3925063097891759","0.2504700182537223","0.6817","0.16613122019054916","0.6751958988536353","5","20","22","27","sweet_potato;corn;garlic;spring_potato;red_pepper",
"annual","Leave out cohort 2012","ln_area","4","0.017589048594820175","0.13006119703817853","-0.23062121367259297","0.26579931086223335","0.8904","0.12848171242534698","0.8924247220352242","5","15","20","25","sweet_potato;corn;garlic;spring_potato;red_pepper",
"annual","Leave out cohort 2012","ln_area","5","0.06300990029323082","0.1274288172017696","-0.1791276050307416","0.30514740561720327","0.6345","0.12608187445447108","0.6209733294215232","5","14","20","25","sweet_potato;corn;garlic;spring_potato;red_pepper",
"annual","Leave out cohort 2012","ln_area","6","0.15481374909646084","0.1686221592338573","-0.16329603528747105","0.47292353348039273","0.3686","0.1658349571281918","0.3585610984741865","5","11","15","20","sweet_potato;corn;garlic;spring_potato;red_pepper",
"annual","Leave out cohort 2012","ln_area","7","0.1352065812569389","0.18315463845598365","-0.20907982526398966","0.4794929877778675","0.4705","0.17936009348720272","0.46038686163727194","5","10","14","19","sweet_potato;corn;garlic;spring_potato;red_pepper",
"annual","Leave out cohort 2012","ln_area","8","0.02820776909875558","0.1969647037361951","-0.34154464266711726","0.39796018086462837","0.8918","0.19115605419253331","0.8861225125205778","5","10","11","16","sweet_potato;corn;garlic;spring_potato;red_pepper",
"annual","Leave out cohort 2012","ln_area","9","-0.05555460862523945","0.1989365540014431","-0.42954646666994156","0.3184372494194627","0.7822","0.19280331863263953","0.7800468957810864","5","8","10","15","sweet_potato;corn;garlic;spring_potato;red_pepper",
"annual","Leave out cohort 2013","ln_area","-12","-0.1488060861143557","0.092927215887998","-0.32686165472291395","0.029249482494202533","0.1108","0.09165549553656181","0.10930635505756126","3","22","24","25","soybean;onion;red_pepper",
"annual","Leave out cohort 2013","ln_area","-11","-0.12409742564391181","0.10016726883617182","-0.2948544779536324","0.046659626665808765","0.2279","0.09882139538343884","0.2153818079155707","3","22","24","25","soybean;onion;red_pepper",
"annual","Leave out cohort 2013","ln_area","-10","-0.1172999889255717","0.09814169707200339","-0.29450581892645067","0.05990584107530725","0.2673","0.09649874035788565","0.23200478882295128","3","22","24","25","soybean;onion;red_pepper",
"annual","Leave out cohort 2013","ln_area","-9","-0.19415575650009984","0.1286372696318795","-0.4024430412306478","0.014131528230448137","0.0837","0.1260442091214667","0.13121513437693277","3","22","24","25","soybean;onion;red_pepper",
"annual","Leave out cohort 2013","ln_area","-8","-0.07993838151522539","0.0759551040674193","-0.21711324710870392","0.05723648407825313","0.3177","0.07427913704193305","0.2925965668946551","2","22","24","25","soybean;onion",
"annual","Leave out cohort 2013","ln_area","-7","0.15219116065882804","0.136941340838829","-0.04885304281947847","0.3532353641371345","0.2875","0.13396548602564926","0.26641332172064547","2","22","24","25","soybean;onion",
"annual","Leave out cohort 2013","ln_area","-6","0.03730409666740739","0.07321066046437846","-0.0895016112398018","0.16410980457461657","0.7052","0.07189428417095615","0.6103705450113925","2","22","24","25","soybean;onion",
"annual","Leave out cohort 2013","ln_area","-5","0.1522844264726439","0.15075826162144118","-0.0635744244198703","0.36814327736515806","0.397","0.14713498980127285","0.31243624030735573","1","22","22","23","onion",
"annual","Leave out cohort 2013","ln_area","0","0.05051527445172481","0.22502613705083466","-0.36878411517374393","0.4698146640771936","0.8313","0.22024125305012127","0.8223789620875968","3","22","22","25","soybean;onion;red_pepper",
"annual","Leave out cohort 2013","ln_area","1","-0.035150183015658545","0.21294005986197198","-0.43240096638931413","0.36210060035799707","0.8779","0.2086380760761698","0.8688882670725022","3","22","22","25","soybean;onion;red_pepper",
"annual","Leave out cohort 2013","ln_area","2","-0.00034011668188085875","0.26730550623431326","-0.4783174799645975","0.47763724660083573","0.9987","0.2618132627683911","0.9989847804486234","3","20","22","25","soybean;onion;red_pepper",
"annual","Leave out cohort 2013","ln_area","3","-0.18000076265505216","0.20554436795407488","-0.5535956488953206","0.19359412358521638","0.4143","0.20130793508685726","0.38117843726548717","3","20","22","25","soybean;onion;red_pepper",
"annual","Leave out cohort 2013","ln_area","4","-0.13174932871214262","0.21844094255683622","-0.523588347229754","0.2600896898054687","0.5926","0.21402997403208565","0.5464190341827044","3","15","22","25","soybean;onion;red_pepper",
"annual","Leave out cohort 2013","ln_area","5","-0.11662449390827556","0.22021633268843674","-0.507190472334609","0.2739414845180579","0.6459","0.21464830553344233","0.5963958315318987","3","14","20","23","soybean;onion;red_pepper",
"annual","Leave out cohort 2013","ln_area","6","0.025425467340128516","0.27779608311230414","-0.4624668252447826","0.5133177599250396","0.9394","0.27061258802368676","0.9270749252552506","3","11","20","23","soybean;onion;red_pepper",
"annual","Leave out cohort 2013","ln_area","7","0.020938559605458512","0.2647622891954899","-0.4516517743855867","0.49352889359650365","0.9328","0.2571650671988213","0.9369655132077663","3","10","15","18","soybean;onion;red_pepper",
"annual","Leave out cohort 2013","ln_area","8","-0.12542959598919198","0.19833340946310168","-0.49371753895293613","0.2428583469745522","0.5346","0.1918067985336834","0.52711384803542","3","10","14","17","soybean;onion;red_pepper",
"annual","Leave out cohort 2013","ln_area","9","-0.12637274973270532","0.2668786460136081","-0.6080802422923571","0.35533474282694644","0.6422","0.2562808845250133","0.6358412379982776","3","8","11","14","soybean;onion;red_pepper",
"annual","Leave out cohort 2015","ln_area","-12","-0.2592311672346258","0.1433148496436197","-0.5271276644876033","0.00866533001835168","0.0608","0.14142759318954168","0.07047853737640164","6","22","27","28","soybean;onion;sweet_potato;corn;garlic;spring_potato",
"annual","Leave out cohort 2015","ln_area","-11","-0.17007922269109266","0.09403922462470643","-0.34452485018664103","0.004366404804455687","0.0597","0.0925751625429935","0.07051336517828455","6","22","27","28","soybean;onion;sweet_potato;corn;garlic;spring_potato",
"annual","Leave out cohort 2015","ln_area","-10","-0.18903534339593148","0.08711806210445759","-0.3494789424652953","-0.028591744326567636","0.0167","0.08581144885551593","0.030016283307152225","6","22","27","28","soybean;onion;sweet_potato;corn;garlic;spring_potato",
"annual","Leave out cohort 2015","ln_area","-9","-0.14078139582698876","0.07593041240315831","-0.28036507455359827","-0.0011977171003792197","0.0476","0.07410032116207568","0.0637270810742625","6","22","27","28","soybean;onion;sweet_potato;corn;garlic;spring_potato",
"annual","Leave out cohort 2015","ln_area","-8","-0.00032157106864429824","0.08590967226068008","-0.15718014165986136","0.15653699952257275","0.9976","0.08417349077556822","0.997013421364886","6","22","27","28","soybean;onion;sweet_potato;corn;garlic;spring_potato",
"annual","Leave out cohort 2015","ln_area","-7","-0.007847556143127606","0.07835412302280113","-0.1555480728099469","0.1398529605236917","0.9252","0.0777052838260594","0.920221281731084","6","22","27","28","soybean;onion;sweet_potato;corn;garlic;spring_potato",
"annual","Leave out cohort 2015","ln_area","-6","0.03222851434932224","0.04464657057449068","-0.05174033186901544","0.11619736056765992","0.4897","0.043739142843907036","0.47038136975088074","5","22","27","28","soybean;onion;sweet_potato;corn;garlic",
"annual","Leave out cohort 2015","ln_area","-5","0.11645920916421232","0.08145019060053467","-0.014236613249415359","0.24715503157784","0.1136","0.07937660166405643","0.1527683432156648","2","22","25","26","onion;garlic",
"annual","Leave out cohort 2015","ln_area","0","0.21073246085301156","0.13253036138418448","-0.04558569181464195","0.46705061352066507","0.1136","0.1306045627240863","0.1118191818685248","6","22","22","28","soybean;onion;sweet_potato;corn;garlic;spring_potato",
"annual","Leave out cohort 2015","ln_area","1","0.11078729181660954","0.1135282605131463","-0.10850669701764445","0.3300812806508635","0.3303","0.11199885354795565","0.3291355775243816","6","22","22","28","soybean;onion;sweet_potato;corn;garlic;spring_potato",
"annual","Leave out cohort 2015","ln_area","2","0.07975744160903235","0.1420383797323564","-0.19329614726633437","0.3528110304843991","0.5866","0.1406850469131444","0.5744428571409914","6","22","22","28","soybean;onion;sweet_potato;corn;garlic;spring_potato",
"annual","Leave out cohort 2015","ln_area","3","0.024458483496115804","0.1469180288717768","-0.2572586754815976","0.30617564247382917","0.8658","0.1450880187577357","0.8677815240701245","6","22","22","28","soybean;onion;sweet_potato;corn;garlic;spring_potato",
"annual","Leave out cohort 2015","ln_area","4","0.060173795106076934","0.136323763848191","-0.1998614160187158","0.3202090062308697","0.6589","0.13324870050387674","0.6589208631266845","6","20","22","28","soybean;onion;sweet_potato;corn;garlic;spring_potato",
"annual","Leave out cohort 2015","ln_area","5","0.09608718368898309","0.12950164735967762","-0.1476708731577209","0.3398452405356871","0.4594","0.12595699402887375","0.45810155220200444","6","20","20","26","soybean;onion;sweet_potato;corn;garlic;spring_potato",
"annual","Leave out cohort 2015","ln_area","6","0.24060677180331597","0.1619004253553528","-0.0663009214083859","0.5475144650150179","0.13","0.1571575306199803","0.1372419736095165","6","15","20","26","soybean;onion;sweet_potato;corn;garlic;spring_potato",
"annual","Leave out cohort 2015","ln_area","7","0.2652901939441166","0.14287540816077537","-0.0058615123378430445","0.5364419002260763","0.056","0.1386827678236773","0.06334047433388967","6","14","15","21","soybean;onion;sweet_potato;corn;garlic;spring_potato",
"annual","Leave out cohort 2015","ln_area","8","0.12392207634542382","0.15178759601178923","-0.16240761547031132","0.41025176816115894","0.423","0.14797523765192722","0.41426129051044414","6","11","14","20","soybean;onion;sweet_potato;corn;garlic;spring_potato",
"annual","Leave out cohort 2015","ln_area","9","0.08246927089267565","0.166757821175597","-0.23059548591179435","0.39553402769714563","0.622","0.16125608078311765","0.6209212315089088","6","10","11","17","soybean;onion;sweet_potato;corn;garlic;spring_potato",
"annual","Leave out Soybean","ln_area","-12","-0.2529633082448219","0.14028386505652993","-0.5130706041172137","0.007143987627569903","0.0604","0.13782837719953245","0.07135295774329786","6","22","27","28","onion;sweet_potato;corn;garlic;spring_potato;red_pepper",
"annual","Leave out Soybean","ln_area","-11","-0.1357257525734586","0.08628704303654337","-0.29222317135723475","0.020771666210317535","0.1043","0.08470416618189665","0.1157289249313238","6","22","27","28","onion;sweet_potato;corn;garlic;spring_potato;red_pepper",
"annual","Leave out Soybean","ln_area","-10","-0.15788929339878827","0.08690174530365981","-0.317474949468741","0.0016963626711644642","0.0532","0.08573715346010538","0.06923681080077593","6","22","27","28","onion;sweet_potato;corn;garlic;spring_potato;red_pepper",
"annual","Leave out Soybean","ln_area","-9","-0.13886061704293898","0.07648642932334068","-0.28012322694521974","0.002401992859341784","0.0543","0.07514822899204099","0.06944810041420668","6","22","27","28","onion;sweet_potato;corn;garlic;spring_potato;red_pepper",
"annual","Leave out Soybean","ln_area","-8","0.0033705450078691315","0.10300098064561172","-0.18407512422934594","0.1908162142450842","0.9773","0.1009029146526954","0.973895142338369","5","22","27","28","onion;sweet_potato;corn;garlic;spring_potato",
"annual","Leave out Soybean","ln_area","-7","-0.06165898020732507","0.0781926510565981","-0.20344044442123652","0.08012248400658636","0.475","0.07698831077320799","0.43037382880023367","5","22","27","28","onion;sweet_potato;corn;garlic;spring_potato",
"annual","Leave out Soybean","ln_area","-6","0.00571321268901219","0.04437883500472353","-0.07825675917936238","0.08968318455738676","0.9023","0.04359019443084275","0.8975654967846789","4","22","25","26","onion;sweet_potato;corn;garlic",
"annual","Leave out Soybean","ln_area","-5","0.11645920916421232","0.0820809022111906","-0.01688529261642141","0.24980371094484605","0.1184","0.08033882462353496","0.15594729564587295","2","22","25","26","onion;garlic",
"annual","Leave out Soybean","ln_area","0","0.11774655578303726","0.16006589669210175","-0.18584920198223048","0.42134231354830504","0.4736","0.15769898619344688","0.4619662438370673","6","22","22","28","onion;sweet_potato;corn;garlic;spring_potato;red_pepper",
"annual","Leave out Soybean","ln_area","1","0.01925372648203997","0.14524169502011158","-0.2546156035518287","0.2931230565159087","0.894","0.14307938925330257","0.8945387144830959","6","22","22","28","onion;sweet_potato;corn;garlic;spring_potato;red_pepper",
"annual","Leave out Soybean","ln_area","2","-0.016527567862841992","0.16714492999368472","-0.33168097930749796","0.298625843581814","0.9251","0.16515436175599074","0.9212322320416291","6","20","22","28","onion;sweet_potato;corn;garlic;spring_potato;red_pepper",
"annual","Leave out Soybean","ln_area","3","-0.022095709215988024","0.16093060498499576","-0.3278972336175326","0.28370581518555654","0.8909","0.15862411368757115","0.890793979112388","6","20","22","28","onion;sweet_potato;corn;garlic;spring_potato;red_pepper",
"annual","Leave out Soybean","ln_area","4","0.0686092422659845","0.13009036386585482","-0.18145611811863402","0.318674602650603","0.5992","0.12876445266460082","0.5979180617653315","6","15","22","28","onion;sweet_potato;corn;garlic;spring_potato;red_pepper",
"annual","Leave out Soybean","ln_area","5","0.1113171295737134","0.1246630464358995","-0.12664605778107524","0.34928031692850203","0.3823","0.12370835847334186","0.3718871185938628","6","14","20","26","onion;sweet_potato;corn;garlic;spring_potato;red_pepper",
"annual","Leave out Soybean","ln_area","6","0.23892918515287326","0.16650999789588078","-0.07876950879855932","0.5566278791043058","0.1527","0.1648949520354741","0.15130876789228642","6","11","20","26","onion;sweet_potato;corn;garlic;spring_potato;red_pepper",
"annual","Leave out Soybean","ln_area","7","0.20225293030968194","0.1775365236527998","-0.133932499018187","0.5384383596375508","0.2605","0.17479448892705868","0.2546119416669943","6","10","15","21","onion;sweet_potato;corn;garlic;spring_potato;red_pepper",
"annual","Leave out Soybean","ln_area","8","0.05336516042630757","0.17962147452244362","-0.29012358409634376","0.3968539049489589","0.7711","0.1759548626986208","0.7663917779963203","6","10","14","20","onion;sweet_potato;corn;garlic;spring_potato;red_pepper",
"annual","Leave out Soybean","ln_area","9","0.009226173260637835","0.19552393723537106","-0.3607874642936272","0.3792398108149029","0.9637","0.1902045699943494","0.9623642486664608","6","8","11","17","onion;sweet_potato;corn;garlic;spring_potato;red_pepper",
"annual","Leave out Onion","ln_area","-12","-0.2528361453488231","0.1392723368748165","-0.5078040181240611","0.0021317274264148756","0.0519","0.13633392194485006","0.06946119861145106","6","22","27","28","soybean;sweet_potato;corn;garlic;spring_potato;red_pepper",
"annual","Leave out Onion","ln_area","-11","-0.17278100599945415","0.09325621315533338","-0.3448034249713069","-0.0007585870276014262","0.0488","0.09159728594110879","0.0639173432077369","6","22","27","28","soybean;sweet_potato;corn;garlic;spring_potato;red_pepper",
"annual","Leave out Onion","ln_area","-10","-0.1592019855951128","0.08931378741053089","-0.3246535641219105","0.006249592931684866","0.0611","0.08739257079318519","0.07466744019830163","6","22","27","28","soybean;sweet_potato;corn;garlic;spring_potato;red_pepper",
"annual","Leave out Onion","ln_area","-9","-0.0981663904878382","0.05834451985354324","-0.20723825203763246","0.010905471061956051","0.0832","0.05752718697066276","0.09246616076670655","6","22","27","28","soybean;sweet_potato;corn;garlic;spring_potato;red_pepper",
"annual","Leave out Onion","ln_area","-8","0.01926799548631311","0.10029189463708102","-0.16290654599398324","0.20144253696660946","0.8592","0.09865745613795858","0.8476488596630998","5","22","27","28","soybean;sweet_potato;corn;garlic;spring_potato",
"annual","Leave out Onion","ln_area","-7","-0.022053907695827248","0.09314700690488358","-0.19618529664982656","0.15207748125817208","0.8178","0.09061177727686302","0.8128394669716088","5","22","27","28","soybean;sweet_potato;corn;garlic;spring_potato",
"annual","Leave out Onion","ln_area","-6","0.04913302372050499","0.05122113398663816","-0.046434830075740605","0.1447008775167506","0.3546","0.05009591761590407","0.337441166060632","4","22","27","28","soybean;sweet_potato;corn;garlic",
"annual","Leave out Onion","ln_area","-5","0.07983694954906945","0.0635788298697896","-0.03422306860157112","0.19389696769971002","0.2282","0.06165640885991561","0.2092189810874674","1","22","22","23","garlic",
"annual","Leave out Onion","ln_area","0","0.07433977849419363","0.1513451563560437","-0.21530666037756532","0.3639862173659526","0.6349","0.1492683105919632","0.6232894956464161","6","22","22","28","soybean;sweet_potato;corn;garlic;spring_potato;red_pepper",
"annual","Leave out Onion","ln_area","1","-0.01827952542588599","0.13632932166533585","-0.27969270422223574","0.24313365337046375","0.8987","0.133833070216516","0.8933364725266317","6","22","22","28","soybean;sweet_potato;corn;garlic;spring_potato;red_pepper",
"annual","Leave out Onion","ln_area","2","-0.09512493525399376","0.13751491353478137","-0.35517083700524366","0.16492096649725616","0.4903","0.13420668855197995","0.4890989370618446","6","20","22","28","soybean;sweet_potato;corn;garlic;spring_potato;red_pepper",
"annual","Leave out Onion","ln_area","3","-0.09944792190937482","0.15466197142236598","-0.39384895690956023","0.19495311309081062","0.5243","0.15103576872883887","0.5202229491395407","6","20","22","28","soybean;sweet_potato;corn;garlic;spring_potato;red_pepper",
"annual","Leave out Onion","ln_area","4","-0.0494733661474561","0.13333845708002814","-0.3050599469903359","0.20611321469542368","0.7085","0.13110510873580927","0.7106107273604199","6","15","22","28","soybean;sweet_potato;corn;garlic;spring_potato;red_pepper",
"annual","Leave out Onion","ln_area","5","-0.013667285839752033","0.13332351320492722","-0.2689038039874235","0.24156923230791943","0.9199","0.13109920871417113","0.9183501344913194","6","14","20","26","soybean;sweet_potato;corn;garlic;spring_potato;red_pepper",
"annual","Leave out Onion","ln_area","6","0.08124775395439449","0.1625896910992319","-0.22957840743486418","0.39207391534365316","0.6162","0.1597457377413826","0.6172790327957527","6","11","20","26","soybean;sweet_potato;corn;garlic;spring_potato;red_pepper",
"annual","Leave out Onion","ln_area","7","0.10463503313491541","0.16380103599633195","-0.20595948081031928","0.4152295470801501","0.5171","0.15999350011020858","0.522957293048864","6","10","15","21","soybean;sweet_potato;corn;garlic;spring_potato;red_pepper",
"annual","Leave out Onion","ln_area","8","0.0124981901225511","0.17525059791244332","-0.31829311573935676","0.34328949598445896","0.9413","0.17056863712590734","0.943146177563043","6","10","14","20","soybean;sweet_potato;corn;garlic;spring_potato;red_pepper",
"annual","Leave out Onion","ln_area","9","-0.06902798602902573","0.17945089221563262","-0.4108740747419743","0.27281810268392287","0.6952","0.17425678567478634","0.7004876586822169","6","8","11","17","soybean;sweet_potato;corn;garlic;spring_potato;red_pepper",
"annual","Leave out Sweet potato","ln_area","-12","-0.17574999875317032","0.10673535967089513","-0.3710373304845995","0.01953733297825888","0.0892","0.10468351620053742","0.09964114698155324","6","22","27","28","soybean;onion;corn;garlic;spring_potato;red_pepper",
"annual","Leave out Sweet potato","ln_area","-11","-0.1087069512606681","0.06919310330342293","-0.23927299051574746","0.021859087994411275","0.11","0.0678998257274558","0.11616725457219124","6","22","27","28","soybean;onion;corn;garlic;spring_potato;red_pepper",
"annual","Leave out Sweet potato","ln_area","-10","-0.11851209328775593","0.06766359724667695","-0.24768998148905585","0.010665794913543983","0.0728","0.06620061594758067","0.07986159485766064","6","22","27","28","soybean;onion;corn;garlic;spring_potato;red_pepper",
"annual","Leave out Sweet potato","ln_area","-9","-0.115796965489183","0.0683864827567829","-0.23879163052346658","0.007197699545100578","0.069","0.06733777404355433","0.0904035687391902","6","22","27","28","soybean;onion;corn;garlic;spring_potato;red_pepper",
"annual","Leave out Sweet potato","ln_area","-8","0.02417712805117403","0.09799378387039928","-0.15229079779659938","0.20064505389894743","0.8079","0.09632093702132513","0.8051241239998936","5","22","27","28","soybean;onion;corn;garlic;spring_potato",
"annual","Leave out Sweet potato","ln_area","-7","0.020396110520071203","0.08744454175438465","-0.1384775430421676","0.17926976408231002","0.804","0.08605665273458486","0.8155702020065081","5","22","27","28","soybean;onion;corn;garlic;spring_potato",
"annual","Leave out Sweet potato","ln_area","-6","0.015163924936767275","0.04544746792496944","-0.0688952723274019","0.09922312220093644","0.7548","0.044587089378690686","0.7386374188886249","4","22","27","28","soybean;onion;corn;garlic",
"annual","Leave out Sweet potato","ln_area","-5","0.11836608957255879","0.08461008971749574","-0.02278264865417251","0.2595148277992901","0.1439","0.08337282114889885","0.16182512560237727","2","22","24","25","onion;garlic",
"annual","Leave out Sweet potato","ln_area","0","0.11487943318857971","0.1608160720968883","-0.19417133125762578","0.42393019763478523","0.4848","0.15902483335201542","0.47500896678443993","6","22","22","28","soybean;onion;corn;garlic;spring_potato;red_pepper",
"annual","Leave out Sweet potato","ln_area","1","0.011497716301818145","0.1425793945268938","-0.2621671050743922","0.28516253767802846","0.9345","0.14031736889105853","0.9357276188991952","6","22","22","28","soybean;onion;corn;garlic;spring_potato;red_pepper",
"annual","Leave out Sweet potato","ln_area","2","-0.02074091525038995","0.16489321629508838","-0.3318077870156819","0.290325956514902","0.902","0.16198379120640274","0.899902970057701","6","20","22","28","soybean;onion;corn;garlic;spring_potato;red_pepper",
"annual","Leave out Sweet potato","ln_area","3","-0.1025583249127699","0.15124701810728267","-0.39012348221015475","0.18500683238461496","0.4982","0.14794403043700718","0.4977178400746327","6","20","22","28","soybean;onion;corn;garlic;spring_potato;red_pepper",
"annual","Leave out Sweet potato","ln_area","4","-0.03268711387549906","0.14266856260296243","-0.30458216189685305","0.23920793414585495","0.8201","0.139980612854584","0.8187816807674706","6","15","22","28","soybean;onion;corn;garlic;spring_potato;red_pepper",
"annual","Leave out Sweet potato","ln_area","5","0.012946216392131747","0.14417228524768608","-0.26280987924317056","0.288702312027434","0.9241","0.14138586179274656","0.9284486551653384","6","14","20","26","soybean;onion;corn;garlic;spring_potato;red_pepper",
"annual","Leave out Sweet potato","ln_area","6","0.13934530149596758","0.1796347106114995","-0.20359357889050872","0.4822841818824439","0.4429","0.176763853112775","0.43791740628534215","6","11","20","26","soybean;onion;corn;garlic;spring_potato;red_pepper",
"annual","Leave out Sweet potato","ln_area","7","0.13389001071952508","0.1731217815708501","-0.19486711754203187","0.462647138981082","0.4371","0.16880883766357468","0.4392938069684309","6","10","15","21","soybean;onion;corn;garlic;spring_potato;red_pepper",
"annual","Leave out Sweet potato","ln_area","8","-0.012493122924836411","0.16100054680584303","-0.31730230146086635","0.29231605561119356","0.9384","0.15555876293025295","0.9381488092110104","6","10","14","20","soybean;onion;corn;garlic;spring_potato;red_pepper",
"annual","Leave out Sweet potato","ln_area","9","-0.04766837339964698","0.1829753163227291","-0.3960850288366012","0.30074828203730725","0.7874","0.17771004439495164","0.794464190643345","6","8","11","17","soybean;onion;corn;garlic;spring_potato;red_pepper",
"annual","Leave out Corn","ln_area","-12","-0.19784696688640946","0.12280563280743077","-0.4141104792607887","0.018416545487969754","0.0869","0.12079830299391557","0.10716713521890053","6","22","27","28","soybean;onion;sweet_potato;garlic;spring_potato;red_pepper",
"annual","Leave out Corn","ln_area","-11","-0.13807143131496602","0.08671730453945675","-0.2958331986404763","0.019690336010544263","0.1025","0.0852292796872725","0.1113394131281622","6","22","27","28","soybean;onion;sweet_potato;garlic;spring_potato;red_pepper",
"annual","Leave out Corn","ln_area","-10","-0.15128782858144504","0.08566376675438485","-0.30955482964017367","0.0069791724772835795","0.0651","0.08427362305349421","0.07738484985428906","6","22","27","28","soybean;onion;sweet_potato;garlic;spring_potato;red_pepper",
"annual","Leave out Corn","ln_area","-9","-0.13502386598552302","0.07452155434224726","-0.27225152895109367","0.0022037969800476342","0.0549","0.07278035094897035","0.07000525444188632","6","22","27","28","soybean;onion;sweet_potato;garlic;spring_potato;red_pepper",
"annual","Leave out Corn","ln_area","-8","0.041745952018806404","0.08997966805894467","-0.11540519401803637","0.19889709805564917","0.7095","0.08784403775007728","0.642684484331421","5","22","27","28","soybean;onion;sweet_potato;garlic;spring_potato",
"annual","Leave out Corn","ln_area","-7","0.04897244413875268","0.07055892085518593","-0.08077591692342659","0.17872080520093195","0.5158","0.06918080850874549","0.4876417423543553","5","22","27","28","soybean;onion;sweet_potato;garlic;spring_potato",
"annual","Leave out Corn","ln_area","-6","0.05371741048709989","0.050629341176154904","-0.04033047664855597","0.14776529762275575","0.2957","0.0493153972794996","0.28869277804737137","4","22","27","28","soybean;onion;sweet_potato;garlic",
"annual","Leave out Corn","ln_area","-5","0.11504423943739742","0.0814626285230652","-0.020841834614860305","0.2509303134896551","0.1347","0.0797756040823975","0.15788126862856933","2","22","24","25","onion;garlic",
"annual","Leave out Corn","ln_area","0","0.1609422124982117","0.15554591431979647","-0.13465125048743062","0.456535675483854","0.3101","0.15348665757289007","0.3008124750231631","6","22","22","28","soybean;onion;sweet_potato;garlic;spring_potato;red_pepper",
"annual","Leave out Corn","ln_area","1","0.045045002865259115","0.14241205318676914","-0.2253368358263911","0.31542684155690937","0.7548","0.1399713406371229","0.7517744357472518","6","22","22","28","soybean;onion;sweet_potato;garlic;spring_potato;red_pepper",
"annual","Leave out Corn","ln_area","2","0.008284164848215654","0.1648122740918244","-0.30384136639107806","0.32040969608750935","0.9617","0.16182721140454726","0.9599118145248129","6","20","22","28","soybean;onion;sweet_potato;garlic;spring_potato;red_pepper",
"annual","Leave out Corn","ln_area","3","-0.04181428461105313","0.16084176698155211","-0.3489849649878132","0.2653563957657069","0.7988","0.15708788582757605","0.7948857135743232","6","20","22","28","soybean;onion;sweet_potato;garlic;spring_potato;red_pepper",
"annual","Leave out Corn","ln_area","4","0.018347203215099188","0.14742473594239014","-0.2647265667563269","0.3014209731865253","0.8987","0.14360236530655318","0.9009579404423678","6","15","22","28","soybean;onion;sweet_potato;garlic;spring_potato;red_pepper",
"annual","Leave out Corn","ln_area","5","0.053881863770978","0.14572126315337294","-0.221985192150406","0.329748919692362","0.7078","0.14210068494668068","0.7115614774580243","6","14","20","26","soybean;onion;sweet_potato;garlic;spring_potato;red_pepper",
"annual","Leave out Corn","ln_area","6","0.1949508750771931","0.17956191826859189","-0.14695718127788454","0.5368589314322707","0.2744","0.1753142666196606","0.2776105073312358","6","11","20","26","soybean;onion;sweet_potato;garlic;spring_potato;red_pepper",
"annual","Leave out Corn","ln_area","7","0.18323997255996247","0.176553527337194","-0.1525801609969442","0.5190601061168691","0.2965","0.17189443805967647","0.2993296243151162","6","10","15","21","soybean;onion;sweet_potato;garlic;spring_potato;red_pepper",
"annual","Leave out Corn","ln_area","8","0.03862271748963407","0.17251985971503747","-0.28696741519946944","0.3642128501787376","0.8166","0.16745279665440996","0.8228553183259975","6","10","14","20","soybean;onion;sweet_potato;garlic;spring_potato;red_pepper",
"annual","Leave out Corn","ln_area","9","-0.0036790567021533632","0.18955725416105287","-0.3627782325316854","0.3554201191273787","0.9851","0.18301651810585187","0.9845150834890364","6","8","11","17","soybean;onion;sweet_potato;garlic;spring_potato;red_pepper",
"annual","Leave out Garlic","ln_area","-12","-0.2770505224517743","0.13320787574989124","-0.5198886476698843","-0.03421239723366426","0.0183","0.13109048325780961","0.03754058683442141","6","24","27","28","soybean;onion;sweet_potato;corn;spring_potato;red_pepper",
"annual","Leave out Garlic","ln_area","-11","-0.1718986434708703","0.08659633085752574","-0.3327648969522172","-0.011032389989523356","0.033","0.08505638968893896","0.04713814206504363","6","24","27","28","soybean;onion;sweet_potato;corn;spring_potato;red_pepper",
"annual","Leave out Garlic","ln_area","-10","-0.19007563767934543","0.08448446653094482","-0.3463763047708065","-0.03377497058788434","0.0101","0.08328099505339524","0.024459776180223436","6","24","27","28","soybean;onion;sweet_potato;corn;spring_potato;red_pepper",
"annual","Leave out Garlic","ln_area","-9","-0.1516602709029289","0.07312257957656158","-0.2880036666840501","-0.015316875121807766","0.0254","0.07240143588636977","0.03807417889178755","6","24","27","28","soybean;onion;sweet_potato;corn;spring_potato;red_pepper",
"annual","Leave out Garlic","ln_area","-8","-0.028063608854330638","0.09997362022117337","-0.20741855482547256","0.15129133711681125","0.8024","0.0979807116126264","0.7789327313223804","5","24","27","28","soybean;onion;sweet_potato;corn;spring_potato",
"annual","Leave out Garlic","ln_area","-7","-0.01622951374491198","0.09069435289337473","-0.18458958896000516","0.15213056147018122","0.8576","0.08877863761784456","0.8579790460363632","5","24","27","28","soybean;onion;sweet_potato;corn;spring_potato",
"annual","Leave out Garlic","ln_area","-6","0.03051082627219985","0.05008198712415629","-0.06243252412797902","0.12345417667237872","0.5588","0.04916160820111765","0.5423802387949093","4","24","27","28","soybean;onion;sweet_potato;corn",
"annual","Leave out Garlic","ln_area","-5","0.1513670253018075","0.1504441952357812","-0.06193141493907367","0.3646654655426887","0.4169","0.14753338263302235","0.3143510981614983","1","24","24","25","onion",
"annual","Leave out Garlic","ln_area","0","0.11825673353445887","0.16515892495890544","-0.19521184841675665","0.4317253154856744","0.4811","0.16298768315266676","0.4739803451161617","6","22","22","28","soybean;onion;sweet_potato;corn;spring_potato;red_pepper",
"annual","Leave out Garlic","ln_area","1","0.02800113393301673","0.14815675274123338","-0.25364465995811686","0.3096469278241503","0.8556","0.14626514939115334","0.8500954212806886","6","22","22","28","soybean;onion;sweet_potato;corn;spring_potato;red_pepper",
"annual","Leave out Garlic","ln_area","2","0.018448586267280166","0.16598215530121524","-0.2970241833981617","0.3339213559327221","0.9134","0.1635877896431545","0.9114989780427898","6","20","22","28","soybean;onion;sweet_potato;corn;spring_potato;red_pepper",
"annual","Leave out Garlic","ln_area","3","-0.034512487712927725","0.16362439796350572","-0.3479942259800223","0.27896925055416677","0.8392","0.1611643261771879","0.8329457405895224","6","20","22","28","soybean;onion;sweet_potato;corn;spring_potato;red_pepper",
"annual","Leave out Garlic","ln_area","4","-0.00007755799144189279","0.15069496902773066","-0.28858040132666124","0.2884252853437775","0.9996","0.14849526579364222","0.9995893537680409","6","15","22","28","soybean;onion;sweet_potato;corn;spring_potato;red_pepper",
"annual","Leave out Garlic","ln_area","5","0.0179233571592977","0.14709433307521616","-0.262727299244019","0.2985740135626144","0.9023","0.1444534880786252","0.9030182848480925","6","14","20","26","soybean;onion;sweet_potato;corn;spring_potato;red_pepper",
"annual","Leave out Garlic","ln_area","6","0.15200494668474424","0.1844160243359534","-0.19825792266698145","0.50226781603647","0.414","0.18111807864342824","0.40979740325891","6","11","20","26","soybean;onion;sweet_potato;corn;spring_potato;red_pepper",
"annual","Leave out Garlic","ln_area","7","0.1629013034839616","0.18078706500034442","-0.1806344125716049","0.506437019539528","0.3642","0.17616096177669793","0.36755256455116303","6","10","15","21","soybean;onion;sweet_potato;corn;spring_potato;red_pepper",
"annual","Leave out Garlic","ln_area","8","0.04438057658153606","0.17674344816725795","-0.2932782274360361","0.3820393805991082","0.7947","0.1721748267734952","0.8017354978557396","6","10","14","20","soybean;onion;sweet_potato;corn;spring_potato;red_pepper",
"annual","Leave out Garlic","ln_area","9","-0.008199250785686896","0.19485877483575054","-0.38068285367873744","0.36428435210736365","0.9636","0.1886179017086508","0.9664365865835931","6","8","11","17","soybean;onion;sweet_potato;corn;spring_potato;red_pepper",
"annual","Leave out Spring potato","ln_area","-12","-0.2559120747414469","0.14082202773626376","-0.5160733353576983","0.004249185874804551","0.0556","0.13844918760186126","0.06917531561093826","6","22","27","28","soybean;onion;sweet_potato;corn;garlic;red_pepper",
"annual","Leave out Spring potato","ln_area","-11","-0.16430052185770322","0.0921393827525666","-0.3357679858891445","0.007166942173738089","0.0632","0.09010207408776393","0.07455803614398859","6","22","27","28","soybean;onion;sweet_potato;corn;garlic;red_pepper",
"annual","Leave out Spring potato","ln_area","-10","-0.14998512736361233","0.08507686990529335","-0.3036354736672181","0.003665218939993442","0.0577","0.08252090065518043","0.07791118405260922","6","22","27","28","soybean;onion;sweet_potato;corn;garlic;red_pepper",
"annual","Leave out Spring potato","ln_area","-9","-0.1545156629932808","0.07540263048372293","-0.29246496722435933","-0.01656635876220222","0.0239","0.0733221684768226","0.04044179389592073","6","22","27","28","soybean;onion;sweet_potato;corn;garlic;red_pepper",
"annual","Leave out Spring potato","ln_area","-8","-0.07604229202174632","0.06854450956204437","-0.2028789364225026","0.050794352379009935","0.28","0.06700456752413017","0.26726387078559277","5","22","27","28","soybean;onion;sweet_potato;corn;garlic",
"annual","Leave out Spring potato","ln_area","-7","-0.028399241183652613","0.09312980915707708","-0.20118193736001544","0.14438345499271021","0.7735","0.09198444551217354","0.7604099104006616","5","22","27","28","soybean;onion;sweet_potato;corn;garlic",
"annual","Leave out Spring potato","ln_area","-6","0.0334940775714329","0.04516005355234209","-0.05215208373813651","0.11914023888100231","0.4722","0.044336200073096875","0.45828433939935387","5","22","27","28","soybean;onion;sweet_potato;corn;garlic",
"annual","Leave out Spring potato","ln_area","-5","0.11645920916421232","0.08243629150882731","-0.016888966529227584","0.24980738485765222","0.123","0.08116130135756025","0.15773874146263056","2","22","25","26","onion;garlic",
"annual","Leave out Spring potato","ln_area","0","0.05925569036071725","0.1445549748893326","-0.21571065379570997","0.3342220345171445","0.6784","0.1406628859356095","0.6818660796167473","6","22","22","28","soybean;onion;sweet_potato;corn;garlic;red_pepper",
"annual","Leave out Spring potato","ln_area","1","-0.007932543242989046","0.13856330917439968","-0.270027573650592","0.2541624871646139","0.952","0.13475614453519336","0.9543472346535502","6","22","22","28","soybean;onion;sweet_potato;corn;garlic;red_pepper",
"annual","Leave out Spring potato","ln_area","2","-0.03822701405478981","0.1630296224581337","-0.34247118524109205","0.26601715713151247","0.8195","0.1586551776082453","0.8146131762339892","6","20","22","28","soybean;onion;sweet_potato;corn;garlic;red_pepper",
"annual","Leave out Spring potato","ln_area","3","-0.09820081304754794","0.15394957557236175","-0.388141431453613","0.19173980535851717","0.5257","0.15079644287470134","0.5235540906685743","6","20","22","28","soybean;onion;sweet_potato;corn;garlic;red_pepper",
"annual","Leave out Spring potato","ln_area","4","-0.038022188835697406","0.14372536914904752","-0.31264002453155887","0.23659564686016404","0.8013","0.14148265390498604","0.7913580590024931","6","15","22","28","soybean;onion;sweet_potato;corn;garlic;red_pepper",
"annual","Leave out Spring potato","ln_area","5","-0.007638903807739898","0.13964864239082936","-0.2754088835010481","0.2601310758855683","0.9577","0.13749890570097756","0.956376767259207","6","14","20","26","soybean;onion;sweet_potato;corn;garlic;red_pepper",
"annual","Leave out Spring potato","ln_area","6","0.09990805499280794","0.17110799287614506","-0.2243637547352236","0.42417986472083946","0.5796","0.16840112712293076","0.559295072441996","6","11","20","26","soybean;onion;sweet_potato;corn;garlic;red_pepper",
"annual","Leave out Spring potato","ln_area","7","0.1130854302307238","0.17209189395265612","-0.21218062982247088","0.4383514902839185","0.5225","0.1675975319873826","0.5111022472707583","6","10","15","21","soybean;onion;sweet_potato;corn;garlic;red_pepper",
"annual","Leave out Spring potato","ln_area","8","-0.006154340241243339","0.17194068320116848","-0.32905728122988015","0.31674860074739347","0.9728","0.16727974440439505","0.9714471022671125","6","10","14","20","soybean;onion;sweet_potato;corn;garlic;red_pepper",
"annual","Leave out Spring potato","ln_area","9","-0.04415861072093237","0.19390645686237282","-0.4080921773527953","0.3197749559109306","0.8232","0.1870330021362376","0.8198549725549842","6","8","11","17","soybean;onion;sweet_potato;corn;garlic;red_pepper",
"annual","Leave out Red pepper","ln_area","-12","-0.2592311672346258","0.1433148496436197","-0.5257228497269415","0.007260515257689837","0.0593","0.13989632086522832","0.07047853737640164","6","22","27","28","soybean;onion;sweet_potato;corn;garlic;spring_potato",
"annual","Leave out Red pepper","ln_area","-11","-0.17007922269109266","0.09403922462470643","-0.3460216229631044","0.005863177580919088","0.0572","0.0913353139636539","0.07051336517828455","6","22","27","28","soybean;onion;sweet_potato;corn;garlic;spring_potato",
"annual","Leave out Red pepper","ln_area","-10","-0.18903534339593148","0.08711806210445759","-0.34981421121440304","-0.02825647557745989","0.0168","0.08478944931645592","0.030016283307152225","6","22","27","28","soybean;onion;sweet_potato;corn;garlic;spring_potato",
"annual","Leave out Red pepper","ln_area","-9","-0.14078139582698876","0.07593041240315831","-0.279445495619995","-0.0021172960339825575","0.0466","0.07343121548948311","0.0637270810742625","6","22","27","28","soybean;onion;sweet_potato;corn;garlic;spring_potato",
"annual","Leave out Red pepper","ln_area","-8","-0.00032157106864429824","0.08590967226068008","-0.15717679922178696","0.15653365708449835","0.9968","0.08393534702540538","0.997013421364886","6","22","27","28","soybean;onion;sweet_potato;corn;garlic;spring_potato",
"annual","Leave out Red pepper","ln_area","-7","-0.007847556143127606","0.07835412302280113","-0.15505879032683223","0.13936367804057703","0.9239","0.07725703162416563","0.920221281731084","6","22","27","28","soybean;onion;sweet_potato;corn;garlic;spring_potato",
"annual","Leave out Red pepper","ln_area","-6","0.03222851434932224","0.04464657057449068","-0.051937993679808406","0.11639502237845288","0.4854","0.04384578576870948","0.47038136975088074","5","22","27","28","soybean;onion;sweet_potato;corn;garlic",
"annual","Leave out Red pepper","ln_area","-5","0.11645920916421232","0.08145019060053467","-0.01569947937809918","0.24861789770652382","0.1154","0.07952059214262996","0.1527683432156648","2","22","25","26","onion;garlic",
"annual","Leave out Red pepper","ln_area","0","0.21073246085301156","0.13253036138418448","-0.04748752502971759","0.4689524467357407","0.1152","0.13164547576040633","0.1118191818685248","6","22","22","28","soybean;onion;sweet_potato;corn;garlic;spring_potato",
"annual","Leave out Red pepper","ln_area","1","0.11078729181660954","0.1135282605131463","-0.10635044979574759","0.3279250334289667","0.3281","0.11135388724205557","0.3291355775243816","6","22","22","28","soybean;onion;sweet_potato;corn;garlic;spring_potato",
"annual","Leave out Red pepper","ln_area","2","0.07975744160903235","0.1420383797323564","-0.1904147832141403","0.349929666432205","0.5807","0.13925797363778292","0.5744428571409914","6","22","22","28","soybean;onion;sweet_potato;corn;garlic;spring_potato",
"annual","Leave out Red pepper","ln_area","3","0.024458483496115804","0.1469180288717768","-0.25679905562114486","0.30571602261337644","0.8687","0.14429356104244734","0.8677815240701245","6","22","22","28","soybean;onion;sweet_potato;corn;garlic;spring_potato",
"annual","Leave out Red pepper","ln_area","4","0.060173795106076934","0.136323763848191","-0.19961575274286095","0.31996334295501483","0.6691","0.13374956807828645","0.6589208631266845","6","20","22","28","soybean;onion;sweet_potato;corn;garlic;spring_potato",
"annual","Leave out Red pepper","ln_area","5","0.09608718368898309","0.12950164735967762","-0.14619820995439345","0.3383725773323596","0.468","0.12656528371017486","0.45810155220200444","6","20","20","26","soybean;onion;sweet_potato;corn;garlic;spring_potato",
"annual","Leave out Red pepper","ln_area","6","0.24060677180331597","0.1619004253553528","-0.06254767735733602","0.543761220963968","0.1331","0.15815822046250377","0.1372419736095165","6","15","20","26","soybean;onion;sweet_potato;corn;garlic;spring_potato",
"annual","Leave out Red pepper","ln_area","7","0.2652901939441166","0.14287540816077537","-0.007373184581398018","0.5379535724696313","0.0563","0.1385984167400493","0.06334047433388967","6","14","15","21","soybean;onion;sweet_potato;corn;garlic;spring_potato",
"annual","Leave out Red pepper","ln_area","8","0.12392207634542382","0.15178759601178923","-0.16007827595351456","0.40792242864436223","0.4124","0.1471424989727778","0.41426129051044414","6","11","14","20","soybean;onion;sweet_potato;corn;garlic;spring_potato",
"annual","Leave out Red pepper","ln_area","9","0.08246927089267565","0.166757821175597","-0.22932469120280202","0.3942632329881533","0.6203","0.1607678583245005","0.6209212315089088","6","10","11","17","soybean;onion;sweet_potato;corn;garlic;spring_potato",
"annual","Cohort 2012 only","ln_area","-12","-0.16757396368886093","0.13131435997067253","-0.40996094732387617","0.0748130199461543","0.2067","0.1281886985109796","0.2019101886572785","2","22","23","24","soybean;onion",
"annual","Cohort 2012 only","ln_area","-11","-0.17763513837445613","0.15260239404203899","-0.43388498076690296","0.07861470401799073","0.2703","0.14805756846167845","0.2444082066208959","2","22","23","24","soybean;onion",
"annual","Cohort 2012 only","ln_area","-10","-0.19823399119193083","0.1398500031156689","-0.44624256138822416","0.049774579004362496","0.1762","0.137282479461501","0.15634387286586815","2","22","23","24","soybean;onion",
"annual","Cohort 2012 only","ln_area","-9","-0.2513776462988062","0.19163162076927703","-0.544137495421805","0.04138220282419253","0.1639","0.18839297451460216","0.18959592693427485","2","22","23","24","soybean;onion",
"annual","Cohort 2012 only","ln_area","-8","-0.08035482220264509","0.0766926653498725","-0.21955694179419089","0.05884729738890071","0.3157","0.07481895094211431","0.2947533112035776","2","22","23","24","soybean;onion",
"annual","Cohort 2012 only","ln_area","-7","0.1534000809146068","0.13827963332347498","-0.0495999084604557","0.3564000702896693","0.2956","0.13525374690649847","0.2672805650845016","2","22","23","24","soybean;onion",
"annual","Cohort 2012 only","ln_area","-6","0.035650062375224584","0.07256086321361595","-0.0907498809246172","0.16205000567506636","0.6963","0.07119667866130235","0.6232054083728347","2","22","23","24","soybean;onion",
"annual","Cohort 2012 only","ln_area","-5","0.1522844264726439","0.15119555555251746","-0.06474136164963043","0.3693102145949182","0.4101","0.14833845233633103","0.3138378375981117","1","22","22","23","onion",
"annual","Cohort 2012 only","ln_area","0","0.2798938618805167","0.14587869138290643","0.0010153691218597327","0.5587723546391736","0.0495","0.1426274611215695","0.05502542202580063","2","22","22","24","soybean;onion",
"annual","Cohort 2012 only","ln_area","1","0.18545019956140693","0.13130079158309443","-0.06445678010749409","0.4353571792303079","0.1532","0.12866221417217252","0.15783006145326728","2","22","22","24","soybean;onion",
"annual","Cohort 2012 only","ln_area","2","0.2708272696530196","0.19897136531299134","-0.10027225949498064","0.6419267988010199","0.1802","0.19455908211051","0.1734704268124867","2","22","22","24","soybean;onion",
"annual","Cohort 2012 only","ln_area","3","-0.00954016453745729","0.20125755120743205","-0.38550694546282394","0.3664266163879094","0.9639","0.197185439738471","0.9621922248210739","2","22","22","24","soybean;onion",
"annual","Cohort 2012 only","ln_area","4","-0.030537614618516368","0.2833433727062367","-0.5502306685879259","0.48915543935089323","0.9134","0.27821553615163086","0.9141733832136085","2","22","22","24","soybean;onion",
"annual","Cohort 2012 only","ln_area","5","-0.022099970264270907","0.2863634938626355","-0.5191687588637425","0.47496881833520066","0.9185","0.2797920304663347","0.9384846971631398","2","20","20","22","soybean;onion",
"annual","Cohort 2012 only","ln_area","6","0.1864620718394927","0.3513908549282939","-0.40667534999754185","0.7795994936765273","0.5277","0.3433883901096018","0.5956682150123851","2","20","20","22","soybean;onion",
"annual","Cohort 2012 only","ln_area","7","0.24463098404909356","0.24626703820302245","-0.19009013756048726","0.6793521056586744","0.3625","0.23893843778205962","0.3205362110711083","2","15","15","17","soybean;onion",
"annual","Cohort 2012 only","ln_area","8","0.05655120615279649","0.15597554221475846","-0.23576788812626734","0.3488703004318603","0.7155","0.15050992542633734","0.7169301772316892","2","14","14","16","soybean;onion",
"annual","Cohort 2012 only","ln_area","9","0.09836760482103463","0.242216006519592","-0.3458324885233224","0.5425676981653916","0.6958","0.23356383249945525","0.6846579491040363","2","11","11","13","soybean;onion",
"annual","Cohort 2013 only","ln_area","-12","-0.3219497505796457","0.21191107438068824","-0.7054972189300126","0.06159771777072115","0.1337","0.20922381324022965","0.12869500778403076","4","22","25","26","sweet_potato;corn;garlic;spring_potato",
"annual","Cohort 2013 only","ln_area","-11","-0.2013242470008666","0.13658859092463546","-0.44151475697973047","0.03886626297799728","0.1328","0.1341660997270235","0.14049605265012266","4","22","25","26","sweet_potato;corn;garlic;spring_potato",
"annual","Cohort 2013 only","ln_area","-10","-0.21446358664690401","0.13344888109833572","-0.4502022867417789","0.021275113447970895","0.0915","0.13112370513240587","0.10803590153092735","4","22","25","26","sweet_potato;corn;garlic;spring_potato",
"annual","Cohort 2013 only","ln_area","-9","-0.10637645092967797","0.08365945965688457","-0.2559872766644406","0.043234374805084644","0.2152","0.08207904828652171","0.2035361748899187","4","22","25","26","sweet_potato;corn;garlic;spring_potato",
"annual","Cohort 2013 only","ln_area","-8","0.032336439496967004","0.12566009546360588","-0.19569688114963496","0.26036976014356894","0.822","0.1238762055644723","0.7969220258865111","4","22","25","26","sweet_potato;corn;garlic;spring_potato",
"annual","Cohort 2013 only","ln_area","-7","-0.09251837517262369","0.09882789595763157","-0.2715118872415214","0.08647513689627405","0.3966","0.0977188664208934","0.3491926268073815","4","22","25","26","sweet_potato;corn;garlic;spring_potato",
"annual","Cohort 2013 only","ln_area","-6","0.02082959928592787","0.0543281136268929","-0.08135327547850636","0.1230124740503621","0.7099","0.05273032508267564","0.7014204670805313","3","22","24","25","sweet_potato;corn;garlic",
"annual","Cohort 2013 only","ln_area","-5","0.07983694954906945","0.06357707037685123","-0.03348283727287456","0.19315673637101344","0.2365","0.06229168320281727","0.20920637714678314","1","22","22","23","garlic",
"annual","Cohort 2013 only","ln_area","0","0.17615176033925886","0.14810585725627876","-0.10355788432163807","0.4558614050001558","0.2415","0.14512948213172286","0.23429649915361583","4","22","22","26","sweet_potato;corn;garlic;spring_potato",
"annual","Cohort 2013 only","ln_area","1","0.0734558379442107","0.11799366262760998","-0.15253355209693809","0.2994452279853595","0.5315","0.115823876856168","0.5335864981083325","4","22","22","26","sweet_potato;corn;garlic;spring_potato",
"annual","Cohort 2013 only","ln_area","2","-0.015777472412961374","0.12980680670163694","-0.2624702184960182","0.23091527367009546","0.9082","0.12753683164586058","0.9032587389217006","4","22","22","26","sweet_potato;corn;garlic;spring_potato",
"annual","Cohort 2013 only","ln_area","3","0.04145780751290232","0.15703881556103227","-0.25812488512214526","0.34104050014794995","0.7939","0.15433155656230452","0.7917820767410966","4","22","22","26","sweet_potato;corn;garlic;spring_potato",
"annual","Cohort 2013 only","ln_area","4","0.10552949996837474","0.11097198864975619","-0.10618320115096008","0.31724220108770956","0.3356","0.10825273879355822","0.3416266138004658","4","20","20","24","sweet_potato;corn;garlic;spring_potato",
"annual","Cohort 2013 only","ln_area","5","0.15518076066560899","0.09719480655893326","-0.03141218953783431","0.3417737108690523","0.1065","0.09546996989135227","0.11035597176243561","4","20","20","24","sweet_potato;corn;garlic;spring_potato",
"annual","Cohort 2013 only","ln_area","6","0.26767912178522657","0.14342851426077488","-0.0035242689286082984","0.5388825124990615","0.0532","0.13994149373165982","0.06200088120377156","4","15","15","19","sweet_potato;corn;garlic;spring_potato",
"annual","Cohort 2013 only","ln_area","7","0.27561979889162713","0.14086372185912796","0.01188508254195636","0.539354515241298","0.0398","0.13714431701623842","0.05038963651702866","4","14","14","18","sweet_potato;corn;garlic;spring_potato",
"annual","Cohort 2013 only","ln_area","8","0.1576075114417373","0.16953677688080762","-0.16004595501882146","0.47526097790229604","0.3563","0.1642309661576851","0.35255951932116014","4","11","11","15","sweet_potato;corn;garlic;spring_potato",
"annual","Cohort 2013 only","ln_area","9","0.07452010392849717","0.16984772445994234","-0.24319805728711313","0.3922382651441075","0.6622","0.16316762241392452","0.6608451900123706","4","10","10","14","sweet_potato;corn;garlic;spring_potato",
"annual","Cohort 2015 only","ln_area","-12","-0.13804365760898973","0.14333082294641256","-0.35787947877347237","0.08179216355549293","0.4302","0.14019178655218767","0.3354912430996928","1","22","22","23","red_pepper",
"annual","Cohort 2015 only","ln_area","-11","-0.03234741904764421","0.06716915298180683","-0.16106970710957397","0.09637486901428555","0.6342","0.06591075699499274","0.6301032962168989","1","22","22","23","red_pepper",
"annual","Cohort 2015 only","ln_area","-10","0.05296093238256888","0.06683692613055645","-0.06684503473311998","0.17276689949825774","0.475","0.06514527313054067","0.4281331297792721","1","22","22","23","red_pepper",
"annual","Cohort 2015 only","ln_area","-9","-0.08821396843912899","0.09596349142486228","-0.24559837239182053","0.06917043551356256","0.4538","0.09435414227846073","0.35796739080305207","1","22","22","23","red_pepper",
"annual","Cohort 2015 only","ln_area","0","-0.40824190040586","0.11776788687615418","-0.6267668792272366","-0.18971692158448342","0.0001","0.11551114665384037","0.0005272897200681026","1","22","22","23","red_pepper",
"annual","Cohort 2015 only","ln_area","1","-0.4763509481697886","0.12630194297361316","-0.7129308324198874","-0.23977106391968986","0.0001","0.12413235096608163","0.0001622528329607853","1","22","22","23","red_pepper",
"annual","Cohort 2015 only","ln_area","2","-0.5426748893516802","0.0792621959497902","-0.6927280361283292","-0.39262174257503113","0.0001","0.07772874265729209","7.563727422166266e-12","1","20","20","21","red_pepper",
"annual","Cohort 2015 only","ln_area","3","-0.5209219588902398","0.07008404023997306","-0.6542529544649694","-0.38759096331551024","0.0001","0.06857255443479958","1.0635936575909e-13","1","20","20","21","red_pepper",
"annual","Cohort 2015 only","ln_area","4","-0.3341727568993969","0.09582031878152454","-0.5134556726116255","-0.15488984118716828","0.0001","0.0924653400719579","0.0004875704326399166","1","15","15","16","red_pepper",
"annual","Cohort 2015 only","ln_area","5","-0.30567354119628315","0.11411855775084545","-0.518131367866608","-0.09321571452595834","0.0042","0.11006170008480486","0.007393921841987172","1","14","14","15","red_pepper",
"annual","Cohort 2015 only","ln_area","6","-0.2966477416586004","0.13364435727905524","-0.5431463526393236","-0.050149130677877185","0.0175","0.12685851461477268","0.026440479785859505","1","11","11","12","red_pepper",
"annual","Cohort 2015 only","ln_area","7","-0.42644628928181205","0.1390085228890583","-0.6816459019437797","-0.17124667661984444","0.0001","0.1317449625322549","0.002156619501835877","1","10","10","11","red_pepper",
"annual","Cohort 2015 only","ln_area","8","-0.4893912002731694","0.11051103541167308","-0.6929868265785102","-0.28579557396782856","0.0001","0.10454653347112333","0.000009491826722385355","1","10","10","11","red_pepper",
"annual","Cohort 2015 only","ln_area","9","-0.5758534588401846","0.12810858381505139","-0.8070491558951889","-0.3446577617851803","0.0001","0.12045356574819899","0.000006955623200521899","1","8","8","9","red_pepper",
"annual","CS-A (preferred)","ln_yield","-12","-0.06634008409687249","0.06013642155873821","-0.1806085966409075","0.04792842844716254","0.287","0.059876973409591555","0.26995776589851816","7","22","28","29","soybean;onion;sweet_potato;corn;garlic;spring_potato;red_pepper",
"annual","CS-A (preferred)","ln_yield","-11","-0.004057505558342226","0.04992739249048259","-0.09527090303873585","0.0871558919220514","0.9492","0.04965612417016727","0.9352287229298164","7","22","28","29","soybean;onion;sweet_potato;corn;garlic;spring_potato;red_pepper",
"annual","CS-A (preferred)","ln_yield","-10","-0.00608228440887151","0.03923395512495114","-0.07795510644649545","0.06579053762875242","0.8919","0.038644458906377285","0.876800794303277","7","22","28","29","soybean;onion;sweet_potato;corn;garlic;spring_potato;red_pepper",
"annual","CS-A (preferred)","ln_yield","-9","-0.047606810414553474","0.05465552258674097","-0.15062860982035964","0.05541498899125269","0.4067","0.05414823029780053","0.3837356692918883","7","22","28","29","soybean;onion;sweet_potato;corn;garlic;spring_potato;red_pepper",
"annual","CS-A (preferred)","ln_yield","-8","-0.013596761618390598","0.031344831874228554","-0.07276785076212242","0.04557432752534121","0.6739","0.030868002670681512","0.6644481959830502","6","22","28","29","soybean;onion;sweet_potato;corn;garlic;spring_potato",
"annual","CS-A (preferred)","ln_yield","-7","0.008604714678502028","0.03728191064873311","-0.0600521599226346","0.07726158927963866","0.8213","0.03667992197252349","0.8174691455244423","6","22","28","29","soybean;onion;sweet_potato;corn;garlic;spring_potato",
"annual","CS-A (preferred)","ln_yield","-6","0.00500358302512776","0.0427756629168057","-0.06802100232678862","0.07802816837704415","0.92","0.041934598446764795","0.9068817198004615","5","22","28","29","soybean;onion;sweet_potato;corn;garlic",
"annual","CS-A (preferred)","ln_yield","-5","-0.007829440548856455","0.030860879190428854","-0.0644684483070911","0.04880956720937819","0.8102","0.03048105997310951","0.7997264453432558","2","22","25","26","onion;garlic",
"annual","CS-A (preferred)","ln_yield","0","0.018705209991200518","0.034762255904674313","-0.04744523150657782","0.08485565148897886","0.5877","0.034065702371610954","0.5905151599507157","7","22","22","29","soybean;onion;sweet_potato;corn;garlic;spring_potato;red_pepper",
"annual","CS-A (preferred)","ln_yield","1","0.03142964741371393","0.05242039115617794","-0.0634758850147758","0.12633517984220366","0.5887","0.05123596681533846","0.5487934371035919","7","22","22","29","soybean;onion;sweet_potato;corn;garlic;spring_potato;red_pepper",
"annual","CS-A (preferred)","ln_yield","2","-0.03990871831046544","0.07085495917343274","-0.16888722288323538","0.0890697862623045","0.6009","0.06949282077049478","0.5732679025465888","7","20","22","29","soybean;onion;sweet_potato;corn;garlic;spring_potato;red_pepper",
"annual","CS-A (preferred)","ln_yield","3","-0.0007155953110424343","0.052733891515727126","-0.09990242541274297","0.09847123479065809","0.9918","0.05172654511073799","0.9891730932155902","7","20","22","29","soybean;onion;sweet_potato;corn;garlic;spring_potato;red_pepper",
"annual","CS-A (preferred)","ln_yield","4","-0.0890331876647768","0.05161105534587278","-0.18706620725946274","0.008999831929909136","0.0771","0.05063154751038822","0.0845130971164132","7","15","22","29","soybean;onion;sweet_potato;corn;garlic;spring_potato;red_pepper",
"annual","CS-A (preferred)","ln_yield","5","-0.09230582059303465","0.07487683848924354","-0.23044328675398462","0.045831645567915344","0.2259","0.07313992819239142","0.21766208339460924","7","14","20","27","soybean;onion;sweet_potato;corn;garlic;spring_potato;red_pepper",
"annual","CS-A (preferred)","ln_yield","6","-0.025305458331137218","0.05398129870653672","-0.1269286479933098","0.07631773133103537","0.6543","0.05264076404107837","0.6392255049647919","7","11","20","27","soybean;onion;sweet_potato;corn;garlic;spring_potato;red_pepper",
"annual","CS-A (preferred)","ln_yield","7","-0.008937725180920918","0.08746614562423341","-0.17231378346888235","0.1544383331070405","0.9219","0.08518625573217135","0.9186098600984103","7","10","15","22","soybean;onion;sweet_potato;corn;garlic;spring_potato;red_pepper",
"annual","CS-A (preferred)","ln_yield","8","-0.034193920189397056","0.08489068232590295","-0.19495911879332728","0.12657127841453314","0.6897","0.08279526024324163","0.6870957654596355","7","10","14","21","soybean;onion;sweet_potato;corn;garlic;spring_potato;red_pepper",
"annual","CS-A (preferred)","ln_yield","9","-0.04378697887622251","0.10394605790291221","-0.24124312330805814","0.1536691655556131","0.6705","0.10114840415613978","0.6735746302451191","7","8","11","18","soybean;onion;sweet_potato;corn;garlic;spring_potato;red_pepper",
"annual","CS-B (mean of all clean-pre years)","ln_yield","-12","-0.06118641701267708","0.033500398483537364","-0.1250863951559635","0.002713561130609353","0.0607","0.03257681384158494","0.06778423950320556","7","20","26","27","soybean;onion;sweet_potato;corn;garlic;spring_potato;red_pepper",
"annual","CS-B (mean of all clean-pre years)","ln_yield","-11","-0.0018650307547729132","0.02059858050809896","-0.04106357147729703","0.0373335099677512","0.9284","0.020131016014414423","0.9278567482522189","7","20","26","27","soybean;onion;sweet_potato;corn;garlic;spring_potato;red_pepper",
"annual","CS-B (mean of all clean-pre years)","ln_yield","-10","-0.0037164074535255593","0.02439614191611605","-0.050167866249140866","0.04273505134208974","0.8837","0.024040001883703466","0.8789220365003374","7","20","26","27","soybean;onion;sweet_potato;corn;garlic;spring_potato;red_pepper",
"annual","CS-B (mean of all clean-pre years)","ln_yield","-9","-0.04703643841456932","0.03317525383311367","-0.10899988688095055","0.014927010051811906","0.1609","0.03265006040276398","0.1562442035445002","7","20","26","27","soybean;onion;sweet_potato;corn;garlic;spring_potato;red_pepper",
"annual","CS-B (mean of all clean-pre years)","ln_yield","-8","-0.016587460941767936","0.039338821927945175","-0.08665278974540223","0.053477867861866354","0.7309","0.038758086444764556","0.6732759273803193","7","20","26","27","soybean;onion;sweet_potato;corn;garlic;spring_potato;red_pepper",
"annual","CS-B (mean of all clean-pre years)","ln_yield","-7","-0.012988087264875867","0.03709741882299842","-0.08154005953980129","0.05556388501004955","0.746","0.0365133283271008","0.7262579677860583","6","20","26","27","soybean;onion;sweet_potato;corn;garlic;spring_potato",
"annual","CS-B (mean of all clean-pre years)","ln_yield","-6","-0.015545833433480111","0.046657898566090844","-0.09945364688709707","0.06836198002013685","0.7844","0.045946425497131196","0.7389926746054836","6","20","26","27","soybean;onion;sweet_potato;corn;garlic;spring_potato",
"annual","CS-B (mean of all clean-pre years)","ln_yield","-5","-0.04033968414761894","0.054497989507450544","-0.13634665661540205","0.055667288320164175","0.5282","0.05354022005368881","0.45917561611501156","5","20","26","27","soybean;onion;sweet_potato;corn;garlic",
"annual","CS-B (mean of all clean-pre years)","ln_yield","-4","0.056455805044333285","0.05246928007087735","-0.031685657351927424","0.14459726744059398","0.3298","0.05158098051314671","0.28193697616762714","2","20","23","24","onion;garlic",
"annual","CS-B (mean of all clean-pre years)","ln_yield","0","0.01510561076602593","0.06958859874340519","-0.11299247278680383","0.14320369431885568","0.8452","0.06817836990043806","0.8281536403648795","7","20","20","27","soybean;onion;sweet_potato;corn;garlic;spring_potato;red_pepper",
"annual","CS-B (mean of all clean-pre years)","ln_yield","1","0.029488912282105942","0.07218108087243032","-0.10350732246769205","0.16248514703190392","0.7168","0.07091918633585854","0.6828767261722879","7","20","20","27","soybean;onion;sweet_potato;corn;garlic;spring_potato;red_pepper",
"annual","CS-B (mean of all clean-pre years)","ln_yield","2","-0.039864886716470954","0.07824204563518967","-0.18718032902847037","0.10745055559552846","0.6153","0.07679491720862139","0.6103967427909702","7","18","20","27","soybean;onion;sweet_potato;corn;garlic;spring_potato;red_pepper",
"annual","CS-B (mean of all clean-pre years)","ln_yield","3","-0.002348244145504191","0.07082618686562939","-0.13389330744134723","0.12919681915033884","0.9785","0.06972158502490378","0.9735509615559945","7","18","20","27","soybean;onion;sweet_potato;corn;garlic;spring_potato;red_pepper",
"annual","CS-B (mean of all clean-pre years)","ln_yield","4","-0.09186641461918667","0.06759658946560235","-0.22021675062676926","0.03648392138839594","0.1729","0.0664998008264239","0.174134168512877","7","15","20","27","soybean;onion;sweet_potato;corn;garlic;spring_potato;red_pepper",
"annual","CS-B (mean of all clean-pre years)","ln_yield","5","-0.09449552795981393","0.07949223058454706","-0.24480054043324168","0.055809484513613825","0.2351","0.07820125027850225","0.23454232296806587","7","14","18","25","soybean;onion;sweet_potato;corn;garlic;spring_potato;red_pepper",
"annual","CS-B (mean of all clean-pre years)","ln_yield","6","-0.02982615251085485","0.06509184946859313","-0.1544027957177496","0.09475049069603989","0.6468","0.06441996344571793","0.6467969832560658","7","11","18","25","soybean;onion;sweet_potato;corn;garlic;spring_potato;red_pepper",
"annual","CS-B (mean of all clean-pre years)","ln_yield","7","-0.017605715245671977","0.10017653963172882","-0.2087854818501078","0.17357405135876386","0.8615","0.09821663120309727","0.8604927960484443","7","10","15","22","soybean;onion;sweet_potato;corn;garlic;spring_potato;red_pepper",
"annual","CS-B (mean of all clean-pre years)","ln_yield","8","-0.05425670398518839","0.10280470328456857","-0.24911569152686894","0.14060228355649215","0.6015","0.1005008611897062","0.5976625890571641","7","10","14","21","soybean;onion;sweet_potato;corn;garlic;spring_potato;red_pepper",
"annual","CS-B (mean of all clean-pre years)","ln_yield","9","-0.07651185897200874","0.1065054598516629","-0.27823813953650567","0.12521442159248822","0.4725","0.10393058236273407","0.47252031389094395","7","8","11","18","soybean;onion;sweet_potato;corn;garlic;spring_potato;red_pepper",
"annual","CS-B5 (mean of last 5 clean-pre years)","ln_yield","-12","-0.04784335652250303","0.047610786404725665","-0.13750310585449177","0.04181639280948571","0.322","0.046534675444530216","0.31495231478633046","7","22","28","29","soybean;onion;sweet_potato;corn;garlic;spring_potato;red_pepper",
"annual","CS-B5 (mean of last 5 clean-pre years)","ln_yield","-11","0.014439222016027228","0.03536335133183426","-0.04355431366124353","0.07243275769329799","0.822","0.034590173611691824","0.6830458487786746","7","22","28","29","soybean;onion;sweet_potato;corn;garlic;spring_potato;red_pepper",
"annual","CS-B5 (mean of last 5 clean-pre years)","ln_yield","-10","0.012414443165497918","0.02925706625498533","-0.0406407829599926","0.06546966929098844","0.6999","0.02847199002680005","0.6713303414498206","7","22","28","29","soybean;onion;sweet_potato;corn;garlic;spring_potato;red_pepper",
"annual","CS-B5 (mean of last 5 clean-pre years)","ln_yield","-9","-0.029110082840183155","0.039610288255251924","-0.10359931556249702","0.04537914988213071","0.4757","0.03852722622298315","0.4623929869496086","7","22","28","29","soybean;onion;sweet_potato;corn;garlic;spring_potato;red_pepper",
"annual","CS-B5 (mean of last 5 clean-pre years)","ln_yield","-8","0.006842360472894283","0.023499933708976614","-0.03591541475710338","0.04960013570289195","0.7991","0.02300396604404474","0.770925055372266","7","22","28","29","soybean;onion;sweet_potato;corn;garlic;spring_potato;red_pepper",
"annual","CS-B5 (mean of last 5 clean-pre years)","ln_yield","-7","0.009365905594189091","0.018351071503428268","-0.024613927732165638","0.043345738920543816","0.6473","0.018052397051992644","0.6097896277556476","6","22","28","29","soybean;onion;sweet_potato;corn;garlic;spring_potato",
"annual","CS-B5 (mean of last 5 clean-pre years)","ln_yield","-6","0.004930843436625722","0.02313401245853961","-0.03790930175331261","0.047770988626564065","0.8437","0.022504633965284754","0.8312157422733175","6","22","28","29","soybean;onion;sweet_potato;corn;garlic;spring_potato",
"annual","CS-B5 (mean of last 5 clean-pre years)","ln_yield","-5","-0.0051708965874576","0.02655083817163586","-0.05508594900498119","0.044744155830065996","0.8628","0.02601553171646935","0.8455851033410544","5","22","28","29","soybean;onion;sweet_potato;corn;garlic",
"annual","CS-B5 (mean of last 5 clean-pre years)","ln_yield","-4","0.056511679438702715","0.04062743083635252","-0.012187942240058279","0.1252113011174637","0.1756","0.03999621658892687","0.16423346445094422","2","22","25","26","onion;garlic",
"annual","CS-B5 (mean of last 5 clean-pre years)","ln_yield","0","0.03958662560055056","0.044320180862794496","-0.04425138068076314","0.12342463188186426","0.3653","0.04322099933384419","0.37175201038979244","7","22","22","29","soybean;onion;sweet_potato;corn;garlic;spring_potato;red_pepper",
"annual","CS-B5 (mean of last 5 clean-pre years)","ln_yield","1","0.05231106302306397","0.04935113041021868","-0.04176137648864539","0.14638350253477334","0.3011","0.04864864060391487","0.28915506431006377","7","22","22","29","soybean;onion;sweet_potato;corn;garlic;spring_potato;red_pepper",
"annual","CS-B5 (mean of last 5 clean-pre years)","ln_yield","2","-0.018404763104554682","0.05917381745465453","-0.13016109975628012","0.09335157354717077","0.7683","0.05826798610211405","0.7557787060330479","7","20","22","29","soybean;onion;sweet_potato;corn;garlic;spring_potato;red_pepper",
"annual","CS-B5 (mean of last 5 clean-pre years)","ln_yield","3","0.020788359894868318","0.04782701116620873","-0.07002001235931768","0.1115967321490543","0.6679","0.046792729404195606","0.6638111913935254","7","20","22","29","soybean;onion;sweet_potato;corn;garlic;spring_potato;red_pepper",
"annual","CS-B5 (mean of last 5 clean-pre years)","ln_yield","4","-0.0660602226367796","0.05074805443569179","-0.16367051062076116","0.03155006534720195","0.1968","0.050235204494744","0.1930089851897403","7","15","22","29","soybean;onion;sweet_potato;corn;garlic;spring_potato;red_pepper",
"annual","CS-B5 (mean of last 5 clean-pre years)","ln_yield","5","-0.06816420022439051","0.0613902657281514","-0.18463458233698","0.04830618188819896","0.2698","0.0602191207312086","0.26685161234539057","7","14","20","27","soybean;onion;sweet_potato;corn;garlic;spring_potato;red_pepper",
"annual","CS-B5 (mean of last 5 clean-pre years)","ln_yield","6","-0.004652552463721041","0.049811777967311975","-0.0990352674114665","0.08973016248402442","0.9261","0.048870456762954616","0.9255836789425853","7","11","20","27","soybean;onion;sweet_potato;corn;garlic;spring_potato;red_pepper",
"annual","CS-B5 (mean of last 5 clean-pre years)","ln_yield","7","0.00904832188027194","0.08423942690329542","-0.15050290064543134","0.16859954440597522","0.9155","0.0819635414946376","0.9144621673766207","7","10","15","22","soybean;onion;sweet_potato;corn;garlic;spring_potato;red_pepper",
"annual","CS-B5 (mean of last 5 clean-pre years)","ln_yield","8","-0.018860257792381402","0.08602538943310675","-0.18190142815270008","0.14418091256793727","0.8282","0.08372156032066","0.8264626323131679","7","10","14","21","soybean;onion;sweet_potato;corn;garlic;spring_potato;red_pepper",
"annual","CS-B5 (mean of last 5 clean-pre years)","ln_yield","9","-0.030181184388872396","0.09869400510314053","-0.21674250922714622","0.1563801404494014","0.7549","0.09641639392387978","0.7597526262996488","7","8","11","18","soybean;onion;sweet_potato;corn;garlic;spring_potato;red_pepper",
"annual","Imputation (FE on clean cells)","ln_yield","0","0.01515934420157471","0.06778059805762025","-0.10967055213629164","0.13998924053944106","0.8386",,,"7",,,,,"31"
"annual","Imputation (FE on clean cells)","ln_yield","1","0.027187195639840567","0.07027685483132645","-0.10110577959010722","0.15548017086978835","0.7362",,,"7",,,,,"31"
"annual","Imputation (FE on clean cells)","ln_yield","2","-0.04631831852991743","0.07595936405694982","-0.19006086518231657","0.0974242281224817","0.5455",,,"7",,,,,"31"
"annual","Imputation (FE on clean cells)","ln_yield","3","-0.0038439383513639777","0.06822861527145617","-0.1321866240438383","0.12449874734111033","0.959",,,"7",,,,,"31"
"annual","Imputation (FE on clean cells)","ln_yield","4","-0.08153601583457587","0.06505221710312722","-0.20617264493137052","0.043100613262218784","0.2211",,,"7",,,,,"31"
"annual","Imputation (FE on clean cells)","ln_yield","5","-0.08416041170314434","0.07669012800416496","-0.2318085379738721","0.06348771456758343","0.2793",,,"7",,,,,"31"
"annual","Imputation (FE on clean cells)","ln_yield","6","-0.019928689447195502","0.06164357600095342","-0.1379322927173155","0.09807491382292448","0.7584",,,"7",,,,,"31"
"annual","Imputation (FE on clean cells)","ln_yield","7","-0.007935899762508386","0.0965339082102856","-0.1923484942178389","0.17647669469282212","0.9326",,,"7",,,,,"31"
"annual","Imputation (FE on clean cells)","ln_yield","8","-0.03286877350517784","0.09852013365869093","-0.21715838523102166","0.151420838220666","0.7474",,,"7",,,,,"31"
"annual","Imputation (FE on clean cells)","ln_yield","9","-0.045846186022772475","0.10145926098535998","-0.2358545830106144","0.14416221096506943","0.6492",,,"7",,,,,"31"
"annual","Dates: product-table nationwide year","ln_yield","-12","0.008280218159409436","0.05160873760960843","-0.08107223027427429","0.09763266659309316","0.9056","0.05037187916460514","0.8725327683265436","7","22","28","29","soybean;onion;sweet_potato;corn;garlic;spring_potato;red_pepper",
"annual","Dates: product-table nationwide year","ln_yield","-11","-0.05369616696615896","0.05691214249514567","-0.16014347555373426","0.05275114162141635","0.3576","0.05563124811270174","0.34542916324826356","7","22","28","29","soybean;onion;sweet_potato;corn;garlic;spring_potato;red_pepper",
"annual","Dates: product-table nationwide year","ln_yield","-10","-0.02496388524091183","0.05452777596307479","-0.1256853117371457","0.07575754125532205","0.6723","0.05340041053150357","0.6470820444580729","7","22","28","29","soybean;onion;sweet_potato;corn;garlic;spring_potato;red_pepper",
"annual","Dates: product-table nationwide year","ln_yield","-9","-0.003790679217390229","0.03811050180162667","-0.07274212373739519","0.06516076530261475","0.9349","0.03715981475659114","0.9207686977800562","7","22","28","29","soybean;onion;sweet_potato;corn;garlic;spring_potato;red_pepper",
"annual","Dates: product-table nationwide year","ln_yield","-8","-0.044515332393980735","0.05465656500684226","-0.14577360581338927","0.0567429410254278","0.434","0.0532973212077028","0.41538413469512925","7","22","28","29","soybean;onion;sweet_potato;corn;garlic;spring_potato;red_pepper",
"annual","Dates: product-table nationwide year","ln_yield","-7","-0.02317100590625722","0.03301048834329674","-0.08636277393891184","0.04002076212639741","0.4979","0.03274494187572645","0.48272369123362857","6","22","28","29","soybean;onion;sweet_potato;corn;garlic;spring_potato",
"annual","Dates: product-table nationwide year","ln_yield","-6","0.0034871233442797626","0.03720694485953628","-0.06563768048196804","0.07261192717052757","0.9326","0.03710356584050762","0.9253296935753972","6","22","28","29","soybean;onion;sweet_potato;corn;garlic;spring_potato",
"annual","Dates: product-table nationwide year","ln_yield","-5","0.008817714715019615","0.03486570077938387","-0.052263981361741124","0.06989941079178036","0.8382","0.034633651144607286","0.8003415223393597","6","22","28","29","soybean;onion;sweet_potato;corn;garlic;spring_potato",
"annual","Dates: product-table nationwide year","ln_yield","-4","-0.007829440548856455","0.030860879190428854","-0.06420664517320324","0.04854776407549033","0.8038","0.03044796281699879","0.7997264453432558","2","22","25","26","onion;garlic",
"annual","Dates: product-table nationwide year","ln_yield","0","-0.016933850772011424","0.052117646667530805","-0.11531449894564895","0.0814467974016261","0.7512","0.051288113095071586","0.745244741670116","7","22","22","29","soybean;onion;sweet_potato;corn;garlic;spring_potato;red_pepper",
"annual","Dates: product-table nationwide year","ln_yield","1","0.0044127165251810554","0.03640486764502961","-0.06528802424579552","0.07411345729615765","0.9051","0.035855709354227557","0.903522908358608","7","22","22","29","soybean;onion;sweet_potato;corn;garlic;spring_potato;red_pepper",
"annual","Dates: product-table nationwide year","ln_yield","2","0.038483738537771504","0.05148397041770213","-0.05712599347336177","0.13409347054890478","0.496","0.05091653369173209","0.4547680069226172","7","22","22","29","soybean;onion;sweet_potato;corn;garlic;spring_potato;red_pepper",
"annual","Dates: product-table nationwide year","ln_yield","3","-0.03475795997142159","0.0699617832336761","-0.16218703408957338","0.09267111414673021","0.6487","0.06886887157448393","0.6193205584293338","7","20","22","29","soybean;onion;sweet_potato;corn;garlic;spring_potato;red_pepper",
"annual","Dates: product-table nationwide year","ln_yield","4","-0.00547856205884964","0.05374551253235895","-0.10702960861822669","0.09607248450052741","0.925","0.05292713085396011","0.918808073143625","7","20","22","29","soybean;onion;sweet_potato;corn;garlic;spring_potato;red_pepper",
"annual","Dates: product-table nationwide year","ln_yield","5","-0.05465244902911892","0.04290470211083183","-0.13610801458372612","0.026803116525488266","0.1949","0.04187932151574841","0.20273067410009027","7","15","22","29","soybean;onion;sweet_potato;corn;garlic;spring_potato;red_pepper",
"annual","Dates: product-table nationwide year","ln_yield","6","-0.11345013512516001","0.07817243455424815","-0.2596421016114438","0.032741831361123755","0.1511","0.07694992560551167","0.14670175034909483","7","14","20","27","soybean;onion;sweet_potato;corn;garlic;spring_potato;red_pepper",
"annual","Dates: product-table nationwide year","ln_yield","7","-0.025545018002254054","0.053496699436029034","-0.1283422339253173","0.07725219792080917","0.6445","0.053056164350396166","0.6330015427264082","7","11","20","27","soybean;onion;sweet_potato;corn;garlic;spring_potato;red_pepper",
"annual","Dates: product-table nationwide year","ln_yield","8","-0.0020296004865975326","0.08357190848527812","-0.16194877494299514","0.15788957396980008","0.9812","0.08242544450689455","0.9806247368030043","7","10","15","22","soybean;onion;sweet_potato;corn;garlic;spring_potato;red_pepper",
"annual","Dates: product-table nationwide year","ln_yield","9","-0.04132720861290125","0.08642363432659095","-0.20785466590337953","0.125200248677577","0.6387","0.08508491275595705","0.632512583708368","7","10","14","21","soybean;onion;sweet_potato;corn;garlic;spring_potato;red_pepper",
"annual","Dates: pilot-year clock (no transition exclusion)","ln_yield","-12","-0.0007660055014884898","0.049643554493124124","-0.09557164006918037","0.09403962906620339","0.9874","0.04899676132175499","0.9876890420597455","7","20","26","27","soybean;onion;sweet_potato;corn;garlic;spring_potato;red_pepper",
"annual","Dates: pilot-year clock (no transition exclusion)","ln_yield","-11","0.0609025500527913","0.05702288052043134","-0.038062084592042966","0.15986718469762556","0.3298","0.056201599061631975","0.2855037919040271","7","20","26","27","soybean;onion;sweet_potato;corn;garlic;spring_potato;red_pepper",
"annual","Dates: pilot-year clock (no transition exclusion)","ln_yield","-10","0.019780955101525617","0.05574967673537942","-0.08317407691140996","0.12273598711446118","0.7488","0.05512851773735129","0.7227263954644512","7","22","26","29","soybean;onion;sweet_potato;corn;garlic;spring_potato;red_pepper",
"annual","Dates: pilot-year clock (no transition exclusion)","ln_yield","-9","0.0049475841954309055","0.05522712696795527","-0.09509681068774889","0.10499197907861071","0.942","0.054415217763063066","0.9286161122176588","7","22","26","29","soybean;onion;sweet_potato;corn;garlic;spring_potato;red_pepper",
"annual","Dates: pilot-year clock (no transition exclusion)","ln_yield","-8","-0.01655265067024414","0.04893093194346497","-0.1059184475778649","0.07281314623737661","0.761","0.047991844411287794","0.7351476508916046","7","22","28","29","soybean;onion;sweet_potato;corn;garlic;spring_potato;red_pepper",
"annual","Dates: pilot-year clock (no transition exclusion)","ln_yield","-7","-0.004787497767308527","0.05043520781266481","-0.09629896757399777","0.08672397203938072","0.9307","0.049480983959820216","0.9243754122433541","7","22","28","29","soybean;onion;sweet_potato;corn;garlic;spring_potato;red_pepper",
"annual","Dates: pilot-year clock (no transition exclusion)","ln_yield","-6","0.0023982372145713166","0.037612926509358054","-0.06588377803792654","0.07068025246706917","0.9484","0.036964547481352514","0.9491605450757041","7","22","28","29","soybean;onion;sweet_potato;corn;garlic;spring_potato;red_pepper",
"annual","Dates: pilot-year clock (no transition exclusion)","ln_yield","-5","-0.03888913741347224","0.04544053990457201","-0.12451390549385061","0.04673563066690612","0.4036","0.04460514650706291","0.3920947387347411","7","22","28","29","soybean;onion;sweet_potato;corn;garlic;spring_potato;red_pepper",
"annual","Dates: pilot-year clock (no transition exclusion)","ln_yield","-4","-0.03982829148979984","0.032950137596205756","-0.10131468251382339","0.021658099534223714","0.2286","0.03226635900571825","0.22676109092019714","7","22","28","29","soybean;onion;sweet_potato;corn;garlic;spring_potato;red_pepper",
"annual","Dates: pilot-year clock (no transition exclusion)","ln_yield","-3","-0.004413459857915674","0.031047954114274627","-0.06194294912483517","0.053116029409003826","0.9037","0.03074650061104382","0.8869616983302346","7","22","28","29","soybean;onion;sweet_potato;corn;garlic;spring_potato;red_pepper",
"annual","Dates: pilot-year clock (no transition exclusion)","ln_yield","-2","-0.009352749110669198","0.042722497116984386","-0.08261862128465385","0.06391312306331544","0.7898","0.04189898339690428","0.8267134598549162","7","22","28","29","soybean;onion;sweet_potato;corn;garlic;spring_potato;red_pepper",
"annual","Dates: pilot-year clock (no transition exclusion)","ln_yield","0","0.01678496548610721","0.037188165602406995","-0.05234284923203593","0.08591278020425035","0.6772","0.036465984116526726","0.651735628978845","7","22","26","29","soybean;onion;sweet_potato;corn;garlic;spring_potato;red_pepper",
"annual","Dates: pilot-year clock (no transition exclusion)","ln_yield","1","0.03668666457707599","0.048887840276933506","-0.05406148670793946","0.12743481586209143","0.4866","0.04835343831429271","0.4529986920664659","7","22","23","29","soybean;onion;sweet_potato;corn;garlic;spring_potato;red_pepper",
"annual","Dates: pilot-year clock (no transition exclusion)","ln_yield","2","-0.04273563707638456","0.04351001751510038","-0.12520161821579517","0.03973034406302606","0.3356","0.04275963999135128","0.3260002196277558","7","22","22","29","soybean;onion;sweet_potato;corn;garlic;spring_potato;red_pepper",
"annual","Dates: pilot-year clock (no transition exclusion)","ln_yield","3","-0.04341608112656293","0.07066659920002256","-0.17184370977111554","0.0850115475179897","0.5774","0.06964784515664785","0.5389648479819695","7","22","22","29","soybean;onion;sweet_potato;corn;garlic;spring_potato;red_pepper",
"annual","Dates: pilot-year clock (no transition exclusion)","ln_yield","4","-0.015458166608375536","0.040285962993859926","-0.09209871015086066","0.06118237693410958","0.6952","0.039635298168791404","0.7011926686751648","7","22","22","29","soybean;onion;sweet_potato;corn;garlic;spring_potato;red_pepper",
"annual","Dates: pilot-year clock (no transition exclusion)","ln_yield","5","0.024899972486027426","0.05380850934878272","-0.0738832618094521","0.12368320678150693","0.6844","0.05314007462730639","0.6435424447923934","7","22","22","29","soybean;onion;sweet_potato;corn;garlic;spring_potato;red_pepper",
"annual","Dates: pilot-year clock (no transition exclusion)","ln_yield","6","-0.009414174432633336","0.05623230878088683","-0.11653645850945996","0.09770810964419327","0.8691","0.05569795586285854","0.8670429293871247","7","22","22","29","soybean;onion;sweet_potato;corn;garlic;spring_potato;red_pepper",
"annual","Dates: pilot-year clock (no transition exclusion)","ln_yield","7","0.008390205174128845","0.0510299866489061","-0.08759329596485178","0.10437370631310948","0.8704","0.05035962095493111","0.869402760387086","7","20","22","29","soybean;onion;sweet_potato;corn;garlic;spring_potato;red_pepper",
"annual","Dates: pilot-year clock (no transition exclusion)","ln_yield","8","-0.05904870164605374","0.03920489154151207","-0.13433763379044622","0.016240230498338733","0.1287","0.038585955266105684","0.13202700713509752","7","20","22","29","soybean;onion;sweet_potato;corn;garlic;spring_potato;red_pepper",
"annual","Dates: pilot-year clock (no transition exclusion)","ln_yield","9","-0.09456562729028348","0.07894841240408894","-0.2441731388362974","0.05504188425573045","0.2404","0.07751220238554865","0.23098887522434963","7","15","20","27","soybean;onion;sweet_potato;corn;garlic;spring_potato;red_pepper",
"annual","Controls: excl. other pulses","ln_yield","-12","-0.06647576246928677","0.06014007420123004","-0.18007073500136794","0.04711921006279442","0.275","0.05911117658146747","0.269008453960474","7","21","27","28","soybean;onion;sweet_potato;corn;garlic;spring_potato;red_pepper",
"annual","Controls: excl. other pulses","ln_yield","-11","-0.00519648526728984","0.04985878756339543","-0.09455447793295234","0.08416150739837265","0.9276","0.04892712848877282","0.9169915408180525","7","21","27","28","soybean;onion;sweet_potato;corn;garlic;spring_potato;red_pepper",
"annual","Controls: excl. other pulses","ln_yield","-10","-0.00530002747878134","0.03930543573734684","-0.07777319526179266","0.06717314030422997","0.9042","0.038695096466213524","0.892736719152428","7","21","27","28","soybean;onion;sweet_potato;corn;garlic;spring_potato;red_pepper",
"annual","Controls: excl. other pulses","ln_yield","-9","-0.04842101253603377","0.05456949002255675","-0.15007140082835813","0.053229375756290595","0.3941","0.053488426516957045","0.3749025707167606","7","21","27","28","soybean;onion;sweet_potato;corn;garlic;spring_potato;red_pepper",
"annual","Controls: excl. other pulses","ln_yield","-8","-0.011378342177016457","0.03161568922203887","-0.07095917626040499","0.048202491906372075","0.7284","0.031125785920640435","0.718925332104833","6","21","27","28","soybean;onion;sweet_potato;corn;garlic;spring_potato",
"annual","Controls: excl. other pulses","ln_yield","-7","0.010405247531166041","0.03818560914036367","-0.059596782232456645","0.08040727729478872","0.7957","0.037759475356728314","0.7852442546013134","6","21","27","28","soybean;onion;sweet_potato;corn;garlic;spring_potato",
"annual","Controls: excl. other pulses","ln_yield","-6","0.0036324982654355187","0.04345710871782865","-0.07162684616846209","0.07889184269933312","0.946","0.04319556641569283","0.93338390822461","5","21","27","28","soybean;onion;sweet_potato;corn;garlic",
"annual","Controls: excl. other pulses","ln_yield","-5","-0.010615821288305577","0.03165833445593016","-0.06802437975527673","0.046792737178665576","0.746","0.030740896228910113","0.7373801684659802","2","21","24","25","onion;garlic",
"annual","Controls: excl. other pulses","ln_yield","0","0.022321980418950695","0.035403048296354184","-0.045878257254501564","0.09052221809240296","0.5229","0.03482552880098214","0.5283608802255091","7","21","21","28","soybean;onion;sweet_potato;corn;garlic;spring_potato;red_pepper",
"annual","Controls: excl. other pulses","ln_yield","1","0.037523281467041404","0.052527184527094345","-0.05926315608487707","0.13430971901895988","0.5202","0.05232891625434824","0.47500504762462814","7","21","21","28","soybean;onion;sweet_potato;corn;garlic;spring_potato;red_pepper",
"annual","Controls: excl. other pulses","ln_yield","2","-0.03558512059283388","0.07183832680118894","-0.16696532010505744","0.0957950789193897","0.6329","0.07049767145051046","0.6203530292208952","7","19","21","28","soybean;onion;sweet_potato;corn;garlic;spring_potato;red_pepper",
"annual","Controls: excl. other pulses","ln_yield","3","0.004253738930877285","0.05316708523406376","-0.09517441430519415","0.10368189216694872","0.9397","0.05252972325494509","0.9362316894850278","7","19","21","28","soybean;onion;sweet_potato;corn;garlic;spring_potato;red_pepper",
"annual","Controls: excl. other pulses","ln_yield","4","-0.08432611049162483","0.05178683870336864","-0.1836690590464557","0.015016838063206042","0.0998","0.050959871802637446","0.10345473749629175","7","14","21","28","soybean;onion;sweet_potato;corn;garlic;spring_potato;red_pepper",
"annual","Controls: excl. other pulses","ln_yield","5","-0.08299468338096953","0.0732316394856641","-0.21921288453990562","0.053223517777966536","0.2733","0.0720136283325437","0.2570810324765995","7","13","19","26","soybean;onion;sweet_potato;corn;garlic;spring_potato;red_pepper",
"annual","Controls: excl. other pulses","ln_yield","6","-0.0058225295940785154","0.0513134535803579","-0.10409365080733639","0.09244859161917936","0.9128","0.050855503886285174","0.9096580693202874","7","10","19","26","soybean;onion;sweet_potato;corn;garlic;spring_potato;red_pepper",
"annual","Controls: excl. other pulses","ln_yield","7","0.015601751212343674","0.08674300969133994","-0.14891339772594092","0.18011690015062826","0.8579","0.0848389532513536","0.8572610892168782","7","9","14","21","soybean;onion;sweet_potato;corn;garlic;spring_potato;red_pepper",
"annual","Controls: excl. other pulses","ln_yield","8","-0.006168364096295759","0.08365297553556854","-0.16483887635701452","0.152502148164423","0.9375","0.08145542442351149","0.9412192325552793","7","9","13","20","soybean;onion;sweet_potato;corn;garlic;spring_potato;red_pepper",
"annual","Controls: excl. other pulses","ln_yield","9","-0.01639207470895239","0.10577540375705421","-0.21561131687871943","0.18282716746081462","0.878","0.10295889543834422","0.8768445179930282","7","7","10","17","soybean;onion;sweet_potato;corn;garlic;spring_potato;red_pepper",
"annual","Controls: excl. likely spillover (leaf lettuce, spinach, malting barley)","ln_yield","-12","-0.05722689912539103","0.05773332850985153","-0.1655543100965751","0.051100511845793034","0.33","0.056369964927984365","0.3215741988269407","7","19","25","26","soybean;onion;sweet_potato;corn;garlic;spring_potato;red_pepper",
"annual","Controls: excl. likely spillover (leaf lettuce, spinach, malting barley)","ln_yield","-11","0.007446888394674844","0.048697437660278536","-0.07806017275177347","0.09295394954112317","0.9047","0.04774504340530344","0.8784601292532135","7","19","25","26","soybean;onion;sweet_potato;corn;garlic;spring_potato;red_pepper",
"annual","Controls: excl. likely spillover (leaf lettuce, spinach, malting barley)","ln_yield","-10","0.008193099265334746","0.03783888738950505","-0.05948936037317684","0.07587555890384634","0.8617","0.03702787684273401","0.8285778362501017","7","19","25","26","soybean;onion;sweet_potato;corn;garlic;spring_potato;red_pepper",
"annual","Controls: excl. likely spillover (leaf lettuce, spinach, malting barley)","ln_yield","-9","-0.03913040147354388","0.05360675041191378","-0.13902080976703618","0.060760006819948406","0.4826","0.05242722836272018","0.4654189917240352","7","19","25","26","soybean;onion;sweet_potato;corn;garlic;spring_potato;red_pepper",
"annual","Controls: excl. likely spillover (leaf lettuce, spinach, malting barley)","ln_yield","-8","-0.004079743482804293","0.03043126980453865","-0.061615331446470224","0.05345584448086164","0.8974","0.030021108710293662","0.8933518176133335","6","19","25","26","soybean;onion;sweet_potato;corn;garlic;spring_potato",
"annual","Controls: excl. likely spillover (leaf lettuce, spinach, malting barley)","ln_yield","-7","0.01298021999009498","0.036912389092577824","-0.05361251904102811","0.07957295902121807","0.7518","0.036268822795307125","0.7251012021552934","6","19","25","26","soybean;onion;sweet_potato;corn;garlic;spring_potato",
"annual","Controls: excl. likely spillover (leaf lettuce, spinach, malting barley)","ln_yield","-6","0.006655930799362567","0.04238870891866503","-0.06435500830295104","0.07766686990167618","0.9021","0.041506740734604294","0.8752280498368485","5","19","25","26","soybean;onion;sweet_potato;corn;garlic",
"annual","Controls: excl. likely spillover (leaf lettuce, spinach, malting barley)","ln_yield","-5","-0.005371191676979149","0.030068721725913652","-0.06095955657745049","0.05021717322349219","0.8731","0.02929114239405047","0.8582278211217718","2","19","22","23","onion;garlic",
"annual","Controls: excl. likely spillover (leaf lettuce, spinach, malting barley)","ln_yield","0","0.014468673371347746","0.0374361912524007","-0.05793508973503496","0.08687243647773045","0.7012","0.037139153194429564","0.6991346020777174","7","19","19","26","soybean;onion;sweet_potato;corn;garlic;spring_potato;red_pepper",
"annual","Controls: excl. likely spillover (leaf lettuce, spinach, malting barley)","ln_yield","1","0.024448479315491586","0.0549978560255791","-0.07851742264225156","0.12741438127323473","0.694","0.05471006356121397","0.6566557329226699","7","19","19","26","soybean;onion;sweet_potato;corn;garlic;spring_potato;red_pepper",
"annual","Controls: excl. likely spillover (leaf lettuce, spinach, malting barley)","ln_yield","2","-0.05612375201757441","0.07381061783933335","-0.19215891921984465","0.07991141518469583","0.4823","0.0731450152336811","0.447030434357083","7","17","19","26","soybean;onion;sweet_potato;corn;garlic;spring_potato;red_pepper",
"annual","Controls: excl. likely spillover (leaf lettuce, spinach, malting barley)","ln_yield","3","-0.02573390289811359","0.053797290100855426","-0.12657818541620153","0.07511037961997435","0.6506","0.05286226243603192","0.6324015222832446","7","17","19","26","soybean;onion;sweet_potato;corn;garlic;spring_potato;red_pepper",
"annual","Controls: excl. likely spillover (leaf lettuce, spinach, malting barley)","ln_yield","4","-0.11413846149005227","0.052121327728225704","-0.21313857563399452","-0.01513834734611004","0.0224","0.051542197527156934","0.028534321062508194","7","12","19","26","soybean;onion;sweet_potato;corn;garlic;spring_potato;red_pepper",
"annual","Controls: excl. likely spillover (leaf lettuce, spinach, malting barley)","ln_yield","5","-0.12108495869881347","0.07692190238039527","-0.26555804880564815","0.023388131408021207","0.1132","0.07559677728571491","0.11545774528008512","7","11","17","24","soybean;onion;sweet_potato;corn;garlic;spring_potato;red_pepper",
"annual","Controls: excl. likely spillover (leaf lettuce, spinach, malting barley)","ln_yield","6","-0.05421212039356562","0.0557040520135002","-0.1590495211236747","0.05062528033654346","0.3361","0.05415389408970842","0.3304455526284338","7","10","17","24","soybean;onion;sweet_potato;corn;garlic;spring_potato;red_pepper",
"annual","Controls: excl. likely spillover (leaf lettuce, spinach, malting barley)","ln_yield","7","-0.03921516899537609","0.09309045708681854","-0.2130548128737112","0.13462447488295903","0.6695","0.08999218844912002","0.6735661528478112","7","9","12","19","soybean;onion;sweet_potato;corn;garlic;spring_potato;red_pepper",
"annual","Controls: excl. likely spillover (leaf lettuce, spinach, malting barley)","ln_yield","8","-0.05699260150404409","0.08798071190261551","-0.22117949039821339","0.10719428739012521","0.5086","0.08468935476417899","0.5171239004978874","7","9","11","18","soybean;onion;sweet_potato;corn;garlic;spring_potato;red_pepper",
"annual","Controls: excl. likely spillover (leaf lettuce, spinach, malting barley)","ln_yield","9","-0.06778555956013732","0.10657639495694055","-0.2705082733448143","0.13493715422453964","0.5182","0.10279602879668404","0.5247582441808634","7","7","10","17","soybean;onion;sweet_potato;corn;garlic;spring_potato;red_pepper",
"annual","Controls: field crops only","ln_yield","-12","-0.03608584742447765","0.05458432332358848","-0.13844490887694932","0.066273214027994","0.5112","0.052859934201242034","0.5085464081029614","7","8","14","15","soybean;onion;sweet_potato;corn;garlic;spring_potato;red_pepper",
"annual","Controls: field crops only","ln_yield","-11","0.020108531625405754","0.045004745873528366","-0.06173756313767906","0.10195462638849057","0.6751","0.043241489773885915","0.6550128742127308","7","8","14","15","soybean;onion;sweet_potato;corn;garlic;spring_potato;red_pepper",
"annual","Controls: field crops only","ln_yield","-10","0.05147273711085406","0.03957281097040805","-0.019124494105722124","0.12206996832743025","0.1875","0.03786236643922982","0.19335785787194903","7","8","14","15","soybean;onion;sweet_potato;corn;garlic;spring_potato;red_pepper",
"annual","Controls: field crops only","ln_yield","-9","-0.019110622237355768","0.05168685759319267","-0.11621822917755494","0.0779969847028434","0.7201","0.050231850256193526","0.7115773275839845","7","8","14","15","soybean;onion;sweet_potato;corn;garlic;spring_potato;red_pepper",
"annual","Controls: field crops only","ln_yield","-8","-0.0009923017152783375","0.04180851218745353","-0.08027792964537918","0.0782933262148225","0.9808","0.04041838871560512","0.9810644328485554","6","8","14","15","soybean;onion;sweet_potato;corn;garlic;spring_potato",
"annual","Controls: field crops only","ln_yield","-7","0.04179605871241322","0.041020111555310323","-0.03336440871852457","0.11695652614335102","0.3181","0.03961341732371064","0.3082427228786344","6","8","14","15","soybean;onion;sweet_potato;corn;garlic;spring_potato",
"annual","Controls: field crops only","ln_yield","-6","0.019242576400625766","0.048905290279305444","-0.060085046612563406","0.09857019941381494","0.8118","0.046848295186199936","0.693975218613758","5","8","14","15","soybean;onion;sweet_potato;corn;garlic",
"annual","Controls: field crops only","ln_yield","-5","-0.0247156913037046","0.05085821956753098","-0.11608815561498666","0.06665677300757746","0.6376","0.04893794540856447","0.6269867307627026","2","8","11","12","onion;garlic",
"annual","Controls: field crops only","ln_yield","0","0.07202404572670003","0.06018086353173918","-0.03925428368725638","0.18330237514065645","0.2207","0.057517245453419394","0.23138718568550676","7","8","8","15","soybean;onion;sweet_potato;corn;garlic;spring_potato;red_pepper",
"annual","Controls: field crops only","ln_yield","1","0.07499949133225849","0.07601118137383713","-0.06451848131750652","0.21451746398202348","0.3149","0.07253403814481123","0.3237945126960684","7","8","8","15","soybean;onion;sweet_potato;corn;garlic;spring_potato;red_pepper",
"annual","Controls: field crops only","ln_yield","2","0.004456472203306347","0.09935520075537846","-0.17783510318163148","0.1867480475882442","0.9647","0.0948330864177316","0.9642237305015524","7","7","8","15","soybean;onion;sweet_potato;corn;garlic;spring_potato;red_pepper",
"annual","Controls: field crops only","ln_yield","3","0.029045101225884287","0.09193450683261226","-0.14288855730627203","0.20097875975804064","0.749","0.08803204924672789","0.752053721083177","7","7","8","15","soybean;onion;sweet_potato;corn;garlic;spring_potato;red_pepper",
"annual","Controls: field crops only","ln_yield","4","-0.08884507093323549","0.08279445233518322","-0.24344265214103586","0.06575251027456488","0.2639","0.0791089926247828","0.2832352235327873","7","7","8","15","soybean;onion;sweet_potato;corn;garlic;spring_potato;red_pepper",
"annual","Controls: field crops only","ln_yield","5","-0.07965185873797924","0.10384020812371975","-0.2710675623827999","0.1117638449068414","0.4248","0.09890948876052018","0.4430447624665441","7","6","7","14","soybean;onion;sweet_potato;corn;garlic;spring_potato;red_pepper",
"annual","Controls: field crops only","ln_yield","6","-0.0686877671018099","0.07133522077234332","-0.20009437654763854","0.06271884234401873","0.3201","0.0678520898125993","0.33560416114858094","7","4","7","14","soybean;onion;sweet_potato;corn;garlic;spring_potato;red_pepper",
"annual","Controls: field crops only","ln_yield","7","-0.035632707775488534","0.12478986555578563","-0.26495321756301893","0.1936878020120419","0.7775","0.1192341585929464","0.7752291773670663","7","4","7","14","soybean;onion;sweet_potato;corn;garlic;spring_potato;red_pepper",
"annual","Controls: field crops only","ln_yield","8","-0.11137533990711462","0.1265660360367608","-0.3449063629600826","0.12215568314585332","0.3732","0.12157310947116469","0.3788711735484269","7","4","6","13","soybean;onion;sweet_potato;corn;garlic;spring_potato;red_pepper",
"annual","Controls: field crops only","ln_yield","9","-0.16848269243328493","0.13921237825603514","-0.42478395899629073","0.08781857412972086","0.2212","0.13272627017448682","0.22618046525124447","7","4","4","11","soybean;onion;sweet_potato;corn;garlic;spring_potato;red_pepper",
"annual","Controls: excl. uncertain seasonal forms","ln_yield","-12","-0.05321294895898476","0.058284086884445904","-0.16265726888724757","0.05623137096927806","0.367","0.057118896365318875","0.36124635284600615","7","13","19","20","soybean;onion;sweet_potato;corn;garlic;spring_potato;red_pepper",
"annual","Controls: excl. uncertain seasonal forms","ln_yield","-11","0.00438716711563876","0.049160870560047226","-0.08655291254190497","0.0953272467731825","0.9352","0.04815886846220139","0.9288903518922293","7","13","19","20","soybean;onion;sweet_potato;corn;garlic;spring_potato;red_pepper",
"annual","Controls: excl. uncertain seasonal forms","ln_yield","-10","0.012096023244829723","0.042606587693718424","-0.06749999845969971","0.09169204494935916","0.7879","0.04190007599586825","0.7764867826894559","7","13","19","20","soybean;onion;sweet_potato;corn;garlic;spring_potato;red_pepper",
"annual","Controls: excl. uncertain seasonal forms","ln_yield","-9","-0.034322271259938766","0.054060032153173176","-0.13547728716525562","0.06683274464537808","0.5399","0.05299781236094801","0.5254989838070401","7","13","19","20","soybean;onion;sweet_potato;corn;garlic;spring_potato;red_pepper",
"annual","Controls: excl. uncertain seasonal forms","ln_yield","-8","-0.017689623881488988","0.037831108304456455","-0.08878138467247595","0.05340213690949799","0.6542","0.03701643140546031","0.6400744908844898","6","13","19","20","soybean;onion;sweet_potato;corn;garlic;spring_potato",
"annual","Controls: excl. uncertain seasonal forms","ln_yield","-7","0.014929368402051994","0.038737052780423116","-0.05786669947005054","0.08772543627415452","0.7192","0.03806159137349683","0.699939012293396","6","13","19","20","soybean;onion;sweet_potato;corn;garlic;spring_potato",
"annual","Controls: excl. uncertain seasonal forms","ln_yield","-6","0.007998971906270351","0.04545801624648406","-0.06886792754023352","0.08486587135277424","0.9082","0.04433031437502199","0.8603222675260815","5","13","19","20","soybean;onion;sweet_potato;corn;garlic",
"annual","Controls: excl. uncertain seasonal forms","ln_yield","-5","-0.018268141912514697","0.039745056440423525","-0.0899118459870604","0.05337556216203101","0.6914","0.03888942923348523","0.6457796251144923","2","13","16","17","onion;garlic",
"annual","Controls: excl. uncertain seasonal forms","ln_yield","0","0.0350180062865193","0.043923561915636386","-0.04860065323256452","0.11863666580560311","0.4239","0.0428112859840153","0.42530655921894134","7","13","13","20","soybean;onion;sweet_potato;corn;garlic;spring_potato;red_pepper",
"annual","Controls: excl. uncertain seasonal forms","ln_yield","1","0.04725930150636736","0.06060852894285496","-0.06491318149467873","0.15943178450741347","0.4479","0.0588409059333166","0.4355399744211943","7","13","13","20","soybean;onion;sweet_potato;corn;garlic;spring_potato;red_pepper",
"annual","Controls: excl. uncertain seasonal forms","ln_yield","2","-0.011708636577128576","0.08113924759779503","-0.16120867053219684","0.13779139737793966","0.8971","0.07902217657757243","0.8852612120638581","7","11","13","20","soybean;onion;sweet_potato;corn;garlic;spring_potato;red_pepper",
"annual","Controls: excl. uncertain seasonal forms","ln_yield","3","0.02331894983171237","0.06717799286108649","-0.10436599937751648","0.15100389904094122","0.7324","0.06572982835216898","0.7284997714795591","7","11","13","20","soybean;onion;sweet_potato;corn;garlic;spring_potato;red_pepper",
"annual","Controls: excl. uncertain seasonal forms","ln_yield","4","-0.08124124397232416","0.06409800243107673","-0.2031970221350792","0.04071453419043089","0.1978","0.0625912640734173","0.20499314443043892","7","11","13","20","soybean;onion;sweet_potato;corn;garlic;spring_potato;red_pepper",
"annual","Controls: excl. uncertain seasonal forms","ln_yield","5","-0.06605781697738451","0.08567235326627061","-0.22897635077522122","0.0968607168204522","0.4435","0.0837224275660713","0.4406762647615876","7","10","11","18","soybean;onion;sweet_potato;corn;garlic;spring_potato;red_pepper",
"annual","Controls: excl. uncertain seasonal forms","ln_yield","6","-0.024739062925392928","0.0714256085277579","-0.1606401923102796","0.11116206645949372","0.7292","0.06963406938785927","0.7290712442382232","7","7","11","18","soybean;onion;sweet_potato;corn;garlic;spring_potato;red_pepper",
"annual","Controls: excl. uncertain seasonal forms","ln_yield","7","-0.004508394975699319","0.10333233724566032","-0.19971911412317278","0.19070232417177413","0.9629","0.1005976604390344","0.9651992985630871","7","7","11","18","soybean;onion;sweet_potato;corn;garlic;spring_potato;red_pepper",
"annual","Controls: excl. uncertain seasonal forms","ln_yield","8","-0.06008724712211658","0.10753384889657754","-0.26302070967445085","0.1428462154302177","0.5754","0.10459073622349198","0.5763151549122469","7","7","10","17","soybean;onion;sweet_potato;corn;garlic;spring_potato;red_pepper",
"annual","Controls: excl. uncertain seasonal forms","ln_yield","9","-0.0805767397580371","0.12127321022997241","-0.3053291556552672","0.14417567613919302","0.5048","0.11695805702740394","0.5064194600248715","7","7","7","14","soybean;onion;sweet_potato;corn;garlic;spring_potato;red_pepper",
"annual","Leave out cohort 2012","ln_yield","-12","-0.06460243649634582","0.08366370790373462","-0.21919705433076375","0.08999218133807209","0.4546","0.08179300120117858","0.44001494234032545","5","22","26","27","sweet_potato;corn;garlic;spring_potato;red_pepper",
"annual","Leave out cohort 2012","ln_yield","-11","0.0022236903384101336","0.06959588166600558","-0.11830036179864832","0.12274774247546859","0.979","0.06834672904932805","0.9745107568779614","5","22","26","27","sweet_potato;corn;garlic;spring_potato;red_pepper",
"annual","Leave out cohort 2012","ln_yield","-10","-0.0074397759326052595","0.0565129174120599","-0.1090456357131909","0.09416608384798039","0.9205","0.055650740279350554","0.8952632299393111","5","22","26","27","sweet_potato;corn;garlic;spring_potato;red_pepper",
"annual","Leave out cohort 2012","ln_yield","-9","-0.06426492255256688","0.07756553793699","-0.20755418104573423","0.07902433594060046","0.4281","0.07609193187406563","0.4073737154385395","5","22","26","27","sweet_potato;corn;garlic;spring_potato;red_pepper",
"annual","Leave out cohort 2012","ln_yield","-8","-0.03369621484303179","0.03526943707673636","-0.09542356039865674","0.028031130712593146","0.3909","0.034568925416727445","0.3393783971276463","4","22","26","27","sweet_potato;corn;garlic;spring_potato",
"annual","Leave out cohort 2012","ln_yield","-7","-0.0160792403031415","0.03677548723229199","-0.08182531000909807","0.049666829402815076","0.7153","0.03631071351779627","0.6619466448296256","4","22","26","27","sweet_potato;corn;garlic;spring_potato",
"annual","Leave out cohort 2012","ln_yield","-6","-0.018583156800158783","0.022699840266052568","-0.05902669002629451","0.021860376425976942","0.4724","0.022317824641504194","0.41298782660732947","3","22","24","25","sweet_potato;corn;garlic",
"annual","Leave out cohort 2012","ln_yield","-5","-0.052838996932342425","0.05300995807668749","-0.14195317627160237","0.03627518240691753","0.4199","0.05215574060935671","0.3188737725838733","1","22","22","23","garlic",
"annual","Leave out cohort 2012","ln_yield","0","0.021702013792740955","0.03811836120540626","-0.05125411331216922","0.09465814089765112","0.577","0.03747860988551873","0.5691306591250334","5","22","22","27","sweet_potato;corn;garlic;spring_potato;red_pepper",
"annual","Leave out cohort 2012","ln_yield","1","-0.022099454075375495","0.0316306253951374","-0.0826858805039077","0.038486972353156707","0.48","0.031087377240355842","0.4847566060414956","5","22","22","27","sweet_potato;corn;garlic;spring_potato;red_pepper",
"annual","Leave out cohort 2012","ln_yield","2","-0.09445525633663535","0.0771233725338985","-0.23256529091099892","0.04365477823772823","0.2356","0.07547129597831037","0.22067721959938957","5","20","22","27","sweet_potato;corn;garlic;spring_potato;red_pepper",
"annual","Leave out cohort 2012","ln_yield","3","-0.039852284107112036","0.04332927511951213","-0.12292516227472505","0.04322059406050099","0.3556","0.04256852359920375","0.3577012060175364","5","20","22","27","sweet_potato;corn;garlic;spring_potato;red_pepper",
"annual","Leave out cohort 2012","ln_yield","4","-0.14832725046490375","0.046544305797315284","-0.23669631933373825","-0.05995818159606926","0.0003","0.04559517459170346","0.0014385774317386968","5","15","20","25","sweet_potato;corn;garlic;spring_potato;red_pepper",
"annual","Leave out cohort 2012","ln_yield","5","-0.14744877445748628","0.07278215572690444","-0.2836796335683789","-0.011217915346593693","0.0306","0.07120378656437813","0.042775870938462246","5","14","20","25","sweet_potato;corn;garlic;spring_potato;red_pepper",
"annual","Leave out cohort 2012","ln_yield","6","-0.047863044920688984","0.0486911240298143","-0.13973914696622808","0.044013057124850104","0.3184","0.047367603667196986","0.32561077429861474","5","11","15","20","sweet_potato;corn;garlic;spring_potato;red_pepper",
"annual","Leave out cohort 2012","ln_yield","7","-0.05865307710339891","0.10449974848601538","-0.25493470877757","0.13762855457077222","0.5743","0.1014018573761025","0.5746102069857617","5","10","14","19","sweet_potato;corn;garlic;spring_potato;red_pepper",
"annual","Leave out cohort 2012","ln_yield","8","-0.09457062412979006","0.08730533831996802","-0.2565979814861826","0.0674567332266025","0.2734","0.0843765046759202","0.2787121286085208","5","10","11","16","sweet_potato;corn;garlic;spring_potato;red_pepper",
"annual","Leave out cohort 2012","ln_yield","9","-0.1505272272114969","0.09147051979235138","-0.3194206679526101","0.018366213529616315","0.086","0.08807361316354241","0.09983861708924868","5","8","10","15","sweet_potato;corn;garlic;spring_potato;red_pepper",
"annual","Leave out cohort 2013","ln_yield","-12","-0.09138375697923204","0.06183284644328101","-0.20311033730551034","0.020342823347046263","0.1478","0.060833710003315125","0.13943024631423118","3","22","24","25","soybean;onion;red_pepper",
"annual","Leave out cohort 2013","ln_yield","-11","-0.0601273429249021","0.05909850467734957","-0.16792707780410593","0.04767239195430174","0.3452","0.058047005031987196","0.3089589636616319","3","22","24","25","soybean;onion;red_pepper",
"annual","Leave out cohort 2013","ln_yield","-10","-0.027609258472816506","0.03533352465069453","-0.08557150559600768","0.030352988650374668","0.5521","0.03446372281786797","0.43457322327359993","3","22","24","25","soybean;onion;red_pepper",
"annual","Leave out cohort 2013","ln_yield","-9","-0.08808633500520388","0.08793020705061123","-0.22190484991224896","0.0457321799018412","0.3988","0.08573342153394829","0.316451989360262","3","22","24","25","soybean;onion;red_pepper",
"annual","Leave out cohort 2013","ln_yield","-8","0.026976830078898714","0.0638872114372203","-0.08054051776231476","0.1344941779201122","0.7629","0.06336173752098855","0.6728373510726078","2","22","24","25","soybean;onion",
"annual","Leave out cohort 2013","ln_yield","-7","0.05214692509922811","0.08944815280289274","-0.08865618862840452","0.19295003882686074","0.7345","0.08837436938451566","0.5599034451676204","2","22","24","25","soybean;onion",
"annual","Leave out cohort 2013","ln_yield","-6","0.04166557670805486","0.10234827526443253","-0.12348474475155762","0.20681589816766732","0.7679","0.1012730957126406","0.6839374578808803","2","22","24","25","soybean;onion",
"annual","Leave out cohort 2013","ln_yield","-5","0.037050081773868704","0.039400406506041284","-0.024936583330961326","0.09903674687869873","0.4435","0.03841233177617628","0.3470392379043252","1","22","22","23","onion",
"annual","Leave out cohort 2013","ln_yield","0","0.009573477634546648","0.04633139697253594","-0.07770185750833242","0.09684881277742571","0.8423","0.0456616176781636","0.8362984739109245","3","22","22","25","soybean;onion;red_pepper",
"annual","Leave out cohort 2013","ln_yield","1","0.09504730151477866","0.09272232302027043","-0.07076039051146879","0.26085499354102615","0.3454","0.09071820921051985","0.3053279723805975","3","22","22","25","soybean;onion;red_pepper",
"annual","Leave out cohort 2013","ln_yield","2","-0.07076730917293525","0.14658029795123295","-0.32096182346681534","0.17942720512094487","0.5575","0.14146298744311794","0.6292457862882626","3","20","22","25","soybean;onion;red_pepper",
"annual","Leave out cohort 2013","ln_yield","3","0.015349550495773898","0.0992165661278435","-0.1633622804206878","0.1940613814122356","0.88","0.09683581722874737","0.8770518885036807","3","20","22","25","soybean;onion;red_pepper",
"annual","Leave out cohort 2013","ln_yield","4","-0.027262740751522338","0.0758170336883281","-0.1672739611849236","0.11274847968187894","0.729","0.07362866896365837","0.7191567854302132","3","15","22","25","soybean;onion;red_pepper",
"annual","Leave out cohort 2013","ln_yield","5","-0.09991873906343916","0.15281253828873612","-0.3620230728334385","0.16218559470656013","0.5032","0.14767509192258807","0.5131989167719775","3","14","20","23","soybean;onion;red_pepper",
"annual","Leave out cohort 2013","ln_yield","6","-0.01930918111962067","0.09297924163355668","-0.18645519462115773","0.14783683238191636","0.8651","0.09098449497589757","0.8354851149507738","3","11","20","23","soybean;onion;red_pepper",
"annual","Leave out cohort 2013","ln_yield","7","-0.03516216056517388","0.13784837971829678","-0.2860669369254468","0.2157426157950991","0.8052","0.13281418198161463","0.798662454750815","3","10","15","18","soybean;onion;red_pepper",
"annual","Leave out cohort 2013","ln_yield","8","-0.022585220698926628","0.14388104230813717","-0.2853918961918763","0.2402214547940231","0.8746","0.13961963505988934","0.8752673221094591","3","10","14","17","soybean;onion;red_pepper",
"annual","Leave out cohort 2013","ln_yield","9","0.08280244108042517","0.1394943343055016","-0.17403977719146085","0.3396446593523112","0.5595","0.13386071069982378","0.5527863749842905","3","8","11","14","soybean;onion;red_pepper",
"annual","Leave out cohort 2015","ln_yield","-12","-0.0553495712434887","0.0676770684031576","-0.18281908331818636","0.07211994083120897","0.4331","0.06655828068564139","0.413443849039667","6","22","27","28","soybean;onion;sweet_potato;corn;garlic;spring_potato",
"annual","Leave out cohort 2015","ln_yield","-11","0.017380782185533156","0.055216317162632304","-0.07867078671595865","0.11343235108702496","0.8276","0.0544586919580044","0.7529315877047047","6","22","27","28","soybean;onion;sweet_potato;corn;garlic;spring_potato",
"annual","Leave out cohort 2015","ln_yield","-10","0.0074842604101042","0.0435187425688854","-0.07046502943642871","0.08543355025663713","0.8844","0.04251276742629594","0.8634549313251765","6","22","27","28","soybean;onion;sweet_potato;corn;garlic;spring_potato",
"annual","Leave out cohort 2015","ln_yield","-9","-0.013951328574599475","0.04898378076644335","-0.10309138309038801","0.07518872594118906","0.7981","0.04781232641591666","0.7757856754414703","6","22","27","28","soybean;onion;sweet_potato;corn;garlic;spring_potato",
"annual","Leave out cohort 2015","ln_yield","-8","-0.014942130491097324","0.03092081150412447","-0.07479417304337177","0.044909912061177115","0.6448","0.031001467624056582","0.6289263117252943","6","22","27","28","soybean;onion;sweet_potato;corn;garlic;spring_potato",
"annual","Leave out cohort 2015","ln_yield","-7","0.006545043551791693","0.0369003722940835","-0.061276512340910444","0.07436659944449384","0.8647","0.03652811708568471","0.859217248343229","6","22","27","28","soybean;onion;sweet_potato;corn;garlic;spring_potato",
"annual","Leave out cohort 2015","ln_yield","-6","0.0031951897085644304","0.04154993923820337","-0.06844821912091215","0.074838598538041","0.9382","0.041017212000410225","0.9387031093974743","5","22","27","28","soybean;onion;sweet_potato;corn;garlic",
"annual","Leave out cohort 2015","ln_yield","-5","-0.007829440548856455","0.03196194540780039","-0.06620813142950158","0.05054925033178867","0.8097","0.031170189690169717","0.8064863760504821","2","22","25","26","onion;garlic",
"annual","Leave out cohort 2015","ln_yield","0","0.0207737396682446","0.0367255685813365","-0.048971221157351016","0.09051870049384021","0.5625","0.035800471389127154","0.571633178823904","6","22","22","28","soybean;onion;sweet_potato;corn;garlic;spring_potato",
"annual","Leave out cohort 2015","ln_yield","1","0.04422840493742486","0.05731735780591545","-0.06077556345285877","0.1492323733277085","0.4766","0.05627995269233078","0.44032727361495727","6","22","22","28","soybean;onion;sweet_potato;corn;garlic;spring_potato",
"annual","Leave out cohort 2015","ln_yield","2","0.02097602547591183","0.0504968665665924","-0.07509142304451442","0.11704347399633809","0.6823","0.04957632142122006","0.677854511643472","6","22","22","28","soybean;onion;sweet_potato;corn;garlic;spring_potato",
"annual","Leave out cohort 2015","ln_yield","3","0.023865739115607975","0.05288743805159295","-0.07648870858419386","0.12422018681540982","0.6589","0.05197902681510751","0.6518055248377173","6","22","22","28","soybean;onion;sweet_potato;corn;garlic;spring_potato",
"annual","Leave out cohort 2015","ln_yield","4","-0.07050669212129812","0.05542818569342206","-0.17470984433980283","0.03369646009720659","0.2159","0.05482767719583335","0.20336004337354807","6","20","22","28","soybean;onion;sweet_potato;corn;garlic;spring_potato",
"annual","Leave out cohort 2015","ln_yield","5","-0.042546899804122476","0.06383842178317342","-0.16047793550268336","0.07538413589443839","0.5287","0.06234336277578135","0.5051056597814467","6","20","20","26","soybean;onion;sweet_potato;corn;garlic;spring_potato",
"annual","Leave out cohort 2015","ln_yield","6","-0.00950560811226838","0.054881011866396275","-0.11343815662285131","0.09442694039831454","0.8602","0.05324736134078185","0.8624911178143018","6","15","20","26","soybean;onion;sweet_potato;corn;garlic;spring_potato",
"annual","Leave out cohort 2015","ln_yield","7","0.04560395244660526","0.07580360884130898","-0.09554070991910582","0.18674861481231633","0.5552","0.07392455241972089","0.547436025220791","6","14","15","21","soybean;onion;sweet_potato;corn;garlic;spring_potato",
"annual","Leave out cohort 2015","ln_yield","8","0.010315650015693352","0.07798025855219877","-0.13706536677116948","0.15769666680255617","0.9037","0.07657102961061509","0.8947585517416989","6","11","14","20","soybean;onion;sweet_potato;corn;garlic;spring_potato",
"annual","Leave out cohort 2015","ln_yield","9","-0.018131481908484383","0.11003140784223896","-0.22360024316003996","0.1873372793430712","0.8692","0.10658667382031665","0.8691135230333638","6","10","11","17","soybean;onion;sweet_potato;corn;garlic;spring_potato",
"annual","Leave out Soybean","ln_yield","-12","-0.07307235318672464","0.07109811865851105","-0.20727412361434625","0.06112941724089696","0.3187","0.07018859259783827","0.30405909157442434","6","22","27","28","onion;sweet_potato;corn;garlic;spring_potato;red_pepper",
"annual","Leave out Soybean","ln_yield","-11","-0.014504812245194895","0.058519490990782484","-0.11903475022707863","0.09002512573668883","0.8357","0.0576142772502893","0.8042404659609041","6","22","27","28","onion;sweet_potato;corn;garlic;spring_potato;red_pepper",
"annual","Leave out Soybean","ln_yield","-10","-0.008216656660040872","0.046182947375397916","-0.091915181525439","0.07548186820535725","0.8736","0.04529701046638076","0.8587894315757658","6","22","27","28","onion;sweet_potato;corn;garlic;spring_potato;red_pepper",
"annual","Leave out Soybean","ln_yield","-9","-0.049255663600205696","0.0635143333081559","-0.16823816136337563","0.06972683416296424","0.4651","0.06260448768413374","0.4380414930044949","6","22","27","28","onion;sweet_potato;corn;garlic;spring_potato;red_pepper",
"annual","Leave out Soybean","ln_yield","-8","-0.03742330097360109","0.030097402091115135","-0.0928057112397827","0.017959109292580537","0.2264","0.02988606099240098","0.21371813033524711","5","22","27","28","onion;sweet_potato;corn;garlic;spring_potato",
"annual","Leave out Soybean","ln_yield","-7","-0.022324842467173978","0.031129151163732875","-0.07950745746717361","0.03485777253282566","0.5046","0.03050451849188685","0.47327021602849806","5","22","27","28","onion;sweet_potato;corn;garlic;spring_potato",
"annual","Leave out Soybean","ln_yield","-6","-0.03940711091146292","0.030014493443973576","-0.09232811925458312","0.01351389743165727","0.21","0.02974439508003465","0.1892044929856842","4","22","25","26","onion;sweet_potato;corn;garlic",
"annual","Leave out Soybean","ln_yield","-5","-0.007829440548856455","0.029889097462281747","-0.061990952004498404","0.0463320709067855","0.8108","0.029260329811634407","0.7933602107138553","2","22","25","26","onion;garlic",
"annual","Leave out Soybean","ln_yield","0","0.006849637352929684","0.03626802203250708","-0.0627186884945578","0.07641796320041719","0.8464","0.035672941560655265","0.8502012758938267","6","22","22","28","onion;sweet_potato;corn;garlic;spring_potato;red_pepper",
"annual","Leave out Soybean","ln_yield","1","-0.013520335378250217","0.031131265731188438","-0.07362693321196405","0.046586262455463615","0.6654","0.030776229734051624","0.6640699817957654","6","22","22","28","onion;sweet_potato;corn;garlic;spring_potato;red_pepper",
"annual","Leave out Soybean","ln_yield","2","-0.08022136422028008","0.06711140347945226","-0.20165824175384164","0.04121551331328149","0.2464","0.06602271310672918","0.2319517782015197","6","20","22","28","onion;sweet_potato;corn;garlic;spring_potato;red_pepper",
"annual","Leave out Soybean","ln_yield","3","-0.040371768223101887","0.04000092147499587","-0.11724982856300506","0.03650629211680129","0.3156","0.039618932767245575","0.31284470563766664","6","20","22","28","onion;sweet_potato;corn;garlic;spring_potato;red_pepper",
"annual","Leave out Soybean","ln_yield","4","-0.11668476626939803","0.04953660332715912","-0.21145159226212928","-0.02191794027666677","0.0133","0.049169315651723125","0.01849649336250092","6","15","22","28","onion;sweet_potato;corn;garlic;spring_potato;red_pepper",
"annual","Leave out Soybean","ln_yield","5","-0.14387216245248277","0.06301607346116184","-0.2633451845448933","-0.024399140360072208","0.0118","0.06220418424412141","0.02242432424798224","6","14","20","26","onion;sweet_potato;corn;garlic;spring_potato;red_pepper",
"annual","Leave out Soybean","ln_yield","6","-0.05973321601922626","0.04562382535765957","-0.14644620256171023","0.026979770523257722","0.1838","0.04461124583128671","0.19044802771061597","6","11","20","26","onion;sweet_potato;corn;garlic;spring_potato;red_pepper",
"annual","Leave out Soybean","ln_yield","7","-0.034919675787266055","0.09322810494558076","-0.21220410284804747","0.14236475127351533","0.7144","0.09176278236521936","0.7079864750846774","6","10","15","21","onion;sweet_potato;corn;garlic;spring_potato;red_pepper",
"annual","Leave out Soybean","ln_yield","8","-0.0406592606436098","0.09249919948070907","-0.2177989322218214","0.13648041093460178","0.663","0.09059487094503993","0.6602533693517114","6","10","14","20","onion;sweet_potato;corn;garlic;spring_potato;red_pepper",
"annual","Leave out Soybean","ln_yield","9","-0.08988733579000066","0.10124316113812887","-0.2818058397145887","0.10203116813458743","0.3683","0.09802047426777431","0.3746289081977823","6","8","11","17","onion;sweet_potato;corn;garlic;spring_potato;red_pepper",
"annual","Leave out Onion","ln_yield","-12","-0.059097350032367324","0.06890485477769137","-0.19004362918459108","0.07184892911985644","0.4062","0.06795540756392406","0.3910769286007594","6","22","27","28","soybean;sweet_potato;corn;garlic;spring_potato;red_pepper",
"annual","Leave out Onion","ln_yield","-11","0.010846995994387387","0.057607470074570226","-0.09130403247058179","0.11299802445935657","0.8851","0.05695901015777821","0.8506481612274805","6","22","27","28","soybean;sweet_potato;corn;garlic;spring_potato;red_pepper",
"annual","Leave out Onion","ln_yield","-10","-0.005382635175319714","0.04653522605810213","-0.0904367295903043","0.07967145923966487","0.9269","0.04572573790641151","0.9079156913155564","6","22","27","28","soybean;sweet_potato;corn;garlic;spring_potato;red_pepper",
"annual","Leave out Onion","ln_yield","-9","-0.05995498743595226","0.06448189428968051","-0.18096357755371473","0.06105360268181019","0.3745","0.06360403898584145","0.35247687796902794","6","22","27","28","soybean;sweet_potato;corn;garlic;spring_potato;red_pepper",
"annual","Leave out Onion","ln_yield","-8","-0.006513504272059791","0.03561465788708441","-0.07228342228519924","0.05925641374107965","0.8486","0.03481182932641649","0.8548856625179109","5","22","27","28","soybean;sweet_potato;corn;garlic;spring_potato",
"annual","Leave out Onion","ln_yield","-7","0.019105276634265048","0.042974650240749236","-0.05821017693877982","0.09642073020730992","0.6587","0.042038145617928305","0.6566299197223959","5","22","27","28","soybean;sweet_potato;corn;garlic;spring_potato",
"annual","Leave out Onion","ln_yield","-6","0.030587780339514793","0.04627635844569999","-0.04022818580652856","0.10140374648555814","0.7313","0.04542626264354972","0.5086246833173675","4","22","27","28","soybean;sweet_potato;corn;garlic",
"annual","Leave out Onion","ln_yield","-5","-0.052838996932342425","0.05301564836120704","-0.14133391566714953","0.035655921802464685","0.4194","0.052019559229142615","0.3189257172979061","1","22","22","23","garlic",
"annual","Leave out Onion","ln_yield","0","0.03305811913075557","0.03526583570122223","-0.03472826700550019","0.10084450526701133","0.3487","0.03466933500414667","0.34855393822288083","6","22","22","28","soybean;sweet_potato;corn;garlic;spring_potato;red_pepper",
"annual","Leave out Onion","ln_yield","1","0.031772045631437824","0.05887927998155365","-0.07401681308018157","0.13756090434305723","0.6366","0.057695500912824514","0.5894637066767414","6","22","22","28","soybean;sweet_potato;corn;garlic;spring_potato;red_pepper",
"annual","Leave out Onion","ln_yield","2","-0.04505152075579222","0.08083727965138704","-0.19203032004959777","0.10192727853801334","0.6061","0.07952452650643646","0.5773148295994919","6","20","22","28","soybean;sweet_potato;corn;garlic;spring_potato;red_pepper",
"annual","Leave out Onion","ln_yield","3","0.00632667027095923","0.05754108584317032","-0.10111262583103788","0.11376596637295634","0.9171","0.05635009416533575","0.9124486443225319","6","20","22","28","soybean;sweet_potato;corn;garlic;spring_potato;red_pepper",
"annual","Leave out Onion","ln_yield","4","-0.11079332806026182","0.053270278849461616","-0.2119463482766918","-0.009640307843831866","0.028","0.05264555367757245","0.037540777016174864","6","15","22","28","soybean;sweet_potato;corn;garlic;spring_potato;red_pepper",
"annual","Leave out Onion","ln_yield","5","-0.08669194028729578","0.0851279232785952","-0.2436923313356673","0.07030845076107577","0.3293","0.08344529008710068","0.30850094227823766","6","14","20","26","soybean;sweet_potato;corn;garlic;spring_potato;red_pepper",
"annual","Leave out Onion","ln_yield","6","-0.009675689467673596","0.056978731599682454","-0.11653640773467286","0.09718502879932567","0.8683","0.055644884725816364","0.8651577533719239","6","11","20","26","soybean;sweet_potato;corn;garlic;spring_potato;red_pepper",
"annual","Leave out Onion","ln_yield","7","-0.024385234509973","0.09685973953114374","-0.20778421799385727","0.15901374897391124","0.801","0.09468811116432602","0.8012279616994078","6","10","15","21","soybean;sweet_potato;corn;garlic;spring_potato;red_pepper",
"annual","Leave out Onion","ln_yield","8","-0.0780424996855133","0.08016232746448002","-0.2308774353920295","0.07479243602100291","0.3294","0.07806751969664588","0.3302771363847745","6","10","14","20","soybean;sweet_potato;corn;garlic;spring_potato;red_pepper",
"annual","Leave out Onion","ln_yield","9","-0.08663682890850649","0.10506766266176497","-0.28126716048502765","0.10799350266801466","0.4159","0.10146560200081502","0.4096093467734063","6","8","11","17","soybean;sweet_potato;corn;garlic;spring_potato;red_pepper",
"annual","Leave out Sweet potato","ln_yield","-12","-0.12117058316186584","0.05226581070101386","-0.22026466246749427","-0.022076503856237426","0.0138","0.051279944273688184","0.020430160667569197","6","22","27","28","soybean;onion;corn;garlic;spring_potato;red_pepper",
"annual","Leave out Sweet potato","ln_yield","-11","-0.050995442450621986","0.034647450169387015","-0.11655581389583393","0.014564928994589957","0.1343","0.03414540791240025","0.14106456162048864","6","22","27","28","soybean;onion;corn;garlic;spring_potato;red_pepper",
"annual","Leave out Sweet potato","ln_yield","-10","-0.04057488636220835","0.027845724059666538","-0.09390774502976265","0.012757972305345942","0.1407","0.02723069557974996","0.14508003813825443","6","22","27","28","soybean;onion;corn;garlic;spring_potato;red_pepper",
"annual","Leave out Sweet potato","ln_yield","-9","-0.09204127319343142","0.05173507564007511","-0.18529177221736243","0.00120922583049958","0.0545","0.05065200004068088","0.07522526939404761","6","22","27","28","soybean;onion;corn;garlic;spring_potato;red_pepper",
"annual","Leave out Sweet potato","ln_yield","-8","-0.014194133776234998","0.03860520164365579","-0.08577193142898462","0.05738366387651463","0.7249","0.0383912996792639","0.7131162355809473","5","22","27","28","soybean;onion;corn;garlic;spring_potato",
"annual","Leave out Sweet potato","ln_yield","-7","-0.001942357389689571","0.04367660927874939","-0.08058067022016063","0.0766959554407815","0.9621","0.043388176313436326","0.9645286958507691","5","22","27","28","soybean;onion;corn;garlic;spring_potato",
"annual","Leave out Sweet potato","ln_yield","-6","0.006066130784902285","0.053572580942276744","-0.08554872798175168","0.09768098955155625","0.9265","0.0528638727026349","0.9098466220397974","4","22","27","28","soybean;onion;corn;garlic",
"annual","Leave out Sweet potato","ln_yield","-5","-0.007680183524219496","0.03504462240194784","-0.07026188515274501","0.05490151810430602","0.8398","0.03444241417893438","0.8265297682208179","2","22","24","25","onion;garlic",
"annual","Leave out Sweet potato","ln_yield","0","0.03215166652386603","0.03350624416017523","-0.03225596789028076","0.09655930093801282","0.3458","0.03317596473229942","0.33727047435894986","6","22","22","28","soybean;onion;corn;garlic;spring_potato;red_pepper",
"annual","Leave out Sweet potato","ln_yield","1","0.04887123357542451","0.055514527003438154","-0.04935447744243098","0.14709694459328","0.426","0.0543789579899206","0.37867929689931445","6","22","22","28","soybean;onion;corn;garlic;spring_potato;red_pepper",
"annual","Leave out Sweet potato","ln_yield","2","-0.03866125795367435","0.08005228091597444","-0.18369835683106311","0.10637584092371442","0.6523","0.07910183507387657","0.6291311597714562","6","20","22","28","soybean;onion;corn;garlic;spring_potato;red_pepper",
"annual","Leave out Sweet potato","ln_yield","3","0.010373564452806277","0.0568481578698543","-0.09590190938145546","0.11664903828706802","0.8678","0.056192996294811524","0.8552072549041476","6","20","22","28","soybean;onion;corn;garlic;spring_potato;red_pepper",
"annual","Leave out Sweet potato","ln_yield","4","-0.08559822717953147","0.05798094721503953","-0.19525019569882457","0.02405374133976161","0.135","0.056627481225337416","0.13985895539374216","6","15","22","28","soybean;onion;corn;garlic;spring_potato;red_pepper",
"annual","Leave out Sweet potato","ln_yield","5","-0.08875669819291106","0.08478348482826771","-0.2464399715897469","0.0689265752039248","0.3222","0.0837392074225344","0.29516274212747806","6","14","20","26","soybean;onion;corn;garlic;spring_potato;red_pepper",
"annual","Leave out Sweet potato","ln_yield","6","-0.02792497873500837","0.05873444405496101","-0.13917477352524701","0.08332481605523026","0.651","0.058228647147332085","0.6344700572478978","6","11","20","26","soybean;onion;corn;garlic;spring_potato;red_pepper",
"annual","Leave out Sweet potato","ln_yield","7","0.0017467283283974719","0.09478674081420835","-0.17766798238613357","0.18116143904292853","0.9874","0.09311280579891815","0.9852974300341983","6","10","15","21","soybean;onion;corn;garlic;spring_potato;red_pepper",
"annual","Leave out Sweet potato","ln_yield","8","-0.015651210137248614","0.08966747366576394","-0.18331932498002113","0.15201690470552387","0.8605","0.0873680438297327","0.8614354075744943","6","10","14","20","soybean;onion;corn;garlic;spring_potato;red_pepper",
"annual","Leave out Sweet potato","ln_yield","9","-0.028793528630182523","0.11228723399003","-0.242229936039967","0.18464287877960195","0.7972","0.10876332944572116","0.7976207973136322","6","8","11","17","soybean;onion;corn;garlic;spring_potato;red_pepper",
"annual","Leave out Corn","ln_yield","-12","-0.05444478020239654","0.06771001705549319","-0.1809132014540516","0.07202364104925851","0.4391","0.06627889398097989","0.4213464272461547","6","22","27","28","soybean;onion;sweet_potato;garlic;spring_potato;red_pepper",
"annual","Leave out Corn","ln_yield","-11","0.007995337412520443","0.057779296437232515","-0.09400438472032631","0.10999505954536719","0.9142","0.05666630499157695","0.8899423133165034","6","22","27","28","soybean;onion;sweet_potato;garlic;spring_potato;red_pepper",
"annual","Leave out Corn","ln_yield","-10","0.004313426625317255","0.04340848074612591","-0.0729274630037787","0.0815543162544132","0.9367","0.04255689259748498","0.9208458568083178","6","22","27","28","soybean;onion;sweet_potato;garlic;spring_potato;red_pepper",
"annual","Leave out Corn","ln_yield","-9","-0.035749406521849346","0.06095296655379049","-0.14672730885627536","0.07522849581257665","0.561","0.05941520768056983","0.5575341428299421","6","22","27","28","soybean;onion;sweet_potato;garlic;spring_potato;red_pepper",
"annual","Leave out Corn","ln_yield","-8","-0.01731814195465973","0.03642382385707669","-0.08506060885201425","0.05042432494269478","0.6392","0.035696471117530285","0.6344577548378036","5","22","27","28","soybean;onion;sweet_potato;garlic;spring_potato",
"annual","Leave out Corn","ln_yield","-7","0.013119786046805533","0.044409325606994","-0.06793277781915935","0.09417234991277043","0.7806","0.04389136506153824","0.7676664682367091","5","22","27","28","soybean;onion;sweet_potato;garlic;spring_potato",
"annual","Leave out Corn","ln_yield","-6","0.007739184682292094","0.052821708226453205","-0.08110109078295304","0.09657946014753722","0.9049","0.05195277057646327","0.8835146685650186","4","22","27","28","soybean;onion;sweet_potato;garlic",
"annual","Leave out Corn","ln_yield","-5","-0.007938542608817755","0.029719641711001624","-0.06186700662494563","0.045989921407310126","0.7975","0.02899615266813789","0.7893811235730719","2","22","24","25","onion;garlic",
"annual","Leave out Corn","ln_yield","0","0.009861800120880445","0.036151470195278396","-0.05952026174098855","0.07924386198274945","0.7799","0.03540631277909944","0.7850137843599334","6","22","22","28","soybean;onion;sweet_potato;garlic;spring_potato;red_pepper",
"annual","Leave out Corn","ln_yield","1","0.032064017446273914","0.058920912677442656","-0.07412706020352361","0.13825509509607142","0.6302","0.05753915129402091","0.5863125312030468","6","22","22","28","soybean;onion;sweet_potato;garlic;spring_potato;red_pepper",
"annual","Leave out Corn","ln_yield","2","-0.05804944797942678","0.07797922723832185","-0.19798775238952804","0.08188885643067449","0.4965","0.07649510167085234","0.456621246995462","6","20","22","28","soybean;onion;sweet_potato;garlic;spring_potato;red_pepper",
"annual","Leave out Corn","ln_yield","3","-0.005978564054856379","0.0580901748324468","-0.1146001659425938","0.10264303783288105","0.9221","0.05690286442937975","0.9180275127492865","6","20","22","28","soybean;onion;sweet_potato;garlic;spring_potato;red_pepper",
"annual","Leave out Corn","ln_yield","4","-0.0981131553138277","0.05653555254326158","-0.20434581025096188","0.008119499623306506","0.0739","0.05512099429763656","0.08266573034374192","6","15","22","28","soybean;onion;sweet_potato;garlic;spring_potato;red_pepper",
"annual","Leave out Corn","ln_yield","5","-0.11344676731523413","0.08139179681988999","-0.2595816195450838","0.03268808491461554","0.1781","0.08003656583156339","0.16336731685999517","6","14","20","26","soybean;onion;sweet_potato;garlic;spring_potato;red_pepper",
"annual","Leave out Corn","ln_yield","6","-0.032253072274241505","0.058255470554147704","-0.1407295192915056","0.0762233747430226","0.6011","0.05712657348998721","0.5798192109174147","6","11","20","26","soybean;onion;sweet_potato;garlic;spring_potato;red_pepper",
"annual","Leave out Corn","ln_yield","7","-0.04551593280990921","0.08768491108126951","-0.21089273368312195","0.11986086806330354","0.6101","0.08570746200391628","0.6037013826256203","6","10","15","21","soybean;onion;sweet_potato;garlic;spring_potato;red_pepper",
"annual","Leave out Corn","ln_yield","8","-0.06124659416812887","0.08771138705803747","-0.22683019548978955","0.10433700715353182","0.4914","0.08593761931406245","0.4850057626568989","6","10","14","20","soybean;onion;sweet_potato;garlic;spring_potato;red_pepper",
"annual","Leave out Corn","ln_yield","9","-0.06595103037824063","0.11114065456058461","-0.275187607649367","0.14328554689288575","0.5536","0.10760872787734084","0.5529124897866065","6","8","11","17","soybean;onion;sweet_potato;garlic;spring_potato;red_pepper",
"annual","Leave out Garlic","ln_yield","-12","-0.05261496193479793","0.06505876617610074","-0.17494142238879357","0.06971149851919772","0.4411","0.06394192692448282","0.41867059221959013","6","24","27","28","soybean;onion;sweet_potato;corn;spring_potato;red_pepper",
"annual","Leave out Garlic","ln_yield","-11","0.0038939596027066925","0.05641420761451597","-0.09604222658659294","0.10383014579200632","0.9558","0.05546954211943961","0.9449701583305132","6","24","27","28","soybean;onion;sweet_potato;corn;spring_potato;red_pepper",
"annual","Leave out Garlic","ln_yield","-10","0.0036004736925186187","0.04312929680581531","-0.07431364892481208","0.08151459630984932","0.9489","0.042250116452719685","0.9334691422343613","6","24","27","28","soybean;onion;sweet_potato;corn;spring_potato;red_pepper",
"annual","Leave out Garlic","ln_yield","-9","-0.03711226046778675","0.061186386783444166","-0.15049362098180918","0.07626910004623569","0.5548","0.059838438200041984","0.5441533059453323","6","24","27","28","soybean;onion;sweet_potato;corn;spring_potato;red_pepper",
"annual","Leave out Garlic","ln_yield","-8","0.007698117488789097","0.02720270889130174","-0.04189740960638","0.05729364458395819","0.8101","0.026906741637119265","0.7771838573559444","5","24","27","28","soybean;onion;sweet_potato;corn;spring_potato",
"annual","Leave out Garlic","ln_yield","-7","0.03500910668238831","0.037718878549149036","-0.03048302578438733","0.10050123914916395","0.42","0.037230417831647496","0.3533252348958671","5","24","27","28","soybean;onion;sweet_potato;corn;spring_potato",
"annual","Leave out Garlic","ln_yield","-6","0.01908726029886359","0.05210372334701638","-0.06819607099298003","0.10637059159070722","0.7565","0.051410019996450916","0.7141173667773133","4","24","27","28","soybean;onion;sweet_potato;corn",
"annual","Leave out Garlic","ln_yield","-5","0.03698060801624786","0.0361506795518348","-0.019973850049661637","0.09393506608215736","0.3827","0.035441538174028876","0.3063279507525496","1","24","24","25","onion",
"annual","Leave out Garlic","ln_yield","0","0.008821118836939541","0.03697319700299635","-0.061515644140472926","0.07915788181435202","0.8117","0.036275989402877414","0.8114301529699117","6","22","22","28","soybean;onion;sweet_potato;corn;spring_potato;red_pepper",
"annual","Leave out Garlic","ln_yield","1","0.034096827407902666","0.0601568083237432","-0.07610937649996907","0.1443030313157744","0.6117","0.059244129812711106","0.5708506528605977","6","22","22","28","soybean;onion;sweet_potato;corn;spring_potato;red_pepper",
"annual","Leave out Garlic","ln_yield","2","-0.04362992573312499","0.08111353345485905","-0.19171555844602087","0.10445570697977088","0.6145","0.07952877989559272","0.5906549739681877","6","20","22","28","soybean;onion;sweet_potato;corn;spring_potato;red_pepper",
"annual","Leave out Garlic","ln_yield","3","-0.0046697873587257036","0.059226959395719196","-0.11560180341048351","0.10626222869303212","0.9371","0.0581234147503165","0.9371554036972543","6","20","22","28","soybean;onion;sweet_potato;corn;spring_potato;red_pepper",
"annual","Leave out Garlic","ln_yield","4","-0.08405479399138037","0.05861478503164293","-0.1965136849008428","0.028404096918082086","0.1481","0.057625863454397463","0.15156645836061422","6","15","22","28","soybean;onion;sweet_potato;corn;spring_potato;red_pepper",
"annual","Leave out Garlic","ln_yield","5","-0.08485848667767298","0.08548011600540358","-0.2438927753318081","0.07417580197646212","0.3369","0.08344461451043161","0.3208426280739247","6","14","20","26","soybean;onion;sweet_potato;corn;spring_potato;red_pepper",
"annual","Leave out Garlic","ln_yield","6","-0.02996545731059308","0.06038593771958396","-0.144175097599756","0.08424418297856984","0.6317","0.05904496302699044","0.6197304715467826","6","11","20","26","soybean;onion;sweet_potato;corn;spring_potato;red_pepper",
"annual","Leave out Garlic","ln_yield","7","-0.024168895020646564","0.0971868769485949","-0.20718178477337584","0.15884399473208272","0.8092","0.0944060738462271","0.8036046395088654","6","10","15","21","soybean;onion;sweet_potato;corn;spring_potato;red_pepper",
"annual","Leave out Garlic","ln_yield","8","-0.035360777122684574","0.09598213426870214","-0.21658650754398617","0.14586495329861704","0.7198","0.09320493088353378","0.7125675495859232","6","10","14","20","soybean;onion;sweet_potato;corn;spring_potato;red_pepper",
"annual","Leave out Garlic","ln_yield","9","-0.015120192739394425","0.11248213566267155","-0.22805264408852582","0.197812258609737","0.8973","0.10902754757819363","0.893068048798644","6","8","11","17","soybean;onion;sweet_potato;corn;spring_potato;red_pepper",
"annual","Leave out Spring potato","ln_yield","-12","-0.04998615005879131","0.06609080702653532","-0.172971514563865","0.07299921444628239","0.4699","0.06514654706876147","0.44945417733840465","6","22","27","28","soybean;onion;sweet_potato;corn;garlic;red_pepper",
"annual","Leave out Spring potato","ln_yield","-11","-0.0023518545389153295","0.05950071196448668","-0.10829201754338581","0.10358830846555515","0.9735","0.05819153881333702","0.9684706308007474","6","22","27","28","soybean;onion;sweet_potato;corn;garlic;red_pepper",
"annual","Leave out Spring potato","ln_yield","-10","-0.0008276974714358648","0.04518345931415444","-0.0819448271515897","0.08028943220871797","0.9862","0.044601190688528046","0.9853846936513329","6","22","27","28","soybean;onion;sweet_potato;corn;garlic;red_pepper",
"annual","Leave out Spring potato","ln_yield","-9","-0.045622563824242165","0.06405097971071674","-0.16479502957814796","0.07354990192966361","0.4977","0.06304167447017377","0.4762881972157289","6","22","27","28","soybean;onion;sweet_potato;corn;garlic;red_pepper",
"annual","Leave out Spring potato","ln_yield","-8","-0.01615516910659922","0.03686679400533431","-0.08551298398845744","0.05320264577525901","0.668","0.036117404428699144","0.6612385565566172","5","22","27","28","soybean;onion;sweet_potato;corn;garlic",
"annual","Leave out Spring potato","ln_yield","-7","0.004771211241160513","0.0450984462411567","-0.07651666127031811","0.08605908375263915","0.9205","0.043889615883784774","0.9157446323588945","5","22","27","28","soybean;onion;sweet_potato;corn;garlic",
"annual","Leave out Spring potato","ln_yield","-6","0.005249693065326397","0.042606923465581856","-0.06713187367133618","0.07763125980198897","0.9237","0.04162262591011222","0.9019390595915717","5","22","27","28","soybean;onion;sweet_potato;corn;garlic",
"annual","Leave out Spring potato","ln_yield","-5","-0.007829440548856455","0.03151401316978155","-0.06504418259171492","0.04938530149400201","0.8099","0.030901110029207063","0.8037915547291363","2","22","25","26","onion;garlic",
"annual","Leave out Spring potato","ln_yield","0","0.019420388304790735","0.03709731646843503","-0.05242927671521498","0.09127005332479644","0.6081","0.03679198341515947","0.6006274174882669","6","22","22","28","soybean;onion;sweet_potato;corn;garlic;red_pepper",
"annual","Leave out Spring potato","ln_yield","1","0.04249533827579015","0.05741175952888562","-0.06247657304630115","0.14746724959788143","0.5084","0.056913676838821994","0.4591875889502721","6","22","22","28","soybean;onion;sweet_potato;corn;garlic;red_pepper",
"annual","Leave out Spring potato","ln_yield","2","-0.03472353700686949","0.07998393825223735","-0.17799438890343827","0.10854731488969928","0.6837","0.07851412595246698","0.664193043786129","6","20","22","28","soybean;onion;sweet_potato;corn;garlic;red_pepper",
"annual","Leave out Spring potato","ln_yield","3","0.005444978620014921","0.05784891494512162","-0.10335702015563195","0.11424697739566178","0.9295","0.056985487925000716","0.9250105548453162","6","20","22","28","soybean;onion;sweet_potato;corn;garlic;red_pepper",
"annual","Leave out Spring potato","ln_yield","4","-0.057481350717741894","0.04671407606492283","-0.14638555654111685","0.03142285510563306","0.2194","0.0457992154799096","0.21851248967127823","6","15","22","28","soybean;onion;sweet_potato;corn;garlic;red_pepper",
"annual","Leave out Spring potato","ln_yield","5","-0.08596778942152286","0.08440883941486582","-0.24093586697843375","0.06900028813538803","0.3286","0.08202761196622439","0.3084551080035478","6","14","20","26","soybean;onion;sweet_potato;corn;garlic;red_pepper",
"annual","Leave out Spring potato","ln_yield","6","-0.008080186398945331","0.05575575682193448","-0.11353075683676506","0.09737038403887441","0.8838","0.05448697348039896","0.8847731557376874","6","11","20","26","soybean;onion;sweet_potato;corn;garlic;red_pepper",
"annual","Leave out Spring potato","ln_yield","7","0.01907498108635077","0.0917088583027216","-0.15027913718919722","0.18842909936189878","0.8433","0.08895839106377859","0.8352328960652091","6","10","15","21","soybean;onion;sweet_potato;corn;garlic;red_pepper",
"annual","Leave out Spring potato","ln_yield","8","-0.018712749584294086","0.09197067935704643","-0.19002948163126973","0.15260398246268156","0.8361","0.08831739474823029","0.8387721491700757","6","10","14","20","soybean;onion;sweet_potato;corn;garlic;red_pepper",
"annual","Leave out Spring potato","ln_yield","9","-0.001988453778750586","0.1044413245005819","-0.196598481782537","0.1926215742250358","0.9849","0.09962639892288984","0.9848100286637109","6","8","11","17","soybean;onion;sweet_potato;corn;garlic;red_pepper",
"annual","Leave out Red pepper","ln_yield","-12","-0.0553495712434887","0.0676770684031576","-0.18176767072331151","0.07106852823633412","0.4333","0.06646920969099958","0.413443849039667","6","22","27","28","soybean;onion;sweet_potato;corn;garlic;spring_potato",
"annual","Leave out Red pepper","ln_yield","-11","0.017380782185533156","0.055216317162632304","-0.07714027138740329","0.1119018357584696","0.8293","0.05392427169891137","0.7529315877047047","6","22","27","28","soybean;onion;sweet_potato;corn;garlic;spring_potato",
"annual","Leave out Red pepper","ln_yield","-10","0.0074842604101042","0.0435187425688854","-0.07097585943095822","0.0859443802511666","0.8897","0.04258303516000407","0.8634549313251765","6","22","27","28","soybean;onion;sweet_potato;corn;garlic;spring_potato",
"annual","Leave out Red pepper","ln_yield","-9","-0.013951328574599475","0.04898378076644335","-0.10424699339047032","0.07634433624127136","0.7938","0.047906737705042925","0.7757856754414703","6","22","27","28","soybean;onion;sweet_potato;corn;garlic;spring_potato",
"annual","Leave out Red pepper","ln_yield","-8","-0.014942130491097324","0.03092081150412447","-0.07286407154006551","0.042979810557870854","0.6338","0.030268530804716923","0.6289263117252943","6","22","27","28","soybean;onion;sweet_potato;corn;garlic;spring_potato",
"annual","Leave out Red pepper","ln_yield","-7","0.006545043551791693","0.0369003722940835","-0.060941663279702005","0.0740317503832854","0.8581","0.03618107624563742","0.859217248343229","6","22","27","28","soybean;onion;sweet_potato;corn;garlic;spring_potato",
"annual","Leave out Red pepper","ln_yield","-6","0.0031951897085644304","0.04154993923820337","-0.06853025638807218","0.07492063580520104","0.9409","0.040831589431849724","0.9387031093974743","5","22","27","28","soybean;onion;sweet_potato;corn;garlic",
"annual","Leave out Red pepper","ln_yield","-5","-0.007829440548856455","0.03196194540780039","-0.06581997226809512","0.050161091170382206","0.8018","0.03126522918584664","0.8064863760504821","2","22","25","26","onion;garlic",
"annual","Leave out Red pepper","ln_yield","0","0.0207737396682446","0.0367255685813365","-0.04983593138984141","0.0913834107263306","0.5704","0.036195555928014794","0.571633178823904","6","22","22","28","soybean;onion;sweet_potato;corn;garlic;spring_potato",
"annual","Leave out Red pepper","ln_yield","1","0.04422840493742486","0.05731735780591545","-0.06192827899875181","0.15038508887360152","0.4762","0.056410095736823186","0.44032727361495727","6","22","22","28","soybean;onion;sweet_potato;corn;garlic;spring_potato",
"annual","Leave out Red pepper","ln_yield","2","0.02097602547591183","0.0504968665665924","-0.07498841377457591","0.11694046472639957","0.6749","0.04955537381904923","0.677854511643472","6","22","22","28","soybean;onion;sweet_potato;corn;garlic;spring_potato",
"annual","Leave out Red pepper","ln_yield","3","0.023865739115607975","0.05288743805159295","-0.07623192802160109","0.12396340625281704","0.6612","0.05206028797071439","0.6518055248377173","6","22","22","28","soybean;onion;sweet_potato;corn;garlic;spring_potato",
"annual","Leave out Red pepper","ln_yield","4","-0.07050669212129812","0.05542818569342206","-0.1745415630969635","0.03352817885436726","0.2101","0.054556013437540324","0.20336004337354807","6","20","22","28","soybean;onion;sweet_potato;corn;garlic;spring_potato",
"annual","Leave out Red pepper","ln_yield","5","-0.042546899804122476","0.06383842178317342","-0.16177521899678116","0.07668141938853622","0.5411","0.0632904924929423","0.5051056597814467","6","20","20","26","soybean;onion;sweet_potato;corn;garlic;spring_potato",
"annual","Leave out Red pepper","ln_yield","6","-0.00950560811226838","0.054881011866396275","-0.11297483595729169","0.09396361973275494","0.8699","0.05395214406217106","0.8624911178143018","6","15","20","26","soybean;onion;sweet_potato;corn;garlic;spring_potato",
"annual","Leave out Red pepper","ln_yield","7","0.04560395244660526","0.07580360884130898","-0.09608890779032095","0.18729681268353146","0.546","0.07309282804160247","0.547436025220791","6","14","15","21","soybean;onion;sweet_potato;corn;garlic;spring_potato",
"annual","Leave out Red pepper","ln_yield","8","0.010315650015693352","0.07798025855219877","-0.13495420021787155","0.15558550024925824","0.8896","0.07484230247995619","0.8947585517416989","6","11","14","20","soybean;onion;sweet_potato;corn;garlic;spring_potato",
"annual","Leave out Red pepper","ln_yield","9","-0.018131481908484383","0.11003140784223896","-0.22453400887865885","0.1882710450616901","0.8684","0.10597701932481801","0.8691135230333638","6","10","11","17","soybean;onion;sweet_potato;corn;garlic;spring_potato",
"annual","Cohort 2012 only","ln_yield","-12","-0.07156266105365008","0.06266544068975177","-0.17845303773515014","0.03532771562784999","0.2809","0.06137816729417273","0.2534624584989804","2","22","23","24","soybean;onion",
"annual","Cohort 2012 only","ln_yield","-11","-0.0234721010372361","0.05792253897845451","-0.12392325422063966","0.07697905214616746","0.7177","0.05618257483303322","0.6853065445648994","2","22","23","24","soybean;onion",
"annual","Cohort 2012 only","ln_yield","-10","0.00670867282662399","0.021313300896510363","-0.03377333193518556","0.04719067758843354","0.7564","0.021001362399354986","0.7529403846161071","2","22","23","24","soybean;onion",
"annual","Cohort 2012 only","ln_yield","-9","-0.0046562316822308936","0.03720219776846676","-0.075779883083808","0.06646741971934621","0.9039","0.03677242461004488","0.9003967854567767","2","22","23","24","soybean;onion",
"annual","Cohort 2012 only","ln_yield","-8","0.024219973436734016","0.061831036547598965","-0.07947406357351398","0.12791401044698203","0.7536","0.05990000846150197","0.6952708498062006","2","22","23","24","soybean;onion",
"annual","Cohort 2012 only","ln_yield","-7","0.05026979430769865","0.08768936791912807","-0.0875848137545003","0.1881244023698976","0.7229","0.08473099461506038","0.5664610426849375","2","22","23","24","soybean;onion",
"annual","Cohort 2012 only","ln_yield","-6","0.036390007520946205","0.09904811369588845","-0.12434923680203924","0.19712925184393165","0.7406","0.0959544224182604","0.7133227005012373","2","22","23","24","soybean;onion",
"annual","Cohort 2012 only","ln_yield","-5","0.037050081773868704","0.04323115435526223","-0.030133612240160423","0.10423377578789783","0.5462","0.04262754856302715","0.391432324779883","1","22","22","23","onion",
"annual","Cohort 2012 only","ln_yield","0","0.011213200487350694","0.06225293639298325","-0.10058796225114275","0.12301436322584414","0.849","0.06027513175916447","0.8570558195651894","2","22","22","24","soybean;onion",
"annual","Cohort 2012 only","ln_yield","1","0.16525240113644046","0.10204356211155562","-0.014593031151493213","0.34509783342437417","0.0903","0.09931096170863676","0.10535478618273708","2","22","22","24","soybean;onion",
"annual","Cohort 2012 only","ln_yield","2","0.09645762675496045","0.08159364421156884","-0.049305081271227624","0.24222033478114852","0.2744","0.07926963748236932","0.23713792123857536","2","22","22","24","soybean;onion",
"annual","Cohort 2012 only","ln_yield","3","0.09712612667913212","0.1080525481423968","-0.09463209766612932","0.2888843510243936","0.4117","0.10522775649043092","0.36871731067014046","2","22","22","24","soybean;onion",
"annual","Cohort 2012 only","ln_yield","4","0.05920196933554153","0.037611654914735594","-0.011756456203540558","0.1301603948746236","0.1053","0.03654298727402715","0.11547992302440457","2","22","22","24","soybean;onion",
"annual","Cohort 2012 only","ln_yield","5","0.04555156406809395","0.12788810374594195","-0.17188847259688517","0.26299160073307304","0.6437","0.12360096267168538","0.7217035479491436","2","20","20","22","soybean;onion",
"annual","Cohort 2012 only","ln_yield","6","0.03108850814274207","0.11534028938795853","-0.17138594159847698","0.23356295788396114","0.7511","0.11170194996960174","0.7875162562635107","2","20","20","22","soybean;onion",
"annual","Cohort 2012 only","ln_yield","7","0.11535065462527544","0.05071022306964438","0.020369932207116095","0.2103313770434348","0.0131","0.04907253504381869","0.022923802036792562","2","15","15","17","soybean;onion",
"annual","Cohort 2012 only","ln_yield","8","0.11674783966158217","0.10346238449530644","-0.0756914953022142","0.30918717462537854","0.253","0.09957445247620612","0.25914741696939503","2","14","14","16","soybean;onion",
"annual","Cohort 2012 only","ln_yield","9","0.2230636419619644","0.06539569487654633","0.10298111570278022","0.3431461682211486","0.0001","0.06246308384792474","0.0006472898749483313","2","11","11","13","soybean;onion",
"annual","Cohort 2013 only","ln_yield","-12","-0.047210586390384335","0.10138864442608723","-0.2349816179903555","0.14056044520958683","0.6606","0.099566065489231","0.6414733616761119","4","22","25","26","sweet_potato;corn;garlic;spring_potato",
"annual","Cohort 2013 only","ln_yield","-11","0.036527434120422836","0.08272943664785379","-0.09745140398115726","0.17050627222200293","0.823","0.08149116453622851","0.6588301706858952","4","22","25","26","sweet_potato;corn;garlic;spring_potato",
"annual","Cohort 2013 only","ln_yield","-10","0.012086417674643163","0.06764736617949628","-0.10762152193425678","0.1317943572835431","0.891","0.06664340744146102","0.8581984197171355","4","22","25","26","sweet_potato;corn;garlic;spring_potato",
"annual","Cohort 2013 only","ln_yield","-9","-0.017102648835251005","0.07513921396080873","-0.15290310693127301","0.118697809260771","0.8389","0.07379791315951084","0.8199472479338796","4","22","25","26","sweet_potato;corn;garlic;spring_potato",
"annual","Cohort 2013 only","ln_yield","-8","-0.03457165459156167","0.03524910963419705","-0.09559491778878407","0.02645160860566073","0.3745","0.03440389957356413","0.3267007834131914","4","22","25","26","sweet_potato;corn;garlic;spring_potato",
"annual","Cohort 2013 only","ln_yield","-7","-0.018554998532011646","0.03696128416492183","-0.0838896177449706","0.046779620680947306","0.6921","0.03648991439886223","0.6156592636306302","4","22","25","26","sweet_potato;corn;garlic;spring_potato",
"annual","Cohort 2013 only","ln_yield","-6","-0.018583156800158783","0.021638004465244557","-0.05722316524494818","0.020056851644630613","0.4326","0.02112718230173643","0.3904396835276991","3","22","24","25","sweet_potato;corn;garlic",
"annual","Cohort 2013 only","ln_yield","-5","-0.052838996932342425","0.053011458556533234","-0.14098244637165616","0.03530445250697131","0.4154","0.05173535518643368","0.31888747050994737","1","22","22","23","garlic",
"annual","Cohort 2013 only","ln_yield","0","0.025554009258691522","0.04143579664383909","-0.052437209782604625","0.10354522829998766","0.5472","0.0404515475907302","0.5374238093167478","4","22","22","26","sweet_potato;corn;garlic;spring_potato",
"annual","Cohort 2013 only","ln_yield","1","-0.016283593162083367","0.034399378088892575","-0.08143773971749699","0.04887055339333026","0.6311","0.033571502261972995","0.6359500678518881","4","22","22","26","sweet_potato;corn;garlic;spring_potato",
"annual","Cohort 2013 only","ln_yield","2","-0.01676477516361278","0.04542778589083172","-0.10250565344285867","0.0689761031156331","0.7148","0.04415380743196594","0.712096186356598","4","22","22","26","sweet_potato;corn;garlic;spring_potato",
"annual","Cohort 2013 only","ln_yield","3","-0.012764454666154564","0.040046425863936995","-0.08727633184656255","0.061747422514253435","0.7526","0.03863058378503793","0.7499226025467327","4","22","22","26","sweet_potato;corn;garlic;spring_potato",
"annual","Cohort 2013 only","ln_yield","4","-0.13536102284971693","0.054380298606028304","-0.23612458224873523","-0.034597463450698654","0.0032","0.05261527958402316","0.012804692398860729","4","20","20","24","sweet_potato;corn;garlic;spring_potato",
"annual","Cohort 2013 only","ln_yield","5","-0.08659613174023145","0.05168249609433868","-0.1831330224653522","0.009940758984889303","0.0854","0.05024041914781973","0.09382816958972207","4","20","20","24","sweet_potato;corn;garlic;spring_potato",
"annual","Cohort 2013 only","ln_yield","6","-0.02980266623977442","0.04681516887077168","-0.11888126873332969","0.05927593625378085","0.5238","0.045918457222912955","0.5243836196300857","4","15","15","19","sweet_potato;corn;garlic;spring_potato",
"annual","Cohort 2013 only","ln_yield","7","0.010730601357269137","0.0956105286604129","-0.16776160670440424","0.1892228094189425","0.9131","0.09235835600011762","0.9106391212211931","4","14","14","18","sweet_potato;corn;garlic;spring_potato",
"annual","Cohort 2013 only","ln_yield","8","-0.04290044480725101","0.08023242503824399","-0.19297254412404646","0.10717165450954443","0.5914","0.07738105972409855","0.5928558807592181","4","11","11","15","sweet_potato;corn;garlic;spring_potato",
"annual","Cohort 2013 only","ln_yield","9","-0.13872904384370796","0.10043388176821386","-0.32441166449062453","0.046953576803208635","0.1601","0.09710605849071545","0.16718758601922135","4","10","10","14","sweet_potato;corn;garlic;spring_potato",
"annual","Cohort 2015 only","ln_yield","-12","-0.13308671459348204","0.13354985690066873","-0.32223359733281487","0.056060168145850825","0.4338","0.13096041045609985","0.31899169573092623","1","22","22","23","red_pepper",
"annual","Cohort 2015 only","ln_yield","-11","-0.13648936697102357","0.13534287019191385","-0.3205759708553767","0.047597236913329594","0.4261","0.13232558969382072","0.3132283769651334","1","22","22","23","red_pepper",
"annual","Cohort 2015 only","ln_yield","-10","-0.09446857758316543","0.09509394517190076","-0.22994433691785943","0.041007181751528565","0.423","0.09294852167994858","0.3205035231632696","1","22","22","23","red_pepper",
"annual","Cohort 2015 only","ln_yield","-9","-0.2592195906446554","0.2541634131835675","-0.581760074940413","0.06332089365110233","0.4226","0.24896256092145055","0.3077790143954373","1","22","22","23","red_pepper",
"annual","Cohort 2015 only","ln_yield","0","0.0062940319289391256","0.04065948389345233","-0.07053180985245365","0.0831198737103319","0.8761","0.03951432297249387","0.87698008048962","1","22","22","23","red_pepper",
"annual","Cohort 2015 only","ln_yield","1","-0.045362897728545265","0.03664358509807847","-0.11491349774229592","0.024187702285205392","0.2141","0.03584492136853663","0.2157348888485089","1","22","22","23","red_pepper",
"annual","Cohort 2015 only","ln_yield","2","-0.4052171810287247","0.03686029856642777","-0.47525489359761103","-0.3351794684598384","0.0001","0.036017956531993134","0","1","20","20","21","red_pepper",
"annual","Cohort 2015 only","ln_yield","3","-0.1482036018709414","0.04276842330595453","-0.23014559571368398","-0.06626160802819882","0.0002","0.04190034916979535","0.0005297239122306063","1","20","20","21","red_pepper",
"annual","Cohort 2015 only","ln_yield","4","-0.20019216092565156","0.047165651093974865","-0.2888147316859197","-0.11156959016538344","0.0001","0.04574439858682148","0.00002191320188127399","1","15","15","16","red_pepper",
"annual","Cohort 2015 only","ln_yield","5","-0.3908593453265052","0.06754610918740316","-0.5164512050594188","-0.26526748559359153","0.0001","0.06504236553066989","7.184413064464934e-9","1","14","14","15","red_pepper",
"annual","Cohort 2015 only","ln_yield","6","-0.1201045596443463","0.06661674358189884","-0.24463239486469363","0.004423275576001015","0.0598","0.0639341656928422","0.07140101458705983","1","11","11","12","red_pepper",
"annual","Cohort 2015 only","ln_yield","7","-0.33618779094607176","0.07685654142320464","-0.4743376095514644","-0.1980379723406791","0.0001","0.07325166725048188","0.00001218647394107819","1","10","10","11","red_pepper",
"annual","Cohort 2015 only","ln_yield","8","-0.30125134141994514","0.07412008219940101","-0.4370394223275924","-0.16546326051229784","0.0001","0.07034570757714423","0.000048162643688121065","1","10","10","11","red_pepper",
"annual","Cohort 2015 only","ln_yield","9","-0.19771996068265246","0.09201575622122887","-0.36220659278167155","-0.0332333285836334","0.0128","0.08617930071381186","0.031653270830519276","1","8","8","9","red_pepper",
"annual","CS-A (preferred)","ln_production","-12","-0.29887116578154105","0.12947629246438294","-0.5430185301654842","-0.05472380139759786","0.0131","0.12700435248035005","0.020982010055671907","7","22","28","29","soybean;onion;sweet_potato;corn;garlic;spring_potato;red_pepper",
"annual","CS-A (preferred)","ln_production","-11","-0.14961794389744237","0.06986999593497772","-0.2822077825239629","-0.017028105270921856","0.0233","0.06827057724244595","0.03224371551288874","7","22","28","29","soybean;onion;sweet_potato;corn;garlic;spring_potato;red_pepper",
"annual","CS-A (preferred)","ln_production","-10","-0.16120855461021405","0.06697007207532697","-0.28940310138273084","-0.03301400783769726","0.0107","0.06591875355217638","0.016076548731117413","7","22","28","29","soybean;onion;sweet_potato;corn;garlic;spring_potato;red_pepper",
"annual","CS-A (preferred)","ln_production","-9","-0.17782039128699914","0.07901974345827092","-0.3281767452574321","-0.02746403731656616","0.0168","0.07751981439114405","0.024428091618811987","7","22","28","29","soybean;onion;sweet_potato;corn;garlic;spring_potato;red_pepper",
"annual","CS-A (preferred)","ln_production","-8","-0.014335965423305355","0.08968906587610752","-0.18217577482821812","0.15350384398160738","0.8811","0.08786875676897088","0.8730065416236847","6","22","28","29","soybean;onion;sweet_potato;corn;garlic;spring_potato",
"annual","CS-A (preferred)","ln_production","-7","0.0008378096980545119","0.09831315806563755","-0.18050993060564485","0.1821855500017539","0.9937","0.0973875047513154","0.9932006320901583","6","22","28","29","soybean;onion;sweet_potato;corn;garlic;spring_potato",
"annual","CS-A (preferred)","ln_production","-6","0.03789584686067725","0.08023844560316905","-0.10317753420007332","0.17896922792142783","0.695","0.07801572989291676","0.6367195279822668","5","22","28","29","soybean;onion;sweet_potato;corn;garlic",
"annual","CS-A (preferred)","ln_production","-5","0.1082845060745527","0.09699067996433341","-0.041979584745449355","0.2585485968945548","0.3057","0.0955621462622661","0.26423281916849684","2","22","25","26","onion;garlic",
"annual","CS-A (preferred)","ln_production","0","0.14047769309855251","0.14822210923752746","-0.1420097931586799","0.4229651793557849","0.3507","0.14623015913377685","0.3432560906126809","7","22","22","29","soybean;onion;sweet_potato;corn;garlic;spring_potato;red_pepper",
"annual","CS-A (preferred)","ln_production","1","0.057782092742105044","0.14826353873009354","-0.22641254373696523","0.34197672922117534","0.705","0.14710037169842594","0.6967394835277834","7","22","22","29","soybean;onion;sweet_potato;corn;garlic;spring_potato;red_pepper",
"annual","CS-A (preferred)","ln_production","2","-0.04991620249742081","0.19175406372024073","-0.41564288225448687","0.3158104772596453","0.8053","0.19090035786797602","0.7946218351646297","7","20","22","29","soybean;onion;sweet_potato;corn;garlic;spring_potato;red_pepper",
"annual","CS-A (preferred)","ln_production","3","-0.05436864887423817","0.16195849621241212","-0.3698692357678733","0.261131938019397","0.737","0.16005499099585158","0.7371009163068256","7","20","22","29","soybean;onion;sweet_potato;corn;garlic;spring_potato;red_pepper",
"annual","CS-A (preferred)","ln_production","4","-0.08543999019026796","0.14977724395362974","-0.3724287360492158","0.20154875566867983","0.5709","0.14810395043493033","0.5683745111061995","7","15","22","29","soybean;onion;sweet_potato;corn;garlic;spring_potato;red_pepper",
"annual","CS-A (preferred)","ln_production","5","-0.053810378751807664","0.1493518781628445","-0.33892328450141224","0.2313025269977969","0.7332","0.14823579719272312","0.7186283213218876","7","14","20","27","soybean;onion;sweet_potato;corn;garlic;spring_potato;red_pepper",
"annual","CS-A (preferred)","ln_production","6","0.13857936598811504","0.1592370588469426","-0.16764754857507302","0.4448062805513031","0.3879","0.1573026737565967","0.3841524208057414","7","11","20","27","soybean;onion;sweet_potato;corn;garlic;spring_potato;red_pepper",
"annual","CS-A (preferred)","ln_production","7","0.1577522413057032","0.2020579737369764","-0.2227001910549098","0.5382046736663162","0.4532","0.19898275894903977","0.43496271119831764","7","10","15","22","soybean;onion;sweet_potato;corn;garlic;spring_potato;red_pepper",
"annual","CS-A (preferred)","ln_production","8","0.0024590260404066394","0.2027102914951112","-0.38518334644740154","0.39010139852821485","0.9896","0.1990933044145628","0.9903213064381904","7","10","14","21","soybean;onion;sweet_potato;corn;garlic;spring_potato;red_pepper",
"annual","CS-A (preferred)","ln_production","9","-0.054682531239564125","0.22995338060664156","-0.4913562666396517","0.38199120416052346","0.8062","0.22505188136263107","0.8120375094244794","7","8","11","18","soybean;onion;sweet_potato;corn;garlic;spring_potato;red_pepper",
"annual","CS-B (mean of all clean-pre years)","ln_production","-12","-0.1421665998530934","0.0750431600135232","-0.2827986468578769","-0.001534552848309917","0.047","0.073184140332897","0.058163386993871136","7","20","26","27","soybean;onion;sweet_potato;corn;garlic;spring_potato;red_pepper",
"annual","CS-B (mean of all clean-pre years)","ln_production","-11","0.0003613027967356449","0.0500621152581486","-0.09332740656733143","0.09405001216080272","0.9942","0.04878281380467807","0.9942416452188658","7","20","26","27","soybean;onion;sweet_potato;corn;garlic;spring_potato;red_pepper",
"annual","CS-B (mean of all clean-pre years)","ln_production","-10","-0.018033934679081286","0.06320088394929554","-0.13747378931986015","0.10140591996169757","0.7742","0.06139194076446787","0.7753813135092886","7","20","26","27","soybean;onion;sweet_potato;corn;garlic;spring_potato;red_pepper",
"annual","CS-B (mean of all clean-pre years)","ln_production","-9","-0.02247622532162713","0.07911872606894602","-0.17028093960757262","0.12532848896431836","0.7844","0.0771219619500567","0.7763473531311134","7","20","26","27","soybean;onion;sweet_potato;corn;garlic;spring_potato;red_pepper",
"annual","CS-B (mean of all clean-pre years)","ln_production","-8","0.1374659365002684","0.08859534468040105","-0.02339651221016023","0.29832838521069704","0.1111","0.08672681036481344","0.12075418063118426","7","20","26","27","soybean;onion;sweet_potato;corn;garlic;spring_potato;red_pepper",
"annual","CS-B (mean of all clean-pre years)","ln_production","-7","0.1567139965063613","0.09817147902977483","-0.02920967590224227","0.3426376689149649","0.1068","0.09629092275344586","0.11041531878257693","6","20","26","27","soybean;onion;sweet_potato;corn;garlic;spring_potato",
"annual","CS-B (mean of all clean-pre years)","ln_production","-6","0.18307967840611575","0.08937099085364193","0.012087560572618283","0.3540717962396132","0.0352","0.08753437484573451","0.04050752340400798","6","20","26","27","soybean;onion;sweet_potato;corn;garlic;spring_potato",
"annual","CS-B (mean of all clean-pre years)","ln_production","-5","0.203424812320898","0.130136395137805","-0.030269811881069975","0.437119436522866","0.1017","0.12587565668497597","0.11801351149108719","5","20","26","27","soybean;onion;sweet_potato;corn;garlic",
"annual","CS-B (mean of all clean-pre years)","ln_production","-4","0.19926937443125925","0.19540056727016528","-0.11467429042856525","0.5132130392910838","0.3728","0.18993757067122183","0.30782362439975275","2","20","23","24","onion;garlic",
"annual","CS-B (mean of all clean-pre years)","ln_production","0","0.30943098195814656","0.19500993853166426","-0.05571305079647387","0.6745750147127669","0.1014","0.18970098532311092","0.11257048317633767","7","20","20","27","soybean;onion;sweet_potato;corn;garlic;spring_potato;red_pepper",
"annual","CS-B (mean of all clean-pre years)","ln_production","1","0.22769398633711269","0.19226049559199343","-0.13447342217639713","0.5898613948506225","0.2373","0.1875835077885809","0.23629457292674383","7","20","20","27","soybean;onion;sweet_potato;corn;garlic;spring_potato;red_pepper",
"annual","CS-B (mean of all clean-pre years)","ln_production","2","0.13061034239874303","0.23347698525432178","-0.30734124464724855","0.5685619294447346","0.5841","0.22792018421846996","0.5758790681588051","7","18","20","27","soybean;onion;sweet_potato;corn;garlic;spring_potato;red_pepper",
"annual","CS-B (mean of all clean-pre years)","ln_production","3","0.1237709946611325","0.2109969201955916","-0.2775919301487294","0.5251339194709944","0.5593","0.2058448819323935","0.5574717418685875","7","18","20","27","soybean;onion;sweet_potato;corn;garlic;spring_potato;red_pepper",
"annual","CS-B (mean of all clean-pre years)","ln_production","4","0.1417963120620094","0.19154085100233958","-0.2180863857605734","0.5016790098845922","0.4625","0.1868514586673061","0.4591223514769305","7","15","20","27","soybean;onion;sweet_potato;corn;garlic;spring_potato;red_pepper",
"annual","CS-B (mean of all clean-pre years)","ln_production","5","0.20140340020639308","0.18483000819713385","-0.14205997729934433","0.5448667777121305","0.2748","0.1797901595665407","0.2758592863029181","7","14","18","25","soybean;onion;sweet_potato;corn;garlic;spring_potato;red_pepper",
"annual","CS-B (mean of all clean-pre years)","ln_production","6","0.3868631951434367","0.18845587333504188","0.034347430218117814","0.7393789600687556","0.0296","0.18290100147810692","0.04009147485046283","7","11","18","25","soybean;onion;sweet_potato;corn;garlic;spring_potato;red_pepper",
"annual","CS-B (mean of all clean-pre years)","ln_production","7","0.38560368504929843","0.22979040819266974","-0.03927015412386875","0.8104775242224656","0.0803","0.22306525545599526","0.09333403354604242","7","10","15","22","soybean;onion;sweet_potato;corn;garlic;spring_potato;red_pepper",
"annual","CS-B (mean of all clean-pre years)","ln_production","8","0.21272369943699726","0.22712417671729943","-0.2097448804165808","0.6351922792905753","0.3481","0.22028207026806604","0.34896617465914215","7","10","14","21","soybean;onion;sweet_potato;corn;garlic;spring_potato;red_pepper",
"annual","CS-B (mean of all clean-pre years)","ln_production","9","0.15843381790326685","0.2481018634877048","-0.30535626592523035","0.622223901731764","0.5229","0.24019017800114664","0.5230937565644891","7","8","11","18","soybean;onion;sweet_potato;corn;garlic;spring_potato;red_pepper",
"annual","CS-B5 (mean of last 5 clean-pre years)","ln_production","-12","-0.26866265665815653","0.11368968584181313","-0.4847681069497117","-0.05255720636660138","0.0113","0.11097551661770133","0.01812167753710847","7","22","28","29","soybean;onion;sweet_potato;corn;garlic;spring_potato;red_pepper",
"annual","CS-B5 (mean of last 5 clean-pre years)","ln_production","-11","-0.11940943477405812","0.06121914777840288","-0.23356775281082925","-0.005251116737286968","0.0381","0.06014953025028677","0.05111366112477023","7","22","28","29","soybean;onion;sweet_potato;corn;garlic;spring_potato;red_pepper",
"annual","CS-B5 (mean of last 5 clean-pre years)","ln_production","-10","-0.13100004548682959","0.06641177329313615","-0.2559448135801889","-0.006055277393470282","0.0374","0.06541813057689627","0.04854770935070363","7","22","28","29","soybean;onion;sweet_potato;corn;garlic;spring_potato;red_pepper",
"annual","CS-B5 (mean of last 5 clean-pre years)","ln_production","-9","-0.14761188216361285","0.0659385933594076","-0.27257058992478855","-0.022653174402437137","0.0126","0.06437427094251057","0.025180228803469262","7","22","28","29","soybean;onion;sweet_potato;corn;garlic;spring_potato;red_pepper",
"annual","CS-B5 (mean of last 5 clean-pre years)","ln_production","-8","0.017920538760555955","0.061148911117167","-0.09454140911239511","0.13038248663350702","0.7954","0.06061529707294318","0.769473304671437","7","22","28","29","soybean;onion;sweet_potato;corn;garlic;spring_potato;red_pepper",
"annual","CS-B5 (mean of last 5 clean-pre years)","ln_production","-7","0.01191657874410602","0.05790282619128547","-0.09210595543247692","0.11593911292068897","0.8622","0.05724396220474473","0.8369447517611528","6","22","28","29","soybean;onion;sweet_potato;corn;garlic;spring_potato",
"annual","CS-B5 (mean of last 5 clean-pre years)","ln_production","-6","0.042658641429946645","0.051011277908773016","-0.05398704972285526","0.13930433258274855","0.4058","0.04982405901810012","0.40300920016913055","6","22","28","29","soybean;onion;sweet_potato;corn;garlic;spring_potato",
"annual","CS-B5 (mean of last 5 clean-pre years)","ln_production","-5","0.06663707922629447","0.06411428265448406","-0.05338603113330294","0.18666018958589187","0.3043","0.06317469343579724","0.2986427172335291","5","22","28","29","soybean;onion;sweet_potato;corn;garlic",
"annual","CS-B5 (mean of last 5 clean-pre years)","ln_production","-4","0.019980142341916994","0.04277290825085728","-0.060769824993889617","0.10073010967772361","0.642","0.041422226380933534","0.6404129981801436","2","22","25","26","onion;garlic",
"annual","CS-B5 (mean of last 5 clean-pre years)","ln_production","0","0.1862272947103009","0.1421802238193393","-0.08680386331264298","0.4592584527332447","0.1917","0.14046068111087326","0.190264365769508","7","22","22","29","soybean;onion;sweet_potato;corn;garlic;spring_potato;red_pepper",
"annual","CS-B5 (mean of last 5 clean-pre years)","ln_production","1","0.10353169435385344","0.1420229054588377","-0.1717433507254736","0.3788067394331805","0.4692","0.14084927461263563","0.466014599802552","7","22","22","29","soybean;onion;sweet_potato;corn;garlic;spring_potato;red_pepper",
"annual","CS-B5 (mean of last 5 clean-pre years)","ln_production","2","-0.003662199055695037","0.18604041069972366","-0.36506994853024594","0.35774555041885586","0.9842","0.1858745269193059","0.9842946842953939","7","20","22","29","soybean;onion;sweet_potato;corn;garlic;spring_potato;red_pepper",
"annual","CS-B5 (mean of last 5 clean-pre years)","ln_production","3","-0.00811464543251239","0.16510150805803703","-0.3278794964760535","0.31165020561102874","0.9643","0.1637181835288645","0.9608002095108532","7","20","22","29","soybean;onion;sweet_potato;corn;garlic;spring_potato;red_pepper",
"annual","CS-B5 (mean of last 5 clean-pre years)","ln_production","4","-0.03150189538205521","0.16235901596373856","-0.34276951994610155","0.2797657291819911","0.8464","0.16057070873568113","0.8461554033559175","7","15","22","29","soybean;onion;sweet_potato;corn;garlic;spring_potato;red_pepper",
"annual","CS-B5 (mean of last 5 clean-pre years)","ln_production","5","0.002142315673487079","0.15527284443632403","-0.2963859018987767","0.30067053324575094","0.9886","0.15389556549947223","0.9889918525230674","7","14","20","27","soybean;onion;sweet_potato;corn;garlic;spring_potato;red_pepper",
"annual","CS-B5 (mean of last 5 clean-pre years)","ln_production","6","0.18727953022791188","0.17046302590017212","-0.14008348757698985","0.5146425480328136","0.27","0.1678282213837398","0.27191992294707923","7","11","20","27","soybean;onion;sweet_potato;corn;garlic;spring_potato;red_pepper",
"annual","CS-B5 (mean of last 5 clean-pre years)","ln_production","7","0.20398128583870778","0.2111526627074861","-0.19943519876854826","0.6073977704459639","0.3395","0.2089545139568949","0.33402566456601335","7","10","15","22","soybean;onion;sweet_potato;corn;garlic;spring_potato;red_pepper",
"annual","CS-B5 (mean of last 5 clean-pre years)","ln_production","8","0.04444010824752331","0.2173053481774698","-0.37458944543890843","0.46346966193395506","0.8441","0.21503777362674442","0.8379586045921572","7","10","14","21","soybean;onion;sweet_potato;corn;garlic;spring_potato;red_pepper",
"annual","CS-B5 (mean of last 5 clean-pre years)","ln_production","9","-0.015765473015243187","0.24812613238851436","-0.48875327993104","0.45722233390055367","0.9492","0.24325889054385097","0.9493379890067974","7","8","11","18","soybean;onion;sweet_potato;corn;garlic;spring_potato;red_pepper",
"annual","Imputation (FE on clean cells)","ln_production","0","0.320169098909147","0.18607246040783398","-0.029812289795077995","0.670150487613372","0.0774",,,"7",,,,,"31"
"annual","Imputation (FE on clean cells)","ln_production","1","0.2380359152780157","0.1827254975505119","-0.11302138504534359","0.5890932156013751","0.1931",,,"7",,,,,"31"
"annual","Imputation (FE on clean cells)","ln_production","2","0.1329986457579008","0.22749633693343813","-0.2979566319920707","0.5639539235078723","0.5729",,,"7",,,,,"31"
"annual","Imputation (FE on clean cells)","ln_production","3","0.13557418684401834","0.2020563055510125","-0.2480208142460611","0.5191691879340978","0.5113",,,"7",,,,,"31"
"annual","Imputation (FE on clean cells)","ln_production","4","0.11997085126344423","0.1894516443788219","-0.24496521126401474","0.4849069137909032","0.5229",,,"7",,,,,"31"
"annual","Imputation (FE on clean cells)","ln_production","5","0.140069822397588","0.1797190733331622","-0.20244461335274935","0.4825842581479254","0.4482",,,"7",,,,,"31"
"annual","Imputation (FE on clean cells)","ln_production","6","0.34052424690877087","0.18424624416020405","-0.014088858645074476","0.6951373524626162","0.0612",,,"7",,,,,"31"
"annual","Imputation (FE on clean cells)","ln_production","7","0.35234177003342837","0.2232330421198335","-0.06642677112039835","0.771110311187255","0.1111",,,"7",,,,,"31"
"annual","Imputation (FE on clean cells)","ln_production","8","0.21104657746856276","0.2186694937813564","-0.20707688244322986","0.6291700373803554","0.3385",,,"7",,,,,"31"
"annual","Imputation (FE on clean cells)","ln_production","9","0.1714526716479706","0.23469046393981835","-0.27274532246286687","0.615650665758808","0.4693",,,"7",,,,,"31"
"annual","Dates: product-table nationwide year","ln_production","-12","-0.13063314377740276","0.09901388285917863","-0.3177647230131735","0.056498435458367996","0.1931","0.09789698409115229","0.1870549053584336","7","22","28","29","soybean;onion;sweet_potato;corn;garlic;spring_potato;red_pepper",
"annual","Dates: product-table nationwide year","ln_production","-11","-0.2523002861772974","0.12596333882307742","-0.4909223692728236","-0.013678203081771145","0.0367","0.1239105458330623","0.045180936928135074","7","22","28","29","soybean;onion;sweet_potato;corn;garlic;spring_potato;red_pepper",
"annual","Dates: product-table nationwide year","ln_production","-10","-0.1787284153178303","0.07937710745953351","-0.3298213323081554","-0.02763549832750517","0.0162","0.07769825617839952","0.024345234253831727","7","22","28","29","soybean;onion;sweet_potato;corn;garlic;spring_potato;red_pepper",
"annual","Dates: product-table nationwide year","ln_production","-9","-0.1399006409848785","0.06041779736594857","-0.25602307983962025","-0.02377820213013679","0.0148","0.059369023336325905","0.020582661306382644","7","22","28","29","soybean;onion;sweet_potato;corn;garlic;spring_potato;red_pepper",
"annual","Dates: product-table nationwide year","ln_production","-8","-0.20210344120743365","0.08337296028653902","-0.3598374010996704","-0.04436948131519691","0.0097","0.08199869574752139","0.01534686146818709","7","22","28","29","soybean;onion;sweet_potato;corn;garlic;spring_potato;red_pepper",
"annual","Dates: product-table nationwide year","ln_production","-7","-0.08429511729487896","0.06588172714340595","-0.20756738074868455","0.03897714615892664","0.2006","0.06441041595317075","0.20072399137098884","6","22","28","29","soybean;onion;sweet_potato;corn;garlic;spring_potato",
"annual","Dates: product-table nationwide year","ln_production","-6","0.04046976106207803","0.11260107636828491","-0.17230376282308266","0.2532432849472387","0.7501","0.11132227171594485","0.7192896689611783","6","22","28","29","soybean;onion;sweet_potato;corn;garlic;spring_potato",
"annual","Dates: product-table nationwide year","ln_production","-5","0.0543646597122225","0.0686742452729163","-0.06995979119791255","0.17868911062235754","0.4665","0.06702647577029563","0.42857588065171814","6","22","28","29","soybean;onion;sweet_potato;corn;garlic;spring_potato",
"annual","Dates: product-table nationwide year","ln_production","-4","0.1082845060745527","0.09699067996433341","-0.04134070562595607","0.25790971777506144","0.2942","0.09475982311278977","0.26423281916849684","2","22","25","26","onion;garlic",
"annual","Dates: product-table nationwide year","ln_production","0","0.09166380192624268","0.15698252801009757","-0.2055935538122895","0.38892115766477486","0.5841","0.15563739129947096","0.5592802905860894","7","22","22","29","soybean;onion;sweet_potato;corn;garlic;spring_potato;red_pepper",
"annual","Dates: product-table nationwide year","ln_production","1","0.10926850611002756","0.14046461336879396","-0.1573593386940649","0.37589635091412","0.446","0.13899844124096583","0.4366234210611162","7","22","22","29","soybean;onion;sweet_potato;corn;garlic;spring_potato;red_pepper",
"annual","Dates: product-table nationwide year","ln_production","2","0.10264357610282127","0.1598765874497896","-0.20490889163789983","0.41019604384354236","0.5232","0.15792802754444302","0.5208617834237643","7","22","22","29","soybean;onion;sweet_potato;corn;garlic;spring_potato;red_pepper",
"annual","Dates: product-table nationwide year","ln_production","3","-0.03459692708136287","0.19313822088560445","-0.3998963898580959","0.33070253569537017","0.8598","0.19118336999124758","0.8578353110042873","7","20","22","29","soybean;onion;sweet_potato;corn;garlic;spring_potato;red_pepper",
"annual","Dates: product-table nationwide year","ln_production","4","-0.0663767328544626","0.1566329041497514","-0.3691918346601098","0.23643836895118459","0.6801","0.15539123353419967","0.6717316634204047","7","20","22","29","soybean;onion;sweet_potato;corn;garlic;spring_potato;red_pepper",
"annual","Dates: product-table nationwide year","ln_production","5","-0.05665804524179191","0.15731326546914817","-0.35790377763996795","0.24458768715638413","0.7213","0.15455642101879954","0.7187270124104499","7","15","22","29","soybean;onion;sweet_potato;corn;garlic;spring_potato;red_pepper",
"annual","Dates: product-table nationwide year","ln_production","6","-0.0837903194727347","0.14684774600197945","-0.3626897678721573","0.1951091289266879","0.5788","0.14399278939527238","0.5682754559674335","7","14","20","27","soybean;onion;sweet_potato;corn;garlic;spring_potato;red_pepper",
"annual","Dates: product-table nationwide year","ln_production","7","0.10521283316052747","0.15029242710219703","-0.17783788741395995","0.3882635537350149","0.4913","0.14718008450935036","0.4838935052129907","7","11","20","27","soybean;onion;sweet_potato;corn;garlic;spring_potato;red_pepper",
"annual","Dates: product-table nationwide year","ln_production","8","0.1733997767888336","0.20304068831086522","-0.20737558700319672","0.5541751405808639","0.4077","0.19882864525840382","0.39309672366997894","7","10","15","22","soybean;onion;sweet_potato;corn;garlic;spring_potato;red_pepper",
"annual","Dates: product-table nationwide year","ln_production","9","0.023211552335061364","0.20282266663513382","-0.36206938382373444","0.4084924884938572","0.9112","0.19800835661400784","0.9088869496941383","7","10","14","21","soybean;onion;sweet_potato;corn;garlic;spring_potato;red_pepper",
"annual","Dates: pilot-year clock (no transition exclusion)","ln_production","-12","-0.17328238003398608","0.09911339078567369","-0.36340294027949727","0.01683818021152511","0.0755","0.09761280358155157","0.08040783457541689","7","20","26","27","soybean;onion;sweet_potato;corn;garlic;spring_potato;red_pepper",
"annual","Dates: pilot-year clock (no transition exclusion)","ln_production","-11","-0.10305915260714316","0.08949547205937838","-0.27334640643379404","0.06722810121950773","0.2485","0.08761883547419735","0.2495030895408319","7","20","26","27","soybean;onion;sweet_potato;corn;garlic;spring_potato;red_pepper",
"annual","Dates: pilot-year clock (no transition exclusion)","ln_production","-10","-0.12156273969851955","0.09633632681893277","-0.30695168667753275","0.06382620728049365","0.2054","0.09499551367432874","0.20699998069195447","7","22","26","29","soybean;onion;sweet_potato;corn;garlic;spring_potato;red_pepper",
"annual","Dates: pilot-year clock (no transition exclusion)","ln_production","-9","-0.15814652255867206","0.10163391226715933","-0.35341796832704375","0.03712492320969965","0.1207","0.10059750383475279","0.11969837109660819","7","22","26","29","soybean;onion;sweet_potato;corn;garlic;spring_potato;red_pepper",
"annual","Dates: pilot-year clock (no transition exclusion)","ln_production","-8","-0.183268750800008","0.11715940454481918","-0.4043276043338916","0.03779010273387559","0.1196","0.11587713194112323","0.11775455686455016","7","22","28","29","soybean;onion;sweet_potato;corn;garlic;spring_potato;red_pepper",
"annual","Dates: pilot-year clock (no transition exclusion)","ln_production","-7","-0.17220639703037754","0.0782490851693602","-0.32336877455249946","-0.0210440195082556","0.0234","0.07726733478693067","0.02775397790503842","7","22","28","29","soybean;onion;sweet_potato;corn;garlic;spring_potato;red_pepper",
"annual","Dates: pilot-year clock (no transition exclusion)","ln_production","-6","-0.1597692608423359","0.06940053411226697","-0.29245849794369505","-0.02708002374097676","0.0146","0.06853291848162467","0.021327672080905025","7","22","28","29","soybean;onion;sweet_potato;corn;garlic;spring_potato;red_pepper",
"annual","Dates: pilot-year clock (no transition exclusion)","ln_production","-5","-0.14143703082427925","0.0637228040654106","-0.2626035479380639","-0.020270513710494598","0.0203","0.06283400116352775","0.026448176820429214","7","22","28","29","soybean;onion;sweet_potato;corn;garlic;spring_potato;red_pepper",
"annual","Dates: pilot-year clock (no transition exclusion)","ln_production","-4","-0.08409807462231586","0.05753570531912479","-0.19208382325011902","0.023887674005487317","0.1393","0.05644166307771888","0.14383232800726642","7","22","28","29","soybean;onion;sweet_potato;corn;garlic;spring_potato;red_pepper",
"annual","Dates: pilot-year clock (no transition exclusion)","ln_production","-3","0.022617165033961148","0.09344477906064866","-0.15543099401074856","0.20066532407867083","0.8264","0.09235324506504462","0.8087509044434731","7","22","28","29","soybean;onion;sweet_potato;corn;garlic;spring_potato;red_pepper",
"annual","Dates: pilot-year clock (no transition exclusion)","ln_production","-2","0.05187539479569503","0.07342275040125015","-0.08695301164580901","0.19070380123719907","0.4887","0.07203083289060964","0.4798584426428478","7","22","28","29","soybean;onion;sweet_potato;corn;garlic;spring_potato;red_pepper",
"annual","Dates: pilot-year clock (no transition exclusion)","ln_production","0","-0.014360446804620449","0.08625860879986669","-0.17534793668172222","0.1466270430724813","0.8755","0.084508351965122","0.8677781847881991","7","22","26","29","soybean;onion;sweet_potato;corn;garlic;spring_potato;red_pepper",
"annual","Dates: pilot-year clock (no transition exclusion)","ln_production","1","0.011186654912290352","0.11596077092570875","-0.20583374672564278","0.22820705655022347","0.9278","0.11323228362261578","0.9231478517148133","7","22","23","29","soybean;onion;sweet_potato;corn;garlic;spring_potato;red_pepper",
"annual","Dates: pilot-year clock (no transition exclusion)","ln_production","2","-0.02188683686362656","0.1436555650561681","-0.2911428660093581","0.247369192282105","0.885","0.13958276850987072","0.8789058865066812","7","22","22","29","soybean;onion;sweet_potato;corn;garlic;spring_potato;red_pepper",
"annual","Dates: pilot-year clock (no transition exclusion)","ln_production","3","0.07636915033312158","0.16705916664984843","-0.23371027005025868","0.38644857071650185","0.6634","0.16259815841162792","0.6475716133034433","7","22","22","29","soybean;onion;sweet_potato;corn;garlic;spring_potato;red_pepper",
"annual","Dates: pilot-year clock (no transition exclusion)","ln_production","4","0.09987752666751093","0.13094282312444444","-0.14688099128110477","0.3466360446161266","0.4472","0.12706448802682205","0.4456084586161366","7","22","22","29","soybean;onion;sweet_potato;corn;garlic;spring_potato;red_pepper",
"annual","Dates: pilot-year clock (no transition exclusion)","ln_production","5","0.13522238150794416","0.15474286693793346","-0.16015683165822933","0.4306015946741176","0.375","0.15090887983696455","0.382198795203339","7","22","22","29","soybean;onion;sweet_potato;corn;garlic;spring_potato;red_pepper",
"annual","Dates: pilot-year clock (no transition exclusion)","ln_production","6","-0.022804136622989364","0.15284852707536437","-0.3132222726915886","0.2676139994456099","0.882","0.1499716931704623","0.8814002782610391","7","22","22","29","soybean;onion;sweet_potato;corn;garlic;spring_potato;red_pepper",
"annual","Dates: pilot-year clock (no transition exclusion)","ln_production","7","0.005840379225478885","0.1495884205618735","-0.28216346941909476","0.2938442278700525","0.9686","0.14698073227705136","0.9688561135699674","7","20","22","29","soybean;onion;sweet_potato;corn;garlic;spring_potato;red_pepper",
"annual","Dates: pilot-year clock (no transition exclusion)","ln_production","8","-0.05793515447313532","0.1496137953148304","-0.3446729121367943","0.22880260319052367","0.6933","0.14696712747145907","0.6985849305786389","7","20","22","29","soybean;onion;sweet_potato;corn;garlic;spring_potato;red_pepper",
"annual","Dates: pilot-year clock (no transition exclusion)","ln_production","9","-0.04468594352866245","0.18789300753138327","-0.3939812833847485","0.3046093963274236","0.8189","0.184159969788862","0.8120156346426672","7","15","20","27","soybean;onion;sweet_potato;corn;garlic;spring_potato;red_pepper",
"annual","Controls: excl. other pulses","ln_production","-12","-0.2979924128305068","0.12996830196841372","-0.5465342041315506","-0.04945062152946303","0.0147","0.12914879690448583","0.021859038939610942","7","21","27","28","soybean;onion;sweet_potato;corn;garlic;spring_potato;red_pepper",
"annual","Controls: excl. other pulses","ln_production","-11","-0.14391185009931606","0.06954708285448738","-0.2781676690843704","-0.009656031114261693","0.0338","0.06903921619588742","0.03852054415680661","7","21","27","28","soybean;onion;sweet_potato;corn;garlic;spring_potato;red_pepper",
"annual","Controls: excl. other pulses","ln_production","-10","-0.15551602930621455","0.0655028667326416","-0.28081224401083854","-0.030219814601590567","0.0116","0.0644541426746992","0.017587659076748086","7","21","27","28","soybean;onion;sweet_potato;corn;garlic;spring_potato;red_pepper",
"annual","Controls: excl. other pulses","ln_production","-9","-0.1752481881213856","0.0788100186541443","-0.32554881305136874","-0.024947563191402455","0.0194","0.07741988391258185","0.02617004514001242","7","21","27","28","soybean;onion;sweet_potato;corn;garlic;spring_potato;red_pepper",
"annual","Controls: excl. other pulses","ln_production","-8","-0.008854474709626012","0.09017179476462817","-0.17510580402747572","0.15739685460822372","0.9302","0.08851978455389431","0.9217769655317232","6","21","27","28","soybean;onion;sweet_potato;corn;garlic;spring_potato",
"annual","Controls: excl. other pulses","ln_production","-7","0.003973174530584808","0.09978223035136764","-0.17868268172519058","0.18662903078636023","0.969","0.09824250565000378","0.9682378606869595","6","21","27","28","soybean;onion;sweet_potato;corn;garlic;spring_potato",
"annual","Controls: excl. other pulses","ln_production","-6","0.036605187285677285","0.0815955639077821","-0.10806286818886239","0.18127324276021695","0.7138","0.079801518341993","0.6537077012387242","5","21","27","28","soybean;onion;sweet_potato;corn;garlic",
"annual","Controls: excl. other pulses","ln_production","-5","0.10190406027148993","0.09760838933737088","-0.05087598779362543","0.25468410833660526","0.3638","0.09591388558754936","0.2964811151249067","2","21","24","25","onion;garlic",
"annual","Controls: excl. other pulses","ln_production","0","0.15579565965289474","0.15090308818438766","-0.13331883469729436","0.44491015400308387","0.3077","0.1488822482569781","0.30187449643259834","7","21","21","28","soybean;onion;sweet_potato;corn;garlic;spring_potato;red_pepper",
"annual","Controls: excl. other pulses","ln_production","1","0.07775302884445388","0.15016880214390566","-0.21207881050671867","0.36758486819562647","0.611","0.1489320863697396","0.6046181564137658","7","21","21","28","soybean;onion;sweet_potato;corn;garlic;spring_potato;red_pepper",
"annual","Controls: excl. other pulses","ln_production","2","-0.032944309444035286","0.19447970102557646","-0.40318963288169063","0.3373010139936201","0.8714","0.1925270753426144","0.8654842555480917","7","19","21","28","soybean;onion;sweet_potato;corn;garlic;spring_potato;red_pepper",
"annual","Controls: excl. other pulses","ln_production","3","-0.034636409361936835","0.16494166540162333","-0.35225632074313945","0.28298350201926575","0.8378","0.1642067560187353","0.833674015518546","7","19","21","28","soybean;onion;sweet_potato;corn;garlic;spring_potato;red_pepper",
"annual","Controls: excl. other pulses","ln_production","4","-0.06346659171539337","0.15081143396600505","-0.3541429003843191","0.22720971695353237","0.6843","0.1501178398139345","0.6738762407588466","7","14","21","28","soybean;onion;sweet_potato;corn;garlic;spring_potato;red_pepper",
"annual","Controls: excl. other pulses","ln_production","5","-0.02848930858066555","0.14756526821594915","-0.30860710078040815","0.251628483619077","0.8559","0.14556774761298355","0.8469100792208455","7","13","19","26","soybean;onion;sweet_potato;corn;garlic;spring_potato;red_pepper",
"annual","Controls: excl. other pulses","ln_production","6","0.17828653040234294","0.15771095116704234","-0.12476799595002097","0.48134105675470684","0.2587","0.1558257589997964","0.25828081908637746","7","10","19","26","soybean;onion;sweet_potato;corn;garlic;spring_potato;red_pepper",
"annual","Controls: excl. other pulses","ln_production","7","0.2085028921675245","0.2020937818632859","-0.17265506668441388","0.5896608510194629","0.3072","0.19813743987208346","0.3022063300730644","7","9","14","21","soybean;onion;sweet_potato;corn;garlic;spring_potato;red_pepper",
"annual","Controls: excl. other pulses","ln_production","8","0.05206780468163848","0.20780061933277424","-0.3445939076859539","0.4487295170492308","0.8012","0.20372462996480023","0.8021495422047114","7","9","13","20","soybean;onion;sweet_potato;corn;garlic;spring_potato;red_pepper",
"annual","Controls: excl. other pulses","ln_production","9","-0.00594856431912405","0.23897595539294259","-0.4598118495461524","0.4479147209079043","0.9794","0.23209738833846838","0.9801411923195305","7","7","10","17","soybean;onion;sweet_potato;corn;garlic;spring_potato;red_pepper",
"annual","Controls: excl. likely spillover (leaf lettuce, spinach, malting barley)","ln_production","-12","-0.28084215425378006","0.12830061365918383","-0.5233127843748128","-0.03837152413274733","0.0206","0.12530069458757517","0.02860130948887174","7","19","25","26","soybean;onion;sweet_potato;corn;garlic;spring_potato;red_pepper",
"annual","Controls: excl. likely spillover (leaf lettuce, spinach, malting barley)","ln_production","-11","-0.12802573205763146","0.06862589597830032","-0.25885687527822887","0.002805411162965926","0.056","0.06687702331658694","0.06210293900823638","7","19","25","26","soybean;onion;sweet_potato;corn;garlic;spring_potato;red_pepper",
"annual","Controls: excl. likely spillover (leaf lettuce, spinach, malting barley)","ln_production","-10","-0.1336384298144228","0.05978799864011723","-0.24899960913751762","-0.018277250491328","0.0203","0.05874918486064585","0.025403897436963252","7","19","25","26","soybean;onion;sweet_potato;corn;garlic;spring_potato;red_pepper",
"annual","Controls: excl. likely spillover (leaf lettuce, spinach, malting barley)","ln_production","-9","-0.15149837479287936","0.07215275901401999","-0.29065255324122485","-0.012344196344533903","0.0308","0.07136137387839708","0.03575618300479633","7","19","25","26","soybean;onion;sweet_potato;corn;garlic;spring_potato;red_pepper",
"annual","Controls: excl. likely spillover (leaf lettuce, spinach, malting barley)","ln_production","-8","0.01039826080907394","0.08900172539956556","-0.1523776665520341","0.173174188170182","0.9168","0.08711053422469049","0.9069930850950425","6","19","25","26","soybean;onion;sweet_potato;corn;garlic;spring_potato",
"annual","Controls: excl. likely spillover (leaf lettuce, spinach, malting barley)","ln_production","-7","0.02542428445373056","0.09767213983737312","-0.15142601171220965","0.2022745806196708","0.7991","0.09521967673234998","0.7946305843199943","6","19","25","26","soybean;onion;sweet_potato;corn;garlic;spring_potato",
"annual","Controls: excl. likely spillover (leaf lettuce, spinach, malting barley)","ln_production","-6","0.05087167924098153","0.08313588253871083","-0.09528501554920256","0.19702837403116563","0.6164","0.0814890145912432","0.5405972942379629","5","19","25","26","soybean;onion;sweet_potato;corn;garlic",
"annual","Controls: excl. likely spillover (leaf lettuce, spinach, malting barley)","ln_production","-5","0.11518212768603038","0.10116331940139471","-0.041510285198250715","0.27187454057031146","0.2854","0.09924587478927192","0.2548800427513629","2","19","22","23","onion;garlic",
"annual","Controls: excl. likely spillover (leaf lettuce, spinach, malting barley)","ln_production","0","0.05117324486617722","0.1321410242465448","-0.19747755948833878","0.2998240492206932","0.7119","0.12848158948094882","0.6985619882653202","7","19","19","26","soybean;onion;sweet_potato;corn;garlic;spring_potato;red_pepper",
"annual","Controls: excl. likely spillover (leaf lettuce, spinach, malting barley)","ln_production","1","-0.023959506530287666","0.14084866033144283","-0.2879589607542778","0.24003994769370246","0.8692","0.13728259508757593","0.8649250758323179","7","19","19","26","soybean;onion;sweet_potato;corn;garlic;spring_potato;red_pepper",
"annual","Controls: excl. likely spillover (leaf lettuce, spinach, malting barley)","ln_production","2","-0.12176052040534595","0.1936255815893797","-0.4822354297458375","0.23871438893514557","0.5448","0.18851257108710248","0.5294503957378482","7","17","19","26","soybean;onion;sweet_potato;corn;garlic;spring_potato;red_pepper",
"annual","Controls: excl. likely spillover (leaf lettuce, spinach, malting barley)","ln_production","3","-0.13122860647796064","0.166725047173859","-0.4460164713816901","0.1835592584257688","0.432","0.16195078887893807","0.43122571028439305","7","17","19","26","soybean;onion;sweet_potato;corn;garlic;spring_potato;red_pepper",
"annual","Controls: excl. likely spillover (leaf lettuce, spinach, malting barley)","ln_production","4","-0.17518290472827125","0.15240186459223845","-0.4666417823944175","0.116275972937875","0.2418","0.14809776178540857","0.25035808357033984","7","12","19","26","soybean;onion;sweet_potato;corn;garlic;spring_potato;red_pepper",
"annual","Controls: excl. likely spillover (leaf lettuce, spinach, malting barley)","ln_production","5","-0.14075775047931108","0.15082317775771267","-0.42554106961210525","0.14402556865348307","0.3516","0.14669131726024984","0.35068399145299844","7","11","17","24","soybean;onion;sweet_potato;corn;garlic;spring_potato;red_pepper",
"annual","Controls: excl. likely spillover (leaf lettuce, spinach, malting barley)","ln_production","6","0.062071559378449104","0.16546568483757915","-0.2526235986534468","0.376766717410345","0.701","0.1602387481120476","0.7075619123967818","7","10","17","24","soybean;onion;sweet_potato;corn;garlic;spring_potato;red_pepper",
"annual","Controls: excl. likely spillover (leaf lettuce, spinach, malting barley)","ln_production","7","0.07050766541730319","0.21170377631048543","-0.3232640947423745","0.4642794255769809","0.7345","0.20497165427866734","0.7390975296179259","7","9","12","19","soybean;onion;sweet_potato;corn;garlic;spring_potato;red_pepper",
"annual","Controls: excl. likely spillover (leaf lettuce, spinach, malting barley)","ln_production","8","-0.04927812998254391","0.2122477785134611","-0.4478030547287901","0.34924679476370224","0.8091","0.2049004920011027","0.8164039166496071","7","9","11","18","soybean;onion;sweet_potato;corn;garlic;spring_potato;red_pepper",
"annual","Controls: excl. likely spillover (leaf lettuce, spinach, malting barley)","ln_production","9","-0.08878802838235672","0.24016998626833588","-0.5398157340518022","0.3622396772870888","0.7048","0.2324091917699379","0.7116147676373268","7","7","10","17","soybean;onion;sweet_potato;corn;garlic;spring_potato;red_pepper",
"annual","Controls: field crops only","ln_production","-12","-0.17933528104122104","0.15442140879010477","-0.4578460995708548","0.09917553748841273","0.2519","0.14915856823447704","0.24550491665437058","7","8","14","15","soybean;onion;sweet_potato;corn;garlic;spring_potato;red_pepper",
"annual","Controls: field crops only","ln_production","-11","-0.0849572379868716","0.0982539258578609","-0.2641098828797297","0.09419540690598652","0.4032","0.09466983149724088","0.38721985095956724","7","8","14","15","soybean;onion;sweet_potato;corn;garlic;spring_potato;red_pepper",
"annual","Controls: field crops only","ln_production","-10","-0.05847818634640185","0.050083696501732444","-0.15343627407730587","0.036479901384502175","0.2405","0.048720516606015805","0.24296442508065552","7","8","14","15","soybean;onion;sweet_potato;corn;garlic;spring_potato;red_pepper",
"annual","Controls: field crops only","ln_production","-9","-0.06975885913752229","0.05693525876157378","-0.17819265049846228","0.038674932223417696","0.2184","0.055418734731474885","0.2204880975504253","7","8","14","15","soybean;onion;sweet_potato;corn;garlic;spring_potato;red_pepper",
"annual","Controls: field crops only","ln_production","-8","0.06333304632812001","0.09941704645366857","-0.11766480732597501","0.24433089998221502","0.544","0.09570641636399865","0.5240960959656125","6","8","14","15","soybean;onion;sweet_potato;corn;garlic;spring_potato",
"annual","Controls: field crops only","ln_production","-7","0.14191598880429265","0.10134745586451503","-0.042151592726612286","0.3259835703351976","0.16","0.09815272292807842","0.1614260220968402","6","8","14","15","soybean;onion;sweet_potato;corn;garlic;spring_potato",
"annual","Controls: field crops only","ln_production","-6","0.10405746394099885","0.11085643499236811","-0.08107551530568083","0.2891904431876785","0.4069","0.1063749135410428","0.3479008766541565","5","8","14","15","soybean;onion;sweet_potato;corn;garlic",
"annual","Controls: field crops only","ln_production","-5","0.13520987171910365","0.11254301716422685","-0.05957173256449158","0.32999147600269885","0.2664","0.10897426657694398","0.2295936959459819","2","8","11","12","onion;garlic",
"annual","Controls: field crops only","ln_production","0","0.1559271051830802","0.2995043987037198","-0.3965807684279353","0.7084349787940957","0.6071","0.2901903348688974","0.6026335493371064","7","8","8","15","soybean;onion;sweet_potato;corn;garlic;spring_potato;red_pepper",
"annual","Controls: field crops only","ln_production","1","-0.002445194733025846","0.2803610850767619","-0.519344052726868","0.5144536632608163","0.9941","0.2712882885152349","0.9930412653688256","7","8","8","15","soybean;onion;sweet_potato;corn;garlic;spring_potato;red_pepper",
"annual","Controls: field crops only","ln_production","2","-0.12950838454782956","0.27791055768878975","-0.6443322915458677","0.3853155224502086","0.6384","0.26802210699488116","0.6412101827907473","7","7","8","15","soybean;onion;sweet_potato;corn;garlic;spring_potato;red_pepper",
"annual","Controls: field crops only","ln_production","3","-0.18455297371362941","0.2646784563614276","-0.673120665168559","0.30401471774130007","0.4846","0.25538572910546975","0.48563235795901094","7","7","8","15","soybean;onion;sweet_potato;corn;garlic;spring_potato;red_pepper",
"annual","Controls: field crops only","ln_production","4","-0.1850952519464093","0.2471669185104736","-0.655003674617942","0.28481317072512335","0.4434","0.23843186692972998","0.4539371203971383","7","7","8","15","soybean;onion;sweet_potato;corn;garlic;spring_potato;red_pepper",
"annual","Controls: field crops only","ln_production","5","-0.08819018722696709","0.23266968745601957","-0.5216679853165623","0.34528761086262816","0.7075","0.22416126083496749","0.7046611321674647","7","6","7","14","soybean;onion;sweet_potato;corn;garlic;spring_potato;red_pepper",
"annual","Controls: field crops only","ln_production","6","-0.005634475758319379","0.2001816575795356","-0.37808735571622104","0.3668184041995823","0.9771","0.19256134796225585","0.9775450571683946","7","4","7","14","soybean;onion;sweet_potato;corn;garlic;spring_potato;red_pepper",
"annual","Controls: field crops only","ln_production","7","0.053558806745350046","0.27788987073104887","-0.46627559302161314","0.5733932065123133","0.8511","0.2683317369442852","0.8471673497366587","7","4","7","14","soybean;onion;sweet_potato;corn;garlic;spring_potato;red_pepper",
"annual","Controls: field crops only","ln_production","8","-0.1525432844198203","0.2802995495229171","-0.6724323557237861","0.3673457868841455","0.5894","0.2692775451498861","0.5862933711199529","7","4","6","13","soybean;onion;sweet_potato;corn;garlic;spring_potato;red_pepper",
"annual","Controls: field crops only","ln_production","9","-0.3744210606179916","0.29884162445943263","-0.9271142149098213","0.17827209367383817","0.192","0.2836542920606027","0.21023919182112216","7","4","4","11","soybean;onion;sweet_potato;corn;garlic;spring_potato;red_pepper",
"annual","Controls: excl. uncertain seasonal forms","ln_production","-12","-0.2102226253664705","0.12837549799051323","-0.45141194858675904","0.03096669785381806","0.0966","0.12605153507879888","0.1015134400339428","7","13","19","20","soybean;onion;sweet_potato;corn;garlic;spring_potato;red_pepper",
"annual","Controls: excl. uncertain seasonal forms","ln_production","-11","-0.11982782886852278","0.07949813728561192","-0.2698056690882943","0.03015001135124873","0.1217","0.07755109273228859","0.1317328541474012","7","13","19","20","soybean;onion;sweet_potato;corn;garlic;spring_potato;red_pepper",
"annual","Controls: excl. uncertain seasonal forms","ln_production","-10","-0.11658014530546401","0.06013792990120633","-0.23060974127532075","-0.002550549335607291","0.0459","0.05876757663675324","0.05255664064220911","7","13","19","20","soybean;onion;sweet_potato;corn;garlic;spring_potato;red_pepper",
"annual","Controls: excl. uncertain seasonal forms","ln_production","-9","-0.11650464449215445","0.06900028726845515","-0.24588411788449083","0.012874828900181934","0.0835","0.06708625831065848","0.09132179517077788","7","13","19","20","soybean;onion;sweet_potato;corn;garlic;spring_potato;red_pepper",
"annual","Controls: excl. uncertain seasonal forms","ln_production","-8","0.0035310940550986603","0.09896119866932807","-0.18087429148500442","0.18793647959520174","0.9739","0.096691090477692","0.9715362410838388","6","13","19","20","soybean;onion;sweet_potato;corn;garlic;spring_potato",
"annual","Controls: excl. uncertain seasonal forms","ln_production","-7","0.05055815869940128","0.10090429078049683","-0.13476056269422274","0.2358768800930253","0.6433","0.09851100791815258","0.616335489441505","6","13","19","20","soybean;onion;sweet_potato;corn;garlic;spring_potato",
"annual","Controls: excl. uncertain seasonal forms","ln_production","-6","0.04953776538807894","0.09780770602542417","-0.12024055382177054","0.21931608459792842","0.6815","0.09520512846996328","0.612518876485556","5","13","19","20","soybean;onion;sweet_potato;corn;garlic",
"annual","Controls: excl. uncertain seasonal forms","ln_production","-5","0.1159046237177197","0.08873329535779635","-0.03615563004337405","0.2679648774788135","0.1878","0.08504170061525046","0.19147998069232441","2","13","16","17","onion;garlic",
"annual","Controls: excl. uncertain seasonal forms","ln_production","0","0.10814943786695252","0.20938021045074623","-0.2881970396004679","0.5044959153343729","0.6174","0.2062950780163603","0.6054900349065109","7","13","13","20","soybean;onion;sweet_potato;corn;garlic;spring_potato;red_pepper",
"annual","Controls: excl. uncertain seasonal forms","ln_production","1","-0.04242238760346269","0.20487927959198224","-0.43480118987564653","0.3499564146687212","0.8346","0.20210777056677104","0.8359626803810907","7","13","13","20","soybean;onion;sweet_potato;corn;garlic;spring_potato;red_pepper",
"annual","Controls: excl. uncertain seasonal forms","ln_production","2","-0.165436380091744","0.21263935834609415","-0.5710010485471655","0.24012828836367756","0.4444","0.20980281444459373","0.43656080880948367","7","11","13","20","soybean;onion;sweet_potato;corn;garlic;spring_potato;red_pepper",
"annual","Controls: excl. uncertain seasonal forms","ln_production","3","-0.208044845020039","0.18987183860305204","-0.5686021481303909","0.15251245809031294","0.281","0.18784823181657248","0.27320484569007375","7","11","13","20","soybean;onion;sweet_potato;corn;garlic;spring_potato;red_pepper",
"annual","Controls: excl. uncertain seasonal forms","ln_production","4","-0.19898269649045305","0.19361915773188934","-0.5655639462344968","0.16759855325359066","0.3079","0.19093936613234144","0.3040902677085562","7","11","13","20","soybean;onion;sweet_potato;corn;garlic;spring_potato;red_pepper",
"annual","Controls: excl. uncertain seasonal forms","ln_production","5","-0.10194486458555231","0.190159890746519","-0.45634266555652103","0.25245293638541644","0.5965","0.18561445589910402","0.5918889053313605","7","10","11","18","soybean;onion;sweet_potato;corn;garlic;spring_potato;red_pepper",
"annual","Controls: excl. uncertain seasonal forms","ln_production","6","0.015432354969934031","0.18049571074416904","-0.3286628631670292","0.3595275731068972","0.9312","0.1769611555741939","0.9318640201112072","7","7","11","18","soybean;onion;sweet_potato;corn;garlic;spring_potato;red_pepper",
"annual","Controls: excl. uncertain seasonal forms","ln_production","7","0.02798400331438626","0.22435062047311619","-0.3902827143628407","0.4462507209916132","0.9018","0.21884407832421257","0.900734658158431","7","7","11","18","soybean;onion;sweet_potato;corn;garlic;spring_potato;red_pepper",
"annual","Controls: excl. uncertain seasonal forms","ln_production","8","-0.18721676177829136","0.22081610261704876","-0.6022770031369139","0.22784347958033122","0.3959","0.21464394259606923","0.39652698893914895","7","7","10","17","soybean;onion;sweet_potato;corn;garlic;spring_potato;red_pepper",
"annual","Controls: excl. uncertain seasonal forms","ln_production","9","-0.29350537874310645","0.2281493026309346","-0.7221332818108461","0.13512252432463318","0.1913","0.22068768390983817","0.19828191751400737","7","7","7","14","soybean;onion;sweet_potato;corn;garlic;spring_potato;red_pepper",
"annual","Leave out cohort 2012","ln_production","-12","-0.3412179763388391","0.16927984161565027","-0.6548155483624127","-0.027620404315265468","0.0279","0.16563730555930964","0.043830985021176216","5","22","26","27","sweet_potato;corn;garlic;spring_potato;red_pepper",
"annual","Leave out cohort 2012","ln_production","-11","-0.16169570434760214","0.0906076943539467","-0.32842590533551264","0.005034496640308361","0.0597","0.08911618527208663","0.07433121433483869","5","22","26","27","sweet_potato;corn;garlic;spring_potato;red_pepper",
"annual","Leave out cohort 2012","ln_production","-10","-0.16821877481837405","0.09110436986977215","-0.3405750625520666","0.0041375129153184975","0.0589","0.08944411213587268","0.06482830854818622","5","22","26","27","sweet_potato;corn;garlic;spring_potato;red_pepper",
"annual","Leave out cohort 2012","ln_production","-9","-0.16320350059632527","0.09210534332203628","-0.33024104555791967","0.003834044365269129","0.0571","0.08964192239610182","0.07640747626818856","5","22","26","27","sweet_potato;corn;garlic;spring_potato;red_pepper",
"annual","Leave out cohort 2012","ln_production","-8","-0.0017528754351719689","0.12647158746028858","-0.2306077572885559","0.22710200641821196","0.9903","0.12472542090199606","0.9889418050409455","4","22","26","27","sweet_potato;corn;garlic;spring_potato",
"annual","Leave out cohort 2012","ln_production","-7","-0.10834445855463659","0.10314065555393791","-0.29454224133544993","0.07785332422617672","0.3254","0.1011375528914802","0.2935096773999777","4","22","26","27","sweet_potato;corn;garlic;spring_potato",
"annual","Leave out cohort 2012","ln_production","-6","0.0014992001295567603","0.06312706781618774","-0.11710414580948933","0.12010254606860285","0.9828","0.06113044139690329","0.9810528788397062","3","22","24","25","sweet_potato;corn;garlic",
"annual","Leave out cohort 2012","ln_production","-5","0.02633349077523156","0.04542710277394127","-0.05704191331062128","0.1097088948610844","0.5733","0.04384936499015462","0.5621258623090275","1","22","22","23","garlic",
"annual","Leave out cohort 2012","ln_production","0","0.08037016477373644","0.16868230917339877","-0.2405007148564609","0.40124104440393377","0.6396","0.16637452103852665","0.6337475772378758","5","22","22","27","sweet_potato;corn;garlic;spring_potato;red_pepper",
"annual","Leave out cohort 2012","ln_production","1","-0.059087324227714205","0.15225325943406326","-0.34787756101878475","0.22970291256335637","0.7029","0.1490972590638575","0.6979525582963169","5","22","22","27","sweet_potato;corn;garlic;spring_potato;red_pepper",
"annual","Leave out cohort 2012","ln_production","2","-0.21653190014264959","0.19968160253577477","-0.5857508293225953","0.15268702903729606","0.2941","0.19626741829369365","0.2781937641663985","5","20","22","27","sweet_potato;corn;garlic;spring_potato;red_pepper",
"annual","Leave out cohort 2012","ln_production","3","-0.11087582863504412","0.1878320075391205","-0.46620224861662435","0.24445059134653607","0.5614","0.18373738941354928","0.5549945548430397","5","20","22","27","sweet_potato;corn;garlic;spring_potato;red_pepper",
"annual","Leave out cohort 2012","ln_production","4","-0.13142449407253565","0.1447170677511604","-0.40613176454712946","0.14328277640205817","0.3699","0.1418280676844752","0.3638001119647607","5","15","20","25","sweet_potato;corn;garlic;spring_potato;red_pepper",
"annual","Leave out cohort 2012","ln_production","5","-0.08488427831218598","0.17311833009476524","-0.4052307135915854","0.23546215696721345","0.6426","0.1700367618360713","0.6239038037990443","5","14","20","25","sweet_potato;corn;garlic;spring_potato;red_pepper",
"annual","Leave out cohort 2012","ln_production","6","0.10736300947165273","0.17963449285418495","-0.22928171709830542","0.44400773604161087","0.5481","0.17471892040479872","0.5500569436954419","5","11","15","20","sweet_potato;corn;garlic;spring_potato;red_pepper",
"annual","Leave out cohort 2012","ln_production","7","0.07637299738655211","0.23514200852443026","-0.3551826136449908","0.5079286084180951","0.7655","0.22883932701077184","0.7453360721437248","5","10","14","19","sweet_potato;corn;garlic;spring_potato;red_pepper",
"annual","Leave out cohort 2012","ln_production","8","-0.06634174506824608","0.2354641190813781","-0.5005482265055485","0.3678647363690563","0.7858","0.226690101765843","0.7781360933210033","5","10","11","16","sweet_potato;corn;garlic;spring_potato;red_pepper",
"annual","Leave out cohort 2012","ln_production","9","-0.20611183070813613","0.23846954662060654","-0.6498830316492489","0.2376593702329766","0.3792","0.22895136743097355","0.3874171187927602","5","8","10","15","sweet_potato;corn;garlic;spring_potato;red_pepper",
"annual","Leave out cohort 2013","ln_production","-12","-0.23944886833750312","0.14417804985017146","-0.5111968922825967","0.0322991556075905","0.0906","0.141332210516083","0.09675645947495681","3","22","24","25","soybean;onion;red_pepper",
"annual","Leave out cohort 2013","ln_production","-11","-0.18123756010525266","0.11085987080979018","-0.38949276438646613","0.02701764417596081","0.095","0.10809650017186813","0.10208371108009806","3","22","24","25","soybean;onion;red_pepper",
"annual","Leave out cohort 2013","ln_production","-10","-0.14315910207158092","0.09677969980819055","-0.31877495877748874","0.0324567546343269","0.1379","0.09449338944117734","0.1390797742070271","3","22","24","25","soybean;onion;red_pepper",
"annual","Leave out cohort 2013","ln_production","-9","-0.2826204249646599","0.16408684706682278","-0.5757139513731013","0.010473101443781496","0.0674","0.16168679372494815","0.085000129109156","3","22","24","25","soybean;onion;red_pepper",
"annual","Leave out cohort 2013","ln_production","-8","-0.05360124337300273","0.10628801337526503","-0.24062545971554652","0.13342297296954106","0.6701","0.10333955865127657","0.6140492670945685","2","22","24","25","soybean;onion",
"annual","Leave out cohort 2013","ln_production","-7","0.2053265254318878","0.21885700201129332","-0.0976813102972541","0.5083343611610297","0.512","0.2142706392413959","0.3481536443123825","2","22","24","25","soybean;onion",
"annual","Leave out cohort 2013","ln_production","-6","0.08061840483866942","0.17204065971678983","-0.1987016662190009","0.35993847589633976","0.7518","0.1683593029902452","0.6393549469223405","2","22","24","25","soybean;onion",
"annual","Leave out cohort 2013","ln_production","-5","0.18924245316087424","0.18741818921759085","-0.07525156054870924","0.4537364668704577","0.4014","0.18256405858545524","0.3126229138115355","1","22","22","23","onion",
"annual","Leave out cohort 2013","ln_production","0","0.059721474382031736","0.22554114419137036","-0.35979264975919034","0.4792355985232538","0.8052","0.21863353772971902","0.7911697556434496","3","22","22","25","soybean;onion;red_pepper",
"annual","Leave out cohort 2013","ln_production","1","0.05954752193101706","0.26155567120447515","-0.4238778504005011","0.5429728942625351","0.8337","0.2535285482247003","0.8199053461074108","3","22","22","25","soybean;onion;red_pepper",
"annual","Leave out cohort 2013","ln_production","2","-0.07161248504282021","0.3780121194981702","-0.747464523924552","0.6042395538389115","0.852","0.36659374381034165","0.8497441014707312","3","20","22","25","soybean;onion;red_pepper",
"annual","Leave out cohort 2013","ln_production","3","-0.16521810492626465","0.23774820008577816","-0.6017228382633313","0.27128662841080203","0.5048","0.2302656887151835","0.4870998345562574","3","20","22","25","soybean;onion;red_pepper",
"annual","Leave out cohort 2013","ln_production","4","-0.15818989454940108","0.2546791370767039","-0.6141492258681265","0.2977694367693244","0.5612","0.24639078254824992","0.5345113997681483","3","15","22","25","soybean;onion;red_pepper",
"annual","Leave out cohort 2013","ln_production","5","-0.216176333287539","0.25655157168486026","-0.6805443505310174","0.24819168395593938","0.4161","0.24727717524544574","0.39943915283187414","3","14","20","23","soybean;onion;red_pepper",
"annual","Leave out cohort 2013","ln_production","6","0.005761070564257495","0.2537500107556022","-0.4422354224637186","0.4537575635922336","0.9835","0.24504230706295302","0.981886604163841","3","11","20","23","soybean;onion;red_pepper",
"annual","Leave out cohort 2013","ln_production","7","-0.013254703928905182","0.3684208105226215","-0.6639433363408124","0.6374339284830021","0.9693","0.35390397392773354","0.9713006368922361","3","10","15","18","soybean;onion;red_pepper",
"annual","Leave out cohort 2013","ln_production","8","-0.1474693284273046","0.3238159425765632","-0.7271116559075166","0.43217299905290746","0.6399","0.3102418993287165","0.6488136137157103","3","10","14","17","soybean;onion;red_pepper",
"annual","Leave out cohort 2013","ln_production","9","-0.04173258108326153","0.3698743460775303","-0.7015520314039899","0.6180868692374669","0.9062","0.35188503731229154","0.9101660654009212","3","8","11","14","soybean;onion;red_pepper",
"annual","Leave out cohort 2015","ln_production","-12","-0.31274095666904256","0.14904716897252798","-0.5939001189732902","-0.03158179436479497","0.0253","0.14787419586732808","0.035881447122661836","6","22","27","28","soybean;onion;sweet_potato;corn;garlic;spring_potato",
"annual","Leave out cohort 2015","ln_production","-11","-0.15184711027739678","0.0790793136318738","-0.30252833327904405","-0.001165887275749511","0.0485","0.07828735825846542","0.05483421878960426","6","22","27","28","soybean;onion;sweet_potato;corn;garlic;spring_potato",
"annual","Leave out cohort 2015","ln_production","-10","-0.1814224174431916","0.07727029401303903","-0.3295290389512246","-0.0333157959351586","0.0125","0.07617966326070405","0.018879921125251276","6","22","27","28","soybean;onion;sweet_potato;corn;garlic;spring_potato",
"annual","Leave out cohort 2015","ln_production","-9","-0.15518775638855628","0.07707647580296953","-0.30011897203075516","-0.010256540746357401","0.0338","0.07561086709437545","0.04406986534737367","6","22","27","28","soybean;onion;sweet_potato;corn;garlic;spring_potato",
"annual","Leave out cohort 2015","ln_production","-8","-0.01532068168325218","0.08934561251617247","-0.18081006886527123","0.15016870549876687","0.8814","0.08768445024840285","0.8638490299640877","6","22","27","28","soybean;onion;sweet_potato;corn;garlic;spring_potato",
"annual","Leave out cohort 2015","ln_production","-7","-0.0012581817103499288","0.09890663999914812","-0.18421287686771115","0.18169651344701127","0.9903","0.0973366866437513","0.9898504621422131","6","22","27","28","soybean;onion;sweet_potato;corn;garlic;spring_potato",
"annual","Leave out cohort 2015","ln_production","-6","0.03564469215366588","0.0789768985110804","-0.10670530538825833","0.17799468969559007","0.7071","0.07838815647462676","0.6517512830818777","5","22","27","28","soybean;onion;sweet_potato;corn;garlic",
"annual","Leave out cohort 2015","ln_production","-5","0.1082845060745527","0.09839194870845433","-0.04276466179188407","0.2593336739409895","0.3096","0.09633667321466832","0.2710958897951419","2","22","25","26","onion;garlic",
"annual","Leave out cohort 2015","ln_production","0","0.23094540939416103","0.12866862385128222","-0.00949837612497234","0.4713891949132944","0.0635","0.1263482929687508","0.07267199151228665","6","22","22","28","soybean;onion;sweet_potato;corn;garlic;spring_potato",
"annual","Leave out cohort 2015","ln_production","1","0.1542905589558343","0.12176102575252966","-0.07711405440305194","0.3856951723147205","0.2011","0.11940306141674839","0.20509850335858104","6","22","22","28","soybean;onion;sweet_potato;corn;garlic;spring_potato",
"annual","Leave out cohort 2015","ln_production","2","0.09977835347963737","0.14509054070925034","-0.17518072574750465","0.3747374327067794","0.4922","0.1424414639900609","0.49164350581414507","6","22","22","28","soybean;onion;sweet_potato;corn;garlic;spring_potato",
"annual","Leave out cohort 2015","ln_production","3","0.04814539561911413","0.14251920206988558","-0.22389477112798328","0.32018556236621154","0.7433","0.14097165732197747","0.7355011703791541","6","22","22","28","soybean;onion;sweet_potato;corn;garlic;spring_potato",
"annual","Leave out cohort 2015","ln_production","4","-0.01074461810881163","0.14332096376545253","-0.2856398487121801","0.2641506124945569","0.9447","0.1427420139928498","0.9402394391848601","6","20","22","28","soybean;onion;sweet_potato;corn;garlic;spring_potato",
"annual","Leave out cohort 2015","ln_production","5","0.05326751481637353","0.10926205339428822","-0.15954254402072496","0.266077573653472","0.6313","0.10873742767168805","0.625889363797357","6","20","20","26","soybean;onion;sweet_potato;corn;garlic;spring_potato",
"annual","Leave out cohort 2015","ln_production","6","0.23100214413042858","0.1400585885904819","-0.0394862636995057","0.5014905519603629","0.0976","0.13926460156213202","0.09908105233505982","6","15","20","26","soybean;onion;sweet_potato;corn;garlic;spring_potato",
"annual","Leave out cohort 2015","ln_production","7","0.3110717505223017","0.1429815963555568","0.03875869036419505","0.5833848106804083","0.0263","0.14057739232114835","0.029584665431992896","6","14","15","21","soybean;onion;sweet_potato;corn;garlic;spring_potato",
"annual","Leave out cohort 2015","ln_production","8","0.13475717919813718","0.16433509303780902","-0.1759422159493711","0.44545657434564545","0.4053","0.16050325664163106","0.41220777162040045","6","11","14","20","soybean;onion;sweet_potato;corn;garlic;spring_potato",
"annual","Leave out cohort 2015","ln_production","9","0.06503357657276156","0.21162927805905235","-0.3313470267773575","0.4614141799228806","0.7572","0.20358345592479626","0.7586153973878997","6","10","11","17","soybean;onion;sweet_potato;corn;garlic;spring_potato",
"annual","Leave out Soybean","ln_production","-12","-0.325230025161125","0.14805934073881882","-0.6045465917745914","-0.04591345854765855","0.0206","0.14652976394245223","0.028047637137333048","6","22","27","28","onion;sweet_potato;corn;garlic;spring_potato;red_pepper",
"annual","Leave out Soybean","ln_production","-11","-0.14981556321379103","0.07632553857309135","-0.2952199760807903","-0.0044111503467917645","0.0432","0.07558209931053965","0.04966363674058627","6","22","27","28","onion;sweet_potato;corn;garlic;spring_potato;red_pepper",
"annual","Leave out Soybean","ln_production","-10","-0.16635397957974682","0.07685240587312607","-0.3121325632309284","-0.020575395928565193","0.0232","0.07502606108980703","0.03041906722611154","6","22","27","28","onion;sweet_potato;corn;garlic;spring_potato;red_pepper",
"annual","Leave out Soybean","ln_production","-9","-0.18813890458803384","0.09017439363057295","-0.3588591848884105","-0.01741862428765717","0.0251","0.08885477671303954","0.036943358800482606","6","22","27","28","onion;sweet_potato;corn;garlic;spring_potato;red_pepper",
"annual","Leave out Soybean","ln_production","-8","-0.03383018176620599","0.10675239102632159","-0.23200968851053588","0.16434932497812388","0.7779","0.10591843372689187","0.7513170009380825","5","22","27","28","onion;sweet_potato;corn;garlic;spring_potato",
"annual","Leave out Soybean","ln_production","-7","-0.08418076152005931","0.08258828877137789","-0.23505109319978446","0.06668957015966583","0.3388","0.08172389041748584","0.3080690760931266","5","22","27","28","onion;sweet_potato;corn;garlic;spring_potato",
"annual","Leave out Soybean","ln_production","-6","-0.03423249971765009","0.06149846251505212","-0.1505512074801211","0.08208620804482092","0.5839","0.06001605794527467","0.577773468107011","4","22","25","26","onion;sweet_potato;corn;garlic",
"annual","Leave out Soybean","ln_production","-5","0.1082845060745527","0.09572900505256818","-0.03975896585788674","0.25632797800699214","0.2815","0.09386057312572364","0.25798914028016684","2","22","25","26","onion;garlic",
"annual","Leave out Soybean","ln_production","0","0.12415609973322253","0.1580401678283305","-0.17481778955256336","0.42312998901900845","0.4429","0.15543188778264724","0.4321028141788845","6","22","22","28","onion;sweet_potato;corn;garlic;spring_potato;red_pepper",
"annual","Leave out Soybean","ln_production","1","0.005298137028859562","0.15072577602771658","-0.2807640847023557","0.2913603587600748","0.9731","0.14841760589219358","0.9719594651962857","6","22","22","28","onion;sweet_potato;corn;garlic;spring_potato;red_pepper",
"annual","Leave out Soybean","ln_production","2","-0.0975480901287786","0.2076935268424985","-0.4843489043739285","0.28925272411637126","0.6409","0.20392206683509892","0.6385884947169744","6","20","22","28","onion;sweet_potato;corn;garlic;spring_potato;red_pepper",
"annual","Leave out Soybean","ln_production","3","-0.06255075408872271","0.17540366669541121","-0.3972907810978411","0.27218927292039574","0.7186","0.1713429114425017","0.7213835660261096","6","20","22","28","onion;sweet_potato;corn;garlic;spring_potato;red_pepper",
"annual","Leave out Soybean","ln_production","4","-0.04858856411437802","0.15575213655660924","-0.3473440766970372","0.2501669484682812","0.7563","0.15348795593363457","0.7550703001244778","6","15","22","28","onion;sweet_potato;corn;garlic;spring_potato;red_pepper",
"annual","Leave out Soybean","ln_production","5","-0.032977574623037485","0.16281771287079674","-0.33854413958316987","0.27258899033709494","0.8446","0.15857446330256325","0.8394923101090335","6","14","20","26","onion;sweet_potato;corn;garlic;spring_potato;red_pepper",
"annual","Leave out Soybean","ln_production","6","0.17946553125537207","0.17151849408717743","-0.14785702465226375","0.5067880871630079","0.29","0.16780851299924737","0.2954071240470193","6","11","20","26","onion;sweet_potato;corn;garlic;spring_potato;red_pepper",
"annual","Leave out Soybean","ln_production","7","0.1672790072990148","0.2254691385471444","-0.2526995676528981","0.5872575822509276","0.4682","0.21944906129435124","0.4581386452075218","6","10","15","21","onion;sweet_potato;corn;garlic;spring_potato;red_pepper",
"annual","Leave out Soybean","ln_production","8","0.012709201162814876","0.22278383994049925","-0.40351353218206926","0.428931934507699","0.9526","0.21614207682213185","0.9545075715391278","6","10","14","20","onion;sweet_potato;corn;garlic;spring_potato;red_pepper",
"annual","Leave out Soybean","ln_production","9","-0.08061665811154514","0.25112767427794314","-0.5549299172088041","0.3936966009857139","0.7521","0.24485332666622253","0.7481962843830954","6","8","11","17","onion;sweet_potato;corn;garlic;spring_potato;red_pepper",
"annual","Leave out Onion","ln_production","-12","-0.3104176750195677","0.14444734645538754","-0.5749250868392651","-0.04591026319987024","0.0174","0.13981167045590992","0.031634220226790966","6","22","27","28","soybean;sweet_potato;corn;garlic;spring_potato;red_pepper",
"annual","Leave out Onion","ln_production","-11","-0.16116658418166652","0.07959456419573183","-0.3090219305011761","-0.01331123786215696","0.0281","0.07751686791537965","0.042883374496124116","6","22","27","28","soybean;sweet_potato;corn;garlic;spring_potato;red_pepper",
"annual","Leave out Onion","ln_production","-10","-0.16420195043116975","0.07787396972823847","-0.31075987198968624","-0.017644028872653233","0.0251","0.07589081029605055","0.0349825643953805","6","22","27","28","soybean;sweet_potato;corn;garlic;spring_potato;red_pepper",
"annual","Leave out Onion","ln_production","-9","-0.15837554943157534","0.08163385751816854","-0.31104233758138844","-0.0057087612817622035","0.0389","0.08018079685140066","0.052370957859385836","6","22","27","28","soybean;sweet_potato;corn;garlic;spring_potato;red_pepper",
"annual","Leave out Onion","ln_production","-8","0.012635488354960887","0.10212087411152607","-0.1770577214920465","0.20232869820196828","0.9144","0.10095188200563872","0.9015284946870006","5","22","27","28","soybean;sweet_potato;corn;garlic;spring_potato",
"annual","Leave out Onion","ln_production","-7","-0.003016386536392676","0.11674744886771","-0.21472218293163514","0.20868940985884982","0.9775","0.11445336055025902","0.979387468152666","5","22","27","28","soybean;sweet_potato;corn;garlic;spring_potato",
"annual","Leave out Onion","ln_production","-6","0.07996693398540584","0.08949613072034736","-0.07180240457717978","0.23173627254799145","0.4498","0.08743523432617113","0.3715766657031925","4","22","27","28","soybean;sweet_potato;corn;garlic",
"annual","Leave out Onion","ln_production","-5","0.02633349077523156","0.045426872280226814","-0.05793738243100194","0.11060436398146506","0.569","0.04412962160411728","0.5621238784542366","1","22","22","23","garlic",
"annual","Leave out Onion","ln_production","0","0.10670967952653683","0.15514130348101476","-0.18531325780456576","0.3987326168576394","0.4985","0.15173976622055224","0.49156456408348026","6","22","22","28","soybean;sweet_potato;corn;garlic;spring_potato;red_pepper",
"annual","Leave out Onion","ln_production","1","0.012874867647168817","0.15391655438005516","-0.2788234215360952","0.30457315683043285","0.929","0.15096188939031913","0.9333360143885603","6","22","22","28","soybean;sweet_potato;corn;garlic;spring_potato;red_pepper",
"annual","Leave out Onion","ln_production","2","-0.14113072957041953","0.18959572640424574","-0.4925301554841628","0.2102686963433237","0.4728","0.18568410623094336","0.456648328911323","6","20","22","28","soybean;sweet_potato;corn;garlic;spring_potato;red_pepper",
"annual","Leave out Onion","ln_production","3","-0.09327586012709307","0.16960193851236868","-0.41074138745883293","0.2241896672046468","0.588","0.1658986535670905","0.5823404275759343","6","20","22","28","soybean;sweet_potato;corn;garlic;spring_potato;red_pepper",
"annual","Leave out Onion","ln_production","4","-0.16061183616804764","0.13697751944219008","-0.41700192982867595","0.09577825749258068","0.2324","0.13338430261438255","0.24097969117299778","6","15","22","28","soybean;sweet_potato;corn;garlic;spring_potato;red_pepper",
"annual","Leave out Onion","ln_production","5","-0.10053809918089207","0.15393005457434494","-0.3849015407294991","0.18382534236771497","0.5264","0.1496207749627339","0.513665091677864","6","14","20","26","soybean;sweet_potato;corn;garlic;spring_potato;red_pepper",
"annual","Leave out Onion","ln_production","6","0.0716795702904724","0.1608824600733145","-0.23300627775709237","0.37636541833803716","0.6627","0.1573584837786132","0.6559295640783707","6","11","20","26","soybean;sweet_potato;corn;garlic;spring_potato;red_pepper",
"annual","Leave out Onion","ln_production","7","0.08040943871309994","0.20535137643294238","-0.29523055542380394","0.45604943285000377","0.709","0.19855297221077475","0.6953759569520026","6","10","15","21","soybean;sweet_potato;corn;garlic;spring_potato;red_pepper",
"annual","Leave out Onion","ln_production","8","-0.0651251250058816","0.20738419745758346","-0.45261625644986503","0.32236600643810187","0.7539","0.20032015351147178","0.7534972814918008","6","10","14","20","soybean;sweet_potato;corn;garlic;spring_potato;red_pepper",
"annual","Leave out Onion","ln_production","9","-0.1549394872580598","0.21940254748317548","-0.562255185235663","0.2523762107195434","0.4794","0.21065003385506045","0.4800711155590085","6","8","11","17","soybean;sweet_potato;corn;garlic;spring_potato;red_pepper",
"annual","Leave out Sweet potato","ln_production","-12","-0.29579482612544705","0.14311112311266014","-0.5581052506921984","-0.0334844015586957","0.0232","0.1398572055805944","0.03874460132438928","6","22","27","28","soybean;onion;corn;garlic;spring_potato;red_pepper",
"annual","Leave out Sweet potato","ln_production","-11","-0.15854916714961909","0.07911161697254579","-0.30796165088778626","-0.009136683411451907","0.036","0.07734124985283128","0.045057216499828634","6","22","27","28","soybean;onion;corn;garlic;spring_potato;red_pepper",
"annual","Leave out Sweet potato","ln_production","-10","-0.1586130041355572","0.07489231091275614","-0.3006025849986925","-0.01662342327242186","0.0248","0.07355944628454139","0.034185145064932865","6","22","27","28","soybean;onion;corn;garlic;spring_potato;red_pepper",
"annual","Leave out Sweet potato","ln_production","-9","-0.20812099683422475","0.09306072755186806","-0.3842788260729937","-0.03196316759545578","0.0169","0.09093550306402222","0.025325591179666596","6","22","27","28","soybean;onion;corn;garlic;spring_potato;red_pepper",
"annual","Leave out Sweet potato","ln_production","-8","0.009857667704973788","0.10072671533197582","-0.17525777999995937","0.19497311540990694","0.9256","0.0989699024700634","0.9220391163775474","5","22","27","28","soybean;onion;corn;garlic;spring_potato",
"annual","Leave out Sweet potato","ln_production","-7","0.01850772315291639","0.11485566740678875","-0.18886789945348476","0.2258833457593175","0.8597","0.11228137608574182","0.8719839530907714","5","22","27","28","soybean;onion;corn;garlic;spring_potato",
"annual","Leave out Sweet potato","ln_production","-6","0.021525566635547125","0.09304636692627345","-0.13911113677410947","0.18216227004520374","0.869","0.09113058165190545","0.8170488362193842","4","22","27","28","soybean;onion;corn;garlic",
"annual","Leave out Sweet potato","ln_production","-5","0.11033816103570401","0.09824907614133552","-0.03964486804117667","0.2603211901125847","0.2895","0.09617865361415859","0.26141826502667076","2","22","24","25","onion;garlic",
"annual","Leave out Sweet potato","ln_production","0","0.1464813565738893","0.16102758822511098","-0.16297560000260172","0.45593831315038036","0.3775","0.16026686412826424","0.362998567128094","6","22","22","28","soybean;onion;corn;garlic;spring_potato;red_pepper",
"annual","Leave out Sweet potato","ln_production","1","0.059781319156235156","0.16064456868298024","-0.2497043471743248","0.3692669854867951","0.7226","0.1589588796643543","0.709793021610492","6","22","22","28","soybean;onion;corn;garlic;spring_potato;red_pepper",
"annual","Leave out Sweet potato","ln_production","2","-0.06031081129889443","0.21304151038136168","-0.45916746612067116","0.3385458435228823","0.7938","0.21045646852656982","0.7771046442763034","6","20","22","28","soybean;onion;corn;garlic;spring_potato;red_pepper",
"annual","Leave out Sweet potato","ln_production","3","-0.09244382479159693","0.1665169745127292","-0.410853179704214","0.22596553012102014","0.5907","0.16468653401302244","0.5787841531021771","6","20","22","28","soybean;onion;corn;garlic;spring_potato;red_pepper",
"annual","Leave out Sweet potato","ln_production","4","-0.1184545332971737","0.1573395406379999","-0.4179597918996842","0.18105072530533678","0.4682","0.15513828419928075","0.4515344796963707","6","15","22","28","soybean;onion;corn;garlic;spring_potato;red_pepper",
"annual","Leave out Sweet potato","ln_production","5","-0.0759936730570778","0.16293360385412314","-0.38413570194454416","0.2321483558303886","0.6645","0.1614943239464743","0.6409228856164895","6","14","20","26","soybean;onion;corn;garlic;spring_potato;red_pepper",
"annual","Leave out Sweet potato","ln_production","6","0.11141027624903406","0.16959684795696978","-0.20907041601271603","0.4318909685107841","0.523","0.16674435616667993","0.5112372300818466","6","11","20","26","soybean;onion;corn;garlic;spring_potato;red_pepper",
"annual","Leave out Sweet potato","ln_production","7","0.13592780449571173","0.22013624973390095","-0.2740974085587292","0.5459530175501527","0.5583","0.21624177985926796","0.536923941210248","6","10","15","21","soybean;onion;corn;garlic;spring_potato;red_pepper",
"annual","Leave out Sweet potato","ln_production","8","-0.027741592848437913","0.21286505524373725","-0.42821879977705085","0.372735614080175","0.8981","0.20879992216171706","0.8963094706211849","6","10","14","20","soybean;onion;corn;garlic;spring_potato;red_pepper",
"annual","Leave out Sweet potato","ln_production","9","-0.07560519200845718","0.24017870157444446","-0.5206994401475639","0.3694890561306495","0.7532","0.23205844765063205","0.7529231960595271","6","8","11","17","soybean;onion;corn;garlic;spring_potato;red_pepper",
"annual","Leave out Corn","ln_production","-12","-0.2508927779911301","0.11803455536998253","-0.47499281404219024","-0.02679274194006992","0.0268","0.1155667179509716","0.03353761954452383","6","22","27","28","soybean;onion;sweet_potato;garlic;spring_potato;red_pepper",
"annual","Leave out Corn","ln_production","-11","-0.12883724249582887","0.06661497403109776","-0.2556345597882564","-0.0020399252034013493","0.0458","0.06535326575737821","0.05310596193145889","6","22","27","28","soybean;onion;sweet_potato;garlic;spring_potato;red_pepper",
"annual","Leave out Corn","ln_production","-10","-0.14640020706093665","0.06926698538561579","-0.2772402881832108","-0.015560125938662545","0.0249","0.06792047335061706","0.03455252290094646","6","22","27","28","soybean;onion;sweet_potato;garlic;spring_potato;red_pepper",
"annual","Leave out Corn","ln_production","-9","-0.17097791081115238","0.08543709935135349","-0.33063091955908136","-0.011324902063223397","0.0319","0.0829731943624016","0.045369343631350256","6","22","27","28","soybean;onion;sweet_potato;garlic;spring_potato;red_pepper",
"annual","Leave out Corn","ln_production","-8","0.02437333678329054","0.09543117287626575","-0.14755156944055905","0.19629824300714013","0.8265","0.093527948178471","0.798412429025082","5","22","27","28","soybean;onion;sweet_potato;garlic;spring_potato",
"annual","Leave out Corn","ln_production","-7","0.06227232272354187","0.097932566527089","-0.10667277906331558","0.23121742451039934","0.6233","0.09589582723381995","0.524861546087215","5","22","27","28","soybean;onion;sweet_potato;garlic;spring_potato",
"annual","Leave out Corn","ln_production","-6","0.06204866296423468","0.09542456997959492","-0.10563176982624155","0.2297290957547109","0.5899","0.09353794813202872","0.5155386243457847","4","22","27","28","soybean;onion;sweet_potato;garlic",
"annual","Leave out Corn","ln_production","-5","0.10673319036960502","0.09499760470947034","-0.0391121702136889","0.25257855095289894","0.2916","0.09271831465078145","0.261210091759398","2","22","24","25","onion;garlic",
"annual","Leave out Corn","ln_production","0","0.17038942590075426","0.1575743958660923","-0.12753278420303513","0.4683116360045436","0.2829","0.15448575716116944","0.27955174571027097","6","22","22","28","soybean;onion;sweet_potato;garlic;spring_potato;red_pepper",
"annual","Leave out Corn","ln_production","1","0.07671482360590351","0.1589249513830085","-0.22379320469970967","0.3772228519115167","0.644","0.1563008875738204","0.6293009454643663","6","22","22","28","soybean;onion;sweet_potato;garlic;spring_potato;red_pepper",
"annual","Leave out Corn","ln_production","2","-0.050372207311902895","0.21276080848580736","-0.4434816022382881","0.3427371876144823","0.8263","0.2093284795436736","0.8128467832769115","6","20","22","28","soybean;onion;sweet_potato;garlic;spring_potato;red_pepper",
"annual","Leave out Corn","ln_production","3","-0.048036669503373236","0.17135863233439208","-0.37214738896225286","0.27607404995550633","0.779","0.16822382132909364","0.779225661123129","6","20","22","28","soybean;onion;sweet_potato;garlic;spring_potato;red_pepper",
"annual","Leave out Corn","ln_production","4","-0.07969418872348666","0.16065924762259462","-0.38477512936570424","0.22538675191873092","0.6172","0.1568555378659691","0.6198627841595414","6","15","22","28","soybean;onion;sweet_potato;garlic;spring_potato;red_pepper",
"annual","Leave out Corn","ln_production","5","-0.05964514763076997","0.1639560244339762","-0.36666204948398345","0.24737175422244354","0.7235","0.16061160435010477","0.7160167185748623","6","14","20","26","soybean;onion;sweet_potato;garlic;spring_potato;red_pepper",
"annual","Leave out Corn","ln_production","6","0.16265430106046547","0.17020092050176158","-0.15821726958776777","0.4835258717086987","0.3424","0.16688011179120793","0.3392437721578183","6","11","20","26","soybean;onion;sweet_potato;garlic;spring_potato;red_pepper",
"annual","Leave out Corn","ln_production","7","0.13814036637278448","0.21971774167590635","-0.2695468108761391","0.545827543621708","0.5482","0.2151060405098489","0.5295340873469958","6","10","15","21","soybean;onion;sweet_potato;garlic;spring_potato;red_pepper",
"annual","Leave out Corn","ln_production","8","-0.0222240009015211","0.21316673455492813","-0.42515246360850206","0.38070446180545986","0.9218","0.20819502950158758","0.9169658600897619","6","10","14","20","soybean;onion;sweet_potato;garlic;spring_potato;red_pepper",
"annual","Leave out Corn","ln_production","9","-0.06877066843151693","0.24017380578366868","-0.5164040464081092","0.3788627095450754","0.7751","0.23316845684945217","0.7746199537498129","6","8","11","17","soybean;onion;sweet_potato;garlic;spring_potato;red_pepper",
"annual","Leave out Garlic","ln_production","-12","-0.3284286988992506","0.14241494014283904","-0.5964718609882507","-0.060385536810250495","0.012","0.1403639649928296","0.021102846628274108","6","24","27","28","soybean;onion;sweet_potato;corn;spring_potato;red_pepper",
"annual","Leave out Garlic","ln_production","-11","-0.16670682433122827","0.07452002201588882","-0.30847117060446666","-0.02494247805798988","0.0173","0.07337538312420407","0.025281485885421784","6","24","27","28","soybean;onion;sweet_potato;corn;spring_potato;red_pepper",
"annual","Leave out Garlic","ln_production","-10","-0.18594750875647403","0.07459595696882754","-0.32904547096059955","-0.04284954655234849","0.0069","0.07329005243659932","0.01267655401984813","6","24","27","28","soybean;onion;sweet_potato;corn;spring_potato;red_pepper",
"annual","Leave out Garlic","ln_production","-9","-0.18904529060117364","0.08750940887341298","-0.35466655689072585","-0.02342402431162144","0.0203","0.08615875686810744","0.030750589355593272","6","24","27","28","soybean;onion;sweet_potato;corn;spring_potato;red_pepper",
"annual","Leave out Garlic","ln_production","-8","-0.0204812848028465","0.104714783626225","-0.21496696069384302","0.17400439108815002","0.8536","0.10323135764531952","0.844930188878565","5","24","27","28","soybean;onion;sweet_potato;corn;spring_potato",
"annual","Leave out Garlic","ln_production","-7","0.018960308242515697","0.1130546373875936","-0.18273363154830613","0.22065424803333755","0.865","0.11121076108958626","0.8668120202292957","5","24","27","28","soybean;onion;sweet_potato;corn;spring_potato",
"annual","Leave out Garlic","ln_production","-6","0.05005379634732551","0.09501313015583995","-0.11386649571109694","0.21397408840574797","0.6933","0.09354806590060732","0.5983260549972846","4","24","27","28","soybean;onion;sweet_potato;corn",
"annual","Leave out Garlic","ln_production","-5","0.1883205303328821","0.1841829730552377","-0.07049510585131552","0.4471361665170797","0.3964","0.18025477018798428","0.3065611606408818","1","24","24","25","onion",
"annual","Leave out Garlic","ln_production","0","0.126597643274753","0.16503318608111614","-0.18596726323128152","0.4391625497807875","0.4481","0.1618280678048622","0.4430195898703735","6","22","22","28","soybean;onion;sweet_potato;corn;spring_potato;red_pepper",
"annual","Leave out Garlic","ln_production","1","0.0615905086758722","0.16446377940506066","-0.25063462458118624","0.3738156419329306","0.7167","0.16090162412332756","0.7080376787250036","6","22","22","28","soybean;onion;sweet_potato;corn;spring_potato;red_pepper",
"annual","Leave out Garlic","ln_production","2","-0.025978843649071603","0.2137830709142838","-0.42113866100282293","0.3691809737046797","0.9121","0.20951934983549175","0.9032794527171768","6","20","22","28","soybean;onion;sweet_potato;corn;spring_potato;red_pepper",
"annual","Leave out Garlic","ln_production","3","-0.03936378814226668","0.1747429767728185","-0.37381767782707886","0.29509010154254556","0.8299","0.17217090201462168","0.821771739294491","6","20","22","28","soybean;onion;sweet_potato;corn;spring_potato;red_pepper",
"annual","Leave out Garlic","ln_production","4","-0.08426018740543735","0.16388416524271746","-0.39618397272421546","0.2276635979133408","0.6157","0.16160304788080768","0.607150774329642","6","15","22","28","soybean;onion;sweet_potato;corn;spring_potato;red_pepper",
"annual","Leave out Garlic","ln_production","5","-0.06698428390982683","0.16635606525740973","-0.3807370256638347","0.24676845784418108","0.7058","0.16343303299333867","0.6872012356890469","6","14","20","26","soybean;onion;sweet_potato;corn;spring_potato;red_pepper",
"annual","Leave out Garlic","ln_production","6","0.12211804604406412","0.1754763953675968","-0.211161183094013","0.45539727518214124","0.4917","0.1719174971535445","0.4864771005944002","6","11","20","26","soybean;onion;sweet_potato;corn;spring_potato;red_pepper",
"annual","Leave out Garlic","ln_production","7","0.13908781624920802","0.2246190423987609","-0.28289189282740723","0.5610675253258233","0.5515","0.21993492685122162","0.5357737464458079","6","10","15","21","soybean;onion;sweet_potato;corn;spring_potato;red_pepper",
"annual","Leave out Garlic","ln_production","8","0.0094521523223354","0.2218485543260137","-0.40924066579687246","0.4281449704415433","0.9639","0.21760586952339628","0.9660153508770732","6","10","14","20","soybean;onion;sweet_potato;corn;spring_potato;red_pepper",
"annual","Leave out Garlic","ln_production","9","-0.022427252316978674","0.24545330436092855","-0.4893123452305317","0.44445784059657434","0.9286","0.23921813914489054","0.9271980032485727","6","8","11","17","soybean;onion;sweet_potato;corn;spring_potato;red_pepper",
"annual","Leave out Spring potato","ln_production","-12","-0.30473364759457294","0.1444753808579189","-0.5740501419976303","-0.03541715319151556","0.0225","0.1422122912488207","0.03492363482416461","6","22","27","28","soybean;onion;sweet_potato;corn;garlic;red_pepper",
"annual","Leave out Spring potato","ln_production","-11","-0.16547972509628034","0.07948990152734557","-0.31542617743912954","-0.015533272753431138","0.0298","0.0782013681355756","0.03736344552758197","6","22","27","28","soybean;onion;sweet_potato;corn;garlic;red_pepper",
"annual","Leave out Spring potato","ln_production","-10","-0.15040082668578103","0.0697335146378961","-0.2835931943403678","-0.017208459031194306","0.0232","0.06891108051046115","0.03102171803620113","6","22","27","28","soybean;onion;sweet_potato;corn;garlic;red_pepper",
"annual","Leave out Spring potato","ln_production","-9","-0.20047374316694372","0.09103098208600195","-0.37240949846510985","-0.028537987868777592","0.0177","0.08946959328796171","0.02764706230706837","6","22","27","28","soybean;onion;sweet_potato;corn;garlic;red_pepper",
"annual","Leave out Spring potato","ln_production","-8","-0.09240154816370814","0.07455146767692414","-0.23535017380823992","0.05054707748082361","0.2206","0.07390101753327848","0.2151851920861576","5","22","27","28","soybean;onion;sweet_potato;corn;garlic",
"annual","Leave out Spring potato","ln_production","-7","-0.023546133124905166","0.11757641907014607","-0.23450779886444806","0.18741553261463773","0.8418","0.11644921237116597","0.841275385537861","5","22","27","28","soybean;onion;sweet_potato;corn;garlic",
"annual","Leave out Spring potato","ln_production","-6","0.03895695886689263","0.08047270495333463","-0.10293042034667516","0.1808443380804604","0.6946","0.07906804673267129","0.6283138219003095","5","22","27","28","soybean;onion;sweet_potato;corn;garlic",
"annual","Leave out Spring potato","ln_production","-5","0.1082845060745527","0.09875746179930649","-0.042566342701111676","0.2591353548502171","0.3171","0.09640105656631076","0.27287353506342815","2","22","25","26","onion;garlic",
"annual","Leave out Spring potato","ln_production","0","0.07806423728655554","0.14448106989462003","-0.19591631218903632","0.3520447867621474","0.5995","0.1428619524560069","0.588984836092534","6","22","22","28","soybean;onion;sweet_potato;corn;garlic;red_pepper",
"annual","Leave out Spring potato","ln_production","1","0.03392443412486882","0.15846844604113483","-0.2657869648807989","0.3336358331305366","0.8371","0.15602146609351153","0.8304870871401788","6","22","22","28","soybean;onion;sweet_potato;corn;garlic;red_pepper",
"annual","Leave out Spring potato","ln_production","2","-0.07385108900251204","0.21200916701898165","-0.4701096526037717","0.32240747459874763","0.7407","0.20896790131737564","0.7275855095517065","6","20","22","28","soybean;onion;sweet_potato;corn;garlic;red_pepper",
"annual","Leave out Spring potato","ln_production","3","-0.0930550410857293","0.16674361383779746","-0.4110682053290347","0.22495812315757607","0.5837","0.1644430485139063","0.5767948141174246","6","20","22","28","soybean;onion;sweet_potato;corn;garlic;red_pepper",
"annual","Leave out Spring potato","ln_production","4","-0.0957260035145428","0.1635865325122879","-0.41050816850739974","0.21905616147831414","0.5649","0.16156870697074052","0.5584331175894282","6","15","22","28","soybean;onion;sweet_potato;corn;garlic;red_pepper",
"annual","Leave out Spring potato","ln_production","5","-0.09380138767742144","0.16062789419649223","-0.39929799263706733","0.21169521728222448","0.566","0.15826075919542656","0.5592425219753308","6","14","20","26","soybean;onion;sweet_potato;corn;garlic;red_pepper",
"annual","Leave out Spring potato","ln_production","6","0.0917256928869683","0.16700198971293087","-0.2267357311305938","0.4101871169045304","0.582","0.16460480860102253","0.582834511584843","6","11","20","26","soybean;onion;sweet_potato;corn;garlic;red_pepper",
"annual","Leave out Spring potato","ln_production","7","0.13234950548780633","0.2226056948859727","-0.28134095543256593","0.5460399664081785","0.563","0.21721434249520016","0.5521464444786703","6","10","15","21","soybean;onion;sweet_potato;corn;garlic;red_pepper",
"annual","Leave out Spring potato","ln_production","8","-0.024614631644610613","0.21854290452379865","-0.4354776774232971","0.38624841413407585","0.9095","0.21238469380600847","0.9103233762894443","6","10","14","20","soybean;onion;sweet_potato;corn;garlic;red_pepper",
"annual","Leave out Spring potato","ln_production","9","-0.04545203712315539","0.2469719258208926","-0.504265692106569","0.4133616178602582","0.8532","0.23759822625546134","0.8539842229634971","6","8","11","17","soybean;onion;sweet_potato;corn;garlic;red_pepper",
"annual","Leave out Red pepper","ln_production","-12","-0.31274095666904256","0.14904716897252798","-0.5907000416252717","-0.034781871712813495","0.0262","0.14558980283331213","0.035881447122661836","6","22","27","28","soybean;onion;sweet_potato;corn;garlic;spring_potato",
"annual","Leave out Red pepper","ln_production","-11","-0.15184711027739678","0.0790793136318738","-0.29955225690204407","-0.004141963652749492","0.0423","0.07705670430095857","0.05483421878960426","6","22","27","28","soybean;onion;sweet_potato;corn;garlic;spring_potato",
"annual","Leave out Red pepper","ln_production","-10","-0.1814224174431916","0.07727029401303903","-0.32757795574826243","-0.035266879138120766","0.0114","0.07538543216500578","0.018879921125251276","6","22","27","28","soybean;onion;sweet_potato;corn;garlic;spring_potato",
"annual","Leave out Red pepper","ln_production","-9","-0.15518775638855628","0.07707647580296953","-0.30042333842437363","-0.009952174352738957","0.0337","0.07610702228297445","0.04406986534737367","6","22","27","28","soybean;onion;sweet_potato;corn;garlic;spring_potato",
"annual","Leave out Red pepper","ln_production","-8","-0.01532068168325218","0.08934561251617247","-0.18054482293252064","0.14990345956601628","0.8693","0.08734234417871087","0.8638490299640877","6","22","27","28","soybean;onion;sweet_potato;corn;garlic;spring_potato",
"annual","Leave out Red pepper","ln_production","-7","-0.0012581817103499288","0.09890663999914812","-0.18452824584587774","0.1820118824251779","0.9891","0.09747993758063536","0.9898504621422131","6","22","27","28","soybean;onion;sweet_potato;corn;garlic;spring_potato",
"annual","Leave out Red pepper","ln_production","-6","0.03564469215366588","0.0789768985110804","-0.10702876051075112","0.1783181448180829","0.7027","0.07781093579702775","0.6517512830818777","5","22","27","28","soybean;onion;sweet_potato;corn;garlic",
"annual","Leave out Red pepper","ln_production","-5","0.1082845060745527","0.09839194870845433","-0.042965027000545636","0.259534039149651","0.3089","0.09638361774660953","0.2710958897951419","2","22","25","26","onion;garlic",
"annual","Leave out Red pepper","ln_production","0","0.23094540939416103","0.12866862385128222","-0.015815261253337626","0.4777060800416597","0.068","0.1270006632335772","0.07267199151228665","6","22","22","28","soybean;onion;sweet_potato;corn;garlic;spring_potato",
"annual","Leave out Red pepper","ln_production","1","0.1542905589558343","0.12176102575252966","-0.07812946461805992","0.3867105825297285","0.2013","0.1193990029753215","0.20509850335858104","6","22","22","28","soybean;onion;sweet_potato;corn;garlic;spring_potato",
"annual","Leave out Red pepper","ln_production","2","0.09977835347963737","0.14509054070925034","-0.17863816964104412","0.37819487660031886","0.4948","0.14243057644673743","0.49164350581414507","6","22","22","28","soybean;onion;sweet_potato;corn;garlic;spring_potato",
"annual","Leave out Red pepper","ln_production","3","0.04814539561911413","0.14251920206988558","-0.22304066804072492","0.3193314592789532","0.7374","0.1402363825429352","0.7355011703791541","6","22","22","28","soybean;onion;sweet_potato;corn;garlic;spring_potato",
"annual","Leave out Red pepper","ln_production","4","-0.01074461810881163","0.14332096376545253","-0.28630062876440515","0.26481139254678193","0.9412","0.14049779180681454","0.9402394391848601","6","20","22","28","soybean;onion;sweet_potato;corn;garlic;spring_potato",
"annual","Leave out Red pepper","ln_production","5","0.05326751481637353","0.10926205339428822","-0.15791464087208304","0.2644496705048301","0.6266","0.10715648731397392","0.625889363797357","6","20","20","26","soybean;onion;sweet_potato;corn;garlic;spring_potato",
"annual","Leave out Red pepper","ln_production","6","0.23100214413042858","0.1400585885904819","-0.038629050683762545","0.5006333389446197","0.0952","0.13829503954892985","0.09908105233505982","6","15","20","26","soybean;onion;sweet_potato;corn;garlic;spring_potato",
"annual","Leave out Red pepper","ln_production","7","0.3110717505223017","0.1429815963555568","0.0430270310220241","0.5791164700225793","0.0235","0.1396280719613451","0.029584665431992896","6","14","15","21","soybean;onion;sweet_potato;corn;garlic;spring_potato",
"annual","Leave out Red pepper","ln_production","8","0.13475717919813718","0.16433509303780902","-0.17701464037297665","0.446528998769251","0.4092","0.16011085538033376","0.41220777162040045","6","11","14","20","soybean;onion;sweet_potato;corn;garlic;spring_potato",
"annual","Leave out Red pepper","ln_production","9","0.06503357657276156","0.21162927805905235","-0.330216962783187","0.4602841159287101","0.7616","0.204576851749536","0.7586153973878997","6","10","11","17","soybean;onion;sweet_potato;corn;garlic;spring_potato",
"annual","Cohort 2012 only","ln_production","-12","-0.23697316996804468","0.18285179708690227","-0.5713927059501885","0.09744636601409917","0.2054","0.17962410568625642","0.19498068343435238","2","22","23","24","soybean;onion",
"annual","Cohort 2012 only","ln_production","-11","-0.1974976519944815","0.15087476131053723","-0.4791446117638123","0.0841493077748493","0.2047","0.14804245816122308","0.19052853711546702","2","22","23","24","soybean;onion",
"annual","Cohort 2012 only","ln_production","-10","-0.18965968316714693","0.13428833905922885","-0.426670877589321","0.04735151125502715","0.1701","0.1323310701718148","0.15785230577555298","2","22","23","24","soybean;onion",
"annual","Cohort 2012 only","ln_production","-9","-0.257092549133347","0.18693970871058924","-0.559542310028188","0.04535721176149399","0.1571","0.1838578219130355","0.1690477935116308","2","22","23","24","soybean;onion",
"annual","Cohort 2012 only","ln_production","-8","-0.05673849830164113","0.1060698813806369","-0.2428135488812772","0.12933655227799495","0.6561","0.10360000137342068","0.5927078028721271","2","22","23","24","soybean;onion",
"annual","Cohort 2012 only","ln_production","-7","0.20469228894791291","0.21811075860679746","-0.09650951857276352","0.5058940964685894","0.5061","0.21276034443155065","0.3479984869931261","2","22","23","24","soybean;onion",
"annual","Cohort 2012 only","ln_production","-6","0.07371027038266759","0.1677437259545249","-0.2013625844977847","0.3487831252631199","0.7371","0.1635567926985524","0.6603558453108422","2","22","23","24","soybean;onion",
"annual","Cohort 2012 only","ln_production","-5","0.18924245316087424","0.19184722837258725","-0.08264090306373911","0.4611258093854876","0.4399","0.18784118308248177","0.32392575039216065","1","22","22","23","onion",
"annual","Cohort 2012 only","ln_production","0","0.29074651391059436","0.12963019179441013","0.04635525828655779","0.5351377695346309","0.01","0.12755076930837408","0.024903782871838143","2","22","22","24","soybean;onion",
"annual","Cohort 2012 only","ln_production","1","0.3499556351666562","0.10959702804409921","0.15033227930521703","0.5495789910280953","0.0001","0.10685840863011158","0.0014074812304500917","2","22","22","24","soybean;onion",
"annual","Cohort 2012 only","ln_production","2","0.3666230416156522","0.1437282942460559","0.09350347831445138","0.639742604916853","0.0061","0.140562641833938","0.010747403209184547","2","22","22","24","soybean;onion",
"annual","Cohort 2012 only","ln_production","3","0.08689930052777914","0.136835883244519","-0.17400538860529483","0.34780398966085313","0.5294","0.13393231987148854","0.5253878323877963","2","22","22","24","soybean;onion",
"annual","Cohort 2012 only","ln_production","4","0.029521269515401766","0.2806551384495202","-0.48848468029897063","0.5475272193297742","0.9205","0.27488848660489434","0.9162274331523834","2","22","22","24","soybean;onion",
"annual","Cohort 2012 only","ln_production","5","0.023874370149137458","0.18629877381255278","-0.3192436349358312","0.3669923752341061","0.9009","0.1818734672418851","0.8980294936225985","2","20","20","22","soybean;onion",
"annual","Cohort 2012 only","ln_production","6","0.21662025727927064","0.2536936315603826","-0.23125470237494655","0.6644952169334879","0.4363","0.24736191998534854","0.3931794784838054","2","20","20","22","soybean;onion",
"annual","Cohort 2012 only","ln_production","7","0.3612003511035822","0.2298023539584863","-0.05433216863013124","0.7767328708372956","0.1051","0.22247378049911545","0.11599995886286507","2","15","15","17","soybean;onion",
"annual","Cohort 2012 only","ln_production","8","0.17446095381203414","0.228120983086364","-0.24744041209773548","0.5963623197218038","0.4524","0.22050381954218962","0.4444062445539654","2","14","14","16","soybean;onion",
"annual","Cohort 2012 only","ln_production","9","0.3238907174318679","0.2413534521338856","-0.1211363380219605","0.7689177728856964","0.1682","0.231766389616996","0.17960353953118235","2","11","11","13","soybean;onion",
"annual","Cohort 2013 only","ln_production","-12","-0.3673746320426038","0.20689578373395254","-0.7413247284515705","0.00657546436636286","0.0569","0.20009813635305965","0.07579051680174942","4","22","25","26","sweet_potato;corn;garlic;spring_potato",
"annual","Cohort 2013 only","ln_production","-11","-0.16514224498846522","0.10806966082367511","-0.3576837968446464","0.027399306867715967","0.1077","0.10430369823800437","0.1264854229490151","4","22","25","26","sweet_potato;corn;garlic;spring_potato",
"annual","Cohort 2013 only","ln_production","-10","-0.20314092363481942","0.11489461022859186","-0.42056619673176243","0.014284349462123591","0.0712","0.11184984520215903","0.07705035117164494","4","22","25","26","sweet_potato;corn;garlic;spring_potato",
"annual","Cohort 2013 only","ln_production","-9","-0.12366875929638624","0.08385503948640162","-0.27697760343714584","0.029640084844373388","0.1361","0.08264032326125126","0.14026841526533174","4","22","25","26","sweet_potato;corn;garlic;spring_potato",
"annual","Cohort 2013 only","ln_production","-8","-0.001978089036693803","0.12582442996133425","-0.23154667876561294","0.22759050069222533","0.9899","0.12373037194011202","0.9874569533695485","4","22","25","26","sweet_potato;corn;garlic;spring_potato",
"annual","Cohort 2013 only","ln_production","-7","-0.11144305799176776","0.10456630755114886","-0.29809483744396625","0.0752087214604307","0.3105","0.10222425842553912","0.28653011444207577","4","22","25","26","sweet_potato;corn;garlic;spring_potato",
"annual","Cohort 2013 only","ln_production","-6","0.0014992001295567603","0.06286272741331507","-0.11705132670809514","0.12004972696720866","0.983","0.06166833806895488","0.9809732204736785","3","22","24","25","sweet_potato;corn;garlic",
"annual","Cohort 2013 only","ln_production","-5","0.02633349077523156","0.04542700478205075","-0.05824120378005351","0.11090818533051663","0.5801","0.04412916914804784","0.5621250188968321","1","22","22","23","garlic",
"annual","Cohort 2013 only","ln_production","0","0.20104485713594447","0.14404826409983518","-0.0688620071609303","0.47095172143281927","0.1645","0.13997002338177245","0.1628117665993165","4","22","22","26","sweet_potato;corn;garlic;spring_potato",
"annual","Cohort 2013 only","ln_production","1","0.056458020850423146","0.11283194345813537","-0.15859500328587856","0.27151104498672485","0.6108","0.11001081398692127","0.6168126932780775","4","22","22","26","sweet_potato;corn;garlic;spring_potato",
"annual","Cohort 2013 only","ln_production","2","-0.03364399058837028","0.1262297786593998","-0.2724234979199919","0.20513551674325128","0.7905","0.12314730295239201","0.7898312552061317","4","22","22","26","sweet_potato;corn;garlic;spring_potato",
"annual","Cohort 2013 only","ln_production","3","0.028768443164782026","0.15863707461422333","-0.27362190587778035","0.33115879220734445","0.8582","0.15545677222673254","0.8560947934023804","4","22","22","26","sweet_potato;corn;garlic;spring_potato",
"annual","Cohort 2013 only","ln_production","4","-0.030877561920916646","0.11921336748703038","-0.25725094052498354","0.19549581668315028","0.8001","0.11676581933888609","0.7956268283792862","4","20","20","24","sweet_potato;corn;garlic;spring_potato",
"annual","Cohort 2013 only","ln_production","5","0.06796408714999067","0.0956369526485174","-0.11342446020731614","0.24935263450729747","0.466","0.09290333277767812","0.4773031810443982","4","20","20","24","sweet_potato;corn;garlic;spring_potato",
"annual","Cohort 2013 only","ln_production","6","0.23819308755600826","0.13957394231082113","-0.029848515986347413","0.5062346910983639","0.0823","0.13655289048634026","0.08790149234408506","4","15","15","19","sweet_potato;corn;garlic;spring_potato",
"annual","Cohort 2013 only","ln_production","7","0.28600745023165997","0.136154927875939","0.026989548602223856","0.5450253518610961","0.0295","0.1324075543772203","0.03567583030820698","4","14","14","18","sweet_potato;corn;garlic;spring_potato",
"annual","Cohort 2013 only","ln_production","8","0.11490529189118864","0.16909467032400335","-0.2022755752560964","0.4320861590384737","0.4907","0.1632444564379207","0.49680064282529157","4","11","11","15","sweet_potato;corn;garlic;spring_potato",
"annual","Cohort 2013 only","ln_production","9","-0.06439499385679048","0.2146118103816705","-0.4609561795932467","0.33216619187966573","0.7666","0.20569074212770785","0.7641364575950336","4","10","10","14","sweet_potato;corn;garlic;spring_potato",
"annual","Cohort 2015 only","ln_production","-12","-0.27327607997096687","0.2731031672150481","-0.6545575721796038","0.10800541223766996","0.4232","0.26757879257360245","0.3170042017881385","1","22","22","23","red_pepper",
"annual","Cohort 2015 only","ln_production","-11","-0.16709424691829144","0.1764109774008696","-0.44218223065174356","0.10799373681516067","0.4416","0.17191783269243474","0.3435433181209193","1","22","22","23","red_pepper",
"annual","Cohort 2015 only","ln_production","-10","-0.039847502212064345","0.0624561849785675","-0.15580723129613405","0.07611222687200535","0.5246","0.06022895319453542","0.5234689253537161","1","22","22","23","red_pepper",
"annual","Cohort 2015 only","ln_production","-9","-0.34639682680674694","0.34232489641939573","-0.8041212968331616","0.1113276432196677","0.4252","0.3348613123536465","0.3115882940889976","1","22","22","23","red_pepper",
"annual","Cohort 2015 only","ln_production","0","-0.4023286046750931","0.12340616467343676","-0.634051136346358","-0.1706060730038282","0.0002","0.12005831305830829","0.001113342283448393","1","22","22","23","red_pepper",
"annual","Cohort 2015 only","ln_production","1","-0.5212687045402636","0.14393817401820902","-0.7916592248008769","-0.2508781842796504","0.0001","0.14046008795972564","0.0002929264974840251","1","22","22","23","red_pepper",
"annual","Cohort 2015 only","ln_production","2","-0.9480835383597633","0.1042366026634643","-1.1422678737672178","-0.7538992029523089","0.0001","0.10069203989709408","0","1","20","20","21","red_pepper",
"annual","Cohort 2015 only","ln_production","3","-0.6694529158343503","0.08988102867792082","-0.8381057788864137","-0.5008000527822869","0.0001","0.08722007066367149","9.459100169806334e-14","1","20","20","21","red_pepper",
"annual","Cohort 2015 only","ln_production","4","-0.5336122226790093","0.11391366372303427","-0.7478064517528611","-0.31941799360515755","0.0001","0.10967712752379961","0.000002808406995846724","1","15","15","16","red_pepper",
"annual","Cohort 2015 only","ln_production","5","-0.6962777401608907","0.136181886478098","-0.9503644518726464","-0.4421910284491351","0.0001","0.1305902708178042","3.173320348714981e-7","1","14","14","15","red_pepper",
"annual","Cohort 2015 only","ln_production","6","-0.41595730286576693","0.15202364093874193","-0.6979870202261093","-0.1339275855054246","0.0012","0.14474704585258022","0.0062165395026667625","1","11","11","12","red_pepper",
"annual","Cohort 2015 only","ln_production","7","-0.7621648139938803","0.19037057068012475","-1.1124434389315485","-0.411886189056212","0.0001","0.18064491065776078","0.00006238969712857312","1","10","10","11","red_pepper",
"annual","Cohort 2015 only","ln_production","8","-0.7913298929059843","0.1551090356051935","-1.0764785437194204","-0.5061812420925482","0.0001","0.14756826207890952","3.364999228150367e-7","1","10","10","11","red_pepper",
"annual","Cohort 2015 only","ln_production","9","-0.7729791781135185","0.17392238989645897","-1.0917235756724715","-0.4542347805545654","0.0001","0.1633507046978984","0.000008814100634690902","1","8","8","9","red_pepper",
"fruit","CS-A (preferred)","ln_area_harmonized","-12","-0.3258260454138895","0.31917686754090774","-0.8896611021091444","0.23800901128136542","0.3568","0.314785571718964","0.30733391386592057","4","28","30","33","apple;pear;tangerine;plum",
"fruit","CS-A (preferred)","ln_area_harmonized","-11","-0.2692114547244103","0.2984525470887144","-0.7996831176838034","0.26126020823498275","0.4259","0.29429770308653186","0.36704395077678775","4","28","30","33","apple;pear;tangerine;plum",
"fruit","CS-A (preferred)","ln_area_harmonized","-10","-0.30713028282301413","0.2557164573768788","-0.7778053254321383","0.16354475978611005","0.2619","0.2545946317138739","0.22972872485323137","5","28","30","34","apple;pear;tangerine;astringent_persimmon;plum",
"fruit","CS-A (preferred)","ln_area_harmonized","-9","-0.2095675235210847","0.22328680341134274","-0.6293095633243274","0.210174516282158","0.3603","0.2221597565530611","0.34795793705661726","5","28","30","34","apple;pear;tangerine;astringent_persimmon;plum",
"fruit","CS-A (preferred)","ln_area_harmonized","-8","-0.16474608278041983","0.17871697567665518","-0.4965502580118444","0.1670580924510047","0.374","0.1780730967214055","0.35661896971198415","5","28","30","34","apple;pear;tangerine;astringent_persimmon;plum",
"fruit","CS-A (preferred)","ln_area_harmonized","-7","-0.10592465247825032","0.13887477917611823","-0.3687839447629082","0.15693463980640754","0.4656","0.13860081500257176","0.4456214622759558","5","28","30","34","apple;pear;tangerine;astringent_persimmon;plum",
"fruit","CS-A (preferred)","ln_area_harmonized","-6","-0.07556969646362446","0.08517386957669182","-0.23829451260022214","0.08715511967297321","0.3945","0.08480671182747584","0.3749494962379285","6","29","30","35","apple;pear;tangerine;sweet_persimmon;astringent_persimmon;plum",
"fruit","CS-A (preferred)","ln_area_harmonized","-5","-0.06931701286440034","0.0636926700135391","-0.19162007974040773","0.05298605401160705","0.2813","0.06319087765557813","0.27646074985841396","5","30","32","35","apple;pear;tangerine;sweet_persimmon;astringent_persimmon",
"fruit","CS-A (preferred)","ln_area_harmonized","-4","-0.03591488459986299","0.03848495387398268","-0.10509835286862775","0.03326858366890177","0.3941","0.037913912067390136","0.350706981354278","5","30","32","35","apple;pear;tangerine;sweet_persimmon;astringent_persimmon",
"fruit","CS-A (preferred)","ln_area_harmonized","0","0.05587172756707395","0.09522639976316541","-0.12013498786502441","0.23187844299917232","0.589","0.09464410201843351","0.5573882865270701","6","22","31","35","apple;pear;tangerine;sweet_persimmon;astringent_persimmon;plum",
"fruit","CS-A (preferred)","ln_area_harmonized","1","0.050755566107989716","0.11088432888727856","-0.14912486384841894","0.2506359960643984","0.7068","0.11011604237514168","0.6471433070618651","6","22","31","35","apple;pear;tangerine;sweet_persimmon;astringent_persimmon;plum",
"fruit","CS-A (preferred)","ln_area_harmonized","2","0.09122472548162557","0.11832493284683411","-0.1205837372582896","0.30303318822154074","0.5091","0.11731844427141057","0.44072595610653087","6","22","31","35","apple;pear;tangerine;sweet_persimmon;astringent_persimmon;plum",
"fruit","CS-A (preferred)","ln_area_harmonized","3","0.11403508691590498","0.12213117287649419","-0.10934535798005111","0.33741553181186107","0.3943","0.12107663915170604","0.35045354965540865","6","22","30","35","apple;pear;tangerine;sweet_persimmon;astringent_persimmon;plum",
"fruit","CS-A (preferred)","ln_area_harmonized","4","0.1797872423991429","0.14466706297219412","-0.08828476262783924","0.44785924742612504","0.2275","0.14313469106265775","0.2139542399601253","6","22","30","35","apple;pear;tangerine;sweet_persimmon;astringent_persimmon;plum",
"fruit","CS-A (preferred)","ln_area_harmonized","5","0.1744160823788545","0.14339877402710577","-0.09935360913606675","0.4481857738937758","0.2294","0.14156153022842663","0.2238702538336501","6","20","26","32","apple;pear;tangerine;sweet_persimmon;astringent_persimmon;plum",
"fruit","CS-A (preferred)","ln_area_harmonized","6","0.18076698475613937","0.15980853150179786","-0.12478697144615261","0.48632094095843137","0.2684","0.1580435127953207","0.2579931097391208","6","20","23","29","apple;pear;tangerine;sweet_persimmon;astringent_persimmon;plum",
"fruit","CS-A (preferred)","ln_area_harmonized","7","0.1567568028833733","0.18821445542523976","-0.20365530096832613","0.5171689067350727","0.4144","0.18584551636540808","0.40492215814482924","6","15","22","28","apple;pear;tangerine;sweet_persimmon;astringent_persimmon;plum",
"fruit","CS-A (preferred)","ln_area_harmonized","8","0.17871250304533864","0.19648080550607006","-0.20046112657441212","0.5578861326650895","0.3671","0.19388348454189908","0.36305078449787587","6","14","22","28","apple;pear;tangerine;sweet_persimmon;astringent_persimmon;plum",
"fruit","CS-A (preferred)","ln_area_harmonized","9","0.17430950994672428","0.1904878350291201","-0.1902831228890562","0.5389021427825047","0.3687","0.1882230994601003","0.36015541558825026","6","11","22","28","apple;pear;tangerine;sweet_persimmon;astringent_persimmon;plum",
"fruit","CS-B (mean of all clean-pre years)","ln_area_harmonized","-12","-0.08162277458422572","0.15208343446833678","-0.3354678593739248","0.17222231020547335","0.7212","0.1485571629178575","0.5914766944365037","4","27","30","31","apple;pear;tangerine;plum",
"fruit","CS-B (mean of all clean-pre years)","ln_area_harmonized","-11","-0.02654598780173924","0.14633730744030146","-0.2915885739632831","0.2384965983598046","0.8722","0.14249003887783437","0.8560514722768469","4","27","30","31","apple;pear;tangerine;plum",
"fruit","CS-B (mean of all clean-pre years)","ln_area_harmonized","-10","-0.04831654657396834","0.14061250125369204","-0.3104448898410495","0.21381179669311284","0.7531","0.13717400969071927","0.7311359390353","5","27","30","32","apple;pear;tangerine;astringent_persimmon;plum",
"fruit","CS-B (mean of all clean-pre years)","ln_area_harmonized","-9","0.04857216907853409","0.13889898048965854","-0.1975651915365697","0.2947095296936379","0.7906","0.13599563720925792","0.7265682003558056","5","27","30","32","apple;pear;tangerine;astringent_persimmon;plum",
"fruit","CS-B (mean of all clean-pre years)","ln_area_harmonized","-8","0.09941450013939333","0.12568296271308635","-0.09717315011766094","0.2960021503964476","0.5994","0.12341557176660557","0.4289473500872867","5","27","30","32","apple;pear;tangerine;astringent_persimmon;plum",
"fruit","CS-B (mean of all clean-pre years)","ln_area_harmonized","-7","0.15472435743324642","0.13116602440628536","-0.04013322272785294","0.34958193759434575","0.2331","0.12921767681216342","0.23815656702723542","5","27","30","32","apple;pear;tangerine;astringent_persimmon;plum",
"fruit","CS-B (mean of all clean-pre years)","ln_area_harmonized","-6","0.13805470152446703","0.10824614385033132","-0.04164559907828816","0.3177550021272222","0.2469","0.10695574856724711","0.2021756416033922","6","27","30","33","apple;pear;tangerine;sweet_persimmon;astringent_persimmon;plum",
"fruit","CS-B (mean of all clean-pre years)","ln_area_harmonized","-5","0.15179614158861604","0.12087732437278181","-0.06803534620111379","0.37162762937834587","0.2444","0.11933462829086024","0.20919329902247696","6","27","30","33","apple;pear;tangerine;sweet_persimmon;astringent_persimmon;plum",
"fruit","CS-B (mean of all clean-pre years)","ln_area_harmonized","-4","0.11268732413472135","0.12149934585486574","-0.10735062663856279","0.3327252749080055","0.3932","0.11879221587633845","0.3536811691532358","5","28","30","33","apple;pear;tangerine;sweet_persimmon;astringent_persimmon",
"fruit","CS-B (mean of all clean-pre years)","ln_area_harmonized","-3","0.1461825924741955","0.1453857637230821","-0.12239987892819679","0.41476506387658774","0.3312","0.1420869009423487","0.3146653952390719","5","28","30","33","apple;pear;tangerine;sweet_persimmon;astringent_persimmon",
"fruit","CS-B (mean of all clean-pre years)","ln_area_harmonized","0","0.2899016092399575","0.18492574731542208","-0.06118349153934605","0.640986710019261","0.1127","0.18223296875573478","0.11695934961422827","6","20","29","33","apple;pear;tangerine;sweet_persimmon;astringent_persimmon;plum",
"fruit","CS-B (mean of all clean-pre years)","ln_area_harmonized","1","0.2921638619302595","0.19082923883593209","-0.06938266811966992","0.653710391980189","0.1223","0.18816788231439227","0.12576382725708513","6","20","29","33","apple;pear;tangerine;sweet_persimmon;astringent_persimmon;plum",
"fruit","CS-B (mean of all clean-pre years)","ln_area_harmonized","2","0.32775868602250147","0.1914484567979331","-0.03616981265511865","0.6916871847001216","0.0824","0.18896077567850755","0.08689770037798894","6","20","28","33","apple;pear;tangerine;sweet_persimmon;astringent_persimmon;plum",
"fruit","CS-B (mean of all clean-pre years)","ln_area_harmonized","3","0.34336608161822046","0.18641562355915964","-0.01233796848231411","0.6990701317187551","0.061","0.18407685288735184","0.06548417167827325","6","20","28","33","apple;pear;tangerine;sweet_persimmon;astringent_persimmon;plum",
"fruit","CS-B (mean of all clean-pre years)","ln_area_harmonized","4","0.41058762810928756","0.2091579694698062","0.011134759233581815","0.8100404969849933","0.0432","0.20664951511426372","0.049640322218312605","6","20","28","33","apple;pear;tangerine;sweet_persimmon;astringent_persimmon;plum",
"fruit","CS-B (mean of all clean-pre years)","ln_area_harmonized","5","0.426327999476915","0.20905794717545642","0.025604638356897247","0.8270513605969327","0.0359","0.20598902038649491","0.04142194313101455","6","18","24","30","apple;pear;tangerine;sweet_persimmon;astringent_persimmon;plum",
"fruit","CS-B (mean of all clean-pre years)","ln_area_harmonized","6","0.4364654452018417","0.21671130266869165","0.020739956245613755","0.8521909341580697","0.0382","0.21297212659797765","0.04400523078702667","6","18","21","27","apple;pear;tangerine;sweet_persimmon;astringent_persimmon;plum",
"fruit","CS-B (mean of all clean-pre years)","ln_area_harmonized","7","0.4112274780938959","0.2432439636400997","-0.05432184768374759","0.8767768038715394","0.0866","0.23841912665265436","0.09091382718629548","6","15","20","26","apple;pear;tangerine;sweet_persimmon;astringent_persimmon;plum",
"fruit","CS-B (mean of all clean-pre years)","ln_area_harmonized","8","0.42881677910939936","0.2476520587364539","-0.048763716817439684","0.9063972750362383","0.0803","0.24307915230166677","0.08335741578391831","6","14","20","26","apple;pear;tangerine;sweet_persimmon;astringent_persimmon;plum",
"fruit","CS-B (mean of all clean-pre years)","ln_area_harmonized","9","0.43130058514195097","0.2316281933249931","-0.015375621609904744","0.8779767918938066","0.0578","0.22715221649087336","0.06259768100367813","6","11","20","26","apple;pear;tangerine;sweet_persimmon;astringent_persimmon;plum",
"fruit","Apple and Pear dated 2001","ln_area_harmonized","-12","-0.34724055594649794","0.25147328686143294","-0.7708617232594661","0.07638061136647017","0.1822","0.2489963987027414","0.1673328302321906","2","28","29","31","tangerine;plum",
"fruit","Apple and Pear dated 2001","ln_area_harmonized","-11","-0.31986449197181244","0.21583244913302588","-0.6931978963443932","0.0534689124007684","0.1546","0.2136718839154256","0.13833930581010523","2","28","29","31","tangerine;plum",
"fruit","Apple and Pear dated 2001","ln_area_harmonized","-10","-0.3279686352138923","0.2738688312847433","-0.8259310746117772","0.16999380418399263","0.2484","0.26812542683760127","0.23109649488407324","5","28","30","34","apple;pear;tangerine;astringent_persimmon;plum",
"fruit","Apple and Pear dated 2001","ln_area_harmonized","-9","-0.2501479306228614","0.25382126527184234","-0.7135740543862343","0.2132781931405115","0.3457","0.24886577891017259","0.3243648491990152","5","28","30","34","apple;pear;tangerine;astringent_persimmon;plum",
"fruit","Apple and Pear dated 2001","ln_area_harmonized","-8","-0.2148360330109125","0.23379571500223711","-0.6316803316633266","0.20200826564150157","0.4012","0.22946639723632675","0.35814530579126314","5","28","30","34","apple;pear;tangerine;astringent_persimmon;plum",
"fruit","Apple and Pear dated 2001","ln_area_harmonized","-7","-0.1260268623846507","0.2050949471128983","-0.502173367646702","0.2501196428774006","0.5609","0.2016571295935293","0.5388978010777323","5","28","30","34","apple;pear;tangerine;astringent_persimmon;plum",
"fruit","Apple and Pear dated 2001","ln_area_harmonized","-6","-0.12463546693129743","0.14058502409017898","-0.3806078875018556","0.1313369536392607","0.4033","0.13779420697149894","0.37532193668676994","6","29","30","35","apple;pear;tangerine;sweet_persimmon;astringent_persimmon;plum",
"fruit","Apple and Pear dated 2001","ln_area_harmonized","-5","-0.09191802525501691","0.12236096370530927","-0.3165466090598489","0.13271055854981506","0.4705","0.12009850751850994","0.4525299922583921","5","30","30","35","apple;pear;tangerine;sweet_persimmon;astringent_persimmon",
"fruit","Apple and Pear dated 2001","ln_area_harmonized","-4","-0.016893936374602247","0.07956294905612271","-0.164764717468291","0.13097684471908652","0.8499","0.07839496374183534","0.8318463038128971","5","30","32","35","apple;pear;tangerine;sweet_persimmon;astringent_persimmon",
"fruit","Apple and Pear dated 2001","ln_area_harmonized","-3","-0.01034934398002435","0.09735615694899369","-0.19196253439336916","0.17126384643332046","0.9209","0.09544481473165625","0.9153411981969175","2","32","32","33","apple;pear",
"fruit","Apple and Pear dated 2001","ln_area_harmonized","-2","-0.027445837487988956","0.05324431923374823","-0.12727289956591814","0.07238122458994024","0.61","0.05185387396491146","0.6062247822198359","2","32","32","33","apple;pear",
"fruit","Apple and Pear dated 2001","ln_area_harmonized","0","0.033394653514379403","0.09320068388840493","-0.1328547914549265","0.1996440984836853","0.7803","0.09235770962389982","0.7201120059699337","6","22","33","35","apple;pear;tangerine;sweet_persimmon;astringent_persimmon;plum",
"fruit","Apple and Pear dated 2001","ln_area_harmonized","1","0.045900932127145605","0.1087988521568114","-0.1439314402101167","0.2357333044644079","0.7573","0.10769201901730786","0.6731067560164041","6","22","31","35","apple;pear;tangerine;sweet_persimmon;astringent_persimmon;plum",
"fruit","Apple and Pear dated 2001","ln_area_harmonized","2","0.08906792097944352","0.11968097219010161","-0.1215176543922627","0.29965349635114974","0.5338","0.11873427881170719","0.45674870800048506","6","22","31","35","apple;pear;tangerine;sweet_persimmon;astringent_persimmon;plum",
"fruit","Apple and Pear dated 2001","ln_area_harmonized","3","0.0886194692373231","0.12232222689149384","-0.13369073564330092","0.3109296741179471","0.518","0.12139082834755419","0.4687737991035772","6","22","31","35","apple;pear;tangerine;sweet_persimmon;astringent_persimmon;plum",
"fruit","Apple and Pear dated 2001","ln_area_harmonized","4","0.15250083731507005","0.1402904486367446","-0.10662796615624645","0.41162964078638653","0.3081","0.139393360430971","0.2770206821251935","6","22","31","35","apple;pear;tangerine;sweet_persimmon;astringent_persimmon;plum",
"fruit","Apple and Pear dated 2001","ln_area_harmonized","5","0.1715957170354191","0.1330033019828007","-0.07947221219065032","0.4226636462614885","0.207","0.13212320077538664","0.19699464928378152","6","20","30","35","apple;pear;tangerine;sweet_persimmon;astringent_persimmon;plum",
"fruit","Apple and Pear dated 2001","ln_area_harmonized","6","0.18319348003088895","0.14068938119727686","-0.08540850038456413","0.451795460446342","0.2006","0.13986486780132681","0.19287774080775533","6","20","30","35","apple;pear;tangerine;sweet_persimmon;astringent_persimmon;plum",
"fruit","Apple and Pear dated 2001","ln_area_harmonized","7","0.15948632353183137","0.16295706551953087","-0.15444836963760575","0.47342101670126846","0.3365","0.16182788896784928","0.3277274935320551","6","15","26","32","apple;pear;tangerine;sweet_persimmon;astringent_persimmon;plum",
"fruit","Apple and Pear dated 2001","ln_area_harmonized","8","0.21338757228425956","0.17124055393084472","-0.11866354518016822","0.5454386897486874","0.2147","0.1697649088370095","0.2127175711865672","6","14","23","29","apple;pear;tangerine;sweet_persimmon;astringent_persimmon;plum",
"fruit","Apple and Pear dated 2001","ln_area_harmonized","9","0.16277333025489896","0.1825518357906163","-0.18979854256539888","0.5153452030751968","0.3779","0.18071178357470086","0.3725776656979305","6","11","22","28","apple;pear;tangerine;sweet_persimmon;astringent_persimmon;plum",
"fruit","Adding Peach and Grape (nationwide 2004)","ln_area_harmonized","-12","-0.36369704845335343","0.23861104656770835","-0.8041034192734733","0.07670932236676642","0.118","0.2330265092233712","0.12745238310229956","6","29","32","35","apple;pear;tangerine;plum;peach;grape",
"fruit","Adding Peach and Grape (nationwide 2004)","ln_area_harmonized","-11","-0.32565818393718166","0.2222117115930464","-0.7372675418309482","0.08595117395658497","0.1378","0.21736246536203255","0.14277606169747692","6","29","32","35","apple;pear;tangerine;plum;peach;grape",
"fruit","Adding Peach and Grape (nationwide 2004)","ln_area_harmonized","-10","-0.31013068881070477","0.19481459745361587","-0.676795805633763","0.05653442801235342","0.107","0.19190216470562457","0.11140102599477508","7","28","32","36","apple;pear;tangerine;astringent_persimmon;plum;peach;grape",
"fruit","Adding Peach and Grape (nationwide 2004)","ln_area_harmonized","-9","-0.23183498407226105","0.17447944500762308","-0.5669193305317952","0.10324936238727306","0.1869","0.17218101190186136","0.18393912335743456","7","28","32","36","apple;pear;tangerine;astringent_persimmon;plum;peach;grape",
"fruit","Adding Peach and Grape (nationwide 2004)","ln_area_harmonized","-8","-0.18309571489907403","0.14261329799311304","-0.4588948759939404","0.09270344619579238","0.201","0.14066089615201252","0.1991904394205095","7","29","32","36","apple;pear;tangerine;astringent_persimmon;plum;peach;grape",
"fruit","Adding Peach and Grape (nationwide 2004)","ln_area_harmonized","-7","-0.11419475675435524","0.11127682351136575","-0.3283087047303901","0.09991919122167962","0.3138","0.10963965952712973","0.30478681655076567","7","29","32","36","apple;pear;tangerine;astringent_persimmon;plum;peach;grape",
"fruit","Adding Peach and Grape (nationwide 2004)","ln_area_harmonized","-6","-0.08062558457631361","0.07211290745354697","-0.2186532798311954","0.05740211067856818","0.266","0.07082238138889432","0.2635471293586602","8","29","32","37","apple;pear;tangerine;sweet_persimmon;astringent_persimmon;plum;peach;grape",
"fruit","Adding Peach and Grape (nationwide 2004)","ln_area_harmonized","-5","-0.06218699627515891","0.05489520502063846","-0.1668827260908249","0.042508733540507083","0.2518","0.053863919247682836","0.25728518248343724","7","30","34","37","apple;pear;tangerine;sweet_persimmon;astringent_persimmon;peach;grape",
"fruit","Adding Peach and Grape (nationwide 2004)","ln_area_harmonized","-4","-0.01959162844636409","0.031403508432279965","-0.07847551588563403","0.03929225899290585","0.5563","0.030855255585320023","0.5327146025208684","7","30","34","37","apple;pear;tangerine;sweet_persimmon;astringent_persimmon;peach;grape",
"fruit","Adding Peach and Grape (nationwide 2004)","ln_area_harmonized","0","0.056071253050257765","0.08134110558376727","-0.09495650121252067","0.20709900731303618","0.5081","0.0801368934788211","0.49061261635300335","8","22","31","37","apple;pear;tangerine;sweet_persimmon;astringent_persimmon;plum;peach;grape",
"fruit","Adding Peach and Grape (nationwide 2004)","ln_area_harmonized","1","0.05502398504932277","0.08951422441515108","-0.10911277479279871","0.21916074489144424","0.5588","0.08803092669120134","0.5387558756250044","8","22","31","37","apple;pear;tangerine;sweet_persimmon;astringent_persimmon;plum;peach;grape",
"fruit","Adding Peach and Grape (nationwide 2004)","ln_area_harmonized","2","0.0661025526869299","0.09818737949207852","-0.11131336761489592","0.24351847298875573","0.5435","0.09647380432492665","0.5008018645253876","8","22","31","37","apple;pear;tangerine;sweet_persimmon;astringent_persimmon;plum;peach;grape",
"fruit","Adding Peach and Grape (nationwide 2004)","ln_area_harmonized","3","0.08688068349183818","0.10290159063273772","-0.1030192747791654","0.2767806417628418","0.4276","0.10096483866558241","0.3984970599988684","8","22","30","37","apple;pear;tangerine;sweet_persimmon;astringent_persimmon;plum;peach;grape",
"fruit","Adding Peach and Grape (nationwide 2004)","ln_area_harmonized","4","0.13118141925022805","0.12294351311400849","-0.0950229110179647","0.35738574951842084","0.3029","0.12071658390984646","0.285969298832661","8","22","30","37","apple;pear;tangerine;sweet_persimmon;astringent_persimmon;plum;peach;grape",
"fruit","Adding Peach and Grape (nationwide 2004)","ln_area_harmonized","5","0.14178005025410872","0.12577050187023434","-0.09318603496662187","0.3767461354748393","0.2667","0.12305762676110181","0.25961914563744304","8","20","26","34","apple;pear;tangerine;sweet_persimmon;astringent_persimmon;plum;peach;grape",
"fruit","Adding Peach and Grape (nationwide 2004)","ln_area_harmonized","6","0.1527566788343349","0.1512597844032494","-0.12836412000182695","0.4338774776704968","0.3251","0.1480410429091969","0.3125450318432921","8","20","23","31","apple;pear;tangerine;sweet_persimmon;astringent_persimmon;plum;peach;grape",
"fruit","Adding Peach and Grape (nationwide 2004)","ln_area_harmonized","7","0.12143400961673023","0.17464922991966034","-0.20565571917724068","0.44852373841070114","0.5028","0.17097285379815128","0.48686587906658696","8","15","22","30","apple;pear;tangerine;sweet_persimmon;astringent_persimmon;plum;peach;grape",
"fruit","Adding Peach and Grape (nationwide 2004)","ln_area_harmonized","8","0.17731215620525614","0.18048153284059218","-0.16106127230731787","0.5156855847178301","0.3299","0.17683819591154679","0.3258834583272938","8","14","22","30","apple;pear;tangerine;sweet_persimmon;astringent_persimmon;plum;peach;grape",
"fruit","Adding Peach and Grape (nationwide 2004)","ln_area_harmonized","9","0.1580644445278214","0.17305673390724793","-0.16647772480481784","0.48260661386046066","0.3631","0.1690905873714551","0.3610491463126464","8","11","22","30","apple;pear;tangerine;sweet_persimmon;astringent_persimmon;plum;peach;grape",
"fruit","Adding Peach and Grape (nationwide 2010)","ln_area_harmonized","-12","-0.23936459597926382","0.21408889423796107","-0.6221489326082194","0.14341974064969173","0.2973","0.21148460171831424","0.26354063677584616","6","29","32","37","apple;pear;tangerine;plum;peach;grape",
"fruit","Adding Peach and Grape (nationwide 2010)","ln_area_harmonized","-11","-0.181716258966717","0.1984901681417672","-0.5364853564349112","0.1730528385014773","0.415","0.1959022160487204","0.35993314140717025","6","29","32","37","apple;pear;tangerine;plum;peach;grape",
"fruit","Adding Peach and Grape (nationwide 2010)","ln_area_harmonized","-10","-0.20142265165226908","0.1816150286444263","-0.5369044009128026","0.13405909760826445","0.283","0.17940909382742054","0.26740266509090427","7","28","34","37","apple;pear;tangerine;astringent_persimmon;plum;peach;grape",
"fruit","Adding Peach and Grape (nationwide 2010)","ln_area_harmonized","-9","-0.19510879713269907","0.22289257529825737","-0.6150989529736386","0.2248813587082405","0.3756","0.2198581133782496","0.38138402996933607","5","28","32","36","apple;pear;tangerine;astringent_persimmon;plum",
"fruit","Adding Peach and Grape (nationwide 2010)","ln_area_harmonized","-8","-0.1522334778022524","0.1788264969672306","-0.48518499826808814","0.18071804266358335","0.391","0.17624396725083116","0.39460744248109414","5","29","32","36","apple;pear;tangerine;astringent_persimmon;plum",
"fruit","Adding Peach and Grape (nationwide 2010)","ln_area_harmonized","-7","-0.09642778613153957","0.13972253182862585","-0.36077741869095226","0.1679218464278731","0.4981","0.13790051115041735","0.4901075997872528","5","29","32","36","apple;pear;tangerine;astringent_persimmon;plum",
"fruit","Adding Peach and Grape (nationwide 2010)","ln_area_harmonized","-6","-0.06910006732633203","0.08464119175889413","-0.23050487053809124","0.09230473588542717","0.4259","0.08365265585430522","0.41427816268183104","6","29","32","37","apple;pear;tangerine;sweet_persimmon;astringent_persimmon;plum",
"fruit","Adding Peach and Grape (nationwide 2010)","ln_area_harmonized","-5","-0.06445962686235254","0.06280300411605677","-0.18366734641836258","0.05474809269365748","0.3125","0.06180209800957193","0.30471340556952065","5","30","34","37","apple;pear;tangerine;sweet_persimmon;astringent_persimmon",
"fruit","Adding Peach and Grape (nationwide 2010)","ln_area_harmonized","-4","-0.03444443932314392","0.03806144834183673","-0.10294895182137598","0.034060073175088135","0.4094","0.03733949875099393","0.36548169241401807","5","30","34","37","apple;pear;tangerine;sweet_persimmon;astringent_persimmon",
"fruit","Adding Peach and Grape (nationwide 2010)","ln_area_harmonized","0","0.05908523594253567","0.10186130194356785","-0.13194503276723088","0.2501155046523022","0.5892","0.10147449721062099","0.5618770092852436","8","22","31","37","apple;pear;tangerine;sweet_persimmon;astringent_persimmon;plum;peach;grape",
"fruit","Adding Peach and Grape (nationwide 2010)","ln_area_harmonized","1","0.04193308203519237","0.11272240588745139","-0.16851293052038896","0.25237909459077373","0.7301","0.1121060395932584","0.709890557080189","8","22","31","37","apple;pear;tangerine;sweet_persimmon;astringent_persimmon;plum;peach;grape",
"fruit","Adding Peach and Grape (nationwide 2010)","ln_area_harmonized","2","0.11169632303247135","0.11890767710149046","-0.1121395605153706","0.3355322065803133","0.3695","0.11799822929580112","0.34754936355161603","8","22","31","37","apple;pear;tangerine;sweet_persimmon;astringent_persimmon;plum;peach;grape",
"fruit","Adding Peach and Grape (nationwide 2010)","ln_area_harmonized","3","0.11285862725470704","0.12026497850516071","-0.11333328489258142","0.3390505394019955","0.3715","0.11960992188784848","0.34803046503701385","8","22","30","37","apple;pear;tangerine;sweet_persimmon;astringent_persimmon;plum;peach;grape",
"fruit","Adding Peach and Grape (nationwide 2010)","ln_area_harmonized","4","0.17324224150746537","0.13982341911409302","-0.0930044882804702","0.43948897129540093","0.2277","0.13921519230541463","0.21534278268957774","8","22","30","37","apple;pear;tangerine;sweet_persimmon;astringent_persimmon;plum;peach;grape",
"fruit","Adding Peach and Grape (nationwide 2010)","ln_area_harmonized","5","0.1705169042015813","0.14547526326153298","-0.10676787483059588","0.44780168323375846","0.251","0.14470461230665013","0.2411421520924124","8","20","26","34","apple;pear;tangerine;sweet_persimmon;astringent_persimmon;plum;peach;grape",
"fruit","Adding Peach and Grape (nationwide 2010)","ln_area_harmonized","6","0.19377328630012725","0.1709138099221637","-0.13080659008659323","0.5183531626868477","0.2666","0.1694777372658702","0.25690003291660757","8","20","23","31","apple;pear;tangerine;sweet_persimmon;astringent_persimmon;plum;peach;grape",
"fruit","Adding Peach and Grape (nationwide 2010)","ln_area_harmonized","7","0.19817366109708037","0.1800990409067228","-0.1446152139543341","0.5409625361484949","0.2789","0.17837571776946087","0.27117558850053625","8","15","22","30","apple;pear;tangerine;sweet_persimmon;astringent_persimmon;plum;peach;grape",
"fruit","Adding Peach and Grape (nationwide 2010)","ln_area_harmonized","8","0.21314643744179507","0.1849202766752436","-0.13663807858714527","0.5629309534707354","0.2516","0.18253473670409995","0.24905833398045574","8","14","22","30","apple;pear;tangerine;sweet_persimmon;astringent_persimmon;plum;peach;grape",
"fruit","Adding Peach and Grape (nationwide 2010)","ln_area_harmonized","9","0.2203193148987733","0.18473123882876327","-0.13441815734912052","0.5750567871466671","0.2378","0.1826011825181485","0.2330073173731877","8","11","22","30","apple;pear;tangerine;sweet_persimmon;astringent_persimmon;plum;peach;grape",
"fruit","Controls: field crops only","ln_area_harmonized","-12","-0.3138153517497834","0.32253433851903923","-0.8751875503108946","0.24755684681132767","0.3781","0.31455391679845396","0.3305695740674668","4","15","18","19","apple;pear;tangerine;plum",
"fruit","Controls: field crops only","ln_area_harmonized","-11","-0.2560773294444969","0.3013348385841492","-0.7871853039123677","0.27503064502337393","0.4537","0.2935203241022966","0.39543078389828556","4","15","18","19","apple;pear;tangerine;plum",
"fruit","Controls: field crops only","ln_area_harmonized","-10","-0.2819156596871162","0.252093184162639","-0.742734260516766","0.1789029411425337","0.2877","0.2476454616039058","0.26343913786519657","5","15","18","20","apple;pear;tangerine;astringent_persimmon;plum",
"fruit","Controls: field crops only","ln_area_harmonized","-9","-0.17644030640043584","0.2221654385060982","-0.5908917921361827","0.23801117933531096","0.4396","0.21774150122884955","0.42708813882954844","5","15","18","20","apple;pear;tangerine;astringent_persimmon;plum",
"fruit","Controls: field crops only","ln_area_harmonized","-8","-0.14188777195951333","0.17869943527094018","-0.47369157039244203","0.18991602647341535","0.4508","0.17480477561219337","0.4271940619352068","5","15","18","20","apple;pear;tangerine;astringent_persimmon;plum",
"fruit","Controls: field crops only","ln_area_harmonized","-7","-0.09821571129797785","0.1381896304273531","-0.3564427524931451","0.1600113298971894","0.4961","0.13520542655753243","0.47725068971172924","5","15","18","20","apple;pear;tangerine;astringent_persimmon;plum",
"fruit","Controls: field crops only","ln_area_harmonized","-6","-0.06459988426285956","0.09087711237831753","-0.23680897295037232","0.10760920442465319","0.4865","0.08897428267801852","0.4771779502431346","6","15","18","21","apple;pear;tangerine;sweet_persimmon;astringent_persimmon;plum",
"fruit","Controls: field crops only","ln_area_harmonized","-5","-0.0704877774302199","0.06163416528612656","-0.18801015785895003","0.04703460299851023","0.2481","0.06035831546064147","0.2527697303906953","5","16","20","21","apple;pear;tangerine;sweet_persimmon;astringent_persimmon",
"fruit","Controls: field crops only","ln_area_harmonized","-4","-0.032676558393064804","0.03784169481038522","-0.1041754452570317","0.038822328470902105","0.3951","0.03721563074881274","0.387858917166122","5","16","20","21","apple;pear;tangerine;sweet_persimmon;astringent_persimmon",
"fruit","Controls: field crops only","ln_area_harmonized","0","0.020941203317105833","0.13876105055446405","-0.23028897763338038","0.272171384267592","0.8785","0.13462026796965412","0.8800423164926705","6","8","17","21","apple;pear;tangerine;sweet_persimmon;astringent_persimmon;plum",
"fruit","Controls: field crops only","ln_area_harmonized","1","-0.017297610262203812","0.14962251347659342","-0.2899575840811351","0.2553623635567274","0.9036","0.14528808095727955","0.9079629536482499","6","8","17","21","apple;pear;tangerine;sweet_persimmon;astringent_persimmon;plum",
"fruit","Controls: field crops only","ln_area_harmonized","2","0.006231598449678851","0.15525680257330016","-0.27501424473256175","0.28747744163191946","0.9699","0.15061743524711918","0.9679836154166417","6","8","17","21","apple;pear;tangerine;sweet_persimmon;astringent_persimmon;plum",
"fruit","Controls: field crops only","ln_area_harmonized","3","0.04776732730140221","0.18770208669419539","-0.29671053210510245","0.39224518670790687","0.7991","0.18238799703969097","0.7991210483313511","6","8","16","21","apple;pear;tangerine;sweet_persimmon;astringent_persimmon;plum",
"fruit","Controls: field crops only","ln_area_harmonized","4","0.07219653124542635","0.20876105363242292","-0.3125306459771094","0.4569237084679621","0.7244","0.20199975995855593","0.7294679719856847","6","8","16","21","apple;pear;tangerine;sweet_persimmon;astringent_persimmon;plum",
"fruit","Controls: field crops only","ln_area_harmonized","5","0.08218004368985996","0.22082167929951266","-0.3306217176845342","0.49498180506425415","0.7095","0.21304669952129662","0.7097769371387432","6","7","12","18","apple;pear;tangerine;sweet_persimmon;astringent_persimmon;plum",
"fruit","Controls: field crops only","ln_area_harmonized","6","0.02456849344450504","0.2886250133356114","-0.48870101106446806","0.5378379979534782","0.9433","0.27775982680387695","0.9321639732096711","6","7","9","15","apple;pear;tangerine;sweet_persimmon;astringent_persimmon;plum",
"fruit","Controls: field crops only","ln_area_harmonized","7","0.010843999007532329","0.3492200430572784","-0.6008939026936622","0.6225819007087268","0.9788","0.3350479847012586","0.975228028009058","6","7","8","14","apple;pear;tangerine;sweet_persimmon;astringent_persimmon;plum",
"fruit","Controls: field crops only","ln_area_harmonized","8","0.09109101075729881","0.36896628848087","-0.5673707420555234","0.7495527635701209","0.8182","0.3549072827554291","0.8049998082319147","6","6","8","14","apple;pear;tangerine;sweet_persimmon;astringent_persimmon;plum",
"fruit","Controls: field crops only","ln_area_harmonized","9","0.07263316896277863","0.34147363792421115","-0.5535326628123481","0.6987990007379054","0.8382","0.32732230000651863","0.8315570236095913","6","4","8","14","apple;pear;tangerine;sweet_persimmon;astringent_persimmon;plum",
"fruit","CS-A (preferred)","ln_production","-12","-0.21039217641066582","0.1965727354120093","-0.5536845227061951","0.13290016988486347","0.3243","0.19313607486745868","0.2844834298319383","4","28","30","33","apple;pear;tangerine;plum",
"fruit","CS-A (preferred)","ln_production","-11","-0.17836265526408404","0.19752035798545683","-0.5255770272937317","0.16885171676556363","0.4293","0.19402919118525952","0.36652113361876015","4","28","30","33","apple;pear;tangerine;plum",
"fruit","CS-A (preferred)","ln_production","-10","-0.33194931662974486","0.2577650631676559","-0.7799113901183683","0.11601275685887852","0.253","0.2542126616565671","0.19781631054582993","5","28","30","34","apple;pear;tangerine;astringent_persimmon;plum",
"fruit","CS-A (preferred)","ln_production","-9","-0.2535105914105254","0.2326975141425613","-0.6730496748090018","0.16602849198795105","0.3197","0.2292694085286698","0.27595874172900525","5","28","30","34","apple;pear;tangerine;astringent_persimmon;plum",
"fruit","CS-A (preferred)","ln_production","-8","-0.32562234148848396","0.23376183240147652","-0.7517842176768266","0.10053953469985866","0.1912","0.230915616402399","0.16362999885664342","5","28","30","34","apple;pear;tangerine;astringent_persimmon;plum",
"fruit","CS-A (preferred)","ln_production","-7","-0.18757856109283458","0.1742136335275848","-0.4972774066640122","0.12212028447834308","0.3435","0.17146429938571434","0.28160727896022353","5","28","30","34","apple;pear;tangerine;astringent_persimmon;plum",
"fruit","CS-A (preferred)","ln_production","-6","-0.136751411872305","0.11587195142315966","-0.3555469888677817","0.08204416512317173","0.2517","0.11502312953994387","0.23792296178312844","6","29","30","35","apple;pear;tangerine;sweet_persimmon;astringent_persimmon;plum",
"fruit","CS-A (preferred)","ln_production","-5","-0.148177510243248","0.09246834305043905","-0.32103955120422656","0.024684530717730552","0.1082","0.09191984519127193","0.1090522789827768","5","30","32","35","apple;pear;tangerine;sweet_persimmon;astringent_persimmon",
"fruit","CS-A (preferred)","ln_production","-4","-0.10184678163079153","0.08461093421751394","-0.26314522164533327","0.05945165838375022","0.2403","0.0839098064837748","0.22870280993479875","5","30","32","35","apple;pear;tangerine;sweet_persimmon;astringent_persimmon",
"fruit","CS-A (preferred)","ln_production","0","0.01308096418115115","0.12286051581600851","-0.21272988949487712","0.23889181785717942","0.9255","0.1194334401533851","0.9152094239322142","6","22","31","35","apple;pear;tangerine;sweet_persimmon;astringent_persimmon;plum",
"fruit","CS-A (preferred)","ln_production","1","-0.02511715988211082","0.12465769536280569","-0.25978973767554553","0.20955541791132387","0.8417","0.12232693478622336","0.8403161952867586","6","22","31","35","apple;pear;tangerine;sweet_persimmon;astringent_persimmon;plum",
"fruit","CS-A (preferred)","ln_production","2","0.01178214932913112","0.11855378534119533","-0.2125796998657571","0.23614399852401935","0.9196","0.11584921159288555","0.9208347259054359","6","22","31","35","apple;pear;tangerine;sweet_persimmon;astringent_persimmon;plum",
"fruit","CS-A (preferred)","ln_production","3","0.12296149066648411","0.1094753394825753","-0.08547442303878024","0.33139740437174847","0.262","0.10710181538262933","0.2613572582224024","6","22","30","35","apple;pear;tangerine;sweet_persimmon;astringent_persimmon;plum",
"fruit","CS-A (preferred)","ln_production","4","0.20428607272071866","0.10385440663562392","0.011741410452826062","0.39683073498861127","0.0361","0.10109237811140603","0.04917826573790274","6","22","30","35","apple;pear;tangerine;sweet_persimmon;astringent_persimmon;plum",
"fruit","CS-A (preferred)","ln_production","5","0.19298079952713637","0.104147010181578","-0.0018125665266137125","0.38777416558088645","0.0526","0.10176527213910326","0.06388732751162718","6","20","26","32","apple;pear;tangerine;sweet_persimmon;astringent_persimmon;plum",
"fruit","CS-A (preferred)","ln_production","6","0.20047496595819875","0.13164244789696897","-0.041593141223867425","0.4425430731402649","0.1178","0.1283324866793154","0.12779003259059118","6","20","23","29","apple;pear;tangerine;sweet_persimmon;astringent_persimmon;plum",
"fruit","CS-A (preferred)","ln_production","7","0.1463648515792897","0.15042203050514322","-0.13227640012611214","0.4250061032846915","0.3458","0.14668257816881514","0.33053937267421607","6","15","22","28","apple;pear;tangerine;sweet_persimmon;astringent_persimmon;plum",
"fruit","CS-A (preferred)","ln_production","8","0.17646001529365507","0.1737716059077373","-0.14606722721113524","0.4989872577984454","0.3096","0.16863649588337865","0.3098813940542664","6","14","22","28","apple;pear;tangerine;sweet_persimmon;astringent_persimmon;plum",
"fruit","CS-A (preferred)","ln_production","9","0.10214693704275113","0.18086338790876694","-0.2397989727348429","0.44409284682034517","0.5719","0.1766224853113979","0.5722275012669447","6","11","22","28","apple;pear;tangerine;sweet_persimmon;astringent_persimmon;plum",
"fruit","CS-B (mean of all clean-pre years)","ln_production","-12","0.054414864358683555","0.10608514193409632","-0.15175115358535213","0.26058088230271925","0.6189","0.10445615818018933","0.6079962483245192","4","27","30","31","apple;pear;tangerine;plum",
"fruit","CS-B (mean of all clean-pre years)","ln_production","-11","0.08355736838879556","0.11110503250632575","-0.12600705238000348","0.29312178915759457","0.482","0.10935245002857162","0.4520165055791052","4","27","30","31","apple;pear;tangerine;plum",
"fruit","CS-B (mean of all clean-pre years)","ln_production","-10","-0.012259423771681972","0.16730620205802338","-0.3097564377995885","0.2852375902562245","0.9372","0.1640819682432227","0.941586991308957","5","27","30","32","apple;pear;tangerine;astringent_persimmon;plum",
"fruit","CS-B (mean of all clean-pre years)","ln_production","-9","0.06603114867614839","0.17101371059094186","-0.21585440327415473","0.3479167006264515","0.8124","0.16766558178628532","0.6994106792742936","5","27","30","32","apple;pear;tangerine;astringent_persimmon;plum",
"fruit","CS-B (mean of all clean-pre years)","ln_production","-8","0.001949364045920087","0.1489725637771637","-0.2637507973571959","0.26764952544903614","0.992","0.14545333209633163","0.9895596675629279","5","27","30","32","apple;pear;tangerine;astringent_persimmon;plum",
"fruit","CS-B (mean of all clean-pre years)","ln_production","-7","0.13419392078933526","0.13780062959397812","-0.07205149810032718","0.3404393396789977","0.4454","0.13607138124962814","0.33014263534195565","5","27","30","32","apple;pear;tangerine;astringent_persimmon;plum",
"fruit","CS-B (mean of all clean-pre years)","ln_production","-6","0.11377761687356186","0.10173979603027027","-0.05533077707234724","0.28288601081947096","0.3005","0.09986700601702637","0.26343048157625804","6","27","30","33","apple;pear;tangerine;sweet_persimmon;astringent_persimmon;plum",
"fruit","CS-B (mean of all clean-pre years)","ln_production","-5","0.12307877696452643","0.11137148349406054","-0.07804139698628165","0.3241989509153345","0.3025","0.11009553972424825","0.26910789453228445","6","27","30","33","apple;pear;tangerine;sweet_persimmon;astringent_persimmon;plum",
"fruit","CS-B (mean of all clean-pre years)","ln_production","-4","0.09099775000416936","0.08930487101652776","-0.07537126299629053","0.25736676300462924","0.3217","0.08762410056868598","0.3082237716156999","5","28","30","33","apple;pear;tangerine;sweet_persimmon;astringent_persimmon",
"fruit","CS-B (mean of all clean-pre years)","ln_production","-3","0.1872956078739332","0.1532364409181439","-0.0877013070083564","0.4622925227562228","0.2775","0.15118676752236102","0.22160725910772539","5","28","30","33","apple;pear;tangerine;sweet_persimmon;astringent_persimmon",
"fruit","CS-B (mean of all clean-pre years)","ln_production","0","0.28237350114174736","0.20989704134360204","-0.11169214816656303","0.6764391504500578","0.1929","0.20799545333310065","0.17852989393632868","6","20","29","33","apple;pear;tangerine;sweet_persimmon;astringent_persimmon;plum",
"fruit","CS-B (mean of all clean-pre years)","ln_production","1","0.24913077269527692","0.1755597717606929","-0.07842468424235202","0.5766862296329058","0.1685","0.17313258419184954","0.15587999169615396","6","20","29","33","apple;pear;tangerine;sweet_persimmon;astringent_persimmon;plum",
"fruit","CS-B (mean of all clean-pre years)","ln_production","2","0.28105965300048424","0.17918695442667013","-0.05971406393842443","0.621833369939393","0.1181","0.1772315261772795","0.11675809375749169","6","20","28","33","apple;pear;tangerine;sweet_persimmon;astringent_persimmon;plum",
"fruit","CS-B (mean of all clean-pre years)","ln_production","3","0.3818537513350474","0.16819678009495984","0.06071331861776991","0.7029941840523248","0.0164","0.16683471964157978","0.023190612210521433","6","20","28","33","apple;pear;tangerine;sweet_persimmon;astringent_persimmon;plum",
"fruit","CS-B (mean of all clean-pre years)","ln_production","4","0.4615865227825702","0.1919150001359409","0.09457142852786188","0.8286016170372785","0.0116","0.18999935534353687","0.01616533090202088","6","20","28","33","apple;pear;tangerine;sweet_persimmon;astringent_persimmon;plum",
"fruit","CS-B (mean of all clean-pre years)","ln_production","5","0.4707327001108644","0.18379521685420114","0.11643263790064767","0.8250327623210811","0.0065","0.18199138788350935","0.010431718385050193","6","18","24","30","apple;pear;tangerine;sweet_persimmon;astringent_persimmon;plum",
"fruit","CS-B (mean of all clean-pre years)","ln_production","6","0.4817963686364609","0.20102917048322014","0.09229605866617724","0.8712966786067446","0.0125","0.19899476737296148","0.016545763016523107","6","18","21","27","apple;pear;tangerine;sweet_persimmon;astringent_persimmon;plum",
"fruit","CS-B (mean of all clean-pre years)","ln_production","7","0.4268146008085739","0.21329911967686507","0.01606980750741649","0.8375593941097313","0.0419","0.21085707929396","0.045390842715311575","6","15","20","26","apple;pear;tangerine;sweet_persimmon;astringent_persimmon;plum",
"fruit","CS-B (mean of all clean-pre years)","ln_production","8","0.4486797101863622","0.2368495581025715","-0.00558528142667164","0.9029447017993961","0.0525","0.23434443314674858","0.05817646840730584","6","14","20","26","apple;pear;tangerine;sweet_persimmon;astringent_persimmon;plum",
"fruit","CS-B (mean of all clean-pre years)","ln_production","9","0.37963302353966827","0.22595814025969924","-0.04822887545289839","0.807494922532235","0.0891","0.22288291421008294","0.09293721342100092","6","11","20","26","apple;pear;tangerine;sweet_persimmon;astringent_persimmon;plum",
"fruit","Apple and Pear dated 2001","ln_production","-12","-0.12428663501158237","0.18675994151314107","-0.43931614417110343","0.19074287414793867","0.6313","0.18434269845846682","0.5057379539167177","2","28","29","31","tangerine;plum",
"fruit","Apple and Pear dated 2001","ln_production","-11","-0.171404193001572","0.13468119812024168","-0.3929291949733432","0.050120808970199215","0.201","0.13287099378519973","0.20313655763628802","2","28","29","31","tangerine;plum",
"fruit","Apple and Pear dated 2001","ln_production","-10","-0.33498773130224463","0.250259718898197","-0.76644534197355","0.09646987936906076","0.2147","0.24599461301061246","0.18071384859890283","5","28","30","34","apple;pear;tangerine;astringent_persimmon;plum",
"fruit","Apple and Pear dated 2001","ln_production","-9","-0.24834703048646808","0.23789462796560937","-0.6790788874159499","0.18238482644301376","0.3354","0.23315747692792244","0.2965144872134229","5","28","30","34","apple;pear;tangerine;astringent_persimmon;plum",
"fruit","Apple and Pear dated 2001","ln_production","-8","-0.3391335238473012","0.23282374175965684","-0.7561958359208709","0.07792878822626842","0.1609","0.22835030342089307","0.1452239075181967","5","28","30","34","apple;pear;tangerine;astringent_persimmon;plum",
"fruit","Apple and Pear dated 2001","ln_production","-7","-0.19898714728062838","0.19660348775079908","-0.5533311556951541","0.1553568611338973","0.3576","0.19267060708252076","0.3114786740187634","5","28","30","34","apple;pear;tangerine;astringent_persimmon;plum",
"fruit","Apple and Pear dated 2001","ln_production","-6","-0.20308154917639837","0.16080430434141846","-0.49698330651384065","0.09082020816104391","0.2287","0.1575552198262161","0.20662111182077614","6","29","30","35","apple;pear;tangerine;sweet_persimmon;astringent_persimmon;plum",
"fruit","Apple and Pear dated 2001","ln_production","-5","-0.1480659405890227","0.13289530002852534","-0.391825842757239","0.0956939615791936","0.2952","0.13057196893423692","0.2652127691380748","5","30","30","35","apple;pear;tangerine;sweet_persimmon;astringent_persimmon",
"fruit","Apple and Pear dated 2001","ln_production","-4","-0.054503182915567834","0.09853805062548743","-0.24219156825029672","0.13318520241916107","0.5864","0.09657085801893917","0.580182518531871","5","30","32","35","apple;pear;tangerine;sweet_persimmon;astringent_persimmon",
"fruit","Apple and Pear dated 2001","ln_production","-3","-0.16998747850281776","0.12817215619452518","-0.38610623853353127","0.04613128152789575","0.1783","0.126049643604705","0.1847590820607199","2","32","32","33","apple;pear",
"fruit","Apple and Pear dated 2001","ln_production","-2","-0.17449231010723465","0.14052466301764072","-0.39671310091038525","0.047728480695915926","0.204","0.13799270441167552","0.2143398210671763","2","32","32","33","apple;pear",
"fruit","Apple and Pear dated 2001","ln_production","0","0.031668380627438035","0.12183221159632741","-0.19282004426027302","0.2561568055151491","0.8119","0.11912319326932497","0.7949143895806443","6","22","33","35","apple;pear;tangerine;sweet_persimmon;astringent_persimmon;plum",
"fruit","Apple and Pear dated 2001","ln_production","1","-0.024512433468515258","0.09969428458998421","-0.2138257374703589","0.1648008705333284","0.806","0.09742807249511291","0.8057782107911811","6","22","31","35","apple;pear;tangerine;sweet_persimmon;astringent_persimmon;plum",
"fruit","Apple and Pear dated 2001","ln_production","2","-0.029986917372792597","0.10194094045787179","-0.22346336136685302","0.1634895266212678","0.773","0.0995654751410999","0.7686358668795388","6","22","31","35","apple;pear;tangerine;sweet_persimmon;astringent_persimmon;plum",
"fruit","Apple and Pear dated 2001","ln_production","3","0.06966951800773685","0.12356427437497682","-0.1663530502625387","0.30569208627801236","0.5784","0.12081378057654625","0.5728683280953337","6","22","31","35","apple;pear;tangerine;sweet_persimmon;astringent_persimmon;plum",
"fruit","Apple and Pear dated 2001","ln_production","4","0.14029393671988077","0.11043881243529365","-0.06771514432881878","0.3483030177685803","0.209","0.1082313062242369","0.2039664610574179","6","22","31","35","apple;pear;tangerine;sweet_persimmon;astringent_persimmon;plum",
"fruit","Apple and Pear dated 2001","ln_production","5","0.158323903446561","0.09941106570089447","-0.03289227484499527","0.34954008173811724","0.1114","0.09835840376363596","0.11124579826960046","6","20","30","35","apple;pear;tangerine;sweet_persimmon;astringent_persimmon;plum",
"fruit","Apple and Pear dated 2001","ln_production","6","0.18119916937963482","0.12383297460351309","-0.05487247990852734","0.41727081866779697","0.1434","0.1223657619649719","0.14339772629600755","6","20","30","35","apple;pear;tangerine;sweet_persimmon;astringent_persimmon;plum",
"fruit","Apple and Pear dated 2001","ln_production","7","0.17362990854004834","0.13112937643482012","-0.07553908227396536","0.422798899354062","0.1881","0.12977961581238848","0.18546603400532335","6","15","26","32","apple;pear;tangerine;sweet_persimmon;astringent_persimmon;plum",
"fruit","Apple and Pear dated 2001","ln_production","8","0.2775720482556004","0.14705239419164126","-0.0009048513186852847","0.556048947829886","0.0504","0.14465935498539922","0.05908337127871599","6","14","23","29","apple;pear;tangerine;sweet_persimmon;astringent_persimmon;plum",
"fruit","Apple and Pear dated 2001","ln_production","9","0.19457504144131538","0.15972382647362074","-0.10956420709476133","0.4987142899773921","0.2212","0.15719713884750247","0.2231492259854302","6","11","22","28","apple;pear;tangerine;sweet_persimmon;astringent_persimmon;plum",
"fruit","Adding Peach and Grape (nationwide 2004)","ln_production","-12","-0.35663703549556514","0.21635237907005922","-0.7483771479704234","0.03510307697929316","0.0872","0.21299708452050306","0.0992689347084954","6","29","32","35","apple;pear;tangerine;plum;peach;grape",
"fruit","Adding Peach and Grape (nationwide 2004)","ln_production","-11","-0.31037134669224675","0.20034413674393986","-0.6776702996411634","0.05692760625666987","0.1197","0.19765136941556016","0.12133579657078619","6","29","32","35","apple;pear;tangerine;plum;peach;grape",
"fruit","Adding Peach and Grape (nationwide 2004)","ln_production","-10","-0.3543340181897374","0.2063699361515624","-0.7397203564462046","0.031052320066729755","0.0794","0.20451830875552116","0.08598197172379818","7","28","32","36","apple;pear;tangerine;astringent_persimmon;plum;peach;grape",
"fruit","Adding Peach and Grape (nationwide 2004)","ln_production","-9","-0.2788672813743224","0.18361687527091677","-0.621625249521018","0.0638906867723733","0.1282","0.18211775596831317","0.12882659864049684","7","28","32","36","apple;pear;tangerine;astringent_persimmon;plum;peach;grape",
"fruit","Adding Peach and Grape (nationwide 2004)","ln_production","-8","-0.3092983797586322","0.17785744162639358","-0.6378063910133389","0.01920963149607452","0.0747","0.17638865327710862","0.08203052149461154","7","29","32","36","apple;pear;tangerine;astringent_persimmon;plum;peach;grape",
"fruit","Adding Peach and Grape (nationwide 2004)","ln_production","-7","-0.172241992652061","0.13210564288779011","-0.411985857544258","0.06750187224013601","0.2163","0.13057362289653646","0.1922949273652077","7","29","32","36","apple;pear;tangerine;astringent_persimmon;plum;peach;grape",
"fruit","Adding Peach and Grape (nationwide 2004)","ln_production","-6","-0.12262299095913763","0.08939331306958856","-0.2918092263706881","0.046563244452412875","0.1801","0.08882993560639164","0.1701492418382775","8","29","32","37","apple;pear;tangerine;sweet_persimmon;astringent_persimmon;plum;peach;grape",
"fruit","Adding Peach and Grape (nationwide 2004)","ln_production","-5","-0.11432747637204918","0.07019552468844967","-0.24717476875262473","0.01851981600852637","0.0999","0.06978836522889569","0.10337646639840137","7","30","34","37","apple;pear;tangerine;sweet_persimmon;astringent_persimmon;peach;grape",
"fruit","Adding Peach and Grape (nationwide 2004)","ln_production","-4","-0.05046229941647137","0.061286775528623993","-0.16702219209857866","0.06609759326563591","0.4313","0.061244223337365955","0.4102919867771311","7","30","34","37","apple;pear;tangerine;sweet_persimmon;astringent_persimmon;peach;grape",
"fruit","Adding Peach and Grape (nationwide 2004)","ln_production","0","0.020456976791820486","0.10524172800413634","-0.17851609974310012","0.2194300533267411","0.8519","0.10366673272393537","0.8458776815944162","8","22","31","37","apple;pear;tangerine;sweet_persimmon;astringent_persimmon;plum;peach;grape",
"fruit","Adding Peach and Grape (nationwide 2004)","ln_production","1","0.018825817557694427","0.11576417204150252","-0.2015720990414716","0.23922373415686043","0.8758","0.11390303966673913","0.8708159527236026","8","22","31","37","apple;pear;tangerine;sweet_persimmon;astringent_persimmon;plum;peach;grape",
"fruit","Adding Peach and Grape (nationwide 2004)","ln_production","2","0.029720093836454672","0.10831232476174088","-0.17500941515009283","0.23444960282300215","0.7862","0.10652136453676544","0.7837829757969703","8","22","31","37","apple;pear;tangerine;sweet_persimmon;astringent_persimmon;plum;peach;grape",
"fruit","Adding Peach and Grape (nationwide 2004)","ln_production","3","0.10611898649430068","0.1030898634002332","-0.08990438701289746","0.30214236000149886","0.3049","0.10090328041704677","0.30329958112648736","8","22","30","37","apple;pear;tangerine;sweet_persimmon;astringent_persimmon;plum;peach;grape",
"fruit","Adding Peach and Grape (nationwide 2004)","ln_production","4","0.1728759525431872","0.10332184444980413","-0.02184920817710151","0.3676011132634759","0.0882","0.10144338241031707","0.09429203996345459","8","22","30","37","apple;pear;tangerine;sweet_persimmon;astringent_persimmon;plum;peach;grape",
"fruit","Adding Peach and Grape (nationwide 2004)","ln_production","5","0.11852327841626388","0.11710665737451485","-0.10122688139169754","0.3382734382242253","0.3201","0.11448619078535724","0.3114917509321231","8","20","26","34","apple;pear;tangerine;sweet_persimmon;astringent_persimmon;plum;peach;grape",
"fruit","Adding Peach and Grape (nationwide 2004)","ln_production","6","0.13646547120102218","0.1479155289357466","-0.13647465916427357","0.4094056015663179","0.3803","0.14513709023909901","0.3562206151323415","8","20","23","31","apple;pear;tangerine;sweet_persimmon;astringent_persimmon;plum;peach;grape",
"fruit","Adding Peach and Grape (nationwide 2004)","ln_production","7","0.05594986417122616","0.17102115119609","-0.260632161983312","0.37253189032576434","0.7572","0.16722809628878618","0.7435531334164311","8","15","22","30","apple;pear;tangerine;sweet_persimmon;astringent_persimmon;plum;peach;grape",
"fruit","Adding Peach and Grape (nationwide 2004)","ln_production","8","0.1297795777117996","0.1792464330624751","-0.20571330074965005","0.46527245617324925","0.4883","0.1755665798899592","0.4690480614311836","8","14","22","30","apple;pear;tangerine;sweet_persimmon;astringent_persimmon;plum;peach;grape",
"fruit","Adding Peach and Grape (nationwide 2004)","ln_production","9","0.034644073452576106","0.1773883412787923","-0.3019255348559408","0.371213681761093","0.8462","0.17366360889078242","0.8451575216136877","8","11","22","30","apple;pear;tangerine;sweet_persimmon;astringent_persimmon;plum;peach;grape",
"fruit","Adding Peach and Grape (nationwide 2010)","ln_production","-12","-0.15053877157482687","0.13057175027419488","-0.38693226404424064","0.08585472089458693","0.2752","0.1290616385173964","0.24894325599046208","6","29","32","37","apple;pear;tangerine;plum;peach;grape",
"fruit","Adding Peach and Grape (nationwide 2010)","ln_production","-11","-0.10869799736894267","0.13061213362124832","-0.3447396862418789","0.12734369150399358","0.4529","0.12897356969800328","0.4052849171678443","6","29","32","37","apple;pear;tangerine;plum;peach;grape",
"fruit","Adding Peach and Grape (nationwide 2010)","ln_production","-10","-0.1975283362657139","0.183589640454548","-0.5192616459478481","0.12420497341642026","0.3445","0.1797961963128037","0.28196164703669035","7","28","34","37","apple;pear;tangerine;astringent_persimmon;plum;peach;grape",
"fruit","Adding Peach and Grape (nationwide 2010)","ln_production","-9","-0.23371069636452468","0.23264452902727484","-0.6547097185734635","0.18728832584441413","0.3578","0.22805499005877466","0.31509777459407307","5","28","32","36","apple;pear;tangerine;astringent_persimmon;plum",
"fruit","Adding Peach and Grape (nationwide 2010)","ln_production","-8","-0.3090486260117842","0.2338537319088806","-0.7333918165639458","0.11529456454037745","0.2126","0.22911126408912594","0.18631914433126062","5","29","32","36","apple;pear;tangerine;astringent_persimmon;plum",
"fruit","Adding Peach and Grape (nationwide 2010)","ln_production","-7","-0.17517390050167406","0.17537909647074149","-0.4840722223731875","0.13372442136983934","0.3749","0.17167897769891974","0.31787705729462346","5","29","32","36","apple;pear;tangerine;astringent_persimmon;plum",
"fruit","Adding Peach and Grape (nationwide 2010)","ln_production","-6","-0.12908452571080747","0.1151642761017315","-0.34486790948270973","0.08669885806109481","0.2755","0.11293008782628948","0.2623419323729981","6","29","32","37","apple;pear;tangerine;sweet_persimmon;astringent_persimmon;plum",
"fruit","Adding Peach and Grape (nationwide 2010)","ln_production","-5","-0.14259095387278714","0.09090766541006629","-0.3089806407115633","0.023798732965989028","0.1117","0.08938878939457331","0.11675863975988054","5","30","34","37","apple;pear;tangerine;sweet_persimmon;astringent_persimmon",
"fruit","Adding Peach and Grape (nationwide 2010)","ln_production","-4","-0.10070895297504143","0.08366997547365253","-0.259833933623903","0.05841602767382015","0.2382","0.08245630610509529","0.22872679396453943","5","30","34","37","apple;pear;tangerine;sweet_persimmon;astringent_persimmon",
"fruit","Adding Peach and Grape (nationwide 2010)","ln_production","0","-0.0040800301317633625","0.12174686360878817","-0.23211491646004748","0.22395485619652075","0.9763","0.12049315791967884","0.9732659740813425","8","22","31","37","apple;pear;tangerine;sweet_persimmon;astringent_persimmon;plum;peach;grape",
"fruit","Adding Peach and Grape (nationwide 2010)","ln_production","1","-0.07266164442482408","0.13125117353971216","-0.3237491817080937","0.1784258928584455","0.5876","0.12953625869663063","0.5798474380182961","8","22","31","37","apple;pear;tangerine;sweet_persimmon;astringent_persimmon;plum;peach;grape",
"fruit","Adding Peach and Grape (nationwide 2010)","ln_production","2","0.006271178238407539","0.12612345152484963","-0.23473677066774154","0.2472791271445566","0.9624","0.12478202527595894","0.9603434951405676","8","22","31","37","apple;pear;tangerine;sweet_persimmon;astringent_persimmon;plum;peach;grape",
"fruit","Adding Peach and Grape (nationwide 2010)","ln_production","3","0.050254988670376866","0.12847071779834676","-0.19642910913678566","0.2969390864775394","0.7006","0.12681201215609786","0.6956652647622872","8","22","30","37","apple;pear;tangerine;sweet_persimmon;astringent_persimmon;plum;peach;grape",
"fruit","Adding Peach and Grape (nationwide 2010)","ln_production","4","0.11296795350581737","0.13530041380302765","-0.14634226618466337","0.3722781731962981","0.4159","0.1344292000724096","0.4037505511076618","8","22","30","37","apple;pear;tangerine;sweet_persimmon;astringent_persimmon;plum;peach;grape",
"fruit","Adding Peach and Grape (nationwide 2010)","ln_production","5","0.13359603819404392","0.13508998790397742","-0.1235652538800745","0.39075733026816234","0.3347","0.13402030939839132","0.322691971212542","8","20","26","34","apple;pear;tangerine;sweet_persimmon;astringent_persimmon;plum;peach;grape",
"fruit","Adding Peach and Grape (nationwide 2010)","ln_production","6","0.18341656274771667","0.16568305624014298","-0.13161409235983668","0.49844721785527","0.2766","0.16442758388870968","0.2682797863691555","8","20","23","31","apple;pear;tangerine;sweet_persimmon;astringent_persimmon;plum;peach;grape",
"fruit","Adding Peach and Grape (nationwide 2010)","ln_production","7","0.14593777089409543","0.1701962780296051","-0.1796996047376716","0.47157514652586247","0.3937","0.16820515295353874","0.391186588671919","8","15","22","30","apple;pear;tangerine;sweet_persimmon;astringent_persimmon;plum;peach;grape",
"fruit","Adding Peach and Grape (nationwide 2010)","ln_production","8","0.15662721183873274","0.18251885934903098","-0.19308160676934255","0.5063360304468081","0.3948","0.18089074421279844","0.3908137166912753","8","14","22","30","apple;pear;tangerine;sweet_persimmon;astringent_persimmon;plum;peach;grape",
"fruit","Adding Peach and Grape (nationwide 2010)","ln_production","9","0.09734179224711373","0.1902176233840584","-0.26777450250173607","0.46245808699596347","0.616","0.18849426581558287","0.6088336289373288","8","11","22","30","apple;pear;tangerine;sweet_persimmon;astringent_persimmon;plum;peach;grape",
"fruit","Controls: field crops only","ln_production","-12","-0.22245986591451533","0.21364317914359338","-0.5938584130390661","0.14893868121003534","0.3386","0.20770882724676948","0.2977510534545469","4","15","18","19","apple;pear;tangerine;plum",
"fruit","Controls: field crops only","ln_production","-11","-0.1944326293142424","0.21773085806759152","-0.5690590791752727","0.18019382054678781","0.4368","0.2122336637341526","0.37185969848554734","4","15","18","19","apple;pear;tangerine;plum",
"fruit","Controls: field crops only","ln_production","-10","-0.32346549237457073","0.2619760369624316","-0.789077248692551","0.14214626394340962","0.2431","0.2536045280926665","0.21693694675906716","5","15","18","20","apple;pear;tangerine;astringent_persimmon;plum",
"fruit","Controls: field crops only","ln_production","-9","-0.2475239052595697","0.2485357787592984","-0.7037642691175778","0.2087164585984384","0.3229","0.24057115032981183","0.3192848085831148","5","15","18","20","apple;pear;tangerine;astringent_persimmon;plum",
"fruit","Controls: field crops only","ln_production","-8","-0.3340903416596247","0.2393599089692389","-0.7716063626635603","0.10342567934431096","0.1746","0.23279034036051968","0.16278507404786535","5","15","18","20","apple;pear;tangerine;astringent_persimmon;plum",
"fruit","Controls: field crops only","ln_production","-7","-0.20454054769270655","0.17684214908172224","-0.5246245535067017","0.11554345812128855","0.275","0.17150971038050378","0.24742445493897547","5","15","18","20","apple;pear;tangerine;astringent_persimmon;plum",
"fruit","Controls: field crops only","ln_production","-6","-0.14276874922383276","0.12385498452586521","-0.37418760428643294","0.08865010583876745","0.2474","0.12039197425388652","0.24902986645885994","6","15","18","21","apple;pear;tangerine;sweet_persimmon;astringent_persimmon;plum",
"fruit","Controls: field crops only","ln_production","-5","-0.16305521097865439","0.08997903964031552","-0.3322410053893299","0.006130583432021081","0.0597","0.08779153750635961","0.0699635472132174","5","16","20","21","apple;pear;tangerine;sweet_persimmon;astringent_persimmon",
"fruit","Controls: field crops only","ln_production","-4","-0.10698513895928924","0.09241668123735981","-0.2794288638262964","0.06545858590771791","0.2523","0.0901395807413915","0.24701145527727464","5","16","20","21","apple;pear;tangerine;sweet_persimmon;astringent_persimmon",
"fruit","Controls: field crops only","ln_production","0","-0.01742343102652459","0.1593328290076776","-0.30749685444603836","0.27264999239298915","0.9162","0.15535054326651762","0.9129229677613548","6","8","17","21","apple;pear;tangerine;sweet_persimmon;astringent_persimmon;plum",
"fruit","Controls: field crops only","ln_production","1","-0.09573534906411356","0.15231866334787195","-0.3822677137219661","0.19079701559373896","0.5482","0.1491708788659624","0.5296632511320356","6","8","17","21","apple;pear;tangerine;sweet_persimmon;astringent_persimmon;plum",
"fruit","Controls: field crops only","ln_production","2","-0.06621867966656772","0.17332584162720702","-0.39149198597738466","0.25905462664424916","0.7197","0.16934557222451996","0.7024262383755162","6","8","17","21","apple;pear;tangerine;sweet_persimmon;astringent_persimmon;plum",
"fruit","Controls: field crops only","ln_production","3","0.06591357624380717","0.17403268363310864","-0.25631642518732933","0.3881435776749437","0.7186","0.1698696919543999","0.7048790790358914","6","8","16","21","apple;pear;tangerine;sweet_persimmon;astringent_persimmon;plum",
"fruit","Controls: field crops only","ln_production","4","0.08699703447754356","0.19414151929235512","-0.2692116513103612","0.44320572026544824","0.6811","0.19003936000626834","0.6540727769935377","6","8","16","21","apple;pear;tangerine;sweet_persimmon;astringent_persimmon;plum",
"fruit","Controls: field crops only","ln_production","5","0.09473833668021844","0.20193900932298645","-0.2750775451975622","0.46455421855799917","0.6594","0.1973094827172863","0.6389671984009488","6","7","12","18","apple;pear;tangerine;sweet_persimmon;astringent_persimmon;plum",
"fruit","Controls: field crops only","ln_production","6","0.04827060295514013","0.29640487376071284","-0.4797563140020445","0.5762975199123248","0.8835","0.2872918909086634","0.8706336989817551","6","7","9","15","apple;pear;tangerine;sweet_persimmon;astringent_persimmon;plum",
"fruit","Controls: field crops only","ln_production","7","0.003012126825484074","0.36209921947195783","-0.6355311432043482","0.6415553968553165","0.9948","0.3491829645354159","0.9933628639808492","6","7","8","14","apple;pear;tangerine;sweet_persimmon;astringent_persimmon;plum",
"fruit","Controls: field crops only","ln_production","8","0.09684733671488932","0.3966025435584358","-0.6132839167281519","0.8069785901579305","0.8174","0.3831334831100909","0.8070817938023156","6","6","8","14","apple;pear;tangerine;sweet_persimmon;astringent_persimmon;plum",
"fruit","Controls: field crops only","ln_production","9","-0.008822256012091106","0.36555266759889166","-0.6841597630706594","0.6665152510464772","0.9815","0.35244343000170514","0.9807457058279665","6","4","8","14","apple;pear;tangerine;sweet_persimmon;astringent_persimmon;plum",
"price","CS-A main (exact match, annual linking rule)","ln_real_linked","-12","-0.18364917151965782","0.17877849440894086","-0.5143955540050232","0.1470972109657076","0.2944","0.17133144813027515","0.30430548990843675","4","7","10","11","onion;sweet_potato;garlic;red_pepper",
"price","CS-A main (exact match, annual linking rule)","ln_real_linked","-11","-0.18945923805841855","0.14562848751464416","-0.45666915194664737","0.07775067582981024","0.1871","0.13958791166250062","0.19326650323919448","4","7","10","11","onion;sweet_potato;garlic;red_pepper",
"price","CS-A main (exact match, annual linking rule)","ln_real_linked","-10","-0.16292644141555948","0.1546358917729511","-0.4489136764746483","0.12306079364352931","0.2929","0.14842462370389167","0.29205997028104513","4","7","10","11","onion;sweet_potato;garlic;red_pepper",
"price","CS-A main (exact match, annual linking rule)","ln_real_linked","-9","0.0003603301911309087","0.15252594897030547","-0.27916414156110975","0.27988480194337156","0.9987","0.14630344989435431","0.9981150641526255","4","7","10","11","onion;sweet_potato;garlic;red_pepper",
"price","CS-A main (exact match, annual linking rule)","ln_real_linked","-8","-0.14633344534490103","0.1516222660786681","-0.4280489564099217","0.1353820657201196","0.3327","0.14494898299156792","0.3344854903969994","3","7","9","10","onion;sweet_potato;garlic",
"price","CS-A main (exact match, annual linking rule)","ln_real_linked","-7","-0.08869570769949187","0.0965608690356584","-0.2651066730217665","0.08771525762278276","0.3709","0.09176814988207811","0.3583325043674579","3","7","9","10","onion;sweet_potato;garlic",
"price","CS-A main (exact match, annual linking rule)","ln_real_linked","-6","0.04338561109339256","0.11216768250863694","-0.1544843733603443","0.24125559554712941","0.7246","0.1063317858540077","0.6989098778541056","3","7","9","10","onion;sweet_potato;garlic",
"price","CS-A main (exact match, annual linking rule)","ln_real_linked","-5","-0.2919723059617734","0.23959279376415724","-0.683756676707907","0.09981206478436011","0.2457","0.22723148905479","0.2229888734733776","2","7","9","10","onion;garlic",
"price","CS-A main (exact match, annual linking rule)","ln_real_linked","0","-0.1716853559231775","0.09794465615327118","-0.35332119217808255","0.009950480331727601","0.0653","0.09365615614105968","0.07962238459050175","4","7","7","11","onion;sweet_potato;garlic;red_pepper",
"price","CS-A main (exact match, annual linking rule)","ln_real_linked","1","-0.1965880117299262","0.10219327931560686","-0.38385425352845415","-0.009321769931398272","0.037","0.09683831471697206","0.0543936703994512","4","7","7","11","onion;sweet_potato;garlic;red_pepper",
"price","CS-A main (exact match, annual linking rule)","ln_real_linked","2","0.011343908879365705","0.09971354838202769","-0.1738418892089508","0.1965297069676822","0.9126","0.09517670333863942","0.9094241078377057","4","6","7","11","onion;sweet_potato;garlic;red_pepper",
"price","CS-A main (exact match, annual linking rule)","ln_real_linked","3","0.13032978985945298","0.13986417055850972","-0.126427034073556","0.38708661379246195","0.3397","0.13275304589593484","0.3514237974546792","4","6","7","11","onion;sweet_potato;garlic;red_pepper",
"price","CS-A main (exact match, annual linking rule)","ln_real_linked","4","0.04445324408315457","0.12110644933333542","-0.17550229260806344","0.2644087807743726","0.7133","0.11433699076761693","0.7135748126955346","4","5","7","11","onion;sweet_potato;garlic;red_pepper",
"price","CS-A main (exact match, annual linking rule)","ln_real_linked","5","0.0620554940375343","0.13192116513073202","-0.17865978490934645","0.302770772984415","0.6309","0.12458432883623956","0.6380704664591095","4","4","6","10","onion;sweet_potato;garlic;red_pepper",
"price","CS-A main (exact match, annual linking rule)","ln_real_linked","6","-0.3000668874791063","0.17280734179484566","-0.6170043619361041","0.0168705869778914","0.0645","0.1628739581160748","0.08248881827235044","4","4","6","10","onion;sweet_potato;garlic;red_pepper",
"price","CS-A main (exact match, annual linking rule)","ln_real_linked","7","-0.3605334464914804","0.23590690223632774","-0.7883326170355591","0.0672657240525984","0.1078","0.22281666756150859","0.12644130185406643","4","4","5","9","onion;sweet_potato;garlic;red_pepper",
"price","CS-A main (exact match, annual linking rule)","ln_real_linked","8","-0.1493785734543335","0.1198701237368124","-0.3643265306000071","0.06556938369134005","0.1907","0.11140114338276567","0.21270192492546203","4","4","4","8","onion;sweet_potato;garlic;red_pepper",
"price","CS-A main (exact match, annual linking rule)","ln_real_linked","9","-0.25055035076466203","0.13576994023708597","-0.49481754771558034","-0.006283153813743725","0.0447","0.12758914573353283","0.06497883457089992","4","4","4","8","onion;sweet_potato;garlic;red_pepper",
"price","CS-B main","ln_real_linked","-12","-0.061741006451549396","0.13735070133763735","-0.31241391919409905","0.18893190629100026","0.6449","0.12962729935027076","0.6530612088669079","4","6","9","10","onion;sweet_potato;garlic;red_pepper",
"price","CS-B main","ln_real_linked","-11","-0.07447484190234145","0.08610530229959655","-0.2306322512889838","0.08168256748430087","0.3713","0.08095127517079152","0.387078595150089","4","6","9","10","onion;sweet_potato;garlic;red_pepper",
"price","CS-B main","ln_real_linked","-10","-0.08402963100997891","0.1294195412507941","-0.3140024410828538","0.145943179062896","0.5219","0.12157564424120247","0.5161568550134858","4","6","9","10","onion;sweet_potato;garlic;red_pepper",
"price","CS-B main","ln_real_linked","-9","0.09401909327556036","0.14019654478701352","-0.14185127068221176","0.32988945723333246","0.5748","0.1327169879988711","0.5024604274539692","4","6","9","10","onion;sweet_potato;garlic;red_pepper",
"price","CS-B main","ln_real_linked","-8","0.027036492249793397","0.10747961399074742","-0.17117882849476038","0.22525181299434718","0.8004","0.1022661877920452","0.8013889436060382","4","6","9","10","onion;sweet_potato;garlic;red_pepper",
"price","CS-B main","ln_real_linked","-7","0.04719058534688408","0.1747202342241051","-0.25348560310705603","0.3478667738008242","0.8121","0.1662091208300653","0.7870892658890658","3","6","8","9","onion;sweet_potato;garlic",
"price","CS-B main","ln_real_linked","-6","0.15243594123066675","0.18487430200137214","-0.17029138017236303","0.47516326263369657","0.4324","0.17531701155243087","0.4096337674591801","3","6","8","9","onion;sweet_potato;garlic",
"price","CS-B main","ln_real_linked","-5","-0.08905831833881755","0.22407448466360688","-0.4984883988514571","0.320371762173822","0.6935","0.2131841010165654","0.6910359322800652","3","6","8","9","onion;sweet_potato;garlic",
"price","CS-B main","ln_real_linked","-4","-0.025752902131970193","0.12237133412049782","-0.24508019514988288","0.19357439088594253","0.8292","0.11501858312822973","0.8333173975261567","2","6","8","9","onion;garlic",
"price","CS-B main","ln_real_linked","0","-0.038348985285345555","0.21796984070117104","-0.4361807992928194","0.35948282872212833","0.8544","0.20788532428705828","0.8603433452868368","4","6","6","10","onion;sweet_potato;garlic;red_pepper",
"price","CS-B main","ln_real_linked","1","-0.06770128358330094","0.22573486326035863","-0.48954558895703226","0.35414302179043033","0.7589","0.21597604881768268","0.7642419515956338","4","6","6","10","onion;sweet_potato;garlic;red_pepper",
"price","CS-B main","ln_real_linked","2","0.15585912266001128","0.19629981636969093","-0.20717731446292614","0.5188955597829488","0.4222","0.18808648840917921","0.42720412537131347","4","5","6","10","onion;sweet_potato;garlic;red_pepper",
"price","CS-B main","ln_real_linked","3","0.2905122596246252","0.13425673568582489","0.04448937763095359","0.5365351416182967","0.0123","0.12801116270071292","0.030475393236450543","4","5","6","10","onion;sweet_potato;garlic;red_pepper",
"price","CS-B main","ln_real_linked","4","0.10632417232984272","0.1796208154875647","-0.2262191162497137","0.4388674609093991","0.5604","0.1716404685075843","0.553892904128443","4","4","6","10","onion;sweet_potato;garlic;red_pepper",
"price","CS-B main","ln_real_linked","5","0.14547407543213423","0.21459804521188483","-0.24572690874746775","0.5366750596117362","0.4909","0.20381200883306452","0.4978408305533051","4","3","5","9","onion;sweet_potato;garlic;red_pepper",
"price","CS-B main","ln_real_linked","6","-0.2021043663299777","0.2447635964584873","-0.6456958280167152","0.24148709535675983","0.408","0.23166389890610375","0.40896718772515084","4","3","5","9","onion;sweet_potato;garlic;red_pepper",
"price","CS-B main","ln_real_linked","7","-0.2651725816351413","0.3478009843349362","-0.9004815164048168","0.37013635313453414","0.4332","0.32689121813561295","0.445805676149692","4","3","4","8","onion;sweet_potato;garlic;red_pepper",
"price","CS-B main","ln_real_linked","8","-0.07489901706283589","0.2667562295700125","-0.5419422698637225","0.3921442357380508","0.7843","0.24816415465934463","0.7788814364311436","4","3","3","7","onion;sweet_potato;garlic;red_pepper",
"price","CS-B main","ln_real_linked","9","-0.24057473613461408","0.23626535790991512","-0.6225909749741771","0.14144150270494896","0.3755","0.21967457487292383","0.30856411938631245","4","3","3","7","onion;sweet_potato;garlic;red_pepper",
"price","Strict sample (both linking rules)","ln_real_linked","-12","-0.24367714982994876","0.20003225723964155","-0.5983168525647495","0.11096255290485196","0.2191","0.1856368077485261","0.22315205545659555","2","5","6","7","sweet_potato;garlic",
"price","Strict sample (both linking rules)","ln_real_linked","-11","-0.31644588810933033","0.2708797810384008","-0.7930856794230051","0.16019390320434446","0.2326","0.251104513469054","0.2427199551042647","2","5","6","7","sweet_potato;garlic",
"price","Strict sample (both linking rules)","ln_real_linked","-10","-0.3135627488842189","0.3295729549397686","-0.8833419271333276","0.2562164293648898","0.359","0.3062418657592654","0.34139052167320494","2","5","6","7","sweet_potato;garlic",
"price","Strict sample (both linking rules)","ln_real_linked","-9","-0.2434386574434398","0.2253282144311805","-0.6491707736308279","0.16229345874394835","0.255","0.20918587219154866","0.27997584065182757","2","5","6","7","sweet_potato;garlic",
"price","Strict sample (both linking rules)","ln_real_linked","-8","-0.2797433907564791","0.2099706458522322","-0.6423425895517613","0.0828558080388031","0.1837","0.19464459659555447","0.18276241045654906","2","5","6","7","sweet_potato;garlic",
"price","Strict sample (both linking rules)","ln_real_linked","-7","-0.08271123584346701","0.1601528443172944","-0.34318539211933446","0.17776292043240044","0.676","0.14992323316787817","0.6055388465433063","2","5","6","7","sweet_potato;garlic",
"price","Strict sample (both linking rules)","ln_real_linked","-6","-0.15219330014770532","0.1744895699503083","-0.43756735961379495","0.1331807593183843","0.4273","0.1626571934476896","0.3830883474936462","2","5","6","7","sweet_potato;garlic",
"price","Strict sample (both linking rules)","ln_real_linked","-5","-0.29284222057174825","0.35272364432953196","-0.7891895020104407","0.20350506086694425","0.53","0.3222246322709587","0.40640800443494496","1","5","5","6","garlic",
"price","Strict sample (both linking rules)","ln_real_linked","0","-0.21337562893848405","0.14996514834699884","-0.48461428714293586","0.05786302926596776","0.1304","0.13856897770475396","0.15478405624504443","2","5","5","7","sweet_potato;garlic",
"price","Strict sample (both linking rules)","ln_real_linked","1","-0.13388888863410742","0.1427477766826435","-0.3982946555833747","0.13051687831515985","0.3445","0.1320920258892978","0.34827510506989645","2","5","5","7","sweet_potato;garlic",
"price","Strict sample (both linking rules)","ln_real_linked","2","0.1310333886114029","0.0969073112306868","-0.028188139017674724","0.2902549162404805","0.1778","0.09005593612298352","0.1763267813978977","2","5","5","7","sweet_potato;garlic",
"price","Strict sample (both linking rules)","ln_real_linked","3","0.1971121605310452","0.18605940238475735","-0.1167582630945243","0.5109825841566147","0.321","0.17260118358036636","0.2894156198175053","2","5","5","7","sweet_potato;garlic",
"price","Strict sample (both linking rules)","ln_real_linked","4","0.08402412321880126","0.1748868120897528","-0.21972888010502872","0.38777712654263125","0.6326","0.16120941340359335","0.6309084468844244","2","4","4","6","sweet_potato;garlic",
"price","Strict sample (both linking rules)","ln_real_linked","5","0.20925296734928134","0.15035132780284194","-0.030832811229937723","0.4493387459285004","0.1268","0.13836564141598787","0.16399507963044302","2","4","4","6","sweet_potato;garlic",
"price","Strict sample (both linking rules)","ln_real_linked","6","-0.19124743867059446","0.19082078290809312","-0.5296195181920662","0.14712464085087723","0.2936","0.17515779470738732","0.3162296739258308","2","4","4","6","sweet_potato;garlic",
"price","Strict sample (both linking rules)","ln_real_linked","7","-0.14451020134675885","0.2757451547317472","-0.6027556133701744","0.31373521067665666","0.6007","0.2476877198834884","0.6002287485438689","2","3","3","5","sweet_potato;garlic",
"price","Strict sample (both linking rules)","ln_real_linked","8","-0.16951308422150546","0.15465806926729922","-0.4422100751679225","0.10318390672491157","0.2257","0.1388765176195673","0.2730565900783808","2","3","3","5","sweet_potato;garlic",
"price","Strict sample (both linking rules)","ln_real_linked","9","-0.28324464284068573","0.21550570670809693","-0.6523317523598404","0.08584246667846895","0.1564","0.19399150908943022","0.1887366939764148","2","3","3","5","sweet_potato;garlic",
"price","Approximate matches included (+ all-potato, pooled vegetable items)","ln_real_linked","-12","-0.229140087697583","0.22593336242532222","-0.6552154126402174","0.19693523724505138","0.3072","0.21945172733207258","0.3104905560915372","5","12","16","17","onion;sweet_potato;garlic;red_pepper;potato",
"price","Approximate matches included (+ all-potato, pooled vegetable items)","ln_real_linked","-11","-0.33983722232296815","0.21209667644626387","-0.7383740764737633","0.058699631827827004","0.1053","0.2066692856187142","0.10909479054160087","5","12","16","17","onion;sweet_potato;garlic;red_pepper;potato",
"price","Approximate matches included (+ all-potato, pooled vegetable items)","ln_real_linked","-10","-0.33048933401517133","0.2161791779970697","-0.7391644996597406","0.07818583162939802","0.1212","0.21130323196746736","0.12632021920114633","5","12","16","17","onion;sweet_potato;garlic;red_pepper;potato",
"price","Approximate matches included (+ all-potato, pooled vegetable items)","ln_real_linked","-9","-0.0623870042334552","0.16723868907909312","-0.3786081286241579","0.25383412015724743","0.7094","0.1630200756023228","0.7091174111568934","5","12","16","17","onion;sweet_potato;garlic;red_pepper;potato",
"price","Approximate matches included (+ all-potato, pooled vegetable items)","ln_real_linked","-8","-0.2535380677548897","0.1481045016485936","-0.5322958948068197","0.02521975929704029","0.08","0.14375979675366488","0.08691762336593545","4","12","16","17","onion;sweet_potato;garlic;potato",
"price","Approximate matches included (+ all-potato, pooled vegetable items)","ln_real_linked","-7","-0.19532231896334773","0.11068071959016271","-0.4023862779268327","0.011741640000137221","0.0659","0.10764669843875248","0.0776080410283766","4","12","16","17","onion;sweet_potato;garlic;potato",
"price","Approximate matches included (+ all-potato, pooled vegetable items)","ln_real_linked","-6","-0.08057167427027984","0.10831244105816641","-0.28383937733213227","0.12269602879157263","0.4637","0.10545183475179662","0.4569478715521371","3","12","14","15","onion;sweet_potato;garlic",
"price","Approximate matches included (+ all-potato, pooled vegetable items)","ln_real_linked","-5","-0.34128331977412646","0.2729522736617115","-0.7639353582042985","0.08136871865604561","0.2155","0.2625613026054118","0.2111751396797774","2","12","14","15","onion;garlic",
"price","Approximate matches included (+ all-potato, pooled vegetable items)","ln_real_linked","0","-0.22715124362585426","0.09386650196281766","-0.40264197037925786","-0.05166051687245066","0.0083","0.09162858602394128","0.01552309506520766","5","7","12","17","onion;sweet_potato;garlic;red_pepper;potato",
"price","Approximate matches included (+ all-potato, pooled vegetable items)","ln_real_linked","1","-0.22087035740203267","0.10846169320264028","-0.42403238806972277","-0.017708326734342555","0.0302","0.10540687163662707","0.041711162559290305","5","7","10","15","onion;sweet_potato;garlic;red_pepper;potato",
"price","Approximate matches included (+ all-potato, pooled vegetable items)","ln_real_linked","2","0.006692806496232051","0.11917542099051728","-0.21515050618809292","0.22853611918055702","0.953","0.1153156743465182","0.9552149153829306","5","6","8","13","onion;sweet_potato;garlic;red_pepper;potato",
"price","Approximate matches included (+ all-potato, pooled vegetable items)","ln_real_linked","3","0.06497712849257054","0.13964907386213848","-0.19639065674150397","0.32634491372664504","0.6335","0.13408563235861332","0.641724764534747","5","6","7","12","onion;sweet_potato;garlic;red_pepper;potato",
"price","Approximate matches included (+ all-potato, pooled vegetable items)","ln_real_linked","4","0.037077781955801595","0.11311801526015179","-0.17169741819673434","0.2458529821083375","0.748","0.10918711041755035","0.7430782849846969","5","5","7","12","onion;sweet_potato;garlic;red_pepper;potato",
"price","Approximate matches included (+ all-potato, pooled vegetable items)","ln_real_linked","5","0.0954996690470162","0.1382023669105849","-0.16018158469983915","0.3511809227938716","0.4782","0.1322686922313262","0.48955720380123746","5","4","6","11","onion;sweet_potato;garlic;red_pepper;potato",
"price","Approximate matches included (+ all-potato, pooled vegetable items)","ln_real_linked","6","-0.3532116694283003","0.20033643172189633","-0.7239694011263964","0.01754606226979577","0.0636","0.18953665026668323","0.07788488224162204","5","4","6","11","onion;sweet_potato;garlic;red_pepper;potato",
"price","Approximate matches included (+ all-potato, pooled vegetable items)","ln_real_linked","7","-0.3969113081906585","0.2256589725401949","-0.80703728484481","0.013214668463492951","0.058","0.21209717468646386","0.07859468987636697","5","4","5","10","onion;sweet_potato;garlic;red_pepper;potato",
"price","Approximate matches included (+ all-potato, pooled vegetable items)","ln_real_linked","8","-0.23053703320894678","0.14533935263196757","-0.4940138145536572","0.0329397481357637","0.0915","0.13611050788862644","0.11269433465559442","5","4","4","9","onion;sweet_potato;garlic;red_pepper;potato",
"price","Approximate matches included (+ all-potato, pooled vegetable items)","ln_real_linked","9","-0.22677661542810593","0.14577535849393364","-0.49112162857066577","0.03756839771445389","0.0993","0.1378762938929823","0.11978941797372666","5","4","4","9","onion;sweet_potato;garlic;red_pepper;potato",
"price","New series only 2005-2024 (6 exact crops)","ln_real_new","-10","-0.08705081159840644","0.1170005153655676","-0.29897904635730044","0.12487742316048756","0.4772","0.11257760718876064","0.45686391976236584","1","12","12","13","red_pepper",
"price","New series only 2005-2024 (6 exact crops)","ln_real_new","-9","0.011215588452886283","0.06427815173804396","-0.10014209141266701","0.12257326831843958","0.8818","0.06141586119080641","0.8614841330346483","1","12","12","13","red_pepper",
"price","New series only 2005-2024 (6 exact crops)","ln_real_new","-8","-0.185737931766927","0.14185637073191562","-0.44087872330846345","0.06940285977460947","0.1925","0.1362072219514155","0.190419894893898","3","7","10","11","sweet_potato;corn;garlic",
"price","New series only 2005-2024 (6 exact crops)","ln_real_new","-7","0.0433597006667661","0.11297525141755276","-0.14863349606963083","0.23535289740316306","0.7597","0.10798138968010267","0.701128005694954","5","7","12","13","soybean;onion;sweet_potato;corn;garlic",
"price","New series only 2005-2024 (6 exact crops)","ln_real_new","-6","0.026031390607942642","0.06610839622441292","-0.09076526203975287","0.14282804325563814","0.7038","0.06302137541987385","0.69375211252461","5","7","12","13","soybean;onion;sweet_potato;corn;garlic",
"price","New series only 2005-2024 (6 exact crops)","ln_real_new","-5","-0.2893545043031914","0.2217362856726413","-0.6527521677478045","0.07404315914142173","0.1886","0.2120027049024225","0.1919102758486484","2","7","10","11","onion;garlic",
"price","New series only 2005-2024 (6 exact crops)","ln_real_new","0","-0.12263702860258525","0.12937676125324934","-0.3599633213928176","0.11468926418764709","0.3411","0.12334041481496497","0.343177230093358","6","7","7","13","soybean;onion;sweet_potato;corn;garlic;red_pepper",
"price","New series only 2005-2024 (6 exact crops)","ln_real_new","1","-0.14185890374508486","0.14303713682429903","-0.4053975525859298","0.12167974509576007","0.3116","0.13641580268801268","0.32131327409124655","6","7","7","13","soybean;onion;sweet_potato;corn;garlic;red_pepper",
"price","New series only 2005-2024 (6 exact crops)","ln_real_new","2","-0.07098233287555936","0.1552927509516618","-0.3617987146484586","0.2198340488973399","0.6516","0.14957335845005687","0.6476083508662875","6","6","7","13","soybean;onion;sweet_potato;corn;garlic;red_pepper",
"price","New series only 2005-2024 (6 exact crops)","ln_real_new","3","-0.02003920274689361","0.19665985927831833","-0.3783763657036082","0.33829796020982106","0.9232","0.18987776866939893","0.9188378134218587","6","6","7","13","soybean;onion;sweet_potato;corn;garlic;red_pepper",
"price","New series only 2005-2024 (6 exact crops)","ln_real_new","4","-0.04161714357296745","0.1504955686861025","-0.3169928151861571","0.2337585280402222","0.7848","0.14461277738511027","0.7821379390119172","6","5","7","13","soybean;onion;sweet_potato;corn;garlic;red_pepper",
"price","New series only 2005-2024 (6 exact crops)","ln_real_new","5","-0.039287560844751504","0.1821721910951839","-0.36998643154885924","0.29141130985935626","0.8356","0.17488183760120554","0.8292514729420419","6","4","6","12","soybean;onion;sweet_potato;corn;garlic;red_pepper",
"price","New series only 2005-2024 (6 exact crops)","ln_real_new","6","-0.320819896700956","0.21940562586764673","-0.7342184024326852","0.09257860903077325","0.1347","0.21207209157394477","0.1436801805133392","6","4","6","12","soybean;onion;sweet_potato;corn;garlic;red_pepper",
"price","New series only 2005-2024 (6 exact crops)","ln_real_new","7","-0.355127967513322","0.22709019113150855","-0.7803012524789669","0.0700453174523229","0.1041","0.2179201569770842","0.1178600686464768","6","4","5","11","soybean;onion;sweet_potato;corn;garlic;red_pepper",
"price","New series only 2005-2024 (6 exact crops)","ln_real_new","8","-0.24920642999640708","0.17912890895383282","-0.5765262278458982","0.07811336785308409","0.1507","0.17081702093702072","0.16416090857979126","6","4","4","10","soybean;onion;sweet_potato;corn;garlic;red_pepper",
"price","New series only 2005-2024 (6 exact crops)","ln_real_new","9","-0.2967525546770681","0.1766093852721524","-0.6261078377111234","0.03260272835698719","0.0799","0.1679734856715568","0.09290358076089511","6","4","4","10","soybean;onion;sweet_potato;corn;garlic;red_pepper",
"price","New series only 2005-2024 (main 4 crops)","ln_real_new","-10","-0.04358808346210141","0.09553054473949338","-0.21525129790054662","0.1280751309763438","0.6529","0.09035245229185894","0.6481931108639356","1","10","10","11","red_pepper",
"price","New series only 2005-2024 (main 4 crops)","ln_real_new","-9","0.012617006076939385","0.07755318060077955","-0.12178816874832113","0.1470221809021999","0.8883","0.0731674675288589","0.8707637481726429","1","10","10","11","red_pepper",
"price","New series only 2005-2024 (main 4 crops)","ln_real_new","-8","-0.2906466859137557","0.19761768213963424","-0.6319872218917166","0.05069385006420518","0.1283","0.18754789745528616","0.1413580818537601","2","7","9","10","sweet_potato;garlic",
"price","New series only 2005-2024 (main 4 crops)","ln_real_new","-7","-0.08869570769949187","0.0858361952135178","-0.24814127896396673","0.070749863564983","0.2988","0.08152208307230199","0.3014571658196594","3","7","9","10","onion;sweet_potato;garlic",
"price","New series only 2005-2024 (main 4 crops)","ln_real_new","-6","0.04338561109339256","0.108595859207909","-0.14279843427765596","0.22956965646444108","0.708","0.10213000569875325","0.6895142048851954","3","7","9","10","onion;sweet_potato;garlic",
"price","New series only 2005-2024 (main 4 crops)","ln_real_new","-5","-0.2919723059617734","0.2293267313855442","-0.6653156814453555","0.08137106952180861","0.208","0.2191819508004302","0.2029571181781329","2","7","9","10","onion;garlic",
"price","New series only 2005-2024 (main 4 crops)","ln_real_new","0","-0.1716853559231775","0.09295068623542208","-0.344641263390233","0.0012705515438780068","0.0515","0.08778027734664604","0.0647386609735412","4","7","7","11","onion;sweet_potato;garlic;red_pepper",
"price","New series only 2005-2024 (main 4 crops)","ln_real_new","1","-0.1965880117299262","0.10082274796159557","-0.3829093686405267","-0.010266654819325705","0.0372","0.0962377290120136","0.051195446754241036","4","7","7","11","onion;sweet_potato;garlic;red_pepper",
"price","New series only 2005-2024 (main 4 crops)","ln_real_new","2","0.011343908879365705","0.10742561937260739","-0.1844471414993688","0.20713495925810022","0.9135","0.10190372067984964","0.9159014717419651","4","6","7","11","onion;sweet_potato;garlic;red_pepper",
"price","New series only 2005-2024 (main 4 crops)","ln_real_new","3","0.13032978985945298","0.14596382466651317","-0.14263562379010913","0.4032952035090151","0.3698","0.14054666253077389","0.371915530784936","4","6","7","11","onion;sweet_potato;garlic;red_pepper",
"price","New series only 2005-2024 (main 4 crops)","ln_real_new","4","0.04445324408315457","0.12140943458197986","-0.1783924854670161","0.2672989736333252","0.7168","0.1161623455048373","0.7142581914306345","4","5","7","11","onion;sweet_potato;garlic;red_pepper",
"price","New series only 2005-2024 (main 4 crops)","ln_real_new","5","0.0620554940375343","0.12942676387736493","-0.17723307279232603","0.3013440608673946","0.6362","0.12378554052427226","0.6316084623406986","4","4","6","10","onion;sweet_potato;garlic;red_pepper",
"price","New series only 2005-2024 (main 4 crops)","ln_real_new","6","-0.3000668874791063","0.16200362685468936","-0.5959311328357522","-0.004202642122460465","0.0456","0.1540070619492814","0.06399376860186878","4","4","6","10","onion;sweet_potato;garlic;red_pepper",
"price","New series only 2005-2024 (main 4 crops)","ln_real_new","7","-0.3605334464914804","0.2263540844995583","-0.7658190069605499","0.0447521139775891","0.0858","0.21003874350985163","0.11120837574975329","4","4","5","9","onion;sweet_potato;garlic;red_pepper",
"price","New series only 2005-2024 (main 4 crops)","ln_real_new","8","-0.1493785734543335","0.1183871882454987","-0.3628070382939638","0.06404989138529682","0.1835","0.1102336654626691","0.20702800008828248","4","4","4","8","onion;sweet_potato;garlic;red_pepper",
"price","New series only 2005-2024 (main 4 crops)","ln_real_new","9","-0.25055035076466203","0.14015846705540888","-0.5062446298429639","0.005143928313639912","0.056","0.13202882723565454","0.07383702332745767","4","4","4","8","onion;sweet_potato;garlic;red_pepper",
"price","Link window 2005-2006","ln_real_linked","-12","-0.18086422496828258","0.1793282615145724","-0.5095240012615648","0.14779555132499966","0.3014","0.16950977914668833","0.3131832547202458","4","7","10","11","onion;sweet_potato;garlic;red_pepper",
"price","Link window 2005-2006","ln_real_linked","-11","-0.18667429150704395","0.14633270825956565","-0.4527017955044174","0.0793532124903295","0.1902","0.1387933602207176","0.20206725425533012","4","7","10","11","onion;sweet_potato;garlic;red_pepper",
"price","Link window 2005-2006","ln_real_linked","-10","-0.16171000651419076","0.15464218305638608","-0.44236407422679147","0.11894406119840994","0.2923","0.1477004841071486","0.29569754486271993","4","7","10","11","onion;sweet_potato;garlic;red_pepper",
"price","Link window 2005-2006","ln_real_linked","-9","0.00157676509249971","0.1539658102121027","-0.27750464269250824","0.28065817287750766","0.991","0.14751053335051428","0.9918290006650066","4","7","10","11","onion;sweet_potato;garlic;red_pepper",
"price","Link window 2005-2006","ln_real_linked","-8","-0.1440565440778506","0.152146061477884","-0.4223741347999459","0.13426104664424474","0.3461","0.14461984079531626","0.34372511504787084","3","7","9","10","onion;sweet_potato;garlic",
"price","Link window 2005-2006","ln_real_linked","-7","-0.08869570769949187","0.09643745804054099","-0.2617822805751016","0.08439086517611788","0.3679","0.09097522309048514","0.35771774991882177","3","7","9","10","onion;sweet_potato;garlic",
"price","Link window 2005-2006","ln_real_linked","-6","0.04338561109339256","0.1122658623357859","-0.15421656985573462","0.24098779204251974","0.722","0.10655429516426541","0.6991603352923488","3","7","9","10","onion;sweet_potato;garlic",
"price","Link window 2005-2006","ln_real_linked","-5","-0.2919723059617734","0.23943155380771586","-0.6838678114432146","0.09992319951966777","0.2406","0.22617089968275433","0.22267740688797355","2","7","9","10","onion;garlic",
"price","Link window 2005-2006","ln_real_linked","0","-0.1716853559231775","0.09789206134998556","-0.35389388386951237","0.01052317202315739","0.0665","0.09424201589830662","0.07946082810924837","4","7","7","11","onion;sweet_potato;garlic;red_pepper",
"price","Link window 2005-2006","ln_real_linked","1","-0.1965880117299262","0.10223498762034296","-0.38749049801369906","-0.005685525446153333","0.0433","0.09806539880704765","0.05449217479002755","4","7","7","11","onion;sweet_potato;garlic;red_pepper",
"price","Link window 2005-2006","ln_real_linked","2","0.011343908879365705","0.09963899864584373","-0.17508102984986515","0.19776884760859656","0.9085","0.09533328978125534","0.9093566312904828","4","6","7","11","onion;sweet_potato;garlic;red_pepper",
"price","Link window 2005-2006","ln_real_linked","3","0.13032978985945298","0.1398172235994999","-0.12597364031331976","0.3866332200322257","0.3377","0.1325796449496259","0.3512620975386498","4","6","7","11","onion;sweet_potato;garlic;red_pepper",
"price","Link window 2005-2006","ln_real_linked","4","0.04445324408315457","0.12128349395642522","-0.17862338216615944","0.26752987033246856","0.7122","0.11546353416936557","0.7139745210158699","4","5","7","11","onion;sweet_potato;garlic;red_pepper",
"price","Link window 2005-2006","ln_real_linked","5","0.0620554940375343","0.1320336511388252","-0.17927219419787055","0.30338318227293914","0.6443","0.12530792335971003","0.6383567599361342","4","4","6","10","onion;sweet_potato;garlic;red_pepper",
"price","Link window 2005-2006","ln_real_linked","6","-0.3000668874791063","0.1729819503857873","-0.620786571196538","0.020652796238325388","0.0699","0.1661692863593775","0.08279897828712768","4","4","6","10","onion;sweet_potato;garlic;red_pepper",
"price","Link window 2005-2006","ln_real_linked","7","-0.3605334464914804","0.23605288173320382","-0.7880500470100109","0.06698315402705013","0.1078","0.22373220696571822","0.12667602655454502","4","4","5","9","onion;sweet_potato;garlic;red_pepper",
"price","Link window 2005-2006","ln_real_linked","8","-0.1493785734543335","0.11989530554487372","-0.3684657055044781","0.06970855859581107","0.202","0.11324406643296107","0.21279801008339816","4","4","4","8","onion;sweet_potato;garlic;red_pepper",
"price","Link window 2005-2006","ln_real_linked","9","-0.25055035076466203","0.13576842602840927","-0.49697126565838334","-0.004129435870940751","0.0459","0.1274293083135856","0.06497584291252423","4","4","4","8","onion;sweet_potato;garlic;red_pepper",
"price","Link window 2010-2012","ln_real_linked","-12","-0.1882836572140575","0.17792100393728277","-0.5175699825370311","0.14100266810891615","0.2777","0.16999691559319788","0.2899446713830116","4","7","10","11","onion;sweet_potato;garlic;red_pepper",
"price","Link window 2010-2012","ln_real_linked","-11","-0.19409372375281841","0.144574538354184","-0.45692391509609787","0.06873646759046104","0.1703","0.1385472227338149","0.17942853805993808","4","7","10","11","onion;sweet_potato;garlic;red_pepper",
"price","Link window 2010-2012","ln_real_linked","-10","-0.1650478551911858","0.15471160618292204","-0.44994053801774947","0.11984482763537785","0.2858","0.14859823242246245","0.2860577395052166","4","7","10","11","onion;sweet_potato;garlic;red_pepper",
"price","Link window 2010-2012","ln_real_linked","-9","-0.0017610835844951434","0.15016462711235556","-0.27293427047980545","0.2694121033108151","0.9905","0.14311602900103007","0.9906428749577336","4","7","10","11","onion;sweet_potato;garlic;red_pepper",
"price","Link window 2010-2012","ln_real_linked","-8","-0.1502386629320147","0.15077026929630555","-0.42641423453021393","0.1259369086661845","0.3178","0.14351541913221988","0.3190198628100327","3","7","9","10","onion;sweet_potato;garlic",
"price","Link window 2010-2012","ln_real_linked","-7","-0.08869570769949187","0.09678230216188809","-0.2623847485942736","0.08499333319528984","0.3723","0.09220124719570479","0.35943326703300515","3","7","9","10","onion;sweet_potato;garlic",
"price","Link window 2010-2012","ln_real_linked","-6","0.04338561109339256","0.11202184494995071","-0.15553827504887036","0.24230949723565548","0.7229","0.10651062507955121","0.6985370955075003","3","7","9","10","onion;sweet_potato;garlic",
"price","Link window 2010-2012","ln_real_linked","-5","-0.2919723059617734","0.2398730037805167","-0.6858996729402862","0.10195506101673935","0.2491","0.227617582711264","0.2235298971255586","2","7","9","10","onion;garlic",
"price","Link window 2010-2012","ln_real_linked","0","-0.1716853559231775","0.09804586444789608","-0.35472678093365934","0.011356069087304355","0.066","0.09374764065619656","0.07993352972056877","4","7","7","11","onion;sweet_potato;garlic;red_pepper",
"price","Link window 2010-2012","ln_real_linked","1","-0.1965880117299262","0.10213669239703209","-0.3858377207364421","-0.007338302723410295","0.0402","0.09718993328109872","0.054260135796092346","4","7","7","11","onion;sweet_potato;garlic;red_pepper",
"price","Link window 2010-2012","ln_real_linked","2","0.011343908879365705","0.09984047907536725","-0.17402245734578745","0.19671027510451886","0.9115","0.09617336175312537","0.909538765152285","4","6","7","11","onion;sweet_potato;garlic;red_pepper",
"price","Link window 2010-2012","ln_real_linked","3","0.13032978985945298","0.13993326841961032","-0.12853180373072215","0.3891913834496281","0.3549","0.1344145130769543","0.3516616802522101","4","6","7","11","onion;sweet_potato;garlic;red_pepper",
"price","Link window 2010-2012","ln_real_linked","4","0.04445324408315457","0.12080281860943783","-0.17891260202633735","0.2678190901926465","0.7169","0.11596906825774876","0.7128867713892504","4","5","7","11","onion;sweet_potato;garlic;red_pepper",
"price","Link window 2010-2012","ln_real_linked","5","0.0620554940375343","0.13174356249596325","-0.1788971857189051","0.3030081737939737","0.6272","0.1245160955174854","0.6376175565153708","4","4","6","10","onion;sweet_potato;garlic;red_pepper",
"price","Link window 2010-2012","ln_real_linked","6","-0.3000668874791063","0.17251827737985212","-0.6185547694902234","0.01842099453201068","0.0667","0.16429039068152024","0.08197604843195427","4","4","6","10","onion;sweet_potato;garlic;red_pepper",
"price","Link window 2010-2012","ln_real_linked","7","-0.3605334464914804","0.2356626400223726","-0.7901774446376137","0.06911055165465291","0.1093","0.22346064143698707","0.12604865474993487","4","4","5","9","onion;sweet_potato;garlic;red_pepper",
"price","Link window 2010-2012","ln_real_linked","8","-0.1493785734543335","0.11982896237138663","-0.3703352045390923","0.07157805763042527","0.1955","0.11273289132290244","0.21254484782113958","4","4","4","8","onion;sweet_potato;garlic;red_pepper",
"price","Link window 2010-2012","ln_real_linked","9","-0.25055035076466203","0.1357598261673009","-0.497557333922417","-0.003543367606907044","0.0459","0.12708004747698204","0.06495885285042613","4","4","4","8","onion;sweet_potato;garlic;red_pepper",
"price","Leave out Onion","ln_real_linked","-12","-0.3254140356425822","0.21121810807173974","-0.7034727744916612","0.052644703206496835","0.1026","0.1986236839792556","0.12340100337714688","3","7","9","10","sweet_potato;garlic;red_pepper",
"price","Leave out Onion","ln_real_linked","-11","-0.27187707364012004","0.1915842720812802","-0.609578370662702","0.06582422338246191","0.132","0.18012727532858347","0.155870117848802","3","7","9","10","sweet_potato;garlic;red_pepper",
"price","Leave out Onion","ln_real_linked","-10","-0.2117464227479354","0.1792139358746834","-0.5365021765543249","0.11300933105845404","0.2222","0.16834114745018253","0.23739272792155797","3","7","9","10","sweet_potato;garlic;red_pepper",
"price","Leave out Onion","ln_real_linked","-9","-0.137230625735986","0.13110597326334278","-0.3723977076436522","0.09793645617168026","0.2846","0.1239783423972475","0.29523091347627606","3","7","9","10","sweet_potato;garlic;red_pepper",
"price","Leave out Onion","ln_real_linked","-8","-0.2988523561548825","0.21828693131120913","-0.6728779993538745","0.07517328704410953","0.1706","0.20512240389538983","0.170974148692427","2","7","8","9","sweet_potato;garlic",
"price","Leave out Onion","ln_real_linked","-7","-0.06586296723716176","0.12028232352071806","-0.2696360148921613","0.1379100804178378","0.6314","0.11281019058211236","0.5839873341107709","2","7","8","9","sweet_potato;garlic",
"price","Leave out Onion","ln_real_linked","-6","-0.0716498087307462","0.1180094553379321","-0.281454276838528","0.1381546593770356","0.5443","0.11018821584825934","0.5437493018499877","2","7","8","9","sweet_potato;garlic",
"price","Leave out Onion","ln_real_linked","-5","-0.16276585756178208","0.24494273851883963","-0.5620265141276891","0.23649479900412496","0.592","0.2297569098555597","0.5063666715686881","1","7","7","8","garlic",
"price","Leave out Onion","ln_real_linked","0","-0.16163619404918356","0.12362727082186413","-0.3898914638664227","0.06661907576805562","0.1813","0.11821125275540267","0.19106069759083222","3","7","7","10","sweet_potato;garlic;red_pepper",
"price","Leave out Onion","ln_real_linked","1","-0.22846256348846522","0.10061566603955262","-0.41470750953342206","-0.04221761744350838","0.013","0.0954355111825799","0.023168414096266243","3","7","7","10","sweet_potato;garlic;red_pepper",
"price","Leave out Onion","ln_real_linked","2","0.07953726129692737","0.0810982413149163","-0.06958902668958578","0.22866354928344051","0.322","0.07733660989162813","0.3267150604660978","3","6","7","10","sweet_potato;garlic;red_pepper",
"price","Leave out Onion","ln_real_linked","3","0.128162718093172","0.1640303717875527","-0.16943044497355234","0.4257558811598964","0.4369","0.15611265166949936","0.43460531949626624","3","6","7","10","sweet_potato;garlic;red_pepper",
"price","Leave out Onion","ln_real_linked","4","0.045344659574295704","0.14610837534509635","-0.21803377547814282","0.3087230946267342","0.7508","0.13662826324793328","0.756295201174954","3","5","6","9","sweet_potato;garlic;red_pepper",
"price","Leave out Onion","ln_real_linked","5","-0.0014186544493601516","0.13648878947279905","-0.25028574191559894","0.24744843301687866","0.9903","0.12826648934302262","0.9917069958199705","3","4","6","9","sweet_potato;garlic;red_pepper",
"price","Leave out Onion","ln_real_linked","6","-0.28003909205945016","0.20307898313367678","-0.6490095219331334","0.08893133781423312","0.1528","0.19188894042237867","0.16790511712755007","3","4","5","8","sweet_potato;garlic;red_pepper",
"price","Leave out Onion","ln_real_linked","7","-0.19341301443276615","0.1869177011645923","-0.5249884135991517","0.13816238473361941","0.2968","0.17482566536923683","0.3007858709415776","3","4","4","7","sweet_potato;garlic;red_pepper",
"price","Leave out Onion","ln_real_linked","8","-0.09003286213679684","0.11261228756848497","-0.2917955015208151","0.11172977724722147","0.4191","0.1051972641294831","0.42400395280976855","3","4","4","7","sweet_potato;garlic;red_pepper",
"price","Leave out Onion","ln_real_linked","9","-0.20699371859151772","0.16203350691380974","-0.4884546054919502","0.07446716830891476","0.1844","0.15040777743382305","0.20143467872476783","3","4","4","7","sweet_potato;garlic;red_pepper",
"price","Leave out Sweet potato","ln_real_linked","-12","-0.11398548413025514","0.19073026959278364","-0.4620564523628379","0.23408548410232763","0.5404","0.1806528443655006","0.5500891057451793","3","7","9","10","onion;garlic;red_pepper",
"price","Leave out Sweet potato","ln_real_linked","-11","-0.11549869638699217","0.12511555455401155","-0.3439767813168193","0.11297938854283499","0.3433","0.11813323452433536","0.35593623681035047","3","7","9","10","onion;garlic;red_pepper",
"price","Leave out Sweet potato","ln_real_linked","-10","-0.14459745353439515","0.1627231166854091","-0.4335267681222347","0.1443318610534444","0.3913","0.1541159691499117","0.3742125007199606","3","7","9","10","onion;garlic;red_pepper",
"price","Leave out Sweet potato","ln_real_linked","-9","0.09076766941380987","0.17166557453535308","-0.2129669557192384","0.39450229454685815","0.6233","0.162764973360842","0.596980920406414","3","7","9","10","onion;garlic;red_pepper",
"price","Leave out Sweet potato","ln_real_linked","-8","-0.07073436880347053","0.14869973310110418","-0.3296202288660467","0.1881514912591056","0.6642","0.14065865292798518","0.6342981559473286","2","7","8","9","onion;garlic",
"price","Leave out Sweet potato","ln_real_linked","-7","-0.13953289489731038","0.12187004281259066","-0.3578306893123441","0.07876489951772334","0.2549","0.11500170244390265","0.2522373846119135","2","7","8","9","onion;garlic",
"price","Leave out Sweet potato","ln_real_linked","-6","0.06124807837055041","0.12948590471609117","-0.16436089381626637","0.2868570505573672","0.6502","0.12165047052032624","0.6362063170761227","2","7","8","9","onion;garlic",
"price","Leave out Sweet potato","ln_real_linked","-5","-0.2941760239275865","0.2331934379542215","-0.6643039148130768","0.07595186695790379","0.1905","0.21898774412456942","0.20712489689540958","2","7","8","9","onion;garlic",
"price","Leave out Sweet potato","ln_real_linked","0","-0.1731748835701285","0.10399042378353106","-0.3630605244597486","0.01671075731949162","0.0789","0.09864021905374122","0.09585362642576611","3","7","7","10","onion;garlic;red_pepper",
"price","Leave out Sweet potato","ln_real_linked","1","-0.2265939159181511","0.10118716251307833","-0.4114540557791584","-0.04173377605714379","0.0136","0.09664095409928232","0.025132866963290645","3","7","7","10","onion;garlic;red_pepper",
"price","Leave out Sweet potato","ln_real_linked","2","0.015164912118621837","0.1088518613933722","-0.1762934257922488","0.20662325002949247","0.9033","0.10312251723306712","0.8891996760993228","3","6","7","10","onion;garlic;red_pepper",
"price","Leave out Sweet potato","ln_real_linked","3","0.22937481869670648","0.13102317722351658","-0.012628898541533123","0.47137853593494605","0.0637","0.12444043917958761","0.08000740949112406","3","6","7","10","onion;garlic;red_pepper",
"price","Leave out Sweet potato","ln_real_linked","4","0.09893781976259891","0.15563547581865916","-0.18200902900596555","0.37988466853116337","0.5303","0.1476658226579546","0.52497051964789","3","5","7","10","onion;garlic;red_pepper",
"price","Leave out Sweet potato","ln_real_linked","5","0.05005869570620916","0.1514820167119575","-0.22561001902893138","0.3257274104413497","0.7414","0.14330515167905172","0.741052668916004","3","4","6","9","onion;garlic;red_pepper",
"price","Leave out Sweet potato","ln_real_linked","6","-0.28605475639531924","0.1672654973445637","-0.5879708245827977","0.01586131179215927","0.0652","0.15748058442551396","0.08723187655489228","3","4","6","9","onion;garlic;red_pepper",
"price","Leave out Sweet potato","ln_real_linked","7","-0.45294735704499445","0.25455430416654184","-0.9003213534915095","-0.005573360598479404","0.0466","0.23807940474515968","0.07517843615739128","3","4","5","8","onion;garlic;red_pepper",
"price","Leave out Sweet potato","ln_real_linked","8","-0.14245882006480187","0.14691917816917974","-0.40459986805160336","0.11968222792199962","0.3094","0.13517854523385844","0.3322256003346191","3","4","4","7","onion;garlic;red_pepper",
"price","Leave out Sweet potato","ln_real_linked","9","-0.1437450702802363","0.14143840905833185","-0.3937589159576808","0.10626877539720819","0.2925","0.13110556122035913","0.3094824586552667","3","4","4","7","onion;garlic;red_pepper",
"price","Leave out Garlic","ln_real_linked","-12","-0.16579689599233838","0.2096918692814338","-0.5497148364243738","0.2181210444396971","0.4197","0.19887717403914282","0.42913707198790174","3","8","9","10","onion;sweet_potato;red_pepper",
"price","Leave out Garlic","ln_real_linked","-11","-0.18661157589633223","0.16405940927601653","-0.4773396745036036","0.10411652271093916","0.2511","0.1551355175396322","0.25534461035124156","3","8","9","10","onion;sweet_potato;red_pepper",
"price","Leave out Garlic","ln_real_linked","-10","-0.10901501879380396","0.11573791510727897","-0.321024846270453","0.10299480868284508","0.3365","0.10904830137621636","0.34623730787568263","3","8","9","10","onion;sweet_potato;red_pepper",
"price","Leave out Garlic","ln_real_linked","-9","0.05515938719717825","0.17328216096344434","-0.24755753264041827","0.3578763070347748","0.7665","0.16341901319196156","0.7502412969562899","3","8","9","10","onion;sweet_potato;red_pepper",
"price","Leave out Garlic","ln_real_linked","-8","-0.09752609581407012","0.18449491611711857","-0.4187569910432545","0.22370479941511423","0.615","0.1733857265017794","0.597075125984974","2","8","8","9","onion;sweet_potato",
"price","Leave out Garlic","ln_real_linked","-7","-0.06966367481357513","0.09924260234100903","-0.24723320310333127","0.10790585347618101","0.4758","0.09280233486423568","0.48270827124542715","2","8","8","9","onion;sweet_potato",
"price","Leave out Garlic","ln_real_linked","-6","0.12480388765145789","0.14367463472911635","-0.09483343636452984","0.3444412116674456","0.47","0.134440550811467","0.38503510839640986","2","8","8","9","onion;sweet_potato",
"price","Leave out Garlic","ln_real_linked","-5","-0.4141601351141486","0.39693479926087494","-0.9235775546722506","0.09525728444395332","0.319","0.3741320896580772","0.2967649798151899","1","8","8","9","onion",
"price","Leave out Garlic","ln_real_linked","0","-0.11965228390916693","0.11283607560201926","-0.3262851393792263","0.08698057156089248","0.2804","0.10703839707233637","0.2889589974354694","3","7","7","10","onion;sweet_potato;red_pepper",
"price","Leave out Garlic","ln_real_linked","1","-0.17764017746321614","0.13357723609032376","-0.4289052387579725","0.0736248838315402","0.1701","0.1279940108017567","0.18356155508293792","3","7","7","10","onion;sweet_potato;red_pepper",
"price","Leave out Garlic","ln_real_linked","2","-0.020434511809810957","0.12267819556538873","-0.2462148011131682","0.2053457774935463","0.8595","0.11559087816664249","0.8677083697777324","3","6","7","10","onion;sweet_potato;red_pepper",
"price","Leave out Garlic","ln_real_linked","3","0.030408959461614177","0.15301687653899745","-0.24743733917696245","0.30825525810019083","0.8466","0.14522713642966714","0.8424743870035925","3","6","7","10","onion;sweet_potato;red_pepper",
"price","Leave out Garlic","ln_real_linked","4","-0.05696575163904011","0.13771476318322465","-0.3108101902341778","0.19687868695609756","0.6791","0.1318832226169362","0.6791302378517552","3","5","7","10","onion;sweet_potato;red_pepper",
"price","Leave out Garlic","ln_real_linked","5","0.06818664809013297","0.16122116777637893","-0.23256191274312998","0.36893520892339593","0.6615","0.1538517315606703","0.6723400904384258","3","4","6","9","onion;sweet_potato;red_pepper",
"price","Leave out Garlic","ln_real_linked","6","-0.2684113323016411","0.16896538254515225","-0.5725718191082387","0.03574915450495647","0.0909","0.15764793419366974","0.11216018716524667","3","4","6","9","onion;sweet_potato;red_pepper",
"price","Leave out Garlic","ln_real_linked","7","-0.3491978092157918","0.29562511645086204","-0.8713947072415164","0.17299908880993276","0.2152","0.2721415244783996","0.23751599752856545","3","4","5","8","onion;sweet_potato;red_pepper",
"price","Leave out Garlic","ln_real_linked","8","-0.18769237991170284","0.1704766869543736","-0.48626840988833264","0.11088365006492695","0.2463","0.15620222850277554","0.27090291822486834","3","4","4","7","onion;sweet_potato;red_pepper",
"price","Leave out Garlic","ln_real_linked","9","-0.3799629623339576","0.13648722275781391","-0.6233550247596774","-0.1365708999082378","0.0001","0.12642291151090834","0.0053714221728544675","3","4","4","7","onion;sweet_potato;red_pepper",
"price","Leave out Red pepper","ln_real_linked","-12","-0.14634523090564075","0.2188532925166647","-0.5446523998271741","0.2519619380158926","0.5025","0.20645559470685232","0.5036925984984733","3","7","9","10","onion;sweet_potato;garlic",
"price","Leave out Red pepper","ln_real_linked","-11","-0.201874975396758","0.1950250677847177","-0.547547254990132","0.14379730419661604","0.3013","0.18422404230824727","0.30061137164490903","3","7","9","10","onion;sweet_potato;garlic",
"price","Leave out Red pepper","ln_real_linked","-10","-0.20270589406671227","0.22486452900559464","-0.6117039940135122","0.2062922058800876","0.3576","0.21173654035531672","0.3673449368204178","3","7","9","10","onion;sweet_potato;garlic",
"price","Leave out Red pepper","ln_real_linked","-9","-0.003725228437471806","0.21574010682300707","-0.39185435331313523","0.3844038964381916","0.9871","0.2032431872813251","0.9862234491105748","3","7","9","10","onion;sweet_potato;garlic",
"price","Leave out Red pepper","ln_real_linked","-8","-0.14633344534490103","0.14991967748479781","-0.41783615083274384","0.12516926014294175","0.3246","0.14140715228295753","0.3290253287759015","3","7","9","10","onion;sweet_potato;garlic",
"price","Leave out Red pepper","ln_real_linked","-7","-0.08869570769949187","0.09546110133070708","-0.2597176181933056","0.08232620279432185","0.3579","0.08981335360886734","0.3528220737585297","3","7","9","10","onion;sweet_potato;garlic",
"price","Leave out Red pepper","ln_real_linked","-6","0.04338561109339256","0.11308341153447508","-0.15543958386576892","0.24221080605255405","0.732","0.10728537916213114","0.7012302703562308","3","7","9","10","onion;sweet_potato;garlic",
"price","Leave out Red pepper","ln_real_linked","-5","-0.2919723059617734","0.23791112263440536","-0.6804204200462621","0.09647580812271528","0.2412","0.22508845461565216","0.21973514771129188","2","7","9","10","onion;garlic",
"price","Leave out Red pepper","ln_real_linked","0","-0.23227806216423155","0.0849109151515646","-0.38940616388922356","-0.07514996043923955","0.0012","0.08081981393484419","0.00622761061489685","3","7","7","10","onion;sweet_potato;garlic",
"price","Leave out Red pepper","ln_real_linked","1","-0.1536553900498722","0.09269594290839178","-0.3260664725306714","0.018755692430927007","0.0841","0.08901884812063039","0.09739257538178236","3","7","7","10","onion;sweet_potato;garlic",
"price","Leave out Red pepper","ln_real_linked","2","-0.028892026088275596","0.1265509778475701","-0.25913645529000884","0.20135240311345765","0.8107","0.11912171214037419","0.8194103350210944","3","7","7","10","onion;sweet_potato;garlic",
"price","Leave out Red pepper","ln_real_linked","3","0.13337266318631916","0.16276546314508666","-0.15980625074736807","0.42655157712000635","0.4194","0.15475074675784697","0.41254897465730656","3","7","7","10","onion;sweet_potato;garlic",
"price","Leave out Red pepper","ln_real_linked","4","0.090496248634763","0.11021629708336182","-0.10818168065841335","0.2891741779279393","0.4247","0.10560967251545181","0.4116014690915062","3","6","7","10","onion;sweet_potato;garlic",
"price","Leave out Red pepper","ln_real_linked","5","0.1313952868031554","0.1116992255094698","-0.07294837518131708","0.3357389487876279","0.2264","0.10576493575241336","0.23946254265255762","3","6","6","9","onion;sweet_potato;garlic",
"price","Leave out Red pepper","ln_real_linked","6","-0.3657623691600157","0.18888074492935542","-0.7133030280205044","-0.01822171029952696","0.0354","0.17811386643320828","0.05280985693786722","3","5","6","9","onion;sweet_potato;garlic",
"price","Leave out Red pepper","ln_real_linked","7","-0.4465756052723697","0.2761013722525511","-0.944325540001459","0.051174329456719514","0.0803","0.2555992693083312","0.10578474220157874","3","4","5","8","onion;sweet_potato;garlic",
"price","Leave out Red pepper","ln_real_linked","8","-0.17733023170403267","0.10295575251919273","-0.364907267209018","0.010246803800952692","0.0717","0.09606586392670713","0.08499841372855332","3","4","4","7","onion;sweet_potato;garlic",
"price","Leave out Red pepper","ln_real_linked","9","-0.2714996518529357","0.17090381837964208","-0.5822167707518757","0.03921746704600443","0.0952","0.15988886249890252","0.11214828811105937","3","4","4","7","onion;sweet_potato;garlic",
