id,province,name,components,merged,year,cohort,rice,farmland,paddy,treated,y_rice,y_share,y_paddyuse,complete
CB_단양군,CB,단양군,단양군,False,2000,2012,948.0,6518.0,1078.0,0,6.854354502255021,-1.9279683571424853,-0.12850824921392068,True
CB_단양군,CB,단양군,단양군,False,2001,2012,928.0,6443.0,1064.0,0,6.833031732786201,-1.9377178163524418,-0.13675893711538922,True
CB_단양군,CB,단양군,단양군,False,2002,2012,879.0,6400.0,1053.0,0,6.778784897685177,-1.9852683716625856,-0.18061361444879864,True
CB_단양군,CB,단양군,단양군,False,2003,2012,776.0,6346.0,1001.0,0,6.654152520183219,-2.101427451959921,-0.2546022591320014,True
CB_단양군,CB,단양군,단양군,False,2004,2012,692.0,6242.0,901.0,0,6.539585955617669,-2.199469967213055,-0.2639193019906685,True
CB_단양군,CB,단양군,단양군,False,2005,2012,653.0,6208.0,865.0,0,6.481577129276431,-2.252016932586624,-0.28115237765544787,True
CB_단양군,CB,단양군,단양군,False,2006,2012,638.0,6158.0,813.0,0,6.45833828334479,-2.2671690451396556,-0.24239282620302038,True
CB_단양군,CB,단양군,단양군,False,2007,2012,549.0,6059.0,668.0,0,6.3080984415095305,-2.4012016074354587,-0.19618973202711487,True
CB_단양군,CB,단양군,단양군,False,2008,2012,576.0,5986.0,620.0,0,6.3561076606958915,-2.341071027716752,-0.07361181734324607,True
CB_단양군,CB,단양군,단양군,False,2009,2012,541.0,5857.0,570.0,0,6.293419278846481,-2.381973527243301,-0.052217081982115054,True
CB_단양군,CB,단양군,단양군,False,2010,2012,410.0,5652.0,535.0,0,6.016157159698354,-2.6236075841060646,-0.26610958719765243,True
CB_단양군,CB,단양군,단양군,False,2011,2012,361.0,5533.0,450.0,0,5.8888779583328805,-2.7296074845652285,-0.220369624431485,True
CB_보은군,CB,보은군,보은군,False,2000,2012,5671.0,10865.0,6040.0,0,8.643120748014027,-0.6501811446765036,-0.06303854291483368,True
CB_보은군,CB,보은군,보은군,False,2001,2012,5663.0,10725.0,6017.0,0,8.641709066113805,-0.6386236776824123,-0.06063500910654618,True
CB_보은군,CB,보은군,보은군,False,2002,2012,5577.0,10598.0,5885.0,0,8.626406276389554,-0.6420143066631532,-0.0537557433048228,True
CB_보은군,CB,보은군,보은군,False,2003,2012,5497.0,10460.0,5878.0,0,8.61195776786066,-0.6433559697582538,-0.06701407911820212,True
CB_보은군,CB,보은군,보은군,False,2004,2012,5546.0,10405.0,5939.0,0,8.620832226175724,-0.629209512652011,-0.06846382184013677,True
CB_보은군,CB,보은군,보은군,False,2005,2012,5465.0,10377.0,5921.0,0,8.60611940061064,-0.6412276969946387,-0.08014123192113587,True
CB_보은군,CB,보은군,보은군,False,2006,2012,5306.0,10301.0,5850.0,0,8.576593534697684,-0.6634027221860084,-0.09760340552821845,True
CB_보은군,CB,보은군,보은군,False,2007,2012,5423.0,10204.0,5714.0,0,8.59840444684106,-0.6321306324206422,-0.05227013594965868,True
CB_보은군,CB,보은군,보은군,False,2008,2012,4949.0,10118.0,5676.0,0,8.506940814951886,-0.7151304798999956,-0.13706122332804682,True
CB_보은군,CB,보은군,보은군,False,2009,2012,5147.0,9818.0,5537.0,0,8.546169299652755,-0.6458034149652434,-0.07303881717021277,True
CB_보은군,CB,보은군,보은군,False,2010,2012,5118.0,9769.0,5395.0,0,8.540519016719735,-0.6464503689332073,-0.052708860972499494,True
CB_보은군,CB,보은군,보은군,False,2011,2012,4705.0,9721.0,5164.0,0,8.45638105201948,-0.7256627208015889,-0.09308569994705174,True
CB_영동군,CB,영동군,영동군,False,2000,2012,3023.0,10794.0,3472.0,0,8.014004994779459,-1.2727407083991302,-0.13848108100078171,True
CB_영동군,CB,영동군,영동군,False,2001,2012,3110.0,10739.0,3442.0,0,8.04237800517328,-1.2392592486849363,-0.1014299715982041,True
CB_영동군,CB,영동군,영동군,False,2002,2012,2995.0,10626.0,3485.0,0,8.00469951054955,-1.2663595964613386,-0.15152381264507397,True
CB_영동군,CB,영동군,영동군,False,2003,2012,2613.0,10474.0,3343.0,0,7.868254265520613,-1.3883970093188198,-0.24636962089948522,True
CB_영동군,CB,영동군,영동군,False,2004,2012,2580.0,10347.0,3190.0,0,7.855544677915663,-1.3889072236892872,-0.21223151786322703,True
CB_영동군,CB,영동군,영동군,False,2005,2012,2402.0,10289.0,3133.0,0,7.784057002639929,-1.4547736397358806,-0.26568928831226213,True
CB_영동군,CB,영동군,영동군,False,2006,2012,2386.0,10106.0,2799.0,0,7.777373602657861,-1.4435109831939927,-0.15964388685759268,True
CB_영동군,CB,영동군,영동군,False,2007,2012,2334.0,9993.0,2760.0,0,7.755338812846501,-1.4543013140152876,-0.1676471458646942,True
CB_영동군,CB,영동군,영동군,False,2008,2012,2225.0,9819.0,2523.0,0,7.707512194600341,-1.48456236856895,-0.12569175404071675,True
CB_영동군,CB,영동군,영동군,False,2009,2012,1952.0,9669.0,2434.0,0,7.5766097669730375,-1.6000704035105109,-0.22068150657443475,True
CB_영동군,CB,영동군,영동군,False,2010,2012,1671.0,9520.0,1945.0,0,7.421177528595393,-1.7399725991900183,-0.15183972745715302,True
CB_영동군,CB,영동군,영동군,False,2011,2012,1468.0,9462.0,1771.0,0,7.291656209174461,-1.8633828470166325,-0.18764342860837324,True
CB_옥천군,CB,옥천군,옥천군,False,2000,2012,3602.0,9835.0,4008.0,0,8.189244525735901,-1.0044582050872588,-0.10680311702879841,True
CB_옥천군,CB,옥천군,옥천군,False,2001,2012,3604.0,9694.0,3959.0,0,8.189799618728228,-0.989462797677092,-0.09394712837790209,True
CB_옥천군,CB,옥천군,옥천군,False,2002,2012,3538.0,9536.0,3848.0,0,8.17131687471973,-0.9915125145854002,-0.08399193706586594,True
CB_옥천군,CB,옥천군,옥천군,False,2003,2012,3314.0,9478.0,3749.0,0,8.105911197986508,-1.050817404541025,-0.12333321874940495,True
CB_옥천군,CB,옥천군,옥천군,False,2004,2012,3174.0,9376.0,3684.0,0,8.062747901086354,-1.08316061073044,-0.14900649628884288,True
CB_옥천군,CB,옥천군,옥천군,False,2005,2012,3014.0,9331.0,3660.0,0,8.01102337918644,-1.1300740900475823,-0.19419504720897152,True
CB_옥천군,CB,옥천군,옥천군,False,2006,2012,2651.0,9156.0,3353.0,0,7.8826922062890254,-1.2394724747834314,-0.23491854017720293,True
CB_옥천군,CB,옥천군,옥천군,False,2007,2012,2622.0,8994.0,3256.0,0,7.871692664323645,-1.2326203030070078,-0.21656206279878543,True
CB_옥천군,CB,옥천군,옥천군,False,2008,2012,2635.0,8724.0,3094.0,0,7.876638460975463,-1.1971946663460562,-0.16058157015754926,True
CB_옥천군,CB,옥천군,옥천군,False,2009,2012,2638.0,8115.0,2904.0,0,7.87777633327726,-1.1236931466714308,-0.09606804266742675,True
CB_옥천군,CB,옥천군,옥천군,False,2010,2012,2542.0,8045.0,2762.0,0,7.8407064517494,-1.1520996076770835,-0.08300388221983823,True
CB_옥천군,CB,옥천군,옥천군,False,2011,2012,2369.0,7956.0,2717.0,0,7.7702232041587855,-1.2114584358150768,-0.13706040526756258,True
CB_음성군,CB,음성군,음성군,False,2000,2012,7386.0,15482.0,8061.0,0,8.90734159541251,-0.7400917423521491,-0.0874513018710914,True
CB_음성군,CB,음성군,음성군,False,2001,2012,7362.0,15354.0,8075.0,0,8.904086913938967,-0.7350443914488771,-0.09244123415188987,True
CB_음성군,CB,음성군,음성군,False,2002,2012,7311.0,15181.0,8058.0,0,8.897135342293316,-0.7306645826393989,-0.09728532345797625,True
CB_음성군,CB,음성군,음성군,False,2003,2012,7104.0,14961.0,7962.0,0,8.868413284672005,-0.7447888095422268,-0.11402221888825714,True
CB_음성군,CB,음성군,음성군,False,2004,2012,6982.0,14711.0,7661.0,0,8.851090687664982,-0.7452601045852294,-0.09280711485183879,True
CB_음성군,CB,음성군,음성군,False,2005,2012,6498.0,14526.0,7283.0,0,8.779249716229046,-0.8044457099370668,-0.1140484279888696,True
CB_음성군,CB,음성군,음성군,False,2006,2012,6251.0,14336.0,7153.0,0,8.740496729931813,-0.830032405282898,-0.13479039817657146,True
CB_음성군,CB,음성군,음성군,False,2007,2012,6172.0,14206.0,7075.0,0,8.72777821348305,-0.8336414760747051,-0.1365445090283881,True
CB_음성군,CB,음성군,음성군,False,2008,2012,5987.0,13958.0,6947.0,0,8.697345730925353,-0.8464623686517445,-0.14871945976752876,True
CB_음성군,CB,음성군,음성군,False,2009,2012,5802.0,13878.0,6601.0,0,8.665957964681349,-0.872102166778145,-0.12901846700742148,True
CB_음성군,CB,음성군,음성군,False,2010,2012,5813.0,13414.0,6168.0,0,8.66785206770135,-0.836202148958332,-0.05927784754181609,True
CB_음성군,CB,음성군,음성군,False,2011,2012,5481.0,13258.0,5823.0,0,8.609042845046117,-0.883313577755219,-0.06052802679100289,True
CB_제천시,CB,제천시,제천시,False,2000,2012,3213.0,11918.0,3616.0,0,8.074960359115858,-1.310844782191067,-0.11816336239620995,True
CB_제천시,CB,제천시,제천시,False,2001,2012,3198.0,11844.0,3566.0,0,8.0702808933939,-1.3092957958275822,-0.10891890502918677,True
CB_제천시,CB,제천시,제천시,False,2002,2012,3166.0,11745.0,3543.0,0,8.060224240440958,-1.3109586566520548,-0.11250486442451368,True
CB_제천시,CB,제천시,제천시,False,2003,2012,3020.0,11658.0,3491.0,0,8.013012110368916,-1.3507358082365801,-0.144931396736121,True
CB_제천시,CB,제천시,제천시,False,2004,2012,2904.0,11559.0,3449.0,0,7.973844375944687,-1.38137525734958,-0.1719952369921547,True
CB_제천시,CB,제천시,제천시,False,2005,2012,2873.0,11529.0,3418.0,0,7.96311205897929,-1.3895088202536634,-0.17369880469624732,True
CB_제천시,CB,제천시,제천시,False,2006,2012,2911.0,11411.0,3268.0,0,7.976251943745623,-1.366081137689056,-0.11568151223426959,True
CB_제천시,CB,제천시,제천시,False,2007,2012,2902.0,11290.0,3183.0,0,7.973155433444133,-1.3585172236995744,-0.09242399383795874,True
CB_제천시,CB,제천시,제천시,False,2008,2012,2761.0,11098.0,3108.0,0,7.923348211930154,-1.3911719789556916,-0.11838649955738312,True
CB_제천시,CB,제천시,제천시,False,2009,2012,2733.0,10764.0,2921.0,0,7.913155185928068,-1.3708073259187286,-0.06652611645967266,True
CB_제천시,CB,제천시,제천시,False,2010,2012,2595.0,10588.0,2863.0,0,7.861341795599989,-1.4061347677470035,-0.09828350949812581,True
CB_제천시,CB,제천시,제천시,False,2011,2012,2616.0,10501.0,2765.0,0,7.86940171257709,-1.3898240571289042,-0.05539420137934581,True
CB_진천군,CB,진천군,진천군,False,2000,2009,6548.0,10194.0,6982.0,1,8.786914938491025,-0.4426396524089622,-0.06417574917395719,True
CB_진천군,CB,진천군,진천군,False,2001,2009,6576.0,10145.0,6979.0,1,8.791181936736017,-0.43355431552389767,-0.05947898228113502,True
CB_진천군,CB,진천군,진천군,False,2002,2009,6513.0,9998.0,6936.0,1,8.781555458546402,-0.42858489342711437,-0.0629250599139759,True
CB_진천군,CB,진천군,진천군,False,2003,2009,6262.0,9667.0,6733.0,1,8.742254901886351,-0.43421840057825456,-0.07252118665893015,True
CB_진천군,CB,진천군,진천군,False,2004,2009,6290.0,9604.0,6662.0,1,8.746716349694486,-0.42321860764665864,-0.05745866905913921,True
CB_진천군,CB,진천군,진천군,False,2005,2009,6075.0,9497.0,6569.0,1,8.711937268208748,-0.4467939700342036,-0.07817962468372386,True
CB_진천군,CB,진천군,진천군,False,2006,2009,5878.0,9403.0,6328.0,1,8.678971846978863,-0.4698122192982144,-0.07376766246862765,True
CB_진천군,CB,진천군,진천군,False,2007,2009,5788.0,9365.0,6246.0,1,8.663542087751374,-0.48119252712681515,-0.07615445009165,True
CB_진천군,CB,진천군,진천군,False,2008,2009,5380.0,9213.0,5885.0,1,8.59044365315583,-0.5379271559531009,-0.08971836653854659,True
CB_진천군,CB,진천군,진천군,False,2009,2009,5347.0,8763.0,5705.0,1,8.584290934948731,-0.4940026561071189,-0.06480732734744521,True
CB_진천군,CB,진천군,진천군,False,2010,2009,5268.0,8686.0,5648.0,1,8.569406062863171,-0.5000617502315965,-0.06965071630990671,True
CB_진천군,CB,진천군,진천군,False,2011,2009,5139.0,8713.0,5619.0,1,8.54461378699223,-0.5279576552390566,-0.08929520411996883,True
CB_청원군,CB,청원군,청원군,False,2000,2009,11886.0,20809.0,12712.0,1,9.383116515926606,-0.5600243484861736,-0.06718519228994602,True
CB_청원군,CB,청원군,청원군,False,2001,2009,11968.0,20647.0,12584.0,1,9.389991700214258,-0.5453336091706209,-0.050189744523855495,True
CB_청원군,CB,청원군,청원군,False,2002,2009,11629.0,20477.0,12536.0,1,9.361257257293044,-0.5658003267555163,-0.07510252674281226,True
CB_청원군,CB,청원군,청원군,False,2003,2009,11471.0,20285.0,12556.0,1,9.347577390281268,-0.5700595853592798,-0.09037652768057569,True
CB_청원군,CB,청원군,청원군,False,2004,2009,10953.0,19871.0,12328.0,1,9.301368670323747,-0.5956479910820693,-0.11825970667620567,True
CB_청원군,CB,청원군,청원군,False,2005,2009,10845.0,19645.0,12091.0,1,9.291459423260974,-0.5941187087315853,-0.10875722991327308,True
CB_청원군,CB,청원군,청원군,False,2006,2009,11177.0,18986.0,11878.0,1,9.321613374385612,-0.5298437700561323,-0.060829854190194155,True
CB_청원군,CB,청원군,청원군,False,2007,2009,10903.0,18530.0,11661.0,1,9.296793259706382,-0.5303530595730237,-0.06721195981395134,True
CB_청원군,CB,청원군,청원군,False,2008,2009,10741.0,18226.0,11339.0,1,9.281823473598047,-0.5287809514580246,-0.05417991637379238,True
CB_청원군,CB,청원군,청원군,False,2009,2009,10609.0,17993.0,11202.0,1,9.269457976459272,-0.5282800958932476,-0.054389636310505196,True
CB_청원군,CB,청원군,청원군,False,2010,2009,10384.0,17696.0,10911.0,1,9.248021438943871,-0.53307246537819,-0.049505294711227776,True
CB_청원군,CB,청원군,청원군,False,2011,2009,9838.0,17512.0,10571.0,1,9.194007717355285,-0.5766339218474137,-0.07186196441337778,True
CB_청주시,CB,청주시,청주시,False,2000,2012,3007.0,4563.0,3248.0,0,8.008698182988528,-0.4170373979388735,-0.07709651829303965,True
CB_청주시,CB,청주시,청주시,False,2001,2012,3016.0,4541.0,3119.0,0,8.011686729127847,-0.4092158019701042,-0.03358098747995619,True
CB_청주시,CB,청주시,청주시,False,2002,2012,2919.0,4504.0,3103.0,0,7.978996370854115,-0.43372479896541183,-0.06112829359426453,True
CB_청주시,CB,청주시,청주시,False,2003,2012,2746.0,4476.0,3028.0,0,7.917900586327916,-0.48858448310390035,-0.0977570282294229,True
CB_청주시,CB,청주시,청주시,False,2004,2012,2723.0,4431.0,3023.0,0,7.909489492673759,-0.48689107852573077,-0.10451550210569938,True
CB_청주시,CB,청주시,청주시,False,2005,2012,2646.0,4424.0,2991.0,0,7.880804344674901,-0.5139951985272688,-0.12255871395504592,True
CB_청주시,CB,청주시,청주시,False,2006,2012,2693.0,4306.0,2897.0,0,7.898411092811599,-0.4693535851127093,-0.07301990495775179,True
CB_청주시,CB,청주시,청주시,False,2007,2012,2657.0,4198.0,2813.0,0,7.884952945759814,-0.45741055462076474,-0.05705386273004276,True
CB_청주시,CB,청주시,청주시,False,2008,2012,2639.0,4078.0,2758.0,0,7.878155336503324,-0.4352066146310758,-0.04410572184992301,True
CB_청주시,CB,청주시,청주시,False,2009,2012,2646.0,4005.0,2738.0,0,7.880804344674901,-0.41449451482755784,-0.034178661173492664,True
CB_청주시,CB,청주시,청주시,False,2010,2012,2404.0,3931.0,2652.0,0,7.784889295655098,-0.491759829766762,-0.09818005565065491,True
CB_청주시,CB,청주시,청주시,False,2011,2012,2328.0,3758.0,2442.0,0,7.752764808851328,-0.47887737112208306,-0.04780784581932185,True
CB_충주시,CB,충주시,충주시,False,2000,2012,7912.0,17119.0,8251.0,0,8.976135873302548,-0.7718083634722301,-0.041953810801794944,True
CB_충주시,CB,충주시,충주시,False,2001,2012,7965.0,17012.0,8334.0,0,8.98281222234415,-0.7588620340293755,-0.04528658963825016,True
CB_충주시,CB,충주시,충주시,False,2002,2012,7826.0,16866.0,8312.0,0,8.965206802770357,-0.7678482373642304,-0.060248730008705564,True
CB_충주시,CB,충주시,충주시,False,2003,2012,7615.0,16753.0,8271.0,0,8.937875265329263,-0.7884573603642693,-0.08263543436264342,True
CB_충주시,CB,충주시,충주시,False,2004,2012,7249.0,16771.0,8211.0,0,8.888618807300878,-0.8387876760307496,-0.12461119040791147,True
CB_충주시,CB,충주시,충주시,False,2005,2012,7278.0,16589.0,7995.0,0,8.892611378172106,-0.8238837259201688,-0.09396024709594819,True
CB_충주시,CB,충주시,충주시,False,2006,2012,6447.0,16160.0,7412.0,0,8.77137018531062,-0.9189241467644678,-0.13948540209463012,True
CB_충주시,CB,충주시,충주시,False,2007,2012,6337.0,15873.0,7025.0,0,8.754160749323518,-0.9182140822487241,-0.10306974487842879,True
CB_충주시,CB,충주시,충주시,False,2008,2012,6164.0,15565.0,6565.0,0,8.726481196440007,-0.9262988864357009,-0.0630265902968894,True
CB_충주시,CB,충주시,충주시,False,2009,2012,5841.0,15273.0,6340.0,0,8.67265729404031,-0.9611845485301362,-0.081976753390963,True
CB_충주시,CB,충주시,충주시,False,2010,2012,5671.0,15049.0,6240.0,0,8.643120748014027,-0.9759460747726916,-0.09561471334944649,True
CB_충주시,CB,충주시,충주시,False,2011,2012,5468.0,14922.0,6117.0,0,8.60666819784384,-1.0039237151876197,-0.11215886139872566,True
CN_공주시,CN,공주시,공주시,False,2000,2012,10677.0,16582.0,12287.0,0,9.275847174178303,-0.44022587449786066,-0.14044989768926897,True
CN_공주시,CN,공주시,공주시,False,2001,2012,10763.0,16349.0,12006.0,0,9.283869605264298,-0.418052407111114,-0.1092921985474895,True
CN_공주시,CN,공주시,공주시,False,2002,2012,10488.0,16019.0,11781.0,0,9.257987025443535,-0.4235437712579486,-0.11625631780258416,True
CN_공주시,CN,공주시,공주시,False,2003,2012,10095.0,15674.0,11253.0,0,9.219795530746937,-0.4399630368658727,-0.10859450800306014,True
CN_공주시,CN,공주시,공주시,False,2004,2012,9795.0,15577.0,11187.0,0,9.189627330378642,-0.4639234159479635,-0.13288033846828817,True
CN_공주시,CN,공주시,공주시,False,2005,2012,9679.0,15470.0,11073.0,0,9.17771386914909,-0.46894407441802244,-0.13455112254901813,True
CN_공주시,CN,공주시,공주시,False,2006,2012,9302.0,15418.0,11084.0,0,9.137984709784043,-0.5053062272351649,-0.17527319619882675,True
CN_공주시,CN,공주시,공주시,False,2007,2012,9198.0,15251.0,11003.0,0,9.12674134809987,-0.5056590055563142,-0.17918189377004268,True
CN_공주시,CN,공주시,공주시,False,2008,2012,9094.0,14693.0,10273.0,0,9.115370134384955,-0.4797563344909914,-0.12190423883130919,True
CN_공주시,CN,공주시,공주시,False,2009,2012,9369.0,14148.0,10048.0,0,9.145161645951188,-0.4121669043741836,-0.06996724275679256,True
CN_공주시,CN,공주시,공주시,False,2010,2012,8897.0,13888.0,9885.0,0,9.093469420244768,-0.44531101665536355,-0.10530431535995,True
CN_공주시,CN,공주시,공주시,False,2011,2012,8440.0,13845.0,9658.0,0,9.040737587590003,-0.49494184801505803,-0.13480427884348423,True
CN_금산군,CN,금산군,금산군,False,2000,2012,3597.0,8661.0,5010.0,0,8.187855443695623,-0.8787300246354217,-0.3313357503832872,True
CN_금산군,CN,금산군,금산군,False,2001,2012,3526.0,8601.0,5003.0,0,8.167919362957816,-0.8917143915936627,-0.34987364853038905,True
CN_금산군,CN,금산군,금산군,False,2002,2012,3477.0,8500.0,4978.0,0,8.153925132007862,-0.8938963104705469,-0.3588583509196752,True
CN_금산군,CN,금산군,금산군,False,2003,2012,3272.0,8471.0,4955.0,0,8.093156697722637,-0.9512471467089139,-0.4149957490414504,True
CN_금산군,CN,금산군,금산군,False,2004,2012,2969.0,8446.0,4910.0,0,7.99598047476376,-1.0454677607301281,-0.5030487460248061,True
CN_금산군,CN,금산군,금산군,False,2005,2012,2702.0,8352.0,4810.0,0,7.9017475185201445,-1.1285087916022754,-0.5767048445796625,True
CN_금산군,CN,금산군,금산군,False,2006,2012,2212.0,8219.0,4723.0,0,7.701652362642226,-1.3125514635062734,-0.7585471072538921,True
CN_금산군,CN,금산군,금산군,False,2007,2012,2111.0,8047.0,4616.0,0,7.65491704784832,-1.3381375822978132,-0.7823667603396149,True
CN_금산군,CN,금산군,금산군,False,2008,2012,2002.0,7953.0,3514.0,0,7.601901959875166,-1.3794025350819688,-0.5626083088718765,True
CN_금산군,CN,금산군,금산군,False,2009,2012,1987.0,7880.0,2862.0,0,7.594381242551817,-1.377701940300108,-0.3648947175645789,True
CN_금산군,CN,금산군,금산군,False,2010,2012,2038.0,7802.0,2300.0,0,7.61972421378267,-1.3424111762839308,-0.12094018813457108,True
CN_금산군,CN,금산군,금산군,False,2011,2012,1617.0,7699.0,2174.0,0,7.388327859577107,-1.5605178697009432,-0.29599620810404836,True
CN_당진군,CN,당진군,당진군,False,2000,2009,21760.0,27480.0,22501.0,1,9.987828700969878,-0.2333850453664077,-0.0334863306794535,True
CN_당진군,CN,당진군,당진군,False,2001,2009,22255.0,27742.0,22877.0,1,10.010321981449955,-0.22038080787327985,-0.027565336565828602,True
CN_당진군,CN,당진군,당진군,False,2002,2009,22173.0,27921.0,23090.0,1,10.006630611452996,-0.23050376140082385,-0.040524290895545434,True
CN_당진군,CN,당진군,당진군,False,2003,2009,21808.0,27863.0,23041.0,1,9.990032153936314,-0.2450227688637323,-0.05499836270941749,True
CN_당진군,CN,당진군,당진군,False,2004,2009,22178.0,27840.0,23027.0,1,10.006856085513162,-0.22737302893519384,-0.037566633944457806,True
CN_당진군,CN,당진군,당진군,False,2005,2009,22209.0,27808.0,22911.0,1,10.008252891111209,-0.22482613695390974,-0.031119532445284648,True
CN_당진군,CN,당진군,당진군,False,2006,2009,21428.0,27742.0,22815.0,1,9.972453757000851,-0.25824903232238405,-0.06271973636065198,True
CN_당진군,CN,당진군,당진군,False,2007,2009,21363.0,28173.0,23294.0,1,9.969415732650235,-0.27670361882248784,-0.08653536301236109,True
CN_당진군,CN,당진군,당진군,False,2008,2009,21830.0,27419.0,22556.0,1,9.99104044954399,-0.22795103317715437,-0.032715935383082595,True
CN_당진군,CN,당진군,당진군,False,2009,2009,21294.0,26983.0,22427.0,1,9.966180621874551,-0.23678169518230874,-0.05184024725173764,True
CN_당진군,CN,당진군,당진군,False,2010,2009,20883.0,26428.0,22208.0,1,9.946690709836776,-0.23548862331299958,-0.061517153469754504,True
CN_당진군,CN,당진군,당진군,False,2011,2009,20537.0,26191.0,21760.0,1,9.929983416340093,-0.24318770294514103,-0.057845284629785,True
CN_보령시,CN,보령시,보령시,False,2000,2012,9934.0,13727.0,10475.0,0,9.203718495667296,-0.3234014795843638,-0.05302824912304338,True
CN_보령시,CN,보령시,보령시,False,2001,2012,9934.0,13802.0,10567.0,0,9.203718495667296,-0.32885029251325193,-0.0617727207737353,True
CN_보령시,CN,보령시,보령시,False,2002,2012,9805.0,13775.0,10518.0,0,9.190647738630446,-0.33996289539066993,-0.07019561551884301,True
CN_보령시,CN,보령시,보령시,False,2003,2012,9648.0,13769.0,10360.0,0,9.174505918966966,-0.3556690484774059,-0.07120159684650673,True
CN_보령시,CN,보령시,보령시,False,2004,2012,9641.0,13871.0,10471.0,0,9.17378011666438,-0.3637754920989096,-0.0825846936230814,True
CN_보령시,CN,보령시,보령시,False,2005,2012,9741.0,13845.0,10444.0,0,9.184099060770956,-0.3515803748341053,-0.06968386904806323,True
CN_보령시,CN,보령시,보령시,False,2006,2012,9724.0,13714.0,10376.0,0,9.182352335436015,-0.3438201524082949,-0.06489839056026447,True
CN_보령시,CN,보령시,보령시,False,2007,2012,9726.0,13654.0,10241.0,0,9.182557990963732,-0.3392298070144939,-0.05159655911170624,True
CN_보령시,CN,보령시,보령시,False,2008,2012,9735.0,13418.0,10065.0,0,9.1834829178063,-0.3208694503165326,-0.03333642026759165,True
CN_보령시,CN,보령시,보령시,False,2009,2012,9627.0,13376.0,10049.0,0,9.172326929777967,-0.3288904055465167,-0.042901476270992944,True
CN_보령시,CN,보령시,보령시,False,2010,2012,9609.0,13150.0,9912.0,0,9.170455438277267,-0.31372159932864285,-0.031045985031710188,True
CN_보령시,CN,보령시,보령시,False,2011,2012,9335.0,13085.0,9802.0,0,9.141526055975824,-0.3376957589884224,-0.04881566949366878,True
CN_부여군,CN,부여군,부여군,False,2000,2012,13681.0,18719.0,15185.0,0,9.523763287920113,-0.31353104188121605,-0.10430008955973591,True
CN_부여군,CN,부여군,부여군,False,2001,2012,13661.0,18621.0,15097.0,0,9.522300336887486,-0.3097449181942764,-0.09995099068025048,True
CN_부여군,CN,부여군,부여군,False,2002,2012,13317.0,18494.0,15079.0,0,9.496796693502144,-0.3284049406354388,-0.12426163286365188,True
CN_부여군,CN,부여군,부여군,False,2003,2012,13147.0,18286.0,14954.0,0,9.483948874696605,-0.32994214402776656,-0.12878522686325589,True
CN_부여군,CN,부여군,부여군,False,2004,2012,12679.0,18251.0,14898.0,0,9.447702360527948,-0.3642727915020725,-0.16127989420827404,True
CN_부여군,CN,부여군,부여군,False,2005,2012,12472.0,18149.0,14836.0,0,9.431241410737613,-0.37512933101878865,-0.17357052787186866,True
CN_부여군,CN,부여군,부여군,False,2006,2012,12312.0,17998.0,14720.0,0,9.418329675518715,-0.37968624407517915,-0.17863271676415238,True
CN_부여군,CN,부여군,부여군,False,2007,2012,12415.0,17875.0,14645.0,0,9.426660697942268,-0.36449766961994,-0.16519356131956542,True
CN_부여군,CN,부여군,부여군,False,2008,2012,11936.0,17715.0,14614.0,0,9.387314322443542,-0.3948526948560307,-0.20242092990762117,True
CN_부여군,CN,부여군,부여군,False,2009,2012,11774.0,17579.0,14536.0,0,9.373648989588206,-0.4008112972116855,-0.21073462048780023,True
CN_부여군,CN,부여군,부여군,False,2010,2012,10471.0,16812.0,13920.0,0,9.256364810287462,-0.4734833858375449,-0.2847171236009487,True
CN_부여군,CN,부여군,부여군,False,2011,2012,9901.0,16779.0,13689.0,0,9.200391041122515,-0.5274923423671822,-0.32395682847299767,True
CN_서산시,CN,서산시,서산시,False,2000,2009,21230.0,28344.0,22058.0,1,9.963170554697301,-0.28900009184800624,-0.038260072168791126,True
CN_서산시,CN,서산시,서산시,False,2001,2009,21312.0,28258.0,22074.0,1,9.967025573340116,-0.2821063089856377,-0.03513015099271222,True
CN_서산시,CN,서산시,서산시,False,2002,2009,21023.0,28191.0,21983.0,1,9.953372355465126,-0.2933857015860486,-0.04465235089499053,True
CN_서산시,CN,서산시,서산시,False,2003,2009,21011.0,28099.0,21985.0,1,9.95280138908905,-0.290687878410937,-0.04531429252586072,True
CN_서산시,CN,서산시,서산시,False,2004,2009,20954.0,28072.0,21921.0,1,9.950084837912911,-0.29244307935013936,-0.04511552254641593,True
CN_서산시,CN,서산시,서산시,False,2005,2009,20936.0,28036.0,21891.0,1,9.949225444209981,-0.29201923341023495,-0.04460542822374869,True
CN_서산시,CN,서산시,서산시,False,2006,2009,21203.0,27989.0,21933.0,1,9.96189796008255,-0.2776688947433481,-0.03384967087887425,True
CN_서산시,CN,서산시,서산시,False,2007,2009,20995.0,27849.0,21845.0,1,9.952039593118293,-0.28251274494974865,-0.03968774826724264,True
CN_서산시,CN,서산시,서산시,False,2008,2009,20834.0,27730.0,21795.0,1,9.944341546544393,-0.28592859206542975,-0.04509431812809872,True
CN_서산시,CN,서산시,서산시,False,2009,2009,21012.0,27358.0,21729.0,1,9.952848982073853,-0.2639152875755375,-0.033554070789582724,True
CN_서산시,CN,서산시,서산시,False,2010,2009,20899.0,27024.0,21521.0,1,9.947456589918252,-0.2570240491293294,-0.029327891679333362,True
CN_서산시,CN,서산시,서산시,False,2011,2009,20544.0,26786.0,21297.0,1,9.930324206489688,-0.26531043545737987,-0.035997290217807176,True
CN_서천군,CN,서천군,서천군,False,2000,2012,11068.0,14144.0,11595.0,0,9.311813340906816,-0.2452324439706075,-0.04651590878281553,True
CN_서천군,CN,서천군,서천군,False,2001,2012,11030.0,14118.0,11590.0,0,9.308374112247549,-0.24683174570786903,-0.04952382408624878,True
CN_서천군,CN,서천군,서천군,False,2002,2012,10979.0,14092.0,11558.0,0,9.303739636234733,-0.24962290322639547,-0.05139348064299121,True
CN_서천군,CN,서천군,서천군,False,2003,2012,10852.0,14032.0,11436.0,0,9.292104673778823,-0.2569910408331406,-0.05241687966337949,True
CN_서천군,CN,서천군,서천군,False,2004,2012,10776.0,13972.0,11377.0,0,9.2850767180902,-0.2597338878365214,-0.05427233444951618,True
CN_서천군,CN,서천군,서천군,False,2005,2012,10683.0,13930.0,11358.0,0,9.276408971945887,-0.2653910948279634,-0.06126864849148994,True
CN_서천군,CN,서천군,서천군,False,2006,2012,10717.0,13846.0,11212.0,0,9.279586544712997,-0.25616511652497387,-0.04515336757168242,True
CN_서천군,CN,서천군,서천군,False,2007,2012,10625.0,13755.0,11079.0,0,9.270964993792617,-0.25819267956605785,-0.041841709728055676,True
CN_서천군,CN,서천군,서천군,False,2008,2012,10761.0,13611.0,11048.0,0,9.283683766200392,-0.23494980213168226,-0.026320928888736717,True
CN_서천군,CN,서천군,서천군,False,2009,2012,10676.0,13494.0,10939.0,0,9.275753510524416,-0.23424691066295544,-0.024336153595374554,True
CN_서천군,CN,서천군,서천군,False,2010,2012,10669.0,13418.0,10897.0,0,9.275097619191461,-0.2292547489313712,-0.021145181785424683,True
CN_서천군,CN,서천군,서천군,False,2011,2012,10515.0,13388.0,10812.0,0,9.2605580881368,-0.24155597419441577,-0.027853819259537005,True
CN_아산시,CN,아산시,아산시,False,2000,2011,13153.0,19544.0,13610.0,0,9.48440514846878,-0.3960184644687974,-0.03415494717673262,True
CN_아산시,CN,아산시,아산시,False,2001,2011,13169.0,19357.0,13535.0,0,9.48562086171022,-0.38518852843532514,-0.02741334033818177,True
CN_아산시,CN,아산시,아산시,False,2002,2011,12980.0,19190.0,13368.0,0,9.471164990258082,-0.39097959874366417,-0.029454080017147888,True
CN_아산시,CN,아산시,아산시,False,2003,2011,12737.0,19041.0,13306.0,0,9.45226642258976,-0.4020834053848201,-0.04370391771207238,True
CN_아산시,CN,아산시,아산시,False,2004,2011,12626.0,18710.0,13077.0,0,9.44351345892757,-0.39329996034056514,-0.035096781978930736,True
CN_아산시,CN,아산시,아산시,False,2005,2011,12346.0,18572.0,12967.0,0,9.421087402953841,-0.40832294618597054,-0.04907554459504304,True
CN_아산시,CN,아산시,아산시,False,2006,2011,11691.0,17944.0,12711.0,0,9.366574594006819,-0.4284364821932254,-0.08364844528784943,True
CN_아산시,CN,아산시,아산시,False,2007,2011,11666.0,17466.0,12488.0,0,9.364433907313582,-0.4035775056600954,-0.068089554881686,True
CN_아산시,CN,아산시,아산시,False,2008,2011,11254.0,17025.0,11995.0,0,9.328478899993224,-0.4139592310244904,-0.063766275280571,True
CN_아산시,CN,아산시,아산시,False,2009,2011,11201.0,17051.0,12025.0,0,9.32375833901174,-0.4202057930064118,-0.07098475596222187,True
CN_아산시,CN,아산시,아산시,False,2010,2011,11072.0,16578.0,11810.0,0,9.31217467785745,-0.40365711629402057,-0.06452723133395644,True
CN_아산시,CN,아산시,아산시,False,2011,2011,11093.0,16465.0,11677.0,0,9.314069557738659,-0.3949226370718062,-0.051306816337056915,True
CN_연기군,CN,연기군,연기군,False,2000,2012,5205.0,8930.0,5810.0,0,8.557374981049069,-0.5397966928214757,-0.10996086879688782,True
CN_연기군,CN,연기군,연기군,False,2001,2012,5191.0,8840.0,5805.0,0,8.55468163582723,-0.5323605198044596,-0.11179325830476294,True
CN_연기군,CN,연기군,연기군,False,2002,2012,5137.0,8800.0,5620.0,0,8.544224530467268,-0.5382824699990305,-0.08986241242046944,True
CN_연기군,CN,연기군,연기군,False,2003,2012,4942.0,8663.0,5533.0,0,8.505525386548555,-0.5612909753415849,-0.11296005634955364,True
CN_연기군,CN,연기군,연기군,False,2004,2012,4774.0,8637.0,5474.0,0,8.470939806898775,-0.5928707723815112,-0.1368250827018489,True
CN_연기군,CN,연기군,연기군,False,2005,2012,4645.0,8625.0,5436.0,0,8.443546651247939,-0.6188735906516225,-0.15725212402309552,True
CN_연기군,CN,연기군,연기군,False,2006,2012,4686.0,8570.0,5446.0,0,8.452334619067742,-0.6036883925240843,-0.1503020541659641,True
CN_연기군,CN,연기군,연기군,False,2007,2012,4477.0,8488.0,5362.0,0,8.406708458240965,-0.6397002220528538,-0.18038386055494016,True
CN_연기군,CN,연기군,연기군,False,2008,2012,4280.0,8019.0,5013.0,0,8.361708288575842,-0.6278607162311864,-0.1580815286876618,True
CN_연기군,CN,연기군,연기군,False,2009,2012,4235.0,6494.0,3991.0,0,8.351138607086154,-0.42749534557663615,0.05934150203742128,True
CN_연기군,CN,연기군,연기군,False,2010,2012,3703.0,6414.0,3982.0,0,8.216898580913613,-0.5493397993394868,-0.07264090371052845,True
CN_연기군,CN,연기군,연기군,False,2011,2012,3439.0,6357.0,3888.0,0,8.142936010432265,-0.6143758365041432,-0.1227141551480635,True
CN_예산군,CN,예산군,예산군,False,2000,2011,12494.0,19936.0,13204.0,0,9.433003808053515,-0.46727861353366507,-0.05527128491956823,True
CN_예산군,CN,예산군,예산군,False,2001,2011,12477.0,19872.0,13223.0,0,9.431642228411022,-0.46542475632218405,-0.0580707881458018,True
CN_예산군,CN,예산군,예산군,False,2002,2011,12360.0,19724.0,13085.0,0,9.422220731011683,-0.4673707163323346,-0.05700108395256365,True
CN_예산군,CN,예산군,예산군,False,2003,2011,12182.0,19510.0,12905.0,0,9.40771473139643,-0.4709677022207277,-0.05765538075628385,True
CN_예산군,CN,예산군,예산군,False,2004,2011,12100.0,19431.0,12910.0,0,9.400960731584833,-0.47366427626619334,-0.06479675225585524,True
CN_예산군,CN,예산군,예산군,False,2005,2011,11890.0,19306.0,12840.0,0,9.383452989684827,-0.48471821772373325,-0.07686758755912493,True
CN_예산군,CN,예산군,예산군,False,2006,2011,11536.0,19221.0,12805.0,0,9.353227859524731,-0.5105308507824002,-0.10436313910889439,True
CN_예산군,CN,예산군,예산군,False,2007,2011,11513.0,19146.0,12738.0,0,9.351232110673664,-0.508616984832635,-0.10111282025764723,True
CN_예산군,CN,예산군,예산군,False,2008,2011,11735.0,19043.0,12435.0,0,9.370331108285123,-0.4841237506736942,-0.05793924795238148,True
CN_예산군,CN,예산군,예산군,False,2009,2011,11867.0,19192.0,12697.0,0,9.38151671766514,-0.48073208685439184,-0.06760430640465209,True
CN_예산군,CN,예산군,예산군,False,2010,2011,11962.0,19102.0,12586.0,0,9.389490237604502,-0.46805808299018103,-0.05085012648237708,True
CN_예산군,CN,예산군,예산군,False,2011,2011,11928.0,19042.0,12368.0,0,9.386643856444575,-0.4677584884010617,-0.03622391438262795,True
CN_천안시,CN,천안시,천안시,False,2000,2012,9384.0,16998.0,9835.0,0,9.146761390333312,-0.59408957872526,-0.046941340489848216,True
CN_천안시,CN,천안시,천안시,False,2001,2012,9446.0,16852.0,9774.0,0,9.153346650456063,-0.5788779726428448,-0.03413442737403649,True
CN_천안시,CN,천안시,천안시,False,2002,2012,9130.0,16648.0,9689.0,0,9.119320973589014,-0.6007243944844571,-0.05942552679599089,True
CN_천안시,CN,천안시,천안시,False,2003,2012,9002.0,16437.0,9578.0,0,9.105202053852878,-0.6020881163536469,-0.062022027049676964,True
CN_천안시,CN,천안시,천안시,False,2004,2012,8773.0,16283.0,9497.0,0,9.079434102128383,-0.618442795635838,-0.0792971361145689,True
CN_천안시,CN,천안시,천안시,False,2005,2012,8790.0,16141.0,9459.0,0,9.081369990679223,-0.6077479070940566,-0.07335195753394785,True
CN_천안시,CN,천안시,천안시,False,2006,2012,8022.0,15890.0,9304.0,0,8.989943046329998,-0.6835022132007644,-0.1482566478685019,True
CN_천안시,CN,천안시,천안시,False,2007,2012,8013.0,15729.0,9134.0,0,8.98882050177807,-0.6744409194625725,-0.1309384919668748,True
CN_천안시,CN,천안시,천안시,False,2008,2012,7932.0,15350.0,8606.0,0,8.978660489639687,-0.6602102633756566,-0.08155442375885791,True
CN_천안시,CN,천안시,천안시,False,2009,2012,7856.0,15237.0,8361.0,0,8.969032850034301,-0.6624491094350535,-0.06230046611575624,True
CN_천안시,CN,천안시,천안시,False,2010,2012,7179.0,14876.0,8144.0,0,8.878915376576483,-0.7285890784684774,-0.1261213622138211,True
CN_천안시,CN,천안시,천안시,False,2011,2012,6816.0,14710.0,7694.0,0,8.827028068509152,-0.7692547450863305,-0.12116801480308759,True
CN_청양군,CN,청양군,청양군,False,2000,2012,7049.0,10537.0,7715.0,0,8.860641041773876,-0.4020071098256519,-0.09028072302338508,True
CN_청양군,CN,청양군,청양군,False,2001,2012,7058.0,10096.0,7569.0,0,8.861917004235215,-0.3579775805457803,-0.06989923307395252,True
CN_청양군,CN,청양군,청양군,False,2002,2012,6803.0,9953.0,7507.0,0,8.825118970345061,-0.38051032190100287,-0.09847222722794058,True
CN_청양군,CN,청양군,청양군,False,2003,2012,6614.0,9934.0,7475.0,0,8.796943893541737,-0.4067746021255587,-0.12237550471714975,True
CN_청양군,CN,청양군,청양군,False,2004,2012,6602.0,9906.0,7462.0,0,8.795127912413138,-0.40576800073504593,-0.12245084136796613,True
CN_청양군,CN,청양군,청양군,False,2005,2012,6575.0,9822.0,7358.0,0,8.791029857045965,-0.40135018955322543,-0.11251357861875455,True
CN_청양군,CN,청양군,청양군,False,2006,2012,6596.0,9811.0,7357.0,0,8.794218683679489,-0.3970408004839019,-0.10918883625277509,True
CN_청양군,CN,청양군,청양군,False,2007,2012,6640.0,9683.0,7283.0,0,8.80086724247048,-0.37725980714105134,-0.09243090174743607,True
CN_청양군,CN,청양군,청양군,False,2008,2012,6665.0,9293.0,7183.0,0,8.804625232612809,-0.33239147494453114,-0.07484716946199299,True
CN_청양군,CN,청양군,청양군,False,2009,2012,6540.0,9054.0,6837.0,0,8.785692444451245,-0.325269483544659,-0.04441187346254871,True
CN_청양군,CN,청양군,청양군,False,2010,2012,6018.0,8950.0,6720.0,0,8.70251025718999,-0.39689855407891095,-0.11033317632720419,True
CN_청양군,CN,청양군,청양군,False,2011,2012,5938.0,8895.0,6607.0,0,8.689127655323706,-0.4041169447762307,-0.1067573167061795,True
CN_태안군,CN,태안군,태안군,False,2000,2012,10502.0,16101.0,10986.0,0,9.259320994197804,-0.42731566664713405,-0.04505601970476114,True
CN_태안군,CN,태안군,태안군,False,2001,2012,10385.0,15885.0,10876.0,0,9.248117736310213,-0.4250128103934028,-0.04619606944214816,True
CN_태안군,CN,태안군,태안군,False,2002,2012,10301.0,15818.0,10834.0,0,9.239996256883693,-0.4289075541956695,-0.05044835933415115,True
CN_태안군,CN,태안군,태안군,False,2003,2012,10159.0,15728.0,10743.0,0,9.226115291091546,-0.4370825512954024,-0.05589436757499655,True
CN_태안군,CN,태안군,태안군,False,2004,2012,10209.0,15777.0,10830.0,0,9.231024963169016,-0.4352834990884382,-0.05905037682602021,True
CN_태안군,CN,태안군,태안군,False,2005,2012,10119.0,15774.0,10896.0,0,9.222170123729759,-0.4439481702281771,-0.07398090465953366,True
CN_태안군,CN,태안군,태안군,False,2006,2012,10189.0,15733.0,10881.0,0,9.229063985974285,-0.4344517102661385,-0.06570944197672723,True
CN_태안군,CN,태안군,태안군,False,2007,2012,10278.0,15697.0,10953.0,0,9.237760967552175,-0.4234639227230321,-0.0636077027715718,True
CN_태안군,CN,태안군,태안군,False,2008,2012,10270.0,15545.0,10753.0,0,9.236982302922604,-0.41451201957024963,-0.045957761467922964,True
CN_태안군,CN,태안군,태안군,False,2009,2012,10081.0,15294.0,10489.0,0,9.218407743053941,-0.4168081305502298,-0.03967462490766316,True
CN_태안군,CN,태안군,태안군,False,2010,2012,9851.0,15031.0,10442.0,0,9.19532825185568,-0.4225417622775467,-0.058263162114817746,True
CN_태안군,CN,태안군,태안군,False,2011,2012,9899.0,14954.0,10328.0,0,9.200189020919808,-0.4125450806400526,-0.042424911606669724,True
CN_홍성군,CN,홍성군,홍성군,False,2000,2012,10597.0,15929.0,11288.0,0,9.268326221174837,-0.40757040511980236,-0.063169272357813,True
CN_홍성군,CN,홍성군,홍성군,False,2001,2012,10562.0,15558.0,11113.0,0,9.26501793326688,-0.38731232149983974,-0.0508529399187676,True
CN_홍성군,CN,홍성군,홍성군,False,2002,2012,10431.0,15427.0,11040.0,0,9.25253742067597,-0.39133707933596895,-0.05674289915511643,True
CN_홍성군,CN,홍성군,홍성군,False,2003,2012,10187.0,15365.0,11025.0,0,9.228867676590067,-0.4109797979745178,-0.07905302372497935,True
CN_홍성군,CN,홍성군,홍성군,False,2004,2012,10051.0,15285.0,11018.0,0,9.21542741102474,-0.419199823300195,-0.09185816700792238,True
CN_홍성군,CN,홍성군,홍성군,False,2005,2012,9976.0,15168.0,10946.0,0,9.207937487359873,-0.41900573713493117,-0.0927918843439901,True
CN_홍성군,CN,홍성군,홍성군,False,2006,2012,10205.0,15144.0,10925.0,0,9.230633075243945,-0.39472661764521355,-0.06817594471984556,True
CN_홍성군,CN,홍성군,홍성군,False,2007,2012,10122.0,14953.0,10903.0,0,9.222466551774023,-0.39020067580982065,-0.07432670793235907,True
CN_홍성군,CN,홍성군,홍성군,False,2008,2012,10200.0,14786.0,10718.0,0,9.230142999272362,-0.3712930668446841,-0.04953685078243453,True
CN_홍성군,CN,홍성군,홍성군,False,2009,2012,9868.0,14494.0,10631.0,0,9.197052477649247,-0.38443757201997997,-0.0744770626393585,True
CN_홍성군,CN,홍성군,홍성군,False,2010,2012,9955.0,14408.0,10548.0,0,9.205830216498297,-0.369708670357495,-0.05786133097488033,True
CN_홍성군,CN,홍성군,홍성군,False,2011,2012,9909.0,14297.0,10409.0,0,9.201198714058899,-0.36660628997026556,-0.049227381456569574,True
GB_경산시,GB,경산시,경산시,False,2000,2012,1867.0,8942.0,2144.0,0,7.532088143541722,-1.5664264132522039,-0.1383403786489703,True
GB_경산시,GB,경산시,경산시,False,2001,2012,1839.0,8813.0,2093.0,0,7.516977224604321,-1.567005958495339,-0.1293764978416787,True
GB_경산시,GB,경산시,경산시,False,2002,2012,1748.0,8762.0,2065.0,0,7.466227556215481,-1.6119519121583625,-0.16665794917965204,True
GB_경산시,GB,경산시,경산시,False,2003,2012,1569.0,8697.0,2022.0,0,7.358193752733032,-1.7125396648567337,-0.25364864684738464,True
GB_경산시,GB,경산시,경산시,False,2004,2012,1559.0,8672.0,2015.0,0,7.351799869057777,-1.7160548546216514,-0.25657460532300647,True
GB_경산시,GB,경산시,경산시,False,2005,2012,1484.0,8638.0,2000.0,0,7.302496423727326,-1.7614299297933202,-0.29840603581475644,True
GB_경산시,GB,경산시,경산시,False,2006,2012,1698.0,8616.0,1985.0,0,7.437206366871292,-1.6241698519649326,-0.15616782624999814,True
GB_경산시,GB,경산시,경산시,False,2007,2012,1694.0,8460.0,1894.0,0,7.434847875211999,-1.6082565773882704,-0.11159839853402431,True
GB_경산시,GB,경산시,경산시,False,2008,2012,1684.0,8375.0,1941.0,0,7.428927194802272,-1.6040791618909953,-0.14203138836673812,True
GB_경산시,GB,경산시,경산시,False,2009,2012,1619.0,8412.0,1884.0,0,7.389563953677635,-1.6478505831449546,-0.15158850145867309,True
GB_경산시,GB,경산시,경산시,False,2010,2012,1525.0,8360.0,1851.0,0,7.329749689041512,-1.7014640170372344,-0.1937316235319848,True
GB_경산시,GB,경산시,경산시,False,2011,2012,1493.0,8342.0,1846.0,0,7.30854279753919,-1.7205154772176998,-0.2122336175236068,True
GB_경주시,GB,경주시,경주시,False,2000,2011,15790.0,23437.0,16836.0,0,9.667132107249687,-0.3949391419021868,-0.06414262264077486,True
GB_경주시,GB,경주시,경주시,False,2001,2011,15943.0,23399.0,16940.0,0,9.676775140407365,-0.38367342498252555,-0.06065782779868023,True
GB_경주시,GB,경주시,경주시,False,2002,2011,15781.0,23302.0,16875.0,0,9.666561963748133,-0.38973250903175227,-0.06702655199259766,True
GB_경주시,GB,경주시,경주시,False,2003,2011,15209.0,23241.0,16873.0,0,9.629642636872369,-0.4240306024276439,-0.10382735332596837,True
GB_경주시,GB,경주시,경주시,False,2004,2011,15094.0,22835.0,16559.0,0,9.622052592844813,-0.41399713277428596,-0.09263244679767091,True
GB_경주시,GB,경주시,경주시,False,2005,2011,14915.0,22722.0,16558.0,0,9.61012269694885,-0.4209662001810006,-0.10450195074990098,True
GB_경주시,GB,경주시,경주시,False,2006,2011,14438.0,22557.0,16440.0,0,9.577618898699106,-0.4461818193470304,-0.12985376991106534,True
GB_경주시,GB,경주시,경주시,False,2007,2011,14471.0,22312.0,16205.0,0,9.579901925737992,-0.4329780035693318,-0.11317318983765468,True
GB_경주시,GB,경주시,경주시,False,2008,2011,14297.0,22115.0,15905.0,0,9.567805004029164,-0.4362063862732626,-0.10658380015408042,True
GB_경주시,GB,경주시,경주시,False,2009,2011,14154.0,21664.0,15648.0,0,9.55775254863573,-0.42565462707627155,-0.10034584363886978,True
GB_경주시,GB,경주시,경주시,False,2010,2011,13810.0,21370.0,15448.0,0,9.533148246403337,-0.4365951019098553,-0.1120865777050124,True
GB_경주시,GB,경주시,경주시,False,2011,2011,13569.0,21173.0,15316.0,0,9.515543058145953,-0.44493900590998336,-0.12111025445123147,True
GB_고령군,GB,고령군,고령군,False,2000,2012,4697.0,6832.0,5228.0,0,8.454679286026995,-0.3746934494414109,-0.10710478871711793,True
GB_고령군,GB,고령군,고령군,False,2001,2012,4700.0,6787.0,5250.0,0,8.45531778769815,-0.3674465090056085,-0.11066556788751925,True
GB_고령군,GB,고령군,고령군,False,2002,2012,4540.0,6767.0,5247.0,0,8.420682291035394,-0.3991308451968312,-0.14472947265131708,True
GB_고령군,GB,고령군,고령군,False,2003,2012,4608.0,6705.0,5190.0,0,8.435549202375727,-0.3750595933400529,-0.1189397737842075,True
GB_고령군,GB,고령군,고령군,False,2004,2012,4477.0,6675.0,5095.0,0,8.406708458240965,-0.3994160250274845,-0.12930648741586026,True
GB_고령군,GB,고령군,고령군,False,2005,2012,4389.0,6643.0,5013.0,0,8.386856689688234,-0.4144622579770072,-0.13293312757527076,True
GB_고령군,GB,고령군,고령군,False,2006,2012,3990.0,6592.0,5010.0,0,8.29154650988391,-0.5020655617053986,-0.22764468419500083,True
GB_고령군,GB,고령군,고령군,False,2007,2012,4170.0,6503.0,4993.0,0,8.335671314792847,-0.4443475730763051,-0.18012089570776268,True
GB_고령군,GB,고령군,고령군,False,2008,2012,3968.0,6416.0,4931.0,0,8.286017468404763,-0.48053268114158776,-0.21727961781936322,True
GB_고령군,GB,고령군,고령군,False,2009,2012,3991.0,6346.0,4865.0,0,8.291797105048733,-0.4637828670944071,-0.19802488957137143,True
GB_고령군,GB,고령군,고령군,False,2010,2012,3617.0,5987.0,4595.0,0,8.193400231952097,-0.5039454989732555,-0.23932380283769028,True
GB_고령군,GB,고령군,고령군,False,2011,2012,3312.0,5943.0,4507.0,0,8.10530751550515,-0.5846618198615108,-0.30807950718549826,True
GB_구미시,GB,구미시,구미시,False,2000,2009,8789.0,12903.0,9375.0,1,9.081256218564645,-0.38395890288720125,-0.06454563227396548,True
GB_구미시,GB,구미시,구미시,False,2001,2009,8997.0,12728.0,9474.0,1,9.104646467417119,-0.346913102600503,-0.05166001606657744,True
GB_구미시,GB,구미시,구미시,False,2002,2009,8643.0,12468.0,9297.0,1,9.064505023752638,-0.3664156171345905,-0.07294202270322003,True
GB_구미시,GB,구미시,구미시,False,2003,2009,8562.0,12413.0,9406.0,1,9.055089086704891,-0.3714105028110577,-0.0940139758001024,True
GB_구미시,GB,구미시,구미시,False,2004,2009,8384.0,12259.0,9244.0,1,9.034080406560824,-0.37993523353417125,-0.09764956483344811,True
GB_구미시,GB,구미시,구미시,False,2005,2009,8373.0,12246.0,9287.0,1,9.032767522204432,-0.38018710983346793,-0.10360332957157681,True
GB_구미시,GB,구미시,구미시,False,2006,2009,7997.0,12177.0,9263.0,1,8.98682175033189,-0.42048245517511695,-0.1469614989221384,True
GB_구미시,GB,구미시,구미시,False,2007,2009,7972.0,12126.0,9220.0,1,8.983690681332686,-0.4194165052989902,-0.14543963521795433,True
GB_구미시,GB,구미시,구미시,False,2008,2009,7877.0,12033.0,9044.0,1,8.971702399703325,-0.4237057547348382,-0.13815443369453462,True
GB_구미시,GB,구미시,구미시,False,2009,2009,7800.0,11926.0,8855.0,1,8.961879012677683,-0.42459715700536904,-0.1268585375392508,True
GB_구미시,GB,구미시,구미시,False,2010,2009,5851.0,11754.0,8723.0,1,8.674367865788236,-0.6975810213843605,-0.3993506286449833,True
GB_구미시,GB,구미시,구미시,False,2011,2009,5656.0,11728.0,8660.0,1,8.640472207576408,-0.7292622165500244,-0.42599779398007165,True
GB_군위군,GB,군위군,군위군,False,2000,2012,3138.0,8032.0,3528.0,0,8.051340933292979,-0.9398479086385318,-0.11714548383370271,True
GB_군위군,GB,군위군,군위군,False,2001,2012,3320.0,8002.0,3599.0,0,8.107720061910534,-0.8797267275066467,-0.08069124616849699,True
GB_군위군,GB,군위군,군위군,False,2002,2012,3244.0,7918.0,3578.0,0,8.084562415235304,-0.892331512430772,-0.09799684883336113,True
GB_군위군,GB,군위군,군위군,False,2003,2012,3130.0,7893.0,3532.0,0,8.048788283534199,-0.9249432861742033,-0.12083127818965167,True
GB_군위군,GB,군위군,군위군,False,2004,2012,3099.0,7875.0,3525.0,0,8.038834757787749,-0.9326137059060855,-0.12880095745862086,True
GB_군위군,GB,군위군,군위군,False,2005,2012,2961.0,7846.0,3512.0,0,7.993282328101591,-0.9744767986679062,-0.1706586266534167,True
GB_군위군,GB,군위군,군위군,False,2006,2012,2764.0,7829.0,3514.0,0,7.92443418488756,-1.0411558820203544,-0.2400760838594822,True
GB_군위군,GB,군위군,군위군,False,2007,2012,2775.0,7787.0,3479.0,0,7.928406026180535,-1.0318049293964515,-0.22609414897140656,True
GB_군위군,GB,군위군,군위군,False,2008,2012,2776.0,7601.0,3386.0,0,7.9287663216266955,-1.0072687749393454,-0.1986382410663845,True
GB_군위군,GB,군위군,군위군,False,2009,2012,2661.0,7491.0,3300.0,0,7.886457270977689,-1.0350003079701944,-0.21522047647688236,True
GB_군위군,GB,군위군,군위군,False,2010,2012,2778.0,7429.0,3148.0,0,7.9294865233142895,-0.9836600158375175,-0.12503608622300444,True
GB_군위군,GB,군위군,군위군,False,2011,2012,2685.0,7425.0,3132.0,0,7.895436006942965,-1.0171719567279354,-0.15399105016772907,True
GB_김천시,GB,김천시,김천시,False,2000,2012,6735.0,17576.0,7940.0,0,8.815073088844464,-0.9592165252199827,-0.164595465396717,True
GB_김천시,GB,김천시,김천시,False,2001,2012,6821.0,17530.0,8020.0,0,8.82776136765472,-0.9439076102605597,-0.16193233320584,True
GB_김천시,GB,김천시,김천시,False,2002,2012,6646.0,17382.0,7903.0,0,8.801770448914539,-0.9614200180828671,-0.17322726429043733,True
GB_김천시,GB,김천시,김천시,False,2003,2012,6273.0,17230.0,7778.0,0,8.744009988096744,-1.0103973414252305,-0.21504452661894824,True
GB_김천시,GB,김천시,김천시,False,2004,2012,6152.0,17152.0,7721.0,0,8.72453251118548,-1.0253375526850483,-0.22716665712333572,True
GB_김천시,GB,김천시,김천시,False,2005,2012,5995.0,17099.0,7636.0,0,8.698681067461614,-1.04809419378698,-0.241948117384025,True
GB_김천시,GB,김천시,김천시,False,2006,2012,6030.0,17016.0,7628.0,0,8.704502289721232,-1.037407067158842,-0.2350786769990787,True
GB_김천시,GB,김천시,김천시,False,2007,2012,5973.0,16915.0,7518.0,0,8.695004592732307,-1.0409514884825022,-0.23005083139181615,True
GB_김천시,GB,김천시,김천시,False,2008,2012,5759.0,16408.0,7161.0,0,8.658519127506672,-1.0470051722455445,-0.21788578750026844,True
GB_김천시,GB,김천시,김천시,False,2009,2012,5658.0,16250.0,7064.0,0,8.640825751861513,-1.0550224358963707,-0.22194099042228288,True
GB_김천시,GB,김천시,김천시,False,2010,2012,5430.0,16183.0,6928.0,0,8.599694412927981,-1.0920221745889052,-0.24363203731429017,True
GB_김천시,GB,김천시,김천시,False,2011,2012,5105.0,16068.0,6650.0,0,8.537975730598767,-1.1466092648804054,-0.26439640305113343,True
GB_문경시,GB,문경시,문경시,False,2000,2012,5934.0,12055.0,6552.0,0,8.688453800850768,-0.7087809897645041,-0.09907182468213804,True
GB_문경시,GB,문경시,문경시,False,2001,2012,5939.0,11886.0,6519.0,0,8.68929604801586,-0.6938204679107454,-0.09318022090867828,True
GB_문경시,GB,문경시,문경시,False,2002,2012,5827.0,11836.0,6463.0,0,8.670257567143075,-0.7086434463770246,-0.10359131811982003,True
GB_문경시,GB,문경시,문경시,False,2003,2012,5653.0,11714.0,6287.0,0,8.63994165667529,-0.728598329974437,-0.10629763170777018,True
GB_문경시,GB,문경시,문경시,False,2004,2012,5456.0,11368.0,6273.0,0,8.604471199523298,-0.7340864702536383,-0.13953878857344648,True
GB_문경시,GB,문경시,문경시,False,2005,2012,5292.0,11339.0,6199.0,0,8.573951525234847,-0.7620518647369927,-0.15819174246707313,True
GB_문경시,GB,문경시,문경시,False,2006,2012,5122.0,11298.0,6171.0,0,8.541300266759471,-0.7910807311257368,-0.18631591156159644,True
GB_문경시,GB,문경시,문경시,False,2007,2012,5280.0,11230.0,6115.0,0,8.571681376700306,-0.7546626710321824,-0.1468186714209665,True
GB_문경시,GB,문경시,문경시,False,2008,2012,5228.0,11143.0,5747.0,0,8.561784074744113,-0.7567827023029405,-0.09464918376362874,True
GB_문경시,GB,문경시,문경시,False,2009,2012,5273.0,11087.0,5531.0,0,8.57035473953047,-0.7431737902418813,-0.04776917046420692,True
GB_문경시,GB,문경시,문경시,False,2010,2012,5159.0,11038.0,5415.0,0,8.54849804124465,-0.7606011027547961,-0.0484301181904403,True
GB_문경시,GB,문경시,문경시,False,2011,2012,4982.0,11108.0,5379.0,0,8.513586695822125,-0.8018341526045649,-0.07667106645111765,True
GB_봉화군,GB,봉화군,봉화군,False,2000,2012,3581.0,12497.0,3947.0,0,8.183397369998433,-1.2498465244873511,-0.09731370566441377,True
GB_봉화군,GB,봉화군,봉화군,False,2001,2012,3658.0,12509.0,4001.0,0,8.204671828950811,-1.2295318352639306,-0.08962777990642401,True
GB_봉화군,GB,봉화군,봉화군,False,2002,2012,3509.0,12442.0,3940.0,0,8.163086375583216,-1.2657467494917487,-0.11584962670876386,True
GB_봉화군,GB,봉화군,봉화군,False,2003,2012,3479.0,12421.0,3960.0,0,8.154500175151941,-1.2726436923922524,-0.129499129096585,True
GB_봉화군,GB,봉화군,봉화군,False,2004,2012,3380.0,12404.0,3976.0,0,8.125630988477065,-1.3001432917432751,-0.16240057929939944,True
GB_봉화군,GB,봉화군,봉화군,False,2005,2012,3315.0,12375.0,3893.0,0,8.106212902619962,-1.3172206848169292,-0.16072244499049404,True
GB_봉화군,GB,봉화군,봉화군,False,2006,2012,3204.0,12346.0,3895.0,0,8.07215530818825,-1.3489320947655905,-0.19529365011659827,True
GB_봉화군,GB,봉화군,봉화군,False,2007,2012,3276.0,12302.0,3794.0,0,8.09437844497296,-1.323138684795353,-0.14679770552199933,True
GB_봉화군,GB,봉화군,봉화군,False,2008,2012,3272.0,12177.0,3664.0,0,8.093156697722637,-1.3141475077843694,-0.1131540280713832,True
GB_봉화군,GB,봉화군,봉화군,False,2009,2012,3236.0,11958.0,3621.0,0,8.082093278178382,-1.3070625112624672,-0.11241223158725866,True
GB_봉화군,GB,봉화군,봉화군,False,2010,2012,3284.0,11895.0,3565.0,0,8.096817470572319,-1.2870559521647387,-0.08210186227607785,True
GB_봉화군,GB,봉화군,봉화군,False,2011,2012,3014.0,11838.0,3506.0,0,8.01102337918644,-1.3680465960642305,-0.15120768629473957,True
GB_상주시,GB,상주시,상주시,False,2000,2009,16882.0,28215.0,17651.0,1,9.734003244543665,-0.5136057858595748,-0.044544473436614496,True
GB_상주시,GB,상주시,상주시,False,2001,2009,17093.0,28081.0,17899.0,1,9.746424301956267,-0.4964241680849817,-0.046075822390232446,True
GB_상주시,GB,상주시,상주시,False,2002,2009,16913.0,27962.0,17817.0,1,9.735837835974042,-0.5027638885737282,-0.05207050070992736,True
GB_상주시,GB,상주시,상주시,False,2003,2009,16341.0,27651.0,17568.0,1,9.701432566051784,-0.52598460660999,-0.07240177825747374,True
GB_상주시,GB,상주시,상주시,False,2004,2009,16101.0,27495.0,17270.0,1,9.686636660844938,-0.5351227880969773,-0.07008951029578725,True
GB_상주시,GB,상주시,상주시,False,2005,2009,15627.0,26935.0,16736.0,1,9.656755466413301,-0.5444263687013322,-0.06856190045134802,True
GB_상주시,GB,상주시,상주시,False,2006,2009,15070.0,26731.0,16612.0,1,9.620461291620542,-0.5731179279611656,-0.09741931313010177,True
GB_상주시,GB,상주시,상주시,False,2007,2009,14945.0,26685.0,16377.0,1,9.612132074718039,-0.5797248140500066,-0.09150111573182862,True
GB_상주시,GB,상주시,상주시,False,2008,2009,14670.0,26480.0,15920.0,1,9.593559871137028,-0.5905851389139158,-0.08177158826134523,True
GB_상주시,GB,상주시,상주시,False,2009,2009,14257.0,26275.0,15657.0,1,9.56500329315396,-0.611369902591191,-0.09367008715756242,True
GB_상주시,GB,상주시,상주시,False,2010,2009,13887.0,26187.0,15511.0,1,9.53870842969938,-0.6343099537040793,-0.11059629892537082,True
GB_상주시,GB,상주시,상주시,False,2011,2009,13359.0,26158.0,15170.0,1,9.499945593989812,-0.6719647560592854,-0.12712947835276545,True
GB_성주군,GB,성주군,성주군,False,2000,2012,4305.0,11351.0,8661.0,0,8.367532416861831,-0.9695287078935078,-0.6990530514692139,True
GB_성주군,GB,성주군,성주군,False,2001,2012,4380.0,11283.0,8766.0,0,8.384804003370492,-0.9462484437679546,-0.6938318776082628,True
GB_성주군,GB,성주군,성주군,False,2002,2012,4311.0,11220.0,8815.0,0,8.368925174747135,-0.9565280043295523,-0.7152849200848355,True
GB_성주군,GB,성주군,성주군,False,2003,2012,3654.0,11103.0,8762.0,0,8.203577736937952,-1.1113928841163148,-0.8746017314358916,True
GB_성주군,GB,성주군,성주군,False,2004,2012,3707.0,11085.0,8560.0,0,8.217978203150732,-1.0953699188996797,-0.8368772659850556,True
GB_성주군,GB,성주군,성주군,False,2005,2012,3561.0,11043.0,8492.0,0,8.177796683277778,-1.1317553387693522,-0.8690831395453689,True
GB_성주군,GB,성주군,성주군,False,2006,2012,3456.0,11002.0,8485.0,0,8.147867129923947,-1.1579652235114573,-0.8981880477443802,True
GB_성주군,GB,성주군,성주군,False,2007,2012,3527.0,10972.0,8421.0,0,8.168202930236053,-1.134898921821442,-0.8702809347939393,True
GB_성주군,GB,성주군,성주군,False,2008,2012,3632.0,10735.0,8318.0,0,8.197538739721184,-1.083725970591697,-0.8286383805816726,True
GB_성주군,GB,성주군,성주군,False,2009,2012,3568.0,10591.0,8215.0,0,8.1797604936999,-1.087999369143768,-0.8339565367714687,True
GB_성주군,GB,성주군,성주군,False,2010,2012,3168.0,10498.0,7973.0,0,8.060855752934316,-1.1980842888779293,-0.9229603595681795,True
GB_성주군,GB,성주군,성주군,False,2011,2012,3013.0,10452.0,7950.0,0,8.0106915391303,-1.243857087510202,-0.9702356685180771,True
GB_안동시,GB,안동시,안동시,False,2000,2012,7402.0,21126.0,8253.0,0,8.909505512946101,-1.0487542754370072,-0.1088265366465837,True
GB_안동시,GB,안동시,안동시,False,2001,2012,7557.0,21033.0,8360.0,0,8.93022956502072,-1.0236183468543576,-0.10098414105802611,True
GB_안동시,GB,안동시,안동시,False,2002,2012,7501.0,20936.0,8316.0,0,8.922791623969637,-1.026433820240344,-0.10314502500826706,True
GB_안동시,GB,안동시,안동시,False,2003,2012,7184.0,20602.0,8279.0,0,8.879611609982035,-1.0535318274616028,-0.14186585715677147,True
GB_안동시,GB,안동시,안동시,False,2004,2012,7112.0,20453.0,8263.0,0,8.86953877719374,-1.0563460727844252,-0.15000421950744425,True
GB_안동시,GB,안동시,안동시,False,2005,2012,6718.0,20360.0,8122.0,0,8.812545770172237,-1.1087817004922211,-0.18978593807400657,True
GB_안동시,GB,안동시,안동시,False,2006,2012,6811.0,20261.0,8148.0,0,8.826294231241318,-1.0901589036848325,-0.17923354610537778,True
GB_안동시,GB,안동시,안동시,False,2007,2012,6799.0,20038.0,7828.0,0,8.82453082152646,-1.080854928292748,-0.14093150698950652,True
GB_안동시,GB,안동시,안동시,False,2008,2012,6909.0,19786.0,7711.0,0,8.840580188488795,-1.0521497073943724,-0.10982297134416541,True
GB_안동시,GB,안동시,안동시,False,2009,2012,7020.0,20300.0,7753.0,0,8.856518497019858,-1.0618576680100205,-0.09931664719910138,True
GB_안동시,GB,안동시,안동시,False,2010,2012,6444.0,20229.0,7695.0,0,8.770904744296866,-1.1439677531058265,-0.17742130197611417,True
GB_안동시,GB,안동시,안동시,False,2011,2012,5761.0,20044.0,7255.0,0,8.658866349732383,-1.246818786347232,-0.23057981558590512,True
GB_영덕군,GB,영덕군,영덕군,False,2000,2012,3139.0,6750.0,3524.0,0,8.051659556841953,-0.7656382270246223,-0.11569243021411779,True
GB_영덕군,GB,영덕군,영덕군,False,2001,2012,3151.0,6698.0,3571.0,0,8.055475141757274,-0.7540891115968762,-0.12512580583717536,True
GB_영덕군,GB,영덕군,영덕군,False,2002,2012,3090.0,6656.0,3556.0,0,8.035926369891792,-0.7673476126092531,-0.14046522674200368,True
GB_영덕군,GB,영덕군,영덕군,False,2003,2012,2981.0,6612.0,3531.0,0,8.000014093678072,-0.7966273652628431,-0.16932230225031475,True
GB_영덕군,GB,영덕군,영덕군,False,2004,2012,2940.0,6607.0,3525.0,0,7.986164860332727,-0.8097201116971577,-0.18147085491364212,True
GB_영덕군,GB,영덕군,영덕군,False,2005,2012,2882.0,6583.0,3499.0,0,7.966239776559467,-0.8260060709084094,-0.1939927158082213,True
GB_영덕군,GB,영덕군,영덕군,False,2006,2012,2839.0,6554.0,3450.0,0,7.951207156472972,-0.8366236727857874,-0.1949223535524336,True
GB_영덕군,GB,영덕군,영덕군,False,2007,2012,2826.0,6527.0,3421.0,0,7.946617563244473,-0.837085135390744,-0.19107062173313238,True
GB_영덕군,GB,영덕군,영덕군,False,2008,2012,2866.0,6446.0,3354.0,0,7.960672608388117,-0.8105424539872654,-0.15723633399503711,True
GB_영덕군,GB,영덕군,영덕군,False,2009,2012,2821.0,6342.0,3301.0,0,7.944846711001996,-0.8101027440962971,-0.15713402085119643,True
GB_영덕군,GB,영덕군,영덕군,False,2010,2012,2648.0,6259.0,3170.0,0,7.881559917056899,-0.8602157898678016,-0.17992694981442803,True
GB_영덕군,GB,영덕군,영덕군,False,2011,2012,2266.0,6179.0,3161.0,0,7.725771441587952,-1.0031402834730283,-0.3328722706276661,True
GB_영양군,GB,영양군,영양군,False,2000,2012,1356.0,6693.0,1753.0,0,7.212294468500341,-1.5965230146003009,-0.2567894164208937,True
GB_영양군,GB,영양군,영양군,False,2001,2012,1411.0,6707.0,1780.0,0,7.252053951852814,-1.5588530842469224,-0.2323146914333165,True
GB_영양군,GB,영양군,영양군,False,2002,2012,1237.0,6683.0,1795.0,0,7.1204443723924875,-1.6868778951185828,-0.3723159285298916,True
GB_영양군,GB,영양군,영양군,False,2003,2012,1279.0,6640.0,1805.0,0,7.153833801578843,-1.6470334408916365,-0.34448206918813806,True
GB_영양군,GB,영양군,영양군,False,2004,2012,1225.0,6623.0,1789.0,0,7.110696122978827,-1.6876075955061518,-0.37871596052989176,True
GB_영양군,GB,영양군,영양군,False,2005,2012,1196.0,6584.0,1771.0,0,7.086737934510577,-1.7056598078463292,-0.39256170327225703,True
GB_영양군,GB,영양군,영양군,False,2006,2012,1030.0,6565.0,1752.0,0,6.937314081223682,-1.8521937055132147,-0.5311991902726554,True
GB_영양군,GB,영양군,영양군,False,2007,2012,1084.0,6516.0,1736.0,0,6.988413181999592,-1.7936027877223442,-0.4709257132207041,True
GB_영양군,GB,영양군,영양군,False,2008,2012,1057.0,6474.0,1735.0,0,6.963189985870238,-1.8123594486159513,-0.49557270651072205,True
GB_영양군,GB,영양군,영양군,False,2009,2012,1149.0,6425.0,1737.0,0,7.046647277848756,-1.7213046319146645,-0.41326748839234906,True
GB_영양군,GB,영양군,영양군,False,2010,2012,1174.0,6362.0,1718.0,0,7.068172000388042,-1.6899260719210467,-0.38074410215615817,True
GB_영양군,GB,영양군,영양군,False,2011,2012,932.0,6220.0,1620.0,0,6.837332814685591,-1.8981923710476343,-0.5528486135408386,True
GB_영주시,GB,영주시,영주시,False,2000,2012,5890.0,14953.0,6542.0,0,8.681011276645632,-0.931655950938211,-0.10498693145269655,True
GB_영주시,GB,영주시,영주시,False,2001,2012,5995.0,14820.0,6652.0,0,8.698681067461614,-0.9050518313884641,-0.10399177285120409,True
GB_영주시,GB,영주시,영주시,False,2002,2012,6043.0,14798.0,6668.0,0,8.706655856361559,-0.8955914591239367,-0.09841938750912504,True
GB_영주시,GB,영주시,영주시,False,2003,2012,5725.0,14743.0,6652.0,0,8.65259782842244,-0.9459258444273804,-0.15007501189037775,True
GB_영주시,GB,영주시,영주시,False,2004,2012,5468.0,14691.0,6279.0,0,8.60666819784384,-0.9883221425265862,-0.13829781327026858,True
GB_영주시,GB,영주시,영주시,False,2005,2012,5258.0,14572.0,6316.0,0,8.567506005289827,-1.0193511528386274,-0.18333537008570566,True
GB_영주시,GB,영주시,영주시,False,2006,2012,4940.0,14536.0,6277.0,0,8.505120610181969,-1.0792629998940377,-0.23952682813556336,True
GB_영주시,GB,영주시,영주시,False,2007,2012,4990.0,14436.0,6088.0,0,8.515191188745565,-1.0622891770171137,-0.19888371079595757,True
GB_영주시,GB,영주시,영주시,False,2008,2012,4958.0,14310.0,5946.0,0,8.508757712595136,-1.0599561599553606,-0.18171629096290687,True
GB_영주시,GB,영주시,영주시,False,2009,2012,5328.0,14220.0,5934.0,0,8.580731212220226,-0.9816734911370055,-0.1077225886305424,True
GB_영주시,GB,영주시,영주시,False,2010,2012,5114.0,14161.0,5819.0,0,8.539737155851132,-1.0185098303719275,-0.12914654880553833,True
GB_영주시,GB,영주시,영주시,False,2011,2012,4987.0,14071.0,5809.0,0,8.514589805546123,-1.0372814152421324,-0.15257391244641028,True
GB_영천시,GB,영천시,영천시,False,2000,2012,5305.0,15919.0,5888.0,0,8.576405051048084,-1.098863592307051,-0.10426660936062859,True
GB_영천시,GB,영천시,영천시,False,2001,2012,5517.0,15874.0,5981.0,0,8.61558951327243,-1.0568483163783906,-0.08075354377212562,True
GB_영천시,GB,영천시,영천시,False,2002,2012,5296.0,15874.0,5907.0,0,8.574707097616844,-1.0977307320339769,-0.10918626969039025,True
GB_영천시,GB,영천시,영천시,False,2003,2012,5030.0,15794.0,5808.0,0,8.523175263093785,-1.144210136963741,-0.1438162934108469,True
GB_영천시,GB,영천시,영천시,False,2004,2012,4936.0,15695.0,5874.0,0,8.504310565585223,-1.156786903690831,-0.17398054617334147,True
GB_영천시,GB,영천시,영천시,False,2005,2012,4594.0,15607.0,5809.0,0,8.432506383249043,-1.2229684272935106,-0.23465733474349015,True
GB_영천시,GB,영천시,영천시,False,2006,2012,4450.0,15513.0,5709.0,0,8.400659375160286,-1.2487742859040445,-0.24913978080397392,True
GB_영천시,GB,영천시,영천시,False,2007,2012,4482.0,15332.0,5540.0,0,8.407824654360873,-1.2298727721395721,-0.21192512538045705,True
GB_영천시,GB,영천시,영천시,False,2008,2012,4372.0,15233.0,5197.0,0,8.382975849296429,-1.248243556840272,-0.17286096571201348,True
GB_영천시,GB,영천시,영천시,False,2009,2012,4293.0,15029.0,5024.0,0,8.36474106822456,-1.2529958787095339,-0.15724063992347403,True
GB_영천시,GB,영천시,영천시,False,2010,2012,4017.0,14987.0,4928.0,0,8.298290634359283,-1.3166478032857132,-0.20439787085407346,True
GB_영천시,GB,영천시,영천시,False,2011,2012,3801.0,14838.0,4795.0,0,8.24301946898925,-1.3619272677602225,-0.2323095183282895,True
GB_예천군,GB,예천군,예천군,False,2000,2012,10820.0,18878.0,11852.0,0,9.289151552400472,-0.5566009494844177,-0.09110035629298352,True
GB_예천군,GB,예천군,예천군,False,2001,2012,10904.0,18854.0,11948.0,0,9.296884973376368,-0.5475953985797268,-0.09143420595963292,True
GB_예천군,GB,예천군,예천군,False,2002,2012,10823.0,18789.0,11964.0,0,9.289428778295147,-0.5515980928983755,-0.10022864145469157,True
GB_예천군,GB,예천군,예천군,False,2003,2012,10536.0,18704.0,11975.0,0,9.262553243423117,-0.5739394402887328,-0.12802317885599912,True
GB_예천군,GB,예천군,예천군,False,2004,2012,10534.0,18628.0,11199.0,0,9.262363400043334,-0.5700577040589341,-0.061216367539358885,True
GB_예천군,GB,예천군,예천군,False,2005,2012,9976.0,18533.0,11083.0,0,9.207937487359873,-0.6193707184374375,-0.10523019441578008,True
GB_예천군,GB,예천군,예천군,False,2006,2012,9805.0,18444.0,11080.0,0,9.190647738630446,-0.631846654696151,-0.1222492216708293,True
GB_예천군,GB,예천군,예천군,False,2007,2012,9862.0,18332.0,11261.0,0,9.196444266784072,-0.6199591788449421,-0.13265644091295314,True
GB_예천군,GB,예천군,예천군,False,2008,2012,9893.0,17961.0,11072.0,0,9.199582715323222,-0.5963753042702393,-0.11259196253422843,True
GB_예천군,GB,예천군,예천군,False,2009,2012,9663.0,17837.0,10958.0,0,9.176059437999308,-0.6129707925589951,-0.1257656240990528,True
GB_예천군,GB,예천군,예천군,False,2010,2012,9275.0,17724.0,10722.0,0,9.135077887475635,-0.6475970448437458,-0.14497509691184796,True
GB_예천군,GB,예천군,예천군,False,2011,2012,8566.0,17700.0,10439.0,0,9.055556158175316,-0.7257637603866041,-0.19774791323298224,True
GB_울진군,GB,울진군,울진군,False,2000,2012,3720.0,6401.0,3930.0,0,8.221478947267192,-0.542730559874812,-0.054915757596115,True
GB_울진군,GB,울진군,울진군,False,2001,2012,3719.0,6407.0,3986.0,0,8.22121009392507,-0.5439363277139524,-0.06933340684767053,True
GB_울진군,GB,울진군,울진군,False,2002,2012,3687.0,6383.0,3989.0,0,8.212568398234145,-0.5488250870219122,-0.07872745367126122,True
GB_울진군,GB,울진군,울진군,False,2003,2012,3528.0,6353.0,4004.0,0,8.168486417126681,-0.5881960041398511,-0.12656272330842988,True
GB_울진군,GB,울진군,울진군,False,2004,2012,3391.0,6276.0,3927.0,0,8.128880142125638,-0.615607971727286,-0.14675091245237226,True
GB_울진군,GB,울진군,울진군,False,2005,2012,3260.0,6219.0,3886.0,0,8.089482474360754,-0.6458819267431348,-0.1756531555766312,True
GB_울진군,GB,울진군,울진군,False,2006,2012,3105.0,6154.0,3880.0,0,8.040768994367578,-0.6840885615144092,-0.2228214382497402,True
GB_울진군,GB,울진군,울진군,False,2007,2012,3068.0,6101.0,3853.0,0,8.028781162487148,-0.6874268086647053,-0.22782618213900996,True
GB_울진군,GB,울진군,울진군,False,2008,2012,2870.0,5914.0,3701.0,0,7.962067308753666,-0.7230103916587565,-0.2542910236324891,True
GB_울진군,GB,울진군,울진군,False,2009,2012,2797.0,5736.0,3517.0,0,7.936302693201959,-0.718214689077497,-0.22906093927202242,True
GB_울진군,GB,울진군,울진군,False,2010,2012,2673.0,5474.0,3280.0,0,7.890956716138919,-0.7168081734617049,-0.20464198523927113,True
GB_울진군,GB,울진군,울진군,False,2011,2012,2540.0,5345.0,3249.0,0,7.8399193600125825,-0.7439974634465623,-0.24618317565651804,True
GB_의성군,GB,의성군,의성군,False,2000,2011,11317.0,20897.0,12175.0,0,9.334061298965942,-0.6132995880141561,-0.07307864898484873,True
GB_의성군,GB,의성군,의성군,False,2001,2011,11416.0,20843.0,12242.0,0,9.342771159156673,-0.6020022802849976,-0.06985678225434278,True
GB_의성군,GB,의성군,의성군,False,2002,2011,11231.0,20773.0,12350.0,0,9.326433090963036,-0.6149762545716495,-0.094978251093087,True
GB_의성군,GB,의성군,의성군,False,2003,2011,11208.0,20686.0,12334.0,0,9.324383088016843,-0.6128293339209065,-0.09573186753459595,True
GB_의성군,GB,의성군,의성군,False,2004,2011,11128.0,20650.0,12315.0,0,9.31721973360328,-0.6182508647858995,-0.10135357695135916,True
GB_의성군,GB,의성군,의성군,False,2005,2011,10819.0,20560.0,12298.0,0,9.289059126687574,-0.642043592881528,-0.12813279982584014,True
GB_의성군,GB,의성군,의성군,False,2006,2011,11191.0,20500.0,12268.0,0,9.322865162818028,-0.6053150023084726,-0.0918843624161152,True
GB_의성군,GB,의성군,의성군,False,2007,2011,11250.0,20445.0,12302.0,0,9.328123407632566,-0.597370225166177,-0.08939372213574792,True
GB_의성군,GB,의성군,의성군,False,2008,2011,11232.0,20303.0,12200.0,0,9.326522126265592,-0.5920018110966492,-0.08266910445575526,True
GB_의성군,GB,의성군,의성군,False,2009,2011,11129.0,20619.0,12341.0,0,9.317309592973425,-0.6166586668162903,-0.10337273847975936,True
GB_의성군,GB,의성군,의성군,False,2010,2011,11121.0,20582.0,12190.0,0,9.316590491818841,-0.6155816945771964,-0.09178073065647574,True
GB_의성군,GB,의성군,의성군,False,2011,2011,10650.0,20526.0,12064.0,0,9.273315171137572,-0.6561324830680881,-0.124665919110166,True
GB_청도군,GB,청도군,청도군,False,2000,2012,4180.0,11165.0,4569.0,0,8.338066525518801,-0.982472638755457,-0.08898311604447073,True
GB_청도군,GB,청도군,청도군,False,2001,2012,4122.0,11027.0,4471.0,0,8.324093761450404,-0.9840083283082741,-0.08127361478357642,True
GB_청도군,GB,청도군,청도군,False,2002,2012,3990.0,10978.0,4439.0,0,8.29154650988391,-1.0121020392259243,-0.10663789495012566,True
GB_청도군,GB,청도군,청도군,False,2003,2012,3739.0,10937.0,4382.0,0,8.226573474977114,-1.0733333403581113,-0.1586870451782989,True
GB_청도군,GB,청도군,청도군,False,2004,2012,3544.0,10887.0,4344.0,0,8.173011311724972,-1.1223133841562074,-0.20353954988879863,True
GB_청도군,GB,청도군,청도군,False,2005,2012,3381.0,10782.0,4219.0,0,8.125926802707886,-1.159706553303728,-0.22142660941645254,True
GB_청도군,GB,청도군,청도군,False,2006,2012,3425.0,10707.0,4186.0,0,8.138856750696325,-1.1397962614619441,-0.20064415230961963,True
GB_청도군,GB,청도군,청도군,False,2007,2012,3436.0,10672.0,4090.0,0,8.142063283104147,-1.1333154850512575,-0.17423696593270144,True
GB_청도군,GB,청도군,청도군,False,2008,2012,3414.0,10491.0,3990.0,0,8.135639903354386,-1.1226331223770991,-0.15590660652952337,True
GB_청도군,GB,청도군,청도군,False,2009,2012,3378.0,10368.0,3912.0,0,8.125039097367745,-1.121440321224311,-0.14676493378696343,True
GB_청도군,GB,청도군,청도군,False,2010,2012,3205.0,10212.0,3838.0,0,8.07246736935477,-1.1588514090066049,-0.18023930721287407,True
GB_청도군,GB,청도군,청도군,False,2011,2012,3033.0,10093.0,3745.0,0,8.017307507688582,-1.202289885550277,-0.21086938826273816,True
GB_청송군,GB,청송군,청송군,False,2000,2012,1747.0,8186.0,1947.0,0,7.465655310134056,-1.5445253469182925,-0.10838969523814335,True
GB_청송군,GB,청송군,청송군,False,2001,2012,1793.0,8157.0,1955.0,0,7.491645473605133,-1.5149862596954469,-0.08649999881433335,True
GB_청송군,GB,청송군,청송군,False,2002,2012,1678.0,8147.0,1923.0,0,7.425357887027151,-1.5800471532834903,-0.1362838585616286,True
GB_청송군,GB,청송군,청송군,False,2003,2012,1671.0,8083.0,1921.0,0,7.421177528595393,-1.5763408411384514,-0.1394236341731636,True
GB_청송군,GB,청송군,청송군,False,2004,2012,1642.0,7997.0,1903.0,0,7.403670290012373,-1.5831514603195167,-0.14751657728377587,True
GB_청송군,GB,청송군,청송군,False,2005,2012,1526.0,7944.0,1875.0,0,7.330405211844402,-1.6497669938806059,-0.20595872656010883,True
GB_청송군,GB,청송군,청송군,False,2006,2012,1544.0,7894.0,1874.0,0,7.342131730584722,-1.6317265256380704,-0.19369873221364564,True
GB_청송군,GB,청송군,청송군,False,2007,2012,1588.0,7822.0,1859.0,0,7.370230641807081,-1.5944649135083795,-0.1575633459143635,True
GB_청송군,GB,청송군,청송군,False,2008,2012,1473.0,7789.0,1852.0,0,7.29505641646263,-1.6654113444573184,-0.22896499874349452,True
GB_청송군,GB,청송군,청송군,False,2009,2012,1474.0,7754.0,1864.0,0,7.295735072749282,-1.660229045481592,-0.23474492249625456,True
GB_청송군,GB,청송군,청송군,False,2010,2012,1362.0,7723.0,1798.0,0,7.216709486709457,-1.7352486818598072,-0.2777207283221079,True
GB_청송군,GB,청송군,청송군,False,2011,2012,1261.0,7643.0,1758.0,0,7.13966033596492,-1.8018851392779647,-0.3322717422802022,True
GB_칠곡군,GB,칠곡군,칠곡군,False,2000,2012,3376.0,7249.0,4358.0,0,8.124446855715847,-0.7641719515850305,-0.25532165978871824,True
GB_칠곡군,GB,칠곡군,칠곡군,False,2001,2012,3517.0,7186.0,4358.0,0,8.165363632473982,-0.7145263351994817,-0.2144048830305838,True
GB_칠곡군,GB,칠곡군,칠곡군,False,2002,2012,3435.0,7151.0,4378.0,0,8.14177220465645,-0.7332352813919467,-0.24257507342635876,True
GB_칠곡군,GB,칠곡군,칠곡군,False,2003,2012,3196.0,7044.0,4377.0,0,8.069655306886165,-0.7902761627299313,-0.31446353030472984,True
GB_칠곡군,GB,칠곡군,칠곡군,False,2004,2012,3158.0,6940.0,4276.0,0,8.057694194815587,-0.7873628586852632,-0.3030790773293486,True
GB_칠곡군,GB,칠곡군,칠곡군,False,2005,2012,2963.0,6842.0,4119.0,0,7.993957547573565,-0.836877817963984,-0.32940814686251585,True
GB_칠곡군,GB,칠곡군,칠곡군,False,2006,2012,2908.0,6811.0,4078.0,0,7.97522083865341,-0.8510733925879084,-0.3381411124809901,True
GB_칠곡군,GB,칠곡군,칠곡군,False,2007,2012,2877.0,6766.0,3991.0,0,7.964503363551548,-0.8551619857891053,-0.3272937414971855,True
GB_칠곡군,GB,칠곡군,칠곡군,False,2008,2012,3014.0,6480.0,3763.0,0,8.01102337918644,-0.765452410159881,-0.22194841140699673,True
GB_칠곡군,GB,칠곡군,칠곡군,False,2009,2012,2829.0,6378.0,3471.0,0,7.947678571301568,-0.8129312762684346,-0.2045194445602192,True
GB_칠곡군,GB,칠곡군,칠곡군,False,2010,2012,2613.0,6252.0,3197.0,0,7.868254265520613,-0.8724024260207548,-0.20171388353922826,True
GB_칠곡군,GB,칠곡군,칠곡군,False,2011,2012,2442.0,6252.0,3174.0,0,7.80057265467065,-0.9400840368707177,-0.2621752464157039,True
GB_포항시,GB,포항시,포항시,False,2000,2012,9443.0,15435.0,10217.0,0,9.15302900526307,-0.4913639316731899,-0.07877927332835277,True
GB_포항시,GB,포항시,포항시,False,2001,2012,9549.0,15367.0,10326.0,0,9.164191715950203,-0.47578591610512966,-0.07822854948939195,True
GB_포항시,GB,포항시,포항시,False,2002,2012,9500.0,15318.0,10313.0,0,9.159047077588632,-0.4777368088809073,-0.08211343672743787,True
GB_포항시,GB,포항시,포항시,False,2003,2012,9274.0,15293.0,10331.0,0,9.134970064951407,-0.5001804213967169,-0.10793429789803888,True
GB_포항시,GB,포항시,포항시,False,2004,2012,9141.0,15183.0,10257.0,0,9.12052506765382,-0.507406592228369,-0.11519061065359182,True
GB_포항시,GB,포항시,포항시,False,2005,2012,9005.0,15076.0,10240.0,0,9.105535257610056,-0.5153240967769701,-0.12852164098344332,True
GB_포항시,GB,포항시,포항시,False,2006,2012,8477.0,14944.0,10150.0,0,9.045111892608405,-0.5669532678602192,-0.18011709186152736,True
GB_포항시,GB,포항시,포항시,False,2007,2012,8786.0,14770.0,10043.0,0,9.080914824535725,-0.519438550989701,-0.13371632885761464,True
GB_포항시,GB,포항시,포항시,False,2008,2012,8457.0,14713.0,9948.0,0,9.042749779782222,-0.5537369559157259,-0.16237702514107433,True
GB_포항시,GB,포항시,포항시,False,2009,2012,8343.0,14472.0,9698.0,0,9.029178142902074,-0.5507928841730578,-0.15049681476322263,True
GB_포항시,GB,포항시,포항시,False,2010,2012,8317.0,14382.0,9493.0,0,9.026056891868688,-0.5476758117937521,-0.13225307201311054,True
GB_포항시,GB,포항시,포항시,False,2011,2012,8031.0,14300.0,9242.0,0,8.991064332188461,-0.5769504840595374,-0.1404492592417501,True
GG_가평군,GG,가평군,가평군,False,2000,2012,1978.0,4531.0,2123.0,0,7.589841512182657,-0.828856432484482,-0.07074394952059926,True
GG_가평군,GG,가평군,가평군,False,2001,2012,1995.0,4478.0,2112.0,0,7.598399329323964,-0.8085324678347359,-0.056991315502187945,True
GG_가평군,GG,가평군,가평군,False,2002,2012,1950.0,4381.0,2087.0,0,7.575584651557793,-0.8094476362561052,-0.06789825551940787,True
GG_가평군,GG,가평군,가평군,False,2003,2012,1676.0,4270.0,1957.0,0,7.424165281042028,-0.9352038251806425,-0.1550026863540479,True
GG_가평군,GG,가평군,가평군,False,2004,2012,1539.0,4246.0,1892.0,0,7.338888133838879,-1.0148445084243223,-0.206501615772944,True
GG_가평군,GG,가평군,가평군,False,2005,2012,1414.0,4158.0,1799.0,0,7.254177846456518,-1.078611621961441,-0.2408083874940159,True
GG_가평군,GG,가평군,가평군,False,2006,2012,1523.0,4025.0,1731.0,0,7.328437352895162,-0.9718428369575021,-0.12801720228104685,True
GG_가평군,GG,가평군,가평군,False,2007,2012,1481.0,3985.0,1683.0,0,7.300472814267799,-0.9898197769565158,-0.12786037992300692,True
GG_가평군,GG,가평군,가평군,False,2008,2012,1346.0,3939.0,1599.0,0,7.204892510204673,-1.0737896527662327,-0.172241202629281,True
GG_가평군,GG,가평군,가평군,False,2009,2012,1344.0,3883.0,1462.0,0,7.203405521083095,-1.0609578086485723,-0.08415511922662855,True
GG_가평군,GG,가평군,가평군,False,2010,2012,1240.0,3891.0,1429.0,0,7.122866658599083,-1.143554814385471,-0.14186351933078445,True
GG_가평군,GG,가평군,가평군,False,2011,2012,1144.0,3746.0,1394.0,0,7.042286171939743,-1.1861577110642898,-0.19764641938072636,True
GG_고양시,GG,고양시,고양시,False,2000,2012,2909.0,6125.0,2948.0,0,7.975564658495202,-0.7445693769177257,-0.01331759481402539,True
GG_고양시,GG,고양시,고양시,False,2001,2012,2816.0,6000.0,2871.0,0,7.943072717277933,-0.7564420309322584,-0.019342962843131417,True
GG_고양시,GG,고양시,고양시,False,2002,2012,2462.0,5501.0,2477.0,0,7.808729306744399,-0.8039558661310595,-0.006074122744959887,True
GG_고양시,GG,고양시,고양시,False,2003,2012,2319.0,5393.0,2409.0,0,7.7488913372555315,-0.843965758081695,-0.03807566535934015,True
GG_고양시,GG,고양시,고양시,False,2004,2012,2293.0,5302.0,2350.0,0,7.737616282857904,-0.8382231039910666,-0.024554324280300577,True
GG_고양시,GG,고양시,고양시,False,2005,2012,2209.0,5249.0,2311.0,0,7.700295203420117,-0.8654976578321829,-0.045140406854264015,True
GG_고양시,GG,고양시,고양시,False,2006,2012,1754.0,5139.0,2265.0,0,7.469654172932128,-1.0749596140601012,-0.2556758649850064,True
GG_고양시,GG,고양시,고양시,False,2007,2012,1919.0,4987.0,2125.0,0,7.5595594960077,-0.9550303095384232,-0.10196758535081685,True
GG_고양시,GG,고양시,고양시,False,2008,2012,1959.0,4685.0,1894.0,0,7.580189417944541,-0.8719317767279824,0.03374314419851743,True
GG_고양시,GG,고양시,고양시,False,2009,2012,1698.0,4255.0,1758.0,0,7.437206366871292,-0.9186436741361828,-0.03472571137382996,True
GG_고양시,GG,고양시,고양시,False,2010,2012,1525.0,4176.0,1662.0,0,7.329749689041512,-1.007359440520962,-0.08602728637388157,True
GG_고양시,GG,고양시,고양시,False,2011,2012,1552.0,4103.0,1601.0,0,7.347299700743164,-0.9721739916990213,-0.031084012253550064,True
GG_과천시,GG,과천시,과천시,False,2000,2012,102.0,382.0,110.0,0,4.624972813284271,-1.3204477953223046,-0.07550755250814589,True
GG_과천시,GG,과천시,과천시,False,2001,2012,92.0,375.0,99.0,0,4.5217885770490405,-1.4051374489213702,-0.07333127308554932,True
GG_과천시,GG,과천시,과천시,False,2002,2012,87.0,373.0,95.0,0,4.465908118654584,-1.4556703009892322,-0.08796877294595706,True
GG_과천시,GG,과천시,과천시,False,2003,2012,76.0,360.0,87.0,0,4.330733340286331,-1.5553706911638248,-0.13517477836825265,True
GG_과천시,GG,과천시,과천시,False,2004,2012,71.0,361.0,80.0,0,4.2626798770413155,-1.626198081291565,-0.11934675763256575,True
GG_과천시,GG,과천시,과천시,False,2005,2012,64.0,352.0,68.0,0,4.1588830833596715,-1.7047480922384253,-0.060624621816435464,True
GG_과천시,GG,과천시,과천시,False,2006,2012,19.0,343.0,29.0,0,2.9444389791664403,-2.893291467999499,-0.4228568508200339,True
GG_과천시,GG,과천시,과천시,False,2007,2012,22.0,331.0,22.0,0,3.091042453358316,-2.711075922018747,0.0,True
GG_과천시,GG,과천시,과천시,False,2008,2012,20.0,325.0,21.0,0,2.995732273553991,-2.7880929087757464,-0.04879016416943216,True
GG_과천시,GG,과천시,과천시,False,2009,2012,20.0,306.0,21.0,0,2.995732273553991,-2.72785282839839,-0.04879016416943216,True
GG_과천시,GG,과천시,과천시,False,2010,2012,20.0,300.0,21.0,0,2.995732273553991,-2.70805020110221,-0.04879016416943216,True
GG_과천시,GG,과천시,과천시,False,2011,2012,20.0,277.0,21.0,0,2.995732273553991,-2.6282852326333477,-0.04879016416943216,True
GG_광명시,GG,광명시,광명시,False,2000,2012,305.0,850.0,322.0,0,5.720311776607412,-1.0249245728769507,-0.05423976893699667,True
GG_광명시,GG,광명시,광명시,False,2001,2012,298.0,805.0,293.0,0,5.697093486505405,-0.993748790913159,0.016920877488336927,True
GG_광명시,GG,광명시,광명시,False,2002,2012,256.0,794.0,285.0,0,5.545177444479562,-1.1319060167675739,-0.10731173578908848,True
GG_광명시,GG,광명시,광명시,False,2003,2012,232.0,767.0,252.0,0,5.44673737166631,-1.195749429700946,-0.08269171584511348,True
GG_광명시,GG,광명시,광명시,False,2004,2012,229.0,757.0,238.0,0,5.43372200355424,-1.1956412498832085,-0.03854867011723506,True
GG_광명시,GG,광명시,광명시,False,2005,2012,178.0,755.0,202.0,0,5.181783550292085,-1.4449341989569398,-0.12648414710912004,True
GG_광명시,GG,광명시,광명시,False,2006,2012,150.0,623.0,149.0,0,5.0106352940962555,-1.4239112246911976,0.006688988150796327,True
GG_광명시,GG,광명시,광명시,False,2007,2012,136.0,584.0,140.0,0,4.912654885736052,-1.4572460970921748,-0.028987536873251507,True
GG_광명시,GG,광명시,광명시,False,2008,2012,132.0,563.0,146.0,0,4.882801922586371,-1.45047770555332,-0.10080469912196577,True
GG_광명시,GG,광명시,광명시,False,2009,2012,131.0,490.0,145.0,0,4.875197323201151,-1.3192080679035207,-0.10153641921942302,True
GG_광명시,GG,광명시,광명시,False,2010,2012,127.0,489.0,144.0,0,4.844187086458591,-1.3481754030162811,-0.1256262131174095,True
GG_광명시,GG,광명시,광명시,False,2011,2012,133.0,487.0,143.0,0,4.890349128221754,-1.297914994860836,-0.07249550203815325,True
GG_광주시,GG,광주시,광주시,False,2000,2012,1894.0,4415.0,2082.0,0,7.546446273746024,-0.8463168392920375,-0.09463797542889019,True
GG_광주시,GG,광주시,광주시,False,2001,2012,1840.0,4328.0,2005.0,0,7.517520850603031,-0.8553399699232873,-0.08587848913763896,True
GG_광주시,GG,광주시,광주시,False,2002,2012,1779.0,4216.0,1926.0,0,7.483806687665835,-0.8628354025553637,-0.07939390469223628,True
GG_광주시,GG,광주시,광주시,False,2003,2012,1685.0,4198.0,1876.0,0,7.429520842786462,-0.9128426575941164,-0.1073762867797079,True
GG_광주시,GG,광주시,광주시,False,2004,2012,1556.0,4182.0,1798.0,0,7.349873704738337,-0.988671175250242,-0.1445565102932287,True
GG_광주시,GG,광주시,광주시,False,2005,2012,1491.0,4114.0,1710.0,0,7.307202314764738,-1.014948755448164,-0.13704633473196726,True
GG_광주시,GG,광주시,광주시,False,2006,2012,1329.0,4059.0,1687.0,0,7.192182058713246,-1.116509858125652,-0.23852502383272256,True
GG_광주시,GG,광주시,광주시,False,2007,2012,1358.0,3962.0,1636.0,0,7.213768308118642,-1.0707359191398549,-0.1862412090440504,True
GG_광주시,GG,광주시,광주시,False,2008,2012,1262.0,3865.0,1518.0,0,7.140453043101158,-1.1192639179203647,-0.18469591485441672,True
GG_광주시,GG,광주시,광주시,False,2009,2012,1224.0,3795.0,1486.0,0,7.1098794630722715,-1.1315602267574594,-0.1939637622054331,True
GG_광주시,GG,광주시,광주시,False,2010,2012,1184.0,3640.0,1341.0,0,7.076653815443951,-1.1230851451868347,-0.12451706783772742,True
GG_광주시,GG,광주시,광주시,False,2011,2012,967.0,3304.0,1099.0,0,6.874198495453294,-1.2286906391875743,-0.12795745895032695,True
GG_구리시,GG,구리시,구리시,False,2000,2012,4.0,557.0,33.0,0,1.3862943611198906,-4.9362708788073935,-2.11021320034659,False
GG_구리시,GG,구리시,구리시,False,2001,2012,4.0,547.0,33.0,0,1.3862943611198906,-4.91815444130209,-2.11021320034659,False
GG_구리시,GG,구리시,구리시,False,2002,2012,1.0,525.0,33.0,0,0.0,-6.263398262591624,-3.4965075614664802,False
GG_구리시,GG,구리시,구리시,False,2003,2012,1.0,521.0,33.0,0,0.0,-6.255750041753367,-3.4965075614664802,False
GG_구리시,GG,구리시,구리시,False,2004,2012,1.0,508.0,25.0,0,0.0,-6.230481447578482,-3.2188758248682006,False
GG_구리시,GG,구리시,구리시,False,2005,2012,,499.0,7.0,0,,,,False
GG_구리시,GG,구리시,구리시,False,2006,2012,,494.0,7.0,0,,,,False
GG_구리시,GG,구리시,구리시,False,2007,2012,,485.0,7.0,0,,,,False
GG_구리시,GG,구리시,구리시,False,2008,2012,,475.0,7.0,0,,,,False
GG_구리시,GG,구리시,구리시,False,2009,2012,,451.0,7.0,0,,,,False
GG_구리시,GG,구리시,구리시,False,2010,2012,,451.0,7.0,0,,,,False
GG_구리시,GG,구리시,구리시,False,2011,2012,,423.0,7.0,0,,,,False
GG_군포시,GG,군포시,군포시,False,2000,2012,207.0,442.0,212.0,0,5.332718793265369,-0.7585910888123291,-0.02386748140664352,True
GG_군포시,GG,군포시,군포시,False,2001,2012,194.0,438.0,206.0,0,5.267858159063328,-0.8143607513131181,-0.06001800972625304,True
GG_군포시,GG,군포시,군포시,False,2002,2012,194.0,426.0,202.0,0,5.267858159063328,-0.7865811872060426,-0.04040953833787686,True
GG_군포시,GG,군포시,군포시,False,2003,2012,177.0,424.0,190.0,0,5.176149732573829,-0.8735837226581289,-0.07087433958665734,True
GG_군포시,GG,군포시,군포시,False,2004,2012,172.0,422.0,190.0,0,5.147494476813453,-0.8975108372225593,-0.09952959534703343,True
GG_군포시,GG,군포시,군포시,False,2005,2012,133.0,363.0,147.0,0,4.890349128221754,-1.0040537060430967,-0.10008345855698231,True
GG_군포시,GG,군포시,군포시,False,2006,2012,131.0,342.0,146.0,0,4.875197323201151,-0.9596134138614536,-0.10840929850718517,True
GG_군포시,GG,군포시,군포시,False,2007,2012,117.0,341.0,146.0,0,4.762173934797756,-1.0697085424857606,-0.22143268691058005,True
GG_군포시,GG,군포시,군포시,False,2008,2012,124.0,343.0,129.0,0,4.820281565605037,-1.0174488815609024,-0.03953083875663488,True
GG_군포시,GG,군포시,군포시,False,2009,2012,123.0,284.0,107.0,0,4.812184355372417,-0.8367898827887892,0.1393555209105113,True
GG_군포시,GG,군포시,군포시,False,2010,2012,102.0,248.0,98.0,0,4.624972813284271,-0.8884559328807118,0.04000533461369837,True
GG_군포시,GG,군포시,군포시,False,2011,2012,91.0,232.0,99.0,0,4.51085950651685,-0.9358778651494601,-0.08426034361774004,True
GG_김포시,GG,김포시,김포시,False,2000,2012,8004.0,10362.0,8192.0,0,8.987696695703624,-0.2582038516711087,-0.023216651575664216,True
GG_김포시,GG,김포시,김포시,False,2001,2012,7993.0,10272.0,8164.0,0,8.98632143762602,-0.25085558830372356,-0.021168086303715583,True
GG_김포시,GG,김포시,김포시,False,2002,2012,7839.0,10118.0,8017.0,0,8.966866554188723,-0.25520474066315835,-0.022453011854228322,True
GG_김포시,GG,김포시,김포시,False,2003,2012,7637.0,10036.0,7828.0,0,8.940760134888384,-0.27317377259792863,-0.024702193627582858,True
GG_김포시,GG,김포시,김포시,False,2004,2012,7417.0,9945.0,7676.0,0,8.911529941736559,-0.2932952495515142,-0.03432391539103108,True
GG_김포시,GG,김포시,김포시,False,2005,2012,7396.0,9928.0,7593.0,0,8.908694592507015,-0.29441973437742774,-0.02628745670621946,True
GG_김포시,GG,김포시,김포시,False,2006,2012,7002.0,9803.0,7252.0,0,8.85395110151461,-0.33649263874711544,-0.035081470360131206,True
GG_김포시,GG,김포시,김포시,False,2007,2012,6703.0,9638.0,6995.0,0,8.810310466357958,-0.36315843084232036,-0.04264042074162333,True
GG_김포시,GG,김포시,김포시,False,2008,2012,6225.0,9558.0,6998.0,0,8.736328721332908,-0.42880505780519584,-0.11705095159472556,True
GG_김포시,GG,김포시,김포시,False,2009,2012,6009.0,8461.0,6354.0,0,8.701013624333928,-0.3422090245905718,-0.05582619049553372,True
GG_김포시,GG,김포시,김포시,False,2010,2012,5681.0,8164.0,6038.0,0,8.644882552557126,-0.36260697137260856,-0.06094555770965826,True
GG_김포시,GG,김포시,김포시,False,2011,2012,5297.0,8092.0,5841.0,0,8.574895901544526,-0.4237352967431107,-0.09776139249578364,True
GG_남양주시,GG,남양주시,남양주시,False,2000,2012,1080.0,5572.0,1342.0,0,6.984716320118266,-1.6407930147814307,-0.2171999974133616,True
GG_남양주시,GG,남양주시,남양주시,False,2001,2012,983.0,5251.0,1196.0,0,6.890609120147166,-1.675564693490692,-0.19612881436341034,True
GG_남양주시,GG,남양주시,남양주시,False,2002,2012,946.0,5015.0,1161.0,0,6.852242569051878,-1.6679461313441575,-0.20479441264601306,True
GG_남양주시,GG,남양주시,남양주시,False,2003,2012,800.0,4829.0,1046.0,0,6.684611727667927,-1.797782958205615,-0.2681169169569415,True
GG_남양주시,GG,남양주시,남양주시,False,2004,2012,629.0,4719.0,827.0,0,6.444131256700441,-2.015220935025946,-0.2736734383232502,True
GG_남양주시,GG,남양주시,남양주시,False,2005,2012,610.0,4664.0,766.0,0,6.413458957167357,-2.0341697708629702,-0.2277232125732338,True
GG_남양주시,GG,남양주시,남양주시,False,2006,2012,568.0,4550.0,760.0,0,6.342121418721152,-2.0807610932238445,-0.2911970145592253,True
GG_남양주시,GG,남양주시,남양주시,False,2007,2012,517.0,4228.0,712.0,0,6.248042874508429,-2.1014414724816985,-0.32003503690354673,True
GG_남양주시,GG,남양주시,남양주시,False,2008,2012,504.0,4019.0,603.0,0,6.222576268071369,-2.0762121263778317,-0.17934092865581697,True
GG_남양주시,GG,남양주시,남양주시,False,2009,2012,516.0,3683.0,559.0,0,6.246106765481563,-1.965376150963503,-0.08004270767353638,True
GG_남양주시,GG,남양주시,남양주시,False,2010,2012,381.0,3616.0,518.0,0,5.942799375126701,-2.2503243463853666,-0.30717586713278155,True
GG_남양주시,GG,남양주시,남양주시,False,2011,2012,378.0,3462.0,421.0,0,5.934894195619588,-2.2147075401165672,-0.10773863806279316,True
GG_동두천시,GG,동두천시,동두천시,False,2000,2012,210.0,723.0,197.0,0,5.3471075307174685,-1.2363016914412963,0.06390380197947998,True
GG_동두천시,GG,동두천시,동두천시,False,2001,2012,181.0,693.0,187.0,0,5.198497031265826,-1.3425329679240772,-0.03261158558876076,True
GG_동두천시,GG,동두천시,동두천시,False,2002,2012,176.0,679.0,188.0,0,5.170483995038151,-1.350137132520545,-0.06595796779179786,True
GG_동두천시,GG,동두천시,동두천시,False,2003,2012,171.0,672.0,184.0,0,5.14166355650266,-1.3685947840204893,-0.0732722011063256,True
GG_동두천시,GG,동두천시,동두천시,False,2004,2012,174.0,671.0,184.0,0,5.159055299214529,-1.349713837757153,-0.05588045839445677,True
GG_동두천시,GG,동두천시,동두천시,False,2005,2012,166.0,622.0,179.0,0,5.111987788356544,-1.3209523043826357,-0.07539801748421127,True
GG_동두천시,GG,동두천시,동두천시,False,2006,2012,117.0,591.0,167.0,0,4.762173934797756,-1.6196420826083422,-0.35581987761899914,True
GG_동두천시,GG,동두천시,동두천시,False,2007,2012,127.0,578.0,161.0,0,4.844187086458591,-1.5153867822137865,-0.23721727852587193,True
GG_동두천시,GG,동두천시,동두천시,False,2008,2012,100.0,553.0,155.0,0,4.605170185988092,-1.7101878155342431,-0.438254930931155,True
GG_동두천시,GG,동두천시,동두천시,False,2009,2012,121.0,519.0,150.0,0,4.795790545596741,-1.456113337569147,-0.21484474849951418,True
GG_동두천시,GG,동두천시,동두천시,False,2010,2012,121.0,520.0,148.0,0,4.795790545596741,-1.4580382659787317,-0.20142172816737336,True
GG_동두천시,GG,동두천시,동두천시,False,2011,2012,103.0,501.0,120.0,0,4.634728988229636,-1.5818771128552287,-0.15276275455240995,True
GG_부천시,GG,부천시,부천시,False,2000,2012,404.0,846.0,443.0,0,6.0014148779611505,-0.7391044816450725,-0.0921548920839852,True
GG_부천시,GG,부천시,부천시,False,2001,2012,389.0,822.0,418.0,0,5.963579343618446,-0.7481610514377337,-0.07190208890631045,True
GG_부천시,GG,부천시,부천시,False,2002,2012,366.0,819.0,396.0,0,5.902633333401366,-0.8054507504517039,-0.07878087785311472,True
GG_부천시,GG,부천시,부천시,False,2003,2012,333.0,788.0,383.0,0,5.808142489980444,-0.8613555998774354,-0.13989249920020175,True
GG_부천시,GG,부천시,부천시,False,2004,2012,329.0,807.0,377.0,0,5.796057750765372,-0.8972659175045772,-0.136187436682639,True
GG_부천시,GG,부천시,부천시,False,2005,2012,319.0,813.0,378.0,0,5.765191102784844,-0.9355400067629658,-0.1697030928347436,True
GG_부천시,GG,부천시,부천시,False,2006,2012,341.0,811.0,362.0,0,5.831882477283517,-0.8663855768318962,-0.05976173454225453,True
GG_부천시,GG,부천시,부천시,False,2007,2012,341.0,762.0,356.0,0,5.831882477283517,-0.8040640784031297,-0.043048253568513495,True
GG_부천시,GG,부천시,부천시,False,2008,2012,340.0,760.0,356.0,0,5.8289456176102075,-0.8043728156701695,-0.04598511324182297,True
GG_부천시,GG,부천시,부천시,False,2009,2012,344.0,701.0,338.0,0,5.840641657373398,-0.711866229661192,0.017595761890379258,True
GG_부천시,GG,부천시,부천시,False,2010,2012,321.0,701.0,338.0,0,5.771441123130016,-0.7810667639045743,-0.05160477235300309,True
GG_부천시,GG,부천시,부천시,False,2011,2012,305.0,683.0,309.0,0,5.720311776607412,-0.8061830829633783,-0.013029500290334006,True
GG_성남시,GG,성남시,성남시,False,2000,2012,153.0,1067.0,190.0,0,5.030437921392435,-1.9421683299093182,-0.21658615076805088,True
GG_성남시,GG,성남시,성남시,False,2001,2012,160.0,1046.0,196.0,0,5.075173815233827,-1.877554829391042,-0.2029408439966902,True
GG_성남시,GG,성남시,성남시,False,2002,2012,136.0,971.0,148.0,0,4.912654885736052,-1.9656715825552729,-0.08455738802806234,True
GG_성남시,GG,성남시,성남시,False,2003,2012,139.0,961.0,143.0,0,4.9344739331306915,-1.933500475839601,-0.028370697129215472,True
GG_성남시,GG,성남시,성남시,False,2004,2012,118.0,967.0,143.0,0,4.770684624465665,-2.103513870987629,-0.19216000579424186,True
GG_성남시,GG,성남시,성남시,False,2005,2012,83.0,961.0,142.0,0,4.418840607796598,-2.4491338011736943,-0.5369864498046626,True
GG_성남시,GG,성남시,성남시,False,2006,2012,66.0,635.0,103.0,0,4.189654742026425,-2.2639702568662665,-0.4450742462032107,True
GG_성남시,GG,성남시,성남시,False,2007,2012,84.0,631.0,101.0,0,4.430816798843313,-2.0164890636978994,-0.18430371799794631,True
GG_성남시,GG,성남시,성남시,False,2008,2012,59.0,635.0,98.0,0,4.07753744390572,-2.376087554986972,-0.5074300347648526,True
GG_성남시,GG,성남시,성남시,False,2009,2012,66.0,571.0,91.0,0,4.189654742026425,-2.1577344676295853,-0.32120476449042457,True
GG_성남시,GG,성남시,성남시,False,2010,2012,60.0,568.0,80.0,0,4.0943445622221,-2.2477768564990512,-0.2876820724517808,True
GG_성남시,GG,성남시,성남시,False,2011,2012,61.0,480.0,63.0,0,4.110873864173311,-2.0629122397286253,-0.03226086221822122,True
GG_수원시,GG,수원시,수원시,False,2000,2012,1290.0,1958.0,1348.0,0,7.162397497355718,-0.41728132573473786,-0.04397979411653452,True
GG_수원시,GG,수원시,수원시,False,2001,2012,1291.0,1955.0,1339.0,0,7.1631723908466425,-0.41497308157282387,-0.036505954844529676,True
GG_수원시,GG,수원시,수원시,False,2002,2012,1272.0,1948.0,1341.0,0,7.148345743900068,-0.42621274030241274,-0.0528251393816106,True
GG_수원시,GG,수원시,수원시,False,2003,2012,1183.0,1935.0,1289.0,0,7.075808863978387,-0.4920537414854955,-0.08581313896080012,True
GG_수원시,GG,수원시,수원시,False,2004,2012,1121.0,1941.0,1210.0,0,7.02197642307216,-0.5489821600968501,-0.07639921551862638,True
GG_수원시,GG,수원시,수원시,False,2005,2012,1095.0,1930.0,1168.0,0,6.9985096422506015,-0.56676563964833,-0.06453852113757108,True
GG_수원시,GG,수원시,수원시,False,2006,2012,1050.0,1893.0,1105.0,0,6.956545443151569,-0.5893727080577538,-0.05105517080028399,True
GG_수원시,GG,수원시,수원시,False,2007,2012,878.0,1414.0,861.0,0,6.777646593635117,-0.47653125282140074,0.01955208920738638,True
GG_수원시,GG,수원시,수원시,False,2008,2012,792.0,1411.0,861.0,0,6.674561391814426,-0.5774925600383884,-0.08353311261330454,True
GG_수원시,GG,수원시,수원시,False,2009,2012,764.0,1312.0,760.0,0,6.638567789166521,-0.5407401803375134,0.005249355886143725,True
GG_수원시,GG,수원시,수원시,False,2010,2012,689.0,1228.0,670.0,0,6.535241271013659,-0.5779008376934289,0.02796355862864708,True
GG_수원시,GG,수원시,수원시,False,2011,2012,603.0,1211.0,644.0,0,6.401917196727186,-0.6972845468259061,-0.06578152937716819,True
GG_시흥시,GG,시흥시,시흥시,False,2000,2012,1555.0,3524.0,1661.0,0,7.349230824613334,-0.8181211624427362,-0.06594428499996052,True
GG_시흥시,GG,시흥시,시흥시,False,2001,2012,1568.0,3372.0,1638.0,0,7.357556200910353,-0.7657051182113923,-0.04367506350266215,True
GG_시흥시,GG,시흥시,시흥시,False,2002,2012,1443.0,3235.0,1566.0,0,7.274479558773871,-0.8073046481611303,-0.08180031777687713,True
GG_시흥시,GG,시흥시,시흥시,False,2003,2012,1370.0,3087.0,1440.0,0,7.222566018822171,-0.8123890056799876,-0.049832373747875636,True
GG_시흥시,GG,시흥시,시흥시,False,2004,2012,1331.0,3065.0,1431.0,0,7.193685818395112,-0.8341170299752001,-0.07244296116133864,True
GG_시흥시,GG,시흥시,시흥시,False,2005,2012,1291.0,2904.0,1363.0,0,7.1631723908466425,-0.8106719850980442,-0.05427104084989054,True
GG_시흥시,GG,시흥시,시흥시,False,2006,2012,1151.0,2817.0,1295.0,0,7.048386408721883,-0.8950413591544901,-0.11787956541175504,True
GG_시흥시,GG,시흥시,시흥시,False,2007,2012,1126.0,2752.0,1286.0,0,7.026426808699636,-0.8936563903535983,-0.13286509609792851,True
GG_시흥시,GG,시흥시,시흥시,False,2008,2012,1161.0,2697.0,1246.0,0,7.057036981697891,-0.8428583414418389,-0.07065671764950743,True
GG_시흥시,GG,시흥시,시흥시,False,2009,2012,1138.0,2657.0,1227.0,0,7.037027614686276,-0.8479253310735375,-0.07529983002463503,True
GG_시흥시,GG,시흥시,시흥시,False,2010,2012,1129.0,2662.0,1227.0,0,7.029087564149662,-0.8577454348053948,-0.08323988056124954,True
GG_시흥시,GG,시흥시,시흥시,False,2011,2012,1074.0,2619.0,1133.0,0,6.97914527506881,-0.8914025694389016,-0.0534789859591962,True
GG_안산시,GG,안산시,안산시,False,2000,2012,840.0,2158.0,899.0,0,6.733401891837359,-0.9435352539807207,-0.0678811426342607,True
GG_안산시,GG,안산시,안산시,False,2001,2012,884.0,2221.0,947.0,0,6.784457062637643,-0.9212557612567842,-0.06884203054843496,True
GG_안산시,GG,안산시,안산시,False,2002,2012,874.0,2209.0,931.0,0,6.773080375655535,-0.9272148277645815,-0.06317890162153184,True
GG_안산시,GG,안산시,안산시,False,2003,2012,842.0,2190.0,897.0,0,6.7357800142423265,-0.9558768085682203,-0.06327584781646944,True
GG_안산시,GG,안산시,안산시,False,2004,2012,805.0,2208.0,893.0,0,6.690842277418564,-1.0090001299784221,-0.10374430345793506,True
GG_안산시,GG,안산시,안산시,False,2005,2012,718.0,2113.0,809.0,0,6.576469569048224,-1.0793944485678324,-0.11932934801026729,True
GG_안산시,GG,안산시,안산시,False,2006,2012,735.0,2113.0,801.0,0,6.5998704992128365,-1.0559935184032199,-0.08599044785552312,True
GG_안산시,GG,안산시,안산시,False,2007,2012,718.0,2097.0,758.0,0,6.576469569048224,-1.0717934618536962,-0.0542138165941477,True
GG_안산시,GG,안산시,안산시,False,2008,2012,706.0,2092.0,755.0,0,6.559615237493242,-1.0862605876915712,-0.06710251175578286,True
GG_안산시,GG,안산시,안산시,False,2009,2012,731.0,2076.0,765.0,0,6.594413459749778,-1.043784784536001,-0.04546237407675768,True
GG_안산시,GG,안산시,안산시,False,2010,2012,801.0,2121.0,835.0,0,6.68586094706836,-0.9737820074963226,-0.041570777782495405,True
GG_안산시,GG,안산시,안산시,False,2011,2012,805.0,2119.0,832.0,0,6.690842277418564,-0.9678572808497359,-0.032990163402645045,True
GG_안성시,GG,안성시,안성시,False,2000,2012,10200.0,17672.0,10673.0,0,9.230142999272362,-0.5495937458275915,-0.045329467641602506,True
GG_안성시,GG,안성시,안성시,False,2001,2012,10250.0,17571.0,10660.0,0,9.235032984566555,-0.5389721101913363,-0.039220713153280684,True
GG_안성시,GG,안성시,안성시,False,2002,2012,10089.0,17364.0,10467.0,0,9.219201000408379,-0.5429533760111056,-0.036781729446504485,True
GG_안성시,GG,안성시,안성시,False,2003,2012,9970.0,17122.0,10370.0,0,9.207335862955883,-0.5407836023465471,-0.03933643826768929,True
GG_안성시,GG,안성시,안성시,False,2004,2012,9813.0,16888.0,10202.0,0,9.191463316206494,-0.5428952733216619,-0.038875742276378134,True
GG_안성시,GG,안성시,안성시,False,2005,2012,9449.0,16770.0,10067.0,0,9.153664194782626,-0.5736826600346276,-0.063353831946797,True
GG_안성시,GG,안성시,안성시,False,2006,2012,9133.0,16476.0,9725.0,0,9.11964950669168,-0.5900105488642922,-0.06280566179496816,True
GG_안성시,GG,안성시,안성시,False,2007,2012,8970.0,16304.0,9616.0,0,9.101640955052842,-0.5975248004096638,-0.06954270172214727,True
GG_안성시,GG,안성시,안성시,False,2008,2012,9056.0,16224.0,9407.0,0,9.111182800442965,-0.5830641059479458,-0.03802657152898625,True
GG_안성시,GG,안성시,안성시,False,2009,2012,9067.0,16061.0,9333.0,0,9.112396727646056,-0.5717525244168407,-0.028915057919691733,True
GG_안성시,GG,안성시,안성시,False,2010,2012,9015.0,15819.0,9313.0,0,9.106645135637418,-0.5623218925611617,-0.03252141688424004,True
GG_안성시,GG,안성시,안성시,False,2011,2012,8424.0,15717.0,8883.0,0,9.03884005381381,-0.6236581542625181,-0.053054562955889395,True
GG_안양시,GG,안양시,안양시,False,2000,2012,20.0,121.0,25.0,0,2.995732273553991,-1.8000582720427505,-0.2231435513142097,False
GG_안양시,GG,안양시,안양시,False,2001,2012,19.0,117.0,23.0,0,2.9444389791664403,-1.817734955631316,-0.1910552367627094,False
GG_안양시,GG,안양시,안양시,False,2002,2012,21.0,117.0,23.0,0,3.044522437723423,-1.7176514970743333,-0.09097177820572666,False
GG_안양시,GG,안양시,안양시,False,2003,2012,13.0,120.0,19.0,0,2.5649493574615367,-2.222542385320509,-0.3794896217049035,False
GG_안양시,GG,안양시,안양시,False,2004,2012,12.0,122.0,19.0,0,2.4849066497880004,-2.3191143949452564,-0.4595323293784399,False
GG_안양시,GG,안양시,안양시,False,2005,2012,3.0,123.0,12.0,0,1.0986122886681098,-3.713572066704307,-1.3862943611198906,False
GG_안양시,GG,안양시,안양시,False,2006,2012,1.0,123.0,12.0,0,0.0,-4.812184355372417,-2.4849066497880004,False
GG_안양시,GG,안양시,안양시,False,2007,2012,1.0,123.0,12.0,0,0.0,-4.812184355372417,-2.4849066497880004,False
GG_안양시,GG,안양시,안양시,False,2008,2012,1.0,123.0,12.0,0,0.0,-4.812184355372417,-2.4849066497880004,False
GG_안양시,GG,안양시,안양시,False,2009,2012,2.0,94.0,0.0,0,0.6931471805599453,-3.8501476017100584,,False
GG_안양시,GG,안양시,안양시,False,2010,2012,,64.0,0.0,0,,,,False
GG_안양시,GG,안양시,안양시,False,2011,2012,,64.0,0.0,0,,,,False
GG_양주시,GG,양주시,양주시,False,2000,2012,2680.0,5411.0,2899.0,0,7.893572073504902,-0.7026171241378325,-0.07854905541675272,True
GG_양주시,GG,양주시,양주시,False,2001,2012,2605.0,5302.0,2767.0,0,7.865187954187467,-0.7106514326615034,-0.06033102559945824,True
GG_양주시,GG,양주시,양주시,False,2002,2012,2548.0,5201.0,2721.0,0,7.843064016692054,-0.7135421770810186,-0.0656907220911922,True
GG_양주시,GG,양주시,양주시,False,2003,2012,2414.0,5106.0,2638.0,0,7.789040401657477,-0.7491311961439528,-0.08873593161978288,True
GG_양주시,GG,양주시,양주시,False,2004,2012,2259.0,5040.0,2594.0,0,7.7226775164680035,-0.8024838445974112,-0.1382788484083859,True
GG_양주시,GG,양주시,양주시,False,2005,2012,2209.0,4923.0,2496.0,0,7.700295203420117,-0.8013781763380834,-0.12214952606920182,True
GG_양주시,GG,양주시,양주시,False,2006,2012,2125.0,4847.0,2300.0,0,7.661527081358517,-0.8245881544868601,-0.07913732055872469,True
GG_양주시,GG,양주시,양주시,False,2007,2012,2057.0,4740.0,2230.0,0,7.6290038896529575,-0.8347885250361644,-0.08075297480120724,True
GG_양주시,GG,양주시,양주시,False,2008,2012,1949.0,4678.0,2180.0,0,7.575071699507561,-0.875554247636563,-0.1120084562755741,True
GG_양주시,GG,양주시,양주시,False,2009,2012,1887.0,4354.0,2038.0,0,7.54274354536855,-0.8361066964259418,-0.07698066841412032,True
GG_양주시,GG,양주시,양주시,False,2010,2012,1863.0,4265.0,2009.0,0,7.529943370601589,-0.828254089324191,-0.07544899421334605,True
GG_양주시,GG,양주시,양주시,False,2011,2012,1791.0,4228.0,1960.0,0,7.490529402060711,-0.8589549449294163,-0.09017035016385133,True
GG_양평군,GG,양평군,양평군,False,2000,2012,5714.0,10370.0,6111.0,0,8.65067458279072,-0.5959977184328533,-0.06717112210419707,True
GG_양평군,GG,양평군,양평군,False,2001,2012,5750.0,10228.0,6109.0,0,8.656955133791396,-0.5759292026196814,-0.06056323885837145,True
GG_양평군,GG,양평군,양평군,False,2002,2012,5630.0,10073.0,5991.0,0,8.635864721133736,-0.5817491348089447,-0.062148900950189656,True
GG_양평군,GG,양평군,양평군,False,2003,2012,5485.0,9949.0,5944.0,0,8.609772372709331,-0.595454949880029,-0.08036521368826399,True
GG_양평군,GG,양평군,양평군,False,2004,2012,5313.0,9942.0,5856.0,0,8.577911926450943,-0.6266115602036741,-0.09731012919020543,True
GG_양평군,GG,양평군,양평군,False,2005,2012,5033.0,9846.0,5614.0,0,8.52377150677636,-0.6710490535417861,-0.10924725014546866,True
GG_양평군,GG,양평군,양평군,False,2006,2012,5092.0,9727.0,5461.0,0,8.535425959677298,-0.6472348431921429,-0.06996124247485547,True
GG_양평군,GG,양평군,양평군,False,2007,2012,5024.0,9620.0,5424.0,0,8.521981708148035,-0.6496178355117177,-0.07660712147219684,True
GG_양평군,GG,양평군,양평군,False,2008,2012,5087.0,9525.0,5324.0,0,8.534443544822764,-0.6272316551721371,-0.045536634692238565,True
GG_양평군,GG,양평군,양평군,False,2009,2012,4944.0,9430.0,5165.0,0,8.505929999137527,-0.645721376489977,-0.04373038241621252,True
GG_양평군,GG,양평군,양평군,False,2010,2012,4826.0,9288.0,5063.0,0,8.481773246184977,-0.6547052771927504,-0.047941225784931873,True
GG_양평군,GG,양평군,양평군,False,2011,2012,4678.0,9104.0,4969.0,0,8.450625947144124,-0.6658432092219879,-0.060347944458197134,True
GG_여주시,GG,여주시,여주시,False,2000,2012,10165.0,17187.0,10637.0,0,9.226705726062447,-0.5252028370142412,-0.045388042189218325,True
GG_여주시,GG,여주시,여주시,False,2001,2012,10011.0,16992.0,10648.0,0,9.211439767419483,-0.5290581566221828,-0.061687592655465195,True
GG_여주시,GG,여주시,여주시,False,2002,2012,9894.0,16869.0,10567.0,0,9.199683791787654,-0.5335491051726571,-0.06580742465337686,True
GG_여주시,GG,여주시,여주시,False,2003,2012,9837.0,16823.0,10417.0,0,9.193906065512758,-0.5365962112064029,-0.05728830047168998,True
GG_여주시,GG,여주시,여주시,False,2004,2012,9531.0,16757.0,10208.0,0,9.162304922937626,-0.5642664374630986,-0.0686220826469448,True
GG_여주시,GG,여주시,여주시,False,2005,2012,9412.0,16646.0,10073.0,0,9.149740749847252,-0.5701844764587882,-0.06787310609542807,True
GG_여주시,GG,여주시,여주시,False,2006,2012,9282.0,16639.0,9876.0,0,9.135832319801121,-0.5836722966143864,-0.06203053066394837,True
GG_여주시,GG,여주시,여주시,False,2007,2012,9217.0,16620.0,9684.0,0,9.128804883993665,-0.5895571844157743,-0.049425434064284346,True
GG_여주시,GG,여주시,여주시,False,2008,2012,8975.0,16528.0,9457.0,0,9.10219821335648,-0.6106129780029388,-0.052312273659032016,True
GG_여주시,GG,여주시,여주시,False,2009,2012,8851.0,16366.0,9094.0,0,9.088285725968877,-0.6146755651184499,-0.027084408416078176,True
GG_여주시,GG,여주시,여주시,False,2010,2012,8102.0,16433.0,8736.0,0,8.999866223762636,-0.7071805634186532,-0.07534147422204995,True
GG_여주시,GG,여주시,여주시,False,2011,2012,8137.0,16168.0,8669.0,0,9.004176840696656,-0.686612418386801,-0.06333188217198327,True
GG_연천군,GG,연천군,연천군,False,2000,2012,4780.0,9557.0,5171.0,0,8.472195825485501,-0.692833323780679,-0.07862554691071999,True
GG_연천군,GG,연천군,연천군,False,2001,2012,4877.0,9502.0,5144.0,0,8.492285555710053,-0.666972026036813,-0.053300710207402346,True
GG_연천군,GG,연천군,연천군,False,2002,2012,4805.0,9446.0,5092.0,0,8.477412321404392,-0.6759343290516711,-0.05801363827290551,True
GG_연천군,GG,연천군,연천군,False,2003,2012,4790.0,9423.0,5128.0,0,8.474285690404962,-0.6766230978017944,-0.06818530819554347,True
GG_연천군,GG,연천군,연천군,False,2004,2012,4595.0,9624.0,5129.0,0,8.432724034789787,-0.7392912228647273,-0.10994195259948114,True
GG_연천군,GG,연천군,연천군,False,2005,2012,4569.0,9605.0,4925.0,0,8.427049641563272,-0.7429894336393854,-0.07502991204291654,True
GG_연천군,GG,연천군,연천군,False,2006,2012,4332.0,9540.0,4676.0,0,8.37378460812088,-0.7894641563214524,-0.07641371447107836,True
GG_연천군,GG,연천군,연천군,False,2007,2012,4309.0,9431.0,4583.0,0,8.368461137615839,-0.7832962769280467,-0.06164794689328623,True
GG_연천군,GG,연천군,연천군,False,2008,2012,4293.0,9437.0,4564.0,0,8.36474106822456,-0.787652343796772,-0.06121364275740504,True
GG_연천군,GG,연천군,연천군,False,2009,2012,4231.0,9388.0,4548.0,0,8.350193650720067,-0.7969939062508473,-0.07224920415035996,True
GG_연천군,GG,연천군,연천군,False,2010,2012,4169.0,9249.0,4335.0,0,8.335431477880796,-0.7968392386734635,-0.03904541133384676,True
GG_연천군,GG,연천군,연천군,False,2011,2012,3876.0,9136.0,4327.0,0,8.262558973010657,-0.857418958885134,-0.1100707672142267,True
GG_오산시,GG,오산시,오산시,False,2000,2012,742.0,1132.0,793.0,0,6.60934924316738,-0.4223920155957481,-0.06647397846746728,True
GG_오산시,GG,오산시,오산시,False,2001,2012,731.0,1110.0,787.0,0,6.594413459749778,-0.4177018345566017,-0.07381478866762503,True
GG_오산시,GG,오산시,오산시,False,2002,2012,696.0,1081.0,761.0,0,6.54534966033442,-0.4402921573047882,-0.08928369752726617,True
GG_오산시,GG,오산시,오산시,False,2003,2012,682.0,1060.0,761.0,0,6.525029657843462,-0.4409945292626505,-0.10960370001822373,True
GG_오산시,GG,오산시,오산시,False,2004,2012,659.0,1076.0,724.0,0,6.490723534502507,-0.4902822062192227,-0.09406785788320882,True
GG_오산시,GG,오산시,오산시,False,2005,2012,577.0,881.0,603.0,0,6.3578422665081,-0.4232153594280801,-0.04407493021908593,True
GG_오산시,GG,오산시,오산시,False,2006,2012,477.0,772.0,518.0,0,6.1675164908883415,-0.48146805913643487,-0.08245875137114123,True
GG_오산시,GG,오산시,오산시,False,2007,2012,416.0,740.0,496.0,0,6.030685260261263,-0.5759649259369519,-0.17589066646366458,True
GG_오산시,GG,오산시,오산시,False,2008,2012,424.0,723.0,481.0,0,6.049733455231958,-0.5336757669268071,-0.12613381487380337,True
GG_오산시,GG,오산시,오산시,False,2009,2012,302.0,593.0,377.0,0,5.71042701737487,-0.6747673816228561,-0.2218181700731412,True
GG_오산시,GG,오산시,오산시,False,2010,2012,362.0,582.0,373.0,0,5.8916442118257715,-0.47482623590566675,-0.029934207818044456,True
GG_오산시,GG,오산시,오산시,False,2011,2012,363.0,580.0,372.0,0,5.8944028342648505,-0.46862526927561454,-0.024491020008295727,True
GG_용인시,GG,용인시,용인시,False,2000,2012,5935.0,9827.0,6293.0,0,8.688622307043769,-0.5042666713186588,-0.058570876483164724,True
GG_용인시,GG,용인시,용인시,False,2001,2012,5795.0,9598.0,6140.0,0,8.664750755773852,-0.504559266644339,-0.0578292653673369,True
GG_용인시,GG,용인시,용인시,False,2002,2012,5657.0,9175.0,5858.0,0,8.640648995343156,-0.48358867757961477,-0.03491453204452277,True
GG_용인시,GG,용인시,용인시,False,2003,2012,5253.0,8961.0,5669.0,0,8.566554620953962,-0.5340824859302575,-0.07621339337034172,True
GG_용인시,GG,용인시,용인시,False,2004,2012,5036.0,8952.0,5555.0,0,8.524367395164237,-0.5752648548275232,-0.09808630690949371,True
GG_용인시,GG,용인시,용인시,False,2005,2012,4948.0,8863.0,5480.0,0,8.506738733512378,-0.5829018532260193,-0.10212164642968347,True
GG_용인시,GG,용인시,용인시,False,2006,2012,4835.0,8681.0,5234.0,0,8.483636407887394,-0.5852556005044143,-0.07929467520269817,True
GG_용인시,GG,용인시,용인시,False,2007,2012,4691.0,8405.0,5065.0,0,8.453401058328458,-0.5831809875142575,-0.07670835835432577,True
GG_용인시,GG,용인시,용인시,False,2008,2012,4581.0,8329.0,4946.0,0,8.429672593886743,-0.5978260860485971,-0.07666185419461868,True
GG_용인시,GG,용인시,용인시,False,2009,2012,4635.0,8110.0,4830.0,0,8.441391477999955,-0.5594616691095027,-0.04121026864666355,True
GG_용인시,GG,용인시,용인시,False,2010,2012,4370.0,8105.0,4816.0,0,8.382518288089635,-0.6177181460801418,-0.09718069889902203,True
GG_용인시,GG,용인시,용인시,False,2011,2012,4379.0,7920.0,4608.0,0,8.384575666801398,-0.5925708180070739,-0.05097353557432882,True
GG_의왕시,GG,의왕시,의왕시,False,2000,2012,144.0,653.0,157.0,0,4.969813299576001,-1.5117638297004303,-0.08643250577230699,True
GG_의왕시,GG,의왕시,의왕시,False,2001,2012,149.0,652.0,158.0,0,5.003946305945459,-1.476098255981194,-0.0586487270815077,True
GG_의왕시,GG,의왕시,의왕시,False,2002,2012,150.0,644.0,155.0,0,5.0106352940962555,-1.4570634320080984,-0.032789822822991255,True
GG_의왕시,GG,의왕시,의왕시,False,2003,2012,140.0,640.0,160.0,0,4.941642422609304,-1.5198257537444135,-0.13353139262452274,True
GG_의왕시,GG,의왕시,의왕시,False,2004,2012,153.0,644.0,170.0,0,5.030437921392435,-1.4372608047119186,-0.10536051565782678,True
GG_의왕시,GG,의왕시,의왕시,False,2005,2012,153.0,622.0,163.0,0,5.030437921392435,-1.402502171346744,-0.06331227941432704,True
GG_의왕시,GG,의왕시,의왕시,False,2006,2012,136.0,595.0,153.0,0,4.912654885736052,-1.4759065198095778,-0.11778303565638293,True
GG_의왕시,GG,의왕시,의왕시,False,2007,2012,132.0,582.0,157.0,0,4.882801922586371,-1.4836685251450676,-0.17344388276193712,True
GG_의왕시,GG,의왕시,의왕시,False,2008,2012,109.0,580.0,153.0,0,4.6913478822291435,-1.6716802213113215,-0.33909003916329183,True
GG_의왕시,GG,의왕시,의왕시,False,2009,2012,109.0,583.0,148.0,0,4.6913478822291435,-1.6768393041213487,-0.30586439153497125,True
GG_의왕시,GG,의왕시,의왕시,False,2010,2012,78.0,583.0,148.0,0,4.356708826689592,-2.0114783596609005,-0.640503447074523,True
GG_의왕시,GG,의왕시,의왕시,False,2011,2012,99.0,583.0,148.0,0,4.59511985013459,-1.7730673362159024,-0.4020924236295249,True
GG_의정부시,GG,의정부시,의정부시,False,2000,2012,388.0,821.0,419.0,0,5.961005339623274,-0.7495177698291542,-0.07686558029886381,True
GG_의정부시,GG,의정부시,의정부시,False,2001,2012,360.0,785.0,395.0,0,5.886104031450156,-0.7795796863322524,-0.09278173345096619,True
GG_의정부시,GG,의정부시,의정부시,False,2002,2012,295.0,760.0,376.0,0,5.68697535633982,-0.9463430769405567,-0.24261378705007441,True
GG_의정부시,GG,의정부시,의정부시,False,2003,2012,323.0,751.0,363.0,0,5.777652323222656,-0.843753328541478,-0.11675051104219403,True
GG_의정부시,GG,의정부시,의정부시,False,2004,2012,315.0,735.0,336.0,0,5.752572638825633,-0.8472978603872034,-0.06453852113757108,True
GG_의정부시,GG,의정부시,의정부시,False,2005,2012,278.0,713.0,316.0,0,5.627621113690637,-0.9418603067236591,-0.1281210998962754,True
GG_의정부시,GG,의정부시,의정부시,False,2006,2012,259.0,705.0,284.0,0,5.556828061699537,-1.0013697411127316,-0.0921461764616689,True
GG_의정부시,GG,의정부시,의정부시,False,2007,2012,196.0,700.0,245.0,0,5.278114659230517,-1.2729656758128876,-0.2231435513142106,True
GG_의정부시,GG,의정부시,의정부시,False,2008,2012,212.0,531.0,167.0,0,5.356586274672012,-0.9181757465699265,0.23859246225525688,True
GG_의정부시,GG,의정부시,의정부시,False,2009,2012,149.0,531.0,168.0,0,5.003946305945459,-1.2708157152964796,-0.12001767345779957,True
GG_의정부시,GG,의정부시,의정부시,False,2010,2012,148.0,524.0,167.0,0,4.997212273764115,-1.2642794105569273,-0.12078153865264074,True
GG_의정부시,GG,의정부시,의정부시,False,2011,2012,142.0,523.0,167.0,0,4.955827057601261,-1.3037544064636624,-0.16216675481549458,True
GG_이천시,GG,이천시,이천시,False,2000,2009,10404.0,18350.0,10821.0,1,9.249945626568541,-0.5674392269141748,-0.039298343003107306,True
GG_이천시,GG,이천시,이천시,False,2001,2009,10394.0,18227.0,10781.0,1,9.248983995568388,-0.5616752946565455,-0.036556608970730764,True
GG_이천시,GG,이천시,이천시,False,2002,2009,10391.0,18087.0,10758.0,1,9.248695325852646,-0.5542534013048694,-0.034709616980542535,True
GG_이천시,GG,이천시,이천시,False,2003,2009,10161.0,18017.0,10621.0,1,9.22631214148588,-0.5727588941298194,-0.044276310835659416,True
GG_이천시,GG,이천시,이천시,False,2004,2009,10056.0,17934.0,10424.0,1,9.215924750270084,-0.57852888124191,-0.03594136853459773,True
GG_이천시,GG,이천시,이천시,False,2005,2009,9880.0,17817.0,10258.0,1,9.198267790741914,-0.5896405459420553,-0.03754537720729978,True
GG_이천시,GG,이천시,이천시,False,2006,2009,9843.0,17740.0,10192.0,1,9.194515821629212,-0.5890614342343579,-0.03484255618273302,True
GG_이천시,GG,이천시,이천시,False,2007,2009,9543.0,17691.0,10133.0,1,9.163563180417254,-0.6172481342513603,-0.05998952303106364,True
GG_이천시,GG,이천시,이천시,False,2008,2009,9520.0,17533.0,9993.0,1,9.161150127785412,-0.6106899706847173,-0.04848999907637719,True
GG_이천시,GG,이천시,이천시,False,2009,2009,9558.0,17323.0,9887.0,1,9.165133779138104,-0.5946565981408369,-0.033842262759028685,True
GG_이천시,GG,이천시,이천시,False,2010,2009,9382.0,17233.0,9747.0,1,9.146548238888403,-0.6080331903931739,-0.038166585448806245,True
GG_이천시,GG,이천시,이천시,False,2011,2009,8768.0,17134.0,9360.0,1,9.078864009187797,-0.6699560633361923,-0.06533656028384094,True
GG_파주시,GG,파주시,파주시,False,2000,2012,9830.0,14658.0,10445.0,0,9.193194213141211,-0.39954732734458354,-0.06068446084945478,True
GG_파주시,GG,파주시,파주시,False,2001,2012,9921.0,14529.0,10375.0,0,9.202409001649903,-0.38149292942143553,-0.04474534344899617,True
GG_파주시,GG,파주시,파주시,False,2002,2012,9661.0,14415.0,10205.0,0,9.17585244151751,-0.4001721685549935,-0.05478063372643582,True
GG_파주시,GG,파주시,파주시,False,2003,2012,9490.0,14297.0,10068.0,0,9.157993891603974,-0.4098111124251904,-0.05912346465123264,True
GG_파주시,GG,파주시,파주시,False,2004,2012,8890.0,13984.0,9633.0,0,9.09268232850795,-0.45298676938736726,-0.08026765424967408,True
GG_파주시,GG,파주시,파주시,False,2005,2012,8521.0,13906.0,9333.0,0,9.050288983827956,-0.4897866968310076,-0.09102280173779143,True
GG_파주시,GG,파주시,파주시,False,2006,2012,8024.0,13176.0,8641.0,0,8.990192329641772,-0.4959599422157037,-0.0740812661996273,True
GG_파주시,GG,파주시,파주시,False,2007,2012,7795.0,13006.0,8448.0,0,8.961237781491876,-0.5119282869372217,-0.08044722445416674,True
GG_파주시,GG,파주시,파주시,False,2008,2012,7706.0,12609.0,7923.0,0,8.949754525186103,-0.49241159848712357,-0.02777067577913961,True
GG_파주시,GG,파주시,파주시,False,2009,2012,7436.0,12400.0,7993.0,0,8.914088348841334,-0.5113634027517939,-0.07223308878468515,True
GG_파주시,GG,파주시,파주시,False,2010,2012,7445.0,12247.0,7946.0,0,8.915297945118109,-0.49773834290317787,-0.06512599125643526,True
GG_파주시,GG,파주시,파주시,False,2011,2012,7128.0,12188.0,7599.0,0,8.871785969150645,-0.536421170954954,-0.06398596951913937,True
GG_평택시,GG,평택시,평택시,False,2000,2009,16970.0,23036.0,17540.0,1,9.739202358228273,-0.30561113039829024,-0.033036907697901796,True
GG_평택시,GG,평택시,평택시,False,2001,2009,17005.0,23000.0,17536.0,1,9.741262697441297,-0.3019867974699899,-0.030748492306445385,True
GG_평택시,GG,평택시,평택시,False,2002,2009,16801.0,22864.0,17432.0,1,9.729193687429403,-0.3081252127402454,-0.036869189195053664,True
GG_평택시,GG,평택시,평택시,False,2003,2009,16490.0,22672.0,17290.0,1,9.710509415553645,-0.31837654637681645,-0.047374163123691915,True
GG_평택시,GG,평택시,평택시,False,2004,2009,16290.0,22444.0,17121.0,1,9.69830670159609,-0.32047189527477293,-0.04975435760872671,True
GG_평택시,GG,평택시,평택시,False,2005,2009,16087.0,22296.0,16986.0,1,9.685766771390307,-0.3263957977714771,-0.054377982949647574,True
GG_평택시,GG,평택시,평택시,False,2006,2009,14504.0,20754.0,15489.0,1,9.582179752434687,-0.35831452573053646,-0.06570562111307154,True
GG_평택시,GG,평택시,평택시,False,2007,2009,14450.0,20672.0,15438.0,1,9.578449693540579,-0.3580857130417492,-0.0661375879692212,True
GG_평택시,GG,평택시,평택시,False,2008,2009,14648.0,20294.0,15180.0,1,9.592059086354347,-0.32602146848468117,-0.03567496459527497,True
GG_평택시,GG,평택시,평택시,False,2009,2009,14643.0,20087.0,14986.0,1,9.591717684555258,-0.31611043407928996,-0.02315402636899755,True
GG_평택시,GG,평택시,평택시,False,2010,2009,14362.0,20001.0,14802.0,1,9.572341108670264,-0.33119644261590686,-0.030176477087147546,True
GG_평택시,GG,평택시,평택시,False,2011,2009,13689.0,19900.0,14346.0,1,9.524347869595513,-0.37412714111707146,-0.04687856709086624,True
GG_포천시,GG,포천시,포천시,False,2000,2012,5587.0,11691.0,6001.0,0,8.628197749459149,-0.7383768445476697,-0.07148365153036451,True
GG_포천시,GG,포천시,포천시,False,2001,2012,5588.0,11625.0,6037.0,0,8.628376720376853,-0.7325365100787042,-0.07728575841957408,True
GG_포천시,GG,포천시,포천시,False,2002,2012,5463.0,11530.0,5884.0,0,8.605753368395717,-0.7469542448673874,-0.07423871332561127,True
GG_포천시,GG,포천시,포천시,False,2003,2012,5254.0,11435.0,5791.0,0,8.566744970245486,-0.7776891362113965,-0.0973152969803035,True
GG_포천시,GG,포천시,포천시,False,2004,2012,5102.0,11284.0,5583.0,0,8.537387898701757,-0.7937531734201304,-0.09009364660860264,True
GG_포천시,GG,포천시,포천시,False,2005,2012,4903.0,11182.0,5472.0,0,8.497602541651233,-0.8244580799353578,-0.1097969176511544,True
GG_포천시,GG,포천시,포천시,False,2006,2012,4698.0,11104.0,5239.0,0,8.454892165218858,-0.8601685175277272,-0.10899375418936152,True
GG_포천시,GG,포천시,포천시,False,2007,2012,4621.0,11024.0,4893.0,0,8.438366410870266,-0.8694635823831742,-0.05719448041885755,True
GG_포천시,GG,포천시,포천시,False,2008,2012,4530.0,10908.0,4745.0,0,8.41847721847708,-0.8787745254883994,-0.04636949256694933,True
GG_포천시,GG,포천시,포천시,False,2009,2012,4304.0,10779.0,4711.0,0,8.36730010184162,-0.9180549739400092,-0.09035537685842066,True
GG_포천시,GG,포천시,포천시,False,2010,2012,4205.0,10715.0,4564.0,0,8.344029572407049,-0.9353703355006289,-0.0819251385749169,True
GG_포천시,GG,포천시,포천시,False,2011,2012,3743.0,10651.0,4217.0,0,8.22764270790443,-1.0457663555387366,-0.11923654584212962,True
GG_하남시,GG,하남시,하남시,False,2000,2012,233.0,1242.0,254.0,0,5.4510384535657,-1.673439808927724,-0.08629581345283643,True
GG_하남시,GG,하남시,하남시,False,2001,2012,203.0,1164.0,252.0,0,5.313205979041787,-1.7464116492495956,-0.21622310846963622,True
GG_하남시,GG,하남시,하남시,False,2002,2012,173.0,1122.0,194.0,0,5.153291594497779,-1.869576491584862,-0.11456656456554892,True
GG_하남시,GG,하남시,하남시,False,2003,2012,171.0,1082.0,184.0,0,5.14166355650266,-1.8449029029037662,-0.0732722011063256,True
GG_하남시,GG,하남시,하남시,False,2004,2012,124.0,1051.0,150.0,0,4.820281565605037,-2.1372158052719143,-0.19035372849121845,True
GG_하남시,GG,하남시,하남시,False,2005,2012,109.0,1026.0,129.0,0,4.6913478822291435,-2.2420751435015713,-0.1684645221325285,True
GG_하남시,GG,하남시,하남시,False,2006,2012,43.0,1023.0,126.0,0,3.7612001156935624,-3.1692946502580637,-1.0750817912579156,True
GG_하남시,GG,하남시,하남시,False,2007,2012,33.0,925.0,62.0,0,3.4965075614664802,-3.3332861760459447,-0.6306268235786114,True
GG_하남시,GG,하남시,하남시,False,2008,2012,50.0,889.0,64.0,0,3.912023005428146,-2.8780742300857587,-0.24686007793152553,True
GG_하남시,GG,하남시,하남시,False,2009,2012,50.0,629.0,43.0,0,3.912023005428146,-2.532108251272295,0.15082288973458358,True
GG_하남시,GG,하남시,하남시,False,2010,2012,13.0,620.0,31.0,0,2.5649493574615367,-3.864770120577601,-0.8690378470236095,True
GG_하남시,GG,하남시,하남시,False,2011,2012,17.0,604.0,28.0,0,2.833213344056216,-3.570360853878599,-0.49899116611898764,True
GG_화성시,GG,화성시,화성시,False,2000,2011,16930.0,25955.0,17574.0,0,9.736842475127181,-0.42727707313414776,-0.03733334092860652,True
GG_화성시,GG,화성시,화성시,False,2001,2011,16596.0,25756.0,17392.0,0,9.716916981452759,-0.4395059072053158,-0.04684862790823274,True
GG_화성시,GG,화성시,화성시,False,2002,2011,16075.0,25341.0,17027.0,0,9.68502054910582,-0.455158367289787,-0.057535049314823894,True
GG_화성시,GG,화성시,화성시,False,2003,2011,15258.0,24401.0,16190.0,0,9.632859234650175,-0.4695201593978702,-0.05928981202150574,True
GG_화성시,GG,화성시,화성시,False,2004,2011,14833.0,23972.0,15813.0,0,9.604609707323613,-0.4800320542544636,-0.06397795819970398,True
GG_화성시,GG,화성시,화성시,False,2005,2011,14562.0,23925.0,15724.0,0,9.586170674954657,-0.4965085413664987,-0.07677281158709448,True
GG_화성시,GG,화성시,화성시,False,2006,2011,14404.0,23488.0,15219.0,0,9.575261224768767,-0.48898370664547564,-0.0550387014660334,True
GG_화성시,GG,화성시,화성시,False,2007,2011,14113.0,23150.0,14859.0,0,9.554851637414007,-0.4948984221003734,-0.051509383842340384,True
GG_화성시,GG,화성시,화성시,False,2008,2011,14068.0,23020.0,14954.0,0,9.551657993593873,-0.49246068868200155,-0.06107610796598806,True
GG_화성시,GG,화성시,화성시,False,2009,2011,14537.0,23294.0,15388.0,0,9.584452402426324,-0.47149869323627236,-0.05689086144586142,True
GG_화성시,GG,화성시,화성시,False,2010,2011,14173.0,23173.0,15290.0,0,9.559094025166905,-0.49164906165097655,-0.07586027375620219,True
GG_화성시,GG,화성시,화성시,False,2011,2011,13922.0,22605.0,14825.0,0,9.541225601728613,-0.4847007980000928,-0.06284462213731423,True
GN_거제시,GN,거제시,거제시,False,2000,2012,2634.0,5374.0,3081.0,0,7.876258882303226,-0.7130689068722109,-0.15675061629344178,True
GN_거제시,GN,거제시,거제시,False,2001,2012,2568.0,5315.0,3058.0,0,7.850882664809852,-0.7274056259661972,-0.17463372167915558,True
GN_거제시,GN,거제시,거제시,False,2002,2012,2508.0,5273.0,3012.0,0,7.827240901752812,-0.7431138377776589,-0.18311868716697166,True
GN_거제시,GN,거제시,거제시,False,2003,2012,2228.0,5207.0,2952.0,0,7.708859601047175,-0.8488995521157232,-0.2813785846731882,True
GN_거제시,GN,거제시,거제시,False,2004,2012,2132.0,5148.0,2902.0,0,7.664815785285735,-0.8815477834302827,-0.3083396481583982,True
GN_거제시,GN,거제시,거제시,False,2005,2012,2084.0,5093.0,2862.0,0,7.642044402873258,-0.8935779240113471,-0.31723155724313834,True
GN_거제시,GN,거제시,거제시,False,2006,2012,1975.0,5036.0,2811.0,0,7.5883236773352225,-0.9360437178290146,-0.35297189357130954,True
GN_거제시,GN,거제시,거제시,False,2007,2012,1960.0,4994.0,2775.0,0,7.580699752224563,-0.9352927186151554,-0.3477062739559722,True
GN_거제시,GN,거제시,거제시,False,2008,2012,1925.0,4916.0,2732.0,0,7.562681246721884,-0.937569223964041,-0.35010797396879667,True
GN_거제시,GN,거제시,거제시,False,2009,2012,1870.0,4725.0,2487.0,0,7.533693709848633,-0.9269291300792109,-0.2851387339547715,True
GN_거제시,GN,거제시,거제시,False,2010,2012,1872.0,4693.0,2425.0,0,7.534762657037537,-0.9190646587568798,-0.2588241463340468,True
GN_거제시,GN,거제시,거제시,False,2011,2012,1861.0,4394.0,2203.0,0,7.528869256642251,-0.8591259963023052,-0.16870609016009208,True
GN_거창군,GN,거창군,거창군,False,2000,2012,6346.0,11931.0,7193.0,0,8.75557997214314,-0.6313153617326606,-0.12528363772421613,True
GN_거창군,GN,거창군,거창군,False,2001,2012,6424.0,11863.0,7254.0,0,8.767796255626598,-0.6133833360345058,-0.12151206421624927,True
GN_거창군,GN,거창군,거창군,False,2002,2012,6318.0,11776.0,7199.0,0,8.75115798136203,-0.6226608596066274,-0.13053942510727268,True
GN_거창군,GN,거창군,거창군,False,2003,2012,5852.0,11676.0,7168.0,0,8.674538762140015,-0.6907519698339897,-0.20284319251475047,True
GN_거창군,GN,거창군,거창군,False,2004,2012,5890.0,11607.0,7120.0,0,8.681011276645632,-0.67835236672299,-0.1896517277603884,True
GN_거창군,GN,거창군,거창군,False,2005,2012,5736.0,11532.0,7090.0,0,8.654517382279456,-0.6983636764788361,-0.21192323724671702,True
GN_거창군,GN,거창군,거창군,False,2006,2012,5692.0,11514.0,7041.0,0,8.646816959209742,-0.7045020060260132,-0.21268852530939064,True
GN_거창군,GN,거창군,거창군,False,2007,2012,5707.0,11376.0,6976.0,0,8.649448770536708,-0.6898123815063144,-0.20078219505210804,True
GN_거창군,GN,거창군,거창군,False,2008,2012,5681.0,11240.0,6864.0,0,8.644882552557126,-0.682351570890555,-0.18916308861067144,True
GN_거창군,GN,거창군,거창군,False,2009,2012,5698.0,11474.0,6684.0,0,8.647870515057853,-0.6999683701039636,-0.15960137465743074,True
GN_거창군,GN,거창군,거창군,False,2010,2012,5540.0,11129.0,6186.0,0,8.61974977974133,-0.697559813232095,-0.11029417350368576,True
GN_거창군,GN,거창군,거창군,False,2011,2012,5237.0,10918.0,6010.0,0,8.563504094279487,-0.7346639880622163,-0.13767593324976524,True
GN_고성군,GN,고성군,고성군,False,2000,2012,7695.0,11079.0,8358.0,0,8.94832604627298,-0.3644806572476931,-0.08264839673488034,True
GN_고성군,GN,고성군,고성군,False,2001,2012,7645.0,10968.0,8274.0,0,8.941807118363164,-0.36093010287898686,-0.0790662286581938,True
GN_고성군,GN,고성군,고성군,False,2002,2012,7610.0,10903.0,8240.0,0,8.937218450855731,-0.35957480885065074,-0.07953717204778599,True
GN_고성군,GN,고성군,고성군,False,2003,2012,7243.0,10797.0,8171.0,0,8.887790764195326,-0.39923283255181374,-0.12055581518938041,True
GN_고성군,GN,고성군,고성군,False,2004,2012,7114.0,10621.0,8028.0,0,8.8698199525084,-0.40076849981313956,-0.12087075740782716,True
GN_고성군,GN,고성군,고성군,False,2005,2012,7006.0,10434.0,7849.0,0,8.854522203757432,-0.39830277982490614,-0.11361921036938227,True
GN_고성군,GN,고성군,고성군,False,2006,2012,6880.0,10357.0,7716.0,0,8.836373930927389,-0.409043967661491,-0.11467744309823047,True
GN_고성군,GN,고성군,고성군,False,2007,2012,6878.0,10289.0,7635.0,0,8.83608319099221,-0.4027474513835987,-0.10441502666052216,True
GN_고성군,GN,고성군,고성군,False,2008,2012,6516.0,10274.0,7569.0,0,8.782015969721936,-0.45535574130527756,-0.14980026758723142,True
GN_고성군,GN,고성군,고성군,False,2009,2012,6687.0,9977.0,7280.0,0,8.80792062205398,-0.40011710085952856,-0.08496551913675177,True
GN_고성군,GN,고성군,고성군,False,2010,2012,6483.0,9895.0,7178.0,0,8.776938645174996,-0.42284621286167123,-0.10183742653255656,True
GN_고성군,GN,고성군,고성군,False,2011,2012,6181.0,9868.0,6999.0,0,8.729235349659273,-0.4678171279899743,-0.12428721103026596,True
GN_김해시,GN,김해시,김해시,False,2000,2009,6180.0,10698.0,7817.0,1,8.729073550451737,-0.5487385366394584,-0.23498257776859255,True
GN_김해시,GN,김해시,김해시,False,2001,2009,6069.0,10590.0,7719.0,1,8.710949125835855,-0.5567163127595975,-0.24049097511399964,True
GN_김해시,GN,김해시,김해시,False,2002,2009,5836.0,10428.0,7569.0,1,8.671800909642677,-0.580448865410716,-0.2600153276664905,True
GN_김해시,GN,김해시,김해시,False,2003,2009,5649.0,10311.0,7468.0,1,8.639233817325263,-0.6017327481926813,-0.2791486873363507,True
GN_김해시,GN,김해시,김해시,False,2004,2009,5269.0,10221.0,7372.0,1,8.569595870209286,-0.662603836119791,-0.3358484485804283,True
GN_김해시,GN,김해시,김해시,False,2005,2009,5136.0,10161.0,7337.0,1,8.544029845369797,-0.6822822961160835,-0.35665547334419756,True
GN_김해시,GN,김해시,김해시,False,2006,2009,5368.0,10091.0,7279.0,1,8.588210678651517,-0.6311885378130118,-0.30453809046674074,True
GN_김해시,GN,김해시,김해시,False,2007,2009,5343.0,9655.0,6897.0,1,8.583542571957771,-0.5916886229048437,-0.25529924147351934,True
GN_김해시,GN,김해시,김해시,False,2008,2009,5435.0,9563.0,6779.0,1,8.60061479955531,-0.5650419647942329,-0.2209700778756556,True
GN_김해시,GN,김해시,김해시,False,2009,2009,5544.0,9231.0,6407.0,1,8.620471540869739,-0.5098511231204128,-0.14467488076928348,True
GN_김해시,GN,김해시,김해시,False,2010,2009,4672.0,8862.0,6059.0,1,8.449342524508063,-0.6401852272513722,-0.2599575244369259,True
GN_김해시,GN,김해시,김해시,False,2011,2009,4410.0,8531.0,5839.0,1,8.391629968440892,-0.659831898467802,-0.2806848598426459,True
GN_남해군,GN,남해군,남해군,False,2000,2012,4026.0,7642.0,4519.0,0,8.300528606199737,-0.6408860218071073,-0.11551740321154291,True
GN_남해군,GN,남해군,남해군,False,2001,2012,4015.0,7549.0,4465.0,0,8.297792626380861,-0.6313777567587628,-0.10623186692973796,True
GN_남해군,GN,남해군,남해군,False,2002,2012,3988.0,7495.0,4469.0,0,8.291045131081729,-0.6309462794549692,-0.11387481785172326,True
GN_남해군,GN,남해군,남해군,False,2003,2012,3668.0,7362.0,4395.0,0,8.207401833376355,-0.6966850805626112,-0.18082097674292186,True
GN_남해군,GN,남해군,남해군,False,2004,2012,3590.0,7303.0,4343.0,0,8.185907481482324,-0.7101330201377856,-0.190413151052498,True
GN_남해군,GN,남해군,남해군,False,2005,2012,3535.0,7193.0,4227.0,0,8.170468578330674,-0.7103950315366827,-0.1787792222361162,True
GN_남해군,GN,남해군,남해군,False,2006,2012,3291.0,7059.0,4160.0,0,8.098946748943339,-0.7631119284521333,-0.2343236043119692,True
GN_남해군,GN,남해군,남해군,False,2007,2012,3366.0,6999.0,4107.0,0,8.121480374750751,-0.7320421859387878,-0.19896773920580735,True
GN_남해군,GN,남해군,남해군,False,2008,2012,3234.0,6805.0,3977.0,0,8.081475040137052,-0.7439378749485144,-0.2068080050706378,True
GN_남해군,GN,남해군,남해군,False,2009,2012,3141.0,6695.0,3822.0,0,8.052296499538647,-0.7568197585866265,-0.1962326252615707,True
GN_남해군,GN,남해군,남해군,False,2010,2012,3097.0,6542.0,3626.0,0,8.038189179973203,-0.7478090281251255,-0.15769621134159273,True
GN_남해군,GN,남해군,남해군,False,2011,2012,3061.0,6456.0,3545.0,0,8.026496938945412,-0.7462682710043733,-0.146796500020816,True
GN_밀양시,GN,밀양시,밀양시,False,2000,2009,7804.0,15780.0,9975.0,1,8.962391701743002,-0.7041068926568634,-0.24544554001506214,True
GN_밀양시,GN,밀양시,밀양시,False,2001,2009,7832.0,15705.0,9949.0,1,8.965973184210347,-0.6957612277624001,-0.23925413837901388,True
GN_밀양시,GN,밀양시,밀양시,False,2002,2009,7633.0,15647.0,9883.0,1,8.94023623179847,-0.7177982525035862,-0.2583351565777132,True
GN_밀양시,GN,밀양시,밀양시,False,2003,2009,7245.0,15458.0,9665.0,1,8.888066854754783,-0.7578150929120344,-0.28819953688764777,True
GN_밀양시,GN,밀양시,밀양시,False,2004,2009,6963.0,15269.0,9569.0,1,8.848365694942547,-0.7852142132409643,-0.3179182908367153,True
GN_밀양시,GN,밀양시,밀양시,False,2005,2009,6822.0,15135.0,9425.0,1,8.82790796297859,-0.7968572584772282,-0.3232130493376211,True
GN_밀양시,GN,밀양시,밀양시,False,2006,2009,6837.0,15005.0,9274.0,1,8.830104317913793,-0.7860344399606749,-0.3048657470376135,True
GN_밀양시,GN,밀양시,밀양시,False,2007,2009,6941.0,14844.0,9119.0,1,8.845201135339584,-0.7601498868409031,-0.2729142925940806,True
GN_밀양시,GN,밀양시,밀양시,False,2008,2009,6863.0,14811.0,9028.0,1,8.833899942908635,-0.769225484018337,-0.2741861950287916,True
GN_밀양시,GN,밀양시,밀양시,False,2009,2009,6760.0,14794.0,8963.0,1,8.81877816903701,-0.7831988031108033,-0.28208210232035213,True
GN_밀양시,GN,밀양시,밀양시,False,2010,2009,6475.0,14269.0,8725.0,1,8.775703886567738,-0.7901407443628372,-0.29824386050288965,True
GN_밀양시,GN,밀양시,밀양시,False,2011,2009,6082.0,14240.0,8565.0,1,8.71308886823731,-0.8507213167286558,-0.3423505425209097,True
GN_사천시,GN,사천시,사천시,False,2000,2012,5995.0,8670.0,6431.0,0,8.698681067461614,-0.3689430023129745,-0.07020425867324853,True
GN_사천시,GN,사천시,사천시,False,2001,2012,6025.0,8622.0,6407.0,0,8.703672758358856,-0.35839959694822454,-0.061473663280166235,True
GN_사천시,GN,사천시,사천시,False,2002,2012,5905.0,8561.0,6379.0,0,8.683554728631462,-0.3714175561110231,-0.07721189561049435,True
GN_사천시,GN,사천시,사천시,False,2003,2012,5552.0,8461.0,6331.0,0,8.62191350218664,-0.42130914673786,-0.13129997835748597,True
GN_사천시,GN,사천시,사천시,False,2004,2012,5471.0,8422.0,6304.0,0,8.607216694063826,-0.43138591465804765,-0.14172293747388842,True
GN_사천시,GN,사천시,사천시,False,2005,2012,5391.0,8370.0,6237.0,0,8.592486175451668,-0.4399229880318529,-0.145768401074454,True
GN_사천시,GN,사천시,사천시,False,2006,2012,5284.0,8353.0,6213.0,0,8.572438665642215,-0.4579373691136919,-0.16196048442147948,True
GN_사천시,GN,사천시,사천시,False,2007,2012,5390.0,8324.0,6185.0,0,8.592300663903043,-0.4345975236104831,-0.1375816209235463,True
GN_사천시,GN,사천시,사천시,False,2008,2012,5362.0,8286.0,6123.0,0,8.587092318795905,-0.43523030384144157,-0.13271513268204949,True
GN_사천시,GN,사천시,사천시,False,2009,2012,5182.0,8057.0,5847.0,0,8.552946361122055,-0.4413501966551401,-0.12073762705361446,True
GN_사천시,GN,사천시,사천시,False,2010,2012,4848.0,7982.0,5620.0,0,8.48632152774915,-0.49862275785952903,-0.1477654151385881,True
GN_사천시,GN,사천시,사천시,False,2011,2012,4669.0,7903.0,5532.0,0,8.448700194970938,-0.5262975182340384,-0.16960449781371167,True
GN_산청군,GN,산청군,산청군,False,2000,2012,5498.0,8883.0,6599.0,0,8.612139668725192,-0.47975494804450847,-0.18253373265823036,True
GN_산청군,GN,산청군,산청군,False,2001,2012,5547.0,8822.0,6642.0,0,8.621012520055235,-0.4639913606096506,-0.1801558818814577,True
GN_산청군,GN,산청군,산청군,False,2002,2012,5521.0,8778.0,6601.0,0,8.616314282284044,-0.46368958796413473,-0.17866214940472602,True
GN_산청군,GN,산청군,산청군,False,2003,2012,4922.0,8712.0,6551.0,0,8.501470230951002,-0.570986433661794,-0.2859027577808746,True
GN_산청군,GN,산청군,산청군,False,2004,2012,4658.0,8613.0,6324.0,0,8.446341450444287,-0.6146865183448877,-0.3057657478850757,True
GN_산청군,GN,산청군,산청군,False,2005,2012,4528.0,8572.0,6248.0,0,8.41803561988302,-0.6382207367104478,-0.32198107163650214,True
GN_산청군,GN,산청군,산청군,False,2006,2012,4693.0,8490.0,6213.0,0,8.453827315794417,-0.5928169635109768,-0.2805718342692778,True
GN_산청군,GN,산청군,산청군,False,2007,2012,4777.0,8398.0,6147.0,0,8.471568013389962,-0.5641808478541765,-0.2521514235170468,True
GN_산청군,GN,산청군,산청군,False,2008,2012,4581.0,8323.0,6108.0,0,8.429672593886743,-0.5971054518593526,-0.2876820724517799,True
GN_산청군,GN,산청군,산청군,False,2009,2012,4498.0,8262.0,5972.0,0,8.411388132519262,-0.6080338354374479,-0.28344902613981837,True
GN_산청군,GN,산청군,산청군,False,2010,2012,4521.0,8006.0,5008.0,0,8.416488487294606,-0.5714580522579134,-0.10230342548532789,True
GN_산청군,GN,산청군,산청군,False,2011,2012,4209.0,7895.0,4880.0,0,8.344980368770571,-0.6290045579191723,-0.1479201300766224,True
GN_양산시,GN,양산시,양산시,False,2000,2012,2040.0,3936.0,2285.0,0,7.620705086838262,-0.6572151713338812,-0.11341621649004274,True
GN_양산시,GN,양산시,양산시,False,2001,2012,1962.0,3924.0,2249.0,0,7.581719640125308,-0.6931471805599463,-0.13652131183400762,True
GN_양산시,GN,양산시,양산시,False,2002,2012,1863.0,3820.0,2188.0,0,7.529943370601589,-0.7180623309990315,-0.16079979294028313,True
GN_양산시,GN,양산시,양산시,False,2003,2012,1545.0,3770.0,2122.0,0,7.3427791893318455,-0.8920510911102104,-0.3173351298420828,True
GN_양산시,GN,양산시,양산시,False,2004,2012,1378.0,3719.0,2098.0,0,7.228388451573604,-0.9928216423514655,-0.4203513373826384,True
GN_양산시,GN,양산시,양산시,False,2005,2012,1146.0,3666.0,2058.0,0,7.044032897274685,-1.1628235311249648,-0.5854570191193096,True
GN_양산시,GN,양산시,양산시,False,2006,2012,1281.0,3631.0,2028.0,0,7.155396301896734,-1.0418670695176013,-0.45940906281433946,True
GN_양산시,GN,양산시,양산시,False,2007,2012,1428.0,3594.0,1959.0,0,7.2640301428995295,-0.9229909244439751,-0.3161592750450115,True
GN_양산시,GN,양산시,양산시,False,2008,2012,1271.0,3591.0,1866.0,0,7.147559271189454,-1.0386267230366286,-0.3839931102178351,True
GN_양산시,GN,양산시,양산시,False,2009,2012,1394.0,3560.0,1893.0,0,7.2399325913204695,-0.9375832325256059,-0.30598555988885323,True
GN_양산시,GN,양산시,양산시,False,2010,2012,1005.0,3115.0,1734.0,0,6.912742820493176,-1.1312416107283765,-0.5454433368473106,True
GN_양산시,GN,양산시,양산시,False,2011,2012,1008.0,2964.0,1629.0,0,6.915723448631314,-1.0785715377846632,-0.47999815997073103,True
GN_의령군,GN,의령군,의령군,False,2000,2012,5175.0,7895.0,5680.0,0,8.55159461813357,-0.42239030855617266,-0.09311189358162686,True
GN_의령군,GN,의령군,의령군,False,2001,2012,5154.0,7810.0,5630.0,0,8.54752839121231,-0.4156318516214217,-0.08833632992142526,True
GN_의령군,GN,의령군,의령군,False,2002,2012,5003.0,7731.0,5610.0,0,8.517793011488205,-0.43520048783226883,-0.11451298702853663,True
GN_의령군,GN,의령군,의령군,False,2003,2012,4594.0,7595.0,5526.0,0,8.432506383249043,-0.5027390317808305,-0.18471312223431902,True
GN_의령군,GN,의령군,의령군,False,2004,2012,4469.0,7438.0,5439.0,0,8.404919948933452,-0.5094373255515627,-0.19643055048950764,True
GN_의령군,GN,의령군,의령군,False,2005,2012,4380.0,7376.0,5401.0,0,8.384804003370492,-0.521182761865937,-0.20953539722239967,True
GN_의령군,GN,의령군,의령군,False,2006,2012,4456.0,7333.0,5313.0,0,8.40200678160712,-0.49813320648667947,-0.17590514484382247,True
GN_의령군,GN,의령군,의령군,False,2007,2012,4555.0,7250.0,5281.0,0,8.423980809694058,-0.4647759381546628,-0.14788994301287595,True
GN_의령군,GN,의령군,의령군,False,2008,2012,4422.0,7152.0,5260.0,0,8.394347361417392,-0.480799955435959,-0.17353894431436423,True
GN_의령군,GN,의령군,의령군,False,2009,2012,4180.0,6890.0,5027.0,0,8.338066525518801,-0.4997598384889024,-0.18451213817377443,True
GN_의령군,GN,의령군,의령군,False,2010,2012,3742.0,6666.0,4745.0,0,8.227375506834035,-0.5773997520336511,-0.237471204209994,True
GN_의령군,GN,의령군,의령군,False,2011,2012,3681.0,6574.0,4651.0,0,8.210939733379021,-0.5799380208451428,-0.23389779584507586,True
GN_진주시,GN,진주시,진주시,False,2000,2012,7693.0,14772.0,9265.0,0,8.948066103458935,-0.65242267251352,-0.18593303526052551,True
GN_진주시,GN,진주시,진주시,False,2001,2012,7535.0,14539.0,9028.0,0,8.927314111060596,-0.6572758618708292,-0.1807720268768307,True
GN_진주시,GN,진주시,진주시,False,2002,2012,7307.0,14529.0,8912.0,0,8.896588071791218,-0.6873138592801205,-0.19856589037584804,True
GN_진주시,GN,진주시,진주시,False,2003,2012,6832.0,14447.0,8863.0,0,8.829372735468406,-0.7488693240609763,-0.2602678512699921,True
GN_진주시,GN,진주시,진주시,False,2004,2012,6766.0,14355.0,8829.0,0,8.819665349340653,-0.7521882432145119,-0.26613168756092875,True
GN_진주시,GN,진주시,진주시,False,2005,2012,6624.0,14295.0,8784.0,0,8.798454696065095,-0.7692104086913165,-0.28223246768421717,True
GN_진주시,GN,진주시,진주시,False,2006,2012,6823.0,14259.0,8764.0,0,8.828054536815424,-0.7370890284666949,-0.25035316389993234,True
GN_진주시,GN,진주시,진주시,False,2007,2012,6628.0,14193.0,8754.0,0,8.799058378546453,-0.7614457857528052,-0.2782076392043873,True
GN_진주시,GN,진주시,진주시,False,2008,2012,6619.0,14102.0,8742.0,0,8.797699580118923,-0.7563723301600618,-0.27819469530433594,True
GN_진주시,GN,진주시,진주시,False,2009,2012,6262.0,13956.0,8169.0,0,8.742254901886351,-0.8014099004203139,-0.265846879455518,True
GN_진주시,GN,진주시,진주시,False,2010,2012,6113.0,13641.0,7405.0,0,8.718172930028725,-0.8026623124643955,-0.19173779667317348,True
GN_진주시,GN,진주시,진주시,False,2011,2012,5931.0,13571.0,7141.0,0,8.687948111838727,-0.8277423302426428,-0.18565998971038233,True
GN_창녕군,GN,창녕군,창녕군,False,2000,2012,7602.0,13181.0,8466.0,0,8.936166649549195,-0.5503650281632702,-0.1076467715316749,True
GN_창녕군,GN,창녕군,창녕군,False,2001,2012,7781.0,13165.0,8468.0,0,8.95944014361693,-0.5258769283134797,-0.08460948863782569,True
GN_창녕군,GN,창녕군,창녕군,False,2002,2012,7618.0,13104.0,8513.0,0,8.938269147038548,-0.5424036590543029,-0.11108053884550806,True
GN_창녕군,GN,창녕군,창녕군,False,2003,2012,7401.0,12875.0,8461.0,0,8.909370405197466,-0.5536723203344707,-0.1338522437270342,True
GN_창녕군,GN,창녕군,창녕군,False,2004,2012,7329.0,12661.0,8444.0,0,8.89959435992585,-0.546687321594403,-0.1416170490423614,True
GN_창녕군,GN,창녕군,창녕군,False,2005,2012,7289.0,12628.0,8432.0,0,8.894121641382213,-0.5495502082956687,-0.14566762939893074,True
GN_창녕군,GN,창녕군,창녕군,False,2006,2012,6984.0,12566.0,8418.0,0,8.851377097519439,-0.5873729354434527,-0.1867504518110774,True
GN_창녕군,GN,창녕군,창녕군,False,2007,2012,7004.0,12405.0,8265.0,0,8.854236693405742,-0.5716182027201597,-0.16554831684938343,True
GN_창녕군,GN,창녕군,창녕군,False,2008,2012,7025.0,12237.0,8231.0,0,8.857230494201946,-0.5549889337837222,-0.1584322987706983,True
GN_창녕군,GN,창녕군,창녕군,False,2009,2012,6999.0,12073.0,8070.0,0,8.85352256068954,-0.5452042726428488,-0.14238620057445495,True
GN_창녕군,GN,창녕군,창녕군,False,2010,2012,6610.0,11585.0,7781.0,0,8.796338932845732,-0.5611275040207442,-0.16310121077119888,True
GN_창녕군,GN,창녕군,창녕군,False,2011,2012,6232.0,11393.0,7573.0,0,8.737452587550584,-0.6033018231475324,-0.19489198156323972,True
GN_통영시,GN,통영시,통영시,False,2000,2012,782.0,3545.0,1066.0,0,6.661854740545311,-1.5114386984209167,-0.3098138641804784,True
GN_통영시,GN,통영시,통영시,False,2001,2012,844.0,3510.0,1071.0,0,6.738152494595957,-1.4252188218639548,-0.2381955758517913,True
GN_통영시,GN,통영시,통영시,False,2002,2012,796.0,3464.0,1076.0,0,6.679599185844383,-1.4705800838379428,-0.3014065548773468,True
GN_통영시,GN,통영시,통영시,False,2003,2012,702.0,3421.0,1074.0,0,6.553933404025811,-1.5837547809517947,-0.4252118710429995,True
GN_통영시,GN,통영시,통영시,False,2004,2012,709.0,3389.0,1057.0,0,6.5638555265321274,-1.5644346450749245,-0.3993344593381103,True
GN_통영시,GN,통영시,통영시,False,2005,2012,677.0,3337.0,1053.0,0,6.517671272912275,-1.595156205839099,-0.44172723922170043,True
GN_통영시,GN,통영시,통영시,False,2006,2012,559.0,3282.0,1032.0,0,6.326149473155099,-1.7700587984949374,-0.613104472886409,True
GN_통영시,GN,통영시,통영시,False,2007,2012,571.0,3234.0,1007.0,0,6.3473892096560105,-1.7340858304810416,-0.5673416830625522,True
GN_통영시,GN,통영시,통영시,False,2008,2012,479.0,3189.0,959.0,0,6.171700597410915,-1.895762069599142,-0.6941904774725236,True
GN_통영시,GN,통영시,통영시,False,2009,2012,503.0,3013.0,824.0,0,6.220590170099739,-1.7901013690305616,-0.4935803598097328,True
GN_통영시,GN,통영시,통영시,False,2010,2012,406.0,2889.0,662.0,0,6.0063531596017325,-1.9623125408645024,-0.4889123963352757,True
GN_통영시,GN,통영시,통영시,False,2011,2012,362.0,2744.0,580.0,0,5.8916442118257715,-2.025527777020004,-0.4713838917146935,True
GN_하동군,GN,하동군,하동군,False,2000,2012,6603.0,10241.0,7369.0,0,8.79527937019457,-0.438875179880867,-0.10975792057242906,True
GN_하동군,GN,하동군,하동군,False,2001,2012,6485.0,10196.0,7301.0,0,8.777247096750544,-0.4525036687454609,-0.11851950730554073,True
GN_하동군,GN,하동군,하동군,False,2002,2012,6429.0,10120.0,7219.0,0,8.768574284141687,-0.453694658699769,-0.11589743399747299,True
GN_하동군,GN,하동군,하동군,False,2003,2012,6042.0,10031.0,7117.0,0,8.706490361946617,-0.5069452149368683,-0.16375120535265353,True
GN_하동군,GN,하동군,하동군,False,2004,2012,5888.0,9896.0,6958.0,0,8.680671660408713,-0.5192142536636108,-0.16697569530317402,True
GN_하동군,GN,하동군,하동군,False,2005,2012,5735.0,9829.0,6899.0,0,8.65434302956347,-0.5387494490031592,-0.18478872298263838,True
GN_하동군,GN,하동군,하동군,False,2006,2012,5661.0,9750.0,6773.0,0,8.64135583403666,-0.543666729955234,-0.1793435651782449,True
GN_하동군,GN,하동군,하동군,False,2007,2012,5769.0,9675.0,6657.0,0,8.660254034256889,-0.517046483641094,-0.14317017734381388,True
GN_하동군,GN,하동군,하동군,False,2008,2012,5753.0,9655.0,6582.0,0,8.657476736863293,-0.5177544579993221,-0.1346171926399915,True
GN_하동군,GN,하동군,하동군,False,2009,2012,5489.0,9642.0,6414.0,0,8.610501368549889,-0.5633824664156784,-0.15573701170321108,True
GN_하동군,GN,하동군,하동군,False,2010,2012,5390.0,9542.0,6232.0,0,8.592300663903043,-0.5711577221730089,-0.14515192364754093,True
GN_하동군,GN,하동군,하동군,False,2011,2012,5024.0,9450.0,6084.0,0,8.521981708148035,-0.6317883123397543,-0.1914359452311487,True
GN_함안군,GN,함안군,함안군,False,2000,2012,7228.0,11740.0,8198.0,0,8.885717651712119,-0.4850394416699686,-0.1259278493521645,True
GN_함안군,GN,함안군,함안군,False,2001,2012,7228.0,11741.0,8218.0,0,8.885717651712119,-0.4851246169180925,-0.12836449773123704,True
GN_함안군,GN,함안군,함안군,False,2002,2012,7081.0,11678.0,8190.0,0,8.865170419651774,-0.5002915891917095,-0.145498757195341,True
GN_함안군,GN,함안군,함안군,False,2003,2012,6850.0,11598.0,8114.0,0,8.83200393125627,-0.5265840171801148,-0.16934231251012122,True
GN_함안군,GN,함안군,함안군,False,2004,2012,6678.0,11516.0,8073.0,0,8.8065738205036,-0.5449188312284665,-0.1897066188914156,True
GN_함안군,GN,함안군,함안군,False,2005,2012,6617.0,11349.0,7954.0,0,8.797397374012059,-0.5394875392890803,-0.1840328517555765,True
GN_함안군,GN,함안군,함안군,False,2006,2012,6823.0,11247.0,7900.0,0,8.828054536815424,-0.49980216858859805,-0.14656350163968845,True
GN_함안군,GN,함안군,함안군,False,2007,2012,6881.0,11062.0,7798.0,0,8.83651926920248,-0.4747518213521431,-0.12510330034006323,True
GN_함안군,GN,함안군,함안군,False,2008,2012,6954.0,10897.0,7641.0,0,8.847072312567807,-0.449170488409079,-0.09421145107975981,True
GN_함안군,GN,함안군,함안군,False,2009,2012,6803.0,10728.0,7496.0,0,8.825118970345061,-0.4554934546164535,-0.09700585357319724,True
GN_함안군,GN,함안군,함안군,False,2010,2012,6479.0,10403.0,7193.0,0,8.776321456449958,-0.47352804862093656,-0.10454215341739825,True
GN_함안군,GN,함안군,함안군,False,2011,2012,6096.0,10108.0,7028.0,0,8.715388097366482,-0.5056943711416029,-0.14226935194050583,True
GN_함양군,GN,함양군,함양군,False,2000,2012,5099.0,9137.0,5743.0,0,8.536799721055155,-0.5832876619434657,-0.11893727980914193,True
GN_함양군,GN,함양군,함양군,False,2001,2012,5176.0,8989.0,5682.0,0,8.551787836180736,-0.5519690503926622,-0.09327072623339738,True
GN_함양군,GN,함양군,함양군,False,2002,2012,5016.0,8849.0,5618.0,0,8.520388082312756,-0.5676716549545944,-0.1133429253514322,True
GN_함양군,GN,함양군,함양군,False,2003,2012,4731.0,8734.0,5555.0,0,8.461891875631148,-0.6130868584143592,-0.1605618264425832,True
GN_함양군,GN,함양군,함양군,False,2004,2012,4658.0,8649.0,5495.0,0,8.446341450444287,-0.6188575358622259,-0.1652524163934359,True
GN_함양군,GN,함양군,함양군,False,2005,2012,4557.0,8597.0,5433.0,0,8.424419791263883,-0.6347487929105604,-0.17582695528763992,True
GN_함양군,GN,함양군,함양군,False,2006,2012,4439.0,8567.0,5424.0,0,8.398184404834035,-0.6574884871300082,-0.20040442478619624,True
GN_함양군,GN,함양군,함양군,False,2007,2012,4477.0,8510.0,5388.0,0,8.406708458240965,-0.6422887633264551,-0.1852210792892901,True
GN_함양군,GN,함양군,함양군,False,2008,2012,4447.0,8264.0,5175.0,0,8.399984990510696,-0.6196790202887783,-0.1516096276228751,True
GN_함양군,GN,함양군,함양군,False,2009,2012,4483.0,8041.0,4980.0,0,8.40804774415544,-0.5842609883927103,-0.10513742586325847,True
GN_함양군,GN,함양군,함양군,False,2010,2012,4292.0,7815.0,4700.0,0,8.36450810375059,-0.5992921391049872,-0.09080968394756006,True
GN_함양군,GN,함양군,함양군,False,2011,2012,3846.0,7802.0,4613.0,0,8.254788926148725,-0.7073464639178759,-0.18184475740909534,True
GN_합천군,GN,합천군,합천군,False,2000,2012,9414.0,13826.0,10354.0,0,9.149953221961088,-0.3843529345441219,-0.09517497550075937,True
GN_합천군,GN,합천군,합천군,False,2001,2012,9480.0,13752.0,10343.0,0,9.156939595249067,-0.371999951813617,-0.08712564612873663,True
GN_합천군,GN,합천군,합천군,False,2002,2012,9348.0,13658.0,10324.0,0,9.142917695658749,-0.3791630138622857,-0.09930886517975601,True
GN_합천군,GN,합천군,합천군,False,2003,2012,8996.0,13578.0,10283.0,0,9.104535313079205,-0.41167080178238713,-0.13371201214998507,True
GN_합천군,GN,합천군,합천군,False,2004,2012,8895.0,13451.0,10255.0,0,9.093244600099936,-0.4135641316086449,-0.14227607040654533,True
GN_합천군,GN,합천군,합천군,False,2005,2012,8779.0,13314.0,10217.0,0,9.080117784926209,-0.41645360723443936,-0.15169049366521392,True
GN_합천군,GN,합천군,합천군,False,2006,2012,8625.0,13216.0,10225.0,0,9.062420241899561,-0.42676325386119807,-0.17017073901144109,True
GN_합천군,GN,합천군,합천군,False,2007,2012,8644.0,13050.0,10171.0,0,9.064620717626777,-0.411922695124062,-0.1626750949988196,True
GN_합천군,GN,합천군,합천군,False,2008,2012,8845.0,12854.0,9994.0,0,9.087607606593886,-0.37380271933734477,-0.12213258531026305,True
GN_합천군,GN,합천군,합천군,False,2009,2012,8778.0,12345.0,9572.0,0,9.080003870248179,-0.3410025315311014,-0.08659357878008578,True
GN_합천군,GN,합천군,합천군,False,2010,2012,8219.0,12239.0,9252.0,0,9.0142038261485,-0.398179027233839,-0.11839119720283087,True
GN_합천군,GN,합천군,합천군,False,2011,2012,7739.0,12060.0,9095.0,0,8.95402775927046,-0.44362171101071723,-0.16145233168176354,True
GW_강릉시,GW,강릉시,강릉시,False,2000,2012,3937.0,8509.0,4261.0,0,8.278174290943738,-0.7707054149058195,-0.07908486255617397,True
GW_강릉시,GW,강릉시,강릉시,False,2001,2012,4005.0,8424.0,4227.0,0,8.29529885950246,-0.7435411943113515,-0.05394894106433057,True
GW_강릉시,GW,강릉시,강릉시,False,2002,2012,3927.0,8393.0,4169.0,0,8.27563105457801,-0.7595222495048173,-0.05980042330278579,True
GW_강릉시,GW,강릉시,강릉시,False,2003,2012,3487.0,8234.0,4073.0,0,8.156797046675651,-0.859230155654199,-0.15533806097276148,True
GW_강릉시,GW,강릉시,강릉시,False,2004,2012,3362.0,8376.0,4076.0,0,8.120291313968561,-0.912834438581811,-0.1925800803740536,True
GW_강릉시,GW,강릉시,강릉시,False,2005,2012,3379.0,8330.0,4053.0,0,8.12533508671429,-0.9022836484465984,-0.18187753991401756,True
GW_강릉시,GW,강릉시,강릉시,False,2006,2012,3288.0,8160.0,3854.0,0,8.098034756176071,-0.9089646917820815,-0.1588320927982405,True
GW_강릉시,GW,강릉시,강릉시,False,2007,2012,3263.0,8109.0,3809.0,0,8.09040229659332,-0.9103275383512379,-0.15471966988528507,True
GW_강릉시,GW,강릉시,강릉시,False,2008,2012,3249.0,7946.0,3679.0,0,8.0861025356691,-0.8943214007054436,-0.12429371943567347,True
GW_강릉시,GW,강릉시,강릉시,False,2009,2012,3275.0,7957.0,3552.0,0,8.094073148069352,-0.8877341753081822,-0.08119295604270782,True
GW_강릉시,GW,강릉시,강릉시,False,2010,2012,3108.0,7928.0,3422.0,0,8.041734711487537,-0.9364213645222872,-0.09624574296460153,True
GW_강릉시,GW,강릉시,강릉시,False,2011,2012,2864.0,7823.0,3260.0,0,7.9599745280805365,-1.0048488636045434,-0.1295079462802171,True
GW_고성군,GW,고성군,고성군,False,2000,2012,3378.0,4340.0,3561.0,0,8.125039097367745,-0.2505905297267059,-0.0527575859100331,True
GW_고성군,GW,고성군,고성군,False,2001,2012,3393.0,4334.0,3569.0,0,8.129469764784231,-0.24477641731207278,-0.050570958705929314,True
GW_고성군,GW,고성군,고성군,False,2002,2012,3409.0,4333.0,3575.0,0,8.134174272137903,-0.23984114960200564,-0.047546182990204855,True
GW_고성군,GW,고성군,고성군,False,2003,2012,3275.0,4313.0,3570.0,0,8.094073148069352,-0.2753158485784901,-0.08624772670433245,True
GW_고성군,GW,고성군,고성군,False,2004,2012,3234.0,4311.0,3539.0,0,8.081475040137052,-0.28745013461008284,-0.09012444020841137,True
GW_고성군,GW,고성군,고성군,False,2005,2012,3257.0,4297.0,3528.0,0,8.088561805276234,-0.2771105784987622,-0.07992461185044775,True
GW_고성군,GW,고성군,고성군,False,2006,2012,3230.0,4271.0,3563.0,0,8.080237416216702,-0.27936585462476415,-0.09812074938913362,True
GW_고성군,GW,고성군,고성군,False,2007,2012,3299.0,4251.0,3560.0,0,8.101374671228582,-0.25353485713020874,-0.07614115261749355,True
GW_고성군,GW,고성군,고성군,False,2008,2012,3238.0,4249.0,3544.0,0,8.08271113423758,-0.2717278058772301,-0.09030017748739105,True
GW_고성군,GW,고성군,고성군,False,2009,2012,3273.0,4206.0,3516.0,0,8.09346227450118,-0.2508050817614649,-0.07161698430388874,True
GW_고성군,GW,고성군,고성군,False,2010,2012,3155.0,4142.0,3464.0,0,8.056743774975313,-0.27219026698021587,-0.09343549470701262,True
GW_고성군,GW,고성군,고성군,False,2011,2012,2903.0,4075.0,3417.0,0,7.97349996402463,-0.3391260616503322,-0.16301828809066077,True
GW_동해시,GW,동해시,동해시,False,2000,2012,362.0,1100.0,384.0,0,5.8916442118257715,-1.1114212469606901,-0.058998340761955426,True
GW_동해시,GW,동해시,동해시,False,2001,2012,341.0,1089.0,377.0,0,5.831882477283517,-1.1611326456494435,-0.10036271016449394,True
GW_동해시,GW,동해시,동해시,False,2002,2012,327.0,1087.0,375.0,0,5.7899601708972535,-1.2012167162239562,-0.13696585507315717,True
GW_동해시,GW,동해시,동해시,False,2003,2012,273.0,1089.0,358.0,0,5.60947179518496,-1.3835433277480007,-0.27106119121574057,True
GW_동해시,GW,동해시,동해시,False,2004,2012,249.0,1107.0,323.0,0,5.517452896464707,-1.4919560362439297,-0.26019942675794905,True
GW_동해시,GW,동해시,동해시,False,2005,2012,277.0,1092.0,306.0,0,5.6240175061873385,-1.371748650117512,-0.09956759576504215,True
GW_동해시,GW,동해시,동해시,False,2006,2012,276.0,1045.0,292.0,0,5.62040086571715,-1.3313712986817618,-0.05635293655113216,True
GW_동해시,GW,동해시,동해시,False,2007,2012,273.0,1042.0,286.0,0,5.60947179518496,-1.3394254271283526,-0.04652001563489261,True
GW_동해시,GW,동해시,동해시,False,2008,2012,281.0,1035.0,305.0,0,5.638354669333745,-1.303802036365724,-0.08195710727366645,True
GW_동해시,GW,동해시,동해시,False,2009,2012,294.0,1027.0,306.0,0,5.683579767338681,-1.2508174425898764,-0.04000533461369926,True
GW_동해시,GW,동해시,동해시,False,2010,2012,273.0,1006.0,295.0,0,5.60947179518496,-1.304265555474725,-0.07750356115486046,True
GW_동해시,GW,동해시,동해시,False,2011,2012,250.0,990.0,293.0,0,5.521460917862246,-1.3762440252663897,-0.15871169115482164,True
GW_삼척시,GW,삼척시,삼척시,False,2000,2012,1085.0,5067.0,1171.0,0,6.98933526597456,-1.5411689395013504,-0.07627809762315696,True
GW_삼척시,GW,삼척시,삼척시,False,2001,2012,1023.0,5080.0,1172.0,0,6.930494765951626,-1.602571774620901,-0.1359722041853315,True
GW_삼척시,GW,삼척시,삼척시,False,2002,2012,1047.0,5004.0,1166.0,0,6.953684210870537,-1.5643086607162653,-0.10765015603990058,True
GW_삼척시,GW,삼척시,삼척시,False,2003,2012,920.0,4990.0,1144.0,0,6.824373670043086,-1.6908175187024783,-0.21791250189665679,True
GW_삼척시,GW,삼척시,삼척시,False,2004,2012,812.0,4942.0,1134.0,0,6.699500340161678,-1.8060250463868774,-0.33400614412601914,True
GW_삼척시,GW,삼척시,삼척시,False,2005,2012,810.0,4902.0,1128.0,0,6.697034247666484,-1.8003643164215744,-0.3311671843915205,True
GW_삼척시,GW,삼척시,삼척시,False,2006,2012,926.0,4811.0,1132.0,0,6.8308742346461795,-1.6477860070532735,-0.200867024116949,True
GW_삼척시,GW,삼척시,삼척시,False,2007,2012,977.0,4812.0,1140.0,0,6.884486652042782,-1.594381425051787,-0.15429688934575925,True
GW_삼척시,GW,삼척시,삼척시,False,2008,2012,919.0,4777.0,1134.0,0,6.823286122355687,-1.6482818910342756,-0.2102203619320102,True
GW_삼척시,GW,삼척시,삼척시,False,2009,2012,917.0,4761.0,1113.0,0,6.821107472256465,-1.6471055369380547,-0.19370687901908035,True
GW_삼척시,GW,삼척시,삼척시,False,2010,2012,869.0,4676.0,1082.0,0,6.767343125265392,-1.6828551973265666,-0.21922333414103434,True
GW_삼척시,GW,삼척시,삼척시,False,2011,2012,739.0,4600.0,1071.0,0,6.6052979209482015,-1.8285136615289854,-0.3710501494995473,True
GW_속초시,GW,속초시,속초시,False,2000,2012,479.0,690.0,499.0,0,6.171700597410915,-0.36499100018038977,-0.04090549834060386,True
GW_속초시,GW,속초시,속초시,False,2001,2012,467.0,693.0,495.0,0,6.1463292576688975,-0.39470074152100576,-0.05822850489979281,True
GW_속초시,GW,속초시,속초시,False,2002,2012,465.0,662.0,487.0,0,6.142037405587356,-0.3532281503496524,-0.04622671749523377,True
GW_속초시,GW,속초시,속초시,False,2003,2012,440.0,652.0,478.0,0,6.0867747269123065,-0.39326983501434665,-0.08283600557914994,True
GW_속초시,GW,속초시,속초시,False,2004,2012,430.0,624.0,461.0,0,6.063785208687608,-0.37236515968182005,-0.06961283430904075,True
GW_속초시,GW,속초시,속초시,False,2005,2012,427.0,622.0,461.0,0,6.056784013228625,-0.3761560795105545,-0.07661402976802378,True
GW_속초시,GW,속초시,속초시,False,2006,2012,406.0,611.0,454.0,0,6.0063531596017325,-0.40874379956986306,-0.11174403843961578,True
GW_속초시,GW,속초시,속초시,False,2007,2012,342.0,611.0,451.0,0,5.834810737062605,-0.5802862221089908,-0.27665660244007384,True
GW_속초시,GW,속초시,속초시,False,2008,2012,299.0,611.0,433.0,0,5.700443573390687,-0.7146533857809088,-0.3702941546118028,True
GW_속초시,GW,속초시,속초시,False,2009,2012,296.0,611.0,421.0,0,5.69035945432406,-0.7247375048475355,-0.35227337935832104,True
GW_속초시,GW,속초시,속초시,False,2010,2012,277.0,611.0,421.0,0,5.6240175061873385,-0.7910794529842571,-0.4186153274950426,True
GW_속초시,GW,속초시,속초시,False,2011,2012,277.0,611.0,421.0,0,5.6240175061873385,-0.7910794529842571,-0.4186153274950426,True
GW_양구군,GW,양구군,양구군,False,2000,2012,2551.0,4709.0,2778.0,0,7.844240718141811,-0.6129901321017437,-0.08524580517247848,True
GW_양구군,GW,양구군,양구군,False,2001,2012,2668.0,4660.0,2863.0,0,7.889084407035514,-0.5576863200841773,-0.07054089806260055,True
GW_양구군,GW,양구군,양구군,False,2002,2012,2610.0,4719.0,2827.0,0,7.867105500316739,-0.592246691409648,-0.07986585737685203,True
GW_양구군,GW,양구군,양구군,False,2003,2012,2658.0,4658.0,2820.0,0,7.885329239273191,-0.5610122111710956,-0.059162924658967775,True
GW_양구군,GW,양구군,양구군,False,2004,2012,2545.0,5326.0,2821.0,0,7.841885928984623,-0.7384698373892542,-0.10296078201737302,True
GW_양구군,GW,양구군,양구군,False,2005,2012,2452.0,5285.0,2687.0,0,7.804659297056102,-0.7679686012482358,-0.09152131155938914,True
GW_양구군,GW,양구군,양구군,False,2006,2012,2406.0,5256.0,2632.0,0,7.785720896534624,-0.7814046636298233,-0.08977839591058423,True
GW_양구군,GW,양구군,양구군,False,2007,2012,2271.0,5226.0,2613.0,0,7.7279755421055585,-0.8334259039749989,-0.14027872341505443,True
GW_양구군,GW,양구군,양구군,False,2008,2012,1878.0,5150.0,2435.0,0,7.537962659768208,-1.008789333889574,-0.2597393757484818,True
GW_양구군,GW,양구군,양구군,False,2009,2012,1843.0,5070.0,2125.0,0,7.519149957669823,-1.0119461389154054,-0.1423771236886937,True
GW_양구군,GW,양구군,양구군,False,2010,2012,1806.0,5076.0,2056.0,0,7.498869733976931,-1.0334090948573467,-0.1296478925981246,True
GW_양구군,GW,양구군,양구군,False,2011,2012,1601.0,5009.0,1979.0,0,7.3783837129967145,-1.1406078603609027,-0.21196323260585093,True
GW_양양군,GW,양양군,양양군,False,2000,2012,2477.0,3961.0,2716.0,0,7.814803429489359,-0.4694483681325572,-0.09211205918922794,True
GW_양양군,GW,양양군,양양군,False,2001,2012,2505.0,3890.0,2654.0,0,7.826044013518965,-0.4401204230935267,-0.05777920137318748,True
GW_양양군,GW,양양군,양양군,False,2002,2012,2495.0,3854.0,2638.0,0,7.822044008185619,-0.4348228407886925,-0.05573232509164061,True
GW_양양군,GW,양양군,양양군,False,2003,2012,2343.0,3818.0,2611.0,0,7.759187438507795,-0.4882945657778981,-0.10830113019133325,True
GW_양양군,GW,양양군,양양군,False,2004,2012,2223.0,3802.0,2570.0,0,7.706612913964197,-0.5366696090841785,-0.14504826392506853,True
GW_양양군,GW,양양군,양양군,False,2005,2012,2218.0,3798.0,2567.0,0,7.704361167910313,-0.5378687234619184,-0.14613201296082767,True
GW_양양군,GW,양양군,양양군,False,2006,2012,2214.0,3768.0,2573.0,0,7.7025561132685825,-0.5317435224276705,-0.15027169901316206,True
GW_양양군,GW,양양군,양양군,False,2007,2012,2265.0,3724.0,2563.0,0,7.725330037917135,-0.49722360047982317,-0.12360368844693603,True
GW_양양군,GW,양양군,양양군,False,2008,2012,2252.0,3711.0,2462.0,0,7.719573989259581,-0.499482671801017,-0.08915531748481786,True
GW_양양군,GW,양양군,양양군,False,2009,2012,2224.0,3448.0,2327.0,0,7.707062655370473,-0.4384869764131114,-0.04527250793181903,True
GW_양양군,GW,양양군,양양군,False,2010,2012,2026.0,3434.0,2307.0,0,7.613818684808629,-0.5276623566487926,-0.12988457336512482,True
GW_양양군,GW,양양군,양양군,False,2011,2012,1982.0,3414.0,2284.0,0,7.591861714889934,-0.5437781884644526,-0.14182185588596674,True
GW_영월군,GW,영월군,영월군,False,2000,2012,1100.0,7486.0,1183.0,0,7.003065458786462,-1.9177244296779135,-0.07274340519192535,True
GW_영월군,GW,영월군,영월군,False,2001,2012,1088.0,7368.0,1158.0,0,6.992096427415888,-1.9128051505192545,-0.062353230717052455,True
GW_영월군,GW,영월군,영월군,False,2002,2012,1058.0,7318.0,1146.0,0,6.964135612418245,-1.9339567331609082,-0.07989728485644054,True
GW_영월군,GW,영월군,영월군,False,2003,2012,985.0,7272.0,1122.0,0,6.892641641172089,-1.999144994685226,-0.13022644491055235,True
GW_영월군,GW,영월군,영월군,False,2004,2012,900.0,7260.0,1108.0,0,6.802394763324311,-2.0877403444945317,-0.2079171039829184,True
GW_영월군,GW,영월군,영월군,False,2005,2012,869.0,7183.0,1083.0,0,6.767343125265392,-2.1121292768094095,-0.22014712173559836,True
GW_영월군,GW,영월군,영월군,False,2006,2012,813.0,7045.0,983.0,0,6.70073110954781,-2.15934231478497,-0.18987801059935627,True
GW_영월군,GW,영월군,영월군,False,2007,2012,814.0,7013.0,937.0,0,6.70196036600254,-2.1535604825343704,-0.14072291623588207,True
GW_영월군,GW,영월군,영월군,False,2008,2012,817.0,6828.0,888.0,0,6.705639094860003,-2.1231479890543286,-0.08333264813216701,True
GW_영월군,GW,영월군,영월군,False,2009,2012,882.0,6773.0,947.0,0,6.782192056006791,-2.0385073432081127,-0.07110703717928679,True
GW_영월군,GW,영월군,영월군,False,2010,2012,753.0,6639.0,886.0,0,6.6240652277998935,-2.1766514009192663,-0.16265172280518758,True
GW_영월군,GW,영월군,영월군,False,2011,2012,545.0,6593.0,715.0,0,6.300785794663244,-2.4929779644500565,-0.2714967480307635,True
GW_원주시,GW,원주시,원주시,False,2000,2012,4684.0,9985.0,5236.0,0,8.451907724717607,-0.7569315211323087,-0.1114054023121831,True
GW_원주시,GW,원주시,원주시,False,2001,2012,4642.0,9929.0,5227.0,0,8.442900586834382,-0.7603144601992131,-0.11869219187854085,True
GW_원주시,GW,원주시,원주시,False,2002,2012,4741.0,9905.0,5279.0,0,8.464003362902119,-0.7367915962305318,-0.10748860192149756,True
GW_원주시,GW,원주시,원주시,False,2003,2012,4608.0,9829.0,5207.0,0,8.435549202375727,-0.7575432761909031,-0.12220995078717145,True
GW_원주시,GW,원주시,원주시,False,2004,2012,4442.0,9800.0,5126.0,0,8.398860004454372,-0.7912776602042921,-0.14322090246964514,True
GW_원주시,GW,원주시,원주시,False,2005,2012,4363.0,9670.0,4991.0,0,8.38091517312361,-0.7958684153237296,-0.13447639634599895,True
GW_원주시,GW,원주시,원주시,False,2006,2012,4144.0,9644.0,5004.0,0,8.329416783939319,-0.8446744553617425,-0.18857608764748335,True
GW_원주시,GW,원주시,원주시,False,2007,2012,4331.0,9653.0,4950.0,0,8.373553741214627,-0.8014702856339877,-0.1335891143481085,True
GW_원주시,GW,원주시,원주시,False,2008,2012,4190.0,9604.0,4957.0,0,8.340456012916183,-0.8294789444249613,-0.16809998510439073,True
GW_원주시,GW,원주시,원주시,False,2009,2012,4177.0,9074.0,4475.0,0,8.337348564497175,-0.7758198957267339,-0.06891306621178117,True
GW_원주시,GW,원주시,원주시,False,2010,2012,4104.0,9030.0,4466.0,0,8.319717386850606,-0.7885902595604257,-0.08453104554949675,True
GW_원주시,GW,원주시,원주시,False,2011,2012,3845.0,8903.0,4180.0,0,8.254528881939745,-0.8396146956339265,-0.08353764357905646,True
GW_인제군,GW,인제군,인제군,False,2000,2012,1318.0,4751.0,1468.0,0,7.183870715062453,-1.282239686124468,-0.107785494112008,True
GW_인제군,GW,인제군,인제군,False,2001,2012,1359.0,4714.0,1469.0,0,7.214504414151143,-1.2437876693449326,-0.0778327620227337,True
GW_인제군,GW,인제군,인제군,False,2002,2012,1349.0,4697.0,1468.0,0,7.207118856207756,-1.2475604298192389,-0.08453735296670484,True
GW_인제군,GW,인제군,인제군,False,2003,2012,1325.0,4590.0,1425.0,0,7.1891677384203225,-1.2424675646342687,-0.07275935428242875,True
GW_인제군,GW,인제군,인제군,False,2004,2012,1278.0,4569.0,1406.0,0,7.15305163493748,-1.273998006625792,-0.09545243743313048,True
GW_인제군,GW,인제군,인제군,False,2005,2012,1248.0,4553.0,1389.0,0,7.129297548929373,-1.294244086405409,-0.10704179382497081,True
GW_인제군,GW,인제군,인제군,False,2006,2012,1178.0,4480.0,1320.0,0,7.071573364211532,-1.335804961197499,-0.11381365136888455,True
GW_인제군,GW,인제군,인제군,False,2007,2012,1140.0,4459.0,1318.0,0,7.038783541388542,-1.363896263238935,-0.145087173673911,True
GW_인제군,GW,인제군,인제군,False,2008,2012,1093.0,4433.0,1314.0,0,6.996681488176539,-1.4001503465685152,-0.18414971086801657,True
GW_인제군,GW,인제군,인제군,False,2009,2012,1046.0,4386.0,1188.0,0,6.952728644624869,-1.433444284352965,-0.12729785529772197,True
GW_인제군,GW,인제군,인제군,False,2010,2012,938.0,4387.0,1150.0,0,6.843749949006225,-1.5426509521599892,-0.2037672723510715,True
GW_인제군,GW,인제군,인제군,False,2011,2012,847.0,4196.0,1055.0,0,6.741700694652055,-1.6001862748641322,-0.21959535125811236,True
GW_정선군,GW,정선군,정선군,False,2000,2012,606.0,7425.0,653.0,0,6.406879986069314,-2.5057279776015866,-0.07469714320711685,True
GW_정선군,GW,정선군,정선군,False,2001,2012,600.0,7405.0,653.0,0,6.396929655216146,-2.5129810714857523,-0.08464747406028472,True
GW_정선군,GW,정선군,정선군,False,2002,2012,595.0,7452.0,651.0,0,6.38856140554563,-2.5276763261758486,-0.08994823666293872,True
GW_정선군,GW,정선군,정선군,False,2003,2012,556.0,7382.0,647.0,0,6.320768294250582,-2.5860315893393615,-0.15157800025031865,True
GW_정선군,GW,정선군,정선군,False,2004,2012,554.0,7510.0,627.0,0,6.317164686747284,-2.6068260580108964,-0.123781853885637,True
GW_정선군,GW,정선군,정선군,False,2005,2012,540.0,7505.0,627.0,0,6.29156913955832,-2.631755604509242,-0.1493774010746005,True
GW_정선군,GW,정선군,정선군,False,2006,2012,461.0,7460.0,637.0,0,6.133398042996649,-2.7839126502011586,-0.3233716125755146,True
GW_정선군,GW,정선군,정선군,False,2007,2012,428.0,7399.0,584.0,0,6.059123195581797,-2.8499769393437537,-0.31077778724643057,True
GW_정선군,GW,정선군,정선군,False,2008,2012,440.0,7394.0,454.0,0,6.0867747269123065,-2.8216494125842715,-0.03132247112904185,True
GW_정선군,GW,정선군,정선군,False,2009,2012,393.0,7351.0,434.0,0,5.973809611869261,-2.928782025504826,-0.09923492223114394,True
GW_정선군,GW,정선군,정선군,False,2010,2012,356.0,7301.0,425.0,0,5.87493073085203,-3.0208358732040548,-0.17715843807238674,True
GW_정선군,GW,정선군,정선군,False,2011,2012,235.0,7196.0,243.0,0,5.459585514144159,-3.4216950809262645,-0.03347592919638931,True
GW_철원군,GW,철원군,철원군,False,2000,2009,10178.0,12378.0,10228.0,1,9.227983807148778,-0.19569217515052806,-0.004900529262299003,True
GW_철원군,GW,철원군,철원군,False,2001,2009,10063.0,12376.0,10333.0,1,9.216620609933333,-0.20689378231956823,-0.026477326281021618,True
GW_철원군,GW,철원군,철원군,False,2002,2009,10006.0,12348.0,10403.0,1,9.21094019204815,-0.21030919357389877,-0.03890931302274403,True
GW_철원군,GW,철원군,철원군,False,2003,2009,9983.0,12353.0,10405.0,1,9.208638925336425,-0.21301530220038956,-0.04140281349130959,True
GW_철원군,GW,철원군,철원군,False,2004,2009,10080.0,13713.0,11445.0,1,9.21830854162536,-0.30779102537449354,-0.12699969076130735,True
GW_철원군,GW,철원군,철원군,False,2005,2009,10802.0,13661.0,11418.0,1,9.287486581152837,-0.23481375573464902,-0.05545975537136805,True
GW_철원군,GW,철원군,철원군,False,2006,2009,10808.0,13448.0,11237.0,1,9.288041879640035,-0.21854379544841684,-0.03892530426786678,True
GW_철원군,GW,철원군,철원군,False,2007,2009,10764.0,13373.0,11184.0,1,9.283962511846797,-0.217030516026,-0.03827695262679498,True
GW_철원군,GW,철원군,철원군,False,2008,2009,10788.0,13205.0,11034.0,1,9.28618968425962,-0.20216114047161327,-0.022547009572756238,True
GW_철원군,GW,철원군,철원군,False,2009,2009,10634.0,13537.0,11049.0,1,9.271811694064283,-0.24137026212150303,-0.03828351104889194,True
GW_철원군,GW,철원군,철원군,False,2010,2009,10659.0,13553.0,11050.0,1,9.274159884689137,-0.24020331932687888,-0.03602582225676265,True
GW_철원군,GW,철원군,철원군,False,2011,2009,10214.0,13408.0,10821.0,1,9.23151460720759,-0.27209221551427376,-0.0577293623640589,True
GW_춘천시,GW,춘천시,춘천시,False,2000,2012,2928.0,7846.0,3154.0,0,7.982074875081202,-0.9856842516882951,-0.07435189244178186,True
GW_춘천시,GW,춘천시,춘천시,False,2001,2012,2852.0,7963.0,3168.0,0,7.955775781534187,-1.026785310723258,-0.10507997140012915,True
GW_춘천시,GW,춘천시,춘천시,False,2002,2012,2820.0,7879.0,3130.0,0,7.944492163932159,-1.0274641073135289,-0.10429611960204,True
GW_춘천시,GW,춘천시,춘천시,False,2003,2012,2732.0,7802.0,3093.0,0,7.912789220690681,-1.0493461693759203,-0.12410755199438928,True
GW_춘천시,GW,춘천시,춘천시,False,2004,2012,2557.0,7776.0,3044.0,0,7.846589975291186,-1.112207370849088,-0.17433774369039057,True
GW_춘천시,GW,춘천시,춘천시,False,2005,2012,2487.0,7672.0,2963.0,0,7.818832443803404,-1.1265001727598696,-0.17512510377016088,True
GW_춘천시,GW,춘천시,춘천시,False,2006,2012,2395.0,7555.0,2729.0,0,7.781138509845015,-1.1488263648618249,-0.13055201086332335,True
GW_춘천시,GW,춘천시,춘천시,False,2007,2012,2337.0,7315.0,2599.0,0,7.756623334538858,-1.1410589789153658,-0.10625870010263228,True
GW_춘천시,GW,춘천시,춘천시,False,2008,2012,2239.0,7169.0,2517.0,0,7.713784616598755,-1.1637368372541168,-0.11703837853656118,True
GW_춘천시,GW,춘천시,춘천시,False,2009,2012,2196.0,7039.0,2384.0,0,7.694392802629421,-1.1648285909787095,-0.08214222555581951,True
GW_춘천시,GW,춘천시,춘천시,False,2010,2012,2082.0,7062.0,2394.0,0,7.641084249174914,-1.221399327313418,-0.13963663694300443,True
GW_춘천시,GW,춘천시,춘천시,False,2011,2012,1758.0,6897.0,2162.0,0,7.471932078245122,-1.3669097351861685,-0.20685691995403133,True
GW_태백시,GW,태백시,태백시,False,2000,2012,1.0,1086.0,3.0,0,0.0,-6.990256500493881,-1.0986122886681098,False
GW_태백시,GW,태백시,태백시,False,2001,2012,1.0,1065.0,3.0,0,0.0,-6.970730078143525,-1.0986122886681098,False
GW_태백시,GW,태백시,태백시,False,2002,2012,1.0,1062.0,3.0,0,0.0,-6.967909201801884,-1.0986122886681098,False
GW_태백시,GW,태백시,태백시,False,2003,2012,1.0,1047.0,3.0,0,0.0,-6.953684210870537,-1.0986122886681098,False
GW_태백시,GW,태백시,태백시,False,2004,2012,1.0,1104.0,3.0,0,0.0,-7.00669522683704,-1.0986122886681098,False
GW_태백시,GW,태백시,태백시,False,2005,2012,1.0,1063.0,3.0,0,0.0,-6.968850378341948,-1.0986122886681098,False
GW_태백시,GW,태백시,태백시,False,2006,2012,,1054.0,3.0,0,,,,False
GW_태백시,GW,태백시,태백시,False,2007,2012,,1048.0,3.0,0,,,,False
GW_태백시,GW,태백시,태백시,False,2008,2012,,1044.0,3.0,0,,,,False
GW_태백시,GW,태백시,태백시,False,2009,2012,,1049.0,3.0,0,,,,False
GW_태백시,GW,태백시,태백시,False,2010,2012,,1011.0,3.0,0,,,,False
GW_태백시,GW,태백시,태백시,False,2011,2012,,996.0,3.0,0,,,,False
GW_평창군,GW,평창군,평창군,False,2000,2012,1003.0,10786.0,1065.0,0,6.910750787961936,-2.375253487935236,-0.05997929018158921,True
GW_평창군,GW,평창군,평창군,False,2001,2012,1005.0,10758.0,1048.0,0,6.912742820493176,-2.370662122340012,-0.04189604438781114,True
GW_평창군,GW,평창군,평창군,False,2002,2012,963.0,10744.0,1045.0,0,6.870053411798126,-2.412049326404948,-0.08171875260078565,True
GW_평창군,GW,평창군,평창군,False,2003,2012,968.0,10699.0,1039.0,0,6.875232087276577,-2.4026734708620294,-0.0707819038226507,True
GW_평창군,GW,평창군,평창군,False,2004,2012,923.0,10664.0,1042.0,0,6.827629234502852,-2.4469996273556935,-0.12126798781046055,True
GW_평창군,GW,평창군,평창군,False,2005,2012,934.0,10629.0,1004.0,0,6.839476438228843,-2.4318649553047393,-0.0722708620228314,True
GW_평창군,GW,평창군,평창군,False,2006,2012,817.0,10589.0,914.0,0,6.705639094860003,-2.5619319105704514,-0.11219147659414652,True
GW_평창군,GW,평창군,평창군,False,2007,2012,707.0,10237.0,823.0,0,6.561030665896573,-2.672733221023198,-0.15192553478049664,True
GW_평창군,GW,평창군,평창군,False,2008,2012,610.0,9940.0,787.0,0,6.413458957167357,-2.790863342483263,-0.2547692912500459,True
GW_평창군,GW,평창군,평창군,False,2009,2012,584.0,9667.0,761.0,0,6.369900982828227,-2.8065723196363788,-0.2647323750334589,True
GW_평창군,GW,평창군,평창군,False,2010,2012,578.0,9621.0,764.0,0,6.359573868672378,-2.8121296196888874,-0.27899392049414296,True
GW_평창군,GW,평창군,평창군,False,2011,2012,454.0,9466.0,653.0,0,6.118097198041348,-3.037364512424845,-0.3634799312350827,True
GW_홍천군,GW,홍천군,홍천군,False,2000,2012,5151.0,13089.0,5575.0,0,8.546946149565585,-0.9325813122261337,-0.0791014467627349,True
GW_홍천군,GW,홍천군,홍천군,False,2001,2012,5122.0,12964.0,5502.0,0,8.541300266759471,-0.9286312975019673,-0.07156667472504807,True
GW_홍천군,GW,홍천군,홍천군,False,2002,2012,5074.0,12757.0,5502.0,0,8.531884740159228,-0.9219506793790622,-0.08098220132529121,True
GW_홍천군,GW,홍천군,홍천군,False,2003,2012,4872.0,12624.0,5405.0,0,8.491259809389733,-0.952095233695923,-0.10381992068357526,True
GW_홍천군,GW,홍천군,홍천군,False,2004,2012,4827.0,12812.0,5305.0,0,8.481980435660493,-0.9761570750685564,-0.09442461538759161,True
GW_홍천군,GW,홍천군,홍천군,False,2005,2012,4619.0,12702.0,5142.0,0,8.437933510430605,-1.0115812299323146,-0.10726387739522991,True
GW_홍천군,GW,홍천군,홍천군,False,2006,2012,4244.0,12717.0,4983.0,0,8.353261499733874,-1.0974334602868723,-0.1605258985475313,True
GW_홍천군,GW,홍천군,홍천군,False,2007,2012,4056.0,12651.0,4824.0,0,8.30795254527102,-1.1375389971436505,-0.17340619313600136,True
GW_홍천군,GW,홍천군,홍천군,False,2008,2012,3935.0,12497.0,4583.0,0,8.277666160851503,-1.1555777336342814,-0.15244292365762213,True
GW_홍천군,GW,홍천군,홍천군,False,2009,2012,3886.0,12303.0,4306.0,0,8.265135629937385,-1.1524627841227844,-0.10262904798692318,True
GW_홍천군,GW,홍천군,홍천군,False,2010,2012,3657.0,12335.0,4215.0,0,8.204398418149381,-1.2157976108140751,-0.1420064522865747,True
GW_홍천군,GW,홍천군,홍천군,False,2011,2012,3454.0,12214.0,3935.0,0,8.147288258706624,-1.2630498550764564,-0.130377902144879,True
GW_화천군,GW,화천군,화천군,False,2000,2012,1486.0,3334.0,1628.0,0,7.303843225277705,-0.8080848380330341,-0.09126432128478079,True
GW_화천군,GW,화천군,화천군,False,2001,2012,1474.0,3367.0,1625.0,0,7.295735072749282,-0.8260423464117919,-0.09752802201455602,True
GW_화천군,GW,화천군,화천군,False,2002,2012,1449.0,3357.0,1612.0,0,7.278628942320682,-0.8401740546593528,-0.10660198074589111,True
GW_화천군,GW,화천군,화천군,False,2003,2012,1379.0,3346.0,1613.0,0,7.229113877793302,-0.8864070037534679,-0.1567372003319072,True
GW_화천군,GW,화천군,화천군,False,2004,2012,1371.0,3429.0,1642.0,0,7.223295679562314,-0.9167282729006061,-0.18037461045005898,True
GW_화천군,GW,화천군,화천군,False,2005,2012,1369.0,3422.0,1639.0,0,7.221835825288449,-0.9161446291636901,-0.18000575345538117,True
GW_화천군,GW,화천군,화천군,False,2006,2012,1162.0,3379.0,1458.0,0,7.057897937411856,-1.0674371493024344,-0.22692297515674742,True
GW_화천군,GW,화천군,화천군,False,2007,2012,1201.0,3330.0,1388.0,0,7.0909098220799835,-1.0198177608945054,-0.14470931898676653,True
GW_화천군,GW,화천군,화천군,False,2008,2012,1153.0,3307.0,1302.0,0,7.050122520269059,-1.0536741927127347,-0.1215343024994553,True
GW_화천군,GW,화천군,화천군,False,2009,2012,1133.0,3283.0,1282.0,0,7.0326242610280065,-1.063888656473587,-0.12355237645260875,True
GW_화천군,GW,화천군,화천군,False,2010,2012,887.0,3285.0,1123.0,0,6.787844982309579,-1.3092769486091314,-0.2359139724288637,True
GW_화천군,GW,화천군,화천군,False,2011,2012,721.0,3189.0,1046.0,0,6.580639137284949,-1.4868235297251076,-0.3720895073399193,True
GW_횡성군,GW,횡성군,횡성군,False,2000,2012,4442.0,10914.0,4561.0,0,8.398860004454372,-0.8989416432918045,-0.026437172257328,True
GW_횡성군,GW,횡성군,횡성군,False,2001,2012,4192.0,10857.0,4555.0,0,8.340933226000878,-0.9516320862309744,-0.08304758369317966,True
GW_횡성군,GW,횡성군,횡성군,False,2002,2012,4124.0,10717.0,4462.0,0,8.32457884513685,-0.9550076995761465,-0.0787735298556278,True
GW_횡성군,GW,횡성군,횡성군,False,2003,2012,3914.0,10661.0,4370.0,0,8.272315147956022,-1.0020323539944531,-0.11020314013361343,True
GW_횡성군,GW,횡성군,횡성군,False,2004,2012,3858.0,10627.0,4326.0,0,8.257904193465674,-1.0132490179070217,-0.11449441304733021,True
GW_횡성군,GW,횡성군,횡성군,False,2005,2012,3762.0,10626.0,4256.0,0,8.232706009860976,-1.038353097149912,-0.12337902116050437,True
GW_횡성군,GW,횡성군,횡성군,False,2006,2012,3437.0,10359.0,3983.0,0,8.142354276849835,-1.1032567092082672,-0.1474363063318087,True
GW_횡성군,GW,횡성군,횡성군,False,2007,2012,3356.0,10309.0,3857.0,0,8.118505067587098,-1.1222675115092873,-0.13913989062113075,True
GW_횡성군,GW,횡성군,횡성군,False,2008,2012,3425.0,10201.0,3752.0,0,8.138856750696325,-1.0913842829861942,-0.09118755942978929,True
GW_횡성군,GW,횡성군,횡성군,False,2009,2012,3367.0,10105.0,3680.0,0,8.121777419161074,-1.0990082106766472,-0.08889061200190262,True
GW_횡성군,GW,횡성군,횡성군,False,2010,2012,3281.0,10075.0,3667.0,0,8.0959035329611,-1.1219088538537836,-0.11122563511022499,True
GW_횡성군,GW,횡성군,횡성군,False,2011,2012,3225.0,9916.0,3548.0,0,8.078688229229872,-1.1232166639252092,-0.09545111419959795,True
JB_고창군,JB,고창군,고창군,False,2000,2011,14918.0,25237.0,15528.0,0,9.610323816515109,-0.5257426341217144,-0.04007630833373632,True
JB_고창군,JB,고창군,고창군,False,2001,2011,14997.0,25175.0,15508.0,0,9.61560546008168,-0.5180012575050839,-0.03350583870913937,True
JB_고창군,JB,고창군,고창군,False,2002,2011,14903.0,25124.0,15518.0,0,9.609317813948794,-0.5222610296254775,-0.04043810550510152,True
JB_고창군,JB,고창군,고창군,False,2003,2011,14587.0,25077.0,15467.0,0,9.587886000086213,-0.5418203702810533,-0.05857800095192722,True
JB_고창군,JB,고창군,고창군,False,2004,2011,14427.0,25073.0,15385.0,0,9.576856729945773,-0.5526901189854616,-0.06429155781036933,True
JB_고창군,JB,고창군,고창군,False,2005,2011,14365.0,25013.0,15357.0,0,9.57254997141339,-0.5546009972837993,-0.06677670371230349,True
JB_고창군,JB,고창군,고창군,False,2006,2011,14458.0,24982.0,15120.0,0,9.579003173560242,-0.5469076709656129,-0.04477047617328189,True
JB_고창군,JB,고창군,고창군,False,2007,2011,14471.0,24950.0,15112.0,0,9.579901925737992,-0.5447271754416718,-0.043342483443353785,True
JB_고창군,JB,고창군,고창군,False,2008,2011,14424.0,24852.0,15084.0,0,9.576648764883153,-0.5440447463004308,-0.044741093495094475,True
JB_고창군,JB,고창군,고창군,False,2009,2011,14085.0,24616.0,14588.0,0,9.552865680310473,-0.558286236691405,-0.03508887161809682,True
JB_고창군,JB,고창군,고창군,False,2010,2011,13614.0,24518.0,14465.0,0,9.518853954007897,-0.5883088666470435,-0.06063326340233921,True
JB_고창군,JB,고창군,고창군,False,2011,2011,13118.0,24426.0,14023.0,0,9.481740611853681,-0.621662805877353,-0.0667135058729702,True
JB_군산시,JB,군산시,군산시,False,2000,2012,13740.0,15307.0,13995.0,0,9.52806656577634,-0.10799895331536646,-0.018388836173214074,True
JB_군산시,JB,군산시,군산시,False,2001,2012,13657.0,15208.0,13942.0,0,9.522007489678424,-0.10756939448984149,-0.020653656367919382,True
JB_군산시,JB,군산시,군산시,False,2002,2012,13518.0,15140.0,13887.0,0,9.511777409660299,-0.11331811733113994,-0.026931020039080877,True
JB_군산시,JB,군산시,군산시,False,2003,2012,13404.0,15042.0,13815.0,0,9.5033084488572,-0.11529311852914681,-0.03020178850031563,True
JB_군산시,JB,군산시,군산시,False,2004,2012,13197.0,14872.0,13659.0,0,9.48774481001683,-0.11949071938444966,-0.03440911398606161,True
JB_군산시,JB,군산시,군산시,False,2005,2012,13087.0,14821.0,13620.0,0,9.479374650055481,-0.12442572290143339,-0.039919929648021935,True
JB_군산시,JB,군산시,군산시,False,2006,2012,13059.0,14581.0,13429.0,0,9.477232830220407,-0.11024176009587805,-0.027938996360768797,True
JB_군산시,JB,군산시,군산시,False,2007,2012,13133.0,14515.0,13437.0,0,9.48288342558516,-0.10005445087357145,-0.022883949290250172,True
JB_군산시,JB,군산시,군산시,False,2008,2012,13135.0,14467.0,13401.0,0,9.48303570211964,-0.09658977050995077,-0.020048907900587665,True
JB_군산시,JB,군산시,군산시,False,2009,2012,13139.0,14458.0,13299.0,0,9.483340185641822,-0.09566298791841987,-0.012103937771341222,True
JB_군산시,JB,군산시,군산시,False,2010,2012,13113.0,14424.0,13290.0,0,9.481359383531425,-0.09528938135172815,-0.013407768175866863,True
JB_군산시,JB,군산시,군산시,False,2011,2012,12996.0,14397.0,13265.0,0,9.472396896788991,-0.10237823373736354,-0.02048736978284893,True
JB_김제시,JB,김제시,김제시,False,2000,2009,23480.0,28812.0,23983.0,1,10.063904273942033,-0.20464297206722115,-0.021196251068133165,True
JB_김제시,JB,김제시,김제시,False,2001,2009,23399.0,28778.0,24105.0,1,10.06044856538989,-0.2069179199334723,-0.029726001449832395,True
JB_김제시,JB,김제시,김제시,False,2002,2009,23468.0,28602.0,23978.0,1,10.06339307004575,-0.19783885438713078,-0.021498952221849166,True
JB_김제시,JB,김제시,김제시,False,2003,2009,23293.0,28579.0,23974.0,1,10.055908165231354,-0.20451929613720843,-0.028817023535690822,True
JB_김제시,JB,김제시,김제시,False,2004,2009,23257.0,28556.0,23927.0,1,10.054361440970256,-0.20526090965209498,-0.028401366423421948,True
JB_김제시,JB,김제시,김제시,False,2005,2009,23206.0,28515.0,23872.0,1,10.05216614490749,-0.20601939868314822,-0.02829535809599726,True
JB_김제시,JB,김제시,김제시,False,2006,2009,23222.0,28416.0,23941.0,1,10.052855384186952,-0.20185226160494452,-0.03049236514702791,True
JB_김제시,JB,김제시,김제시,False,2007,2009,23362.0,28325.0,23977.0,1,10.058866049715641,-0.19263403618056607,-0.02598426678612853,True
JB_김제시,JB,김제시,김제시,False,2008,2009,23112.0,28222.0,23658.0,1,10.048107242146072,-0.19974985247163346,-0.023349360959610266,True
JB_김제시,JB,김제시,김제시,False,2009,2009,22811.0,28325.0,23616.0,1,10.03499815473834,-0.2165019311578682,-0.034681572661860116,True
JB_김제시,JB,김제시,김제시,False,2010,2009,22421.0,28083.0,23267.0,1,10.017753298664472,-0.2251663913753834,-0.037038027962822184,True
JB_김제시,JB,김제시,김제시,False,2011,2009,21861.0,28022.0,23106.0,1,9.992459506338392,-0.24828568859278555,-0.05538809670457212,True
JB_남원시,JB,남원시,남원시,False,2000,2012,12304.0,16293.0,13157.0,0,9.417679691745425,-0.2808111549575294,-0.06702952362041259,True
JB_남원시,JB,남원시,남원시,False,2001,2012,12208.0,16260.0,13216.0,0,9.409846753524238,-0.28661662957756384,-0.07933674223652076,True
JB_남원시,JB,남원시,남원시,False,2002,2012,12151.0,16180.0,13240.0,0,9.405166749908611,-0.28636444070387235,-0.08583107958238756,True
JB_남원시,JB,남원시,남원시,False,2003,2012,11838.0,16119.0,13133.0,0,9.37906997525067,-0.30868400414625974,-0.10381345033448852,True
JB_남원시,JB,남원시,남원시,False,2004,2012,11732.0,16083.0,13098.0,0,9.37007543009734,-0.315442662398306,-0.11013939568065823,True
JB_남원시,JB,남원시,남원시,False,2005,2012,11550.0,16019.0,13044.0,0,9.35444071594994,-0.3270900807515442,-0.12164282095926993,True
JB_남원시,JB,남원시,남원시,False,2006,2012,11330.0,15965.0,12911.0,0,9.335209354022052,-0.3429447511268311,-0.13062558615266795,True
JB_남원시,JB,남원시,남원시,False,2007,2012,11310.0,15903.0,12789.0,0,9.333442569110167,-0.34082048054574976,-0.12289813632315294,True
JB_남원시,JB,남원시,남원시,False,2008,2012,11134.0,15846.0,12727.0,0,9.317758768743452,-0.3529136127817356,-0.13372223124859417,True
JB_남원시,JB,남원시,남원시,False,2009,2012,10935.0,15579.0,11531.0,0,9.299723933110869,-0.3539551994015593,-0.05307040666024676,True
JB_남원시,JB,남원시,남원시,False,2010,2012,10821.0,15499.0,11515.0,0,9.289243969571649,-0.3592868151254027,-0.06216184268313718,True
JB_남원시,JB,남원시,남원시,False,2011,2012,10645.0,15479.0,11483.0,0,9.27284557732758,-0.3743939682462969,-0.0757773824486101,True
JB_무주군,JB,무주군,무주군,False,2000,2012,2591.0,6273.0,3103.0,0,7.85979918056211,-0.8842108075346342,-0.18032548388626957,True
JB_무주군,JB,무주군,무주군,False,2001,2012,2584.0,6223.0,3063.0,0,7.857093864902493,-0.8789135196667255,-0.1700562419302818,True
JB_무주군,JB,무주군,무주군,False,2002,2012,2450.0,6140.0,2976.0,0,7.803843303538772,-0.9187367176024166,-0.19449209241420995,True
JB_무주군,JB,무주군,무주군,False,2003,2012,2177.0,6055.0,2919.0,0,7.685703061234547,-1.0229365947526459,-0.29329330961956757,True
JB_무주군,JB,무주군,무주군,False,2004,2012,2087.0,6026.0,2920.0,0,7.643482907077201,-1.0603558126130457,-0.3358559881851271,True
JB_무주군,JB,무주군,무주군,False,2005,2012,1911.0,5967.0,2869.0,0,7.555381944240273,-1.1386176232818093,-0.40633687174109134,True
JB_무주군,JB,무주군,무주군,False,2006,2012,1676.0,5891.0,2738.0,0,7.424165281042028,-1.2570157604796597,-0.4908177248063659,True
JB_무주군,JB,무주군,무주군,False,2007,2012,1763.0,5784.0,2584.0,0,7.47477218239787,-1.1880785814407302,-0.38232168250462273,True
JB_무주군,JB,무주군,무주군,False,2008,2012,1848.0,5746.0,2532.0,0,7.521859252201629,-1.1343999873376056,-0.3149055310624371,True
JB_무주군,JB,무주군,무주군,False,2009,2012,1781.0,5593.0,1901.0,0,7.484930283289661,-1.1443408115319267,-0.0652050591987674,True
JB_무주군,JB,무주군,무주군,False,2010,2012,1645.0,5517.0,1822.0,0,7.405495663199472,-1.2100938500729583,-0.10219441462043122,True
JB_무주군,JB,무주군,무주군,False,2011,2012,1402.0,5484.0,1745.0,0,7.2456550675945355,-1.3639349730876695,-0.21885476704199203,True
JB_부안군,JB,부안군,부안군,False,2000,2009,15011.0,19622.0,15450.0,1,9.616538544660177,-0.2678681200631594,-0.028825737665714612,True
JB_부안군,JB,부안군,부안군,False,2001,2009,15041.0,19500.0,15423.0,1,9.618535084655214,-0.2596346598966246,-0.025080096068400337,True
JB_부안군,JB,부안군,부안군,False,2002,2009,14953.0,19407.0,15412.0,1,9.612667227583843,-0.2607218771282511,-0.030234478162205036,True
JB_부안군,JB,부안군,부안군,False,2003,2009,14783.0,19362.0,15381.0,1,9.60123315090109,-0.2698345103789279,-0.03965510955072027,True
JB_부안군,JB,부안군,부안군,False,2004,2009,14717.0,19311.0,15356.0,1,9.596758567164112,-0.2716715935566132,-0.042502988956576004,True
JB_부안군,JB,부안군,부안군,False,2005,2009,14821.0,19267.0,15337.0,1,9.603800372956915,-0.26234869392384574,-0.03422311569386416,True
JB_부안군,JB,부안군,부안군,False,2006,2009,14830.0,19168.0,15328.0,1,9.604407435131979,-0.25659006578319676,-0.03302906507866332,True
JB_부안군,JB,부안군,부안군,False,2007,2009,14766.0,19082.0,15268.0,1,9.60008251961911,-0.2564182416926801,-0.03343189424600901,True
JB_부안군,JB,부안군,부안군,False,2008,2009,14693.0,19066.0,15264.0,1,9.595126468875947,-0.2605354541775764,-0.03812592481212107,True
JB_부안군,JB,부안군,부안군,False,2009,2009,14427.0,18958.0,15073.0,1,9.576856729945773,-0.27312455506721456,-0.04380361286475676,True
JB_부안군,JB,부안군,부안군,False,2010,2009,14268.0,18829.0,14977.0,1,9.565774546478782,-0.27737896701764697,-0.04849642351361361,True
JB_부안군,JB,부안군,부안군,False,2011,2009,13985.0,18718.0,14709.0,1,9.54574060563606,-0.29150030108114144,-0.050474224683283,True
JB_순창군,JB,순창군,순창군,False,2000,2012,7198.0,10516.0,7618.0,0,8.881558488638976,-0.37909469721079603,-0.05671065839957201,True
JB_순창군,JB,순창군,순창군,False,2001,2012,7154.0,10420.0,7602.0,0,8.875426919818963,-0.37605539548839495,-0.06073972973023167,True
JB_순창군,JB,순창군,순창군,False,2002,2012,6957.0,10370.0,7582.0,0,8.847503625923641,-0.39916867529993105,-0.08602867015263804,True
JB_순창군,JB,순창군,순창군,False,2003,2012,6676.0,10317.0,7573.0,0,8.806274284781725,-0.43527401431865087,-0.12607028433209777,True
JB_순창군,JB,순창군,순창군,False,2004,2012,6609.0,10264.0,7517.0,0,8.796187635470453,-0.44021027082501973,-0.1287347657070157,True
JB_순창군,JB,순창군,순창군,False,2005,2012,6373.0,10228.0,7488.0,0,8.759825595314295,-0.47305874109678214,-0.16123142284313374,True
JB_순창군,JB,순창군,순창군,False,2006,2012,6371.0,10176.0,7386.0,0,8.759511722116487,-0.4682755634634166,-0.14782987329602193,True
JB_순창군,JB,순창군,순창군,False,2007,2012,6322.0,10113.0,7278.0,0,8.751790892775563,-0.4697861111266075,-0.14082048539654224,True
JB_순창군,JB,순창군,순창군,False,2008,2012,6216.0,9978.0,7139.0,0,8.734881892047483,-0.47325605637350066,-0.1384460974549775,True
JB_순창군,JB,순창군,순창군,False,2009,2012,6274.0,9889.0,6749.0,0,8.744169388750624,-0.45500891851936665,-0.07298023599278203,True
JB_순창군,JB,순창군,순창군,False,2010,2012,5950.0,9780.0,6653.0,0,8.691146498539675,-0.4969482644891876,-0.1116766612022122,True
JB_순창군,JB,순창군,순창군,False,2011,2012,5631.0,9771.0,6609.0,0,8.636042325254618,-0.551131768689725,-0.16014531021583522,True
JB_완주군,JB,완주군,완주군,False,2000,2012,7176.0,13330.0,9156.0,0,8.878497403738631,-0.6192750094341228,-0.24366727733382554,True
JB_완주군,JB,완주군,완주군,False,2001,2012,7189.0,13202.0,9075.0,0,8.880307358983872,-0.6078162532648435,-0.23297130014917933,True
JB_완주군,JB,완주군,완주군,False,2002,2012,6687.0,13147.0,8957.0,0,8.80792062205398,-0.6760282526426256,-0.2922700064212158,True
JB_완주군,JB,완주군,완주군,False,2003,2012,6181.0,12952.0,8539.0,0,8.729235349659273,-0.7397701456981984,-0.3231638342483336,True
JB_완주군,JB,완주군,완주군,False,2004,2012,5915.0,12804.0,8384.0,0,8.685246776412487,-0.772266124677266,-0.3488336301483361,True
JB_완주군,JB,완주군,완주군,False,2005,2012,5722.0,12676.0,8323.0,0,8.652073673610056,-0.795392047200755,-0.3747043721360388,True
JB_완주군,JB,완주군,완주군,False,2006,2012,5538.0,12585.0,8268.0,0,8.619388703730907,-0.8208722038385083,-0.40075921707075146,True
JB_완주군,JB,완주군,완주군,False,2007,2012,5521.0,12520.0,8194.0,0,8.616314282284044,-0.8187683623700455,-0.39484317582277306,True
JB_완주군,JB,완주군,완주군,False,2008,2012,5407.0,12445.0,7990.0,0,8.595449689382004,-0.8336245254196886,-0.39049634937831534,True
JB_완주군,JB,완주군,완주군,False,2009,2012,5261.0,12059.0,6297.0,0,8.568076401730806,-0.8294901463727857,-0.1797522067579358,True
JB_완주군,JB,완주군,완주군,False,2010,2012,4889.0,11860.0,5393.0,0,8.494743062578646,-0.8861836099730702,-0.09811403275858055,True
JB_완주군,JB,완주군,완주군,False,2011,2012,4675.0,11826.0,5573.0,0,8.449984441722787,-0.9280713346579876,-0.17570434584675,True
JB_익산시,JB,익산시,익산시,False,2000,2009,20748.0,25834.0,21839.0,1,9.940205135471292,-0.2192415973206696,-0.05124750579348003,True
JB_익산시,JB,익산시,익산시,False,2001,2009,20767.0,25684.0,21746.0,1,9.941120467342978,-0.2125030415709599,-0.046064644214716566,True
JB_익산시,JB,익산시,익산시,False,2002,2009,20552.0,25580.0,21689.0,1,9.93071353878972,-0.21885253634311397,-0.053846959772887004,True
JB_익산시,JB,익산시,익산시,False,2003,2009,20402.0,25539.0,21655.0,1,9.923388214242465,-0.22457376030970266,-0.05960343940626167,True
JB_익산시,JB,익산시,익산시,False,2004,2009,20197.0,25462.0,21591.0,1,9.913289357508388,-0.23165306611320347,-0.06674248266752514,True
JB_익산시,JB,익산시,익산시,False,2005,2009,19765.0,25310.0,21457.0,1,9.891667975730785,-0.24728687780838499,-0.08213823571429657,True
JB_익산시,JB,익산시,익산시,False,2006,2009,19937.0,25201.0,21455.0,1,9.900332580842827,-0.234306374409039,-0.0733804165827987,True
JB_익산시,JB,익산시,익산시,False,2007,2009,19751.0,25166.0,21322.0,1,9.890959401958858,-0.24228975419305598,-0.07653528055156222,True
JB_익산시,JB,익산시,익산시,False,2008,2009,19827.0,25090.0,21343.0,1,9.894799924138562,-0.23542471522190667,-0.07367917190500606,True
JB_익산시,JB,익산시,익산시,False,2009,2009,19299.0,24822.0,20627.0,1,9.86780856007911,-0.2516770756103561,-0.06654761611948423,True
JB_익산시,JB,익산시,익산시,False,2010,2009,18303.0,24704.0,20227.0,1,9.814820259819962,-0.2999001930045413,-0.09995336473313365,True
JB_익산시,JB,익산시,익산시,False,2011,2009,18133.0,24226.0,19416.0,1,9.805488761654026,-0.28969295392272265,-0.06836398575241098,True
JB_임실군,JB,임실군,임실군,False,2000,2012,5723.0,8841.0,6162.0,0,8.652248422409102,-0.43490684899670207,-0.07390825674751156,True
JB_임실군,JB,임실군,임실군,False,2001,2012,5758.0,8770.0,6139.0,0,8.65834547117212,-0.4207466141941083,-0.06407167025537497,True
JB_임실군,JB,임실군,임실군,False,2002,2012,5607.0,8697.0,6117.0,0,8.631771096123673,-0.43896232146609293,-0.08705596311889252,True
JB_임실군,JB,임실군,임실군,False,2003,2012,5492.0,8676.0,6112.0,0,8.61104776688786,-0.4572681050589047,-0.10696156395849599,True
JB_임실군,JB,임실군,임실군,False,2004,2012,5390.0,8652.0,6083.0,0,8.592300663903043,-0.47324512316990663,-0.12095261041766214,True
JB_임실군,JB,임실군,임실군,False,2005,2012,5294.0,8634.0,6060.0,0,8.574329382787047,-0.48913379332837614,-0.13513569627631306,True
JB_임실군,JB,임실군,임실군,False,2006,2012,5084.0,8589.0,6034.0,0,8.533853632309345,-0.5243839614568806,-0.17131178740966213,True
JB_임실군,JB,임실군,임실군,False,2007,2012,5149.0,8556.0,6053.0,0,8.546557800046141,-0.5078302701561554,-0.1617514958455466,True
JB_임실군,JB,임실군,임실군,False,2008,2012,4966.0,8355.0,5848.0,0,8.510369966068112,-0.5202454749613832,-0.1634850353615036,True
JB_임실군,JB,임실군,임실군,False,2009,2012,4855.0,7882.0,5213.0,0,8.487764380725425,-0.4845725770295246,-0.0711464040426808,True
JB_임실군,JB,임실군,임실군,False,2010,2012,4627.0,7842.0,5064.0,0,8.439663988907,-0.527585193945276,-0.09024797491701264,True
JB_임실군,JB,임실군,임실군,False,2011,2012,4378.0,7831.0,5120.0,0,8.384347278082808,-0.5814982166681286,-0.15656243995074526,True
JB_장수군,JB,장수군,장수군,False,2000,2012,4330.0,7798.0,4917.0,0,8.373322820996535,-0.5882997485460084,-0.12713104641540518,True
JB_장수군,JB,장수군,장수군,False,2001,2012,4356.0,7687.0,4920.0,0,8.37930948405285,-0.5679763852962818,-0.1217543254335034,True
JB_장수군,JB,장수군,장수군,False,2002,2012,4290.0,7657.0,4907.0,0,8.364042011922063,-0.5793335291910608,-0.13437602416784067,True
JB_장수군,JB,장수군,장수군,False,2003,2012,4076.0,7606.0,4870.0,0,8.312871394342615,-0.6238212941455892,-0.17797782173401977,True
JB_장수군,JB,장수군,장수군,False,2004,2012,4038.0,7590.0,4823.0,0,8.303504798872783,-0.631082071516893,-0.1776466211961889,True
JB_장수군,JB,장수군,장수군,False,2005,2012,3992.0,7579.0,4814.0,0,8.292047637431354,-0.6410889063806753,-0.18723598091166238,True
JB_장수군,JB,장수군,장수군,False,2006,2012,3501.0,7520.0,4532.0,0,8.160803920954665,-0.7645174959892209,-0.2581147011932323,True
JB_장수군,JB,장수군,장수군,False,2007,2012,3644.0,7445.0,4481.0,0,8.200837258379849,-0.7144606867382599,-0.20676425640629326,True
JB_장수군,JB,장수군,장수군,False,2008,2012,3559.0,7325.0,4240.0,0,8.177234885510194,-0.7218135483750743,-0.1750836627158101,True
JB_장수군,JB,장수군,장수군,False,2009,2012,3477.0,7231.0,3706.0,0,8.153925132007862,-0.7322074861670895,-0.06378327483744428,True
JB_장수군,JB,장수군,장수군,False,2010,2012,3192.0,7157.0,3722.0,0,8.068402958569699,-0.8074432191688992,-0.1536134786324972,True
JB_장수군,JB,장수군,장수군,False,2011,2012,3120.0,7100.0,3527.0,0,8.045588280803528,-0.822261782225878,-0.1226146494325242,True
JB_전주시,JB,전주시,전주시,False,2000,2012,4109.0,6495.0,4757.0,0,8.32093496888341,-0.45785296022128996,-0.14643752754887096,True
JB_전주시,JB,전주시,전주시,False,2001,2012,4151.0,6408.0,4706.0,0,8.33110454805304,-0.4341979406951566,-0.12548902123426942,True
JB_전주시,JB,전주시,전주시,False,2002,2012,4062.0,6361.0,4613.0,0,8.30943074214033,-0.44851013453847344,-0.12720294141749022,True
JB_전주시,JB,전주시,전주시,False,2003,2012,3856.0,6239.0,4527.0,0,8.257385655730436,-0.48118953638035045,-0.160429091705522,True
JB_전주시,JB,전주시,전주시,False,2004,2012,3502.0,6196.0,4495.0,0,8.161089512845797,-0.5705696886909628,-0.24963143405992483,True
JB_전주시,JB,전주시,전주시,False,2005,2012,3500.0,6160.0,4489.0,0,8.160518247477505,-0.5653138090500605,-0.24886699130442658,True
JB_전주시,JB,전주시,전주시,False,2006,2012,3448.0,5947.0,4344.0,0,8.145549631783584,-0.5450925379230096,-0.231001229830186,True
JB_전주시,JB,전주시,전주시,False,2007,2012,3571.0,5859.0,4278.0,0,8.18060094759445,-0.49513327195033874,-0.18063994204790212,True
JB_전주시,JB,전주시,전주시,False,2008,2012,3412.0,5696.0,4213.0,0,8.13505390861157,-0.5124655444802428,-0.21087635336744803,True
JB_전주시,JB,전주시,전주시,False,2009,2012,3285.0,5350.0,3618.0,0,8.09712193091871,-0.4877299089713425,-0.09655473503653056,True
JB_전주시,JB,전주시,전주시,False,2010,2012,2961.0,5237.0,3465.0,0,7.993282328101591,-0.5702217661778963,-0.15718558352241274,True
JB_전주시,JB,전주시,전주시,False,2011,2012,2773.0,5226.0,3411.0,0,7.927685045615778,-0.6337164004647793,-0.20707573680286728,True
JB_정읍시,JB,정읍시,정읍시,False,2000,2011,17927.0,24712.0,18711.0,0,9.79406323525484,-0.32098099934357904,-0.04280362993939235,True
JB_정읍시,JB,정읍시,정읍시,False,2001,2011,17945.0,24657.0,18719.0,0,9.795066803581708,-0.3177493112349019,-0.042227526219621225,True
JB_정읍시,JB,정읍시,정읍시,False,2002,2011,17593.0,24525.0,18716.0,0,9.775256374639046,-0.33219190979451874,-0.061877677347061066,True
JB_정읍시,JB,정읍시,정읍시,False,2003,2011,16936.0,24458.0,18642.0,0,9.737196812814702,-0.36751582693461415,-0.0959755658064001,True
JB_정읍시,JB,정읍시,정읍시,False,2004,2011,16799.0,24300.0,18508.0,0,9.729074639810214,-0.3691569895184248,-0.09688371021667663,True
JB_정읍시,JB,정읍시,정읍시,False,2005,2011,16681.0,24217.0,18467.0,0,9.722025626154055,-0.372784518706446,-0.10171500829181745,True
JB_정읍시,JB,정읍시,정읍시,False,2006,2011,16413.0,24098.0,18366.0,0,9.705828982731935,-0.38405514575128663,-0.11242742544153295,True
JB_정읍시,JB,정읍시,정읍시,False,2007,2011,16578.0,23657.0,17995.0,0,9.715831794151471,-0.3555825390609364,-0.08201742636165932,True
JB_정읍시,JB,정읍시,정읍시,False,2008,2011,16110.0,23493.0,17925.0,0,9.68719547617102,-0.3772623072480279,-0.1067561892968012,True
JB_정읍시,JB,정읍시,정읍시,False,2009,2011,15692.0,23205.0,16508.0,0,9.660906307329443,-0.391216744345833,-0.05069408354303029,True
JB_정읍시,JB,정읍시,정읍시,False,2010,2011,15396.0,22883.0,16129.0,0,9.641863014403636,-0.39628654137588804,-0.046511158513546036,True
JB_정읍시,JB,정읍시,정읍시,False,2011,2011,15164.0,22815.0,15886.0,0,9.626679476636225,-0.4084940167252782,-0.04651402055685239,True
JB_진안군,JB,진안군,진안군,False,2000,2012,4144.0,8417.0,5370.0,0,8.329416783939319,-0.708591965272257,-0.2591664035635919,True
JB_진안군,JB,진안군,진안군,False,2001,2012,4091.0,8350.0,5372.0,0,8.316544717929398,-0.7134720999155029,-0.27241083971373037,True
JB_진안군,JB,진안군,진안군,False,2002,2012,3936.0,8249.0,5334.0,0,8.277920258172143,-0.7399270016885886,-0.303936446569816,True
JB_진안군,JB,진안군,진안군,False,2003,2012,3710.0,8070.0,5218.0,0,8.21878715560148,-0.7771216056625132,-0.3410823100951923,True
JB_진안군,JB,진안군,진안군,False,2004,2012,3419.0,8081.0,5181.0,0,8.137103389639302,-0.8601675165941458,-0.4156499771754856,True
JB_진안군,JB,진안군,진안군,False,2005,2012,3132.0,8052.0,5161.0,0,8.049427057110695,-0.9442487296489883,-0.49945858103803253,True
JB_진안군,JB,진안군,진안군,False,2006,2012,3126.0,8018.0,4987.0,0,8.047509510981422,-0.9419347822210291,-0.4670802945647008,True
JB_진안군,JB,진안군,진안군,False,2007,2012,3463.0,7999.0,4951.0,0,8.149890544402423,-0.8371812684463986,-0.3574543109589996,True
JB_진안군,JB,진안군,진안군,False,2008,2012,3318.0,7940.0,4844.0,0,8.10711747075039,-0.8725510834907908,-0.3783786339225923,True
JB_진안군,JB,진안군,진안군,False,2009,2012,3124.0,7701.0,3438.0,0,8.046869510959576,-0.9022359585796735,-0.09577567498321926,True
JB_진안군,JB,진안군,진안군,False,2010,2012,2923.0,7566.0,3233.0,0,7.980365765111246,-0.9510540400817291,-0.10080001261418658,True
JB_진안군,JB,진안군,진안군,False,2011,2012,2668.0,7434.0,3163.0,0,7.889084407035514,-1.0247349438216835,-0.17019181627013413,True
JN_강진군,JN,강진군,강진군,False,2000,2012,10886.0,13938.0,11323.0,0,9.295232838994146,-0.2471413630043191,-0.03935849531989355,True
JN_강진군,JN,강진군,강진군,False,2001,2012,10999.0,13894.0,11321.0,0,9.305559638557117,-0.23365273269570963,-0.028855048520991744,True
JN_강진군,JN,강진군,강진군,False,2002,2012,10879.0,13786.0,11279.0,0,9.294589604421082,-0.2368192590245144,-0.03610826421883395,True
JN_강진군,JN,강진군,강진군,False,2003,2012,10768.0,13663.0,11223.0,0,9.284334051884509,-0.23811267645398004,-0.04138647113174798,True
JN_강진군,JN,강진군,강진군,False,2004,2012,10613.0,13592.0,11187.0,0,9.269834943761822,-0.24740171958994672,-0.052672725085107786,True
JN_강진군,JN,강진군,강진군,False,2005,2012,10550.0,13642.0,11275.0,0,9.263881138904212,-0.257027409310453,-0.06646202546666657,True
JN_강진군,JN,강진군,강진군,False,2006,2012,10506.0,13498.0,11257.0,0,9.259701801513907,-0.250595003789444,-0.06904363484089693,True
JN_강진군,JN,강진군,강진군,False,2007,2012,10426.0,13450.0,11223.0,0,9.252057965328051,-0.25467641970193355,-0.07366255768820551,True
JN_강진군,JN,강진군,강진군,False,2008,2012,10349.0,13397.0,11179.0,0,9.244645175668174,-0.2581409046088119,-0.07714712160215242,True
JN_강진군,JN,강진군,강진군,False,2009,2012,10257.0,13107.0,10855.0,0,9.235715678307411,-0.24518603931213434,-0.05666540400498121,True
JN_강진군,JN,강진군,강진군,False,2010,2012,10159.0,13037.0,10794.0,0,9.226115291091546,-0.24943145657123367,-0.06063041208704334,True
JN_강진군,JN,강진군,강진군,False,2011,2012,9922.0,13027.0,10795.0,0,9.202509792860994,-0.2722696128365705,-0.08432855008791407,True
JN_고흥군,JN,고흥군,고흥군,False,2000,2011,14033.0,22712.0,14655.0,0,9.549166977751137,-0.48148172040167125,-0.043369875393855395,True
JN_고흥군,JN,고흥군,고흥군,False,2001,2011,13994.0,22647.0,14650.0,0,9.546383945305841,-0.48139872650189375,-0.04581166913937196,True
JN_고흥군,JN,고흥군,고흥군,False,2002,2011,13993.0,22582.0,14642.0,0,9.546312483555713,-0.47859592418475394,-0.0453369066508742,True
JN_고흥군,JN,고흥군,고흥군,False,2003,2011,13769.0,22537.0,14615.0,0,9.530174967444372,-0.4927387145742941,-0.05962871010097359,True
JN_고흥군,JN,고흥군,고흥군,False,2004,2011,13825.0,22444.0,14722.0,0,9.534233826390535,-0.48454477048032807,-0.06286442622811528,True
JN_고흥군,JN,고흥군,고흥군,False,2005,2011,14075.0,22320.0,14678.0,0,9.552155453007892,-0.461082963487355,-0.04194960009711579,True
JN_고흥군,JN,고흥군,고흥군,False,2006,2011,13775.0,22149.0,14536.0,0,9.530610634021116,-0.4749369937061587,-0.05377297605489062,True
JN_고흥군,JN,고흥군,고흥군,False,2007,2011,14141.0,21959.0,14416.0,0,9.556833658307777,-0.44009869893821474,-0.019260321540341963,True
JN_고흥군,JN,고흥군,고흥군,False,2008,2011,14454.0,21681.0,14184.0,0,9.578726471842927,-0.4054651081081637,0.018856624088883223,True
JN_고흥군,JN,고흥군,고흥군,False,2009,2011,14477.0,23119.0,15630.0,0,9.580316462154043,-0.4680936071016948,-0.07663096126147906,True
JN_고흥군,JN,고흥군,고흥군,False,2010,2011,14526.0,22738.0,15396.0,0,9.583695426166113,-0.44809738652293873,-0.05816758823752366,True
JN_고흥군,JN,고흥군,고흥군,False,2011,2011,14038.0,22594.0,15163.0,0,9.549523217290366,-0.47591644599650884,-0.07709031151057388,True
JN_곡성군,JN,곡성군,곡성군,False,2000,2012,6083.0,9130.0,6673.0,0,8.713253274320705,-0.4060676992683092,-0.09257153858290224,True
JN_곡성군,JN,곡성군,곡성군,False,2001,2012,5973.0,9099.0,6648.0,0,8.695004592732307,-0.42091520362438395,-0.10706674380297798,True
JN_곡성군,JN,곡성군,곡성군,False,2002,2012,5905.0,9036.0,6616.0,0,8.683554728631462,-0.42541714895643246,-0.11369150807206552,True
JN_곡성군,JN,곡성군,곡성군,False,2003,2012,5839.0,9009.0,6597.0,0,8.672314828283538,-0.4336645283679026,-0.12205545093933345,True
JN_곡성군,JN,곡성군,곡성군,False,2004,2012,5718.0,8975.0,6545.0,0,8.651374372882257,-0.4508238404742233,-0.1350823054617436,True
JN_곡성군,JN,곡성군,곡성군,False,2005,2012,5434.0,8955.0,6526.0,0,8.600430789986293,-0.49953652450851926,-0.18311868716697255,True
JN_곡성군,JN,곡성군,곡성군,False,2006,2012,5324.0,8862.0,6467.0,0,8.579980179515003,-0.5095475722444327,-0.19448742193159063,True
JN_곡성군,JN,곡성군,곡성군,False,2007,2012,5399.0,8703.0,6363.0,0,8.593969030218288,-0.47745404257122637,-0.1642862130145044,True
JN_곡성군,JN,곡성군,곡성군,False,2008,2012,5438.0,8656.0,6244.0,0,8.601166625192416,-0.46484137589384744,-0.13820965644290695,True
JN_곡성군,JN,곡성군,곡성군,False,2009,2012,5452.0,8545.0,5904.0,0,8.603737792816423,-0.44936380273326826,-0.07964757346388573,True
JN_곡성군,JN,곡성군,곡성군,False,2010,2012,5286.0,8547.0,5705.0,0,8.572817095164234,-0.48051852800178274,-0.07628116713194188,True
JN_곡성군,JN,곡성군,곡성군,False,2011,2012,5034.0,8477.0,5591.0,0,8.523970175695261,-0.521141716913144,-0.10494326533138398,True
JN_광양시,JN,광양시,광양시,False,2000,2012,4607.0,6926.0,5067.0,0,8.435332164935916,-0.4077055600264501,-0.09517204053999428,True
JN_광양시,JN,광양시,광양시,False,2001,2012,4625.0,6916.0,5030.0,0,8.439231649946526,-0.4023611968566545,-0.08394361314725884,True
JN_광양시,JN,광양시,광양시,False,2002,2012,4395.0,6824.0,4902.0,0,8.388222810119277,-0.4399782790522373,-0.10917575396878121,True
JN_광양시,JN,광양시,광양시,False,2003,2012,3829.0,6729.0,4735.0,0,8.250358951477294,-0.5638228717110252,-0.21237805414288502,True
JN_광양시,JN,광양시,광양시,False,2004,2012,3692.0,6621.0,4623.0,0,8.213923595622743,-0.5840780993021024,-0.22487552836548197,True
JN_광양시,JN,광양시,광양시,False,2005,2012,3562.0,6546.0,4447.0,0,8.178077463849608,-0.6085319912115175,-0.22190752666108793,True
JN_광양시,JN,광양시,광양시,False,2006,2012,3269.0,6403.0,4236.0,0,8.092239406724211,-0.6722825027945909,-0.2591352999970855,True
JN_광양시,JN,광양시,광양시,False,2007,2012,2989.0,6292.0,4070.0,0,8.002694162283937,-0.744340101894231,-0.308704116152704,True
JN_광양시,JN,광양시,광양시,False,2008,2012,2534.0,6175.0,3457.0,0,7.837554360881084,-0.8907098006150935,-0.3106020790405406,True
JN_광양시,JN,광양시,광양시,False,2009,2012,2367.0,6087.0,3283.0,0,7.769378609513984,-0.94453201897994,-0.3271343079876097,True
JN_광양시,JN,광양시,광양시,False,2010,2012,2165.0,6012.0,2655.0,0,7.68017564043659,-1.0213371104362752,-0.20402429323944915,True
JN_광양시,JN,광양시,광양시,False,2011,2012,1560.0,5949.0,2040.0,0,7.352441100243583,-1.338537316944322,-0.268263986594679,True
JN_구례군,JN,구례군,구례군,False,2000,2012,3977.0,6224.0,4359.0,0,8.28828304520769,-0.4478850206505385,-0.09171490703070262,True
JN_구례군,JN,구례군,구례군,False,2001,2012,4014.0,6190.0,4334.0,0,8.297543529356284,-0.43314683632235784,-0.07670265274001942,True
JN_구례군,JN,구례군,구례군,False,2002,2012,3982.0,6178.0,4330.0,0,8.289539484624141,-0.4392103888543861,-0.08378333637239344,True
JN_구례군,JN,구례군,구례군,False,2003,2012,3811.0,6173.0,4254.0,0,8.24564690087386,-0.4822933215200358,-0.10996809488632309,True
JN_구례군,JN,구례군,구례군,False,2004,2012,3763.0,6163.0,4238.0,0,8.232971790593437,-0.4933471603688062,-0.11887494823480793,True
JN_구례군,JN,구례군,구례군,False,2005,2012,3684.0,6149.0,4218.0,0,8.211754397375197,-0.5122903485782722,-0.1353619636635237,True
JN_구례군,JN,구례군,구례군,False,2006,2012,3720.0,6099.0,4171.0,0,8.221478947267192,-0.49440115502926396,-0.11443214692975268,True
JN_구례군,JN,구례군,구례군,False,2007,2012,3615.0,6034.0,3952.0,0,8.192847134592865,-0.5123182851261419,-0.08912992427489286,True
JN_구례군,JN,구례군,구례군,False,2008,2012,3467.0,5920.0,3914.0,0,8.151044945685024,-0.5350467821930263,-0.12127020227099727,True
JN_구례군,JN,구례군,구례군,False,2009,2012,3454.0,5731.0,3600.0,0,8.147288258706624,-0.5063570558451129,-0.041400865737577064,True
JN_구례군,JN,구례군,구례군,False,2010,2012,3249.0,5575.0,3489.0,0,8.0861025356691,-0.5399450606592193,-0.07126790551767392,True
JN_구례군,JN,구례군,구례군,False,2011,2012,3161.0,5546.0,3408.0,0,8.058643712215618,-0.5621885139601055,-0.07523717573358901,True
JN_나주시,JN,나주시,나주시,False,2000,2009,15344.0,24376.0,17128.0,1,9.63847979712322,-0.4628745235423253,-0.10999003314629974,True
JN_나주시,JN,나주시,나주시,False,2001,2009,15343.0,24249.0,17084.0,1,9.638414622945206,-0.4577160354567482,-0.1074830090161516,True
JN_나주시,JN,나주시,나주시,False,2002,2009,15341.0,24123.0,17146.0,1,9.638284261844774,-0.45263675937148484,-0.11123592739392762,True
JN_나주시,JN,나주시,나주시,False,2003,2009,14968.0,24009.0,17122.0,1,9.613669867953925,-0.4725141710812313,-0.13444959734850492,True
JN_나주시,JN,나주시,나주시,False,2004,2009,14861.0,23894.0,16829.0,1,9.60649561075857,-0.47488704961859973,-0.12436325695450279,True
JN_나주시,JN,나주시,나주시,False,2005,2009,14845.0,23850.0,16806.0,1,9.60541838719786,-0.47412110911862726,-0.12407285729030448,True
JN_나주시,JN,나주시,나주시,False,2006,2009,14904.0,23709.0,16759.0,1,9.609384912281424,-0.4642250895916611,-0.11730579410344966,True
JN_나주시,JN,나주시,나주시,False,2007,2009,14889.0,23573.0,16747.0,1,9.608377964255551,-0.45947930401639603,-0.11759645247892792,True
JN_나주시,JN,나주시,나주시,False,2008,2009,14786.0,23389.0,16632.0,1,9.601436066117046,-0.4585850392338475,-0.11764776342080374,True
JN_나주시,JN,나주시,나주시,False,2009,2009,14757.0,22913.0,15724.0,1,9.59947282546345,-0.4399868885958931,-0.06347066107830202,True
JN_나주시,JN,나주시,나주시,False,2010,2009,13561.0,22626.0,15471.0,1,9.514953305087944,-0.5119016613984684,-0.13176927763112367,True
JN_나주시,JN,나주시,나주시,False,2011,2009,13142.0,22129.0,15010.0,1,9.483568487457813,-0.5210757570380533,-0.13290343716969488,True
JN_담양군,JN,담양군,담양군,False,2000,2012,8071.0,10833.0,8893.0,0,8.996032669324372,-0.29431964062119675,-0.0969870600752678,True
JN_담양군,JN,담양군,담양군,False,2001,2012,8044.0,10787.0,8896.0,0,8.992681750892542,-0.29341523348288767,-0.1006752655978218,True
JN_담양군,JN,담양군,담양군,False,2002,2012,7942.0,10722.0,8855.0,0,8.979920411691197,-0.30013257269628646,-0.10881713852573682,True
JN_담양군,JN,담양군,담양군,False,2003,2012,7606.0,10661.0,8839.0,0,8.936692688488204,-0.33765481346227055,-0.15023633857274454,True
JN_담양군,JN,담양군,담양군,False,2004,2012,7615.0,10633.0,8815.0,0,8.937875265329263,-0.33384238632182317,-0.14633482950270782,True
JN_담양군,JN,담양군,담양군,False,2005,2012,7572.0,10615.0,8811.0,0,8.932212512329214,-0.33781086180814235,-0.15154370753751678,True
JN_담양군,JN,담양군,담양군,False,2006,2012,7092.0,10416.0,8706.0,0,8.866722667194098,-0.3843756972542529,-0.20504505491814484,True
JN_담양군,JN,담양군,담양군,False,2007,2012,7188.0,10338.0,8619.0,0,8.88016824790345,-0.3634134578525341,-0.1815560997439487,True
JN_담양군,JN,담양군,담양군,False,2008,2012,7184.0,10279.0,8589.0,0,8.879611609982035,-0.358246648030887,-0.17862598378419037,True
JN_담양군,JN,담양군,담양군,False,2009,2012,6928.0,10083.0,7629.0,0,8.843326450242271,-0.3752796661509432,-0.09638560384795802,True
JN_담양군,JN,담양군,담양군,False,2010,2012,6922.0,9939.0,7475.0,0,8.84246002419529,-0.3617616667727148,-0.07685937406359677,True
JN_담양군,JN,담양군,담양군,False,2011,2012,6421.0,9687.0,7174.0,0,8.76732914779405,-0.41121091163233636,-0.11088951029817906,True
JN_목포시,JN,목포시,목포시,False,2000,2012,417.0,1263.0,444.0,0,6.0330862217988015,-1.1081589005516896,-0.0627383406334232,True
JN_목포시,JN,목포시,목포시,False,2001,2012,380.0,1263.0,444.0,0,5.940171252720432,-1.2010738696300596,-0.15565330971179314,True
JN_목포시,JN,목포시,목포시,False,2002,2012,339.0,1237.0,429.0,0,5.82600010738045,-1.2944442650120376,-0.23545681154756704,True
JN_목포시,JN,목포시,목포시,False,2003,2012,276.0,1127.0,384.0,0,5.62040086571715,-1.406913648322627,-0.3302416868705773,True
JN_목포시,JN,목포시,목포시,False,2004,2012,233.0,1111.0,383.0,0,5.4510384535657,-1.5619773360739302,-0.4969965356149455,True
JN_목포시,JN,목포시,목포시,False,2005,2012,292.0,1103.0,378.0,0,5.676753802268282,-1.329035216985221,-0.25814039335130623,True
JN_목포시,JN,목포시,목포시,False,2006,2012,295.0,1085.0,364.0,0,5.68697535633982,-1.30235990963474,-0.21017851129692033,True
JN_목포시,JN,목포시,목포시,False,2007,2012,255.0,1029.0,329.0,0,5.541263545158426,-1.3950791906756237,-0.2547942056069461,True
JN_목포시,JN,목포시,목포시,False,2008,2012,261.0,1025.0,329.0,0,5.564520407322694,-1.3679274842498153,-0.23153734344267818,True
JN_목포시,JN,목포시,목포시,False,2009,2012,272.0,986.0,271.0,0,5.605802066295998,-1.2878542883066375,0.003683245416296721,True
JN_목포시,JN,목포시,목포시,False,2010,2012,217.0,972.0,265.0,0,5.37989735354046,-1.4994584509199793,-0.1998324724457623,True
JN_목포시,JN,목포시,목포시,False,2011,2012,197.0,947.0,254.0,0,5.2832037287379885,-1.5700953644480897,-0.2541305382805481,True
JN_무안군,JN,무안군,무안군,False,2000,2012,10672.0,20760.0,11109.0,0,9.275378768155404,-0.665404569124421,-0.040132101426317845,True
JN_무안군,JN,무안군,무안군,False,2001,2012,10696.0,20615.0,11083.0,0,9.27762511878178,-0.656149126359221,-0.03554256299387326,True
JN_무안군,JN,무안군,무안군,False,2002,2012,10606.0,20513.0,10998.0,0,9.269175157697076,-0.6596389527850608,-0.03629355937068368,True
JN_무안군,JN,무안군,무안군,False,2003,2012,10449.0,20467.0,10977.0,0,9.254261559034111,-0.6723075529453375,-0.04929589465320561,True
JN_무안군,JN,무안군,무안군,False,2004,2012,10354.0,20324.0,10894.0,0,9.245128197461847,-0.6744295352517753,-0.0508392604817729,True
JN_무안군,JN,무안군,무안군,False,2005,2012,10143.0,20239.0,10856.0,0,9.224539091375995,-0.6908276236902111,-0.06793411013870987,True
JN_무안군,JN,무안군,무안군,False,2006,2012,9883.0,19946.0,10672.0,0,9.198571388376184,-0.7022125125856284,-0.07680737977922014,True
JN_무안군,JN,무안군,무안군,False,2007,2012,9682.0,19786.0,10599.0,0,9.178023770499639,-0.714706125383529,-0.0904911655276166,True
JN_무안군,JN,무안군,무안군,False,2008,2012,9378.0,19705.0,10523.0,0,9.146121799649531,-0.7425058899795722,-0.11519681709128093,True
JN_무안군,JN,무안군,무안군,False,2009,2012,9416.0,19578.0,10283.0,0,9.150165648940114,-0.7319961168812625,-0.08808167628907704,True
JN_무안군,JN,무안군,무안군,False,2010,2012,9366.0,19578.0,10167.0,0,9.144841389743487,-0.7373203760778893,-0.08206107053167422,True
JN_무안군,JN,무안군,무안군,False,2011,2012,8882.0,19432.0,9960.0,0,9.091782035852047,-0.7828944348299611,-0.11455031472659627,True
JN_보성군,JN,보성군,보성군,False,2000,2012,10530.0,15796.0,11613.0,0,9.261983605128021,-0.40552841727851785,-0.09789683411773709,True
JN_보성군,JN,보성군,보성군,False,2001,2012,10512.0,15724.0,11617.0,0,9.260272740724393,-0.4026707458173586,-0.09995208078908213,True
JN_보성군,JN,보성군,보성군,False,2002,2012,10440.0,15660.0,11634.0,0,9.25339986143663,-0.4054651081081637,-0.10828726303407699,True
JN_보성군,JN,보성군,보성군,False,2003,2012,10031.0,15581.0,11597.0,0,9.213435576883485,-0.44037192533386893,-0.14506614607321744,True
JN_보성군,JN,보성군,보성군,False,2004,2012,9890.0,15467.0,11479.0,0,9.199279424616758,-0.44718457642138176,-0.1489951334487376,True
JN_보성군,JN,보성군,보성군,False,2005,2012,9726.0,15403.0,11422.0,0,9.182557990963732,-0.4597595836607269,-0.16073860826107733,True
JN_보성군,JN,보성군,보성군,False,2006,2012,9923.0,15280.0,11350.0,0,9.202610573914242,-0.4316894888062688,-0.13436244899530614,True
JN_보성군,JN,보성군,보성군,False,2007,2012,9972.0,15204.0,11200.0,0,9.207536444643448,-0.4217773854656901,-0.11613261263973662,True
JN_보성군,JN,보성군,보성군,False,2008,2012,9697.0,15140.0,11043.0,0,9.179571838304547,-0.44552368868689207,-0.12998018374258358,True
JN_보성군,JN,보성군,보성군,False,2009,2012,9592.0,14902.0,10279.0,0,9.16868469670735,-0.4405660144063219,-0.06917356130557195,True
JN_보성군,JN,보성군,보성군,False,2010,2012,9476.0,14713.0,9980.0,0,9.156517565278676,-0.4399691704192712,-0.051820804026833756,True
JN_보성군,JN,보성군,보성군,False,2011,2012,9087.0,14589.0,9823.0,0,9.114600099695346,-0.47342299937654886,-0.0778817539795238,True
JN_순천시,JN,순천시,순천시,False,2000,2012,8827.0,15682.0,10487.0,0,9.085570485020233,-0.5746983517706354,-0.17232118881417335,True
JN_순천시,JN,순천시,순천시,False,2001,2012,8854.0,15619.0,10456.0,0,9.088624613292087,-0.5676187875656353,-0.1663066420119712,True
JN_순천시,JN,순천시,순천시,False,2002,2012,8290.0,15569.0,10379.0,0,9.022805248129341,-0.6302317885603337,-0.22473456483594845,True
JN_순천시,JN,순천시,순천시,False,2003,2012,7735.0,15459.0,10290.0,0,8.953510763007166,-0.692435873989167,-0.2854170658209281,True
JN_순천시,JN,순천시,순천시,False,2004,2012,7597.0,15317.0,10159.0,0,8.935508711503221,-0.7012098901613335,-0.29060657958832437,True
JN_순천시,JN,순천시,순천시,False,2005,2012,7227.0,15175.0,10048.0,0,8.885579291282982,-0.7418253246447168,-0.32954959742499845,True
JN_순천시,JN,순천시,순천시,False,2006,2012,7471.0,14915.0,9872.0,0,8.918784137975802,-0.6913385589730474,-0.2786736081693668,True
JN_순천시,JN,순천시,순천시,False,2007,2012,7178.0,14646.0,9711.0,0,8.878776071707552,-0.7131464679134627,-0.30223847088680245,True
JN_순천시,JN,순천시,순천시,False,2008,2012,6134.0,14508.0,7662.0,0,8.721602344674197,-0.860853155728595,-0.2224259805863973,True
JN_순천시,JN,순천시,순천시,False,2009,2012,5881.0,14217.0,6764.0,0,8.679482094459956,-0.882711616175742,-0.13988761555851426,True
JN_순천시,JN,순천시,순천시,False,2010,2012,5713.0,13917.0,6329.0,0,8.650499558724462,-0.8903668346953904,-0.10239796605084273,True
JN_순천시,JN,순천시,순천시,False,2011,2012,5215.0,13789.0,6291.0,0,8.559294367434873,-0.9723320844068688,-0.18758095213515702,True
JN_신안군,JN,신안군,신안군,False,2000,2012,10183.0,20973.0,10739.0,0,9.228474942171665,-0.7225162330084292,-0.05316231168655072,True
JN_신안군,JN,신안군,신안군,False,2001,2012,10140.0,20880.0,10741.0,0,9.224243277145174,-0.7223037648514019,-0.05758019645287327,True
JN_신안군,JN,신안군,신안군,False,2002,2012,10243.0,20864.0,10744.0,0,9.234349824436535,-0.7114306402898443,-0.047752913766538896,True
JN_신안군,JN,신안군,신안군,False,2003,2012,10242.0,20857.0,10767.0,0,9.234252192022495,-0.7111927102741404,-0.04998898779322225,True
JN_신안군,JN,신안군,신안군,False,2004,2012,10249.0,20825.0,10782.0,0,9.234935418831563,-0.7089740482034799,-0.050697937180050445,True
JN_신안군,JN,신안군,신안군,False,2005,2012,10115.0,20809.0,10775.0,0,9.221774749601845,-0.7213661148109338,-0.0632091653701039,True
JN_신안군,JN,신안군,신안군,False,2006,2012,10143.0,20752.0,10760.0,0,9.224539091375995,-0.7158588151802299,-0.059051742339780944,True
JN_신안군,JN,신안군,신안군,False,2007,2012,10128.0,20634.0,10710.0,0,9.223059144383958,-0.7116363352763635,-0.05587401905783551,True
JN_신안군,JN,신안군,신안군,False,2008,2012,10041.0,20475.0,10675.0,0,9.214431989879436,-0.7125279188418343,-0.06122784821738847,True
JN_신안군,JN,신안군,신안군,False,2009,2012,9997.0,20231.0,10631.0,0,9.210040326967182,-0.704931033510233,-0.06148921332142443,True
JN_신안군,JN,신안군,신안군,False,2010,2012,9913.0,20004.0,10602.0,0,9.201602306032898,-0.702085226505897,-0.06719563551485308,True
JN_신안군,JN,신안군,신안군,False,2011,2012,9703.0,19833.0,10521.0,0,9.1801903950253,-0.7149121009763881,-0.0809381437829888,True
JN_여수시,JN,여수시,여수시,False,2000,2012,118.0,10415.0,4172.0,0,4.770684624465665,-4.480317729229408,-3.5654661916549975,True
JN_여수시,JN,여수시,여수시,False,2001,2012,3793.0,10314.0,4107.0,0,8.2409125416889,-1.0003449329220047,-0.07953557226765895,True
JN_여수시,JN,여수시,여수시,False,2002,2012,3655.0,10257.0,4093.0,0,8.203851372183879,-1.0318643061235324,-0.1131821043085246,True
JN_여수시,JN,여수시,여수시,False,2003,2012,3406.0,10174.0,4073.0,0,8.133293861222633,-1.0942968641600768,-0.1788412464257796,True
JN_여수시,JN,여수시,여수시,False,2004,2012,3325.0,9677.0,3942.0,0,8.109224953089955,-1.068282261790987,-0.17021853462271075,True
JN_여수시,JN,여수시,여수시,False,2005,2012,3152.0,9635.0,3936.0,0,8.05579245097777,-1.1173651298706968,-0.22212780719437397,True
JN_여수시,JN,여수시,여수시,False,2006,2012,3025.0,9370.0,3796.0,0,8.014666370464942,-1.1306020047675247,-0.2270367892648757,True
JN_여수시,JN,여수시,여수시,False,2007,2012,2949.0,9064.0,3666.0,0,7.989221408815276,-1.1228443938925663,-0.2176350195843737,True
JN_여수시,JN,여수시,여수시,False,2008,2012,2792.0,8891.0,3634.0,0,7.934513463882263,-1.1582813442388762,-0.2635757850738525,True
JN_여수시,JN,여수시,여수시,False,2009,2012,2693.0,8579.0,3113.0,0,7.898411092811599,-1.158661542761366,-0.14493107763000967,True
JN_여수시,JN,여수시,여수시,False,2010,2012,2538.0,8408.0,2825.0,0,7.839131648274333,-1.1978072642824538,-0.10713199530620798,True
JN_여수시,JN,여수시,여수시,False,2011,2012,2256.0,8173.0,2702.0,0,7.721348612617949,-1.2872427048981807,-0.18039890590219532,True
JN_영광군,JN,영광군,영광군,False,2000,2011,11709.0,17248.0,12196.0,0,9.368113055848724,-0.38733841786000056,-0.040750252259421416,True
JN_영광군,JN,영광군,영광군,False,2001,2011,11744.0,17159.0,12215.0,0,9.371097750854297,-0.3791803454313243,-0.039322232837543325,True
JN_영광군,JN,영광군,영광군,False,2002,2011,11777.0,17036.0,12172.0,0,9.373903755841548,-0.36918027520155583,-0.03298975517531311,True
JN_영광군,JN,영광군,영광군,False,2003,2011,11495.0,16920.0,12084.0,0,9.349667437197281,-0.3865841959629339,-0.049970105309281365,True
JN_영광군,JN,영광군,영광군,False,2004,2011,11413.0,16861.0,12071.0,0,9.3425083355536,-0.39025020622438156,-0.056052825147528296,True
JN_영광군,JN,영광군,영광군,False,2005,2011,11341.0,16801.0,12046.0,0,9.33617975681533,-0.39301393061407275,-0.060308176788336,True
JN_영광군,JN,영광군,영광군,False,2006,2011,11237.0,16657.0,11995.0,0,9.326967183907902,-0.39361864356920506,-0.06527799136589252,True
JN_영광군,JN,영광군,영광군,False,2007,2011,11069.0,16534.0,12002.0,0,9.311903687385623,-0.40127045842699793,-0.08092489416383586,True
JN_영광군,JN,영광군,영광군,False,2008,2011,11062.0,16417.0,12019.0,0,9.311271090554623,-0.3948015717398956,-0.08297291939816631,True
JN_영광군,JN,영광군,영광군,False,2009,2011,11083.0,16552.0,11971.0,0,9.313167681775653,-0.40109453764972613,-0.07707465547571779,True
JN_영광군,JN,영광군,영광군,False,2010,2011,10845.0,16436.0,11889.0,0,9.291459423260974,-0.4157699067423266,-0.09190945859756994,True
JN_영광군,JN,영광군,영광군,False,2011,2011,10756.0,16341.0,11867.0,0,9.283219017388756,-0.4182135486630276,-0.09829770027638318,True
JN_영암군,JN,영암군,영암군,False,2000,2009,16274.0,23106.0,17833.0,1,9.697324021256602,-0.3505235817863621,-0.09148193119591141,True
JN_영암군,JN,영암군,영암군,False,2001,2009,16017.0,23028.0,17818.0,1,9.681405937168297,-0.3630602086274042,-0.10655852411229283,True
JN_영암군,JN,영암군,영암군,False,2002,2009,16747.0,22965.0,17813.0,1,9.725974416734479,-0.31575218002541483,-0.06170939005800591,True
JN_영암군,JN,영암군,영암군,False,2003,2009,16760.0,22899.0,17754.0,1,9.726750374036074,-0.3120981464305057,-0.05761574759219101,True
JN_영암군,JN,영암군,영암군,False,2004,2009,16491.0,23013.0,17719.0,1,9.71057005652877,-0.3332444960986365,-0.07182273262930039,True
JN_영암군,JN,영암군,영암군,False,2005,2009,16584.0,22981.0,17667.0,1,9.716193654115616,-0.32622941244128967,-0.06326011749706417,True
JN_영암군,JN,영암군,영암군,False,2006,2009,16797.0,22893.0,17527.0,1,9.728955578017002,-0.3096308879407399,-0.04254225005617407,True
JN_영암군,JN,영암군,영암군,False,2007,2009,16668.0,22810.0,17410.0,1,9.721245992542345,-0.3137083227360886,-0.043554040219889956,True
JN_영암군,JN,영암군,영암군,False,2008,2009,16255.0,22574.0,17165.0,1,9.696155832738006,-0.32839824777756554,-0.05447187315378699,True
JN_영암군,JN,영암군,영암군,False,2009,2009,16381.0,22699.0,17159.0,1,9.703877405604631,-0.3261987440310712,-0.04640069068098995,True
JN_영암군,JN,영암군,영암군,False,2010,2009,15916.0,22694.0,17031.0,1,9.675080171546819,-0.3547756798041153,-0.06771032029201685,True
JN_영암군,JN,영암군,영암군,False,2011,2009,15485.0,22554.0,16817.0,1,9.647627092407303,-0.3760406203849307,-0.082518466115447,True
JN_완도군,JN,완도군,완도군,False,2000,2012,3391.0,8978.0,3627.0,0,8.128880142125638,-0.9736522772162388,-0.06728099715726366,True
JN_완도군,JN,완도군,완도군,False,2001,2012,3285.0,8872.0,3598.0,0,8.09712193091871,-0.9935335981114921,-0.09101148359176747,True
JN_완도군,JN,완도군,완도군,False,2002,2012,3361.0,8804.0,3534.0,0,8.119993827725105,-0.9629676149212472,-0.05019182515453657,True
JN_완도군,JN,완도군,완도군,False,2003,2012,3072.0,8690.0,3501.0,0,8.030084094267563,-1.039844123991875,-0.13071982668710191,True
JN_완도군,JN,완도군,완도군,False,2004,2012,2889.0,8440.0,3381.0,0,7.968665700466235,-1.0720718871237684,-0.1572611022416508,True
JN_완도군,JN,완도군,완도군,False,2005,2012,3032.0,8390.0,3444.0,0,8.016977746762262,-1.0178180526989902,-0.1274111187853606,True
JN_완도군,JN,완도군,완도군,False,2006,2012,2827.0,8284.0,3311.0,0,7.946971357693591,-1.0751098648218838,-0.1580341798536553,True
JN_완도군,JN,완도군,완도군,False,2007,2012,2825.0,8103.0,3247.0,0,7.946263643580541,-1.0537259988801848,-0.13922312852230423,True
JN_완도군,JN,완도군,완도군,False,2008,2012,2712.0,8035.0,3220.0,0,7.905441649060286,-1.0861206291113277,-0.17169498947816741,True
JN_완도군,JN,완도군,완도군,False,2009,2012,2993.0,7889.0,3159.0,0,8.0040315078527,-0.9691931552423902,-0.05397929294938564,True
JN_완도군,JN,완도군,완도군,False,2010,2012,2745.0,7721.0,3116.0,0,7.917536353943631,-1.0341628143651844,-0.12676905304700714,True
JN_완도군,JN,완도군,완도군,False,2011,2012,2762.0,7398.0,3020.0,0,7.923710333969238,-0.9852546384231609,-0.08930177639967773,True
JN_장성군,JN,장성군,장성군,False,2000,2012,7614.0,12120.0,8662.0,0,8.937743936942443,-0.46486832268086253,-0.12895698483212925,True
JN_장성군,JN,장성군,장성군,False,2001,2012,7614.0,12096.0,8690.0,0,8.937743936942443,-0.462886161476872,-0.1321842813169951,True
JN_장성군,JN,장성군,장성군,False,2002,2012,7579.0,12017.0,8599.0,0,8.93313654381203,-0.4609410490992705,-0.12626465259886643,True
JN_장성군,JN,장성군,장성군,False,2003,2012,7093.0,11836.0,8409.0,0,8.866863661202087,-0.5120373523180124,-0.1701941786308101,True
JN_장성군,JN,장성군,장성군,False,2004,2012,6870.0,11792.0,8376.0,0,8.834919385216395,-0.5402572292127221,-0.19820636733397734,True
JN_장성군,JN,장성군,장성군,False,2005,2012,6534.0,11719.0,8308.0,0,8.784774592161016,-0.5841921430975869,-0.24019959283498693,True
JN_장성군,JN,장성군,장성군,False,2006,2012,6623.0,11639.0,8252.0,0,8.798303718484979,-0.5638130884569978,-0.2199071557061636,True
JN_장성군,JN,장성군,장성군,False,2007,2012,6557.0,11512.0,8106.0,0,8.788288460263619,-0.5628567883035842,-0.2120713469246347,True
JN_장성군,JN,장성군,장성군,False,2008,2012,6032.0,11349.0,7923.0,0,8.704833909687792,-0.6320510036133467,-0.2726912912774502,True
JN_장성군,JN,장성군,장성군,False,2009,2012,5974.0,11168.0,6494.0,0,8.695171998776056,-0.6256358262260981,-0.08346195388673472,True
JN_장성군,JN,장성군,장성군,False,2010,2012,5475.0,11007.0,6165.0,0,8.607947554684701,-0.6983391583386904,-0.11869586091374273,True
JN_장성군,JN,장성군,장성군,False,2011,2012,5363.0,10864.0,5874.0,0,8.587278798982926,-0.7059310508155523,-0.09101231277563926,True
JN_장흥군,JN,장흥군,장흥군,False,2000,2012,10395.0,14119.0,10985.0,0,9.249080200292113,-0.30619648671741295,-0.05520578452659741,True
JN_장흥군,JN,장흥군,장흥군,False,2001,2012,10346.0,13413.0,10481.0,0,9.24435525056346,-0.2596244143386297,-0.012964122606717865,True
JN_장흥군,JN,장흥군,장흥군,False,2002,2012,10041.0,13366.0,10497.0,0,9.214431989879436,-0.2860374581915792,-0.04441279115636121,True
JN_장흥군,JN,장흥군,장흥군,False,2003,2012,9876.0,13276.0,10521.0,0,9.19786285046507,-0.295850322374795,-0.06326568834321833,True
JN_장흥군,JN,장흥군,장흥군,False,2004,2012,9750.0,13193.0,10468.0,0,9.185022563991893,-0.30241910089188373,-0.0710556996581424,True
JN_장흥군,JN,장흥군,장흥군,False,2005,2012,9678.0,13148.0,10450.0,0,9.177610547353265,-0.3064143874308449,-0.0767467100396928,True
JN_장흥군,JN,장흥군,장흥군,False,2006,2012,9642.0,13014.0,10396.0,0,9.173883834965567,-0.2998971450893624,-0.07529256079581437,True
JN_장흥군,JN,장흥군,장흥군,False,2007,2012,9467.0,12906.0,10328.0,0,9.15556734612889,-0.3098802523668951,-0.08704658639758733,True
JN_장흥군,JN,장흥군,장흥군,False,2008,2012,9443.0,12788.0,10221.0,0,9.15302900526307,-0.3032335049166619,-0.07917070106600654,True
JN_장흥군,JN,장흥군,장흥군,False,2009,2012,9259.0,12613.0,9967.0,0,9.133351330448047,-0.3091319766391454,-0.0736835845194097,True
JN_장흥군,JN,장흥군,장흥군,False,2010,2012,8892.0,12297.0,9645.0,0,9.092907275084087,-0.32420333408835944,-0.08128765025574225,True
JN_장흥군,JN,장흥군,장흥군,False,2011,2012,8929.0,12240.0,9610.0,0,9.097059685517216,-0.3154048705491004,-0.07349981644712145,True
JN_진도군,JN,진도군,진도군,False,2000,2012,6798.0,12713.0,7225.0,0,8.824383730256061,-0.625996640694062,-0.060918782724572296,True
JN_진도군,JN,진도군,진도군,False,2001,2012,6908.0,12674.0,7210.0,0,8.84043543926657,-0.6068724906168939,-0.042788791012425165,True
JN_진도군,JN,진도군,진도군,False,2002,2012,6906.0,12648.0,7232.0,0,8.840145877949938,-0.6051085009393695,-0.046125024122074976,True
JN_진도군,JN,진도군,진도군,False,2003,2012,6757.0,12689.0,7290.0,0,8.818334283552174,-0.6301564718447406,-0.0759245414505294,True
JN_진도군,JN,진도군,진도군,False,2004,2012,6616.0,12663.0,7313.0,0,8.797246236703527,-0.6491933977470818,-0.10016262856742308,True
JN_진도군,JN,진도군,진도군,False,2005,2012,6761.0,12641.0,7289.0,0,8.818926087090677,-0.6257746914048798,-0.07519555429153613,True
JN_진도군,JN,진도군,진도군,False,2006,2012,6277.0,12545.0,7089.0,0,8.744647438317532,-0.6924300204829912,-0.12165212753748555,True
JN_진도군,JN,진도군,진도군,False,2007,2012,6254.0,12407.0,6928.0,0,8.740976538017787,-0.6850395704250847,-0.10234991222448464,True
JN_진도군,JN,진도군,진도군,False,2008,2012,6429.0,12694.0,7190.0,0,8.768574284141687,-0.6803104357247278,-0.1118721665734057,True
JN_진도군,JN,진도군,진도군,False,2009,2012,6693.0,12584.0,7159.0,0,8.808817483100642,-0.6313639616374722,-0.06730810229554329,True
JN_진도군,JN,진도군,진도군,False,2010,2012,6693.0,12462.0,7042.0,0,8.808817483100642,-0.6216218100035249,-0.0508300166143556,True
JN_진도군,JN,진도군,진도군,False,2011,2012,5720.0,12330.0,6937.0,0,8.651724084373843,-0.7680665117845464,-0.19290059901145895,True
JN_함평군,JN,함평군,함평군,False,2000,2012,9492.0,14457.0,10146.0,0,9.158204617555654,-0.4207293877527878,-0.06663020057098024,True
JN_함평군,JN,함평군,함평군,False,2001,2012,9426.0,14382.0,10089.0,0,9.151227107483676,-0.42250559617876426,-0.06797389292470335,True
JN_함평군,JN,함평군,함평군,False,2002,2012,9166.0,14134.0,9948.0,0,9.123256265069069,-0.4330822561817307,-0.08187053985422743,True
JN_함평군,JN,함평군,함평군,False,2003,2012,8918.0,14110.0,9941.0,0,9.095826985187422,-0.4588120596594383,-0.1085959130247236,True
JN_함평군,JN,함평군,함평군,False,2004,2012,8881.0,13993.0,9840.0,0,9.091669442258505,-0.45464304129720823,-0.10254154778779423,True
JN_함평군,JN,함평군,함평군,False,2005,2012,8660.0,13903.0,9774.0,0,9.06647000155648,-0.47338992161306237,-0.12101107627361962,True
JN_함평군,JN,함평군,함평군,False,2006,2012,8680.0,13793.0,9718.0,0,9.068776807654396,-0.46313968842112274,-0.11295830731145173,True
JN_함평군,JN,함평군,함평군,False,2007,2012,9004.0,13709.0,9641.0,0,9.105424202026622,-0.4203836284092777,-0.06835591463775792,True
JN_함평군,JN,함평군,함평군,False,2008,2012,8943.0,13666.0,9656.0,0,9.09862638234618,-0.4240398929945428,-0.076708380431187,True
JN_함평군,JN,함평군,함평군,False,2009,2012,8763.0,13553.0,9197.0,0,9.07829359105585,-0.436069612960166,-0.04833903184684729,True
JN_함평군,JN,함평군,함평군,False,2010,2012,8567.0,13401.0,8886.0,0,9.055672891964043,-0.44741171805618407,-0.03655939153181009,True
JN_함평군,JN,함평군,함평군,False,2011,2012,8170.0,13250.0,8679.0,0,9.008224187854049,-0.48352864356031944,-0.06043740579019641,True
JN_해남군,JN,해남군,해남군,False,2000,2009,24553.0,38546.0,26939.0,1,10.108589325349573,-0.4510182869094237,-0.09274100440096511,True
JN_해남군,JN,해남군,해남군,False,2001,2009,24416.0,38470.0,26918.0,1,10.102993934084184,-0.45464006166215754,-0.09755655270947727,True
JN_해남군,JN,해남군,해남군,False,2002,2009,23991.0,38407.0,26900.0,1,10.085434038999999,-0.47056097462937885,-0.11444752658993096,True
JN_해남군,JN,해남군,해남군,False,2003,2009,20247.0,38300.0,26852.0,1,9.915761913411517,-0.6374432617572197,-0.282333671647125,True
JN_해남군,JN,해남군,해남군,False,2004,2009,20174.0,38209.0,26865.0,1,9.91214992561478,-0.6386764433243126,-0.2864296775481403,True
JN_해남군,JN,해남군,해남군,False,2005,2009,20255.0,38161.0,26878.0,1,9.91615695563679,-0.63341237503281,-0.2829064314702201,True
JN_해남군,JN,해남군,해남군,False,2006,2009,19819.0,33596.0,22666.0,1,9.894396352524348,-0.5277659387211706,-0.13422493076854636,True
JN_해남군,JN,해남군,해남군,False,2007,2009,19892.0,33477.0,22623.0,1,9.898072919834629,-0.5205409950191822,-0.12864944703612835,True
JN_해남군,JN,해남군,해남군,False,2008,2009,19698.0,33382.0,22640.0,1,9.888272386729648,-0.527499724808715,-0.13920114558747088,True
JN_해남군,JN,해남군,해남군,False,2009,2009,20547.0,34175.0,22942.0,1,9.930470223866015,-0.508779437726135,-0.1102543469751982,True
JN_해남군,JN,해남군,해남군,False,2010,2009,22223.0,34835.0,23274.0,1,10.008883067581468,-0.4494948398827514,-0.04620906908655442,True
JN_해남군,JN,해남군,해남군,False,2011,2009,21561.0,34794.0,22886.0,1,9.978641406136552,-0.4785588309679447,-0.05963924274110788,True
JN_화순군,JN,화순군,화순군,False,2000,2012,7424.0,12036.0,8051.0,0,8.912473274466036,-0.4831841632838998,-0.0810783118339451,True
JN_화순군,JN,화순군,화순군,False,2001,2012,7479.0,11970.0,8025.0,0,8.919854372191667,-0.47030442636035197,-0.07046257580655002,True
JN_화순군,JN,화순군,화순군,False,2002,2012,7347.0,11871.0,8029.0,0,8.902047345620277,-0.47980638443325674,-0.08876792056440763,True
JN_화순군,JN,화순군,화순군,False,2003,2012,7211.0,11823.0,8024.0,0,8.88336291691676,-0.49443914894635377,-0.10682941272501267,True
JN_화순군,JN,화순군,화순군,False,2004,2012,7030.0,11493.0,7881.0,0,8.857941984804711,-0.49155144856404753,-0.11426809354893841,True
JN_화순군,JN,화순군,화순군,False,2005,2012,6868.0,11460.0,7851.0,0,8.834628222017367,-0.5119897682513646,-0.13376796918088907,True
JN_화순군,JN,화순군,화순군,False,2006,2012,6648.0,11330.0,7840.0,0,8.802071336535285,-0.5331380174867668,-0.16492277680916878,True
JN_화순군,JN,화순군,화순군,False,2007,2012,6774.0,11238.0,7768.0,0,8.820847033377717,-0.5062091382944267,-0.13692097659344427,True
JN_화순군,JN,화순군,화순군,False,2008,2012,6541.0,10935.0,7639.0,0,8.785845337961213,-0.5138785951496558,-0.15517664558014665,True
JN_화순군,JN,화순군,화순군,False,2009,2012,6123.0,10492.0,6860.0,0,8.719807451477955,-0.5385608895088101,-0.11365526924197589,True
JN_화순군,JN,화순군,화순군,False,2010,2012,5716.0,10342.0,6563.0,0,8.651024539049757,-0.5929440139064095,-0.1381785554239663,True
JN_화순군,JN,화순군,화순군,False,2011,2012,5478.0,10032.0,6166.0,0,8.608495349823023,-0.6050399130496782,-0.11831025862307243,True
CN_논산시+계룡시,CN,논산시+계룡시,논산시+계룡시,True,2000,2009,14443.0,21206.0,16194.0,1,9.577965147101168,-0.38407429238457524,-0.11443093514489178,True
CN_논산시+계룡시,CN,논산시+계룡시,논산시+계룡시,True,2001,2009,14304.0,21131.0,16159.0,1,9.568294497413296,-0.3902019381536306,-0.1219379515589516,True
CN_논산시+계룡시,CN,논산시+계룡시,논산시+계룡시,True,2002,2009,14127.0,20964.0,16119.0,1,9.555843138911664,-0.39471882101039313,-0.1319108404852667,True
CN_논산시+계룡시,CN,논산시+계룡시,논산시+계룡시,True,2003,2009,13772.0,20662.0,16091.0,1,9.530392824458414,-0.4056587189509777,-0.15562256400073693,True
CN_논산시+계룡시,CN,논산시+계룡시,논산시+계룡시,True,2004,2009,13751.0,20533.0,15971.0,1,9.528866827722945,-0.4009217992325542,-0.14966302893336447,True
CN_논산시+계룡시,CN,논산시+계룡시,논산시+계룡시,True,2005,2009,13403.0,20494.0,15936.0,1,9.503233841478497,-0.4246535978811661,-0.1731021383458824,True
CN_논산시+계룡시,CN,논산시+계룡시,논산시+계룡시,True,2006,2009,13294.0,20351.0,15605.0,1,9.495068084601527,-0.4258172451110216,-0.1602785701033529,True
CN_논산시+계룡시,CN,논산시+계룡시,논산시+계룡시,True,2007,2009,13266.0,20326.0,15744.0,1,9.492959650085501,-0.42669648361221135,-0.17125496920653305,True
CN_논산시+계룡시,CN,논산시+계룡시,논산시+계룡시,True,2008,2009,13716.0,20257.0,15539.0,1,9.526318313582811,-0.3899373782309947,-0.12478995820392313,True
CN_논산시+계룡시,CN,논산시+계룡시,논산시+계룡시,True,2009,2009,13565.0,20047.0,14515.0,1,9.515248225093032,-0.3905865705114451,-0.06768965136569882,True
CN_논산시+계룡시,CN,논산시+계룡시,논산시+계룡시,True,2010,2009,13250.0,19850.0,14206.0,1,9.491752831414368,-0.4042064547009687,-0.06966685814338724,True
CN_논산시+계룡시,CN,논산시+계룡시,논산시+계룡시,True,2011,2009,12950.0,19796.0,13515.0,1,9.468851067127684,-0.42438410894409273,-0.04270439158286443,True
CB_괴산군+증평군,CB,괴산군+증평군,괴산군+증평군,True,2000,2012,6742.0,16490.0,7437.0,0,8.816111895794005,-0.8943975197596394,-0.09811092490929418,True
CB_괴산군+증평군,CB,괴산군+증평군,괴산군+증평군,True,2001,2012,6623.0,16371.0,7345.0,0,8.798303718484979,-0.9049630373693631,-0.10347137012299967,True
CB_괴산군+증평군,CB,괴산군+증평군,괴산군+증평군,True,2002,2012,6425.0,16256.0,7325.0,0,8.76795190976342,-0.9282654406147888,-0.13109652412184758,True
CB_괴산군+증평군,CB,괴산군+증평군,괴산군+증평군,True,2003,2012,6174.0,16122.0,7252.0,0,8.728102205062104,-0.9598378727814421,-0.16093036681263762,True
CB_괴산군+증평군,CB,괴산군+증평군,괴산군+증평군,True,2004,2012,5952.0,15867.0,7080.0,0,8.691482576512929,-0.9805141832211604,-0.17354661017483686,True
CB_괴산군+증평군,CB,괴산군+증평군,괴산군+증평군,True,2005,2012,5668.0,15747.0,6990.0,0,8.64259160081057,-1.0218135491098383,-0.20964423441728464,True
CB_괴산군+증평군,CB,괴산군+증평군,괴산군+증평군,True,2006,2012,5312.0,15521.0,6747.0,0,8.57772369115627,-1.0722255334949136,-0.23912954947115495,True
CB_괴산군+증평군,CB,괴산군+증평군,괴산군+증평군,True,2007,2012,5015.0,15351.0,6697.0,0,8.520188700396035,-1.118747197077166,-0.2892262435140154,True
CB_괴산군+증평군,CB,괴산군+증평군,괴산군+증평군,True,2008,2012,4745.0,15080.0,6356.0,0,8.464846711044029,-1.156277930517918,-0.29230781661257765,True
CB_괴산군+증평군,CB,괴산군+증평군,괴산군+증평군,True,2009,2012,5001.0,14784.0,6042.0,0,8.517393171418904,-1.0839076224625614,-0.189097190527713,True
CB_괴산군+증평군,CB,괴산군+증평군,괴산군+증평군,True,2010,2012,4882.0,14623.0,5880.0,0,8.493310250952906,-1.0970406596589726,-0.18600178993976613,True
CB_괴산군+증평군,CB,괴산군+증평군,괴산군+증평군,True,2011,2012,4707.0,14485.0,5783.0,0,8.456806041401142,-1.1240628688023087,-0.20587181675707633,True
GN_창원시+마산시+진해시,GN,창원시+마산시+진해시,창원시+마산시+진해시,True,2000,2012,5979.0,11462.0,6857.0,0,8.696008608880904,-0.6507838862307782,-0.13701669840346042,True
GN_창원시+마산시+진해시,GN,창원시+마산시+진해시,창원시+마산시+진해시,True,2001,2012,6057.0,11421.0,6790.0,0,8.708969906980947,-0.6342391380696597,-0.11423631357179431,True
GN_창원시+마산시+진해시,GN,창원시+마산시+진해시,창원시+마산시+진해시,True,2002,2012,5886.0,11314.0,6748.0,0,8.680331928793418,-0.6534642471096834,-0.13666951487244106,True
GN_창원시+마산시+진해시,GN,창원시+마산시+진해시,창원시+마산시+진해시,True,2003,2012,5316.0,11206.0,6634.0,0,8.578476419833136,-0.7457282082920944,-0.22148679967386187,True
GN_창원시+마산시+진해시,GN,창원시+마산시+진해시,창원시+마산시+진해시,True,2004,2012,5311.0,11025.0,6515.0,0,8.577535420422398,-0.7303852798926478,-0.2043270691365464,True
GN_창원시+마산시+진해시,GN,창원시+마산시+진해시,창원시+마산시+진해시,True,2005,2012,5235.0,10870.0,6422.0,0,8.563122123304638,-0.7306398568106172,-0.2043627513448225,True
GN_창원시+마산시+진해시,GN,창원시+마산시+진해시,창원시+마산시+진해시,True,2006,2012,5361.0,10774.0,6374.0,0,8.586905803827538,-0.6979852994129416,-0.17307669114974367,True
GN_창원시+마산시+진해시,GN,창원시+마산시+진해시,창원시+마산시+진해시,True,2007,2012,5358.0,10699.0,6324.0,0,8.586346050104554,-0.691559508034052,-0.16576114822480825,True
GN_창원시+마산시+진해시,GN,창원시+마산시+진해시,창원시+마산시+진해시,True,2008,2012,4898.0,10515.0,6152.0,0,8.496582237512113,-0.7639758506246874,-0.2279502736733665,True
GN_창원시+마산시+진해시,GN,창원시+마산시+진해시,창원시+마산시+진해시,True,2009,2012,4910.0,10659.0,6023.0,0,8.499029220788566,-0.7751306639005708,-0.2043115322551543,True
GN_창원시+마산시+진해시,GN,창원시+마산시+진해시,창원시+마산시+진해시,True,2010,2012,4186.0,10378.0,5573.0,0,8.339500903005945,-0.907942556921741,-0.2861878845635921,True
GN_창원시+마산시+진해시,GN,창원시+마산시+진해시,창원시+마산시+진해시,True,2011,2012,3893.0,10121.0,5338.0,0,8.266935347610456,-0.9554324045784455,-0.31567098235401403,True
