"price_unit","link_window","year","nq_link","linked","real_linked","nq_old","real_old","nq_new","real_new","ln_real_linked","ln_real_old","ln_real_new"
"apple","early_2005_2006","1980","4","44.141746236020005","199.43059857922196","4","292.53784363128364","0",,"5.295466299010869","5.678594038239061",
"apple","early_2005_2006","1981","4","51.7941184599478","177.178803283216","4","259.8974551493101","0",,"5.1771594107180245","5.560287149946217",
"apple","early_2005_2006","1982","4","41.97726678738119","136.02260595271292","4","199.52685352196607","0",,"4.912821092163535","5.295948831391727",
"apple","early_2005_2006","1983","4","41.39779984837552","129.87735813066203","4","190.5126021520667","0",,"4.866590606179769","5.249718345407962",
"apple","early_2005_2006","1984","4","35.978079654146036","115.64818340633246","4","169.64031815872255","0",,"4.750552680869969","5.133680420098162",
"apple","early_2005_2006","1985","4","48.82861118385997","150.91938982194023","4","221.37843026691536","0",,"5.016745852031617","5.3998735912598095",
"apple","early_2005_2006","1986","4","40.49451314933727","130.56062235416638","4","191.5148587967258","0",,"4.871837658010245","5.254965397238437",
"apple","early_2005_2006","1987","4","56.191249938284926","176.0506519338802","4","258.242608975375","0",,"5.170771748711957","5.553899487940149",
"apple","early_2005_2006","1988","4","45.04503293505825","123.56560041868124","4","181.25410318681134","0",,"4.8167721925224125","5.199899931750605",
"apple","early_2005_2006","1989","4","51.35099668306111","133.86560181891232","4","196.36281880261419","0",,"4.896836325137775","5.279964064365967",
"apple","early_2005_2006","1990","4","39.79574419347749","92.86825529074139","4","136.22522992007669","0",,"4.531181879036034","4.914309618264227",
"apple","early_2005_2006","1991","4","51.64073015256395","110.10511680072021","4","161.5093855763473","0",,"4.701435516769728","5.084563255997921",
"apple","early_2005_2006","1992","4","55.185704367657436","112.24806415842441","4","164.65280089728725","0",,"4.72071128066897","5.103839019897164",
"apple","early_2005_2006","1993","4","44.67008373923106","92.00180063384002","4","134.95425756809067","0",,"4.521808148964466","4.904935888192658",
"apple","early_2005_2006","1994","4","61.21897779142234","117.00469264428037","4","171.63013461699063","0",,"4.762214042064222","5.145341781292414",
"apple","early_2005_2006","1995","4","85.01120858118448","145.80566127893246","4","213.87727883105396","0",,"4.982274647894339","5.365402387122532",
"apple","early_2005_2006","1996","4","52.30541281789398","85.81055507198627","4","125.87253370545594","0",,"4.452142018414659","4.835269757642852",
"apple","early_2005_2006","1997","4","58.52616083957247","98.61124066782841","4","144.64941643001012","0",,"4.591185257827086","4.974312997055279",
"apple","early_2005_2006","1998","4","71.49599438614051","121.514115807553","4","178.24485140369632","0",,"4.800030435518322","5.183158174746515",
"apple","early_2005_2006","1999","4","90.02189328905702","143.09599110964263","4","209.9025574296077","0",,"4.9635156715623205","5.346643410790513",
"apple","early_2005_2006","2000","4","57.04340720152855","86.41747569152764","4","126.76280455938142","0",,"4.45918992030545","4.842317659533642",
"apple","early_2005_2006","2001","4","61.338279808276454","89.99971870504832","4","132.01747287008342","0",,"4.499806544825917","4.88293428405411",
"apple","early_2005_2006","2002","4","86.85186826979071","123.15519610816662","4","180.65209530602348","0",,"4.813445317003","5.196573056231192",
"apple","early_2005_2006","2003","4","61.55984069671979","82.1711040247297","4","120.5339489097877","0",,"4.408803707714218","4.79193144694241",
"apple","early_2005_2006","2004","4","73.43891294633599","96.27527889798192","4","141.22287494728698","0",,"4.567211576585708","4.950339315813901",
"apple","early_2005_2006","2005","4","68.175","93.99553127858759","4","137.87230142551476","4","93.99553127858759","4.543247241550468","4.926327904765727","4.543247241550468"
"apple","early_2005_2006","2006","4","59","83.47481392562648","4","122.45482924821857","4","83.47481392562648","4.424544956724227","4.807742221152296","4.424544956724227"
"apple","early_2005_2006","2007","4","50.25","69.44449562866969","4","101.81804905474647","4","69.44449562866969","4.240527809452754","4.6231873875633225","4.240527809452754"
"apple","early_2005_2006","2008","4","65.2","91.36144178447313","4","133.9953717336591","4","91.36144178447313","4.5148235271368655","4.897805260053365","4.5148235271368655"
"apple","early_2005_2006","2009","4","72.675","101.40131035546713","4","148.70263142253197","4","101.40131035546713","4.619086013711329","5.00194854949334","4.619086013711329"
"apple","early_2005_2006","2010","4","69.175","90.89673408041986","4","133.29343570580605","4","90.89673408041986","4.509724071829729","4.892552981454528","4.509724071829729"
"apple","early_2005_2006","2011","4","70.5","86.00777043980935","4","125.8575501597069","4","86.00777043980935","4.4544376461231066","4.835150713104856","4.4544376461231066"
"apple","early_2005_2006","2012","4","110.67500000000001","126.03809651880741","4","188.6657481605169","4","126.03809651880741","4.836584214575791","5.239976921116068","4.836584214575791"
"apple","early_2005_2006","2013","4","92.075","107.20265048012855","0",,"4","107.20265048012855","4.6747209729591175",,"4.6747209729591175"
"apple","early_2005_2006","2014","4","84.9","101.22674771927454","0",,"4","101.22674771927454","4.617363027457241",,"4.617363027457241"
"apple","early_2005_2006","2015","4","95.35","111.8479769756398","0",,"4","111.8479769756398","4.717140600831485",,"4.717140600831485"
"apple","early_2005_2006","2016","4","75.625","87.1343834854039","0",,"4","87.1343834854039","4.467451564691969",,"4.467451564691969"
"apple","early_2005_2006","2017","4","78.1","85.24160614333599","0",,"4","85.24160614333599","4.445489649654211",,"4.445489649654211"
"apple","early_2005_2006","2018","4","78.15","84.55307031904769","0",,"4","84.55307031904769","4.437379388334557",,"4.437379388334557"
"apple","early_2005_2006","2019","4","77.175","84.18046943754135","0",,"4","84.18046943754135","4.432962939919194",,"4.432962939919194"
"apple","early_2005_2006","2020","4","100.025","99.53948288742147","0",,"4","99.53948288742147","4.6005543783940235",,"4.6005543783940235"
"apple","early_2005_2006","2021","4","100.44999999999999","88.87322922748564","0",,"4","88.87322922748564","4.487210963620955",,"4.487210963620955"
"apple","early_2005_2006","2022","4","92.3","84.4758237257451","0",,"4","84.4758237257451","4.436465383671428",,"4.436465383671428"
"apple","early_2005_2006","2023","4","134.4","121.90152397563978","0",,"4","121.90152397563978","4.803213538260102",,"4.803213538260102"
"apple","early_2005_2006","2024","4","178.875","152.30322689846489","0",,"4","152.30322689846489","5.025873447453841",,"5.025873447453841"
"apple","full_2005_2012","1980","4","44.11466680581086","199.30825482447068","4","292.53784363128364","0",,"5.294852645450168","5.678594038239061",
"apple","full_2005_2012","1981","4","51.762344564810505","177.07011023305","4","259.8974551493101","0",,"5.176545757157323","5.560287149946217",
"apple","full_2005_2012","1982","4","41.95151519023636","135.93916080205966","4","199.52685352196607","0",,"4.912207438602834","5.295948831391727",
"apple","full_2005_2012","1983","4","41.37240373409829","129.7976828763927","4","190.5126021520667","0",,"4.865976952619068","5.249718345407962",
"apple","full_2005_2012","1984","4","35.95600835021881","115.5772372572014","4","169.64031815872255","0",,"4.749939027309268","5.133680420098162",
"apple","full_2005_2012","1985","4","48.79865652457456","150.82680601109507","4","221.37843026691536","0",,"5.016132198470915","5.3998735912598095",
"apple","full_2005_2012","1986","4","40.46967117011838","130.48052794099573","4","191.5148587967258","0",,"4.871224004449543","5.254965397238437",
"apple","full_2005_2012","1987","4","56.156778555505184","175.9426509654358","4","258.242608975375","0",,"5.170158095151256","5.553899487940149",
"apple","full_2005_2012","1988","4","45.01739936979077","123.4897972088377","4","181.25410318681134","0",,"4.8161585389617105","5.199899931750605",
"apple","full_2005_2012","1989","4","51.31949462776375","133.78347991547702","4","196.36281880261419","0",,"4.896222671577074","5.279964064365967",
"apple","full_2005_2012","1990","4","39.77133088477543","92.81128383736153","4","136.22522992007669","0",,"4.530568225475332","4.914309618264227",
"apple","full_2005_2012","1991","4","51.609050355832785","110.03757113068411","4","161.5093855763473","0",,"4.700821863209027","5.084563255997921",
"apple","full_2005_2012","1992","4","55.15184985220678","112.17920386451495","4","164.65280089728725","0",,"4.720097627108269","5.103839019897164",
"apple","full_2005_2012","1993","4","44.64268019228968","91.9453607203382","4","134.95425756809067","0",,"4.521194495403765","4.904935888192658",
"apple","full_2005_2012","1994","4","61.18142207199715","116.93291432378388","4","171.63013461699063","0",,"4.76160038850352","5.145341781292414",
"apple","full_2005_2012","1995","4","84.95905715343034","145.71621456317297","4","213.87727883105396","0",,"4.981660994333638","5.365402387122532",
"apple","full_2005_2012","1996","4","52.27332526140291","85.75791327288626","4","125.87253370545594","0",,"4.451528364853958","4.835269757642852",
"apple","full_2005_2012","1997","4","58.49025706994382","98.5507460921217","4","144.64941643001012","0",,"4.590571604266385","4.974312997055279",
"apple","full_2005_2012","1998","4","71.45213407350447","121.43957111236034","4","178.24485140369632","0",,"4.799416781957621","5.183158174746515",
"apple","full_2005_2012","1999","4","89.9666679800359","143.008206682544","4","209.9025574296077","0",,"4.962902018001619","5.346643410790513",
"apple","full_2005_2012","2000","4","57.00841304982585","86.36446156767927","4","126.76280455938142","0",,"4.458576266744748","4.842317659533642",
"apple","full_2005_2012","2001","4","61.30065090120204","89.94450699936533","4","132.01747287008342","0",,"4.499192891265216","4.88293428405411",
"apple","full_2005_2012","2002","4","86.798587661163","123.07964466713227","4","180.65209530602348","0",,"4.8128316634422985","5.196573056231192",
"apple","full_2005_2012","2003","4","61.52207586972542","82.1206949026087","4","120.5339489097877","0",,"4.408190054153517","4.79193144694241",
"apple","full_2005_2012","2004","4","73.39386072055561","96.21621735379551","4","141.22287494728698","0",,"4.566597923025007","4.950339315813901",
"apple","full_2005_2012","2005","4","68.175","93.99553127858759","4","137.87230142551476","4","93.99553127858759","4.543247241550468","4.926327904765727","4.543247241550468"
"apple","full_2005_2012","2006","4","59","83.47481392562648","4","122.45482924821857","4","83.47481392562648","4.424544956724227","4.807742221152296","4.424544956724227"
"apple","full_2005_2012","2007","4","50.25","69.44449562866969","4","101.81804905474647","4","69.44449562866969","4.240527809452754","4.6231873875633225","4.240527809452754"
"apple","full_2005_2012","2008","4","65.2","91.36144178447313","4","133.9953717336591","4","91.36144178447313","4.5148235271368655","4.897805260053365","4.5148235271368655"
"apple","full_2005_2012","2009","4","72.675","101.40131035546713","4","148.70263142253197","4","101.40131035546713","4.619086013711329","5.00194854949334","4.619086013711329"
"apple","full_2005_2012","2010","4","69.175","90.89673408041986","4","133.29343570580605","4","90.89673408041986","4.509724071829729","4.892552981454528","4.509724071829729"
"apple","full_2005_2012","2011","4","70.5","86.00777043980935","4","125.8575501597069","4","86.00777043980935","4.4544376461231066","4.835150713104856","4.4544376461231066"
"apple","full_2005_2012","2012","4","110.67500000000001","126.03809651880741","4","188.6657481605169","4","126.03809651880741","4.836584214575791","5.239976921116068","4.836584214575791"
"apple","full_2005_2012","2013","4","92.075","107.20265048012855","0",,"4","107.20265048012855","4.6747209729591175",,"4.6747209729591175"
"apple","full_2005_2012","2014","4","84.9","101.22674771927454","0",,"4","101.22674771927454","4.617363027457241",,"4.617363027457241"
"apple","full_2005_2012","2015","4","95.35","111.8479769756398","0",,"4","111.8479769756398","4.717140600831485",,"4.717140600831485"
"apple","full_2005_2012","2016","4","75.625","87.1343834854039","0",,"4","87.1343834854039","4.467451564691969",,"4.467451564691969"
"apple","full_2005_2012","2017","4","78.1","85.24160614333599","0",,"4","85.24160614333599","4.445489649654211",,"4.445489649654211"
"apple","full_2005_2012","2018","4","78.15","84.55307031904769","0",,"4","84.55307031904769","4.437379388334557",,"4.437379388334557"
"apple","full_2005_2012","2019","4","77.175","84.18046943754135","0",,"4","84.18046943754135","4.432962939919194",,"4.432962939919194"
"apple","full_2005_2012","2020","4","100.025","99.53948288742147","0",,"4","99.53948288742147","4.6005543783940235",,"4.6005543783940235"
"apple","full_2005_2012","2021","4","100.44999999999999","88.87322922748564","0",,"4","88.87322922748564","4.487210963620955",,"4.487210963620955"
"apple","full_2005_2012","2022","4","92.3","84.4758237257451","0",,"4","84.4758237257451","4.436465383671428",,"4.436465383671428"
"apple","full_2005_2012","2023","4","134.4","121.90152397563978","0",,"4","121.90152397563978","4.803213538260102",,"4.803213538260102"
"apple","full_2005_2012","2024","4","178.875","152.30322689846489","0",,"4","152.30322689846489","5.025873447453841",,"5.025873447453841"
"apple","late_2010_2012","1980","4","44.05566948352167","199.04170734273322","4","292.53784363128364","0",,"5.293514387401551","5.678594038239061",
"apple","late_2010_2012","1981","4","51.6931195213986","176.83330322264715","4","259.8974551493101","0",,"5.175207499108706","5.560287149946217",
"apple","late_2010_2012","1982","4","41.895410786839335","135.75736080078423","4","199.52685352196607","0",,"4.910869180554217","5.295948831391727",
"apple","late_2010_2012","1983","4","41.31707381292438","129.62409626034147","4","190.5126021520667","0",,"4.864638694570452","5.249718345407962",
"apple","late_2010_2012","1984","4","35.907922115719785","115.42266853868944","4","169.64031815872255","0",,"4.748600769260651","5.133680420098162",
"apple","late_2010_2012","1985","4","48.73339500783382","150.62509582424823","4","221.37843026691536","0",,"5.014793940422298","5.3998735912598095",
"apple","late_2010_2012","1986","4","40.41554853005695","130.3060281132336","4","191.5148587967258","0",,"4.869885746400927","5.254965397238437",
"apple","late_2010_2012","1987","4","56.081676558753266","175.70735177731964","4","258.242608975375","0",,"5.168819837102639","5.553899487940149",
"apple","late_2010_2012","1988","4","44.9571947663891","123.32464652556436","4","181.25410318681134","0",,"4.814820280913095","5.199899931750605",
"apple","late_2010_2012","1989","4","51.250861835463624","133.6045628420174","4","196.36281880261419","0",,"4.894884413528457","5.279964064365967",
"apple","late_2010_2012","1990","4","39.71814217915949","92.68716146217213","4","136.22522992007669","0",,"4.529229967426716","4.914309618264227",
"apple","late_2010_2012","1991","4","51.5400303224211","109.89041095657483","4","161.5093855763473","0",,"4.6994836051604105","5.084563255997921",
"apple","late_2010_2012","1992","4","55.07809180990083","112.0291795500693","4","164.65280089728725","0",,"4.7187593690596525","5.103839019897164",
"apple","late_2010_2012","1993","4","44.58297672444413","91.82239639866958","4","134.95425756809067","0",,"4.519856237355148","4.904935888192658",
"apple","late_2010_2012","1994","4","61.09960030301538","116.77653257294935","4","171.63013461699063","0",,"4.760262130454903","5.145341781292414",
"apple","late_2010_2012","1995","4","84.84543605552358","145.52133909213774","4","213.87727883105396","0",,"4.9803227362850215","5.365402387122532",
"apple","late_2010_2012","1996","4","52.20341685132355","85.6432238143785","4","125.87253370545594","0",,"4.4501901068053416","4.835269757642852",
"apple","late_2010_2012","1997","4","58.412034365410584","98.41894797258401","4","144.64941643001012","0",,"4.589233346217768","4.974312997055279",
"apple","late_2010_2012","1998","4","71.3565766345071","121.27716232557033","4","178.24485140369632","0",,"4.7980785239090045","5.183158174746515",
"apple","late_2010_2012","1999","4","89.84634988878821","142.8169528009996","4","209.9025574296077","0",,"4.961563759953002","5.346643410790513",
"apple","late_2010_2012","2000","4","56.932172108628194","86.24896093393609","4","126.76280455938142","0",,"4.457238008696132","4.842317659533642",
"apple","late_2010_2012","2001","4","61.21866967999787","89.82421854539281","4","132.01747287008342","0",,"4.497854633216599","4.88293428405411",
"apple","late_2010_2012","2002","4","86.68250644325346","122.91504250668459","4","180.65209530602348","0",,"4.811493405393682","5.196573056231192",
"apple","late_2010_2012","2003","4","61.439798522965354","82.01086972530183","4","120.5339489097877","0",,"4.4068517961049","4.79193144694241",
"apple","late_2010_2012","2004","4","73.29570648822195","96.0875413465697","4","141.22287494728698","0",,"4.565259664976391","4.950339315813901",
"apple","late_2010_2012","2005","4","68.175","93.99553127858759","4","137.87230142551476","4","93.99553127858759","4.543247241550468","4.926327904765727","4.543247241550468"
"apple","late_2010_2012","2006","4","59","83.47481392562648","4","122.45482924821857","4","83.47481392562648","4.424544956724227","4.807742221152296","4.424544956724227"
"apple","late_2010_2012","2007","4","50.25","69.44449562866969","4","101.81804905474647","4","69.44449562866969","4.240527809452754","4.6231873875633225","4.240527809452754"
"apple","late_2010_2012","2008","4","65.2","91.36144178447313","4","133.9953717336591","4","91.36144178447313","4.5148235271368655","4.897805260053365","4.5148235271368655"
"apple","late_2010_2012","2009","4","72.675","101.40131035546713","4","148.70263142253197","4","101.40131035546713","4.619086013711329","5.00194854949334","4.619086013711329"
"apple","late_2010_2012","2010","4","69.175","90.89673408041986","4","133.29343570580605","4","90.89673408041986","4.509724071829729","4.892552981454528","4.509724071829729"
"apple","late_2010_2012","2011","4","70.5","86.00777043980935","4","125.8575501597069","4","86.00777043980935","4.4544376461231066","4.835150713104856","4.4544376461231066"
"apple","late_2010_2012","2012","4","110.67500000000001","126.03809651880741","4","188.6657481605169","4","126.03809651880741","4.836584214575791","5.239976921116068","4.836584214575791"
"apple","late_2010_2012","2013","4","92.075","107.20265048012855","0",,"4","107.20265048012855","4.6747209729591175",,"4.6747209729591175"
"apple","late_2010_2012","2014","4","84.9","101.22674771927454","0",,"4","101.22674771927454","4.617363027457241",,"4.617363027457241"
"apple","late_2010_2012","2015","4","95.35","111.8479769756398","0",,"4","111.8479769756398","4.717140600831485",,"4.717140600831485"
"apple","late_2010_2012","2016","4","75.625","87.1343834854039","0",,"4","87.1343834854039","4.467451564691969",,"4.467451564691969"
"apple","late_2010_2012","2017","4","78.1","85.24160614333599","0",,"4","85.24160614333599","4.445489649654211",,"4.445489649654211"
"apple","late_2010_2012","2018","4","78.15","84.55307031904769","0",,"4","84.55307031904769","4.437379388334557",,"4.437379388334557"
"apple","late_2010_2012","2019","4","77.175","84.18046943754135","0",,"4","84.18046943754135","4.432962939919194",,"4.432962939919194"
"apple","late_2010_2012","2020","4","100.025","99.53948288742147","0",,"4","99.53948288742147","4.6005543783940235",,"4.6005543783940235"
"apple","late_2010_2012","2021","4","100.44999999999999","88.87322922748564","0",,"4","88.87322922748564","4.487210963620955",,"4.487210963620955"
"apple","late_2010_2012","2022","4","92.3","84.4758237257451","0",,"4","84.4758237257451","4.436465383671428",,"4.436465383671428"
"apple","late_2010_2012","2023","4","134.4","121.90152397563978","0",,"4","121.90152397563978","4.803213538260102",,"4.803213538260102"
"apple","late_2010_2012","2024","4","178.875","152.30322689846489","0",,"4","152.30322689846489","5.025873447453841",,"5.025873447453841"
"barley","early_2005_2006","1980","4","20.916340686274506","92.80147818634225","4","92.61805811047641","0",,"4.5304625683974304","4.528484134631952",
"barley","early_2005_2006","1981","4","28.205748039215685","96.19221667774767","4","96.00209488200096","0",,"4.566348446682734","4.564370012917257",
"barley","early_2005_2006","1982","4","31.18663970588235","100.80104995133796","4","100.60181889822579","0",,"4.613148771766928","4.611170338001451",
"barley","early_2005_2006","1983","4","37.24862107843137","118.37776273016587","4","118.14379169171758","0",,"4.773880890031497","4.771902456266019",
"barley","early_2005_2006","1984","4","40.40485931372548","129.91996537420022","4","129.66318142666898","0",,"4.8669186098970165","4.8649401761315385",
"barley","early_2005_2006","1985","4","42.759513235294115","132.7427338266623","4","132.4803707395115","0",,"4.888412922854969","4.886434489089491",
"barley","early_2005_2006","1986","4","50.2994156862745","162.34745250476635","4","162.02657634377184","0",,"5.08973880704765","5.087760373282172",
"barley","early_2005_2006","1987","4","51.627039705882346","162.22970219064212","4","161.9090587605477","0",,"5.089013245697527","5.087034811932049",
"barley","early_2005_2006","1988","4","53.756248039215684","147.31474144526672","4","147.02357710629153","0",,"4.992571396161531","4.990592962396053",
"barley","early_2005_2006","1989","4","57.08783284313725","149.00679209862312","4","148.71228345883213","0",,"5.003991889461033","5.002013455695555",
"barley","early_2005_2006","1990","4","62.273081372549","145.23574690575026","4","144.94869165365188","0",,"4.978358262901663","4.976379829136186",
"barley","early_2005_2006","1991","4","68.48535980392155","146.0431938819311","4","145.7545427286841","0",,"4.983902426460174","4.981923992694696",
"barley","early_2005_2006","1992","4","74.29684607843137","151.59309764748113","4","151.29347723178682","0",,"5.02119994214194","5.019221508376463",
"barley","early_2005_2006","1993","4","78.70555980392157","162.43013927392053","4","162.1090996843496","0",,"5.090247997170575","5.088269563405098",
"barley","early_2005_2006","1994","4","82.56318431372549","157.92900256173527","4","157.61685936965029","0",,"5.062145581163515","5.060167147398038",
"barley","early_2005_2006","1995","4","84.5671450980392","145.40211126398782","4","145.1147271964028","0",,"4.97950308537906","4.9775246516135825",
"barley","early_2005_2006","1996","4","84.5671450980392","138.7234834303801","4","138.4492995234807","0",,"4.932482623950947","4.93050419018547",
"barley","early_2005_2006","1997","4","84.5671450980392","142.49945768417348","4","142.2178106474012","0",,"4.959338193976365","4.957359760210887",
"barley","early_2005_2006","1998","4","87.32259117647058","148.42031710983628","4","148.126967624932","0",,"5.000048229110493","4.998069795345015",
"barley","early_2005_2006","1999","4","91.53090882352939","145.56004278609515","4","145.27234657033821","0",,"4.980588666685213","4.978610232919735",
"barley","early_2005_2006","2000","4","95.63902843137254","146.14752946980855","4","145.85867209957217","0",,"4.98461658734191","4.982638153576432",
"barley","early_2005_2006","2001","4","99.7721975490196","146.58828338262043","4","146.2985548719916","0",,"4.987627863902658","4.9856494301371805",
"barley","early_2005_2006","2002","4","101.4004156862745","143.99133145821185","4","143.7067357658129","0",,"4.9697530995571535","4.967774665791676",
"barley","early_2005_2006","2003","4","101.4004156862745","135.5929022695094","4","135.32490588726208","0",,"4.909657030991134","4.907678597225656",
"barley","early_2005_2006","2004","4","101.4004156862745","133.4677108738318","4","133.2039148855291","0",,"4.893859582472359","4.891881148706881",
"barley","early_2005_2006","2005","4","100.7","139.774946668135","4","139.4972576358919","4","139.774946668135","4.94003360535753","4.938044942544117","4.94003360535753"
"barley","early_2005_2006","2006","4","101.7","143.84116923305692","4","143.55832255887088","4","143.84116923305692","4.968709699396174","4.966741381611468","4.968709699396174"
"barley","early_2005_2006","2007","4","99.125","137.5500570079949","4","137.2724002484386","4","137.5500570079949","4.923987901823387","4.921967274711619","4.923987901823387"
"barley","early_2005_2006","2008","4","95.25","133.18503594286247","4","132.7995070505711","4","133.18503594286247","4.891739409024064","4.888840525066853","4.891739409024064"
"barley","early_2005_2006","2009","4","90.02499999999999","125.79791204311968","4","125.48393930482985","4","125.79791204311968","4.83467674669712","4.832177776715816","4.83467674669712"
"barley","early_2005_2006","2010","4","84.6","111.2440044521482","4","110.9658499088579","4","111.2440044521482","4.711726027029133","4.709222495496998","4.711726027029133"
"barley","early_2005_2006","2011","4","80.125","97.8801630146584","4","96.89994942029608","4","97.8801630146584","4.583743904027298","4.573678996918216","4.583743904027298"
"barley","early_2005_2006","2012","4","89","101.4455531516405","4","88.78565542121089","4","101.4455531516405","4.619522232404682","4.486225098900022","4.619522232404682"
"barley","early_2005_2006","2013","4","96.5","112.57088607554908","0",,"4","112.57088607554908","4.723583121665121",,"4.723583121665121"
"barley","early_2005_2006","2014","4","111.375","133.17462923534097","0",,"4","133.17462923534097","4.891661268758196",,"4.891661268758196"
"barley","early_2005_2006","2015","4","124.85","146.6011182068948","0",,"4","146.6011182068948","4.987715417028474",,"4.987715417028474"
"barley","early_2005_2006","2016","4","120.6","139.1601328169822","0",,"4","139.1601328169822","4.935625304702532",,"4.935625304702532"
"barley","early_2005_2006","2017","4","111.82499999999999","121.74057378010329","0",,"4","121.74057378010329","4.801892336214712",,"4.801892336214712"
"barley","early_2005_2006","2018","4","110.6","119.78125239298036","0",,"4","119.78125239298036","4.78566718255875",,"4.78566718255875"
"barley","early_2005_2006","2019","4","107.375","117.16334999765589","0",,"4","117.16334999765589","4.763569114907321",,"4.763569114907321"
"barley","early_2005_2006","2020","4","100.025","100.24801645595264","0",,"4","100.24801645595264","4.6076472800153985",,"4.6076472800153985"
"barley","early_2005_2006","2021","4","92.225","82.00881717351282","0",,"4","82.00881717351282","4.406826767989947",,"4.406826767989947"
"barley","early_2005_2006","2022","4","90.8","83.26090101848615","0",,"4","83.26090101848615","4.421979063453244",,"4.421979063453244"
"barley","early_2005_2006","2023","4","90.8","82.9872858381181","0",,"4","82.9872858381181","4.418687413389658",,"4.418687413389658"
"barley","early_2005_2006","2024","4","99.27499999999999","84.97444211233329","0",,"4","84.97444211233329","4.4423505302453385",,"4.4423505302453385"
"barley","full_2005_2012","1980","4","21.300993650840912","94.50810384500468","4","92.61805811047641","0",,"4.5486855857965445","4.528484134631952",
"barley","full_2005_2012","1981","4","28.724453713589064","97.96119825384093","4","96.00209488200096","0",,"4.584571464081848","4.564370012917257",
"barley","full_2005_2012","1982","4","31.76016418598435","102.65478829289364","4","100.60181889822579","0",,"4.631371789166042","4.611170338001451",
"barley","full_2005_2012","1983","4","37.93362581892268","120.55473804606216","4","118.14379169171758","0",,"4.792103907430611","4.771902456266019",
"barley","full_2005_2012","1984","4","41.14790749557652","132.3092026020268","4","129.66318142666898","0",,"4.88514162729613","4.8649401761315385",
"barley","full_2005_2012","1985","4","43.54586366704843","135.18388196327592","4","132.4803707395115","0",,"4.906635940254083","4.886434489089491",
"barley","full_2005_2012","1986","4","51.22442545016593","165.33303348340954","4","162.02657634377184","0",,"5.107961824446763","5.087760373282172",
"barley","full_2005_2012","1987","4","52.5764645681235","165.21311773279305","4","161.9090587605477","0",,"5.10723626309664","5.087034811932049",
"barley","full_2005_2012","1988","4","54.744829191262994","150.02386981868432","4","147.02357710629153","0",,"5.010794413560644","4.990592962396053",
"barley","full_2005_2012","1989","4","58.13768207217538","151.74703740161135","4","148.71228345883213","0",,"5.022214906860146","5.002013455695555",
"barley","full_2005_2012","1990","4","63.418287683820964","147.90664242453343","4","144.94869165365188","0",,"4.996581280300777","4.976379829136186",
"barley","full_2005_2012","1991","4","69.7448103489809","148.72893840694232","4","145.7545427286841","0",,"5.0021254438592875","4.981923992694696",
"barley","full_2005_2012","1992","4","75.66317026154988","154.380905289961","4","151.29347723178682","0",,"5.039422959541054","5.019221508376463",
"barley","full_2005_2012","1993","4","80.15296054005049","165.4172408680176","4","162.1090996843496","0",,"5.108471014569689","5.088269563405098",
"barley","full_2005_2012","1994","4","84.0815270337385","160.8333279376482","4","157.61685936965029","0",,"5.080368598562629","5.060167147398038",
"barley","full_2005_2012","1995","4","86.12234079669332","148.07606623492634","4","145.1147271964028","0",,"4.997726102778174","4.9775246516135825",
"barley","full_2005_2012","1996","4","86.12234079669332","141.27461796948666","4","138.4492995234807","0",,"4.950705641350061","4.93050419018547",
"barley","full_2005_2012","1997","4","86.12234079669332","145.12003265325933","4","142.2178106474012","0",,"4.977561211375479","4.957359760210887",
"barley","full_2005_2012","1998","4","88.9284597207562","151.14977709686198","4","148.126967624932","0",,"5.018271246509606","4.998069795345015",
"barley","full_2005_2012","1999","4","93.2141686229613","148.2369021287442","4","145.27234657033821","0",,"4.998811684084326","4.978610232919735",
"barley","full_2005_2012","2000","4","97.39783683701869","148.8351927335604","4","145.85867209957217","0",,"5.002839604741023","4.982638153576432",
"barley","full_2005_2012","2001","4","101.60701522311301","149.28405214158056","4","146.2985548719916","0",,"5.005850881301772","4.9856494301371805",
"barley","full_2005_2012","2002","4","103.2651764055138","146.6393420900912","4","143.7067357658129","0",,"4.9879761169562675","4.967774665791676",
"barley","full_2005_2012","2003","4","103.2651764055138","138.08646520264497","4","135.32490588726208","0",,"4.927880048390247","4.907678597225656",
"barley","full_2005_2012","2004","4","103.2651764055138","135.922191388925","4","133.2039148855291","0",,"4.912082599871473","4.891881148706881",
"barley","full_2005_2012","2005","4","100.7","139.774946668135","4","139.4972576358919","4","139.774946668135","4.94003360535753","4.938044942544117","4.94003360535753"
"barley","full_2005_2012","2006","4","101.7","143.84116923305692","4","143.55832255887088","4","143.84116923305692","4.968709699396174","4.966741381611468","4.968709699396174"
"barley","full_2005_2012","2007","4","99.125","137.5500570079949","4","137.2724002484386","4","137.5500570079949","4.923987901823387","4.921967274711619","4.923987901823387"
"barley","full_2005_2012","2008","4","95.25","133.18503594286247","4","132.7995070505711","4","133.18503594286247","4.891739409024064","4.888840525066853","4.891739409024064"
"barley","full_2005_2012","2009","4","90.02499999999999","125.79791204311968","4","125.48393930482985","4","125.79791204311968","4.83467674669712","4.832177776715816","4.83467674669712"
"barley","full_2005_2012","2010","4","84.6","111.2440044521482","4","110.9658499088579","4","111.2440044521482","4.711726027029133","4.709222495496998","4.711726027029133"
"barley","full_2005_2012","2011","4","80.125","97.8801630146584","4","96.89994942029608","4","97.8801630146584","4.583743904027298","4.573678996918216","4.583743904027298"
"barley","full_2005_2012","2012","4","89","101.4455531516405","4","88.78565542121089","4","101.4455531516405","4.619522232404682","4.486225098900022","4.619522232404682"
"barley","full_2005_2012","2013","4","96.5","112.57088607554908","0",,"4","112.57088607554908","4.723583121665121",,"4.723583121665121"
"barley","full_2005_2012","2014","4","111.375","133.17462923534097","0",,"4","133.17462923534097","4.891661268758196",,"4.891661268758196"
"barley","full_2005_2012","2015","4","124.85","146.6011182068948","0",,"4","146.6011182068948","4.987715417028474",,"4.987715417028474"
"barley","full_2005_2012","2016","4","120.6","139.1601328169822","0",,"4","139.1601328169822","4.935625304702532",,"4.935625304702532"
"barley","full_2005_2012","2017","4","111.82499999999999","121.74057378010329","0",,"4","121.74057378010329","4.801892336214712",,"4.801892336214712"
"barley","full_2005_2012","2018","4","110.6","119.78125239298036","0",,"4","119.78125239298036","4.78566718255875",,"4.78566718255875"
"barley","full_2005_2012","2019","4","107.375","117.16334999765589","0",,"4","117.16334999765589","4.763569114907321",,"4.763569114907321"
"barley","full_2005_2012","2020","4","100.025","100.24801645595264","0",,"4","100.24801645595264","4.6076472800153985",,"4.6076472800153985"
"barley","full_2005_2012","2021","4","92.225","82.00881717351282","0",,"4","82.00881717351282","4.406826767989947",,"4.406826767989947"
"barley","full_2005_2012","2022","4","90.8","83.26090101848615","0",,"4","83.26090101848615","4.421979063453244",,"4.421979063453244"
"barley","full_2005_2012","2023","4","90.8","82.9872858381181","0",,"4","82.9872858381181","4.418687413389658",,"4.418687413389658"
"barley","full_2005_2012","2024","4","99.27499999999999","84.97444211233329","0",,"4","84.97444211233329","4.4423505302453385",,"4.4423505302453385"
"barley","late_2010_2012","1980","4","21.931781904611505","97.30678088180136","4","92.61805811047641","0",,"4.577868677224138","4.528484134631952",
"barley","late_2010_2012","1981","4","29.575073562386294","100.86213208804146","4","96.00209488200096","0",,"4.613754555509441","4.564370012917257",
"barley","late_2010_2012","1982","4","32.70068080388182","105.69471383392154","4","100.60181889822579","0",,"4.660554880593636","4.611170338001451",
"barley","late_2010_2012","1983","4","39.05695771515845","124.12473641995702","4","118.14379169171758","0",,"4.821286998858204","4.771902456266019",
"barley","late_2010_2012","1984","4","42.366424206153724","136.22728699917496","4","129.66318142666898","0",,"4.914324718723724","4.8649401761315385",
"barley","late_2010_2012","1985","4","44.83539127086448","139.18709450064873","4","132.4803707395115","0",,"4.935819031681676","4.886434489089491",
"barley","late_2010_2012","1986","4","52.741338999353175","170.22905557473004","4","162.02657634377184","0",,"5.137144915874357","5.087760373282172",
"barley","late_2010_2012","1987","4","54.1334161741369","170.10558874813225","4","161.9090587605477","0",,"5.136419354524234","5.087034811932049",
"barley","late_2010_2012","1988","4","56.365992775205136","154.46654026016856","4","147.02357710629153","0",,"5.039977504988238","4.990592962396053",
"barley","late_2010_2012","1989","4","59.85931851570014","156.2407361607603","4","148.71228345883213","0",,"5.05139799828774","5.002013455695555",
"barley","late_2010_2012","1990","4","65.29629917947808","152.2866152194814","4","144.94869165365188","0",,"5.02576437172837","4.976379829136186",
"barley","late_2010_2012","1991","4","71.81016973318305","153.1332619272756","4","145.7545427286841","0",,"5.031308535286882","4.981923992694696",
"barley","late_2010_2012","1992","4","77.90379057374577","158.95260101738228","4","151.29347723178682","0",,"5.068606050968648","5.019221508376463",
"barley","late_2010_2012","1993","4","82.5265374183106","170.31575660024336","4","162.1090996843496","0",,"5.1376541059972824","5.088269563405098",
"barley","late_2010_2012","1994","4","86.5714409073048","165.59609984119723","4","157.61685936965029","0",,"5.109551689990222","5.060167147398038",
"barley","late_2010_2012","1995","4","88.67268947301609","152.46105619251267","4","145.1147271964028","0",,"5.026909194205767","4.9775246516135825",
"barley","late_2010_2012","1996","4","88.67268947301609","145.4581960237227","4","138.4492995234807","0",,"4.979888732777654","4.93050419018547",
"barley","late_2010_2012","1997","4","88.67268947301609","149.41748532072523","4","142.2178106474012","0",,"5.006744302803073","4.957359760210887",
"barley","late_2010_2012","1998","4","91.5619062508691","155.62578913252491","4","148.126967624932","0",,"5.0474543379372","4.998069795345015",
"barley","late_2010_2012","1999","4","95.97452823886279","152.6266549342177","4","145.27234657033821","0",,"5.02799477551192","4.978610232919735",
"barley","late_2010_2012","2000","4","100.28208779857093","153.24266277288908","4","145.85867209957217","0",,"5.032022696168617","4.982638153576432",
"barley","late_2010_2012","2001","4","104.61591296535045","153.7048142952028","4","146.2985548719916","0",,"5.035033972729365","4.9856494301371805",
"barley","late_2010_2012","2002","4","106.32317742499086","150.98178620548225","4","143.7067357658129","0",,"5.017159208383861","4.967774665791676",
"barley","late_2010_2012","2003","4","106.32317742499086","142.17563220031184","4","135.32490588726208","0",,"4.9570631398178415","4.907678597225656",
"barley","late_2010_2012","2004","4","106.32317742499086","139.94726755017285","4","133.2039148855291","0",,"4.9412656912990665","4.891881148706881",
"barley","late_2010_2012","2005","4","100.7","139.774946668135","4","139.4972576358919","4","139.774946668135","4.94003360535753","4.938044942544117","4.94003360535753"
"barley","late_2010_2012","2006","4","101.7","143.84116923305692","4","143.55832255887088","4","143.84116923305692","4.968709699396174","4.966741381611468","4.968709699396174"
"barley","late_2010_2012","2007","4","99.125","137.5500570079949","4","137.2724002484386","4","137.5500570079949","4.923987901823387","4.921967274711619","4.923987901823387"
"barley","late_2010_2012","2008","4","95.25","133.18503594286247","4","132.7995070505711","4","133.18503594286247","4.891739409024064","4.888840525066853","4.891739409024064"
"barley","late_2010_2012","2009","4","90.02499999999999","125.79791204311968","4","125.48393930482985","4","125.79791204311968","4.83467674669712","4.832177776715816","4.83467674669712"
"barley","late_2010_2012","2010","4","84.6","111.2440044521482","4","110.9658499088579","4","111.2440044521482","4.711726027029133","4.709222495496998","4.711726027029133"
"barley","late_2010_2012","2011","4","80.125","97.8801630146584","4","96.89994942029608","4","97.8801630146584","4.583743904027298","4.573678996918216","4.583743904027298"
"barley","late_2010_2012","2012","4","89","101.4455531516405","4","88.78565542121089","4","101.4455531516405","4.619522232404682","4.486225098900022","4.619522232404682"
"barley","late_2010_2012","2013","4","96.5","112.57088607554908","0",,"4","112.57088607554908","4.723583121665121",,"4.723583121665121"
"barley","late_2010_2012","2014","4","111.375","133.17462923534097","0",,"4","133.17462923534097","4.891661268758196",,"4.891661268758196"
"barley","late_2010_2012","2015","4","124.85","146.6011182068948","0",,"4","146.6011182068948","4.987715417028474",,"4.987715417028474"
"barley","late_2010_2012","2016","4","120.6","139.1601328169822","0",,"4","139.1601328169822","4.935625304702532",,"4.935625304702532"
"barley","late_2010_2012","2017","4","111.82499999999999","121.74057378010329","0",,"4","121.74057378010329","4.801892336214712",,"4.801892336214712"
"barley","late_2010_2012","2018","4","110.6","119.78125239298036","0",,"4","119.78125239298036","4.78566718255875",,"4.78566718255875"
"barley","late_2010_2012","2019","4","107.375","117.16334999765589","0",,"4","117.16334999765589","4.763569114907321",,"4.763569114907321"
"barley","late_2010_2012","2020","4","100.025","100.24801645595264","0",,"4","100.24801645595264","4.6076472800153985",,"4.6076472800153985"
"barley","late_2010_2012","2021","4","92.225","82.00881717351282","0",,"4","82.00881717351282","4.406826767989947",,"4.406826767989947"
"barley","late_2010_2012","2022","4","90.8","83.26090101848615","0",,"4","83.26090101848615","4.421979063453244",,"4.421979063453244"
"barley","late_2010_2012","2023","4","90.8","82.9872858381181","0",,"4","82.9872858381181","4.418687413389658",,"4.418687413389658"
"barley","late_2010_2012","2024","4","99.27499999999999","84.97444211233329","0",,"4","84.97444211233329","4.4423505302453385",,"4.4423505302453385"
"cabbage","early_2005_2006","1980","4","45.556919592497536","209.52458166336137","4","227.54454801860547","0",,"5.3448410673876365","5.427346034688057",
"cabbage","early_2005_2006","1981","4","44.24476981140993","150.91889477630767","4","163.89853365519178","0",,"5.016742571827231","5.099247539127651",
"cabbage","early_2005_2006","1982","4","35.658245805345466","116.26044547117637","4","126.25931672153065","0",,"4.755832893946376","4.838337861246797",
"cabbage","early_2005_2006","1983","4","36.97039558643307","118.18620431435403","4","128.3506986590817","0",,"4.7722613833917205","4.854766350692141",
"cabbage","early_2005_2006","1984","4","57.68855002465832","185.84029886149034","4","201.8233205496714","0",,"5.224887696626435","5.307392663926855",
"cabbage","early_2005_2006","1985","4","34.53025739704209","107.50850546997026","4","116.75467427790545","0",,"4.67756996508873","4.76007493238915",
"cabbage","early_2005_2006","1986","4","49.21712687658399","158.41677026344044","4","172.0412569350815","0",,"5.065229346651443","5.147734313951863",
"cabbage","early_2005_2006","1987","4","52.50901141510201","163.63109384034976","4","177.7040335511298","0",,"5.097614466258342","5.180119433558763",
"cabbage","early_2005_2006","1988","4","65.40030750999772","180.40725919556667","4","195.92301737123086","0",,"5.195216846262213","5.277721813562633",
"cabbage","early_2005_2006","1989","4","63.71983498334168","165.62464831792548","4","179.86904182342533","0",,"5.109724073374763","5.192229040675183",
"cabbage","early_2005_2006","1990","4","86.80906709616382","200.95494496500936","4","218.23788770347764","0",,"5.3030807285297845","5.385585695830204",
"cabbage","early_2005_2006","1991","4","54.74196806011073","116.75628791152351","4","126.79780362880204","0",,"4.760088753013269","4.8425937203136895",
"cabbage","early_2005_2006","1992","4","57.11304573470762","116.57264023056645","4","126.59836150021599","0",,"4.758514599989536","4.8410195672899565",
"cabbage","early_2005_2006","1993","4","59.18486117853015","122.14043542323822","4","132.64500972888158","0",,"4.805171492740642","4.887676460041062",
"cabbage","early_2005_2006","1994","4","92.24182759329844","175.2760504217772","4","190.35050376947623","0",,"5.166362162067669","5.248867129368089",
"cabbage","early_2005_2006","1995","4","75.36804181194387","129.631746230918","4","140.78060374018065","0",,"4.864697709406956","4.947202676707376",
"cabbage","early_2005_2006","1996","4","72.95092379415092","119.68114245336375","4","129.9742075593561","0",,"4.7848310600810375","4.867336027381458",
"cabbage","early_2005_2006","1997","4","77.0254941670019","129.81033065095272","4","140.97454714680802","0",,"4.8660743900933445","4.948579357393765",
"cabbage","early_2005_2006","1998","4","107.34306016160485","181.51287063316323","4","197.1237158900152","0",,"5.201326563770139","5.283831531070559",
"cabbage","early_2005_2006","1999","4","144.29043557643988","230.5112188528375","4","250.3361213786341","0",,"5.440299533065013","5.522804500365433",
"cabbage","early_2005_2006","2000","4","115.37710004931664","175.16809761159976","4","190.2332665784786","0",,"5.165746070663673","5.248251037964093",
"cabbage","early_2005_2006","2001","4","78.77502720845202","115.27984734294314","4","125.19438316526077","0",,"4.74736262746193","4.82986759476235",
"cabbage","early_2005_2006","2002","4","104.3504378538612","148.5298295865517","4","161.30399914055698","0",,"5.000785810707259","5.0832907780076795",
"cabbage","early_2005_2006","2003","4","193.96796588498444","258.87840209089813","4","281.1429977710005","0",,"5.556358461458069","5.63886342875849",
"cabbage","early_2005_2006","2004","4","124.97651160569434","162.09440152927445","4","176.03517945013894","0",,"5.088178891003165","5.170683858303584",
"cabbage","early_2005_2006","2005","4","77.675","109.17877164054775","4","118.52510064381421","4","109.17877164054775","4.692986645516807","4.7751247579235665","4.692986645516807"
"cabbage","early_2005_2006","2006","4","76.8","108.28712446690693","4","117.62901861998736","4","108.28712446690693","4.684786259283725","4.7675357619977135","4.684786259283725"
"cabbage","early_2005_2006","2007","4","92.775","128.8938157591917","4","139.90432124940173","4","128.8938157591917","4.858988931751473","4.940958769324513","4.858988931751473"
"cabbage","early_2005_2006","2008","4","71.175","98.88769662944131","4","107.36281992091187","4","98.88769662944131","4.593984828761074","4.676213938907783","4.593984828761074"
"cabbage","early_2005_2006","2009","4","49.65","69.34792781130618","4","75.24954522823528","4","69.34792781130618","4.239136266160219","4.3208098601321225","4.239136266160219"
"cabbage","early_2005_2006","2010","4","67.375","87.96838185723462","4","95.55847295709118","4","87.96838185723462","4.476977452838667","4.559738342391578","4.476977452838667"
"cabbage","early_2005_2006","2011","4","81.4","99.37854622875099","4","108.31934393676475","4","99.37854622875099","4.598936257658555","4.685083752431856","4.598936257658555"
"cabbage","early_2005_2006","2012","4","80.075","91.2374640033378","4","96.60876311629566","4","91.2374640033378","4.513465602239657","4.570669452593674","4.513465602239657"
"cabbage","early_2005_2006","2013","4","77.6","89.90157560460585","0",,"4","89.90157560460585","4.498715467515382",,"4.498715467515382"
"cabbage","early_2005_2006","2014","4","52.6","62.607911452352184","0",,"4","62.607911452352184","4.136891651148634",,"4.136891651148634"
"cabbage","early_2005_2006","2015","4","59.95","70.48393704676133","0",,"4","70.48393704676133","4.2553848405496435",,"4.2553848405496435"
"cabbage","early_2005_2006","2016","4","81.875","94.98507256369724","0",,"4","94.98507256369724","4.553719748345737",,"4.553719748345737"
"cabbage","early_2005_2006","2017","4","71.25","77.52000896214412","0",,"4","77.52000896214412","4.350536083193238",,"4.350536083193238"
"cabbage","early_2005_2006","2018","4","67.075","72.50834037380496","0",,"4","72.50834037380496","4.283701594882766",,"4.283701594882766"
"cabbage","early_2005_2006","2019","4","49.474999999999994","54.03623650426889","0",,"4","54.03623650426889","3.9896548678886794",,"3.9896548678886794"
"cabbage","early_2005_2006","2020","4","100.025","100.10151326822036","0",,"4","100.10151326822036","4.606184803771544",,"4.606184803771544"
"cabbage","early_2005_2006","2021","4","52.55","46.56921595583826","0",,"4","46.56921595583826","3.840939721032039",,"3.840939721032039"
"cabbage","early_2005_2006","2022","4","81.2","74.41011521557654","0",,"4","74.41011521557654","4.309591889796313",,"4.309591889796313"
"cabbage","early_2005_2006","2023","4","84.75","76.98847233064583","0",,"4","76.98847233064583","4.343655700654412",,"4.343655700654412"
"cabbage","early_2005_2006","2024","4","98.25","84.45009995375942","0",,"4","84.45009995375942","4.436160826838182",,"4.436160826838182"
"cabbage","full_2005_2012","1980","4","45.67191720423932","210.05347665248726","4","227.54454801860547","0",,"5.347362149025606","5.427346034688057",
"cabbage","full_2005_2012","1981","4","44.3564552130106","151.29985364317636","4","163.89853365519178","0",,"5.0192636534652","5.099247539127651",
"cabbage","full_2005_2012","1982","4","35.74825656865422","116.55391732328604","4","126.25931672153065","0",,"4.758353975584345","4.838337861246797",
"cabbage","full_2005_2012","1983","4","37.06371855988294","118.48453728678827","4","128.3506986590817","0",,"4.7747824650296895","4.854766350692141",
"cabbage","full_2005_2012","1984","4","57.83417105296803","186.30940850993923","4","201.8233205496714","0",,"5.2274087782644045","5.307392663926855",
"cabbage","full_2005_2012","1985","4","34.61742082180848","107.77988513043816","4","116.75467427790545","0",,"4.680091046726699","4.76007493238915",
"cabbage","full_2005_2012","1986","4","49.341363811351016","158.8166557342558","4","172.0412569350815","0",,"5.067750428289413","5.147734313951863",
"cabbage","full_2005_2012","1987","4","52.64155792969676","164.04414163125955","4","177.7040335511298","0",,"5.100135547896311","5.180119433558763",
"cabbage","full_2005_2012","1988","4","65.56539503650525","180.8626544271571","4","195.92301737123086","0",,"5.1977379279001825","5.277721813562633",
"cabbage","full_2005_2012","1989","4","63.88068055651058","166.04272836311958","4","179.86904182342533","0",,"5.112245155012733","5.192229040675183",
"cabbage","full_2005_2012","1990","4","87.0281959460265","201.46220794383646","4","218.23788770347764","0",,"5.305601810167754","5.385585695830204",
"cabbage","full_2005_2012","1991","4","54.880151142840376","117.05101139998064","4","126.79780362880204","0",,"4.762609834651239","4.8425937203136895",
"cabbage","full_2005_2012","1992","4","57.25721403927122","116.8669001441177","4","126.59836150021599","0",,"4.761035681627505","4.8410195672899565",
"cabbage","full_2005_2012","1993","4","59.33425928857973","122.44874991193527","4","132.64500972888158","0",,"4.807692574378611","4.887676460041062",
"cabbage","full_2005_2012","1994","4","92.47467015532438","175.718493136832","4","190.35050376947623","0",,"5.168883243705638","5.248867129368089",
"cabbage","full_2005_2012","1995","4","75.55829051373397","129.9589707525893","4","140.78060374018065","0",,"4.867218791044925","4.947202676707376",
"cabbage","full_2005_2012","1996","4","73.13507105620738","119.9832490416883","4","129.9742075593561","0",,"4.787352141719007","4.867336027381458",
"cabbage","full_2005_2012","1997","4","77.21992671318077","130.13800596653155","4","140.97454714680802","0",,"4.868595471731314","4.948579357393765",
"cabbage","full_2005_2012","1998","4","107.61402219472862","181.9710567179539","4","197.1237158900152","0",,"5.203847645408108","5.283831531070559",
"cabbage","full_2005_2012","1999","4","144.65466247406368","231.09308961769338","4","250.3361213786341","0",,"5.442820614702982","5.522804500365433",
"cabbage","full_2005_2012","2000","4","115.66834210593605","175.61026782545247","4","190.2332665784786","0",,"5.168267152301642","5.248251037964093",
"cabbage","full_2005_2012","2001","4","78.97387603481907","115.57084390822847","4","125.19438316526077","0",,"4.749883709099899","4.82986759476235",
"cabbage","full_2005_2012","2002","4","104.61384572350522","148.90475782638117","4","161.30399914055698","0",,"5.003306892345228","5.0832907780076795",
"cabbage","full_2005_2012","2003","4","194.45759189637215","259.5318790651597","4","281.1429977710005","0",,"5.558879543096039","5.63886342875849",
"cabbage","full_2005_2012","2004","4","125.29198509439881","162.50357030581418","4","176.03517945013894","0",,"5.090699972641134","5.170683858303584",
"cabbage","full_2005_2012","2005","4","77.675","109.17877164054775","4","118.52510064381421","4","109.17877164054775","4.692986645516807","4.7751247579235665","4.692986645516807"
"cabbage","full_2005_2012","2006","4","76.8","108.28712446690693","4","117.62901861998736","4","108.28712446690693","4.684786259283725","4.7675357619977135","4.684786259283725"
"cabbage","full_2005_2012","2007","4","92.775","128.8938157591917","4","139.90432124940173","4","128.8938157591917","4.858988931751473","4.940958769324513","4.858988931751473"
"cabbage","full_2005_2012","2008","4","71.175","98.88769662944131","4","107.36281992091187","4","98.88769662944131","4.593984828761074","4.676213938907783","4.593984828761074"
"cabbage","full_2005_2012","2009","4","49.65","69.34792781130618","4","75.24954522823528","4","69.34792781130618","4.239136266160219","4.3208098601321225","4.239136266160219"
"cabbage","full_2005_2012","2010","4","67.375","87.96838185723462","4","95.55847295709118","4","87.96838185723462","4.476977452838667","4.559738342391578","4.476977452838667"
"cabbage","full_2005_2012","2011","4","81.4","99.37854622875099","4","108.31934393676475","4","99.37854622875099","4.598936257658555","4.685083752431856","4.598936257658555"
"cabbage","full_2005_2012","2012","4","80.075","91.2374640033378","4","96.60876311629566","4","91.2374640033378","4.513465602239657","4.570669452593674","4.513465602239657"
"cabbage","full_2005_2012","2013","4","77.6","89.90157560460585","0",,"4","89.90157560460585","4.498715467515382",,"4.498715467515382"
"cabbage","full_2005_2012","2014","4","52.6","62.607911452352184","0",,"4","62.607911452352184","4.136891651148634",,"4.136891651148634"
"cabbage","full_2005_2012","2015","4","59.95","70.48393704676133","0",,"4","70.48393704676133","4.2553848405496435",,"4.2553848405496435"
"cabbage","full_2005_2012","2016","4","81.875","94.98507256369724","0",,"4","94.98507256369724","4.553719748345737",,"4.553719748345737"
"cabbage","full_2005_2012","2017","4","71.25","77.52000896214412","0",,"4","77.52000896214412","4.350536083193238",,"4.350536083193238"
"cabbage","full_2005_2012","2018","4","67.075","72.50834037380496","0",,"4","72.50834037380496","4.283701594882766",,"4.283701594882766"
"cabbage","full_2005_2012","2019","4","49.474999999999994","54.03623650426889","0",,"4","54.03623650426889","3.9896548678886794",,"3.9896548678886794"
"cabbage","full_2005_2012","2020","4","100.025","100.10151326822036","0",,"4","100.10151326822036","4.606184803771544",,"4.606184803771544"
"cabbage","full_2005_2012","2021","4","52.55","46.56921595583826","0",,"4","46.56921595583826","3.840939721032039",,"3.840939721032039"
"cabbage","full_2005_2012","2022","4","81.2","74.41011521557654","0",,"4","74.41011521557654","4.309591889796313",,"4.309591889796313"
"cabbage","full_2005_2012","2023","4","84.75","76.98847233064583","0",,"4","76.98847233064583","4.343655700654412",,"4.343655700654412"
"cabbage","full_2005_2012","2024","4","98.25","84.45009995375942","0",,"4","84.45009995375942","4.436160826838182",,"4.436160826838182"
"cabbage","late_2010_2012","1980","4","45.838331478135956","210.81884624799318","4","227.54454801860547","0",,"5.350999216124435","5.427346034688057",
"cabbage","late_2010_2012","1981","4","44.51807635218661","151.8511432939283","4","163.89853365519178","0",,"5.022900720564029","5.099247539127651",
"cabbage","late_2010_2012","1982","4","35.878512106939155","116.97860357927186","4","126.25931672153065","0",,"4.761991042683174","4.838337861246797",
"cabbage","late_2010_2012","1983","4","37.1987672328885","118.91625812198741","4","128.3506986590817","0",,"4.7784195321285186","4.854766350692141",
"cabbage","late_2010_2012","1984","4","58.0449008005097","186.9882620995235","4","201.8233205496714","0",,"5.231045845363233","5.307392663926855",
"cabbage","late_2010_2012","1985","4","34.743555946035336","108.17260153961442","4","116.75467427790545","0",,"4.683728113825528","4.76007493238915",
"cabbage","late_2010_2012","1986","4","49.5211484084157","159.3953342760065","4","172.0412569350815","0",,"5.071387495388242","5.147734313951863",
"cabbage","late_2010_2012","1987","4","52.8333674086044","164.64186750719517","4","177.7040335511298","0",,"5.10377261499514","5.180119433558763",
"cabbage","late_2010_2012","1988","4","65.80429496179093","181.52166173742432","4","195.92301737123086","0",,"5.201374994999011","5.277721813562633",
"cabbage","late_2010_2012","1989","4","64.11344190575053","166.6477364680519","4","179.86904182342533","0",,"5.115882222111561","5.192229040675183",
"cabbage","late_2010_2012","1990","4","87.34529964833283","202.19627362587607","4","218.23788770347764","0",,"5.309238877266583","5.385585695830204",
"cabbage","late_2010_2012","1991","4","55.080117359781354","117.47750891231162","4","126.79780362880204","0",,"4.766246901750068","4.8425937203136895",
"cabbage","late_2010_2012","1992","4","57.465841534742445","117.29272681224427","4","126.59836150021599","0",,"4.764672748726334","4.8410195672899565",
"cabbage","late_2010_2012","1993","4","59.550454891504565","122.8949151060746","4","132.64500972888158","0",,"4.81132964147744","4.887676460041062",
"cabbage","late_2010_2012","1994","4","92.81161911717572","176.3587567218882","4","190.35050376947623","0",,"5.172520310804467","5.248867129368089",
"cabbage","late_2010_2012","1995","4","75.83360144487979","130.43250085769594","4","140.78060374018065","0",,"4.870855858143754","4.947202676707376",
"cabbage","late_2010_2012","1996","4","73.40155252865732","120.42043071680261","4","129.9742075593561","0",,"4.790989208817836","4.867336027381458",
"cabbage","late_2010_2012","1997","4","77.50129213028949","130.6121884203232","4","140.97454714680802","0",,"4.872232538830143","4.948579357393765",
"cabbage","late_2010_2012","1998","4","108.00613425090852","182.63410270173648","4","197.1237158900152","0",,"5.207484712506937","5.283831531070559",
"cabbage","late_2010_2012","1999","4","145.18173911316632","231.9351210248551","4","250.3361213786341","0",,"5.446457681801811","5.522804500365433",
"cabbage","late_2010_2012","2000","4","116.08980160101939","176.2501370711047","4","190.2332665784786","0",,"5.171904219400471","5.248251037964093",
"cabbage","late_2010_2012","2001","4","79.26163229822194","115.9919481501766","4","125.19438316526077","0",,"4.753520776198728","4.82986759476235",
"cabbage","late_2010_2012","2002","4","104.99502606891879","149.44732049224473","4","161.30399914055698","0",,"5.006943959444057","5.0832907780076795",
"cabbage","late_2010_2012","2003","4","195.16613493419584","260.4775325838092","4","281.1429977710005","0",,"5.5625166101948675","5.63886342875849",
"cabbage","late_2010_2012","2004","4","125.74851015401723","163.09568281856727","4","176.03517945013894","0",,"5.094337039739963","5.170683858303584",
"cabbage","late_2010_2012","2005","4","77.675","109.17877164054775","4","118.52510064381421","4","109.17877164054775","4.692986645516807","4.7751247579235665","4.692986645516807"
"cabbage","late_2010_2012","2006","4","76.8","108.28712446690693","4","117.62901861998736","4","108.28712446690693","4.684786259283725","4.7675357619977135","4.684786259283725"
"cabbage","late_2010_2012","2007","4","92.775","128.8938157591917","4","139.90432124940173","4","128.8938157591917","4.858988931751473","4.940958769324513","4.858988931751473"
"cabbage","late_2010_2012","2008","4","71.175","98.88769662944131","4","107.36281992091187","4","98.88769662944131","4.593984828761074","4.676213938907783","4.593984828761074"
"cabbage","late_2010_2012","2009","4","49.65","69.34792781130618","4","75.24954522823528","4","69.34792781130618","4.239136266160219","4.3208098601321225","4.239136266160219"
"cabbage","late_2010_2012","2010","4","67.375","87.96838185723462","4","95.55847295709118","4","87.96838185723462","4.476977452838667","4.559738342391578","4.476977452838667"
"cabbage","late_2010_2012","2011","4","81.4","99.37854622875099","4","108.31934393676475","4","99.37854622875099","4.598936257658555","4.685083752431856","4.598936257658555"
"cabbage","late_2010_2012","2012","4","80.075","91.2374640033378","4","96.60876311629566","4","91.2374640033378","4.513465602239657","4.570669452593674","4.513465602239657"
"cabbage","late_2010_2012","2013","4","77.6","89.90157560460585","0",,"4","89.90157560460585","4.498715467515382",,"4.498715467515382"
"cabbage","late_2010_2012","2014","4","52.6","62.607911452352184","0",,"4","62.607911452352184","4.136891651148634",,"4.136891651148634"
"cabbage","late_2010_2012","2015","4","59.95","70.48393704676133","0",,"4","70.48393704676133","4.2553848405496435",,"4.2553848405496435"
"cabbage","late_2010_2012","2016","4","81.875","94.98507256369724","0",,"4","94.98507256369724","4.553719748345737",,"4.553719748345737"
"cabbage","late_2010_2012","2017","4","71.25","77.52000896214412","0",,"4","77.52000896214412","4.350536083193238",,"4.350536083193238"
"cabbage","late_2010_2012","2018","4","67.075","72.50834037380496","0",,"4","72.50834037380496","4.283701594882766",,"4.283701594882766"
"cabbage","late_2010_2012","2019","4","49.474999999999994","54.03623650426889","0",,"4","54.03623650426889","3.9896548678886794",,"3.9896548678886794"
"cabbage","late_2010_2012","2020","4","100.025","100.10151326822036","0",,"4","100.10151326822036","4.606184803771544",,"4.606184803771544"
"cabbage","late_2010_2012","2021","4","52.55","46.56921595583826","0",,"4","46.56921595583826","3.840939721032039",,"3.840939721032039"
"cabbage","late_2010_2012","2022","4","81.2","74.41011521557654","0",,"4","74.41011521557654","4.309591889796313",,"4.309591889796313"
"cabbage","late_2010_2012","2023","4","84.75","76.98847233064583","0",,"4","76.98847233064583","4.343655700654412",,"4.343655700654412"
"cabbage","late_2010_2012","2024","4","98.25","84.45009995375942","0",,"4","84.45009995375942","4.436160826838182",,"4.436160826838182"
"carrot","early_2005_2006","1980","4","22.69578020416985","102.31605415243979","4","242.20053066648435","0",,"4.6280665927314395","5.489766022142539",
"carrot","early_2005_2006","1981","4","28.176985381444933","95.56300115223584","4","226.21483776797365","0",,"4.55978572791083","5.4214851573219285",
"carrot","early_2005_2006","1982","4","24.73407037606598","80.66787873758983","4","190.95539991089436","0",,"4.390340463048294","5.2520398924593925",
"carrot","early_2005_2006","1983","4","19.453525889288443","63.355237974342806","4","149.973260648083","0",,"4.148757586448423","5.010457015859522",
"carrot","early_2005_2006","1984","4","27.13143757306298","87.41925364818113","4","206.93712046901277","0",,"4.470715551857899","5.332414981268998",
"carrot","early_2005_2006","1985","4","28.916261609593786","89.93458526354976","4","212.89136349657133","0",,"4.499082575655983","5.360782005067082",
"carrot","early_2005_2006","1986","4","33.36248006746047","107.66594540384038","4","254.864686949981","0",,"4.67903333549657","5.540732764907669",
"carrot","early_2005_2006","1987","4","39.002101579338884","122.03447168518258","4","288.87757690224095","0",,"4.804303559618746","5.666002989029845",
"carrot","early_2005_2006","1988","4","39.80474434132907","109.10536005983019","4","258.27204072664665","0",,"4.692314021419825","5.554013450830923",
"carrot","early_2005_2006","1989","4","38.06216466069248","99.44505989708142","4","235.40437010352696","0",,"4.599605329828683","5.461304759239782",
"carrot","early_2005_2006","1990","4","49.95395084491549","115.62317586448533","4","273.70088480933487","0",,"4.7503364194009885","5.612035848812087",
"carrot","early_2005_2006","1991","4","52.8899335795638","112.79299836975254","4","267.0013448712197","0",,"4.725554265947325","5.587253695358425",
"carrot","early_2005_2006","1992","4","55.09720117503681","112.40793005604698","4","266.08981880920624","0",,"4.722134487070971","5.583833916482069",
"carrot","early_2005_2006","1993","4","48.0001493848078","99.11537522893607","4","234.6239471069712","0",,"4.5962845779286425","5.457984007339742",
"carrot","early_2005_2006","1994","4","54.833173950697926","104.76602449992706","4","248.00005179925287","0",,"4.651729525621817","5.513428955032915",
"carrot","early_2005_2006","1995","4","53.49191565105644","92.07021475676704","4","217.9467832041528","0",,"4.522551489834962","5.384250919246061",
"carrot","early_2005_2006","1996","4","57.91701193097602","94.99479104451204","4","224.86978208965633","0",,"4.553822058986861","5.41552148839796",
"carrot","early_2005_2006","1997","4","58.03318390968512","97.80506941025838","4","231.5222172049727","0",,"4.582976410158132","5.444675839569231",
"carrot","early_2005_2006","1998","4","66.19690568624318","112.12281134095535","4","265.414891451323","0",,"4.719594800375339","5.581294229786438",
"carrot","early_2005_2006","1999","4","51.07342627611233","81.54331000773938","4","193.02770342131276","0",,"4.401134290235828","5.2628337196469275",
"carrot","early_2005_2006","2000","4","92.82141098857552","142.33572625199497","4","336.93430338576616","0",,"4.9581885364941","5.819887965905199",
"carrot","early_2005_2006","2001","4","81.3098240074005","118.79205887097947","4","281.2022017057956","0",,"4.777374560173976","5.639073989585074",
"carrot","early_2005_2006","2002","4","81.74282865531626","116.21000539878582","4","275.09001602433057","0",,"4.755398945691935","5.6170983751030334",
"carrot","early_2005_2006","2003","4","110.20496343904718","146.87344856064271","4","347.675909483419","0",,"4.989571321851266","5.851270751262365",
"carrot","early_2005_2006","2004","4","63.218678595700666","83.09661120664815","4","196.70464715978093","0",,"4.420003921326496","5.281703350737595",
"carrot","early_2005_2006","2005","4","43","59.54272270998133","4","140.96212455618974","4","59.54272270998133","4.086694083631461","4.948491234124441","4.086694083631461"
"carrot","early_2005_2006","2006","4","57.425","81.4149117658416","4","192.71006742123822","4","81.4149117658416","4.399558447457586","5.261186818068302","4.399558447457586"
"carrot","early_2005_2006","2007","4","46.625","64.8794268524065","4","153.61962735807145","4","64.8794268524065","4.1725305758039966","5.0344795948292225","4.1725305758039966"
"carrot","early_2005_2006","2008","4","49.75","69.4764515463443","4","164.4748259440988","4","69.4764515463443","4.240987868484715","5.102757524720088","4.240987868484715"
"carrot","early_2005_2006","2009","4","56.4","78.94876240313913","4","186.94346745337344","4","78.94876240313913","4.368799064874405","5.23080625806521","4.368799064874405"
"carrot","early_2005_2006","2010","4","58.925","77.16516000514453","4","182.89470046497433","4","77.16516000514453","4.345948059896223","5.208910579935889","4.345948059896223"
"carrot","early_2005_2006","2011","4","80.55","98.23909614843387","4","225.4926411842673","4","98.23909614843387","4.587404263913042","5.4182875250810625","4.587404263913042"
"carrot","early_2005_2006","2012","4","83.025","94.36024643905311","4","238.25106880259466","4","94.36024643905311","4.547119866225902","5.473325028579211","4.547119866225902"
"carrot","early_2005_2006","2013","4","100.05","115.82112429572406","0",,"4","115.82112429572406","4.752046969018048",,"4.752046969018048"
"carrot","early_2005_2006","2014","4","73.675","88.07965932587888","0",,"4","88.07965932587888","4.478241624626278",,"4.478241624626278"
"carrot","early_2005_2006","2015","4","54.8","64.51492722436743","0",,"4","64.51492722436743","4.166896626861128",,"4.166896626861128"
"carrot","early_2005_2006","2016","4","83.575","96.75210344089811","0",,"4","96.75210344089811","4.572152072664754",,"4.572152072664754"
"carrot","early_2005_2006","2017","4","79.5","86.00088524236281","0",,"4","86.00088524236281","4.454357589716377",,"4.454357589716377"
"carrot","early_2005_2006","2018","4","91.75","99.56714110271422","0",,"4","99.56714110271422","4.600832201551449",,"4.600832201551449"
"carrot","early_2005_2006","2019","4","73.475","80.17724419717693","0",,"4","80.17724419717693","4.384239736421359",,"4.384239736421359"
"carrot","early_2005_2006","2020","4","99.975","99.63234371890293","0",,"4","99.63234371890293","4.60148684800875",,"4.60148684800875"
"carrot","early_2005_2006","2021","4","64.35","57.12271041468502","0",,"4","57.12271041468502","4.045201768143038",,"4.045201768143038"
"carrot","early_2005_2006","2022","4","91.6","84.11713309423939","0",,"4","84.11713309423939","4.432210269110588",,"4.432210269110588"
"carrot","early_2005_2006","2023","4","123.975","112.91879231723001","0",,"4","112.91879231723001","4.726668908298253",,"4.726668908298253"
"carrot","early_2005_2006","2024","4","167.5","144.5894635043238","0",,"4","144.5894635043238","4.97389844057132",,"4.97389844057132"
"carrot","full_2005_2012","1980","4","22.589604700227394","101.83739871458695","4","242.20053066648435","0",,"4.623377411057519","5.489766022142539",
"carrot","full_2005_2012","1981","4","28.04516767808594","95.11593787816834","4","226.21483776797365","0",,"4.55509654623691","5.4214851573219285",
"carrot","full_2005_2012","1982","4","24.61835933361217","80.29049789410779","4","190.95539991089436","0",,"4.385651281374374","5.2520398924593925",
"carrot","full_2005_2012","1983","4","19.362518314480624","63.05884920696815","4","149.973260648083","0",,"4.144068404774503","5.010457015859522",
"carrot","full_2005_2012","1984","4","27.00451115629789","87.0102884913603","4","206.93712046901277","0",,"4.466026370183979","5.332414981268998",
"carrot","full_2005_2012","1985","4","28.780985420764353","89.51385287072992","4","212.89136349657133","0",,"4.494393393982063","5.360782005067082",
"carrot","full_2005_2012","1986","4","33.20640355887312","107.16226207998648","4","254.864686949981","0",,"4.67434415382265","5.540732764907669",
"carrot","full_2005_2012","1987","4","38.81964176730561","121.46356945521009","4","288.87757690224095","0",,"4.799614377944827","5.666002989029845",
"carrot","full_2005_2012","1988","4","39.61852960221361","108.59494285967385","4","258.27204072664665","0",,"4.687624839745904","5.554013450830923",
"carrot","full_2005_2012","1989","4","37.884102065900194","98.97983555783529","4","235.40437010352696","0",,"4.594916148154764","5.461304759239782",
"carrot","full_2005_2012","1990","4","49.720256040984445","115.08226698828008","4","273.70088480933487","0",,"4.745647237727068","5.612035848812087",
"carrot","full_2005_2012","1991","4","52.64250364762159","112.26532964299562","4","267.0013448712197","0",,"4.720865084273405","5.587253695358425",
"carrot","full_2005_2012","1992","4","54.839445193618566","111.88206275765657","4","266.08981880920624","0",,"4.71744530539705","5.583833916482069",
"carrot","full_2005_2012","1993","4","47.775594863905766","98.65169322202959","4","234.6239471069712","0",,"4.591595396254722","5.457984007339742",
"carrot","full_2005_2012","1994","4","54.57665314266199","104.27590759946096","4","248.00005179925287","0",,"4.6470403439478964","5.513428955032915",
"carrot","full_2005_2012","1995","4","53.241669523802585","91.63949145217256","4","217.9467832041528","0",,"4.5178623081610425","5.384250919246061",
"carrot","full_2005_2012","1996","4","57.64606429783481","94.55038597359906","4","224.86978208965633","0",,"4.549132877312941","5.41552148839796",
"carrot","full_2005_2012","1997","4","57.76169280025571","97.34751728209434","4","231.5222172049727","0",,"4.5782872284842115","5.444675839569231",
"carrot","full_2005_2012","1998","4","65.88722301583309","111.59827788625685","4","265.414891451323","0",,"4.714905618701419","5.581294229786438",
"carrot","full_2005_2012","1999","4","50.834494337040326","81.16183371763955","4","193.02770342131276","0",,"4.396445108561908","5.2628337196469275",
"carrot","full_2005_2012","2000","4","92.38717343429434","141.66985059899386","4","336.93430338576616","0",,"4.953499354820179","5.819887965905199",
"carrot","full_2005_2012","2001","4","80.92944001258758","118.23632531163389","4","281.2022017057956","0",,"4.772685378500055","5.639073989585074",
"carrot","full_2005_2012","2002","4","81.36041897615635","115.66635121393851","4","275.09001602433057","0",,"4.750709764018015","5.6170983751030334",
"carrot","full_2005_2012","2003","4","109.6894020692754","146.18634451414567","4","347.675909483419","0",,"4.984882140177346","5.851270751262365",
"carrot","full_2005_2012","2004","4","62.92292868104289","82.70786825569397","4","196.70464715978093","0",,"4.415314739652576","5.281703350737595",
"carrot","full_2005_2012","2005","4","43","59.54272270998133","4","140.96212455618974","4","59.54272270998133","4.086694083631461","4.948491234124441","4.086694083631461"
"carrot","full_2005_2012","2006","4","57.425","81.4149117658416","4","192.71006742123822","4","81.4149117658416","4.399558447457586","5.261186818068302","4.399558447457586"
"carrot","full_2005_2012","2007","4","46.625","64.8794268524065","4","153.61962735807145","4","64.8794268524065","4.1725305758039966","5.0344795948292225","4.1725305758039966"
"carrot","full_2005_2012","2008","4","49.75","69.4764515463443","4","164.4748259440988","4","69.4764515463443","4.240987868484715","5.102757524720088","4.240987868484715"
"carrot","full_2005_2012","2009","4","56.4","78.94876240313913","4","186.94346745337344","4","78.94876240313913","4.368799064874405","5.23080625806521","4.368799064874405"
"carrot","full_2005_2012","2010","4","58.925","77.16516000514453","4","182.89470046497433","4","77.16516000514453","4.345948059896223","5.208910579935889","4.345948059896223"
"carrot","full_2005_2012","2011","4","80.55","98.23909614843387","4","225.4926411842673","4","98.23909614843387","4.587404263913042","5.4182875250810625","4.587404263913042"
"carrot","full_2005_2012","2012","4","83.025","94.36024643905311","4","238.25106880259466","4","94.36024643905311","4.547119866225902","5.473325028579211","4.547119866225902"
"carrot","full_2005_2012","2013","4","100.05","115.82112429572406","0",,"4","115.82112429572406","4.752046969018048",,"4.752046969018048"
"carrot","full_2005_2012","2014","4","73.675","88.07965932587888","0",,"4","88.07965932587888","4.478241624626278",,"4.478241624626278"
"carrot","full_2005_2012","2015","4","54.8","64.51492722436743","0",,"4","64.51492722436743","4.166896626861128",,"4.166896626861128"
"carrot","full_2005_2012","2016","4","83.575","96.75210344089811","0",,"4","96.75210344089811","4.572152072664754",,"4.572152072664754"
"carrot","full_2005_2012","2017","4","79.5","86.00088524236281","0",,"4","86.00088524236281","4.454357589716377",,"4.454357589716377"
"carrot","full_2005_2012","2018","4","91.75","99.56714110271422","0",,"4","99.56714110271422","4.600832201551449",,"4.600832201551449"
"carrot","full_2005_2012","2019","4","73.475","80.17724419717693","0",,"4","80.17724419717693","4.384239736421359",,"4.384239736421359"
"carrot","full_2005_2012","2020","4","99.975","99.63234371890293","0",,"4","99.63234371890293","4.60148684800875",,"4.60148684800875"
"carrot","full_2005_2012","2021","4","64.35","57.12271041468502","0",,"4","57.12271041468502","4.045201768143038",,"4.045201768143038"
"carrot","full_2005_2012","2022","4","91.6","84.11713309423939","0",,"4","84.11713309423939","4.432210269110588",,"4.432210269110588"
"carrot","full_2005_2012","2023","4","123.975","112.91879231723001","0",,"4","112.91879231723001","4.726668908298253",,"4.726668908298253"
"carrot","full_2005_2012","2024","4","167.5","144.5894635043238","0",,"4","144.5894635043238","4.97389844057132",,"4.97389844057132"
"carrot","late_2010_2012","1980","4","22.418251940105257","101.06491422072472","4","242.20053066648435","0",,"4.615763025445073","5.489766022142539",
"carrot","late_2010_2012","1981","4","27.83243191074957","94.39443882126517","4","226.21483776797365","0",,"4.5474821606244635","5.4214851573219285",
"carrot","late_2010_2012","1982","4","24.43161751685738","79.68145676176795","4","190.95539991089436","0",,"4.378036895761928","5.2520398924593925",
"carrot","late_2010_2012","1983","4","19.21564452009022","62.58051822220192","4","149.973260648083","0",,"4.1364540191620565","5.010457015859522",
"carrot","late_2010_2012","1984","4","26.79966925738967","86.35027459160986","4","206.93712046901277","0",,"4.458411984571533","5.332414981268998",
"carrot","late_2010_2012","1985","4","28.56266813029697","88.83484825944463","4","212.89136349657133","0",,"4.486779008369616","5.360782005067082",
"carrot","late_2010_2012","1986","4","32.95451739357492","106.34938599684932","4","254.864686949981","0",,"4.666729768210203","5.540732764907669",
"carrot","late_2010_2012","1987","4","38.52517655412225","120.5422112394894","4","288.87757690224095","0",,"4.79199999233238","5.666002989029845",
"carrot","late_2010_2012","1988","4","39.318004449630855","107.77119922001097","4","258.27204072664665","0",,"4.680010454133458","5.554013450830923",
"carrot","late_2010_2012","1989","4","37.59673336069769","98.22902702247833","4","235.40437010352696","0",,"4.587301762542317","5.461304759239782",
"carrot","late_2010_2012","1990","4","49.34310454941734","114.20931394854158","4","273.70088480933487","0",,"4.738032852114622","5.612035848812087",
"carrot","late_2010_2012","1991","4","52.24318553561988","111.41374439590383","4","267.0013448712197","0",,"4.713250698660959","5.587253695358425",
"carrot","late_2010_2012","1992","4","54.42346224826855","111.03338476987888","4","266.08981880920624","0",,"4.709830919784604","5.583833916482069",
"carrot","late_2010_2012","1993","4","47.41319454061349","97.90337380039107","4","234.6239471069712","0",,"4.583981010642276","5.457984007339742",
"carrot","late_2010_2012","1994","4","54.16266359843019","103.4849258705408","4","248.00005179925287","0",,"4.63942595833545","5.513428955032915",
"carrot","late_2010_2012","1995","4","52.83780645725133","90.94436287401021","4","217.9467832041528","0",,"4.510247922548596","5.384250919246061",
"carrot","late_2010_2012","1996","4","57.20879182854222","93.83317689348505","4","224.86978208965633","0",,"4.5415184917004945","5.41552148839796",
"carrot","late_2010_2012","1997","4","57.323543234471096","96.60909064742391","4","231.5222172049727","0",,"4.570672842871765","5.444675839569231",
"carrot","late_2010_2012","1998","4","65.38743748747312","110.75175253999903","4","265.414891451323","0",,"4.707291233088973","5.581294229786438",
"carrot","late_2010_2012","1999","4","50.448890824731976","80.54618309388378","4","193.02770342131276","0",,"4.388830722949462","5.2628337196469275",
"carrot","late_2010_2012","2000","4","91.68637333717315","140.59521825157682","4","336.93430338576616","0",,"4.945884969207733","5.819887965905199",
"carrot","late_2010_2012","2001","4","80.31555220422074","117.33944725831216","4","281.2022017057956","0",,"4.765070992887609","5.639073989585074",
"carrot","late_2010_2012","2002","4","80.74326198995564","114.7889676210523","4","275.09001602433057","0",,"4.7430953784055685","5.6170983751030334",
"carrot","late_2010_2012","2003","4","108.85735644253063","145.07745243935815","4","347.675909483419","0",,"4.9772677545649","5.851270751262365",
"carrot","late_2010_2012","2004","4","62.445628717296444","82.08049023392236","4","196.70464715978093","0",,"4.40770035404013","5.281703350737595",
"carrot","late_2010_2012","2005","4","43","59.54272270998133","4","140.96212455618974","4","59.54272270998133","4.086694083631461","4.948491234124441","4.086694083631461"
"carrot","late_2010_2012","2006","4","57.425","81.4149117658416","4","192.71006742123822","4","81.4149117658416","4.399558447457586","5.261186818068302","4.399558447457586"
"carrot","late_2010_2012","2007","4","46.625","64.8794268524065","4","153.61962735807145","4","64.8794268524065","4.1725305758039966","5.0344795948292225","4.1725305758039966"
"carrot","late_2010_2012","2008","4","49.75","69.4764515463443","4","164.4748259440988","4","69.4764515463443","4.240987868484715","5.102757524720088","4.240987868484715"
"carrot","late_2010_2012","2009","4","56.4","78.94876240313913","4","186.94346745337344","4","78.94876240313913","4.368799064874405","5.23080625806521","4.368799064874405"
"carrot","late_2010_2012","2010","4","58.925","77.16516000514453","4","182.89470046497433","4","77.16516000514453","4.345948059896223","5.208910579935889","4.345948059896223"
"carrot","late_2010_2012","2011","4","80.55","98.23909614843387","4","225.4926411842673","4","98.23909614843387","4.587404263913042","5.4182875250810625","4.587404263913042"
"carrot","late_2010_2012","2012","4","83.025","94.36024643905311","4","238.25106880259466","4","94.36024643905311","4.547119866225902","5.473325028579211","4.547119866225902"
"carrot","late_2010_2012","2013","4","100.05","115.82112429572406","0",,"4","115.82112429572406","4.752046969018048",,"4.752046969018048"
"carrot","late_2010_2012","2014","4","73.675","88.07965932587888","0",,"4","88.07965932587888","4.478241624626278",,"4.478241624626278"
"carrot","late_2010_2012","2015","4","54.8","64.51492722436743","0",,"4","64.51492722436743","4.166896626861128",,"4.166896626861128"
"carrot","late_2010_2012","2016","4","83.575","96.75210344089811","0",,"4","96.75210344089811","4.572152072664754",,"4.572152072664754"
"carrot","late_2010_2012","2017","4","79.5","86.00088524236281","0",,"4","86.00088524236281","4.454357589716377",,"4.454357589716377"
"carrot","late_2010_2012","2018","4","91.75","99.56714110271422","0",,"4","99.56714110271422","4.600832201551449",,"4.600832201551449"
"carrot","late_2010_2012","2019","4","73.475","80.17724419717693","0",,"4","80.17724419717693","4.384239736421359",,"4.384239736421359"
"carrot","late_2010_2012","2020","4","99.975","99.63234371890293","0",,"4","99.63234371890293","4.60148684800875",,"4.60148684800875"
"carrot","late_2010_2012","2021","4","64.35","57.12271041468502","0",,"4","57.12271041468502","4.045201768143038",,"4.045201768143038"
"carrot","late_2010_2012","2022","4","91.6","84.11713309423939","0",,"4","84.11713309423939","4.432210269110588",,"4.432210269110588"
"carrot","late_2010_2012","2023","4","123.975","112.91879231723001","0",,"4","112.91879231723001","4.726668908298253",,"4.726668908298253"
"carrot","late_2010_2012","2024","4","167.5","144.5894635043238","0",,"4","144.5894635043238","4.97389844057132",,"4.97389844057132"
"corn","early_2005_2006","1980","4","31.779149999999998","141.79790765527574","4","126.8317599778853","0",,"4.9544028583846185","4.842861483651712",
"corn","early_2005_2006","1981","4","43.154799999999994","148.39241246634106","4","132.73024370871295","0",,"4.99986020049314","4.888318825760233",
"corn","early_2005_2006","1982","4","39.409499999999994","127.55172224537347","4","114.08919699943962","0",,"4.84852194700841","4.736980572275503",
"corn","early_2005_2006","1983","4","42.76349999999999","136.04023382501273","4","121.68178338552124","0",,"4.912950678933553","4.8014093042006465",
"corn","early_2005_2006","1984","4","54.27889999999999","174.52797520969233","4","156.10731235213984","0",,"5.1620850451811044","5.050543670448198",
"corn","early_2005_2006","1985","4","56.09564999999999","173.90762816684855","4","155.55244022079478","0",,"5.1585242856474585","5.046982910914551",
"corn","early_2005_2006","1986","4","56.458999999999996","182.1678955984175","4","162.94087262828043","0",,"5.204928765120152","5.093387390387244",
"corn","early_2005_2006","1987","4","58.1919","182.88391119684894","4","163.58131591846956","0",,"5.208851586502241","5.097310211769334",
"corn","early_2005_2006","1988","4","54.80994999999999","150.5270254200961","4","134.6395576208373","0",,"5.014142638965655","4.9026012642327474",
"corn","early_2005_2006","1989","4","55.28509999999999","144.17174956217718","4","128.95505327565047","0",,"4.971005294160994","4.859463919428086",
"corn","early_2005_2006","1990","4","51.23235","119.68066181441037","4","107.04889249947261","0",,"4.784827044077274","4.673285669344367",
"corn","early_2005_2006","1991","4","50.114349999999995","106.87762829685528","4","95.59716305622119","0",,"4.671684519205817","4.56014314447291",
"corn","early_2005_2006","1992","4","50.309999999999995","102.6604616364135","4","91.82509985367935","0",,"4.631427053872617","4.519885679139709",
"corn","early_2005_2006","1993","4","50.0864","103.41008822399247","4","92.49560664042262","0",,"4.638702522344111","4.527161147611205",
"corn","early_2005_2006","1994","4","52.74164999999999","100.76786664682072","4","90.13225997032265","0",,"4.612819521549414","4.501278146816507",
"corn","early_2005_2006","1995","4","79.09849999999999","136.0388244649315","4","121.68052277721961","0",,"4.91294031900295","4.801398944270043",
"corn","early_2005_2006","1996","4","88.5456","145.2600073860537","4","129.928450255862","0",,"4.978525291025148","4.866983916292241",
"corn","early_2005_2006","1997","4","92.0114","155.05256470354158","4","138.6874460675685","0",,"5.043764186548265","4.932222811815358",
"corn","early_2005_2006","1998","4","93.88404999999999","159.60553492121147","4","142.75987023364178","0",,"5.072705364371838","4.961163989638931",
"corn","early_2005_2006","1999","4","98.7194","157.03179974836337","4","140.45778152805312","0",,"5.056448331006522","4.9449069562736145",
"corn","early_2005_2006","2000","4","103.8063","158.69517400837947","4","141.9455939252053","0",,"5.066985217544965","4.955443842812058",
"corn","early_2005_2006","2001","4","109.31244999999998","160.62703574568","4","143.6735561231485","0",,"5.0790851294722374","4.96754375473933",
"corn","early_2005_2006","2002","4","111.79999999999998","158.7590223183585","4","142.00270332590208","0",,"5.06738746965931","4.955846094926402",
"corn","early_2005_2006","2003","4","111.79999999999998","149.49925373711363","4","133.72026273444868","0",,"5.00729140109329","4.895750026360383",
"corn","early_2005_2006","2004","4","111.79999999999998","147.1561035988355","4","131.62442182364538","0",,"4.9914939525745154","4.879952577841608",
"corn","early_2005_2006","2005","4","111.8","155.2281690238723","4","138.8445161215316","4","155.2281690238723","5.0448960927222","4.933354717989293","5.0448960927222"
"corn","early_2005_2006","2006","4","111.8","158.111290869992","4","141.42333709301607","4","158.111290869992","5.063299157667904","4.951757782934997","5.063299157667904"
"corn","early_2005_2006","2007","4","113.2","157.13585073778367","4","140.54777455119643","4","157.13585073778367","5.05711072252305","4.9455474633687455","5.05711072252305"
"corn","early_2005_2006","2008","4","117.4","164.19909852395782","4","146.856093228412","4","164.19909852395782","5.101079706893378","4.989453149656905","5.101079706893378"
"corn","early_2005_2006","2009","4","122.65","171.46184211435818","4","153.28785075361924","4","171.46184211435818","5.1443607468903085","5.032317531293105","5.1443607468903085"
"corn","early_2005_2006","2010","4","124.4","163.49124702927588","4","146.1433012030183","4","163.49124702927588","5.096759453915121","4.984587655426524","5.096759453915121"
"corn","early_2005_2006","2011","4","124.4","151.9549172601394","4","135.83108359588024","4","151.9549172601394","5.023583879879928","4.911412081391331","5.023583879879928"
"corn","early_2005_2006","2012","4","157.6","179.16285908300688","4","126.41440310932973","4","179.16285908300688","5.18829521947816","4.839565423870863","5.18829521947816"
"corn","early_2005_2006","2013","4","119.75","139.2102067779482","0",,"4","139.2102067779482","4.935985069766431",,"4.935985069766431"
"corn","early_2005_2006","2014","4","92.775","110.51965133802553","0",,"4","110.51965133802553","4.705193345309247",,"4.705193345309247"
"corn","early_2005_2006","2015","4","74.55","87.5112096767261","0",,"4","87.5112096767261","4.471766895749263",,"4.471766895749263"
"corn","early_2005_2006","2016","4","67.125","77.6481533552885","0",,"4","77.6481533552885","4.352187767667202",,"4.352187767667202"
"corn","early_2005_2006","2017","4","78.125","85.22857247528643","0",,"4","85.22857247528643","4.445336735306603",,"4.445336735306603"
"corn","early_2005_2006","2018","4","77.875","84.54215061482257","0",,"4","84.54215061482257","4.437250233835926",,"4.437250233835926"
"corn","early_2005_2006","2019","4","80.875","88.21368283241861","0",,"4","88.21368283241861","4.479762085135093",,"4.479762085135093"
"corn","early_2005_2006","2020","4","100","99.74514820882858","0",,"4","99.74514820882858","4.6026184150765435",,"4.6026184150765435"
"corn","early_2005_2006","2021","4","95.1","84.11173536094827","0",,"4","84.11173536094827","4.432146097802268",,"4.432146097802268"
"corn","early_2005_2006","2022","4","92.625","85.02689422250384","0",,"4","85.02689422250384","4.442967609063256",,"4.442967609063256"
"corn","early_2005_2006","2023","4","123.075","112.18997130654003","0",,"4","112.18997130654003","4.720193606799109",,"4.720193606799109"
"corn","early_2005_2006","2024","4","121.7","103.4848470929939","0",,"4","103.4848470929939","4.6394251970885705",,"4.6394251970885705"
"corn","full_2005_2012","1980","4","32.849876732720965","146.57546811143655","4","126.8317599778853","0",,"4.9875404365101055","4.842861483651712",
"corn","full_2005_2012","1981","4","44.608803584275435","153.39215987810846","4","132.73024370871295","0",,"5.032997778618626","4.888318825760233",
"corn","full_2005_2012","1982","4","40.73731415403391","131.8492896382308","4","114.08919699943962","0",,"4.881659525133897","4.736980572275503",
"corn","full_2005_2012","1983","4","44.20431961395169","140.62380245671156","4","121.68178338552124","0",,"4.94608825705904","4.8014093042006465",
"corn","full_2005_2012","1984","4","56.10770502633607","180.40830141931968","4","156.10731235213984","0",,"5.1952226233065915","5.050543670448198",
"corn","full_2005_2012","1985","4","57.98566631712487","179.76705318300986","4","155.55244022079478","0",,"5.191661863772945","5.046982910914551",
"corn","full_2005_2012","1986","4","58.361258575282626","188.3056316820052","4","162.94087262828043","0",,"5.238066343245638","5.093387390387244",
"corn","full_2005_2012","1987","4","60.15254472957348","189.04577180995642","4","163.58131591846956","0",,"5.241989164627728","5.097310211769334",
"corn","full_2005_2012","1988","4","56.65664755748972","155.5986937974525","4","134.6395576208373","0",,"5.047280217091142","4.9026012642327474",
"corn","full_2005_2012","1989","4","57.1478066643114","149.0292912635561","4","128.95505327565047","0",,"5.00414287228648","4.859463919428086",
"corn","full_2005_2012","1990","4","52.958508400244085","123.71303159127434","4","107.04889249947261","0",,"4.817964622202761","4.673285669344367",
"corn","full_2005_2012","1991","4","51.80283991360483","110.47862875618972","4","95.59716305622119","0",,"4.704822097331304","4.56014314447291",
"corn","full_2005_2012","1992","4","52.0050818987667","106.11937418340054","4","91.82509985367935","0",,"4.664564631998103","4.519885679139709",
"corn","full_2005_2012","1993","4","51.77394820143884","106.8942577469175","4","92.49560664042262","0",,"4.671840100469598","4.527161147611205",
"corn","full_2005_2012","1994","4","54.51866085720709","104.16301247727912","4","90.13225997032265","0",,"4.6459570996749004","4.501278146816507",
"corn","full_2005_2012","1995","4","81.76354542972764","140.62234561142338","4","121.68052277721961","0",,"4.946077897128437","4.801398944270043",
"corn","full_2005_2012","1996","4","91.52894414182938","150.1542154785764","4","129.928450255862","0",,"5.011662869150634","4.866983916292241",
"corn","full_2005_2012","1997","4","95.11151645041109","160.27671091277085","4","138.6874460675685","0",,"5.076901764673752","4.932222811815358",
"corn","full_2005_2012","1998","4","97.04726116553185","164.98308318572992","4","142.75987023364178","0",,"5.105842942497325","4.961163989638931",
"corn","full_2005_2012","1999","4","102.04552737024665","162.32263181523294","4","140.45778152805312","0",,"5.089585909132008","4.9449069562736145",
"corn","full_2005_2012","2000","4","107.30381898445529","164.0420497166529","4","141.9455939252053","0",,"5.100122795670452","4.955443842812058",
"corn","full_2005_2012","2001","4","112.99548628115363","166.0390011749198","4","143.6735561231485","0",,"5.112222707597724","4.96754375473933",
"corn","full_2005_2012","2002","4","115.566848663926","164.10804925132905","4","142.00270332590208","0",,"5.100525047784796","4.955846094926402",
"corn","full_2005_2012","2003","4","115.566848663926","154.53629366732454","4","133.72026273444868","0",,"5.040428979218777","4.895750026360383",
"corn","full_2005_2012","2004","4","115.566848663926","152.11419637369983","4","131.62442182364538","0",,"5.024631530700002","4.879952577841608",
"corn","full_2005_2012","2005","4","111.8","155.2281690238723","4","138.8445161215316","4","155.2281690238723","5.0448960927222","4.933354717989293","5.0448960927222"
"corn","full_2005_2012","2006","4","111.8","158.111290869992","4","141.42333709301607","4","158.111290869992","5.063299157667904","4.951757782934997","5.063299157667904"
"corn","full_2005_2012","2007","4","113.2","157.13585073778367","4","140.54777455119643","4","157.13585073778367","5.05711072252305","4.9455474633687455","5.05711072252305"
"corn","full_2005_2012","2008","4","117.4","164.19909852395782","4","146.856093228412","4","164.19909852395782","5.101079706893378","4.989453149656905","5.101079706893378"
"corn","full_2005_2012","2009","4","122.65","171.46184211435818","4","153.28785075361924","4","171.46184211435818","5.1443607468903085","5.032317531293105","5.1443607468903085"
"corn","full_2005_2012","2010","4","124.4","163.49124702927588","4","146.1433012030183","4","163.49124702927588","5.096759453915121","4.984587655426524","5.096759453915121"
"corn","full_2005_2012","2011","4","124.4","151.9549172601394","4","135.83108359588024","4","151.9549172601394","5.023583879879928","4.911412081391331","5.023583879879928"
"corn","full_2005_2012","2012","4","157.6","179.16285908300688","4","126.41440310932973","4","179.16285908300688","5.18829521947816","4.839565423870863","5.18829521947816"
"corn","full_2005_2012","2013","4","119.75","139.2102067779482","0",,"4","139.2102067779482","4.935985069766431",,"4.935985069766431"
"corn","full_2005_2012","2014","4","92.775","110.51965133802553","0",,"4","110.51965133802553","4.705193345309247",,"4.705193345309247"
"corn","full_2005_2012","2015","4","74.55","87.5112096767261","0",,"4","87.5112096767261","4.471766895749263",,"4.471766895749263"
"corn","full_2005_2012","2016","4","67.125","77.6481533552885","0",,"4","77.6481533552885","4.352187767667202",,"4.352187767667202"
"corn","full_2005_2012","2017","4","78.125","85.22857247528643","0",,"4","85.22857247528643","4.445336735306603",,"4.445336735306603"
"corn","full_2005_2012","2018","4","77.875","84.54215061482257","0",,"4","84.54215061482257","4.437250233835926",,"4.437250233835926"
"corn","full_2005_2012","2019","4","80.875","88.21368283241861","0",,"4","88.21368283241861","4.479762085135093",,"4.479762085135093"
"corn","full_2005_2012","2020","4","100","99.74514820882858","0",,"4","99.74514820882858","4.6026184150765435",,"4.6026184150765435"
"corn","full_2005_2012","2021","4","95.1","84.11173536094827","0",,"4","84.11173536094827","4.432146097802268",,"4.432146097802268"
"corn","full_2005_2012","2022","4","92.625","85.02689422250384","0",,"4","85.02689422250384","4.442967609063256",,"4.442967609063256"
"corn","full_2005_2012","2023","4","123.075","112.18997130654003","0",,"4","112.18997130654003","4.720193606799109",,"4.720193606799109"
"corn","full_2005_2012","2024","4","121.7","103.4848470929939","0",,"4","103.4848470929939","4.6394251970885705",,"4.6394251970885705"
"corn","late_2010_2012","1980","4","34.62805755395683","154.50967402581705","4","126.8317599778853","0",,"5.040256709431391","4.842861483651712",
"corn","late_2010_2012","1981","4","47.02350119904076","161.69535684418747","4","132.73024370871295","0",,"5.085714051539913","4.888318825760233",
"corn","late_2010_2012","1982","4","42.94244604316546","138.9863598938017","4","114.08919699943962","0",,"4.934375798055183","4.736980572275503",
"corn","late_2010_2012","1983","4","46.59712230215826","148.2358416303232","4","121.68178338552124","0",,"4.998804529980326","4.8014093042006465",
"corn","late_2010_2012","1984","4","59.14484412470023","190.17389610284658","4","156.10731235213984","0",,"5.247938896227877","5.050543670448198",
"corn","late_2010_2012","1985","4","61.12446043165466","189.49793676777875","4","155.55244022079478","0",,"5.244378136694231","5.046982910914551",
"corn","late_2010_2012","1986","4","61.52038369304555","198.498712938049","4","162.94087262828043","0",,"5.290782616166925","5.093387390387244",
"corn","late_2010_2012","1987","4","63.40863309352517","199.27891723401086","4","163.58131591846956","0",,"5.2947054375490135","5.097310211769334",
"corn","late_2010_2012","1988","4","59.723501199040754","164.021331586056","4","134.6395576208373","0",,"5.099996490012428","4.9026012642327474",
"corn","late_2010_2012","1989","4","60.24124700239807","157.09632389455734","4","128.95505327565047","0",,"5.056859145207767","4.859463919428086",
"corn","late_2010_2012","1990","4","55.8251798561151","130.40968198976518","4","107.04889249947261","0",,"4.870680895124047","4.673285669344367",
"corn","late_2010_2012","1991","4","54.60695443645083","116.45889408287854","4","95.59716305622119","0",,"4.757538370252591","4.56014314447291",
"corn","late_2010_2012","1992","4","54.820143884892076","111.86367080496187","4","91.82509985367935","0",,"4.71728090491939","4.519885679139709",
"corn","late_2010_2012","1993","4","54.57649880095922","112.68049921662994","4","92.49560664042262","0",,"4.724556373390885","4.527161147611205",
"corn","late_2010_2012","1994","4","57.46978417266186","109.80141022763524","4","90.13225997032265","0",,"4.698673372596187","4.501278146816507",
"corn","late_2010_2012","1995","4","86.18944844124698","148.2343059252459","4","121.68052277721961","0",,"4.998794170049723","4.801398944270043",
"corn","late_2010_2012","1996","4","96.48345323741006","158.28214083927548","4","129.928450255862","0",,"5.064379142071921","4.866983916292241",
"corn","late_2010_2012","1997","4","100.25995203836928","168.95257218782922","4","138.6874460675685","0",,"5.129618037595038","4.932222811815358",
"corn","late_2010_2012","1998","4","102.30047961630694","173.91370282659474","4","142.75987023364178","0",,"5.158559215418611","4.961163989638931",
"corn","late_2010_2012","1999","4","107.5693045563549","171.10923984712463","4","140.45778152805312","0",,"5.142302182053295","4.9449069562736145",
"corn","late_2010_2012","2000","4","113.11223021582731","172.921730729027","4","141.9455939252053","0",,"5.152839068591738","4.955443842812058",
"corn","late_2010_2012","2001","4","119.11199040767384","175.02677820278035","4","143.6735561231485","0",,"5.16493898051901","4.96754375473933",
"corn","late_2010_2012","2002","4","121.82254196642684","172.99130285265764","4","142.00270332590208","0",,"5.1532413207060825","4.955846094926402",
"corn","late_2010_2012","2003","4","121.82254196642684","162.90142318729","4","133.72026273444868","0",,"5.093145252140063","4.895750026360383",
"corn","late_2010_2012","2004","4","121.82254196642684","160.34821651417707","4","131.62442182364538","0",,"5.077347803621288","4.879952577841608",
"corn","late_2010_2012","2005","4","111.8","155.2281690238723","4","138.8445161215316","4","155.2281690238723","5.0448960927222","4.933354717989293","5.0448960927222"
"corn","late_2010_2012","2006","4","111.8","158.111290869992","4","141.42333709301607","4","158.111290869992","5.063299157667904","4.951757782934997","5.063299157667904"
"corn","late_2010_2012","2007","4","113.2","157.13585073778367","4","140.54777455119643","4","157.13585073778367","5.05711072252305","4.9455474633687455","5.05711072252305"
"corn","late_2010_2012","2008","4","117.4","164.19909852395782","4","146.856093228412","4","164.19909852395782","5.101079706893378","4.989453149656905","5.101079706893378"
"corn","late_2010_2012","2009","4","122.65","171.46184211435818","4","153.28785075361924","4","171.46184211435818","5.1443607468903085","5.032317531293105","5.1443607468903085"
"corn","late_2010_2012","2010","4","124.4","163.49124702927588","4","146.1433012030183","4","163.49124702927588","5.096759453915121","4.984587655426524","5.096759453915121"
"corn","late_2010_2012","2011","4","124.4","151.9549172601394","4","135.83108359588024","4","151.9549172601394","5.023583879879928","4.911412081391331","5.023583879879928"
"corn","late_2010_2012","2012","4","157.6","179.16285908300688","4","126.41440310932973","4","179.16285908300688","5.18829521947816","4.839565423870863","5.18829521947816"
"corn","late_2010_2012","2013","4","119.75","139.2102067779482","0",,"4","139.2102067779482","4.935985069766431",,"4.935985069766431"
"corn","late_2010_2012","2014","4","92.775","110.51965133802553","0",,"4","110.51965133802553","4.705193345309247",,"4.705193345309247"
"corn","late_2010_2012","2015","4","74.55","87.5112096767261","0",,"4","87.5112096767261","4.471766895749263",,"4.471766895749263"
"corn","late_2010_2012","2016","4","67.125","77.6481533552885","0",,"4","77.6481533552885","4.352187767667202",,"4.352187767667202"
"corn","late_2010_2012","2017","4","78.125","85.22857247528643","0",,"4","85.22857247528643","4.445336735306603",,"4.445336735306603"
"corn","late_2010_2012","2018","4","77.875","84.54215061482257","0",,"4","84.54215061482257","4.437250233835926",,"4.437250233835926"
"corn","late_2010_2012","2019","4","80.875","88.21368283241861","0",,"4","88.21368283241861","4.479762085135093",,"4.479762085135093"
"corn","late_2010_2012","2020","4","100","99.74514820882858","0",,"4","99.74514820882858","4.6026184150765435",,"4.6026184150765435"
"corn","late_2010_2012","2021","4","95.1","84.11173536094827","0",,"4","84.11173536094827","4.432146097802268",,"4.432146097802268"
"corn","late_2010_2012","2022","4","92.625","85.02689422250384","0",,"4","85.02689422250384","4.442967609063256",,"4.442967609063256"
"corn","late_2010_2012","2023","4","123.075","112.18997130654003","0",,"4","112.18997130654003","4.720193606799109",,"4.720193606799109"
"corn","late_2010_2012","2024","4","121.7","103.4848470929939","0",,"4","103.4848470929939","4.6394251970885705",,"4.6394251970885705"
"garlic","early_2005_2006","1980","4","25.83489289317892","112.28508938087705","4","167.43955882783658","0",,"4.7210410780481515","5.120622443326799",
"garlic","early_2005_2006","1981","4","91.00051825060038","309.8442637471602","4","462.03985865995037","0",,"5.736069796237428","6.1356511615160745",
"garlic","early_2005_2006","1982","4","110.88382971803074","360.0576443931401","4","536.9180668795451","0",,"5.886264141946064","6.285845507224712",
"garlic","early_2005_2006","1983","4","76.66642777450176","240.83185993583044","4","359.12854148032915","0",,"5.484099013386256","5.883680378664904",
"garlic","early_2005_2006","1984","4","88.82106589750937","285.5265013927695","4","425.77720417260576","0",,"5.654334849281201","6.053916214559849",
"garlic","early_2005_2006","1985","4","103.60781186232688","320.9223209206911","4","478.55946082648234","0",,"5.77119910294422","6.170780468222867",
"garlic","early_2005_2006","1986","4","58.5099131714435","187.19117321841318","4","279.1395334231636","0",,"5.232130411320779","5.631711776599427",
"garlic","early_2005_2006","1987","4","32.55766515155968","102.24745384499711","4","152.47143371817629","0",,"4.627395893341448","5.026977258620095",
"garlic","early_2005_2006","1988","4","58.3087329542351","158.69094635802122","4","236.63998661503678","0",,"5.066958577121285","5.466539942399932",
"garlic","early_2005_2006","1989","4","72.32428808642041","188.53728803191984","4","281.14686023519135","0",,"5.239295801818302","5.6388771670969495",
"garlic","early_2005_2006","1990","4","87.41280437705055","203.55800222072014","4","303.5457537206881","0",,"5.315950987468897","5.715532352747545",
"garlic","early_2005_2006","1991","4","80.45532186525999","171.77537216814844","4","256.15148629182625","0",,"5.146187647517316","5.545769012795963",
"garlic","early_2005_2006","1992","4","74.35285527660514","151.7443398019896","4","226.28120484351348","0",,"5.0221971297513095","5.421778495029957",
"garlic","early_2005_2006","1993","4","83.5065551595874","172.10441366381175","4","256.6421530684543","0",,"5.148101348814335","5.547682714092983",
"garlic","early_2005_2006","1994","4","117.75748713931782","224.66024125586824","4","335.01341887380056","0",,"5.4145892220838885","5.814170587362536",
"garlic","early_2005_2006","1995","4","120.57401018023543","207.21042339520005","4","308.9922452671651","0",,"5.3337348150814154","5.733316180360063",
"garlic","early_2005_2006","1996","4","78.39322463887387","128.61775779148158","4","191.79483884080958","0",,"4.856844887740905","5.256426253019553",
"garlic","early_2005_2006","1997","4","91.7717090832326","154.7489122315946","4","230.7616241481003","0",,"5.041803882341904","5.441385247620552",
"garlic","early_2005_2006","1998","4","118.66279811675562","201.54210289231594","4","300.53964403995946","0",,"5.305998306916686","5.705579672195333",
"garlic","early_2005_2006","1999","4","82.60124418214961","131.72028046255468","4","196.42132157473446","0",,"4.880680586738775","5.2802619520174225",
"garlic","early_2005_2006","2000","4","58.794918479155406","90.17134846059813","4","134.46354176144965","0",,"4.501711732047863","4.901293097326509",
"garlic","early_2005_2006","2001","4","68.38450883275588","100.50847112626388","4","149.8782621685127","0",,"4.610242013760515","5.009823379039162",
"garlic","early_2005_2006","2002","4","67.89832330783558","96.40058961468654","4","143.75258803129572","0",,"4.568512317932718","4.968093683211365",
"garlic","early_2005_2006","2003","4","73.06194888285123","97.55605538821885","4","145.47561893796092","0",,"4.580427139855213","4.980008505133861",
"garlic","early_2005_2006","2004","4","86.13866300139733","112.96790477545342","4","168.45777334820718","0",,"4.727103749832787","5.126685115111433",
"garlic","early_2005_2006","2005","4","70.225","97.14791580636937","4","144.9115698812714","4","97.14791580636937","4.576234722236342","4.976123693490776","4.576234722236342"
"garlic","early_2005_2006","2006","4","74.475","105.28813640504316","4","156.95842266437666","4","105.28813640504316","4.656700748073345","5.055980946482516","4.656700748073345"
"garlic","early_2005_2006","2007","4","83.22500000000001","115.3884912159023","4","172.0593336216412","4","115.3884912159023","4.748304619602435","5.147839380243945","4.748304619602435"
"garlic","early_2005_2006","2008","4","77.375","108.17698294264639","4","161.47830431235613","4","108.17698294264639","4.683768616820188","5.084370795015288","4.683768616820188"
"garlic","early_2005_2006","2009","4","93.425","130.6380806268599","4","194.85404577695317","4","130.6380806268599","4.872430756475743","5.272250795115236","4.872430756475743"
"garlic","early_2005_2006","2010","4","133.65","174.80189545059287","4","260.83374071315484","4","174.80189545059287","5.163653306701505","5.56388319558455","5.163653306701505"
"garlic","early_2005_2006","2011","4","150.5","183.90278415250907","4","282.3425402859509","4","183.90278415250907","5.214407270987295","5.643121015674029","5.214407270987295"
"garlic","early_2005_2006","2012","4","135.7","154.25748162713415","4","233.60608979492872","4","154.25748162713415","5.038623164864579","5.453636319941879","5.038623164864579"
"garlic","early_2005_2006","2013","4","101.75","118.22756387820885","0",,"4","118.22756387820885","4.772611274724979",,"4.772611274724979"
"garlic","early_2005_2006","2014","4","87.275","104.19329865991466","0",,"4","104.19329865991466","4.646247814966255",,"4.646247814966255"
"garlic","early_2005_2006","2015","4","123.17500000000001","145.14400334706244","0",,"4","145.14400334706244","4.97772637612815",,"4.97772637612815"
"garlic","early_2005_2006","2016","4","181.85","209.81684139223623","0",,"4","209.81684139223623","5.346234966297341",,"5.346234966297341"
"garlic","early_2005_2006","2017","4","156.075","169.47039378481585","0",,"4","169.47039378481585","5.132678243628095",,"5.132678243628095"
"garlic","early_2005_2006","2018","4","129.79999999999998","140.57438404358714","0",,"4","140.57438404358714","4.9457367724762396",,"4.9457367724762396"
"garlic","early_2005_2006","2019","4","102.2","111.31787159632842","0",,"4","111.31787159632842","4.712389816786875",,"4.712389816786875"
"garlic","early_2005_2006","2020","4","99.97500000000001","98.99156136441749","0",,"4","98.99156136441749","4.595034607758304",,"4.595034607758304"
"garlic","early_2005_2006","2021","4","157.375","140.72113799857243","0",,"4","140.72113799857243","4.946780187367698",,"4.946780187367698"
"garlic","early_2005_2006","2022","4","178.3","163.2284361594763","0",,"4","163.2284361594763","5.095150668525038",,"5.095150668525038"
"garlic","early_2005_2006","2023","4","134.825","123.50976731854576","0",,"4","123.50976731854576","4.816320240540334",,"4.816320240540334"
"garlic","early_2005_2006","2024","4","130.425","111.49595700478736","0",,"4","111.49595700478736","4.7139883301960115",,"4.7139883301960115"
"garlic","full_2005_2012","1980","4","25.681255363013776","111.6173411584176","4","167.43955882783658","0",,"4.715076424600116","5.120622443326799",
"garlic","full_2005_2012","1981","4","90.45934724882464","308.0016508276957","4","462.03985865995037","0",,"5.730105142789392","6.1356511615160745",
"garlic","full_2005_2012","1982","4","110.22441464696502","357.9164175093914","4","536.9180668795451","0",,"5.880299488498029","6.285845507224712",
"garlic","full_2005_2012","1983","4","76.21050017849578","239.3996568956007","4","359.12854148032915","0",,"5.47813435993822","5.883680378664904",
"garlic","full_2005_2012","1984","4","88.29285588140623","283.8285037795391","4","425.77720417260576","0",,"5.648370195833166","6.053916214559849",
"garlic","full_2005_2012","1985","4","102.99166654342967","319.0138279006121","4","478.55946082648234","0",,"5.765234449496184","6.170780468222867",
"garlic","full_2005_2012","1986","4","58.16196055607922","186.07796598968935","4","279.1395334231636","0",,"5.226165757872743","5.631711776599427",
"garlic","full_2005_2012","1987","4","32.364047965589066","101.63939843948901","4","152.47143371817629","0",,"4.621431239893412","5.026977258620095",
"garlic","full_2005_2012","1988","4","57.961976737548284","157.74722713461182","4","236.63998661503678","0",,"5.060993923673249","5.466539942399932",
"garlic","full_2005_2012","1989","4","71.89418276186984","187.4160755927188","4","281.14686023519135","0",,"5.233331148370266","5.6388771670969495",
"garlic","full_2005_2012","1990","4","86.8929691516897","202.34746309304293","4","303.5457537206881","0",,"5.309986334020861","5.715532352747545",
"garlic","full_2005_2012","1991","4","79.97686209416165","170.75384117004313","4","256.15148629182625","0",,"5.140222994069281","5.545769012795963",
"garlic","full_2005_2012","1992","4","73.91068626539007","150.84193135461905","4","226.28120484351348","0",,"5.016232476303274","5.421778495029957",
"garlic","full_2005_2012","1993","4","83.00995000854743","171.0809258887643","4","256.6421530684543","0",,"5.1421366953663","5.547682714092983",
"garlic","full_2005_2012","1994","4","117.05719511343852","223.32420921828347","4","335.01341887380056","0",,"5.408624568635853","5.814170587362536",
"garlic","full_2005_2012","1995","4","119.85696857287157","205.978163683246","4","308.9922452671651","0",,"5.327770161633381","5.733316180360063",
"garlic","full_2005_2012","1996","4","77.92702795421961","127.852880819699","4","191.79483884080958","0",,"4.8508802342928705","5.256426253019553",
"garlic","full_2005_2012","1997","4","91.22595188652654","153.82863589178896","4","230.7616241481003","0",,"5.0358392288938685","5.441385247620552",
"garlic","full_2005_2012","1998","4","117.9571222968277","200.34355211679323","4","300.53964403995946","0",,"5.30003365346865","5.705579672195333",
"garlic","full_2005_2012","1999","4","82.11002282515825","130.93695309802473","4","196.42132157473446","0",,"4.874715933290739","5.2802619520174225",
"garlic","full_2005_2012","2000","4","58.445270965664704","89.63510844882688","4","134.46354176144965","0",,"4.495747078599827","4.901293097326509",
"garlic","full_2005_2012","2001","4","67.97783298230577","99.91075727746403","4","149.8782621685127","0",,"4.604277360312479","5.009823379039162",
"garlic","full_2005_2012","2002","4","67.49453875418935","95.82730492734129","4","143.75258803129572","0",,"4.562547664484683","4.968093683211365",
"garlic","full_2005_2012","2003","4","72.62745676314992","96.97589926121367","4","145.47561893796092","0",,"4.574462486407178","4.980008505133861",
"garlic","full_2005_2012","2004","4","85.62640496766048","112.29609591797546","4","168.45777334820718","0",,"4.721139096384751","5.126685115111433",
"garlic","full_2005_2012","2005","4","70.225","97.14791580636937","4","144.9115698812714","4","97.14791580636937","4.576234722236342","4.976123693490776","4.576234722236342"
"garlic","full_2005_2012","2006","4","74.475","105.28813640504316","4","156.95842266437666","4","105.28813640504316","4.656700748073345","5.055980946482516","4.656700748073345"
"garlic","full_2005_2012","2007","4","83.22500000000001","115.3884912159023","4","172.0593336216412","4","115.3884912159023","4.748304619602435","5.147839380243945","4.748304619602435"
"garlic","full_2005_2012","2008","4","77.375","108.17698294264639","4","161.47830431235613","4","108.17698294264639","4.683768616820188","5.084370795015288","4.683768616820188"
"garlic","full_2005_2012","2009","4","93.425","130.6380806268599","4","194.85404577695317","4","130.6380806268599","4.872430756475743","5.272250795115236","4.872430756475743"
"garlic","full_2005_2012","2010","4","133.65","174.80189545059287","4","260.83374071315484","4","174.80189545059287","5.163653306701505","5.56388319558455","5.163653306701505"
"garlic","full_2005_2012","2011","4","150.5","183.90278415250907","4","282.3425402859509","4","183.90278415250907","5.214407270987295","5.643121015674029","5.214407270987295"
"garlic","full_2005_2012","2012","4","135.7","154.25748162713415","4","233.60608979492872","4","154.25748162713415","5.038623164864579","5.453636319941879","5.038623164864579"
"garlic","full_2005_2012","2013","4","101.75","118.22756387820885","0",,"4","118.22756387820885","4.772611274724979",,"4.772611274724979"
"garlic","full_2005_2012","2014","4","87.275","104.19329865991466","0",,"4","104.19329865991466","4.646247814966255",,"4.646247814966255"
"garlic","full_2005_2012","2015","4","123.17500000000001","145.14400334706244","0",,"4","145.14400334706244","4.97772637612815",,"4.97772637612815"
"garlic","full_2005_2012","2016","4","181.85","209.81684139223623","0",,"4","209.81684139223623","5.346234966297341",,"5.346234966297341"
"garlic","full_2005_2012","2017","4","156.075","169.47039378481585","0",,"4","169.47039378481585","5.132678243628095",,"5.132678243628095"
"garlic","full_2005_2012","2018","4","129.79999999999998","140.57438404358714","0",,"4","140.57438404358714","4.9457367724762396",,"4.9457367724762396"
"garlic","full_2005_2012","2019","4","102.2","111.31787159632842","0",,"4","111.31787159632842","4.712389816786875",,"4.712389816786875"
"garlic","full_2005_2012","2020","4","99.97500000000001","98.99156136441749","0",,"4","98.99156136441749","4.595034607758304",,"4.595034607758304"
"garlic","full_2005_2012","2021","4","157.375","140.72113799857243","0",,"4","140.72113799857243","4.946780187367698",,"4.946780187367698"
"garlic","full_2005_2012","2022","4","178.3","163.2284361594763","0",,"4","163.2284361594763","5.095150668525038",,"5.095150668525038"
"garlic","full_2005_2012","2023","4","134.825","123.50976731854576","0",,"4","123.50976731854576","4.816320240540334",,"4.816320240540334"
"garlic","full_2005_2012","2024","4","130.425","111.49595700478736","0",,"4","111.49595700478736","4.7139883301960115",,"4.7139883301960115"
"garlic","late_2010_2012","1980","4","25.435517823153518","110.54930260522774","4","167.43955882783658","0",,"4.705461598873134","5.120622443326799",
"garlic","late_2010_2012","1981","4","89.59376427260044","305.05445970025954","4","462.03985865995037","0",,"5.72049031706241","6.1356511615160745",
"garlic","late_2010_2012","1982","4","109.1697046608289","354.49160440461515","4","536.9180668795451","0",,"5.870684662771047","6.285845507224712",
"garlic","late_2010_2012","1983","4","75.48126087299222","237.10890117134429","4","359.12854148032915","0",,"5.4685195342112385","5.883680378664904",
"garlic","late_2010_2012","1984","4","87.44800352178282","281.1126194789043","4","425.77720417260576","0",,"5.638755370106184","6.053916214559849",
"garlic","late_2010_2012","1985","4","102.00616492348392","315.9612639919722","4","478.55946082648234","0",,"5.755619623769202","6.170780468222867",
"garlic","late_2010_2012","1986","4","57.605423233488494","184.29743225260566","4","279.1395334231636","0",,"5.216550932145761","5.631711776599427",
"garlic","late_2010_2012","1987","4","32.05436444682941","100.66683633641642","4","152.47143371817629","0",,"4.61181641416643","5.026977258620095",
"garlic","late_2010_2012","1988","4","57.407353010336095","156.23778318540107","4","236.63998661503678","0",,"5.051379097946267","5.466539942399932",
"garlic","late_2010_2012","1989","4","71.20624522328634","185.62273781793277","4","281.14686023519135","0",,"5.223716322643284","5.6388771670969495",
"garlic","late_2010_2012","1990","4","86.06151195971604","200.41125058806304","4","303.5457537206881","0",,"5.300371508293879","5.715532352747545",
"garlic","late_2010_2012","1991","4","79.21158340902902","169.1199401687997","4","256.15148629182625","0",,"5.130608168342298","5.545769012795963",
"garlic","late_2010_2012","1992","4","73.20345330673968","149.39856246182578","4","226.28120484351348","0",,"5.006617650576292","5.421778495029957",
"garlic","late_2010_2012","1993","4","82.2156484601737","169.44389509526704","4","256.6421530684543","0",,"5.1325218696393184","5.547682714092983",
"garlic","late_2010_2012","1994","4","115.9371039518691","221.18727545126927","4","335.01341887380056","0",,"5.399009742908871","5.814170587362536",
"garlic","late_2010_2012","1995","4","118.71008707600265","204.00720990809086","4","308.9922452671651","0",,"5.318155335906399","5.733316180360063",
"garlic","late_2010_2012","1996","4","77.18136362171697","126.62948842892325","4","191.79483884080958","0",,"4.841265408565889","5.256426253019553",
"garlic","late_2010_2012","1997","4","90.35303346135129","152.35668796674517","4","230.7616241481003","0",,"5.026224403166887","5.441385247620552",
"garlic","late_2010_2012","1998","4","116.82841995605489","198.4265145371214","4","300.53964403995946","0",,"5.290418827741668","5.705579672195333",
"garlic","late_2010_2012","1999","4","81.32433245598791","129.6840499873206","4","196.42132157473446","0",,"4.865101107563757","5.2802619520174225",
"garlic","late_2010_2012","2000","4","57.88602271628772","88.77741240850615","4","134.46354176144965","0",,"4.486132252872845","4.901293097326509",
"garlic","late_2010_2012","2001","4","67.32737001988525","98.95473611136872","4","149.8782621685127","0",,"4.594662534585497","5.009823379039162",
"garlic","late_2010_2012","2002","4","66.84870031393363","94.91035730031064","4","143.75258803129572","0",,"4.552932838757701","4.968093683211365",
"garlic","late_2010_2012","2003","4","71.93250270817848","96.04796102091612","4","145.47561893796092","0",,"4.564847660680196","4.980008505133861",
"garlic","late_2010_2012","2004","4","84.8070672130842","111.22156252945045","4","168.45777334820718","0",,"4.711524270657769","5.126685115111433",
"garlic","late_2010_2012","2005","4","70.225","97.14791580636937","4","144.9115698812714","4","97.14791580636937","4.576234722236342","4.976123693490776","4.576234722236342"
"garlic","late_2010_2012","2006","4","74.475","105.28813640504316","4","156.95842266437666","4","105.28813640504316","4.656700748073345","5.055980946482516","4.656700748073345"
"garlic","late_2010_2012","2007","4","83.22500000000001","115.3884912159023","4","172.0593336216412","4","115.3884912159023","4.748304619602435","5.147839380243945","4.748304619602435"
"garlic","late_2010_2012","2008","4","77.375","108.17698294264639","4","161.47830431235613","4","108.17698294264639","4.683768616820188","5.084370795015288","4.683768616820188"
"garlic","late_2010_2012","2009","4","93.425","130.6380806268599","4","194.85404577695317","4","130.6380806268599","4.872430756475743","5.272250795115236","4.872430756475743"
"garlic","late_2010_2012","2010","4","133.65","174.80189545059287","4","260.83374071315484","4","174.80189545059287","5.163653306701505","5.56388319558455","5.163653306701505"
"garlic","late_2010_2012","2011","4","150.5","183.90278415250907","4","282.3425402859509","4","183.90278415250907","5.214407270987295","5.643121015674029","5.214407270987295"
"garlic","late_2010_2012","2012","4","135.7","154.25748162713415","4","233.60608979492872","4","154.25748162713415","5.038623164864579","5.453636319941879","5.038623164864579"
"garlic","late_2010_2012","2013","4","101.75","118.22756387820885","0",,"4","118.22756387820885","4.772611274724979",,"4.772611274724979"
"garlic","late_2010_2012","2014","4","87.275","104.19329865991466","0",,"4","104.19329865991466","4.646247814966255",,"4.646247814966255"
"garlic","late_2010_2012","2015","4","123.17500000000001","145.14400334706244","0",,"4","145.14400334706244","4.97772637612815",,"4.97772637612815"
"garlic","late_2010_2012","2016","4","181.85","209.81684139223623","0",,"4","209.81684139223623","5.346234966297341",,"5.346234966297341"
"garlic","late_2010_2012","2017","4","156.075","169.47039378481585","0",,"4","169.47039378481585","5.132678243628095",,"5.132678243628095"
"garlic","late_2010_2012","2018","4","129.79999999999998","140.57438404358714","0",,"4","140.57438404358714","4.9457367724762396",,"4.9457367724762396"
"garlic","late_2010_2012","2019","4","102.2","111.31787159632842","0",,"4","111.31787159632842","4.712389816786875",,"4.712389816786875"
"garlic","late_2010_2012","2020","4","99.97500000000001","98.99156136441749","0",,"4","98.99156136441749","4.595034607758304",,"4.595034607758304"
"garlic","late_2010_2012","2021","4","157.375","140.72113799857243","0",,"4","140.72113799857243","4.946780187367698",,"4.946780187367698"
"garlic","late_2010_2012","2022","4","178.3","163.2284361594763","0",,"4","163.2284361594763","5.095150668525038",,"5.095150668525038"
"garlic","late_2010_2012","2023","4","134.825","123.50976731854576","0",,"4","123.50976731854576","4.816320240540334",,"4.816320240540334"
"garlic","late_2010_2012","2024","4","130.425","111.49595700478736","0",,"4","111.49595700478736","4.7139883301960115",,"4.7139883301960115"
"ginger","early_2005_2006","1995","4","40.717839792438994","69.9655555097694","4","178.31681543121974","0",,"4.2480030567999165","5.183561830187883",
"ginger","early_2005_2006","1996","4","45.33795603966587","74.38958683607767","4","189.5920661131799","0",,"4.309315970162792","5.244874743550758",
"ginger","early_2005_2006","1997","4","60.51273275826454","102.02800605629898","4","260.0323686734122","0",,"4.625247344776454","5.56080611816442",
"ginger","early_2005_2006","1998","4","51.71391264411909","88.21036405766452","4","224.81621266617327","0",,"4.479724462432145","5.4152832358201115",
"ginger","early_2005_2006","1999","4","14.949165946441104","23.741898759132308","4","60.50948567724528","0",,"3.1672413674125086","4.102800140800475",
"ginger","early_2005_2006","2000","4","29.711957776752037","45.73680361221718","4","116.56651774879273","0",,"3.8229033044784897","4.758462077866456",
"ginger","early_2005_2006","2001","4","64.4756350170324","94.161687209362","4","239.98397606461583","0",,"4.545013381327617","5.480572154715582",
"ginger","early_2005_2006","2002","4","31.095049901718042","44.10992359254745","4","112.42019085861776","0",,"3.7866847819128417","4.722243555300808",
"ginger","early_2005_2006","2003","4","27.151765970963893","36.32111185921216","4","92.5693357605297","0",,"3.5923991661282995","4.5279579395162655",
"ginger","early_2005_2006","2004","4","48.34936938976916","63.68991907732069","4","162.32249515054764","0",,"4.154026293811274","5.0895850671992395",
"ginger","early_2005_2006","2005","4","59.05","80.80161268160703","4","205.9029011927369","4","80.80161268160703","4.3919969242586525","5.327404704234316","4.3919969242586525"
"ginger","early_2005_2006","2006","4","32.15","45.48117444269905","4","115.93058608940447","4","45.48117444269905","3.8172984918272634","4.752991616215157","3.8172984918272634"
"ginger","early_2005_2006","2007","4","33.1","45.96107346859151","4","117.01592663075324","4","45.96107346859151","3.8277948092915954","4.762310050582755","3.8277948092915954"
"ginger","early_2005_2006","2008","4","32.65","45.89639520066524","4","116.88619500935233","4","45.89639520066524","3.8263865780491724","4.761200769197925","3.8263865780491724"
"ginger","early_2005_2006","2009","4","58.325","81.51196024048363","4","207.5693841526292","4","81.51196024048363","4.400749760896859","5.335465665236186","4.400749760896859"
"ginger","early_2005_2006","2010","4","62.625","82.54434660933747","4","210.01211445023276","4","82.54434660933747","4.413335683579268","5.347165216911839","4.413335683579268"
"ginger","early_2005_2006","2011","4","42.825","52.30782953649437","4","130.59012640604465","4","52.30782953649437","3.9571460641969782","4.872063612192982","3.9571460641969782"
"ginger","early_2005_2006","2012","4","56.625","64.6218396924516","4","167.2261789054037","4","64.6218396924516","4.1685524293883764","5.119347260795162","4.1685524293883764"
"ginger","early_2005_2006","2013","4","64.525","75.10343879984863","0",,"4","75.10343879984863","4.31886634733361",,"4.31886634733361"
"ginger","early_2005_2006","2014","4","58.775000000000006","70.18773149491946","0",,"4","70.18773149491946","4.25117353072894",,"4.25117353072894"
"ginger","early_2005_2006","2015","4","90.35000000000001","106.00231744714827","0",,"4","106.00231744714827","4.6634609565820275",,"4.6634609565820275"
"ginger","early_2005_2006","2016","4","63.125","72.74593620544522","0",,"4","72.74593620544522","4.286973044772424",,"4.286973044772424"
"ginger","early_2005_2006","2017","4","39","42.65776457619106","0",,"4","42.65776457619106","3.75320931073706",,"3.75320931073706"
"ginger","early_2005_2006","2018","4","84.925","91.8234017925374","0",,"4","91.8234017925374","4.5198671866268185",,"4.5198671866268185"
"ginger","early_2005_2006","2019","4","150.15","163.80485809584886","0",,"4","163.80485809584886","5.098675829683974",,"5.098675829683974"
"ginger","early_2005_2006","2020","4","99.975","100.18422769658835","0",,"4","100.18422769658835","4.60701076804311",,"4.60701076804311"
"ginger","early_2005_2006","2021","4","69.22500000000001","61.1762392526782","0",,"4","61.1762392526782","4.113758866625446",,"4.113758866625446"
"ginger","early_2005_2006","2022","4","64.5","59.85144735509686","0",,"4","59.85144735509686","4.0918656147541315",,"4.0918656147541315"
"ginger","early_2005_2006","2023","4","145.95","133.3611570080642","0",,"4","133.3611570080642","4.893060914230221",,"4.893060914230221"
"ginger","early_2005_2006","2024","4","107.025","91.12417981665867","0",,"4","91.12417981665867","4.512223189648082",,"4.512223189648082"
"ginger","full_2005_2012","1995","4","40.77217233659366","70.05891524234407","4","178.31681543121974","0",,"4.249336534382903","5.183561830187883",
"ginger","full_2005_2012","1996","4","45.39845351475209","74.48884985032456","4","189.5920661131799","0",,"4.310649447745778","5.244874743550758",
"ginger","full_2005_2012","1997","4","60.59347895553995","102.1641488667311","4","260.0323686734122","0",,"4.626580822359441","5.56080611816442",
"ginger","full_2005_2012","1998","4","51.78291798567136","88.32806906177315","4","224.81621266617327","0",,"4.481057940015132","5.4152832358201115",
"ginger","full_2005_2012","1999","4","14.969113621047637","23.773579166767433","4","60.50948567724528","0",,"3.168574844995495","4.102800140800475",
"ginger","full_2005_2012","2000","4","29.751604434483788","45.797833296365994","4","116.56651774879273","0",,"3.8242367820614764","4.758462077866456",
"ginger","full_2005_2012","2001","4","64.56166918054208","94.28733346304492","4","239.98397606461583","0",,"4.546346858910603","5.480572154715582",
"ginger","full_2005_2012","2002","4","31.13654211202166","44.16878242158819","4","112.42019085861776","0",,"3.7880182594958285","4.722243555300808",
"ginger","full_2005_2012","2003","4","27.1879963930839","36.36957755444297","4","92.5693357605297","0",,"3.5937326437112858","4.5279579395162655",
"ginger","full_2005_2012","2004","4","48.41388519563242","63.77490480736226","4","162.32249515054764","0",,"4.15535977139426","5.0895850671992395",
"ginger","full_2005_2012","2005","4","59.05","80.80161268160703","4","205.9029011927369","4","80.80161268160703","4.3919969242586525","5.327404704234316","4.3919969242586525"
"ginger","full_2005_2012","2006","4","32.15","45.48117444269905","4","115.93058608940447","4","45.48117444269905","3.8172984918272634","4.752991616215157","3.8172984918272634"
"ginger","full_2005_2012","2007","4","33.1","45.96107346859151","4","117.01592663075324","4","45.96107346859151","3.8277948092915954","4.762310050582755","3.8277948092915954"
"ginger","full_2005_2012","2008","4","32.65","45.89639520066524","4","116.88619500935233","4","45.89639520066524","3.8263865780491724","4.761200769197925","3.8263865780491724"
"ginger","full_2005_2012","2009","4","58.325","81.51196024048363","4","207.5693841526292","4","81.51196024048363","4.400749760896859","5.335465665236186","4.400749760896859"
"ginger","full_2005_2012","2010","4","62.625","82.54434660933747","4","210.01211445023276","4","82.54434660933747","4.413335683579268","5.347165216911839","4.413335683579268"
"ginger","full_2005_2012","2011","4","42.825","52.30782953649437","4","130.59012640604465","4","52.30782953649437","3.9571460641969782","4.872063612192982","3.9571460641969782"
"ginger","full_2005_2012","2012","4","56.625","64.6218396924516","4","167.2261789054037","4","64.6218396924516","4.1685524293883764","5.119347260795162","4.1685524293883764"
"ginger","full_2005_2012","2013","4","64.525","75.10343879984863","0",,"4","75.10343879984863","4.31886634733361",,"4.31886634733361"
"ginger","full_2005_2012","2014","4","58.775000000000006","70.18773149491946","0",,"4","70.18773149491946","4.25117353072894",,"4.25117353072894"
"ginger","full_2005_2012","2015","4","90.35000000000001","106.00231744714827","0",,"4","106.00231744714827","4.6634609565820275",,"4.6634609565820275"
"ginger","full_2005_2012","2016","4","63.125","72.74593620544522","0",,"4","72.74593620544522","4.286973044772424",,"4.286973044772424"
"ginger","full_2005_2012","2017","4","39","42.65776457619106","0",,"4","42.65776457619106","3.75320931073706",,"3.75320931073706"
"ginger","full_2005_2012","2018","4","84.925","91.8234017925374","0",,"4","91.8234017925374","4.5198671866268185",,"4.5198671866268185"
"ginger","full_2005_2012","2019","4","150.15","163.80485809584886","0",,"4","163.80485809584886","5.098675829683974",,"5.098675829683974"
"ginger","full_2005_2012","2020","4","99.975","100.18422769658835","0",,"4","100.18422769658835","4.60701076804311",,"4.60701076804311"
"ginger","full_2005_2012","2021","4","69.22500000000001","61.1762392526782","0",,"4","61.1762392526782","4.113758866625446",,"4.113758866625446"
"ginger","full_2005_2012","2022","4","64.5","59.85144735509686","0",,"4","59.85144735509686","4.0918656147541315",,"4.0918656147541315"
"ginger","full_2005_2012","2023","4","145.95","133.3611570080642","0",,"4","133.3611570080642","4.893060914230221",,"4.893060914230221"
"ginger","full_2005_2012","2024","4","107.025","91.12417981665867","0",,"4","91.12417981665867","4.512223189648082",,"4.512223189648082"
"ginger","late_2010_2012","1995","4","40.822363065914715","70.14515808519351","4","178.31681543121974","0",,"4.250566781859742","5.183561830187883",
"ginger","late_2010_2012","1996","4","45.4543392172146","74.58054596279581","4","189.5920661131799","0",,"4.3118796952226175","5.244874743550758",
"ginger","late_2010_2012","1997","4","60.668069803331214","102.2899133979843","4","260.0323686734122","0",,"4.627811069836279","5.56080611816442",
"ginger","late_2010_2012","1998","4","51.846662992893854","88.43680131594719","4","224.81621266617327","0",,"4.482288187491971","5.4152832358201115",
"ginger","late_2010_2012","1999","4","14.987540667900271","23.802844550694033","4","60.50948567724528","0",,"3.169805092472334","4.102800140800475",
"ginger","late_2010_2012","2000","4","29.788228794665308","45.85421063715354","4","116.56651774879273","0",,"3.8254670295383155","4.758462077866456",
"ginger","late_2010_2012","2001","4","64.64114488852263","94.40340159876209","4","239.98397606461583","0",,"4.5475771063874415","5.480572154715582",
"ginger","late_2010_2012","2002","4","31.17487133677419","44.223154393350235","4","112.42019085861776","0",,"3.7892485069726676","4.722243555300808",
"ginger","late_2010_2012","2003","4","27.22146494012333","36.41434866959196","4","92.5693357605297","0",,"3.594962891188125","4.5279579395162655",
"ginger","late_2010_2012","2004","4","48.47348290818927","63.85341200482618","4","162.32249515054764","0",,"4.156590018871099","5.0895850671992395",
"ginger","late_2010_2012","2005","4","59.05","80.80161268160703","4","205.9029011927369","4","80.80161268160703","4.3919969242586525","5.327404704234316","4.3919969242586525"
"ginger","late_2010_2012","2006","4","32.15","45.48117444269905","4","115.93058608940447","4","45.48117444269905","3.8172984918272634","4.752991616215157","3.8172984918272634"
"ginger","late_2010_2012","2007","4","33.1","45.96107346859151","4","117.01592663075324","4","45.96107346859151","3.8277948092915954","4.762310050582755","3.8277948092915954"
"ginger","late_2010_2012","2008","4","32.65","45.89639520066524","4","116.88619500935233","4","45.89639520066524","3.8263865780491724","4.761200769197925","3.8263865780491724"
"ginger","late_2010_2012","2009","4","58.325","81.51196024048363","4","207.5693841526292","4","81.51196024048363","4.400749760896859","5.335465665236186","4.400749760896859"
"ginger","late_2010_2012","2010","4","62.625","82.54434660933747","4","210.01211445023276","4","82.54434660933747","4.413335683579268","5.347165216911839","4.413335683579268"
"ginger","late_2010_2012","2011","4","42.825","52.30782953649437","4","130.59012640604465","4","52.30782953649437","3.9571460641969782","4.872063612192982","3.9571460641969782"
"ginger","late_2010_2012","2012","4","56.625","64.6218396924516","4","167.2261789054037","4","64.6218396924516","4.1685524293883764","5.119347260795162","4.1685524293883764"
"ginger","late_2010_2012","2013","4","64.525","75.10343879984863","0",,"4","75.10343879984863","4.31886634733361",,"4.31886634733361"
"ginger","late_2010_2012","2014","4","58.775000000000006","70.18773149491946","0",,"4","70.18773149491946","4.25117353072894",,"4.25117353072894"
"ginger","late_2010_2012","2015","4","90.35000000000001","106.00231744714827","0",,"4","106.00231744714827","4.6634609565820275",,"4.6634609565820275"
"ginger","late_2010_2012","2016","4","63.125","72.74593620544522","0",,"4","72.74593620544522","4.286973044772424",,"4.286973044772424"
"ginger","late_2010_2012","2017","4","39","42.65776457619106","0",,"4","42.65776457619106","3.75320931073706",,"3.75320931073706"
"ginger","late_2010_2012","2018","4","84.925","91.8234017925374","0",,"4","91.8234017925374","4.5198671866268185",,"4.5198671866268185"
"ginger","late_2010_2012","2019","4","150.15","163.80485809584886","0",,"4","163.80485809584886","5.098675829683974",,"5.098675829683974"
"ginger","late_2010_2012","2020","4","99.975","100.18422769658835","0",,"4","100.18422769658835","4.60701076804311",,"4.60701076804311"
"ginger","late_2010_2012","2021","4","69.22500000000001","61.1762392526782","0",,"4","61.1762392526782","4.113758866625446",,"4.113758866625446"
"ginger","late_2010_2012","2022","4","64.5","59.85144735509686","0",,"4","59.85144735509686","4.0918656147541315",,"4.0918656147541315"
"ginger","late_2010_2012","2023","4","145.95","133.3611570080642","0",,"4","133.3611570080642","4.893060914230221",,"4.893060914230221"
"ginger","late_2010_2012","2024","4","107.025","91.12417981665867","0",,"4","91.12417981665867","4.512223189648082",,"4.512223189648082"
"grape","early_2005_2006","1980","0",,,"4","218.1564976469345","0",,,"5.38521268435151",
"grape","early_2005_2006","1981","0",,,"4","166.1727938563357","0",,,"5.113028173813255",
"grape","early_2005_2006","1982","0",,,"4","184.0157499258383","0",,,"5.21502135136877",
"grape","early_2005_2006","1983","0",,,"4","204.57879310493655","0",,,"5.320953197631934",
"grape","early_2005_2006","1984","0",,,"4","198.51511572750763","0",,,"5.290865246988743",
"grape","early_2005_2006","1985","0",,,"4","174.60727193449765","0",,,"5.162539291647581",
"grape","early_2005_2006","1986","0",,,"4","158.56521084868484","0",,,"5.066165933618151",
"grape","early_2005_2006","1987","0",,,"4","153.82826518827036","0",,,"5.035836819043693",
"grape","early_2005_2006","1988","0",,,"4","152.02252277136913","0",,,"5.024028685996707",
"grape","early_2005_2006","1989","0",,,"4","170.65590583303057","0",,,"5.1396492826239655",
"grape","early_2005_2006","1990","0",,,"4","145.34682549475986","0",,,"4.979122786345051",
"grape","early_2005_2006","1991","0",,,"4","150.36998509812176","0",,,"5.013098824432819",
"grape","early_2005_2006","1992","0",,,"4","167.05932387341133","0",,,"5.118348982111449",
"grape","early_2005_2006","1993","0",,,"4","171.30291597673727","0",,,"5.143433427816465",
"grape","early_2005_2006","1994","0",,,"4","247.37467464511914","0",,,"5.510904088692432",
"grape","early_2005_2006","1995","0",,,"4","326.4382273819288","0",,,"5.788240734436589",
"grape","early_2005_2006","1996","0",,,"4","234.8715622549842","0",,,"5.459038821138955",
"grape","early_2005_2006","1997","0",,,"4","244.96208367611024","0",,,"5.501103438062412",
"grape","early_2005_2006","1998","0",,,"4","229.6416839734587","0",,,"5.436520198374181",
"grape","early_2005_2006","1999","0",,,"4","179.8316184583067","0",,,"5.1920209600715825",
"grape","early_2005_2006","2000","0",,,"4","164.0137146726594","0",,,"5.099950050380536",
"grape","early_2005_2006","2001","0",,,"4","118.24905416835074","0",,,"4.772793028763738",
"grape","early_2005_2006","2002","0",,,"4","133.52868097780635","0",,,"4.8943162935508235",
"grape","early_2005_2006","2003","0",,,"4","159.47142207060307","0",,,"5.071864734200544",
"grape","early_2005_2006","2004","0",,,"4","196.15088105540858","0",,,"5.278884164388571",
"grape","early_2005_2006","2005","4","127.35","174.01347395159877","0",,"4","174.01347395159877","5.159132732719919",,"5.159132732719919"
"grape","early_2005_2006","2006","4","105.925","150.33361839464823","0",,"4","150.33361839464823","5.01285694702777",,"5.01285694702777"
"grape","early_2005_2006","2007","4","117.85","163.3349023071658","0",,"4","163.3349023071658","5.095802708352665",,"5.095802708352665"
"grape","early_2005_2006","2008","4","102.1","142.26361941327517","0",,"4","142.26361941327517","4.957681811223217",,"4.957681811223217"
"grape","early_2005_2006","2009","4","69.85","97.4558739593595","0",,"4","97.4558739593595","4.579399700785128",,"4.579399700785128"
"grape","early_2005_2006","2010","4","73.4","96.37374461214569","0",,"4","96.37374461214569","4.5682338057249385",,"4.5682338057249385"
"grape","early_2005_2006","2011","4","80.45","98.16824134783657","0",,"4","98.16824134783657","4.586682755189647",,"4.586682755189647"
"grape","early_2005_2006","2012","4","88.95","101.0313400279214","0",,"4","101.0313400279214","4.61543076601516",,"4.61543076601516"
"grape","early_2005_2006","2013","4","81.575","95.23748200629021","0",,"4","95.23748200629021","4.556373582863976",,"4.556373582863976"
"grape","early_2005_2006","2014","4","70.7","84.387865371724","0",,"4","84.387865371724","4.435423616048724",,"4.435423616048724"
"grape","early_2005_2006","2015","4","62.725","73.69761109258815","0",,"4","73.69761109258815","4.299970384729488",,"4.299970384729488"
"grape","early_2005_2006","2016","4","64.475","74.74166604264767","0",,"4","74.74166604264767","4.314037714986946",,"4.314037714986946"
"grape","early_2005_2006","2017","4","74.725","81.44770285920575","0",,"4","81.44770285920575","4.399961131571221",,"4.399961131571221"
"grape","early_2005_2006","2018","4","85.175","92.44943131798391","0",,"4","92.44943131798391","4.526661806575533",,"4.526661806575533"
"grape","early_2005_2006","2019","4","93.05","101.40108060329493","0",,"4","101.40108060329493","4.619083747937527",,"4.619083747937527"
"grape","early_2005_2006","2020","4","100","101.4108427702134","0",,"4","101.4108427702134","4.619180016113122",,"4.619180016113122"
"grape","early_2005_2006","2021","4","105.875","93.76373101383263","0",,"4","93.76373101383263","4.540778118273242",,"4.540778118273242"
"grape","early_2005_2006","2022","4","109","99.2584645683512","0",,"4","99.2584645683512","4.597727201254151",,"4.597727201254151"
"grape","early_2005_2006","2023","4","75.125","68.64118251469668","0",,"4","68.64118251469668","4.2288926828095255",,"4.2288926828095255"
"grape","early_2005_2006","2024","4","71.6","60.81286382336798","0",,"4","60.81286382336798","4.1078013426353035",,"4.1078013426353035"
"grape","full_2005_2012","1980","0",,,"4","218.1564976469345","0",,,"5.38521268435151",
"grape","full_2005_2012","1981","0",,,"4","166.1727938563357","0",,,"5.113028173813255",
"grape","full_2005_2012","1982","0",,,"4","184.0157499258383","0",,,"5.21502135136877",
"grape","full_2005_2012","1983","0",,,"4","204.57879310493655","0",,,"5.320953197631934",
"grape","full_2005_2012","1984","0",,,"4","198.51511572750763","0",,,"5.290865246988743",
"grape","full_2005_2012","1985","0",,,"4","174.60727193449765","0",,,"5.162539291647581",
"grape","full_2005_2012","1986","0",,,"4","158.56521084868484","0",,,"5.066165933618151",
"grape","full_2005_2012","1987","0",,,"4","153.82826518827036","0",,,"5.035836819043693",
"grape","full_2005_2012","1988","0",,,"4","152.02252277136913","0",,,"5.024028685996707",
"grape","full_2005_2012","1989","0",,,"4","170.65590583303057","0",,,"5.1396492826239655",
"grape","full_2005_2012","1990","0",,,"4","145.34682549475986","0",,,"4.979122786345051",
"grape","full_2005_2012","1991","0",,,"4","150.36998509812176","0",,,"5.013098824432819",
"grape","full_2005_2012","1992","0",,,"4","167.05932387341133","0",,,"5.118348982111449",
"grape","full_2005_2012","1993","0",,,"4","171.30291597673727","0",,,"5.143433427816465",
"grape","full_2005_2012","1994","0",,,"4","247.37467464511914","0",,,"5.510904088692432",
"grape","full_2005_2012","1995","0",,,"4","326.4382273819288","0",,,"5.788240734436589",
"grape","full_2005_2012","1996","0",,,"4","234.8715622549842","0",,,"5.459038821138955",
"grape","full_2005_2012","1997","0",,,"4","244.96208367611024","0",,,"5.501103438062412",
"grape","full_2005_2012","1998","0",,,"4","229.6416839734587","0",,,"5.436520198374181",
"grape","full_2005_2012","1999","0",,,"4","179.8316184583067","0",,,"5.1920209600715825",
"grape","full_2005_2012","2000","0",,,"4","164.0137146726594","0",,,"5.099950050380536",
"grape","full_2005_2012","2001","0",,,"4","118.24905416835074","0",,,"4.772793028763738",
"grape","full_2005_2012","2002","0",,,"4","133.52868097780635","0",,,"4.8943162935508235",
"grape","full_2005_2012","2003","0",,,"4","159.47142207060307","0",,,"5.071864734200544",
"grape","full_2005_2012","2004","0",,,"4","196.15088105540858","0",,,"5.278884164388571",
"grape","full_2005_2012","2005","4","127.35","174.01347395159877","0",,"4","174.01347395159877","5.159132732719919",,"5.159132732719919"
"grape","full_2005_2012","2006","4","105.925","150.33361839464823","0",,"4","150.33361839464823","5.01285694702777",,"5.01285694702777"
"grape","full_2005_2012","2007","4","117.85","163.3349023071658","0",,"4","163.3349023071658","5.095802708352665",,"5.095802708352665"
"grape","full_2005_2012","2008","4","102.1","142.26361941327517","0",,"4","142.26361941327517","4.957681811223217",,"4.957681811223217"
"grape","full_2005_2012","2009","4","69.85","97.4558739593595","0",,"4","97.4558739593595","4.579399700785128",,"4.579399700785128"
"grape","full_2005_2012","2010","4","73.4","96.37374461214569","0",,"4","96.37374461214569","4.5682338057249385",,"4.5682338057249385"
"grape","full_2005_2012","2011","4","80.45","98.16824134783657","0",,"4","98.16824134783657","4.586682755189647",,"4.586682755189647"
"grape","full_2005_2012","2012","4","88.95","101.0313400279214","0",,"4","101.0313400279214","4.61543076601516",,"4.61543076601516"
"grape","full_2005_2012","2013","4","81.575","95.23748200629021","0",,"4","95.23748200629021","4.556373582863976",,"4.556373582863976"
"grape","full_2005_2012","2014","4","70.7","84.387865371724","0",,"4","84.387865371724","4.435423616048724",,"4.435423616048724"
"grape","full_2005_2012","2015","4","62.725","73.69761109258815","0",,"4","73.69761109258815","4.299970384729488",,"4.299970384729488"
"grape","full_2005_2012","2016","4","64.475","74.74166604264767","0",,"4","74.74166604264767","4.314037714986946",,"4.314037714986946"
"grape","full_2005_2012","2017","4","74.725","81.44770285920575","0",,"4","81.44770285920575","4.399961131571221",,"4.399961131571221"
"grape","full_2005_2012","2018","4","85.175","92.44943131798391","0",,"4","92.44943131798391","4.526661806575533",,"4.526661806575533"
"grape","full_2005_2012","2019","4","93.05","101.40108060329493","0",,"4","101.40108060329493","4.619083747937527",,"4.619083747937527"
"grape","full_2005_2012","2020","4","100","101.4108427702134","0",,"4","101.4108427702134","4.619180016113122",,"4.619180016113122"
"grape","full_2005_2012","2021","4","105.875","93.76373101383263","0",,"4","93.76373101383263","4.540778118273242",,"4.540778118273242"
"grape","full_2005_2012","2022","4","109","99.2584645683512","0",,"4","99.2584645683512","4.597727201254151",,"4.597727201254151"
"grape","full_2005_2012","2023","4","75.125","68.64118251469668","0",,"4","68.64118251469668","4.2288926828095255",,"4.2288926828095255"
"grape","full_2005_2012","2024","4","71.6","60.81286382336798","0",,"4","60.81286382336798","4.1078013426353035",,"4.1078013426353035"
"grape","late_2010_2012","1980","0",,,"4","218.1564976469345","0",,,"5.38521268435151",
"grape","late_2010_2012","1981","0",,,"4","166.1727938563357","0",,,"5.113028173813255",
"grape","late_2010_2012","1982","0",,,"4","184.0157499258383","0",,,"5.21502135136877",
"grape","late_2010_2012","1983","0",,,"4","204.57879310493655","0",,,"5.320953197631934",
"grape","late_2010_2012","1984","0",,,"4","198.51511572750763","0",,,"5.290865246988743",
"grape","late_2010_2012","1985","0",,,"4","174.60727193449765","0",,,"5.162539291647581",
"grape","late_2010_2012","1986","0",,,"4","158.56521084868484","0",,,"5.066165933618151",
"grape","late_2010_2012","1987","0",,,"4","153.82826518827036","0",,,"5.035836819043693",
"grape","late_2010_2012","1988","0",,,"4","152.02252277136913","0",,,"5.024028685996707",
"grape","late_2010_2012","1989","0",,,"4","170.65590583303057","0",,,"5.1396492826239655",
"grape","late_2010_2012","1990","0",,,"4","145.34682549475986","0",,,"4.979122786345051",
"grape","late_2010_2012","1991","0",,,"4","150.36998509812176","0",,,"5.013098824432819",
"grape","late_2010_2012","1992","0",,,"4","167.05932387341133","0",,,"5.118348982111449",
"grape","late_2010_2012","1993","0",,,"4","171.30291597673727","0",,,"5.143433427816465",
"grape","late_2010_2012","1994","0",,,"4","247.37467464511914","0",,,"5.510904088692432",
"grape","late_2010_2012","1995","0",,,"4","326.4382273819288","0",,,"5.788240734436589",
"grape","late_2010_2012","1996","0",,,"4","234.8715622549842","0",,,"5.459038821138955",
"grape","late_2010_2012","1997","0",,,"4","244.96208367611024","0",,,"5.501103438062412",
"grape","late_2010_2012","1998","0",,,"4","229.6416839734587","0",,,"5.436520198374181",
"grape","late_2010_2012","1999","0",,,"4","179.8316184583067","0",,,"5.1920209600715825",
"grape","late_2010_2012","2000","0",,,"4","164.0137146726594","0",,,"5.099950050380536",
"grape","late_2010_2012","2001","0",,,"4","118.24905416835074","0",,,"4.772793028763738",
"grape","late_2010_2012","2002","0",,,"4","133.52868097780635","0",,,"4.8943162935508235",
"grape","late_2010_2012","2003","0",,,"4","159.47142207060307","0",,,"5.071864734200544",
"grape","late_2010_2012","2004","0",,,"4","196.15088105540858","0",,,"5.278884164388571",
"grape","late_2010_2012","2005","4","127.35","174.01347395159877","0",,"4","174.01347395159877","5.159132732719919",,"5.159132732719919"
"grape","late_2010_2012","2006","4","105.925","150.33361839464823","0",,"4","150.33361839464823","5.01285694702777",,"5.01285694702777"
"grape","late_2010_2012","2007","4","117.85","163.3349023071658","0",,"4","163.3349023071658","5.095802708352665",,"5.095802708352665"
"grape","late_2010_2012","2008","4","102.1","142.26361941327517","0",,"4","142.26361941327517","4.957681811223217",,"4.957681811223217"
"grape","late_2010_2012","2009","4","69.85","97.4558739593595","0",,"4","97.4558739593595","4.579399700785128",,"4.579399700785128"
"grape","late_2010_2012","2010","4","73.4","96.37374461214569","0",,"4","96.37374461214569","4.5682338057249385",,"4.5682338057249385"
"grape","late_2010_2012","2011","4","80.45","98.16824134783657","0",,"4","98.16824134783657","4.586682755189647",,"4.586682755189647"
"grape","late_2010_2012","2012","4","88.95","101.0313400279214","0",,"4","101.0313400279214","4.61543076601516",,"4.61543076601516"
"grape","late_2010_2012","2013","4","81.575","95.23748200629021","0",,"4","95.23748200629021","4.556373582863976",,"4.556373582863976"
"grape","late_2010_2012","2014","4","70.7","84.387865371724","0",,"4","84.387865371724","4.435423616048724",,"4.435423616048724"
"grape","late_2010_2012","2015","4","62.725","73.69761109258815","0",,"4","73.69761109258815","4.299970384729488",,"4.299970384729488"
"grape","late_2010_2012","2016","4","64.475","74.74166604264767","0",,"4","74.74166604264767","4.314037714986946",,"4.314037714986946"
"grape","late_2010_2012","2017","4","74.725","81.44770285920575","0",,"4","81.44770285920575","4.399961131571221",,"4.399961131571221"
"grape","late_2010_2012","2018","4","85.175","92.44943131798391","0",,"4","92.44943131798391","4.526661806575533",,"4.526661806575533"
"grape","late_2010_2012","2019","4","93.05","101.40108060329493","0",,"4","101.40108060329493","4.619083747937527",,"4.619083747937527"
"grape","late_2010_2012","2020","4","100","101.4108427702134","0",,"4","101.4108427702134","4.619180016113122",,"4.619180016113122"
"grape","late_2010_2012","2021","4","105.875","93.76373101383263","0",,"4","93.76373101383263","4.540778118273242",,"4.540778118273242"
"grape","late_2010_2012","2022","4","109","99.2584645683512","0",,"4","99.2584645683512","4.597727201254151",,"4.597727201254151"
"grape","late_2010_2012","2023","4","75.125","68.64118251469668","0",,"4","68.64118251469668","4.2288926828095255",,"4.2288926828095255"
"grape","late_2010_2012","2024","4","71.6","60.81286382336798","0",,"4","60.81286382336798","4.1078013426353035",,"4.1078013426353035"
"green_onion","early_2005_2006","1980","4","40.43571051985026","184.56397312397723","4","172.87591567456212","0",,"5.217996141180258","5.152574086714566",
"green_onion","early_2005_2006","1981","4","51.29863737237769","176.6358795673937","4","165.44989200401986","0",,"5.174090436092211","5.108668381626519",
"green_onion","early_2005_2006","1982","4","43.45170741010972","141.11722122936783","4","132.18055736744105","0",,"4.9495909012296355","4.884168846763943",
"green_onion","early_2005_2006","1983","4","36.111891969212806","115.04798772290016","4","107.76223489051182","0",,"4.745349325871224","4.679927271405532",
"green_onion","early_2005_2006","1984","4","100.59550689723804","325.02213559592866","4","304.4391511224368","0",,"5.783893289536324","5.7184712350706315",
"green_onion","early_2005_2006","1985","4","61.1740254201299","190.18833963657963","4","178.14410260453434","0",,"5.248014842430644","5.182592787964952",
"green_onion","early_2005_2006","1986","4","62.58860803237549","200.80004889735443","4","188.08379410703782","0",,"5.302309631330266","5.236887576864573",
"green_onion","early_2005_2006","1987","4","45.05312168812359","140.83767452682946","4","131.91871378357615","0",,"4.947607982696613","4.88218592823092",
"green_onion","early_2005_2006","1988","4","88.29130719449813","242.46258925648348","4","227.10793133166686","0",,"5.490847427369242","5.4254253729035495",
"green_onion","early_2005_2006","1989","4","105.07946687567687","274.626891969882","4","257.2353347977673","0",,"5.615413419966003","5.54999136550031",
"green_onion","early_2005_2006","1990","4","130.08821985066018","302.6409847174576","4","283.47535257347954","0",,"5.712547234077931","5.647125179612239",
"green_onion","early_2005_2006","1991","4","114.12745754645526","243.55347117623893","4","228.12972993937169","0",,"5.49533651256831","5.429914458102617",
"green_onion","early_2005_2006","1992","4","78.97641414405076","161.36039058292175","4","151.14176837149824","0",,"5.083640314211456","5.018218259745764",
"green_onion","early_2005_2006","1993","4","82.04579151024403","168.84972937524284","4","158.1568227160957","0",,"5.1290091440778065","5.063587089612114",
"green_onion","early_2005_2006","1994","4","129.9814588987926","249.40296191001022","4","233.60878443583778","0",,"5.5190699093181985","5.453647854852506",
"green_onion","early_2005_2006","1995","4","122.2412898883922","210.3480014455346","4","197.02709442532446","0",,"5.34876330890052","5.283341254434828",
"green_onion","early_2005_2006","1996","4","141.91199526999594","232.82550280732113","4","218.08114177932697","0",,"5.450289257998737","5.3848672035330445",
"green_onion","early_2005_2006","1997","4","168.4154015711255","283.8559919795216","4","265.87997485407345","0",,"5.648467039062845","5.583044984597152",
"green_onion","early_2005_2006","1998","4","184.00250054379384","312.53118127592126","4","292.73922329161417","0",,"5.744704244281703","5.679282189816011",
"green_onion","early_2005_2006","1999","4","206.34222972208735","328.3874489571883","4","307.5913460985863","0",,"5.794194158081743","5.728772103616051",
"green_onion","early_2005_2006","2000","4","198.94903380525668","302.62765304927416","4","283.46286517246796","0",,"5.712503182007978","5.647081127542286",
"green_onion","early_2005_2006","2001","4","173.05950297736575","253.69551697443322","4","237.62950080201142","0",,"5.5361347958713925","5.4707127414057",
"green_onion","early_2005_2006","2002","4","192.57006693116807","273.4518652614526","4","256.1347201180792","0",,"5.6111256109852885","5.545703556519596",
"green_onion","early_2005_2006","2003","4","351.4837437860779","469.015619681813","4","439.31382352557335","0",,"6.15063607211732","6.085214017651627",
"green_onion","early_2005_2006","2004","4","165.18588277713087","212.92377599004544","4","199.43975045681566","0",,"5.360934242460876","5.295512187995183",
"green_onion","early_2005_2006","2005","4","89.725","126.482441519932","4","118.4820808053006","4","126.482441519932","4.84010349631968","4.774761732307861","4.84010349631968"
"green_onion","early_2005_2006","2006","4","108.8","153.52653167365406","4","143.82608650920542","4","153.52653167365406","5.03387339687082","4.968604837104313","5.03387339687082"
"green_onion","early_2005_2006","2007","4","89.6","125.01820030174711","4","117.13467544799218","4","125.01820030174711","4.828459329117275","4.763324345027146","4.828459329117275"
"green_onion","early_2005_2006","2008","4","76.65","106.58384074619882","4","99.87555874264166","4","106.58384074619882","4.668931912494433","4.603924998490231","4.668931912494433"
"green_onion","early_2005_2006","2009","4","76.575","107.25502523903728","4","100.42719379496836","4","107.25502523903728","4.675209412086087","4.609433025114719","4.675209412086087"
"green_onion","early_2005_2006","2010","4","125.4","164.31013707809387","4","153.94508493610562","4","164.31013707809387","5.101755721728463","5.036595947495835","5.101755721728463"
"green_onion","early_2005_2006","2011","4","106.9","130.27187851291708","4","120.69699786319208","4","130.27187851291708","4.869623639755323","4.793283255078265","4.869623639755323"
"green_onion","early_2005_2006","2012","4","115.45","131.9860029328318","4","121.77769861401501","4","131.9860029328318","4.882695878576266","4.802197240104135","4.882695878576266"
"green_onion","early_2005_2006","2013","4","111.425","128.936100764668","0",,"4","128.936100764668","4.859316938729294",,"4.859316938729294"
"green_onion","early_2005_2006","2014","4","72.1","85.87910111312657","0",,"4","85.87910111312657","4.4529405061780505",,"4.4529405061780505"
"green_onion","early_2005_2006","2015","4","89.925","105.8198322495626","0",,"4","105.8198322495626","4.66173795223151",,"4.66173795223151"
"green_onion","early_2005_2006","2016","4","120.35","138.29117849566228","0",,"4","138.29117849566228","4.929361451355523",,"4.929361451355523"
"green_onion","early_2005_2006","2017","4","102","110.50077049036662","0",,"4","110.50077049036662","4.705022493696997",,"4.705022493696997"
"green_onion","early_2005_2006","2018","4","99.57499999999999","107.46040009141193","0",,"4","107.46040009141193","4.6771224084596845",,"4.6771224084596845"
"green_onion","early_2005_2006","2019","4","75.55","82.87564625929575","0",,"4","82.87564625929575","4.417341246476174",,"4.417341246476174"
"green_onion","early_2005_2006","2020","4","100","98.90343407745033","0",,"4","98.90343407745033","4.594143960750319",,"4.594143960750319"
"green_onion","early_2005_2006","2021","4","145.525","127.23801711308607","0",,"4","127.23801711308607","4.84605948292649",,"4.84605948292649"
"green_onion","early_2005_2006","2022","4","96.325","88.38443256474238","0",,"4","88.38443256474238","4.481695851926987",,"4.481695851926987"
"green_onion","early_2005_2006","2023","4","126.225","114.97703650672725","0",,"4","114.97703650672725","4.7447324258738375",,"4.7447324258738375"
"green_onion","early_2005_2006","2024","4","131.1","110.87992163378664","0",,"4","110.87992163378664","4.70844782867535",,"4.70844782867535"
"green_onion","full_2005_2012","1980","4","40.57100754502693","185.18152024253726","4","172.87591567456212","0",,"5.221336534525771","5.152574086714566",
"green_onion","full_2005_2012","1981","4","51.470281519169475","177.22689945396647","4","165.44989200401986","0",,"5.177430829437724","5.108668381626519",
"green_onion","full_2005_2012","1982","4","43.597095896570195","141.5893964425166","4","132.18055736744105","0",,"4.95293129457515","4.884168846763943",
"green_onion","full_2005_2012","1983","4","36.232721589717116","115.43293583661833","4","107.76223489051182","0",,"4.748689719216737","4.679927271405532",
"green_onion","full_2005_2012","1984","4","100.93209731828813","326.10965273108843","4","304.4391511224368","0",,"5.787233682881837","5.7184712350706315",
"green_onion","full_2005_2012","1985","4","61.378712404753614","190.8247057655608","4","178.14410260453434","0",,"5.251355235776157","5.182592787964952",
"green_onion","full_2005_2012","1986","4","62.79802818025621","201.47192157924547","4","188.08379410703782","0",,"5.305650024675779","5.236887576864573",
"green_onion","full_2005_2012","1987","4","45.203868472610864","141.30891438267238","4","131.91871378357615","0",,"4.950948376042127","4.88218592823092",
"green_onion","full_2005_2012","1988","4","88.58672802570896","243.27386391003336","4","227.10793133166686","0",,"5.494187820714755","5.4254253729035495",
"green_onion","full_2005_2012","1989","4","105.431060531202","275.54578769446186","4","257.2353347977673","0",,"5.618753813311516","5.54999136550031",
"green_onion","full_2005_2012","1990","4","130.52349226037046","303.653614999018","4","283.47535257347954","0",,"5.715887627423444","5.647125179612239",
"green_onion","full_2005_2012","1991","4","114.50932558583179","244.36839589743113","4","228.12972993937169","0",,"5.498676905913823","5.429914458102617",
"green_onion","full_2005_2012","1992","4","79.24066754173906","161.90029900907635","4","151.14176837149824","0",,"5.086980707556969","5.018218259745764",
"green_onion","full_2005_2012","1993","4","82.32031497915035","169.41469696929914","4","158.1568227160957","0",,"5.132349537423321","5.063587089612114",
"green_onion","full_2005_2012","1994","4","130.41637408863443","250.23745890246715","4","233.60878443583778","0",,"5.522410302663713","5.453647854852506",
"green_onion","full_2005_2012","1995","4","122.6503066377712","211.051821373058","4","197.02709442532446","0",,"5.352103702246033","5.283341254434828",
"green_onion","full_2005_2012","1996","4","142.38682978013742","233.60453197510657","4","218.08114177932697","0",,"5.45362965134425","5.3848672035330445",
"green_onion","full_2005_2012","1997","4","168.9789159136105","284.8057680759389","4","265.87997485407345","0",,"5.651807432408358","5.583044984597152",
"green_onion","full_2005_2012","1998","4","184.61816898707303","313.57690394427465","4","292.73922329161417","0",,"5.748044637627216","5.679282189816011",
"green_onion","full_2005_2012","1999","4","207.03264642284037","329.48622635909527","4","307.5913460985863","0",,"5.7975345514272565","5.728772103616051",
"green_onion","full_2005_2012","2000","4","199.6147130301193","303.640238723357","4","283.46286517246796","0",,"5.7158435753534915","5.647081127542286",
"green_onion","full_2005_2012","2001","4","173.63855638412846","254.5443767646043","4","237.62950080201142","0",,"5.5394751892169065","5.4707127414057",
"green_onion","full_2005_2012","2002","4","193.21440226889064","274.3668293717215","4","256.1347201180792","0",,"5.614466004330802","5.545703556519596",
"green_onion","full_2005_2012","2003","4","352.65980089799314","470.584935944308","4","439.31382352557335","0",,"6.153976465462834","6.085214017651627",
"green_onion","full_2005_2012","2004","4","165.73859121859516","213.63621440427076","4","199.43975045681566","0",,"5.36427463580639","5.295512187995183",
"green_onion","full_2005_2012","2005","4","89.725","126.482441519932","4","118.4820808053006","4","126.482441519932","4.84010349631968","4.774761732307861","4.84010349631968"
"green_onion","full_2005_2012","2006","4","108.8","153.52653167365406","4","143.82608650920542","4","153.52653167365406","5.03387339687082","4.968604837104313","5.03387339687082"
"green_onion","full_2005_2012","2007","4","89.6","125.01820030174711","4","117.13467544799218","4","125.01820030174711","4.828459329117275","4.763324345027146","4.828459329117275"
"green_onion","full_2005_2012","2008","4","76.65","106.58384074619882","4","99.87555874264166","4","106.58384074619882","4.668931912494433","4.603924998490231","4.668931912494433"
"green_onion","full_2005_2012","2009","4","76.575","107.25502523903728","4","100.42719379496836","4","107.25502523903728","4.675209412086087","4.609433025114719","4.675209412086087"
"green_onion","full_2005_2012","2010","4","125.4","164.31013707809387","4","153.94508493610562","4","164.31013707809387","5.101755721728463","5.036595947495835","5.101755721728463"
"green_onion","full_2005_2012","2011","4","106.9","130.27187851291708","4","120.69699786319208","4","130.27187851291708","4.869623639755323","4.793283255078265","4.869623639755323"
"green_onion","full_2005_2012","2012","4","115.45","131.9860029328318","4","121.77769861401501","4","131.9860029328318","4.882695878576266","4.802197240104135","4.882695878576266"
"green_onion","full_2005_2012","2013","4","111.425","128.936100764668","0",,"4","128.936100764668","4.859316938729294",,"4.859316938729294"
"green_onion","full_2005_2012","2014","4","72.1","85.87910111312657","0",,"4","85.87910111312657","4.4529405061780505",,"4.4529405061780505"
"green_onion","full_2005_2012","2015","4","89.925","105.8198322495626","0",,"4","105.8198322495626","4.66173795223151",,"4.66173795223151"
"green_onion","full_2005_2012","2016","4","120.35","138.29117849566228","0",,"4","138.29117849566228","4.929361451355523",,"4.929361451355523"
"green_onion","full_2005_2012","2017","4","102","110.50077049036662","0",,"4","110.50077049036662","4.705022493696997",,"4.705022493696997"
"green_onion","full_2005_2012","2018","4","99.57499999999999","107.46040009141193","0",,"4","107.46040009141193","4.6771224084596845",,"4.6771224084596845"
"green_onion","full_2005_2012","2019","4","75.55","82.87564625929575","0",,"4","82.87564625929575","4.417341246476174",,"4.417341246476174"
"green_onion","full_2005_2012","2020","4","100","98.90343407745033","0",,"4","98.90343407745033","4.594143960750319",,"4.594143960750319"
"green_onion","full_2005_2012","2021","4","145.525","127.23801711308607","0",,"4","127.23801711308607","4.84605948292649",,"4.84605948292649"
"green_onion","full_2005_2012","2022","4","96.325","88.38443256474238","0",,"4","88.38443256474238","4.481695851926987",,"4.481695851926987"
"green_onion","full_2005_2012","2023","4","126.225","114.97703650672725","0",,"4","114.97703650672725","4.7447324258738375",,"4.7447324258738375"
"green_onion","full_2005_2012","2024","4","131.1","110.87992163378664","0",,"4","110.87992163378664","4.70844782867535",,"4.70844782867535"
"green_onion","late_2010_2012","1980","4","40.803893753510025","186.24450153730936","4","172.87591567456212","0",,"5.227060334876556","5.152574086714566",
"green_onion","late_2010_2012","1981","4","51.76573187739028","178.24421953430323","4","165.44989200401986","0",,"5.1831546297885085","5.108668381626519",
"green_onion","late_2010_2012","1982","4","43.84735249552101","142.40214967922907","4","132.18055736744105","0",,"4.958655094925933","4.884168846763943",
"green_onion","late_2010_2012","1983","4","36.44070511452084","116.0955454287323","4","107.76223489051182","0",,"4.754413519567521","4.679927271405532",
"green_onion","late_2010_2012","1984","4","101.51146901450778","327.9815914668962","4","304.4391511224368","0",,"5.7929574832326205","5.7184712350706315",
"green_onion","late_2010_2012","1985","4","61.73103926273596","191.92008014494542","4","178.14410260453434","0",,"5.257079036126941","5.182592787964952",
"green_onion","late_2010_2012","1986","4","63.158502212528724","202.62841324094063","4","188.08379410703782","0",,"5.311373825026563","5.236887576864573",
"green_onion","late_2010_2012","1987","4","45.46334828773922","142.1200575927324","4","131.91871378357615","0",,"4.95667217639291","4.88218592823092",
"green_onion","late_2010_2012","1988","4","89.09523467763114","244.6703076075719","4","227.10793133166686","0",,"5.499911621065539","5.4254253729035495",
"green_onion","late_2010_2012","1989","4","106.0362572327188","277.1274790953578","4","257.2353347977673","0",,"5.6244776136623","5.54999136550031",
"green_onion","late_2010_2012","1990","4","131.27272485452664","305.3966513042126","4","283.47535257347954","0",,"5.721611427774229","5.647125179612239",
"green_onion","late_2010_2012","1991","4","115.16663345875173","245.77112244126886","4","228.12972993937169","0",,"5.504400706264607","5.429914458102617",
"green_onion","late_2010_2012","1992","4","79.69552581956182","162.8296411445079","4","151.14176837149824","0",,"5.0927045079077535","5.018218259745764",
"green_onion","late_2010_2012","1993","4","82.79285108798008","170.3871733465423","4","158.1568227160957","0",,"5.138073337774104","5.063587089612114",
"green_onion","late_2010_2012","1994","4","131.1649918017121","251.6738751156845","4","233.60878443583778","0",,"5.528134103014496","5.453647854852506",
"green_onion","late_2010_2012","1995","4","123.35434547265737","212.26330369620402","4","197.02709442532446","0",,"5.357827502596817","5.283341254434828",
"green_onion","late_2010_2012","1996","4","143.2041604537378","234.9454716516915","4","218.08114177932697","0",,"5.459353451695034","5.3848672035330445",
"green_onion","late_2010_2012","1997","4","169.94889081494935","286.4406137328457","4","265.87997485407345","0",,"5.657531232759142","5.583044984597152",
"green_onion","late_2010_2012","1998","4","185.67791652587334","315.3769020376521","4","292.73922329161417","0",,"5.7537684379780005","5.679282189816011",
"green_onion","late_2010_2012","1999","4","208.22105782731748","331.37754734536884","4","307.5913460985863","0",,"5.80325835177804","5.728772103616051",
"green_onion","late_2010_2012","2000","4","200.76054391991005","305.38319824588564","4","283.46286517246796","0",,"5.721567375704276","5.647081127542286",
"green_onion","late_2010_2012","2001","4","174.6352786123822","256.00551560197755","4","237.62950080201142","0",,"5.54519898956769","5.4707127414057",
"green_onion","late_2010_2012","2002","4","194.32349401424082","275.94175330120476","4","256.1347201180792","0",,"5.620189804681585","5.545703556519596",
"green_onion","late_2010_2012","2003","4","354.6841431286954","473.2861935204158","4","439.31382352557335","0",,"6.159700265813617","6.085214017651627",
"green_onion","late_2010_2012","2004","4","166.68996596730926","214.8625316928438","4","199.43975045681566","0",,"5.369998436157173","5.295512187995183",
"green_onion","late_2010_2012","2005","4","89.725","126.482441519932","4","118.4820808053006","4","126.482441519932","4.84010349631968","4.774761732307861","4.84010349631968"
"green_onion","late_2010_2012","2006","4","108.8","153.52653167365406","4","143.82608650920542","4","153.52653167365406","5.03387339687082","4.968604837104313","5.03387339687082"
"green_onion","late_2010_2012","2007","4","89.6","125.01820030174711","4","117.13467544799218","4","125.01820030174711","4.828459329117275","4.763324345027146","4.828459329117275"
"green_onion","late_2010_2012","2008","4","76.65","106.58384074619882","4","99.87555874264166","4","106.58384074619882","4.668931912494433","4.603924998490231","4.668931912494433"
"green_onion","late_2010_2012","2009","4","76.575","107.25502523903728","4","100.42719379496836","4","107.25502523903728","4.675209412086087","4.609433025114719","4.675209412086087"
"green_onion","late_2010_2012","2010","4","125.4","164.31013707809387","4","153.94508493610562","4","164.31013707809387","5.101755721728463","5.036595947495835","5.101755721728463"
"green_onion","late_2010_2012","2011","4","106.9","130.27187851291708","4","120.69699786319208","4","130.27187851291708","4.869623639755323","4.793283255078265","4.869623639755323"
"green_onion","late_2010_2012","2012","4","115.45","131.9860029328318","4","121.77769861401501","4","131.9860029328318","4.882695878576266","4.802197240104135","4.882695878576266"
"green_onion","late_2010_2012","2013","4","111.425","128.936100764668","0",,"4","128.936100764668","4.859316938729294",,"4.859316938729294"
"green_onion","late_2010_2012","2014","4","72.1","85.87910111312657","0",,"4","85.87910111312657","4.4529405061780505",,"4.4529405061780505"
"green_onion","late_2010_2012","2015","4","89.925","105.8198322495626","0",,"4","105.8198322495626","4.66173795223151",,"4.66173795223151"
"green_onion","late_2010_2012","2016","4","120.35","138.29117849566228","0",,"4","138.29117849566228","4.929361451355523",,"4.929361451355523"
"green_onion","late_2010_2012","2017","4","102","110.50077049036662","0",,"4","110.50077049036662","4.705022493696997",,"4.705022493696997"
"green_onion","late_2010_2012","2018","4","99.57499999999999","107.46040009141193","0",,"4","107.46040009141193","4.6771224084596845",,"4.6771224084596845"
"green_onion","late_2010_2012","2019","4","75.55","82.87564625929575","0",,"4","82.87564625929575","4.417341246476174",,"4.417341246476174"
"green_onion","late_2010_2012","2020","4","100","98.90343407745033","0",,"4","98.90343407745033","4.594143960750319",,"4.594143960750319"
"green_onion","late_2010_2012","2021","4","145.525","127.23801711308607","0",,"4","127.23801711308607","4.84605948292649",,"4.84605948292649"
"green_onion","late_2010_2012","2022","4","96.325","88.38443256474238","0",,"4","88.38443256474238","4.481695851926987",,"4.481695851926987"
"green_onion","late_2010_2012","2023","4","126.225","114.97703650672725","0",,"4","114.97703650672725","4.7447324258738375",,"4.7447324258738375"
"green_onion","late_2010_2012","2024","4","131.1","110.87992163378664","0",,"4","110.87992163378664","4.70844782867535",,"4.70844782867535"
"green_plum","early_2005_2006","2000","0",,,"4","211.35565423349462","0",,,"5.353542279593174",
"green_plum","early_2005_2006","2001","0",,,"4","246.30915755586852","0",,,"5.506587484930112",
"green_plum","early_2005_2006","2002","0",,,"4","195.3259975981679","0",,,"5.274669945245513",
"green_plum","early_2005_2006","2003","0",,,"4","161.69995813977627","0",,,"5.085742507707185",
"green_plum","early_2005_2006","2004","0",,,"4","154.4648088578199","0",,,"5.039966296010233",
"green_plum","early_2005_2006","2005","0",,,"4","135.55447375576512","0",,,"4.909373579868981",
"green_plum","early_2005_2006","2006","0",,,"4","150.81500054082989","0",,,"5.016053923709163",
"green_plum","early_2005_2006","2007","0",,,"4","178.58366332160168","0",,,"5.185057193494985",
"green_plum","early_2005_2006","2008","0",,,"4","218.04196727342114","0",,,"5.384687554689871",
"green_plum","early_2005_2006","2009","0",,,"4","221.58081097946803","0",,,"5.400787358070792",
"green_plum","early_2005_2006","2010","0",,,"4","222.66962104991342","0",,,"5.4056891529687485",
"green_plum","early_2005_2006","2011","0",,,"4","213.86587933508486","0",,,"5.365349086464162",
"green_plum","early_2005_2006","2012","0",,,"4","373.5178423112048","0",,,"5.9229657740107555",
"green_plum","early_2005_2006","2015","4","78.69999999999999","92.53389784782816","0",,"4","92.53389784782816","4.527575040606898",,"4.527575040606898"
"green_plum","early_2005_2006","2016","4","76.525","88.23252432341718","0",,"4","88.23252432341718","4.479975651540106",,"4.479975651540106"
"green_plum","early_2005_2006","2017","4","66.45","72.2404886288662","0",,"4","72.2404886288662","4.280000673051333",,"4.280000673051333"
"green_plum","early_2005_2006","2018","4","63.05","68.28496739615008","0",,"4","68.28496739615008","4.223689645663042",,"4.223689645663042"
"green_plum","early_2005_2006","2019","4","72.275","79.10409844262914","0",,"4","79.10409844262914","4.370764686865336",,"4.370764686865336"
"green_plum","early_2005_2006","2020","4","100.025","99.53701628735499","0",,"4","99.53701628735499","4.600529597969645",,"4.600529597969645"
"green_plum","early_2005_2006","2021","4","99.625","88.3171367641838","0",,"4","88.3171367641838","4.480934163119493",,"4.480934163119493"
"green_plum","early_2005_2006","2022","4","95.625","87.72716288187868","0",,"4","87.72716288187868","4.474231576416169",,"4.474231576416169"
"green_plum","early_2005_2006","2023","4","100.6","91.94684376550688","0",,"4","91.94684376550688","4.521210624909339",,"4.521210624909339"
"green_plum","early_2005_2006","2024","4","119.05000000000001","102.10995587412981","0",,"4","102.10995587412981","4.626050231426817",,"4.626050231426817"
"green_plum","full_2005_2012","2000","0",,,"4","211.35565423349462","0",,,"5.353542279593174",
"green_plum","full_2005_2012","2001","0",,,"4","246.30915755586852","0",,,"5.506587484930112",
"green_plum","full_2005_2012","2002","0",,,"4","195.3259975981679","0",,,"5.274669945245513",
"green_plum","full_2005_2012","2003","0",,,"4","161.69995813977627","0",,,"5.085742507707185",
"green_plum","full_2005_2012","2004","0",,,"4","154.4648088578199","0",,,"5.039966296010233",
"green_plum","full_2005_2012","2005","0",,,"4","135.55447375576512","0",,,"4.909373579868981",
"green_plum","full_2005_2012","2006","0",,,"4","150.81500054082989","0",,,"5.016053923709163",
"green_plum","full_2005_2012","2007","0",,,"4","178.58366332160168","0",,,"5.185057193494985",
"green_plum","full_2005_2012","2008","0",,,"4","218.04196727342114","0",,,"5.384687554689871",
"green_plum","full_2005_2012","2009","0",,,"4","221.58081097946803","0",,,"5.400787358070792",
"green_plum","full_2005_2012","2010","0",,,"4","222.66962104991342","0",,,"5.4056891529687485",
"green_plum","full_2005_2012","2011","0",,,"4","213.86587933508486","0",,,"5.365349086464162",
"green_plum","full_2005_2012","2012","0",,,"4","373.5178423112048","0",,,"5.9229657740107555",
"green_plum","full_2005_2012","2015","4","78.69999999999999","92.53389784782816","0",,"4","92.53389784782816","4.527575040606898",,"4.527575040606898"
"green_plum","full_2005_2012","2016","4","76.525","88.23252432341718","0",,"4","88.23252432341718","4.479975651540106",,"4.479975651540106"
"green_plum","full_2005_2012","2017","4","66.45","72.2404886288662","0",,"4","72.2404886288662","4.280000673051333",,"4.280000673051333"
"green_plum","full_2005_2012","2018","4","63.05","68.28496739615008","0",,"4","68.28496739615008","4.223689645663042",,"4.223689645663042"
"green_plum","full_2005_2012","2019","4","72.275","79.10409844262914","0",,"4","79.10409844262914","4.370764686865336",,"4.370764686865336"
"green_plum","full_2005_2012","2020","4","100.025","99.53701628735499","0",,"4","99.53701628735499","4.600529597969645",,"4.600529597969645"
"green_plum","full_2005_2012","2021","4","99.625","88.3171367641838","0",,"4","88.3171367641838","4.480934163119493",,"4.480934163119493"
"green_plum","full_2005_2012","2022","4","95.625","87.72716288187868","0",,"4","87.72716288187868","4.474231576416169",,"4.474231576416169"
"green_plum","full_2005_2012","2023","4","100.6","91.94684376550688","0",,"4","91.94684376550688","4.521210624909339",,"4.521210624909339"
"green_plum","full_2005_2012","2024","4","119.05000000000001","102.10995587412981","0",,"4","102.10995587412981","4.626050231426817",,"4.626050231426817"
"green_plum","late_2010_2012","2000","0",,,"4","211.35565423349462","0",,,"5.353542279593174",
"green_plum","late_2010_2012","2001","0",,,"4","246.30915755586852","0",,,"5.506587484930112",
"green_plum","late_2010_2012","2002","0",,,"4","195.3259975981679","0",,,"5.274669945245513",
"green_plum","late_2010_2012","2003","0",,,"4","161.69995813977627","0",,,"5.085742507707185",
"green_plum","late_2010_2012","2004","0",,,"4","154.4648088578199","0",,,"5.039966296010233",
"green_plum","late_2010_2012","2005","0",,,"4","135.55447375576512","0",,,"4.909373579868981",
"green_plum","late_2010_2012","2006","0",,,"4","150.81500054082989","0",,,"5.016053923709163",
"green_plum","late_2010_2012","2007","0",,,"4","178.58366332160168","0",,,"5.185057193494985",
"green_plum","late_2010_2012","2008","0",,,"4","218.04196727342114","0",,,"5.384687554689871",
"green_plum","late_2010_2012","2009","0",,,"4","221.58081097946803","0",,,"5.400787358070792",
"green_plum","late_2010_2012","2010","0",,,"4","222.66962104991342","0",,,"5.4056891529687485",
"green_plum","late_2010_2012","2011","0",,,"4","213.86587933508486","0",,,"5.365349086464162",
"green_plum","late_2010_2012","2012","0",,,"4","373.5178423112048","0",,,"5.9229657740107555",
"green_plum","late_2010_2012","2015","4","78.69999999999999","92.53389784782816","0",,"4","92.53389784782816","4.527575040606898",,"4.527575040606898"
"green_plum","late_2010_2012","2016","4","76.525","88.23252432341718","0",,"4","88.23252432341718","4.479975651540106",,"4.479975651540106"
"green_plum","late_2010_2012","2017","4","66.45","72.2404886288662","0",,"4","72.2404886288662","4.280000673051333",,"4.280000673051333"
"green_plum","late_2010_2012","2018","4","63.05","68.28496739615008","0",,"4","68.28496739615008","4.223689645663042",,"4.223689645663042"
"green_plum","late_2010_2012","2019","4","72.275","79.10409844262914","0",,"4","79.10409844262914","4.370764686865336",,"4.370764686865336"
"green_plum","late_2010_2012","2020","4","100.025","99.53701628735499","0",,"4","99.53701628735499","4.600529597969645",,"4.600529597969645"
"green_plum","late_2010_2012","2021","4","99.625","88.3171367641838","0",,"4","88.3171367641838","4.480934163119493",,"4.480934163119493"
"green_plum","late_2010_2012","2022","4","95.625","87.72716288187868","0",,"4","87.72716288187868","4.474231576416169",,"4.474231576416169"
"green_plum","late_2010_2012","2023","4","100.6","91.94684376550688","0",,"4","91.94684376550688","4.521210624909339",,"4.521210624909339"
"green_plum","late_2010_2012","2024","4","119.05000000000001","102.10995587412981","0",,"4","102.10995587412981","4.626050231426817",,"4.626050231426817"
"leaf_lettuce","early_2005_2006","1980","4","28.184080083653512","130.49440970291667","4","118.29842088205268","0",,"4.871330388319652","4.7732104224764225",
"leaf_lettuce","early_2005_2006","1981","4","24.902372128707555","86.51560282690065","4","78.4298669910949","0",,"4.460324777173149","4.362204811329919",
"leaf_lettuce","early_2005_2006","1982","4","26.39155052843093","85.94023369650846","4","77.90827177713413","0",,"4.453652097641598","4.355532131798368",
"leaf_lettuce","early_2005_2006","1983","4","30.004187016648746","94.81086915263472","4","85.94985891538096","0",,"4.55188405619757","4.4537640903543405",
"leaf_lettuce","early_2005_2006","1984","4","29.700835861149542","95.61969848733162","4","86.68309517642504","0",,"4.560378849954454","4.4622588841112245",
"leaf_lettuce","early_2005_2006","1985","4","38.360132481763245","119.86668642730183","4","108.6639630999997","0",,"4.786380178784474","4.688260212941244",
"leaf_lettuce","early_2005_2006","1986","4","35.82301372667897","114.70683719139853","4","103.98635263387732","0",,"4.742379631699635","4.6442596658564055",
"leaf_lettuce","early_2005_2006","1987","4","33.671978260411876","105.50799530709682","4","95.6472331931749","0",,"4.658786734945982","4.5606667691027525",
"leaf_lettuce","early_2005_2006","1988","4","41.86245945889044","115.01030903395062","4","104.26146204153554","0",,"4.745021768118971","4.646901802275741",
"leaf_lettuce","early_2005_2006","1989","4","73.2730927419446","191.72403088349057","4","173.80553044604406","0",,"5.256056998916492","5.157937033073262",
"leaf_lettuce","early_2005_2006","1990","4","70.62566447576971","165.4958819639504","4","150.028660563996","0",,"5.1089463121144965","5.0108263462712666",
"leaf_lettuce","early_2005_2006","1991","4","41.173025014574065","87.83133531175466","4","79.62263130656096","0",,"4.475418331180809","4.377298365337579",
"leaf_lettuce","early_2005_2006","1992","4","34.96811501572667","71.44595729287175","4","64.7686283680273","0",,"4.2689413218495975","4.170821356006368",
"leaf_lettuce","early_2005_2006","1993","4","38.360132481763245","79.20901569448017","4","71.80615244446977","0",,"4.372090126867987","4.2739701610247565",
"leaf_lettuce","early_2005_2006","1994","4","48.06736945773784","91.363074606041","4","82.82429475277549","0",,"4.514841399085307","4.416721433242077",
"leaf_lettuce","early_2005_2006","1995","4","67.12333749864251","115.69983816097206","4","104.88654787520858","0",,"4.75099923541708","4.65287926957385",
"leaf_lettuce","early_2005_2006","1996","4","104.43552962504486","171.34265131234034","4","155.32899168738095","0",,"5.14366536039972","5.04554539455649",
"leaf_lettuce","early_2005_2006","1997","4","110.3646658461657","185.9631113611594","4","168.58302563628337","0",,"5.225548328028724","5.127428362185494",
"leaf_lettuce","early_2005_2006","1998","4","93.26669162711954","158.30062726779397","4","143.50587334010427","0",,"5.064495929404662","4.966375963561432",
"leaf_lettuce","early_2005_2006","1999","4","117.72782571146462","186.4873019385634","4","169.0582254374803","0",,"5.228363150645602","5.130243184802372",
"leaf_lettuce","early_2005_2006","2000","4","171.66917663477798","260.5352853374491","4","236.1856949247257","0",,"5.562738304371632","5.464618338528402",
"leaf_lettuce","early_2005_2006","2001","4","209.1744104055889","307.58615326839214","4","278.83919548488154","0",,"5.728755221235926","5.630635255392695",
"leaf_lettuce","early_2005_2006","2002","4","217.9164391595206","308.33730417758784","4","279.520143937802","0",,"5.731194327175188","5.633074361331958",
"leaf_lettuce","early_2005_2006","2003","4","252.74666728638397","337.58644595898335","4","306.03566512197904","0",,"5.82182161369008","5.72370164784685",
"leaf_lettuce","early_2005_2006","2004","4","177.15707481153635","229.27246741227268","4","207.84469548044953","0",,"5.434911110313877","5.336791144470647",
"leaf_lettuce","early_2005_2006","2005","4","93.325","131.92213554641168","4","119.62622442709785","4","131.92213554641168","4.8822118663132485","4.7843720852659635","4.8822118663132485"
"leaf_lettuce","early_2005_2006","2006","4","86.825","122.24015260927555","4","110.83628577962516","4","122.24015260927555","4.805987573857185","4.708054209686157","4.805987573857185"
"leaf_lettuce","early_2005_2006","2007","4","93.1","130.24188057996403","4","118.14085490562452","4","130.24188057996403","4.86939334149246","4.771877598230294","4.86939334149246"
"leaf_lettuce","early_2005_2006","2008","4","65.375","91.79717767937233","4","83.30125516122283","4","91.79717767937233","4.519581552920414","4.422463617021135","4.519581552920414"
"leaf_lettuce","early_2005_2006","2009","4","89.275","125.23131957564922","4","113.58862051648785","4","125.23131957564922","4.83016258373714","4.73258332975976","4.83016258373714"
"leaf_lettuce","early_2005_2006","2010","4","135.475","177.60966143044246","4","161.06686468841175","4","177.60966143044246","5.179588229024631","5.081819587391382","5.179588229024631"
"leaf_lettuce","early_2005_2006","2011","4","101.5","123.66513201950947","4","110.04584449649067","4","123.66513201950947","4.8175773643165805","4.700897047118609","4.8175773643165805"
"leaf_lettuce","early_2005_2006","2012","4","111.19999999999999","127.04770958644608","4","113.55832961069989","4","127.04770958644608","4.844562681948782","4.73231662218609","4.844562681948782"
"leaf_lettuce","early_2005_2006","2013","4","96.95","113.46050719566068","0",,"4","113.46050719566068","4.731454822148087",,"4.731454822148087"
"leaf_lettuce","early_2005_2006","2014","4","86.35","103.80203625073742","0",,"4","103.80203625073742","4.642485587598504",,"4.642485587598504"
"leaf_lettuce","early_2005_2006","2015","4","91.575","107.56801529860263","0",,"4","107.56801529860263","4.678123347949289",,"4.678123347949289"
"leaf_lettuce","early_2005_2006","2016","4","105.625","121.7211086024898","0",,"4","121.7211086024898","4.801732432796117",,"4.801732432796117"
"leaf_lettuce","early_2005_2006","2017","4","90.325","99.8449052933094","0",,"4","99.8449052933094","4.6036180349577664",,"4.6036180349577664"
"leaf_lettuce","early_2005_2006","2018","4","97.92500000000001","106.0069245545296","0",,"4","106.0069245545296","4.663504417964546",,"4.663504417964546"
"leaf_lettuce","early_2005_2006","2019","4","95.475","105.34352994282563","0",,"4","105.34352994282563","4.6572267234883435",,"4.6572267234883435"
"leaf_lettuce","early_2005_2006","2020","4","100.025","98.97298618156017","0",,"4","98.97298618156017","4.594846946046729",,"4.594846946046729"
"leaf_lettuce","early_2005_2006","2021","4","129.7","115.92082763271276","0",,"4","115.92082763271276","4.752907437675628",,"4.752907437675628"
"leaf_lettuce","early_2005_2006","2022","4","120.05","108.87707384979717","0",,"4","108.87707384979717","4.690219482980209",,"4.690219482980209"
"leaf_lettuce","early_2005_2006","2023","4","135.025","122.473286666088","0",,"4","122.473286666088","4.807892938172556",,"4.807892938172556"
"leaf_lettuce","early_2005_2006","2024","4","154.325","133.1278529511","0",,"4","133.1278529511","4.891309966852649",,"4.891309966852649"
"leaf_lettuce","full_2005_2012","1980","4","28.257795414359983","130.83571722610156","4","118.29842088205268","0",,"4.873942469224801","4.7732104224764225",
"leaf_lettuce","full_2005_2012","1981","4","24.96750416748245","86.74188398472894","4","78.4298669910949","0",,"4.462936858078297","4.362204811329919",
"leaf_lettuce","full_2005_2012","1982","4","26.460577506401666","86.1650099790455","4","77.90827177713413","0",,"4.456264178546746","4.355532131798368",
"leaf_lettuce","full_2005_2012","1983","4","30.08266282859458","95.05884654105438","4","85.94985891538096","0",,"4.554496137102719","4.4537640903543405",
"leaf_lettuce","full_2005_2012","1984","4","29.77851825955548","95.86979136512382","4","86.68309517642504","0",,"4.562990930859603","4.4622588841112245",
"leaf_lettuce","full_2005_2012","1985","4","38.46046323030796","120.18019718956376","4","108.6639630999997","0",,"4.788992259689623","4.688260212941244",
"leaf_lettuce","full_2005_2012","1986","4","35.91670865289004","115.00685239192165","4","103.98635263387732","0",,"4.744991712604784","4.6442596658564055",
"leaf_lettuce","full_2005_2012","1987","4","33.760047163340055","105.78395097934707","4","95.6472331931749","0",,"4.661398815851131","4.5606667691027525",
"leaf_lettuce","full_2005_2012","1988","4","41.97195052739575","115.31111796367006","4","104.26146204153554","0",,"4.747633849024119","4.646901802275741",
"leaf_lettuce","full_2005_2012","1989","4","73.46473817608069","192.2254841968152","4","173.80553044604406","0",,"5.258669079821641","5.157937033073262",
"leaf_lettuce","full_2005_2012","1990","4","70.81038557355765","165.92873567545425","4","150.028660563996","0",,"5.111558393019646","5.0108263462712666",
"leaf_lettuce","full_2005_2012","1991","4","41.2807128704887","88.06105776179311","4","79.62263130656096","0",,"4.478030412085958","4.377298365337579",
"leaf_lettuce","full_2005_2012","1992","4","35.0595739583253","71.63282386271732","4","64.7686283680273","0",,"4.271553402754747","4.170821356006368",
"leaf_lettuce","full_2005_2012","1993","4","38.46046323030796","79.41618650756054","4","71.80615244446977","0",,"4.374702207773136","4.2739701610247565",
"leaf_lettuce","full_2005_2012","1994","4","48.193089439559145","91.60203430381912","4","82.82429475277549","0",,"4.517453479990456","4.416721433242077",
"leaf_lettuce","full_2005_2012","1995","4","67.29889827646986","116.00245055092437","4","104.88654787520858","0",,"4.753611316322229","4.65287926957385",
"leaf_lettuce","full_2005_2012","1996","4","104.70868026827911","171.7907972219504","4","155.32899168738095","0",,"5.146277441304869","5.04554539455649",
"leaf_lettuce","full_2005_2012","1997","4","110.65332411767969","186.44949701619956","4","168.58302563628337","0",,"5.228160408933873","5.127428362185494",
"leaf_lettuce","full_2005_2012","1998","4","93.51063022638499","158.71466182402045","4","143.50587334010427","0",,"5.067108010309811","4.966375963561432",
"leaf_lettuce","full_2005_2012","1999","4","118.03574229344693","186.9750586116269","4","169.0582254374803","0",,"5.23097523155075","5.130243184802372",
"leaf_lettuce","full_2005_2012","2000","4","172.11817656985409","261.2167141675671","4","236.1856949247257","0",,"5.565350385276782","5.464618338528402",
"leaf_lettuce","full_2005_2012","2001","4","209.72150510559732","308.39064342530384","4","278.83919548488154","0",,"5.7313673021410745","5.630635255392695",
"leaf_lettuce","full_2005_2012","2002","4","218.48639859517863","309.1437589662177","4","279.520143937802","0",,"5.733806408080336","5.633074361331958",
"leaf_lettuce","full_2005_2012","2003","4","253.40772502212252","338.46940174224915","4","306.03566512197904","0",,"5.824433694595229","5.72370164784685",
"leaf_lettuce","full_2005_2012","2004","4","177.62042831883417","229.87212848714256","4","207.84469548044953","0",,"5.437523191219025","5.336791144470647",
"leaf_lettuce","full_2005_2012","2005","4","93.325","131.92213554641168","4","119.62622442709785","4","131.92213554641168","4.8822118663132485","4.7843720852659635","4.8822118663132485"
"leaf_lettuce","full_2005_2012","2006","4","86.825","122.24015260927555","4","110.83628577962516","4","122.24015260927555","4.805987573857185","4.708054209686157","4.805987573857185"
"leaf_lettuce","full_2005_2012","2007","4","93.1","130.24188057996403","4","118.14085490562452","4","130.24188057996403","4.86939334149246","4.771877598230294","4.86939334149246"
"leaf_lettuce","full_2005_2012","2008","4","65.375","91.79717767937233","4","83.30125516122283","4","91.79717767937233","4.519581552920414","4.422463617021135","4.519581552920414"
"leaf_lettuce","full_2005_2012","2009","4","89.275","125.23131957564922","4","113.58862051648785","4","125.23131957564922","4.83016258373714","4.73258332975976","4.83016258373714"
"leaf_lettuce","full_2005_2012","2010","4","135.475","177.60966143044246","4","161.06686468841175","4","177.60966143044246","5.179588229024631","5.081819587391382","5.179588229024631"
"leaf_lettuce","full_2005_2012","2011","4","101.5","123.66513201950947","4","110.04584449649067","4","123.66513201950947","4.8175773643165805","4.700897047118609","4.8175773643165805"
"leaf_lettuce","full_2005_2012","2012","4","111.19999999999999","127.04770958644608","4","113.55832961069989","4","127.04770958644608","4.844562681948782","4.73231662218609","4.844562681948782"
"leaf_lettuce","full_2005_2012","2013","4","96.95","113.46050719566068","0",,"4","113.46050719566068","4.731454822148087",,"4.731454822148087"
"leaf_lettuce","full_2005_2012","2014","4","86.35","103.80203625073742","0",,"4","103.80203625073742","4.642485587598504",,"4.642485587598504"
"leaf_lettuce","full_2005_2012","2015","4","91.575","107.56801529860263","0",,"4","107.56801529860263","4.678123347949289",,"4.678123347949289"
"leaf_lettuce","full_2005_2012","2016","4","105.625","121.7211086024898","0",,"4","121.7211086024898","4.801732432796117",,"4.801732432796117"
"leaf_lettuce","full_2005_2012","2017","4","90.325","99.8449052933094","0",,"4","99.8449052933094","4.6036180349577664",,"4.6036180349577664"
"leaf_lettuce","full_2005_2012","2018","4","97.92500000000001","106.0069245545296","0",,"4","106.0069245545296","4.663504417964546",,"4.663504417964546"
"leaf_lettuce","full_2005_2012","2019","4","95.475","105.34352994282563","0",,"4","105.34352994282563","4.6572267234883435",,"4.6572267234883435"
"leaf_lettuce","full_2005_2012","2020","4","100.025","98.97298618156017","0",,"4","98.97298618156017","4.594846946046729",,"4.594846946046729"
"leaf_lettuce","full_2005_2012","2021","4","129.7","115.92082763271276","0",,"4","115.92082763271276","4.752907437675628",,"4.752907437675628"
"leaf_lettuce","full_2005_2012","2022","4","120.05","108.87707384979717","0",,"4","108.87707384979717","4.690219482980209",,"4.690219482980209"
"leaf_lettuce","full_2005_2012","2023","4","135.025","122.473286666088","0",,"4","122.473286666088","4.807892938172556",,"4.807892938172556"
"leaf_lettuce","full_2005_2012","2024","4","154.325","133.1278529511","0",,"4","133.1278529511","4.891309966852649",,"4.891309966852649"
"leaf_lettuce","late_2010_2012","1980","4","28.401645337299904","131.5017531841367","4","118.29842088205268","0",,"4.879020183727705","4.7732104224764225",
"leaf_lettuce","late_2010_2012","1981","4","25.094604441860874","87.1834546431578","4","78.4298669910949","0",,"4.468014572581201","4.362204811329919",
"leaf_lettuce","late_2010_2012","1982","4","26.595278461639932","86.6036439865415","4","77.90827177713413","0",,"4.46134189304965","4.355532131798368",
"leaf_lettuce","late_2010_2012","1983","4","30.235802472585416","95.54275576147216","4","85.94985891538096","0",,"4.559573851605622","4.4537640903543405",
"leaf_lettuce","late_2010_2012","1984","4","29.9301096167045","96.35782880392314","4","86.68309517642504","0",,"4.568068645362507","4.4622588841112245",
"leaf_lettuce","late_2010_2012","1985","4","38.65625113912345","120.7919898595552","4","108.6639630999997","0",,"4.794069974192526","4.688260212941244",
"leaf_lettuce","late_2010_2012","1986","4","36.099547253573945","115.59230948832818","4","103.98635263387732","0",,"4.750069427107687","4.6442596658564055",
"leaf_lettuce","late_2010_2012","1987","4","33.931907002781976","106.32245771610852","4","95.6472331931749","0",,"4.666476530354035","4.5606667691027525",
"leaf_lettuce","late_2010_2012","1988","4","42.185614111566785","115.89812396289818","4","104.26146204153554","0",,"4.752711563527023","4.646901802275741",
"leaf_lettuce","late_2010_2012","1989","4","73.83871982505464","193.204032617997","4","173.80553044604406","0",,"5.263746794324544","5.157937033073262",
"leaf_lettuce","late_2010_2012","1990","4","71.170854901003","166.77341713380693","4","150.028660563996","0",,"5.116636107522549","5.0108263462712666",
"leaf_lettuce","late_2010_2012","1991","4","41.49085762092834","88.50934384311299","4","79.62263130656096","0",,"4.483108126588862","4.377298365337579",
"leaf_lettuce","late_2010_2012","1992","4","35.23804920518227","71.99747991749874","4","64.7686283680273","0",,"4.27663111725765","4.170821356006368",
"leaf_lettuce","late_2010_2012","1993","4","38.65625113912345","79.8204647657112","4","71.80615244446977","0",,"4.379779922276039","4.2739701610247565",
"leaf_lettuce","late_2010_2012","1994","4","48.43842252731285","92.06834617926883","4","82.82429475277549","0",,"4.522531194493359","4.416721433242077",
"leaf_lettuce","late_2010_2012","1995","4","67.64149192855966","116.59297586713896","4","104.88654787520858","0",,"4.758689030825132","4.65287926957385",
"leaf_lettuce","late_2010_2012","1996","4","105.24171320191266","172.66532025461444","4","155.32899168738095","0",,"5.151355155807773","5.04554539455649",
"leaf_lettuce","late_2010_2012","1997","4","111.21661902140335","187.39864203564215","4","168.58302563628337","0",,"5.233238123436776","5.127428362185494",
"leaf_lettuce","late_2010_2012","1998","4","93.98665805356974","159.52261911644317","4","143.50587334010427","0",,"5.072185724812714","4.966375963561432",
"leaf_lettuce","late_2010_2012","1999","4","118.63661834142201","187.92687906961288","4","169.0582254374803","0",,"5.236052946053654","5.130243184802372",
"leaf_lettuce","late_2010_2012","2000","4","172.99436616897447","262.54647127185024","4","236.1856949247257","0",,"5.570428099779685","5.464618338528402",
"leaf_lettuce","late_2010_2012","2001","4","210.78911925970624","309.96054545204083","4","278.83919548488154","0",,"5.7364450166439775","5.630635255392695",
"leaf_lettuce","late_2010_2012","2002","4","219.5986315610018","310.7174948239715","4","279.520143937802","0",,"5.738884122583239","5.633074361331958",
"leaf_lettuce","late_2010_2012","2003","4","254.69772946805637","340.1924235365608","4","306.03566512197904","0",,"5.829511409098132","5.72370164784685",
"leaf_lettuce","late_2010_2012","2004","4","178.52462783445654","231.0423219677036","4","207.84469548044953","0",,"5.442600905721929","5.336791144470647",
"leaf_lettuce","late_2010_2012","2005","4","93.325","131.92213554641168","4","119.62622442709785","4","131.92213554641168","4.8822118663132485","4.7843720852659635","4.8822118663132485"
"leaf_lettuce","late_2010_2012","2006","4","86.825","122.24015260927555","4","110.83628577962516","4","122.24015260927555","4.805987573857185","4.708054209686157","4.805987573857185"
"leaf_lettuce","late_2010_2012","2007","4","93.1","130.24188057996403","4","118.14085490562452","4","130.24188057996403","4.86939334149246","4.771877598230294","4.86939334149246"
"leaf_lettuce","late_2010_2012","2008","4","65.375","91.79717767937233","4","83.30125516122283","4","91.79717767937233","4.519581552920414","4.422463617021135","4.519581552920414"
"leaf_lettuce","late_2010_2012","2009","4","89.275","125.23131957564922","4","113.58862051648785","4","125.23131957564922","4.83016258373714","4.73258332975976","4.83016258373714"
"leaf_lettuce","late_2010_2012","2010","4","135.475","177.60966143044246","4","161.06686468841175","4","177.60966143044246","5.179588229024631","5.081819587391382","5.179588229024631"
"leaf_lettuce","late_2010_2012","2011","4","101.5","123.66513201950947","4","110.04584449649067","4","123.66513201950947","4.8175773643165805","4.700897047118609","4.8175773643165805"
"leaf_lettuce","late_2010_2012","2012","4","111.19999999999999","127.04770958644608","4","113.55832961069989","4","127.04770958644608","4.844562681948782","4.73231662218609","4.844562681948782"
"leaf_lettuce","late_2010_2012","2013","4","96.95","113.46050719566068","0",,"4","113.46050719566068","4.731454822148087",,"4.731454822148087"
"leaf_lettuce","late_2010_2012","2014","4","86.35","103.80203625073742","0",,"4","103.80203625073742","4.642485587598504",,"4.642485587598504"
"leaf_lettuce","late_2010_2012","2015","4","91.575","107.56801529860263","0",,"4","107.56801529860263","4.678123347949289",,"4.678123347949289"
"leaf_lettuce","late_2010_2012","2016","4","105.625","121.7211086024898","0",,"4","121.7211086024898","4.801732432796117",,"4.801732432796117"
"leaf_lettuce","late_2010_2012","2017","4","90.325","99.8449052933094","0",,"4","99.8449052933094","4.6036180349577664",,"4.6036180349577664"
"leaf_lettuce","late_2010_2012","2018","4","97.92500000000001","106.0069245545296","0",,"4","106.0069245545296","4.663504417964546",,"4.663504417964546"
"leaf_lettuce","late_2010_2012","2019","4","95.475","105.34352994282563","0",,"4","105.34352994282563","4.6572267234883435",,"4.6572267234883435"
"leaf_lettuce","late_2010_2012","2020","4","100.025","98.97298618156017","0",,"4","98.97298618156017","4.594846946046729",,"4.594846946046729"
"leaf_lettuce","late_2010_2012","2021","4","129.7","115.92082763271276","0",,"4","115.92082763271276","4.752907437675628",,"4.752907437675628"
"leaf_lettuce","late_2010_2012","2022","4","120.05","108.87707384979717","0",,"4","108.87707384979717","4.690219482980209",,"4.690219482980209"
"leaf_lettuce","late_2010_2012","2023","4","135.025","122.473286666088","0",,"4","122.473286666088","4.807892938172556",,"4.807892938172556"
"leaf_lettuce","late_2010_2012","2024","4","154.325","133.1278529511","0",,"4","133.1278529511","4.891309966852649",,"4.891309966852649"
"malting_barley","early_2005_2006","1980","4","34.81299166666666","156.1272543189258","4","141.04510739396522","0",,"5.050671407533977","4.949079749813182",
"malting_barley","early_2005_2006","1981","4","39.4067568627451","135.02878123118887","4","121.98478115246411","0",,"4.905487950020856","4.803896292300061",
"malting_barley","early_2005_2006","1982","4","44.166561764705875","142.94941634107153","4","129.14027001682177","0",,"4.962490835801409","4.860899178080615",
"malting_barley","early_2005_2006","1983","4","46.823197058823524","148.60856321124513","4","134.25273408687684","0",,"5.001315756540207","4.899724098819414",
"malting_barley","early_2005_2006","1984","4","47.48735588235294","152.73599707376326","4","137.98145111927386","0",,"5.028710921664697","4.927119263943903",
"malting_barley","early_2005_2006","1985","4","49.25844607843137","152.90650776614984","4","138.13549020120348","0",,"5.029826674267007","4.928235016546212",
"malting_barley","early_2005_2006","1986","4","52.13646764705882","168.2991069054769","4","152.0411392062374","0",,"5.125742794619858","5.0241511368990635",
"malting_barley","early_2005_2006","1987","4","54.84844950980391","172.3256135074137","4","155.67867871572355","0",,"5.149385788941869","5.047794131221075",
"malting_barley","early_2005_2006","1988","4","58.445976470588235","160.08915505299615","4","144.624282067592","0",,"5.075730879126147","4.974139221405354",
"malting_barley","early_2005_2006","1989","4","63.59320735294117","165.98974679249187","4","149.95486703954734","0",,"5.111926020138636","5.010334362417842",
"malting_barley","early_2005_2006","1990","4","69.12786421568626","161.2561669495443","4","145.6785587151684","0",,"5.08299419959291","4.981402541872117",
"malting_barley","early_2005_2006","1991","4","75.71410588235292","161.45795287265693","4","145.86085178962338","0",,"5.084244755035117","4.982653097314323",
"malting_barley","early_2005_2006","1992","4","82.13430784313725","167.5844411875541","4","151.395511360062","0",,"5.121487350728912","5.0198956930081176",
"malting_barley","early_2005_2006","1993","4","87.00480588235294","179.55648976859453","4","162.2110405590144","0",,"5.190489864650439","5.0888982069296445",
"malting_barley","early_2005_2006","1994","4","91.32183823529411","174.68294858858627","4","157.8082913905763","0",,"5.162972608418714","5.06138095069792",
"malting_barley","early_2005_2006","1995","4","93.53570098039215","160.82236647978567","4","145.28666407696727","0",,"5.080300442095593","4.978708784374799",
"malting_barley","early_2005_2006","1996","4","93.53570098039215","153.43545356840093","4","138.6133389778924","0",,"5.033279980667481","4.931688322946687",
"malting_barley","early_2005_2006","1997","4","93.53570098039215","157.6118792748975","4","142.38631516238627","0",,"5.060135550692898","4.958543892972104",
"malting_barley","early_2005_2006","1998","4","96.49674240196077","164.01366012062311","4","148.16967355702974","0",,"5.099949717773928","4.998358060053134",
"malting_barley","early_2005_2006","1999","4","101.11818088235293","160.80651798252134","4","145.27234657033821","0",,"5.080201890640529","4.978610232919735",
"malting_barley","early_2005_2006","2000","4","105.71194607843137","161.54221729309612","4","145.93697612987506","0",,"5.084766515889346","4.983174858168551",
"malting_barley","early_2005_2006","2001","4","110.25036470588235","161.9836121330225","4","146.335731509723","0",,"5.087495170442699","4.9859035127219045",
"malting_barley","early_2005_2006","2002","4","112.02145490196078","159.07349426579054","4","143.7067357658129","0",,"5.06936632351247","4.967774665791676",
"malting_barley","early_2005_2006","2003","4","112.02145490196078","149.7953838138539","4","135.32490588726208","0",,"5.0092702549464505","4.907678597225656",
"malting_barley","early_2005_2006","2004","4","112.02145490196078","147.44759233314153","4","133.2039148855291","0",,"4.993472806427675","4.891881148706881",
"malting_barley","early_2005_2006","2005","4","111.25","154.4188950123318","4","139.4972576358919","4","154.4188950123318","5.0396690071260934","4.938044942544117","5.0396690071260934"
"malting_barley","early_2005_2006","2006","4","112.35000000000001","158.90411817440906","4","143.55832255887088","4","158.90411817440906","5.068300989974672","4.966741381611468","5.068300989974672"
"malting_barley","early_2005_2006","2007","4","109.6","152.0876780009444","4","137.378072129543","4","152.0876780009444","5.024457183497986","4.92273677556413","5.024457183497986"
"malting_barley","early_2005_2006","2008","4","105.275","147.2017673176332","4","132.93936999650293","4","147.2017673176332","4.991804212456623","4.88989315959591","4.991804212456623"
"malting_barley","early_2005_2006","2009","4","96.625","135.00034416427235","4","121.83170288613488","4","135.00034416427235","4.90527732780016","4.802640607828631","4.90527732780016"
"malting_barley","early_2005_2006","2010","4","91.25","120.01297254296425","4","108.30691193266759","4","120.01297254296425","4.787599841463875","4.684968974063362","4.787599841463875"
"malting_barley","early_2005_2006","2011","4","84.85","103.63479275015841","4","93.053267504692","4","103.63479275015841","4.640873110801381","4.533172098051432","4.640873110801381"
"malting_barley","early_2005_2006","2012","4","91.325","104.03047251543462","4","85.26151288848678","4","104.03047251543462","4.644683861179906","4.4457231555906915","4.644683861179906"
"malting_barley","early_2005_2006","2013","4","97.2","113.38746245122664","0",,"4","113.38746245122664","4.730810824786574",,"4.730810824786574"
"malting_barley","early_2005_2006","2014","4","112.025","133.94789317512476","0",,"4","133.94789317512476","4.897450867424407",,"4.897450867424407"
"malting_barley","early_2005_2006","2015","4","123.3","144.75809244888265","0",,"4","144.75809244888265","4.97506402127301",,"4.97506402127301"
"malting_barley","early_2005_2006","2016","4","117.6","135.70184827728477","0",,"4","135.70184827728477","4.9104601870670415",,"4.9104601870670415"
"malting_barley","early_2005_2006","2017","4","110.95","120.83917395731356","0",,"4","120.83917395731356","4.79446052065692",,"4.79446052065692"
"malting_barley","early_2005_2006","2018","4","109.80000000000001","118.91992275408893","0",,"4","118.91992275408893","4.778450348567702",,"4.778450348567702"
"malting_barley","early_2005_2006","2019","4","108.3","118.24451937356382","0",,"4","118.24451937356382","4.772754678505678",,"4.772754678505678"
"malting_barley","early_2005_2006","2020","4","100.02499999999999","100.33903215706206","0",,"4","100.33903215706206","4.6085547733753645",,"4.6085547733753645"
"malting_barley","early_2005_2006","2021","4","89.825","79.87302195305266","0",,"4","79.87302195305266","4.380438148110028",,"4.380438148110028"
"malting_barley","early_2005_2006","2022","4","88.4","81.06017235720458","0",,"4","81.06017235720458","4.395191747489594",,"4.395191747489594"
"malting_barley","early_2005_2006","2023","4","88.4","80.79378929614141","0",,"4","80.79378929614141","4.391900097426008",,"4.391900097426008"
"malting_barley","early_2005_2006","2024","4","90.5","77.35913030080205","0",,"4","77.35913030080205","4.3484586088481585",,"4.3484586088481585"
"malting_barley","full_2005_2012","1980","4","35.285593995746694","158.24675340508577","4","141.04510739396522","0",,"5.064155545206165","4.949079749813182",
"malting_barley","full_2005_2012","1981","4","39.94172166132218","136.8618588682309","4","121.98478115246411","0",,"4.918972087693044","4.803896292300061",
"malting_barley","full_2005_2012","1982","4","44.76614309794255","144.89002023258104","4","129.14027001682177","0",,"4.975974973473598","4.860899178080615",
"malting_barley","full_2005_2012","1983","4","47.4588434346609","150.62599261712177","4","134.25273408687684","0",,"5.014799894212396","4.899724098819414",
"malting_barley","full_2005_2012","1984","4","48.13201851884048","154.80945828739797","4","137.98145111927386","0",,"5.042195059336885","4.927119263943903",
"malting_barley","full_2005_2012","1985","4","49.92715207665272","154.9822837406395","4","138.13549020120348","0",,"5.043310811939194","4.928235016546212",
"malting_barley","full_2005_2012","1986","4","52.8442441080976","170.58384447319867","4","152.0411392062374","0",,"5.139226932292046","5.0241511368990635",
"malting_barley","full_2005_2012","1987","4","55.59304236849758","174.6650127490402","4","155.67867871572355","0",,"5.162869926614056","5.047794131221075",
"malting_barley","full_2005_2012","1988","4","59.239407407803675","162.26243875877267","4","144.624282067592","0",,"5.089215016798335","4.974139221405354",
"malting_barley","full_2005_2012","1989","4","64.45651431019547","168.2431337374768","4","149.95486703954734","0",,"5.125410157810824","5.010334362417842",
"malting_barley","full_2005_2012","1990","4","70.0663066783587","163.44529337707405","4","145.6785587151684","0",,"5.096478337265099","4.981402541872117",
"malting_barley","full_2005_2012","1991","4","76.74195959647294","163.64981863664337","4","145.86085178962338","0",,"5.097728892707305","4.982653097314323",
"malting_barley","full_2005_2012","1992","4","83.24931874354229","169.85947684036896","4","151.395511360062","0",,"5.134971488401099","5.0198956930081176",
"malting_barley","full_2005_2012","1993","4","88.18593602752593","181.99405147195495","4","162.2110405590144","0",,"5.203974002322627","5.0888982069296445",
"malting_barley","full_2005_2012","1994","4","92.56157407469324","177.05434973514673","4","157.8082913905763","0",,"5.176456746090903","5.06138095069792",
"malting_barley","full_2005_2012","1995","4","94.80549102195853","163.00560386697308","4","145.28666407696727","0",,"5.093784579767781","4.978708784374799",
"malting_barley","full_2005_2012","1996","4","94.80549102195853","155.5184102247606","4","138.6133389778924","0",,"5.046764118339668","4.931688322946687",
"malting_barley","full_2005_2012","1997","4","94.80549102195853","159.7515328257677","4","142.38631516238627","0",,"5.073619688365087","4.958543892972104",
"malting_barley","full_2005_2012","1998","4","97.80672993892586","166.24022078269243","4","148.16967355702974","0",,"5.113433855446116","4.998358060053134",
"malting_barley","full_2005_2012","1999","4","102.49090656634215","162.98954021908932","4","145.27234657033821","0",,"5.093686028312717","4.978610232919735",
"malting_barley","full_2005_2012","2000","4","107.14703423191763","163.73522698523843","4","145.93697612987506","0",,"5.098250653561533","4.983174858168551",
"malting_barley","full_2005_2012","2001","4","111.74706397381148","164.18261396256543","4","146.335731509723","0",,"5.100979308114887","4.9859035127219045",
"malting_barley","full_2005_2012","2002","4","113.54219753162371","161.23298991054133","4","143.7067357658129","0",,"5.082850461184658","4.967774665791676",
"malting_barley","full_2005_2012","2003","4","113.54219753162371","151.82892485375396","4","135.32490588726208","0",,"5.022754392618639","4.907678597225656",
"malting_barley","full_2005_2012","2004","4","113.54219753162371","149.44926102686105","4","133.2039148855291","0",,"5.006956944099864","4.891881148706881",
"malting_barley","full_2005_2012","2005","4","111.25","154.4188950123318","4","139.4972576358919","4","154.4188950123318","5.0396690071260934","4.938044942544117","5.0396690071260934"
"malting_barley","full_2005_2012","2006","4","112.35000000000001","158.90411817440906","4","143.55832255887088","4","158.90411817440906","5.068300989974672","4.966741381611468","5.068300989974672"
"malting_barley","full_2005_2012","2007","4","109.6","152.0876780009444","4","137.378072129543","4","152.0876780009444","5.024457183497986","4.92273677556413","5.024457183497986"
"malting_barley","full_2005_2012","2008","4","105.275","147.2017673176332","4","132.93936999650293","4","147.2017673176332","4.991804212456623","4.88989315959591","4.991804212456623"
"malting_barley","full_2005_2012","2009","4","96.625","135.00034416427235","4","121.83170288613488","4","135.00034416427235","4.90527732780016","4.802640607828631","4.90527732780016"
"malting_barley","full_2005_2012","2010","4","91.25","120.01297254296425","4","108.30691193266759","4","120.01297254296425","4.787599841463875","4.684968974063362","4.787599841463875"
"malting_barley","full_2005_2012","2011","4","84.85","103.63479275015841","4","93.053267504692","4","103.63479275015841","4.640873110801381","4.533172098051432","4.640873110801381"
"malting_barley","full_2005_2012","2012","4","91.325","104.03047251543462","4","85.26151288848678","4","104.03047251543462","4.644683861179906","4.4457231555906915","4.644683861179906"
"malting_barley","full_2005_2012","2013","4","97.2","113.38746245122664","0",,"4","113.38746245122664","4.730810824786574",,"4.730810824786574"
"malting_barley","full_2005_2012","2014","4","112.025","133.94789317512476","0",,"4","133.94789317512476","4.897450867424407",,"4.897450867424407"
"malting_barley","full_2005_2012","2015","4","123.3","144.75809244888265","0",,"4","144.75809244888265","4.97506402127301",,"4.97506402127301"
"malting_barley","full_2005_2012","2016","4","117.6","135.70184827728477","0",,"4","135.70184827728477","4.9104601870670415",,"4.9104601870670415"
"malting_barley","full_2005_2012","2017","4","110.95","120.83917395731356","0",,"4","120.83917395731356","4.79446052065692",,"4.79446052065692"
"malting_barley","full_2005_2012","2018","4","109.80000000000001","118.91992275408893","0",,"4","118.91992275408893","4.778450348567702",,"4.778450348567702"
"malting_barley","full_2005_2012","2019","4","108.3","118.24451937356382","0",,"4","118.24451937356382","4.772754678505678",,"4.772754678505678"
"malting_barley","full_2005_2012","2020","4","100.02499999999999","100.33903215706206","0",,"4","100.33903215706206","4.6085547733753645",,"4.6085547733753645"
"malting_barley","full_2005_2012","2021","4","89.825","79.87302195305266","0",,"4","79.87302195305266","4.380438148110028",,"4.380438148110028"
"malting_barley","full_2005_2012","2022","4","88.4","81.06017235720458","0",,"4","81.06017235720458","4.395191747489594",,"4.395191747489594"
"malting_barley","full_2005_2012","2023","4","88.4","80.79378929614141","0",,"4","80.79378929614141","4.391900097426008",,"4.391900097426008"
"malting_barley","full_2005_2012","2024","4","90.5","77.35913030080205","0",,"4","77.35913030080205","4.3484586088481585",,"4.3484586088481585"
"malting_barley","late_2010_2012","1980","4","36.05576644098467","161.70077741940895","4","141.04510739396522","0",,"5.085747574360056","4.949079749813182",
"malting_barley","late_2010_2012","1981","4","40.81352258502558","139.84911855605327","4","121.98478115246411","0",,"4.940564116846935","4.803896292300061",
"malting_barley","late_2010_2012","1982","4","45.74324581861013","148.05250918449036","4","129.14027001682177","0",,"4.9975670026274885","4.860899178080615",
"malting_barley","late_2010_2012","1983","4","48.49471925130848","153.91367962798262","4","134.25273408687684","0",,"5.0363919233662875","4.899724098819414",
"malting_barley","late_2010_2012","1984","4","49.182587609483065","158.18845706660355","4","137.98145111927386","0",,"5.063787088490777","4.927119263943903",
"malting_barley","late_2010_2012","1985","4","51.01690323128197","158.365054750573","4","138.13549020120348","0",,"5.064902841093086","4.928235016546212",
"malting_barley","late_2010_2012","1986","4","53.99766611670519","174.30714800131426","4","152.0411392062374","0",,"5.160818961445937","5.0241511368990635",
"malting_barley","late_2010_2012","1987","4","56.80646191258476","178.47739521828998","4","155.67867871572355","0",,"5.184461955767948","5.047794131221075",
"malting_barley","late_2010_2012","1988","4","60.53241551936378","165.80411243002175","4","144.624282067592","0",,"5.110807045952227","4.974139221405354",
"malting_barley","late_2010_2012","1989","4","65.86339529521683","171.91534698463687","4","149.95486703954734","0",,"5.147002186964715","5.010334362417842",
"malting_barley","late_2010_2012","1990","4","71.5956316133384","167.01278500773878","4","145.6785587151684","0",,"5.118070366418991","4.981402541872117",
"malting_barley","late_2010_2012","1991","4","78.41699283190307","167.22177440412537","4","145.86085178962338","0",,"5.119320921861196","4.982653097314323",
"malting_barley","late_2010_2012","1992","4","85.06638696092409","173.5669697237468","4","151.395511360062","0",,"5.156563517554991","5.0198956930081176",
"malting_barley","late_2010_2012","1993","4","90.11075492087107","185.96640357853468","4","162.2110405590144","0",,"5.225566031476518","5.0888982069296445",
"malting_barley","late_2010_2012","1994","4","94.58189924900589","180.9188838419546","4","157.8082913905763","0",,"5.198048775244794","5.06138095069792",
"malting_barley","late_2010_2012","1995","4","96.87479377625452","166.56349847214403","4","145.28666407696727","0",,"5.115376608921673","4.978708784374799",
"malting_barley","late_2010_2012","1996","4","96.87479377625452","158.91288317303417","4","138.6133389778924","0",,"5.06835614749356","4.931688322946687",
"malting_barley","late_2010_2012","1997","4","96.87479377625452","163.2384013954669","4","142.38631516238627","0",,"5.0952117175189775","4.958543892972104",
"malting_barley","late_2010_2012","1998","4","99.94154020644956","169.86871680156463","4","148.16967355702974","0",,"5.135025884600007","4.998358060053134",
"malting_barley","late_2010_2012","1999","4","104.72795753208106","166.54708420584723","4","145.27234657033821","0",,"5.115278057466608","4.978610232919735",
"malting_barley","late_2010_2012","2000","4","109.48571367612197","167.30904694570208","4","145.93697612987506","0",,"5.119842682715425","4.983174858168551",
"malting_barley","late_2010_2012","2001","4","114.18614745698167","167.76619895978422","4","146.335731509723","0",,"5.122571337268778","4.9859035127219045",
"malting_barley","late_2010_2012","2002","4","116.02046307878058","164.75219398309855","4","143.7067357658129","0",,"5.10444249033855","4.967774665791676",
"malting_barley","late_2010_2012","2003","4","116.02046307878058","155.14286805466944","4","135.32490588726208","0",,"5.04434642177253","4.907678597225656",
"malting_barley","late_2010_2012","2004","4","116.02046307878058","152.71126372456087","4","133.2039148855291","0",,"5.028548973253755","4.891881148706881",
"malting_barley","late_2010_2012","2005","4","111.25","154.4188950123318","4","139.4972576358919","4","154.4188950123318","5.0396690071260934","4.938044942544117","5.0396690071260934"
"malting_barley","late_2010_2012","2006","4","112.35000000000001","158.90411817440906","4","143.55832255887088","4","158.90411817440906","5.068300989974672","4.966741381611468","5.068300989974672"
"malting_barley","late_2010_2012","2007","4","109.6","152.0876780009444","4","137.378072129543","4","152.0876780009444","5.024457183497986","4.92273677556413","5.024457183497986"
"malting_barley","late_2010_2012","2008","4","105.275","147.2017673176332","4","132.93936999650293","4","147.2017673176332","4.991804212456623","4.88989315959591","4.991804212456623"
"malting_barley","late_2010_2012","2009","4","96.625","135.00034416427235","4","121.83170288613488","4","135.00034416427235","4.90527732780016","4.802640607828631","4.90527732780016"
"malting_barley","late_2010_2012","2010","4","91.25","120.01297254296425","4","108.30691193266759","4","120.01297254296425","4.787599841463875","4.684968974063362","4.787599841463875"
"malting_barley","late_2010_2012","2011","4","84.85","103.63479275015841","4","93.053267504692","4","103.63479275015841","4.640873110801381","4.533172098051432","4.640873110801381"
"malting_barley","late_2010_2012","2012","4","91.325","104.03047251543462","4","85.26151288848678","4","104.03047251543462","4.644683861179906","4.4457231555906915","4.644683861179906"
"malting_barley","late_2010_2012","2013","4","97.2","113.38746245122664","0",,"4","113.38746245122664","4.730810824786574",,"4.730810824786574"
"malting_barley","late_2010_2012","2014","4","112.025","133.94789317512476","0",,"4","133.94789317512476","4.897450867424407",,"4.897450867424407"
"malting_barley","late_2010_2012","2015","4","123.3","144.75809244888265","0",,"4","144.75809244888265","4.97506402127301",,"4.97506402127301"
"malting_barley","late_2010_2012","2016","4","117.6","135.70184827728477","0",,"4","135.70184827728477","4.9104601870670415",,"4.9104601870670415"
"malting_barley","late_2010_2012","2017","4","110.95","120.83917395731356","0",,"4","120.83917395731356","4.79446052065692",,"4.79446052065692"
"malting_barley","late_2010_2012","2018","4","109.80000000000001","118.91992275408893","0",,"4","118.91992275408893","4.778450348567702",,"4.778450348567702"
"malting_barley","late_2010_2012","2019","4","108.3","118.24451937356382","0",,"4","118.24451937356382","4.772754678505678",,"4.772754678505678"
"malting_barley","late_2010_2012","2020","4","100.02499999999999","100.33903215706206","0",,"4","100.33903215706206","4.6085547733753645",,"4.6085547733753645"
"malting_barley","late_2010_2012","2021","4","89.825","79.87302195305266","0",,"4","79.87302195305266","4.380438148110028",,"4.380438148110028"
"malting_barley","late_2010_2012","2022","4","88.4","81.06017235720458","0",,"4","81.06017235720458","4.395191747489594",,"4.395191747489594"
"malting_barley","late_2010_2012","2023","4","88.4","80.79378929614141","0",,"4","80.79378929614141","4.391900097426008",,"4.391900097426008"
"malting_barley","late_2010_2012","2024","4","90.5","77.35913030080205","0",,"4","77.35913030080205","4.3484586088481585",,"4.3484586088481585"
"mung_bean","early_2005_2006","1980","0",,,"4","121.24142243349891","0",,,"4.797783784498698",
"mung_bean","early_2005_2006","1981","0",,,"4","198.19149067476727","0",,,"5.289233687950865",
"mung_bean","early_2005_2006","1982","0",,,"4","90.86227114232676","0",,,"4.50934485608233",
"mung_bean","early_2005_2006","1983","0",,,"4","93.0792836099772","0",,,"4.533451641906591",
"mung_bean","early_2005_2006","1984","0",,,"4","132.03021804408056","0",,,"4.883030820963506",
"mung_bean","early_2005_2006","1985","0",,,"4","138.88407928200124","0",,,"4.933639623190933",
"mung_bean","early_2005_2006","1986","0",,,"4","146.65579637243485","0",,,"4.988088319855008",
"mung_bean","early_2005_2006","1987","0",,,"4","163.4275175213803","0",,,"5.096369574130824",
"mung_bean","early_2005_2006","1988","0",,,"4","192.83388708207522","0",,,"5.261829129605795",
"mung_bean","early_2005_2006","1989","0",,,"4","141.295213569882","0",,,"4.950851414876694",
"mung_bean","early_2005_2006","1990","0",,,"4","131.07463599193343","0",,,"4.87576690135715",
"mung_bean","early_2005_2006","1991","0",,,"4","148.407371786878","0",,,"4.999961004613246",
"mung_bean","early_2005_2006","1992","0",,,"4","185.5790551508327","0",,,"5.223480964581286",
"mung_bean","early_2005_2006","1993","0",,,"4","187.52628530592744","0",,,"5.233919023883284",
"mung_bean","early_2005_2006","1994","0",,,"4","173.4794050315948","0",,,"5.156058889353231",
"mung_bean","early_2005_2006","1995","0",,,"4","135.64749021808308","0",,,"4.9100595370398095",
"mung_bean","early_2005_2006","1996","0",,,"4","178.65386275636584","0",,,"5.185450206157672",
"mung_bean","early_2005_2006","1997","0",,,"4","185.49273011545813","0",,,"5.223015690527265",
"mung_bean","early_2005_2006","1998","0",,,"4","175.10733399158147","0",,,"5.165399123003943",
"mung_bean","early_2005_2006","1999","0",,,"4","180.302926789255","0",,,"5.194638362963016",
"mung_bean","early_2005_2006","2000","0",,,"4","205.49928707868742","0",,,"5.325442564726804",
"mung_bean","early_2005_2006","2001","0",,,"4","166.22367800155024","0",,,"5.113334339190568",
"mung_bean","early_2005_2006","2002","0",,,"4","126.19328991538377","0",,,"4.837814778450925",
"mung_bean","early_2005_2006","2003","0",,,"4","124.10036797529631","0",,,"4.821090657357627",
"mung_bean","early_2005_2006","2004","0",,,"4","153.0965945824986","0",,,"5.031069059323498",
"mung_bean","full_2005_2012","1980","0",,,"4","121.24142243349891","0",,,"4.797783784498698",
"mung_bean","full_2005_2012","1981","0",,,"4","198.19149067476727","0",,,"5.289233687950865",
"mung_bean","full_2005_2012","1982","0",,,"4","90.86227114232676","0",,,"4.50934485608233",
"mung_bean","full_2005_2012","1983","0",,,"4","93.0792836099772","0",,,"4.533451641906591",
"mung_bean","full_2005_2012","1984","0",,,"4","132.03021804408056","0",,,"4.883030820963506",
"mung_bean","full_2005_2012","1985","0",,,"4","138.88407928200124","0",,,"4.933639623190933",
"mung_bean","full_2005_2012","1986","0",,,"4","146.65579637243485","0",,,"4.988088319855008",
"mung_bean","full_2005_2012","1987","0",,,"4","163.4275175213803","0",,,"5.096369574130824",
"mung_bean","full_2005_2012","1988","0",,,"4","192.83388708207522","0",,,"5.261829129605795",
"mung_bean","full_2005_2012","1989","0",,,"4","141.295213569882","0",,,"4.950851414876694",
"mung_bean","full_2005_2012","1990","0",,,"4","131.07463599193343","0",,,"4.87576690135715",
"mung_bean","full_2005_2012","1991","0",,,"4","148.407371786878","0",,,"4.999961004613246",
"mung_bean","full_2005_2012","1992","0",,,"4","185.5790551508327","0",,,"5.223480964581286",
"mung_bean","full_2005_2012","1993","0",,,"4","187.52628530592744","0",,,"5.233919023883284",
"mung_bean","full_2005_2012","1994","0",,,"4","173.4794050315948","0",,,"5.156058889353231",
"mung_bean","full_2005_2012","1995","0",,,"4","135.64749021808308","0",,,"4.9100595370398095",
"mung_bean","full_2005_2012","1996","0",,,"4","178.65386275636584","0",,,"5.185450206157672",
"mung_bean","full_2005_2012","1997","0",,,"4","185.49273011545813","0",,,"5.223015690527265",
"mung_bean","full_2005_2012","1998","0",,,"4","175.10733399158147","0",,,"5.165399123003943",
"mung_bean","full_2005_2012","1999","0",,,"4","180.302926789255","0",,,"5.194638362963016",
"mung_bean","full_2005_2012","2000","0",,,"4","205.49928707868742","0",,,"5.325442564726804",
"mung_bean","full_2005_2012","2001","0",,,"4","166.22367800155024","0",,,"5.113334339190568",
"mung_bean","full_2005_2012","2002","0",,,"4","126.19328991538377","0",,,"4.837814778450925",
"mung_bean","full_2005_2012","2003","0",,,"4","124.10036797529631","0",,,"4.821090657357627",
"mung_bean","full_2005_2012","2004","0",,,"4","153.0965945824986","0",,,"5.031069059323498",
"mung_bean","late_2010_2012","1980","0",,,"4","121.24142243349891","0",,,"4.797783784498698",
"mung_bean","late_2010_2012","1981","0",,,"4","198.19149067476727","0",,,"5.289233687950865",
"mung_bean","late_2010_2012","1982","0",,,"4","90.86227114232676","0",,,"4.50934485608233",
"mung_bean","late_2010_2012","1983","0",,,"4","93.0792836099772","0",,,"4.533451641906591",
"mung_bean","late_2010_2012","1984","0",,,"4","132.03021804408056","0",,,"4.883030820963506",
"mung_bean","late_2010_2012","1985","0",,,"4","138.88407928200124","0",,,"4.933639623190933",
"mung_bean","late_2010_2012","1986","0",,,"4","146.65579637243485","0",,,"4.988088319855008",
"mung_bean","late_2010_2012","1987","0",,,"4","163.4275175213803","0",,,"5.096369574130824",
"mung_bean","late_2010_2012","1988","0",,,"4","192.83388708207522","0",,,"5.261829129605795",
"mung_bean","late_2010_2012","1989","0",,,"4","141.295213569882","0",,,"4.950851414876694",
"mung_bean","late_2010_2012","1990","0",,,"4","131.07463599193343","0",,,"4.87576690135715",
"mung_bean","late_2010_2012","1991","0",,,"4","148.407371786878","0",,,"4.999961004613246",
"mung_bean","late_2010_2012","1992","0",,,"4","185.5790551508327","0",,,"5.223480964581286",
"mung_bean","late_2010_2012","1993","0",,,"4","187.52628530592744","0",,,"5.233919023883284",
"mung_bean","late_2010_2012","1994","0",,,"4","173.4794050315948","0",,,"5.156058889353231",
"mung_bean","late_2010_2012","1995","0",,,"4","135.64749021808308","0",,,"4.9100595370398095",
"mung_bean","late_2010_2012","1996","0",,,"4","178.65386275636584","0",,,"5.185450206157672",
"mung_bean","late_2010_2012","1997","0",,,"4","185.49273011545813","0",,,"5.223015690527265",
"mung_bean","late_2010_2012","1998","0",,,"4","175.10733399158147","0",,,"5.165399123003943",
"mung_bean","late_2010_2012","1999","0",,,"4","180.302926789255","0",,,"5.194638362963016",
"mung_bean","late_2010_2012","2000","0",,,"4","205.49928707868742","0",,,"5.325442564726804",
"mung_bean","late_2010_2012","2001","0",,,"4","166.22367800155024","0",,,"5.113334339190568",
"mung_bean","late_2010_2012","2002","0",,,"4","126.19328991538377","0",,,"4.837814778450925",
"mung_bean","late_2010_2012","2003","0",,,"4","124.10036797529631","0",,,"4.821090657357627",
"mung_bean","late_2010_2012","2004","0",,,"4","153.0965945824986","0",,,"5.031069059323498",
"napa_cabbage","early_2005_2006","1980","4","75.5113254371309","346.5709631073668","4","205.04285532257637","0",,"5.848087597394016","5.323219007644459",
"napa_cabbage","early_2005_2006","1981","4","74.87748666737323","256.4674142944078","4","151.73461288455448","0",,"5.547001616752703","5.022133027003146",
"napa_cabbage","early_2005_2006","1982","4","57.341280704077576","185.82185108246682","4","109.93835890247922","0",,"5.224788424860174","4.699919835110617",
"napa_cabbage","early_2005_2006","1983","4","70.1448238531826","222.40206540106345","4","131.58042471476483","0",,"5.40448684920859","4.879618259459033",
"napa_cabbage","early_2005_2006","1984","4","63.08808554988049","203.1643034817318","4","120.19872787960998","0",,"5.31401502843035","4.789146438680794",
"napa_cabbage","early_2005_2006","1985","4","67.65172469213574","210.82064287847405","4","124.72847173683098","0",,"5.351007738241206","4.826139148491649",
"napa_cabbage","early_2005_2006","1986","4","78.63826336793542","251.70124076023734","4","148.91478683321142","0",,"5.528242831649332","5.003374241899775",
"napa_cabbage","early_2005_2006","1987","4","80.45526784124075","249.80261908886501","4","147.7914993968231","0",,"5.520671082379767","4.995802492630211",
"napa_cabbage","early_2005_2006","1988","4","136.57112692378684","376.34880025284895","4","222.6604096003385","0",,"5.930516373625982","5.405647783876424",
"napa_cabbage","early_2005_2006","1989","4","119.2462005504104","310.61831561330047","4","183.77207881985578","0",,"5.738564877467001","5.213696287717443",
"napa_cabbage","early_2005_2006","1990","4","120.175830746055","280.39851555237993","4","165.89304464973432","0",,"5.636211861110687","5.11134327136113",
"napa_cabbage","early_2005_2006","1991","4","69.13068182157032","146.9740451395936","4","86.95471081457984","0",,"4.990256007513302","4.465387417763744",
"napa_cabbage","early_2005_2006","1992","4","61.90491984633283","126.34473384443189","4","74.74972730017092","0",,"4.83901415385545","4.314145564105893",
"napa_cabbage","early_2005_2006","1993","4","52.22831462803235","107.96685750657608","4","63.876767242314685","0",,"4.68182430508936","4.156955715339803",
"napa_cabbage","early_2005_2006","1994","4","69.38421732947339","131.20137186144686","4","77.6230751344741","0",,"4.87673333271635","4.351864742966793",
"napa_cabbage","early_2005_2006","1995","4","130.9933457499193","225.4193052698542","4","133.36552370962295","0",,"5.4179622468725945","4.893093657123037",
"napa_cabbage","early_2005_2006","1996","4","179.038324497551","293.4452768881761","4","173.611940580941","0",,"5.681691171758701","5.156822582009144",
"napa_cabbage","early_2005_2006","1997","4","163.86844994135066","276.3008486076312","4","163.46872922821433","0",,"5.621490303251586","5.096621713502029",
"napa_cabbage","early_2005_2006","1998","4","179.29186000545405","303.8714672141897","4","179.78041994636365","0",,"5.716604806782413","5.191736217032855",
"napa_cabbage","early_2005_2006","1999","4","192.13765907254293","304.379973521869","4","180.08126911255243","0",,"5.718276833816272","5.193408244066715",
"napa_cabbage","early_2005_2006","2000","4","148.78308722111802","225.14347776106567","4","133.20233502390207","0",,"5.416737877911668","4.891869288162112",
"napa_cabbage","early_2005_2006","2001","4","177.17906410626182","258.47407132434324","4","152.92181761567792","0",,"5.554795384563094","5.029926794813536",
"napa_cabbage","early_2005_2006","2002","4","226.8297677372796","321.3911548389963","4","190.1456471504588","0",,"5.772658932199745","5.247790342450188",
"napa_cabbage","early_2005_2006","2003","4","352.07630864139605","468.09158119986864","4","276.9384760371476","0",,"6.148663963098081","5.623795373348524",
"napa_cabbage","early_2005_2006","2004","4","212.8853148026108","274.71825179746173","4","162.53241256200528","0",,"5.615746033549498","5.090877443799941",
"napa_cabbage","early_2005_2006","2005","4","123.6","175.64180923335658","4","103.9141080885265","4","175.64180923335658","5.168446746445272","4.643564674147318","5.168446746445272"
"napa_cabbage","early_2005_2006","2006","4","82.875","116.85404424394538","4","69.12537754805572","4","116.85404424394538","4.7609256709460155","4.235921921643941","4.7609256709460155"
"napa_cabbage","early_2005_2006","2007","4","83.475","116.83218660111493","4","69.10552072508884","4","116.83218660111493","4.760738602646654","4.235634622301297","4.760738602646654"
"napa_cabbage","early_2005_2006","2008","4","52.475","73.0157726280673","4","43.20412080309148","4","73.0157726280673","4.290675481208239","3.765935879661278","4.290675481208239"
"napa_cabbage","early_2005_2006","2009","4","40.375","56.4389097960124","4","33.374385321925914","4","56.4389097960124","4.033158810639521","3.507788699230241","4.033158810639521"
"napa_cabbage","early_2005_2006","2010","4","54.475","71.32982977098864","4","42.19110350424138","4","71.32982977098864","4.2673146097875705","3.7422093813818087","4.2673146097875705"
"napa_cabbage","early_2005_2006","2011","4","64.575","78.86093840566076","4","46.2788872861279","4","78.86093840566076","4.367686028019319","3.834685858953634","4.367686028019319"
"napa_cabbage","early_2005_2006","2012","4","56.849999999999994","65.03368293695662","4","38.75972087629896","4","65.03368293695662","4.174905334706987","3.6573815856627596","4.174905334706987"
"napa_cabbage","early_2005_2006","2013","4","82.475","96.14028955278992","0",,"4","96.14028955278992","4.565808474243991",,"4.565808474243991"
"napa_cabbage","early_2005_2006","2014","4","55.45","66.2856583968459","0",,"4","66.2856583968459","4.193973560019555",,"4.193973560019555"
"napa_cabbage","early_2005_2006","2015","4","68.65","80.43134528931955","0",,"4","80.43134528931955","4.387403966989195",,"4.387403966989195"
"napa_cabbage","early_2005_2006","2016","4","91.15","105.53291725882465","0",,"4","105.53291725882465","4.659022916182508",,"4.659022916182508"
"napa_cabbage","early_2005_2006","2017","4","79.2","86.48564530729551","0",,"4","86.48564530729551","4.459978449961898",,"4.459978449961898"
"napa_cabbage","early_2005_2006","2018","4","77.825","84.32624808173023","0",,"4","84.32624808173023","4.434693181688822",,"4.434693181688822"
"napa_cabbage","early_2005_2006","2019","4","65.425","71.77617044940887","0",,"4","71.77617044940887","4.2735525330759625",,"4.2735525330759625"
"napa_cabbage","early_2005_2006","2020","4","99.975","99.22607366268055","0",,"4","99.22607366268055","4.597400819096157",,"4.597400819096157"
"napa_cabbage","early_2005_2006","2021","4","70.375","62.72905668482546","0",,"4","62.72905668482546","4.138824764291543",,"4.138824764291543"
"napa_cabbage","early_2005_2006","2022","4","99.725","90.71501185661512","0",,"4","90.71501185661512","4.507722854523933",,"4.507722854523933"
"napa_cabbage","early_2005_2006","2023","4","76.725","69.66529864795456","0",,"4","69.66529864795456","4.243702326471669",,"4.243702326471669"
"napa_cabbage","early_2005_2006","2024","4","124.825","107.81539301219782","0",,"4","107.81539301219782","4.6804204406019885",,"4.6804204406019885"
"napa_cabbage","full_2005_2012","1980","4","75.58330172199753","346.90130945240463","4","205.04285532257637","0",,"5.849040328694451","5.323219007644459",
"napa_cabbage","full_2005_2012","1981","4","74.94885878644635","256.711875261864","4","151.73461288455448","0",,"5.547954348053138","5.022133027003146",
"napa_cabbage","full_2005_2012","1982","4","57.395937569530304","185.99897373804902","4","109.93835890247922","0",,"5.225741156160609","4.699919835110617",
"napa_cabbage","full_2005_2012","1983","4","70.21168486766419","222.61405577895133","4","131.58042471476483","0",,"5.405439580509024","4.879618259459033",
"napa_cabbage","full_2005_2012","1984","4","63.14822018519435","203.35795670788667","4","120.19872787960998","0",,"5.314967759730785","4.789146438680794",
"napa_cabbage","full_2005_2012","1985","4","67.71620932116286","211.0215940147406","4","124.72847173683098","0",,"5.351960469541641","4.826139148491649",
"napa_cabbage","full_2005_2012","1986","4","78.71322020405003","251.94115868117655","4","148.91478683321142","0",,"5.529195562949766","5.003374241899775",
"napa_cabbage","full_2005_2012","1987","4","80.53195661929675","250.04072727155","4","147.7914993968231","0",,"5.521623813680202","4.995802492630211",
"napa_cabbage","full_2005_2012","1988","4","136.7013045134281","376.70753039431315","4","222.6604096003385","0",,"5.931469104926417","5.405647783876424",
"napa_cabbage","full_2005_2012","1989","4","119.35986427502911","310.91439242350015","4","183.77207881985578","0",,"5.739517608767435","5.213696287717443",
"napa_cabbage","full_2005_2012","1990","4","120.29038058050418","280.66578729360214","4","165.89304464973432","0",,"5.637164592411121","5.11134327136113",
"napa_cabbage","full_2005_2012","1991","4","69.1965761707823","147.11413863788314","4","86.95471081457984","0",,"4.991208738813736","4.465387417763744",
"napa_cabbage","full_2005_2012","1992","4","61.96392670549881","126.46516378658879","4","74.74972730017092","0",,"4.839966885155884","4.314145564105893",
"napa_cabbage","full_2005_2012","1993","4","52.27809788941743","108.06976992728995","4","63.876767242314685","0",,"4.682777036389795","4.156955715339803",
"napa_cabbage","full_2005_2012","1994","4","69.45035334500277","131.32643107953533","4","77.6230751344741","0",,"4.877686064016785","4.351864742966793",
"napa_cabbage","full_2005_2012","1995","4","131.11820668057769","225.63417163641066","4","133.36552370962295","0",,"5.41891497817303","4.893093657123037",
"napa_cabbage","full_2005_2012","1996","4","179.20898119535732","293.72498461042574","4","173.611940580941","0",,"5.682643903059136","5.156822582009144",
"napa_cabbage","full_2005_2012","1997","4","164.02464693783236","276.56421451298576","4","163.46872922821433","0",,"5.62244303455202","5.096621713502029",
"napa_cabbage","full_2005_2012","1998","4","179.46275836957778","304.1611130277208","4","179.78041994636365","0",,"5.717557538082848","5.191736217032855",
"napa_cabbage","full_2005_2012","1999","4","192.32080186341508","304.6701040361339","4","180.08126911255243","0",,"5.7192295651167075","5.193408244066715",
"napa_cabbage","full_2005_2012","2000","4","148.9249050717142","225.35808121289733","4","133.20233502390207","0",,"5.417690609212103","4.891869288162112",
"napa_cabbage","full_2005_2012","2001","4","177.3479485844072","258.7204450077686","4","152.92181761567792","0",,"5.555748115863529","5.029926794813536",
"napa_cabbage","full_2005_2012","2002","4","227.04597853591648","321.69750016111044","4","190.1456471504588","0",,"5.77361166350018","5.247790342450188",
"napa_cabbage","full_2005_2012","2003","4","352.4119026008301","468.5377592108766","4","276.9384760371476","0",,"6.1496166943985155","5.623795373348524",
"napa_cabbage","full_2005_2012","2004","4","213.08823395379045","274.98010919481203","4","162.53241256200528","0",,"5.616698764849932","5.090877443799941",
"napa_cabbage","full_2005_2012","2005","4","123.6","175.64180923335658","4","103.9141080885265","4","175.64180923335658","5.168446746445272","4.643564674147318","5.168446746445272"
"napa_cabbage","full_2005_2012","2006","4","82.875","116.85404424394538","4","69.12537754805572","4","116.85404424394538","4.7609256709460155","4.235921921643941","4.7609256709460155"
"napa_cabbage","full_2005_2012","2007","4","83.475","116.83218660111493","4","69.10552072508884","4","116.83218660111493","4.760738602646654","4.235634622301297","4.760738602646654"
"napa_cabbage","full_2005_2012","2008","4","52.475","73.0157726280673","4","43.20412080309148","4","73.0157726280673","4.290675481208239","3.765935879661278","4.290675481208239"
"napa_cabbage","full_2005_2012","2009","4","40.375","56.4389097960124","4","33.374385321925914","4","56.4389097960124","4.033158810639521","3.507788699230241","4.033158810639521"
"napa_cabbage","full_2005_2012","2010","4","54.475","71.32982977098864","4","42.19110350424138","4","71.32982977098864","4.2673146097875705","3.7422093813818087","4.2673146097875705"
"napa_cabbage","full_2005_2012","2011","4","64.575","78.86093840566076","4","46.2788872861279","4","78.86093840566076","4.367686028019319","3.834685858953634","4.367686028019319"
"napa_cabbage","full_2005_2012","2012","4","56.849999999999994","65.03368293695662","4","38.75972087629896","4","65.03368293695662","4.174905334706987","3.6573815856627596","4.174905334706987"
"napa_cabbage","full_2005_2012","2013","4","82.475","96.14028955278992","0",,"4","96.14028955278992","4.565808474243991",,"4.565808474243991"
"napa_cabbage","full_2005_2012","2014","4","55.45","66.2856583968459","0",,"4","66.2856583968459","4.193973560019555",,"4.193973560019555"
"napa_cabbage","full_2005_2012","2015","4","68.65","80.43134528931955","0",,"4","80.43134528931955","4.387403966989195",,"4.387403966989195"
"napa_cabbage","full_2005_2012","2016","4","91.15","105.53291725882465","0",,"4","105.53291725882465","4.659022916182508",,"4.659022916182508"
"napa_cabbage","full_2005_2012","2017","4","79.2","86.48564530729551","0",,"4","86.48564530729551","4.459978449961898",,"4.459978449961898"
"napa_cabbage","full_2005_2012","2018","4","77.825","84.32624808173023","0",,"4","84.32624808173023","4.434693181688822",,"4.434693181688822"
"napa_cabbage","full_2005_2012","2019","4","65.425","71.77617044940887","0",,"4","71.77617044940887","4.2735525330759625",,"4.2735525330759625"
"napa_cabbage","full_2005_2012","2020","4","99.975","99.22607366268055","0",,"4","99.22607366268055","4.597400819096157",,"4.597400819096157"
"napa_cabbage","full_2005_2012","2021","4","70.375","62.72905668482546","0",,"4","62.72905668482546","4.138824764291543",,"4.138824764291543"
"napa_cabbage","full_2005_2012","2022","4","99.725","90.71501185661512","0",,"4","90.71501185661512","4.507722854523933",,"4.507722854523933"
"napa_cabbage","full_2005_2012","2023","4","76.725","69.66529864795456","0",,"4","69.66529864795456","4.243702326471669",,"4.243702326471669"
"napa_cabbage","full_2005_2012","2024","4","124.825","107.81539301219782","0",,"4","107.81539301219782","4.6804204406019885",,"4.6804204406019885"
"napa_cabbage","late_2010_2012","1980","4","75.6928483879365","347.4040909000866","4","205.04285532257637","0",,"5.850488629500729","5.323219007644459",
"napa_cabbage","late_2010_2012","1981","4","75.05748592245297","257.08394064404735","4","151.73461288455448","0",,"5.549402648859417","5.022133027003146",
"napa_cabbage","late_2010_2012","1982","4","57.479124377408965","186.26855136930962","4","109.93835890247922","0",,"5.2271894569668875","4.699919835110617",
"napa_cabbage","late_2010_2012","1983","4","70.31344618017603","222.93670148304386","4","131.58042471476483","0",,"5.406887881315304","4.879618259459033",
"napa_cabbage","late_2010_2012","1984","4","63.23974406445953","203.65269358285735","4","120.19872787960998","0",,"5.316416060537064","4.789146438680794",
"napa_cabbage","late_2010_2012","1985","4","67.81435381594086","211.32743818321137","4","124.72847173683098","0",,"5.35340877034792","4.826139148491649",
"napa_cabbage","late_2010_2012","1986","4","78.82730321765519","252.30630962480478","4","148.91478683321142","0",,"5.530643863756046","5.003374241899775",
"napa_cabbage","late_2010_2012","1987","4","80.64867561870793","250.40312382472388","4","147.7914993968231","0",,"5.523072114486482","4.995802492630211",
"napa_cabbage","late_2010_2012","1988","4","136.89943256284877","377.2535114913097","4","222.6604096003385","0",,"5.932917405732695","5.405647783876424",
"napa_cabbage","late_2010_2012","1989","4","119.53285850629925","311.3650162293734","4","183.77207881985578","0",,"5.740965909573714","5.213696287717443",
"napa_cabbage","late_2010_2012","1990","4","120.46472345567507","281.07257028059354","4","165.89304464973432","0",,"5.638612893217401","5.11134327136113",
"napa_cabbage","late_2010_2012","1991","4","69.2968662354024","147.3273585294875","4","86.95471081457984","0",,"4.992657039620015","4.465387417763744",
"napa_cabbage","late_2010_2012","1992","4","62.0537341288903","126.64845608441937","4","74.74972730017092","0",,"4.8414151859621635","4.314145564105893",
"napa_cabbage","late_2010_2012","1993","4","52.35386715584192","108.22640085918373","4","63.876767242314685","0",,"4.684225337196073","4.156955715339803",
"napa_cabbage","late_2010_2012","1994","4","69.55101122159581","131.51676905560495","4","77.6230751344741","0",,"4.879134364823064","4.351864742966793",
"napa_cabbage","late_2010_2012","1995","4","131.3082428665938","225.96119454572442","4","133.36552370962295","0",,"5.420363278979308","4.893093657123037",
"napa_cabbage","late_2010_2012","1996","4","179.46871775024448","294.1506949463594","4","173.611940580941","0",,"5.684092203865415","5.156822582009144",
"napa_cabbage","late_2010_2012","1997","4","164.26237607633897","276.9650528850558","4","163.46872922821433","0",,"5.6238913353583","5.096621713502029",
"napa_cabbage","late_2010_2012","1998","4","179.7228627364379","304.6019489674238","4","179.78041994636365","0",,"5.719005838889126","5.191736217032855",
"napa_cabbage","late_2010_2012","1999","4","192.59954203690387","305.1116776820061","4","180.08126911255243","0",,"5.720677865922986","5.193408244066715",
"napa_cabbage","late_2010_2012","2000","4","149.1407493978312","225.68470397052806","4","133.20233502390207","0",,"5.419138910018382","4.891869288162112",
"napa_cabbage","late_2010_2012","2001","4","177.60498785149284","259.0954215107148","4","152.92181761567792","0",,"5.557196416669807","5.029926794813536",
"napa_cabbage","late_2010_2012","2002","4","227.37504764770176","322.16375246526576","4","190.1456471504588","0",,"5.775059964306459","5.247790342450188",
"napa_cabbage","late_2010_2012","2003","4","352.92267082724504","469.2168344592277","4","276.9384760371476","0",,"6.151064995204795","5.623795373348524",
"napa_cabbage","late_2010_2012","2004","4","213.3970734070644","275.3786516436801","4","162.53241256200528","0",,"5.618147065656212","5.090877443799941",
"napa_cabbage","late_2010_2012","2005","4","123.6","175.64180923335658","4","103.9141080885265","4","175.64180923335658","5.168446746445272","4.643564674147318","5.168446746445272"
"napa_cabbage","late_2010_2012","2006","4","82.875","116.85404424394538","4","69.12537754805572","4","116.85404424394538","4.7609256709460155","4.235921921643941","4.7609256709460155"
"napa_cabbage","late_2010_2012","2007","4","83.475","116.83218660111493","4","69.10552072508884","4","116.83218660111493","4.760738602646654","4.235634622301297","4.760738602646654"
"napa_cabbage","late_2010_2012","2008","4","52.475","73.0157726280673","4","43.20412080309148","4","73.0157726280673","4.290675481208239","3.765935879661278","4.290675481208239"
"napa_cabbage","late_2010_2012","2009","4","40.375","56.4389097960124","4","33.374385321925914","4","56.4389097960124","4.033158810639521","3.507788699230241","4.033158810639521"
"napa_cabbage","late_2010_2012","2010","4","54.475","71.32982977098864","4","42.19110350424138","4","71.32982977098864","4.2673146097875705","3.7422093813818087","4.2673146097875705"
"napa_cabbage","late_2010_2012","2011","4","64.575","78.86093840566076","4","46.2788872861279","4","78.86093840566076","4.367686028019319","3.834685858953634","4.367686028019319"
"napa_cabbage","late_2010_2012","2012","4","56.849999999999994","65.03368293695662","4","38.75972087629896","4","65.03368293695662","4.174905334706987","3.6573815856627596","4.174905334706987"
"napa_cabbage","late_2010_2012","2013","4","82.475","96.14028955278992","0",,"4","96.14028955278992","4.565808474243991",,"4.565808474243991"
"napa_cabbage","late_2010_2012","2014","4","55.45","66.2856583968459","0",,"4","66.2856583968459","4.193973560019555",,"4.193973560019555"
"napa_cabbage","late_2010_2012","2015","4","68.65","80.43134528931955","0",,"4","80.43134528931955","4.387403966989195",,"4.387403966989195"
"napa_cabbage","late_2010_2012","2016","4","91.15","105.53291725882465","0",,"4","105.53291725882465","4.659022916182508",,"4.659022916182508"
"napa_cabbage","late_2010_2012","2017","4","79.2","86.48564530729551","0",,"4","86.48564530729551","4.459978449961898",,"4.459978449961898"
"napa_cabbage","late_2010_2012","2018","4","77.825","84.32624808173023","0",,"4","84.32624808173023","4.434693181688822",,"4.434693181688822"
"napa_cabbage","late_2010_2012","2019","4","65.425","71.77617044940887","0",,"4","71.77617044940887","4.2735525330759625",,"4.2735525330759625"
"napa_cabbage","late_2010_2012","2020","4","99.975","99.22607366268055","0",,"4","99.22607366268055","4.597400819096157",,"4.597400819096157"
"napa_cabbage","late_2010_2012","2021","4","70.375","62.72905668482546","0",,"4","62.72905668482546","4.138824764291543",,"4.138824764291543"
"napa_cabbage","late_2010_2012","2022","4","99.725","90.71501185661512","0",,"4","90.71501185661512","4.507722854523933",,"4.507722854523933"
"napa_cabbage","late_2010_2012","2023","4","76.725","69.66529864795456","0",,"4","69.66529864795456","4.243702326471669",,"4.243702326471669"
"napa_cabbage","late_2010_2012","2024","4","124.825","107.81539301219782","0",,"4","107.81539301219782","4.6804204406019885",,"4.6804204406019885"
"onion","early_2005_2006","1980","4","32.57369363836553","146.52854389391624","4","274.73798082820014","0",,"4.987220248344817","5.615817846478628",
"onion","early_2005_2006","1981","4","53.240588906260164","181.75153511738665","4","340.7803588543661","0",,"5.202640562690953","5.831238160824763",
"onion","early_2005_2006","1982","4","40.94711959206736","133.68332372741634","4","250.65345942332738","0",,"4.895473747289065","5.524071345422875",
"onion","early_2005_2006","1983","4","19.520215917546928","61.648357298813885","4","115.58939136059195","0",,"4.121446583656227","4.750044181790037",
"onion","early_2005_2006","1984","4","59.57399229480851","191.3964700073342","4","358.8644117389841","0",,"5.254347035835896","5.882944633969707",
"onion","early_2005_2006","1985","4","65.76072739435891","202.91324182687856","4","380.45812004507","0",,"5.312778507525697","5.941376105659507",
"onion","early_2005_2006","1986","4","45.533836993458166","146.48363413027187","4","274.65377595278653","0",,"4.9869137097954725","5.615511307929283",
"onion","early_2005_2006","1987","4","34.293712663887085","108.64151565819365","4","203.70058865565971","0",,"4.688053614911464","5.316651213045274",
"onion","early_2005_2006","1988","4","37.49374806020626","103.0196028192783","4","193.1596186800489","0",,"4.634919288755112","5.263516886888922",
"onion","early_2005_2006","1989","4","38.12042165865209","99.35607362653353","4","186.29057742452017","0",,"4.598710100763197","5.2273076988970075",
"onion","early_2005_2006","1990","4","52.38724613390839","121.62549065707927","4","228.045272493508","0",,"4.800946574677512","5.4295441728113225",
"onion","early_2005_2006","1991","4","57.85397326928696","123.50172820363272","4","231.5631789805017","0",,"4.816255149521805","5.444852747655616",
"onion","early_2005_2006","1992","4","32.41369186854958","66.35414670544118","4","124.41264890088064","0",,"4.195006256269812","4.823603854403622",
"onion","early_2005_2006","1993","4","26.493626385359114","54.47906780958643","4","102.14712225793032","0",,"3.997816551004457","4.6264141491382675",
"onion","early_2005_2006","1994","4","39.493770182905735","75.14590014137785","4","140.8970042540421","0",,"4.31943155904048","4.948029157174291",
"onion","early_2005_2006","1995","4","40.10711030053358","68.92237888978956","4","129.2280309819085","0",,"4.232980927747001","4.8615785258808115",
"onion","early_2005_2006","1996","4","53.25392238707816","87.37328541833536","4","163.82309805479568","0",,"4.470189577109194","5.098787175243004",
"onion","early_2005_2006","1997","4","55.8006172233155","93.95924039977571","4","176.17162705359834","0",,"4.542861075464459","5.17145867359827",
"onion","early_2005_2006","1998","4","57.01396397775318","96.88210786727484","4","181.65194293546855","0",,"4.5734948565151115","5.202092454648922",
"onion","early_2005_2006","1999","4","61.574014417507996","98.1183145408196","4","183.96980480968412","0",,"4.586174041713397","5.214771639847207",
"onion","early_2005_2006","2000","4","94.82771557759136","144.91650244922403","4","271.71543655282153","0",,"4.976157731380297","5.6047553295141075",
"onion","early_2005_2006","2001","4","78.37420024818363","115.44671286338402","4","216.46019227695348","0",,"4.74880906301217","5.37740666114598",
"onion","early_2005_2006","2002","4","68.69409317431814","97.60252928671719","4","183.00271815552583","0",,"4.580903407906185","5.2095010060399956",
"onion","early_2005_2006","2003","4","131.40145346135586","175.21277426866203","4","328.52031787560855","0",,"5.166001088336667","5.794598686470478",
"onion","early_2005_2006","2004","4","94.45437811468744","123.10638998879348","4","230.82192802691418","0",,"4.813048940769209","5.4416465389030195",
"onion","early_2005_2006","2005","4","62.475","85.68650198523238","4","160.7115337627243","4","85.68650198523238","4.450695310109349","5.079611042182442","4.450695310109349"
"onion","early_2005_2006","2006","4","86.025","121.494139656362","4","227.69932909271745","4","121.494139656362","4.799866028336369","5.428026026612641","4.799866028336369"
"onion","early_2005_2006","2007","4","49.25","67.72735811229322","4","126.92659964013308","4","67.72735811229322","4.215490206298818","4.843608963788376","4.215490206298818"
"onion","early_2005_2006","2008","4","72.975","102.33808712795829","4","191.84265101554618","4","102.33808712795829","4.628281911859269","5.2566755100721005","4.628281911859269"
"onion","early_2005_2006","2009","4","76.42500000000001","106.5345556482995","4","199.65203898923153","4","106.5345556482995","4.668469398702928","5.29657604627567","4.668469398702928"
"onion","early_2005_2006","2010","4","78.14999999999999","102.62441216087258","4","192.27171732584557","4","102.62441216087258","4.631075839725713","5.258909565989395","4.631075839725713"
"onion","early_2005_2006","2011","4","78.55","95.93937845124552","4","185.93157902128905","4","95.93937845124552","4.563716517537667","5.225378751313803","4.563716517537667"
"onion","early_2005_2006","2012","4","85.45","97.39171014536767","4","187.01491172299862","4","97.39171014536767","4.5787410955824415","5.231188355509593","4.5787410955824415"
"onion","early_2005_2006","2013","4","102.025","119.24484826619238","0",,"4","119.24484826619238","4.781178927713179",,"4.781178927713179"
"onion","early_2005_2006","2014","4","75.2","88.96033698983808","0",,"4","88.96033698983808","4.488190618600291",,"4.488190618600291"
"onion","early_2005_2006","2015","4","102.02499999999999","120.25634201165886","0",,"4","120.25634201165886","4.789625647816849",,"4.789625647816849"
"onion","early_2005_2006","2016","4","100.05","114.39634399294525","0",,"4","114.39634399294525","4.739669120331401",,"4.739669120331401"
"onion","early_2005_2006","2017","4","121.125","131.84814760889805","0",,"4","131.84814760889805","4.881650863469646",,"4.881650863469646"
"onion","early_2005_2006","2018","4","74.475","80.40926279577002","0",,"4","80.40926279577002","4.387129378451497",,"4.387129378451497"
"onion","early_2005_2006","2019","4","54.575","59.32566731306417","0",,"4","59.32566731306417","4.083042050687796",,"4.083042050687796"
"onion","early_2005_2006","2020","4","100","99.90024924771336","0",,"4","99.90024924771336","4.604172180623501",,"4.604172180623501"
"onion","early_2005_2006","2021","4","106.6","93.87930952796316","0",,"4","93.87930952796316","4.542010016119423",,"4.542010016119423"
"onion","early_2005_2006","2022","4","101.95","93.97760297661344","0",,"4","93.97760297661344","4.543056487673861",,"4.543056487673861"
"onion","early_2005_2006","2023","4","129.125","118.40856556645076","0",,"4","118.40856556645076","4.7741410641444215",,"4.7741410641444215"
"onion","early_2005_2006","2024","4","115.275","98.17636276267038","0",,"4","98.17636276267038","4.586765481321851",,"4.586765481321851"
"onion","full_2005_2012","1980","4","32.383277852000276","145.67198312987523","4","274.73798082820014","0",,"4.981357403220562","5.615817846478628",
"onion","full_2005_2012","1981","4","52.929360811722105","180.6890715887892","4","340.7803588543661","0",,"5.196777717566698","5.831238160824763",
"onion","full_2005_2012","1982","4","40.707755335035955","132.90185216652785","4","250.65345942332738","0",,"4.88961090216481","5.524071345422875",
"onion","full_2005_2012","1983","4","19.406106743892103","61.28797997828324","4","115.58939136059195","0",,"4.115583738531972","4.750044181790037",
"onion","full_2005_2012","1984","4","59.22574107357234","190.27762515821777","4","358.8644117389841","0",,"5.248484190711641","5.882944633969707",
"onion","full_2005_2012","1985","4","65.37631042409552","201.72707347473073","4","380.45812004507","0",,"5.30691566240144","5.941376105659507",
"onion","full_2005_2012","1986","4","45.26766019835487","145.62733589488525","4","274.65377595278653","0",,"4.981050864671216","5.615511307929283",
"onion","full_2005_2012","1987","4","34.09324217574486","108.00643079905434","4","203.70058865565971","0",,"4.6821907697872085","5.316651213045274",
"onion","full_2005_2012","1988","4","37.274571150153406","102.41738193209082","4","193.1596186800489","0",,"4.629056443630856","5.263516886888922",
"onion","full_2005_2012","1989","4","37.89758140764175","98.77526860332063","4","186.29057742452017","0",,"4.592847255638942","5.2273076988970075",
"onion","full_2005_2012","1990","4","52.081006418546494","120.91450547674802","4","228.045272493508","0",,"4.795083729553256","5.4295441728113225",
"onion","full_2005_2012","1991","4","57.51577674982775","122.77977511613682","4","231.5631789805017","0",,"4.810392304397549","5.444852747655616",
"onion","full_2005_2012","1992","4","32.22421140327985","65.9662607885481","4","124.41264890088064","0",,"4.189143411145556","4.823603854403622",
"onion","full_2005_2012","1993","4","26.338752800624047","54.16059994860089","4","102.14712225793032","0",,"3.991953705880201","4.6264141491382675",
"onion","full_2005_2012","1994","4","39.262901759158744","74.70662034012459","4","140.8970042540421","0",,"4.313568713916225","4.948029157174291",
"onion","full_2005_2012","1995","4","39.87265647925372","68.51947987808502","4","129.2280309819085","0",,"4.227118082622746","4.8615785258808115",
"onion","full_2005_2012","1996","4","52.94261634911547","86.86252808651551","4","163.82309805479568","0",,"4.464326731984938","5.098787175243004",
"onion","full_2005_2012","1997","4","55.47442399124894","93.40998360238467","4","176.17162705359834","0",,"4.536998230340203","5.17145867359827",
"onion","full_2005_2012","1998","4","56.68067789404551","96.31576488636884","4","181.65194293546855","0",,"4.567632011390856","5.202092454648922",
"onion","full_2005_2012","1999","4","61.21407168257768","97.544745076222","4","183.96980480968412","0",,"4.580311196589141","5.214771639847207",
"onion","full_2005_2012","2000","4","94.27338194163977","144.06936518325946","4","271.71543655282153","0",,"4.970294886256042","5.6047553295141075",
"onion","full_2005_2012","2001","4","77.91604879822252","114.77184691611933","4","216.46019227695348","0",,"4.742946217887915","5.37740666114598",
"onion","full_2005_2012","2002","4","68.29252865063668","97.03197494394904","4","183.00271815552583","0",,"4.57504056278193","5.2095010060399956",
"onion","full_2005_2012","2003","4","130.6333210116507","174.18853432326296","4","328.52031787560855","0",,"5.160138243212412","5.794598686470478",
"onion","full_2005_2012","2004","4","93.90222689462543","122.38674792681083","4","230.82192802691418","0",,"4.807186095644954","5.4416465389030195",
"onion","full_2005_2012","2005","4","62.475","85.68650198523238","4","160.7115337627243","4","85.68650198523238","4.450695310109349","5.079611042182442","4.450695310109349"
"onion","full_2005_2012","2006","4","86.025","121.494139656362","4","227.69932909271745","4","121.494139656362","4.799866028336369","5.428026026612641","4.799866028336369"
"onion","full_2005_2012","2007","4","49.25","67.72735811229322","4","126.92659964013308","4","67.72735811229322","4.215490206298818","4.843608963788376","4.215490206298818"
"onion","full_2005_2012","2008","4","72.975","102.33808712795829","4","191.84265101554618","4","102.33808712795829","4.628281911859269","5.2566755100721005","4.628281911859269"
"onion","full_2005_2012","2009","4","76.42500000000001","106.5345556482995","4","199.65203898923153","4","106.5345556482995","4.668469398702928","5.29657604627567","4.668469398702928"
"onion","full_2005_2012","2010","4","78.14999999999999","102.62441216087258","4","192.27171732584557","4","102.62441216087258","4.631075839725713","5.258909565989395","4.631075839725713"
"onion","full_2005_2012","2011","4","78.55","95.93937845124552","4","185.93157902128905","4","95.93937845124552","4.563716517537667","5.225378751313803","4.563716517537667"
"onion","full_2005_2012","2012","4","85.45","97.39171014536767","4","187.01491172299862","4","97.39171014536767","4.5787410955824415","5.231188355509593","4.5787410955824415"
"onion","full_2005_2012","2013","4","102.025","119.24484826619238","0",,"4","119.24484826619238","4.781178927713179",,"4.781178927713179"
"onion","full_2005_2012","2014","4","75.2","88.96033698983808","0",,"4","88.96033698983808","4.488190618600291",,"4.488190618600291"
"onion","full_2005_2012","2015","4","102.02499999999999","120.25634201165886","0",,"4","120.25634201165886","4.789625647816849",,"4.789625647816849"
"onion","full_2005_2012","2016","4","100.05","114.39634399294525","0",,"4","114.39634399294525","4.739669120331401",,"4.739669120331401"
"onion","full_2005_2012","2017","4","121.125","131.84814760889805","0",,"4","131.84814760889805","4.881650863469646",,"4.881650863469646"
"onion","full_2005_2012","2018","4","74.475","80.40926279577002","0",,"4","80.40926279577002","4.387129378451497",,"4.387129378451497"
"onion","full_2005_2012","2019","4","54.575","59.32566731306417","0",,"4","59.32566731306417","4.083042050687796",,"4.083042050687796"
"onion","full_2005_2012","2020","4","100","99.90024924771336","0",,"4","99.90024924771336","4.604172180623501",,"4.604172180623501"
"onion","full_2005_2012","2021","4","106.6","93.87930952796316","0",,"4","93.87930952796316","4.542010016119423",,"4.542010016119423"
"onion","full_2005_2012","2022","4","101.95","93.97760297661344","0",,"4","93.97760297661344","4.543056487673861",,"4.543056487673861"
"onion","full_2005_2012","2023","4","129.125","118.40856556645076","0",,"4","118.40856556645076","4.7741410641444215",,"4.7741410641444215"
"onion","full_2005_2012","2024","4","115.275","98.17636276267038","0",,"4","98.17636276267038","4.586765481321851",,"4.586765481321851"
"onion","late_2010_2012","1980","4","32.05126054226677","144.17844624446883","4","274.73798082820014","0",,"4.9710517424200225","5.615817846478628",
"onion","late_2010_2012","1981","4","52.386689867077855","178.8365136197864","4","340.7803588543661","0",,"5.186472056766157","5.831238160824763",
"onion","late_2010_2012","1982","4","40.29038932677087","131.53924410638652","4","250.65345942332738","0",,"4.8793052413642695","5.524071345422875",
"onion","late_2010_2012","1983","4","19.207140988079633","60.659610289322494","4","115.58939136059195","0",,"4.105278077731431","4.750044181790037",
"onion","late_2010_2012","1984","4","58.618514982745765","188.32675824794885","4","358.8644117389841","0",,"5.238178529911101","5.882944633969707",
"onion","late_2010_2012","1985","4","64.70602414836664","199.65881835424554","4","380.45812004507","0",,"5.296610001600901","5.941376105659507",
"onion","late_2010_2012","1986","4","44.80354267369668","144.1342567659455","4","274.65377595278653","0",,"4.970745203870677","5.615511307929283",
"onion","late_2010_2012","1987","4","33.74369304736395","106.89906900721505","4","203.70058865565971","0",,"4.671885108986668","5.316651213045274",
"onion","late_2010_2012","1988","4","36.89240468475405","101.36732320195082","4","193.1596186800489","0",,"4.6187507828303165","5.263516886888922",
"onion","late_2010_2012","1989","4","37.50902738040961","97.76255151211815","4","186.29057742452017","0",,"4.582541594838402","5.2273076988970075",
"onion","late_2010_2012","1990","4","51.54703343044049","119.67480055868432","4","228.045272493508","0",,"4.784778068752717","5.4295441728113225",
"onion","late_2010_2012","1991","4","56.926082477648585","121.52094607449222","4","231.5631789805017","0",,"4.80008664359701","5.444852747655616",
"onion","late_2010_2012","1992","4","31.89382496039726","65.28992590545533","4","124.41264890088064","0",,"4.178837750345016","4.823603854403622",
"onion","late_2010_2012","1993","4","26.068708431225566","53.605305429909144","4","102.14712225793032","0",,"3.981648045079661","4.6264141491382675",
"onion","late_2010_2012","1994","4","38.86034945812287","73.94067282801754","4","140.8970042540421","0",,"4.3032630531156855","4.948029157174291",
"onion","late_2010_2012","1995","4","39.46385252195597","67.81696750495738","4","129.2280309819085","0",,"4.216812421822206","4.8615785258808115",
"onion","late_2010_2012","1996","4","52.39980949890031","85.9719492197392","4","163.82309805479568","0",,"4.454021071184398","5.098787175243004",
"onion","late_2010_2012","1997","4","54.905659176989936","92.45227538026906","4","176.17162705359834","0",,"4.526692569539664","5.17145867359827",
"onion","late_2010_2012","1998","4","56.099545672833685","95.32826444590549","4","181.65194293546855","0",,"4.557326350590316","5.202092454648922",
"onion","late_2010_2012","1999","4","60.58645975611458","96.54464422210638","4","183.96980480968412","0",,"4.570005535788602","5.214771639847207",
"onion","late_2010_2012","2000","4","93.30682152132675","142.59225952206694","4","271.71543655282153","0",,"4.959989225455502","5.6047553295141075",
"onion","late_2010_2012","2001","4","77.11719585241262","113.59512107569049","4","216.46019227695348","0",,"4.732640557087374","5.37740666114598",
"onion","late_2010_2012","2002","4","67.59234314930757","96.03713138838756","4","183.00271815552583","0",,"4.56473490198139","5.2095010060399956",
"onion","late_2010_2012","2003","4","129.29397161033114","172.40262466900415","4","328.52031787560855","0",,"5.1498325824118725","5.794598686470478",
"onion","late_2010_2012","2004","4","92.93947183029789","121.1319484905276","4","230.82192802691418","0",,"4.796880434844414","5.4416465389030195",
"onion","late_2010_2012","2005","4","62.475","85.68650198523238","4","160.7115337627243","4","85.68650198523238","4.450695310109349","5.079611042182442","4.450695310109349"
"onion","late_2010_2012","2006","4","86.025","121.494139656362","4","227.69932909271745","4","121.494139656362","4.799866028336369","5.428026026612641","4.799866028336369"
"onion","late_2010_2012","2007","4","49.25","67.72735811229322","4","126.92659964013308","4","67.72735811229322","4.215490206298818","4.843608963788376","4.215490206298818"
"onion","late_2010_2012","2008","4","72.975","102.33808712795829","4","191.84265101554618","4","102.33808712795829","4.628281911859269","5.2566755100721005","4.628281911859269"
"onion","late_2010_2012","2009","4","76.42500000000001","106.5345556482995","4","199.65203898923153","4","106.5345556482995","4.668469398702928","5.29657604627567","4.668469398702928"
"onion","late_2010_2012","2010","4","78.14999999999999","102.62441216087258","4","192.27171732584557","4","102.62441216087258","4.631075839725713","5.258909565989395","4.631075839725713"
"onion","late_2010_2012","2011","4","78.55","95.93937845124552","4","185.93157902128905","4","95.93937845124552","4.563716517537667","5.225378751313803","4.563716517537667"
"onion","late_2010_2012","2012","4","85.45","97.39171014536767","4","187.01491172299862","4","97.39171014536767","4.5787410955824415","5.231188355509593","4.5787410955824415"
"onion","late_2010_2012","2013","4","102.025","119.24484826619238","0",,"4","119.24484826619238","4.781178927713179",,"4.781178927713179"
"onion","late_2010_2012","2014","4","75.2","88.96033698983808","0",,"4","88.96033698983808","4.488190618600291",,"4.488190618600291"
"onion","late_2010_2012","2015","4","102.02499999999999","120.25634201165886","0",,"4","120.25634201165886","4.789625647816849",,"4.789625647816849"
"onion","late_2010_2012","2016","4","100.05","114.39634399294525","0",,"4","114.39634399294525","4.739669120331401",,"4.739669120331401"
"onion","late_2010_2012","2017","4","121.125","131.84814760889805","0",,"4","131.84814760889805","4.881650863469646",,"4.881650863469646"
"onion","late_2010_2012","2018","4","74.475","80.40926279577002","0",,"4","80.40926279577002","4.387129378451497",,"4.387129378451497"
"onion","late_2010_2012","2019","4","54.575","59.32566731306417","0",,"4","59.32566731306417","4.083042050687796",,"4.083042050687796"
"onion","late_2010_2012","2020","4","100","99.90024924771336","0",,"4","99.90024924771336","4.604172180623501",,"4.604172180623501"
"onion","late_2010_2012","2021","4","106.6","93.87930952796316","0",,"4","93.87930952796316","4.542010016119423",,"4.542010016119423"
"onion","late_2010_2012","2022","4","101.95","93.97760297661344","0",,"4","93.97760297661344","4.543056487673861",,"4.543056487673861"
"onion","late_2010_2012","2023","4","129.125","118.40856556645076","0",,"4","118.40856556645076","4.7741410641444215",,"4.7741410641444215"
"onion","late_2010_2012","2024","4","115.275","98.17636276267038","0",,"4","98.17636276267038","4.586765481321851",,"4.586765481321851"
"peach","early_2005_2006","1980","4","29.69826755355183","131.645838433679","4","170.5511482985488","0",,"4.880115274608496","5.1390352417563765",
"peach","early_2005_2006","1981","4","39.771364150662976","136.3970505173951","4","176.706486639122","0",,"4.915570121402801","5.174490088550682",
"peach","early_2005_2006","1982","4","42.78171485784562","138.4852283157071","4","179.41178386378942","0",,"4.930763665179132","5.189683632327013",
"peach","early_2005_2006","1983","4","48.22350267467578","153.37966257951192","4","198.70797200899162","0",,"5.032916302435427","5.291836269583308",
"peach","early_2005_2006","1984","4","47.683183316976326","153.40164459723871","4","198.73645037496073","0",,"5.03305960984856","5.2919795769964395",
"peach","early_2005_2006","1985","4","40.73622014655485","126.32273589375832","4","163.6549086490763","0",,"4.838840028149818","5.097759995297698",
"peach","early_2005_2006","1986","4","42.47296093916022","137.20233569695466","4","177.74975784097526","0",,"4.9214567391771595","5.18037670632504",
"peach","early_2005_2006","1987","4","45.44471740650719","142.85212443973614","4","185.0692293046405","0",,"4.961810000387942","5.220729967535822",
"peach","early_2005_2006","1988","4","53.588102011834586","146.56603265043384","4","189.88070923857703","0",,"4.987476061721947","5.246396028869827",
"peach","early_2005_2006","1989","4","59.02988982866475","153.96679189542962","4","199.46861571957842","0",,"5.036736942117955","5.295656909265834",
"peach","early_2005_2006","1990","4","81.64611437237023","188.64342915158363","4","244.39324359643115","0",,"5.239858614908314","5.498778582056194",
"peach","early_2005_2006","1991","4","107.62003778177944","229.52675025212494","4","297.3588173123701","0",,"5.436019581540935","5.694939548688816",
"peach","early_2005_2006","1992","4","106.90604434481946","218.0637586616823","4","282.50816649083646","0",,"5.384787490952953","5.643707458100834",
"peach","early_2005_2006","1993","4","107.36917522284756","221.62966395882302","4","287.1279041930473","0",,"5.401007808544394","5.659927775692275",
"peach","early_2005_2006","1994","4","127.76623097600174","243.359874003644","4","315.280045726788","0",,"5.494541310774343","5.753461277922224",
"peach","early_2005_2006","1995","4","135.92891270124696","233.51915787395438","4","302.531101620635","0",,"5.453264120312714","5.712184087460595",
"peach","early_2005_2006","1996","4","121.57185548237591","199.48395870972664","4","258.43747610923543","0",,"5.295733825627022","5.554653792774903",
"peach","early_2005_2006","1997","4","132.26245991685786","222.91734517645426","4","288.79613398992103","0",,"5.406801053319699","5.665721020467579",
"peach","early_2005_2006","1998","4","122.86476251687102","209.3231016738124","4","271.1843821319716","0",,"5.343878999251153","5.602798966399033",
"peach","early_2005_2006","1999","4","112.86885439943123","179.4567710368735","4","232.49165134610476","0",,"5.18993434904602","5.4488543161939",
"peach","early_2005_2006","2000","4","108.93224193619238","165.7425487363","4","214.72446334218836","0",,"5.110435673221687","5.369355640369568",
"peach","early_2005_2006","2001","4","87.0300108294469","127.72700282435022","4","165.47417874815187","0",,"4.849895195848276","5.108815162996157",
"peach","early_2005_2006","2002","4","76.59026895389682","108.76463546271651","4","140.90786076602427","0",,"4.689186239881365","4.948106207029245",
"peach","early_2005_2006","2003","4","80.00585917935405","106.92410129057345","4","138.523393317022","0",,"4.672119249032744","4.931039216180624",
"peach","early_2005_2006","2004","4","84.6178708397172","111.63384162266699","4","144.62500375441698","0",,"4.715224244325627","4.974144211473508",
"peach","early_2005_2006","2005","4","76.325","105.71534792377636","4","136.911445275174","4","105.71534792377636","4.6607500850200365","4.919334331978625","4.6607500850200365"
"peach","early_2005_2006","2006","4","86.225","121.92669310066597","4","158.0222039022879","4","121.92669310066597","4.803419987910741","5.062735554180546","4.803419987910741"
"peach","early_2005_2006","2007","4","84.175","116.51924968157999","4","150.94974361328977","4","116.51924968157999","4.758056492674517","5.016946957663759","4.758056492674517"
"peach","early_2005_2006","2008","4","72.875","101.72099085432106","4","131.7309772275787","4","101.72099085432106","4.62223368150452","4.880761791627479","4.62223368150452"
"peach","early_2005_2006","2009","4","68.225","95.24099169308","4","123.33483588074337","4","95.24099169308","4.55641043413354","4.814902899712789","4.55641043413354"
"peach","early_2005_2006","2010","4","86.25","112.8775054877839","4","146.32206463360293","4","112.8775054877839","4.726303208503282","4.985810114382205","4.726303208503282"
"peach","early_2005_2006","2011","4","93.025","113.60288153059335","4","152.36848826826366","4","113.60288153059335","4.732708871551559","5.026301851979421","4.732708871551559"
"peach","early_2005_2006","2012","4","96.525","109.83470838463111","4","143.92302625183052","4","109.83470838463111","4.69897658463127","4.9692786167407625","4.69897658463127"
"peach","early_2005_2006","2013","4","111","129.88940059274032","0",,"4","129.88940059274032","4.866683323678699",,"4.866683323678699"
"peach","early_2005_2006","2014","4","108.3","128.77387908304357","0",,"4","128.77387908304357","4.858057990952833",,"4.858057990952833"
"peach","early_2005_2006","2015","4","93.225","109.50464119069463","0",,"4","109.50464119069463","4.695966933661471",,"4.695966933661471"
"peach","early_2005_2006","2016","4","99","114.14998404072897","0",,"4","114.14998404072897","4.737513233166149",,"4.737513233166149"
"peach","early_2005_2006","2017","4","98.85","107.60578603855778","0",,"4","107.60578603855778","4.6784744198744805",,"4.6784744198744805"
"peach","early_2005_2006","2018","4","110.825","120.03390463833681","0",,"4","120.03390463833681","4.787774241528324",,"4.787774241528324"
"peach","early_2005_2006","2019","4","96.65","105.08087216333692","0",,"4","105.08087216333692","4.6547302647765845",,"4.6547302647765845"
"peach","early_2005_2006","2020","4","100","99.83798273704727","0",,"4","99.83798273704727","4.603548699459536",,"4.603548699459536"
"peach","early_2005_2006","2021","4","123.52499999999999","110.2509779884576","0",,"4","110.2509779884576","4.702759384931218",,"4.702759384931218"
"peach","early_2005_2006","2022","4","126.57499999999999","116.08771513120469","0",,"4","116.08771513120469","4.754346070281886",,"4.754346070281886"
"peach","early_2005_2006","2023","4","150.475","136.82938343650818","0",,"4","136.82938343650818","4.918734773326667",,"4.918734773326667"
"peach","early_2005_2006","2024","4","160.3","136.1186073563379","0",,"4","136.1186073563379","4.913526618580793",,"4.913526618580793"
"peach","full_2005_2012","1980","4","29.540703953744014","130.94739391445154","4","170.5511482985488","0",,"4.874795669376927","5.1390352417563765",
"peach","full_2005_2012","1981","4","39.56035792635894","135.6733985318395","4","176.706486639122","0",,"4.910250516171232","5.174490088550682",
"peach","full_2005_2012","1982","4","42.55473727449673","137.75049754212634","4","179.41178386378942","0",,"4.925444059947563","5.189683632327013",
"peach","full_2005_2012","1983","4","47.96765378843813","152.5659096651455","4","198.70797200899162","0",,"5.027596697203858","5.291836269583308",
"peach","full_2005_2012","1984","4","47.43020108492622","152.58777505769075","4","198.73645037496073","0",,"5.02774000461699","5.2919795769964395",
"peach","full_2005_2012","1985","4","40.52009489691592","125.65253299491575","4","163.6549086490763","0",,"4.833520422918249","5.097759995297698",
"peach","full_2005_2012","1986","4","42.2476214439185","136.4744112860283","4","177.74975784097526","0",,"4.916137133945591","5.18037670632504",
"peach","full_2005_2012","1987","4","45.20361131323401","142.09422518092137","4","185.0692293046405","0",,"4.956490395156372","5.220729967535822",
"peach","full_2005_2012","1988","4","53.30379134473497","145.78842932147495","4","189.88070923857703","0",,"4.982156456490378","5.246396028869827",
"peach","full_2005_2012","1989","4","58.71670785867637","153.14992397752295","4","199.46861571957842","0",,"5.031417336886385","5.295656909265834",
"peach","full_2005_2012","1990","4","81.2129424485321","187.64258498706735","4","244.39324359643115","0",,"5.234539009676745","5.498778582056194",
"peach","full_2005_2012","1991","4","107.04906169592616","228.30900039662572","4","297.3588173123701","0",,"5.430699976309366","5.694939548688816",
"peach","full_2005_2012","1992","4","106.33885633771399","216.90682549241907","4","282.50816649083646","0",,"5.379467885721384","5.643707458100834",
"peach","full_2005_2012","1993","4","106.79953008358135","220.45381194608927","4","287.1279041930473","0",,"5.395688203312825","5.659927775692275",
"peach","full_2005_2012","1994","4","127.08836964115602","242.06873277031625","4","315.280045726788","0",,"5.489221705542774","5.753461277922224",
"peach","full_2005_2012","1995","4","135.2077444120681","232.28022637492458","4","302.531101620635","0",,"5.4479445150811445","5.712184087460595",
"peach","full_2005_2012","1996","4","120.92685829018016","198.42560031957672","4","258.43747610923543","0",,"5.290414220395453","5.554653792774903",
"peach","full_2005_2012","1997","4","131.56074392395158","221.7346613952448","4","288.79613398992103","0",,"5.40148144808813","5.665721020467579",
"peach","full_2005_2012","1998","4","122.21290583072651","208.212541895765","4","271.1843821319716","0",,"5.338559394019583","5.602798966399033",
"peach","full_2005_2012","1999","4","112.27003081575614","178.50466651416116","4","232.49165134610476","0",,"5.18461474381445","5.4488543161939",
"peach","full_2005_2012","2000","4","108.35430397588365","164.86320476200507","4","214.72446334218836","0",,"5.105116067990118","5.369355640369568",
"peach","full_2005_2012","2001","4","86.56827474424009","127.0493496137251","4","165.47417874815187","0",,"4.844575590616707","5.108815162996157",
"peach","full_2005_2012","2002","4","76.1839207228135","108.18758673539972","4","140.90786076602427","0",,"4.683866634649796","4.948106207029245",
"peach","full_2005_2012","2003","4","79.58138959858523","106.35681748268198","4","138.523393317022","0",,"4.666799643801174","4.931039216180624",
"peach","full_2005_2012","2004","4","84.16893231784762","111.04157037604543","4","144.62500375441698","0",,"4.709904639094058","4.974144211473508",
"peach","full_2005_2012","2005","4","76.325","105.71534792377636","4","136.911445275174","4","105.71534792377636","4.6607500850200365","4.919334331978625","4.6607500850200365"
"peach","full_2005_2012","2006","4","86.225","121.92669310066597","4","158.0222039022879","4","121.92669310066597","4.803419987910741","5.062735554180546","4.803419987910741"
"peach","full_2005_2012","2007","4","84.175","116.51924968157999","4","150.94974361328977","4","116.51924968157999","4.758056492674517","5.016946957663759","4.758056492674517"
"peach","full_2005_2012","2008","4","72.875","101.72099085432106","4","131.7309772275787","4","101.72099085432106","4.62223368150452","4.880761791627479","4.62223368150452"
"peach","full_2005_2012","2009","4","68.225","95.24099169308","4","123.33483588074337","4","95.24099169308","4.55641043413354","4.814902899712789","4.55641043413354"
"peach","full_2005_2012","2010","4","86.25","112.8775054877839","4","146.32206463360293","4","112.8775054877839","4.726303208503282","4.985810114382205","4.726303208503282"
"peach","full_2005_2012","2011","4","93.025","113.60288153059335","4","152.36848826826366","4","113.60288153059335","4.732708871551559","5.026301851979421","4.732708871551559"
"peach","full_2005_2012","2012","4","96.525","109.83470838463111","4","143.92302625183052","4","109.83470838463111","4.69897658463127","4.9692786167407625","4.69897658463127"
"peach","full_2005_2012","2013","4","111","129.88940059274032","0",,"4","129.88940059274032","4.866683323678699",,"4.866683323678699"
"peach","full_2005_2012","2014","4","108.3","128.77387908304357","0",,"4","128.77387908304357","4.858057990952833",,"4.858057990952833"
"peach","full_2005_2012","2015","4","93.225","109.50464119069463","0",,"4","109.50464119069463","4.695966933661471",,"4.695966933661471"
"peach","full_2005_2012","2016","4","99","114.14998404072897","0",,"4","114.14998404072897","4.737513233166149",,"4.737513233166149"
"peach","full_2005_2012","2017","4","98.85","107.60578603855778","0",,"4","107.60578603855778","4.6784744198744805",,"4.6784744198744805"
"peach","full_2005_2012","2018","4","110.825","120.03390463833681","0",,"4","120.03390463833681","4.787774241528324",,"4.787774241528324"
"peach","full_2005_2012","2019","4","96.65","105.08087216333692","0",,"4","105.08087216333692","4.6547302647765845",,"4.6547302647765845"
"peach","full_2005_2012","2020","4","100","99.83798273704727","0",,"4","99.83798273704727","4.603548699459536",,"4.603548699459536"
"peach","full_2005_2012","2021","4","123.52499999999999","110.2509779884576","0",,"4","110.2509779884576","4.702759384931218",,"4.702759384931218"
"peach","full_2005_2012","2022","4","126.57499999999999","116.08771513120469","0",,"4","116.08771513120469","4.754346070281886",,"4.754346070281886"
"peach","full_2005_2012","2023","4","150.475","136.82938343650818","0",,"4","136.82938343650818","4.918734773326667",,"4.918734773326667"
"peach","full_2005_2012","2024","4","160.3","136.1186073563379","0",,"4","136.1186073563379","4.913526618580793",,"4.913526618580793"
"peach","late_2010_2012","1980","4","29.269269244125745","129.74418400117074","4","170.5511482985488","0",,"4.865564696387553","5.1390352417563765",
"peach","late_2010_2012","1981","4","39.1968576427181","134.4267637329167","4","176.706486639122","0",,"4.901019543181858","5.174490088550682",
"peach","late_2010_2012","1982","4","42.163723141148","136.48477732236898","4","179.41178386378942","0",,"4.916213086958189","5.189683632327013",
"peach","late_2010_2012","1983","4","47.52690308061744","151.1640580555004","4","198.70797200899162","0",,"5.018365724214484","5.291836269583308",
"peach","late_2010_2012","1984","4","46.99438876038643","151.1857225379223","4","198.73645037496073","0",,"5.018509031627616","5.2919795769964395",
"peach","late_2010_2012","1985","4","40.14777607170205","124.49797490247218","4","163.6549086490763","0",,"4.824289449928875","5.097759995297698",
"peach","late_2010_2012","1986","4","41.85942924387314","135.2204163827331","4","177.74975784097526","0",,"4.906906160956217","5.18037670632504",
"peach","late_2010_2012","1987","4","44.78825800514368","140.78859262691017","4","185.0692293046405","0",,"4.947259422166999","5.220729967535822",
"peach","late_2010_2012","1988","4","52.81400954576815","144.4488525788035","4","189.88070923857703","0",,"4.972925483501004","5.246396028869827",
"peach","late_2010_2012","1989","4","58.17718948523759","151.74270615333057","4","199.46861571957842","0",,"5.022186363897012","5.295656909265834",
"peach","late_2010_2012","1990","4","80.4667174606212","185.91843140400658","4","244.39324359643115","0",,"5.225308036687371","5.498778582056194",
"peach","late_2010_2012","1991","4","106.06544156886892","226.21118352256167","4","297.3588173123701","0",,"5.421469003319992","5.694939548688816",
"peach","late_2010_2012","1992","4","105.3617619314208","214.91377748368015","4","282.50816649083646","0",,"5.37023691273201","5.643707458100834",
"peach","late_2010_2012","1993","4","105.81820277733311","218.42817245816357","4","287.1279041930473","0",,"5.386457230323451","5.659927775692275",
"peach","late_2010_2012","1994","4","125.92061836605365","239.84448461800213","4","315.280045726788","0",,"5.4799907325534","5.753461277922224",
"peach","late_2010_2012","1995","4","133.9653882752578","230.1459198975005","4","302.531101620635","0",,"5.438713542091771","5.712184087460595",
"peach","late_2010_2012","1996","4","119.81572205197673","196.6023670178954","4","258.43747610923543","0",,"5.281183247406079","5.554653792774903",
"peach","late_2010_2012","1997","4","130.3518982451188","219.69725282426543","4","288.79613398992103","0",,"5.392250475098756","5.665721020467579",
"peach","late_2010_2012","1998","4","121.0899527468152","206.2993812975324","4","271.1843821319716","0",,"5.32932842103021","5.602798966399033",
"peach","late_2010_2012","1999","4","111.23843782254157","176.86447667993633","4","232.49165134610476","0",,"5.175383770825077","5.4488543161939",
"peach","late_2010_2012","2000","4","107.35869063228708","163.3483594766191","4","214.72446334218836","0",,"5.095885095000744","5.369355640369568",
"peach","late_2010_2012","2001","4","85.77284229435159","125.8819568740805","4","165.47417874815187","0",,"4.835344617627333","5.108815162996157",
"peach","late_2010_2012","2002","4","75.48390489274534","107.19350527289271","4","140.90786076602427","0",,"4.674635661660422","4.948106207029245",
"peach","late_2010_2012","2003","4","78.8501561313485","105.37955804043784","4","138.523393317022","0",,"4.657568670811801","4.931039216180624",
"peach","late_2010_2012","2004","4","83.39554622189173","110.02126508955755","4","144.62500375441698","0",,"4.700673666104684","4.974144211473508",
"peach","late_2010_2012","2005","4","76.325","105.71534792377636","4","136.911445275174","4","105.71534792377636","4.6607500850200365","4.919334331978625","4.6607500850200365"
"peach","late_2010_2012","2006","4","86.225","121.92669310066597","4","158.0222039022879","4","121.92669310066597","4.803419987910741","5.062735554180546","4.803419987910741"
"peach","late_2010_2012","2007","4","84.175","116.51924968157999","4","150.94974361328977","4","116.51924968157999","4.758056492674517","5.016946957663759","4.758056492674517"
"peach","late_2010_2012","2008","4","72.875","101.72099085432106","4","131.7309772275787","4","101.72099085432106","4.62223368150452","4.880761791627479","4.62223368150452"
"peach","late_2010_2012","2009","4","68.225","95.24099169308","4","123.33483588074337","4","95.24099169308","4.55641043413354","4.814902899712789","4.55641043413354"
"peach","late_2010_2012","2010","4","86.25","112.8775054877839","4","146.32206463360293","4","112.8775054877839","4.726303208503282","4.985810114382205","4.726303208503282"
"peach","late_2010_2012","2011","4","93.025","113.60288153059335","4","152.36848826826366","4","113.60288153059335","4.732708871551559","5.026301851979421","4.732708871551559"
"peach","late_2010_2012","2012","4","96.525","109.83470838463111","4","143.92302625183052","4","109.83470838463111","4.69897658463127","4.9692786167407625","4.69897658463127"
"peach","late_2010_2012","2013","4","111","129.88940059274032","0",,"4","129.88940059274032","4.866683323678699",,"4.866683323678699"
"peach","late_2010_2012","2014","4","108.3","128.77387908304357","0",,"4","128.77387908304357","4.858057990952833",,"4.858057990952833"
"peach","late_2010_2012","2015","4","93.225","109.50464119069463","0",,"4","109.50464119069463","4.695966933661471",,"4.695966933661471"
"peach","late_2010_2012","2016","4","99","114.14998404072897","0",,"4","114.14998404072897","4.737513233166149",,"4.737513233166149"
"peach","late_2010_2012","2017","4","98.85","107.60578603855778","0",,"4","107.60578603855778","4.6784744198744805",,"4.6784744198744805"
"peach","late_2010_2012","2018","4","110.825","120.03390463833681","0",,"4","120.03390463833681","4.787774241528324",,"4.787774241528324"
"peach","late_2010_2012","2019","4","96.65","105.08087216333692","0",,"4","105.08087216333692","4.6547302647765845",,"4.6547302647765845"
"peach","late_2010_2012","2020","4","100","99.83798273704727","0",,"4","99.83798273704727","4.603548699459536",,"4.603548699459536"
"peach","late_2010_2012","2021","4","123.52499999999999","110.2509779884576","0",,"4","110.2509779884576","4.702759384931218",,"4.702759384931218"
"peach","late_2010_2012","2022","4","126.57499999999999","116.08771513120469","0",,"4","116.08771513120469","4.754346070281886",,"4.754346070281886"
"peach","late_2010_2012","2023","4","150.475","136.82938343650818","0",,"4","136.82938343650818","4.918734773326667",,"4.918734773326667"
"peach","late_2010_2012","2024","4","160.3","136.1186073563379","0",,"4","136.1186073563379","4.913526618580793",,"4.913526618580793"
"peanut","early_2005_2006","1980","4","40.48686103681222","181.85915992459198","4","308.250245393876","0",,"5.203232540934804","5.730911938131325",
"peanut","early_2005_2006","1981","4","60.457429285935625","206.34681434596453","4","349.7566808554631","0",,"5.3295583179692425","5.857237715165764",
"peanut","early_2005_2006","1982","4","55.98838779444051","181.47047935106482","4","307.5914340245765","0",,"5.201092992272752","5.728772389469274",
"peanut","early_2005_2006","1983","4","42.743505750339466","135.2386000124462","4","229.2286605626379","0",,"4.907040625911261","5.434720023107782",
"peanut","early_2005_2006","1984","4","46.23909265952871","148.707220286041","4","252.05789559360392","0",,"5.001979408346758","5.529658805543279",
"peanut","early_2005_2006","1985","4","58.95299947691747","182.72525033306567","4","309.7182637277119","0",,"5.207983660364508","5.7356630575610295",
"peanut","early_2005_2006","1986","4","60.398432038523154","194.91246370455926","4","330.37552132193014","0",,"5.272550553696964","5.800229950893485",
"peanut","early_2005_2006","1987","4","61.01790313635416","191.81738959242037","4","325.1293882430429","0",,"5.256543823576305","5.784223220772826",
"peanut","early_2005_2006","1988","4","58.6727625517082","161.00002141118654","4","272.89412383184845","0",,"5.081404497973191","5.609083895169712",
"peanut","early_2005_2006","1989","4","56.40136852632785","147.07069431889929","4","249.28399335423325","0",,"4.9909133849107965","5.518592782107318",
"peanut","early_2005_2006","1990","4","63.34829440914699","147.60819074954824","4","250.19504675794732","0",,"4.994561403509818","5.522240800706339",
"peanut","early_2005_2006","1991","4","72.47811844622778","154.57146118866535","4","261.99775068824033","0",,"5.0406565213683345","5.568335918564856",
"peanut","early_2005_2006","1992","4","76.0179532909764","155.03070875247903","4","262.77617270614036","0",,"5.043623218279612","5.571302615476133",
"peanut","early_2005_2006","1993","4","73.67281270633043","152.08224442204298","4","257.77854237633534","0",,"5.02442145623831","5.5521008534348315",
"peanut","early_2005_2006","1994","4","78.46633905859417","150.15635300195126","4","254.5141673341797","0",,"5.011677104569559","5.539356501766081",
"peanut","early_2005_2006","1995","4","74.18903862118961","127.53683703050908","4","216.17421595763702","0",,"4.848405240756091","5.376084637952612",
"peanut","early_2005_2006","1996","4","70.11822854972871","115.00982026148674","4","194.94099353042745","0",,"4.745017518295572","5.272696915492093",
"peanut","early_2005_2006","1997","4","70.7229503357066","119.17382838743043","4","201.99896370458015","0",,"4.780583170016178","5.3082625672127",
"peanut","early_2005_2006","1998","4","68.48105493403247","116.51096863307626","4","197.48543151258332","0",,"4.757985419930672","5.285664817127193",
"peanut","early_2005_2006","1999","4","54.69044835136602","87.12513175279653","4","147.6766045433692","0",,"4.467345381306765","4.995024778503286",
"peanut","early_2005_2006","2000","4","50.38364929025521","76.95830714836777","4","130.44389445886677","0",,"4.3432638096026315","4.8709432067991525",
"peanut","early_2005_2006","2001","4","53.61374858608832","78.72133153070072","4","133.43221079506264","0",,"4.365914167371026","4.893593564567547",
"peanut","early_2005_2006","2002","4","52.99427748825731","75.24931138845412","4","127.54715633146688","0",,"4.320806752603116","4.848486149799638",
"peanut","early_2005_2006","2003","4","59.45447607992352","79.05377604655133","4","133.99570236531565","0",,"4.370128330339446","4.897807727535968",
"peanut","early_2005_2006","2004","4","70.13297786158182","92.27655714226263","4","156.40824138305112","0",,"4.524790123791428","5.052469520987949",
"peanut","early_2005_2006","2005","4","59","81.91826451170363","4","138.8445161215316","4","81.91826451170363","4.405721975906921","4.933354717989293","4.405721975906921"
"peanut","early_2005_2006","2006","4","64.65","91.390971508728","4","154.89819421558627","4","91.390971508728","4.515146693589005","5.042768089611722","4.515146693589005"
"peanut","early_2005_2006","2007","4","77.5","107.79220146014762","4","182.62114825538353","4","107.79220146014762","4.680205313187795","5.207413778844385","4.680205313187795"
"peanut","early_2005_2006","2008","4","63.7","89.02586599661448","4","150.8330000551449","4","89.02586599661448","4.488926956683105","5.016173264890281","4.488926956683105"
"peanut","early_2005_2006","2009","4","71.475","100.04362485700435","4","169.53800034077983","4","100.04362485700435","4.605606339429393","5.133077092494564","4.605606339429393"
"peanut","early_2005_2006","2010","4","69.82499999999999","91.95630589920395","4","155.84203148737132","4","91.95630589920395","4.521313528353056","5.048842875534179","4.521313528353056"
"peanut","early_2005_2006","2011","4","65","79.31217859875314","4","133.9421999488261","4","79.31217859875314","4.37339169312601","4.897408363229996","4.37339169312601"
"peanut","early_2005_2006","2012","4","84.65","96.27935184940188","4","163.23359643068216","4","96.27935184940188","4.5672538809582885","5.095182281825767","4.5672538809582885"
"peanut","early_2005_2006","2013","4","86.25","100.49860270164518","0",,"4","100.49860270164518","4.6101438239362595",,"4.6101438239362595"
"peanut","early_2005_2006","2014","4","76.25","90.89013887446234","0",,"4","90.89013887446234","4.509651512069465",,"4.509651512069465"
"peanut","early_2005_2006","2015","4","77.925","91.45234643049675","0",,"4","91.45234643049675","4.51581803257766",,"4.51581803257766"
"peanut","early_2005_2006","2016","4","71.025","81.95190927126944","0",,"4","81.95190927126944","4.406132602920512",,"4.406132602920512"
"peanut","early_2005_2006","2017","4","69.175","75.43069493878619","0",,"4","75.43069493878619","4.323214286852215",,"4.323214286852215"
"peanut","early_2005_2006","2018","4","75.44999999999999","81.73728163273279","0",,"4","81.73728163273279","4.403510221316097",,"4.403510221316097"
"peanut","early_2005_2006","2019","4","76.75","83.87233425032032","0",,"4","83.87233425032032","4.429295812376286",,"4.429295812376286"
"peanut","early_2005_2006","2020","4","100","99.82650515501619","0",,"4","99.82650515501619","4.603433730772165",,"4.603433730772165"
"peanut","early_2005_2006","2021","4","114.875","102.24136046128788","0",,"4","102.24136046128788","4.627336297086936",,"4.627336297086936"
"peanut","early_2005_2006","2022","4","110.625","101.27064541904639","0",,"4","101.27064541904639","4.617796590574071",,"4.617796590574071"
"peanut","early_2005_2006","2023","4","110.1","100.35606537102443","0",,"4","100.35606537102443","4.608724515578468",,"4.608724515578468"
"peanut","early_2005_2006","2024","4","140.65","120.46243772220342","0",,"4","120.46243772220342","4.791337984188196",,"4.791337984188196"
"peanut","full_2005_2012","1980","4","40.507332751814175","181.95111491436225","4","308.250245393876","0",,"5.203738051625887","5.730911938131325",
"peanut","full_2005_2012","1981","4","60.48799888877461","206.45115123617225","4","349.7566808554631","0",,"5.330063828660326","5.857237715165764",
"peanut","full_2005_2012","1982","4","56.01669767791862","181.5622378089795","4","307.5914340245765","0",,"5.201598502963836","5.728772389469274",
"peanut","full_2005_2012","1983","4","42.76511851175136","135.30698185301912","4","229.2286605626379","0",,"4.907546136602344","5.434720023107782",
"peanut","full_2005_2012","1984","4","46.262472924203074","148.78241237933915","4","252.05789559360392","0",,"5.00248491903784","5.529658805543279",
"peanut","full_2005_2012","1985","4","58.98280838214982","182.81764325147637","4","309.7182637277119","0",,"5.208489171055591","5.7356630575610295",
"peanut","full_2005_2012","1986","4","60.428971810083446","195.0110189470529","4","330.37552132193014","0",,"5.273056064388046","5.800229950893485",
"peanut","full_2005_2012","1987","4","61.048756136340714","191.91437984633473","4","325.1293882430429","0",,"5.257049334267388","5.784223220772826",
"peanut","full_2005_2012","1988","4","58.702429758366776","161.08142921779918","4","272.89412383184845","0",,"5.0819100086642734","5.609083895169712",
"peanut","full_2005_2012","1989","4","56.4298872287568","147.14505892168978","4","249.28399335423325","0",,"4.99141889560188","5.518592782107318",
"peanut","full_2005_2012","1990","4","63.38032574464185","147.68282713121863","4","250.19504675794732","0",,"4.9950669142009","5.522240800706339",
"peanut","full_2005_2012","1991","4","72.51476617210014","154.6496184678383","4","261.99775068824033","0",,"5.041162032059418","5.568335918564856",
"peanut","full_2005_2012","1992","4","76.05639089357022","155.10909824489354","4","262.77617270614036","0",,"5.044128728970695","5.571302615476133",
"peanut","full_2005_2012","1993","4","73.71006451559629","152.1591430574258","4","257.77854237633534","0",,"5.024926966929393","5.5521008534348315",
"peanut","full_2005_2012","1994","4","78.50601465925371","150.23227783251775","4","254.5141673341797","0",,"5.012182615260643","5.539356501766081",
"peanut","full_2005_2012","1995","4","74.22655145414402","127.60132456333028","4","216.17421595763702","0",,"4.848910751447174","5.376084637952612",
"peanut","full_2005_2012","1996","4","70.1536830244534","115.06797365255053","4","194.94099353042745","0",,"4.745523028986654","5.272696915492093",
"peanut","full_2005_2012","1997","4","70.75871058103789","119.23408726124683","4","201.99896370458015","0",,"4.781088680707262","5.3082625672127",
"peanut","full_2005_2012","1998","4","68.51568159077348","116.56988106252564","4","197.48543151258332","0",,"4.758490930621755","5.285664817127193",
"peanut","full_2005_2012","1999","4","54.71810194671292","87.16918557225982","4","147.6766045433692","0",,"4.4678508919978475","4.995024778503286",
"peanut","full_2005_2012","2000","4","50.40912520225764","76.99722023005968","4","130.44389445886677","0",,"4.343769320293714","4.8709432067991525",
"peanut","full_2005_2012","2001","4","53.640857760599104","78.76113606536705","4","133.43221079506264","0",,"4.366419678062108","4.893593564567547",
"peanut","full_2005_2012","2002","4","53.02107343434184","75.28736033612226","4","127.54715633146688","0",,"4.321312263294199","4.848486149799638",
"peanut","full_2005_2012","2003","4","59.484538551024755","79.09374867795839","4","133.99570236531565","0",,"4.370633841030529","4.897807727535968",
"peanut","full_2005_2012","2004","4","70.1684397941262","92.32321572064589","4","156.40824138305112","0",,"4.525295634482511","5.052469520987949",
"peanut","full_2005_2012","2005","4","59","81.91826451170363","4","138.8445161215316","4","81.91826451170363","4.405721975906921","4.933354717989293","4.405721975906921"
"peanut","full_2005_2012","2006","4","64.65","91.390971508728","4","154.89819421558627","4","91.390971508728","4.515146693589005","5.042768089611722","4.515146693589005"
"peanut","full_2005_2012","2007","4","77.5","107.79220146014762","4","182.62114825538353","4","107.79220146014762","4.680205313187795","5.207413778844385","4.680205313187795"
"peanut","full_2005_2012","2008","4","63.7","89.02586599661448","4","150.8330000551449","4","89.02586599661448","4.488926956683105","5.016173264890281","4.488926956683105"
"peanut","full_2005_2012","2009","4","71.475","100.04362485700435","4","169.53800034077983","4","100.04362485700435","4.605606339429393","5.133077092494564","4.605606339429393"
"peanut","full_2005_2012","2010","4","69.82499999999999","91.95630589920395","4","155.84203148737132","4","91.95630589920395","4.521313528353056","5.048842875534179","4.521313528353056"
"peanut","full_2005_2012","2011","4","65","79.31217859875314","4","133.9421999488261","4","79.31217859875314","4.37339169312601","4.897408363229996","4.37339169312601"
"peanut","full_2005_2012","2012","4","84.65","96.27935184940188","4","163.23359643068216","4","96.27935184940188","4.5672538809582885","5.095182281825767","4.5672538809582885"
"peanut","full_2005_2012","2013","4","86.25","100.49860270164518","0",,"4","100.49860270164518","4.6101438239362595",,"4.6101438239362595"
"peanut","full_2005_2012","2014","4","76.25","90.89013887446234","0",,"4","90.89013887446234","4.509651512069465",,"4.509651512069465"
"peanut","full_2005_2012","2015","4","77.925","91.45234643049675","0",,"4","91.45234643049675","4.51581803257766",,"4.51581803257766"
"peanut","full_2005_2012","2016","4","71.025","81.95190927126944","0",,"4","81.95190927126944","4.406132602920512",,"4.406132602920512"
"peanut","full_2005_2012","2017","4","69.175","75.43069493878619","0",,"4","75.43069493878619","4.323214286852215",,"4.323214286852215"
"peanut","full_2005_2012","2018","4","75.44999999999999","81.73728163273279","0",,"4","81.73728163273279","4.403510221316097",,"4.403510221316097"
"peanut","full_2005_2012","2019","4","76.75","83.87233425032032","0",,"4","83.87233425032032","4.429295812376286",,"4.429295812376286"
"peanut","full_2005_2012","2020","4","100","99.82650515501619","0",,"4","99.82650515501619","4.603433730772165",,"4.603433730772165"
"peanut","full_2005_2012","2021","4","114.875","102.24136046128788","0",,"4","102.24136046128788","4.627336297086936",,"4.627336297086936"
"peanut","full_2005_2012","2022","4","110.625","101.27064541904639","0",,"4","101.27064541904639","4.617796590574071",,"4.617796590574071"
"peanut","full_2005_2012","2023","4","110.1","100.35606537102443","0",,"4","100.35606537102443","4.608724515578468",,"4.608724515578468"
"peanut","full_2005_2012","2024","4","140.65","120.46243772220342","0",,"4","120.46243772220342","4.791337984188196",,"4.791337984188196"
"peanut","late_2010_2012","1980","4","40.52683551273549","182.0387175495514","4","308.250245393876","0",,"5.204219398240915","5.730911938131325",
"peanut","late_2010_2012","1981","4","60.517121590784264","206.55054971963102","4","349.7566808554631","0",,"5.330545175275354","5.857237715165764",
"peanut","late_2010_2012","1982","4","56.04366761615444","181.64965321443267","4","307.5914340245765","0",,"5.202079849578864","5.728772389469274",
"peanut","late_2010_2012","1983","4","42.785708311806","135.37212708818515","4","229.2286605626379","0",,"4.9080274832173725","5.434720023107782",
"peanut","late_2010_2012","1984","4","46.284746569189714","148.85404552871753","4","252.05789559360392","0",,"5.002966265652868","5.529658805543279",
"peanut","late_2010_2012","1985","4","59.01120639140392","182.90566308754848","4","309.7182637277119","0",,"5.208970517670619","5.7356630575610295",
"peanut","late_2010_2012","1986","4","60.45806609276934","195.1049094360379","4","330.37552132193014","0",,"5.273537411003074","5.800229950893485",
"peanut","late_2010_2012","1987","4","61.07814882192595","192.00677941977585","4","325.1293882430429","0",,"5.257530680882416","5.784223220772826",
"peanut","late_2010_2012","1988","4","58.73069277583308","161.15898388233728","4","272.89412383184845","0",,"5.082391355279301","5.609083895169712",
"peanut","late_2010_2012","1989","4","56.457056102258846","147.21590374681034","4","249.28399335423325","0",,"4.991900242216908","5.518592782107318",
"peanut","late_2010_2012","1990","4","63.410840993515095","147.7539308715555","4","250.19504675794732","0",,"4.995548260815928","5.522240800706339",
"peanut","late_2010_2012","1991","4","72.54967931132322","154.724076456816","4","261.99775068824033","0",,"5.041643378674446","5.568335918564856",
"peanut","late_2010_2012","1992","4","76.09300919221812","155.18377745614464","4","262.77617270614036","0",,"5.044610075585723","5.571302615476133",
"peanut","late_2010_2012","1993","4","73.74555314612525","152.2324019759338","4","257.77854237633534","0",,"5.025408313544421","5.5521008534348315",
"peanut","late_2010_2012","1994","4","78.54381235983709","150.3046090377142","4","254.5141673341797","0",,"5.01266396187567","5.539356501766081",
"peanut","late_2010_2012","1995","4","74.26228875375574","127.6627598136206","4","216.17421595763702","0",,"4.849392098062202","5.376084637952612",
"peanut","late_2010_2012","1996","4","70.18745939072662","115.12337456461738","4","194.94099353042745","0",,"4.746004375601682","5.272696915492093",
"peanut","late_2010_2012","1997","4","70.7927782453795","119.29149400070743","4","201.99896370458015","0",,"4.78157002732229","5.3082625672127",
"peanut","late_2010_2012","1998","4","68.5486693208127","116.6260050866602","4","197.48543151258332","0",,"4.758972277236784","5.285664817127193",
"peanut","late_2010_2012","1999","4","54.74444665982631","87.21115426460344","4","147.6766045433692","0",,"4.468332238612875","4.995024778503286",
"peanut","late_2010_2012","2000","4","50.4333953047375","77.03429150273402","4","130.44389445886677","0",,"4.344250666908742","4.8709432067991525",
"peanut","late_2010_2012","2001","4","53.66668382105411","78.79905659733556","4","133.43221079506264","0",,"4.366901024677136","4.893593564567547",
"peanut","late_2010_2012","2002","4","53.04660109189749","75.32360837541009","4","127.54715633146688","0",,"4.321793609909227","4.848486149799638",
"peanut","late_2010_2012","2003","4","59.513178124530704","79.13182935042053","4","133.99570236531565","0",,"4.371115187645557","4.897807727535968",
"peanut","late_2010_2012","2004","4","70.20222326523033","92.36766588513137","4","156.40824138305112","0",,"4.525776981097539","5.052469520987949",
"peanut","late_2010_2012","2005","4","59","81.91826451170363","4","138.8445161215316","4","81.91826451170363","4.405721975906921","4.933354717989293","4.405721975906921"
"peanut","late_2010_2012","2006","4","64.65","91.390971508728","4","154.89819421558627","4","91.390971508728","4.515146693589005","5.042768089611722","4.515146693589005"
"peanut","late_2010_2012","2007","4","77.5","107.79220146014762","4","182.62114825538353","4","107.79220146014762","4.680205313187795","5.207413778844385","4.680205313187795"
"peanut","late_2010_2012","2008","4","63.7","89.02586599661448","4","150.8330000551449","4","89.02586599661448","4.488926956683105","5.016173264890281","4.488926956683105"
"peanut","late_2010_2012","2009","4","71.475","100.04362485700435","4","169.53800034077983","4","100.04362485700435","4.605606339429393","5.133077092494564","4.605606339429393"
"peanut","late_2010_2012","2010","4","69.82499999999999","91.95630589920395","4","155.84203148737132","4","91.95630589920395","4.521313528353056","5.048842875534179","4.521313528353056"
"peanut","late_2010_2012","2011","4","65","79.31217859875314","4","133.9421999488261","4","79.31217859875314","4.37339169312601","4.897408363229996","4.37339169312601"
"peanut","late_2010_2012","2012","4","84.65","96.27935184940188","4","163.23359643068216","4","96.27935184940188","4.5672538809582885","5.095182281825767","4.5672538809582885"
"peanut","late_2010_2012","2013","4","86.25","100.49860270164518","0",,"4","100.49860270164518","4.6101438239362595",,"4.6101438239362595"
"peanut","late_2010_2012","2014","4","76.25","90.89013887446234","0",,"4","90.89013887446234","4.509651512069465",,"4.509651512069465"
"peanut","late_2010_2012","2015","4","77.925","91.45234643049675","0",,"4","91.45234643049675","4.51581803257766",,"4.51581803257766"
"peanut","late_2010_2012","2016","4","71.025","81.95190927126944","0",,"4","81.95190927126944","4.406132602920512",,"4.406132602920512"
"peanut","late_2010_2012","2017","4","69.175","75.43069493878619","0",,"4","75.43069493878619","4.323214286852215",,"4.323214286852215"
"peanut","late_2010_2012","2018","4","75.44999999999999","81.73728163273279","0",,"4","81.73728163273279","4.403510221316097",,"4.403510221316097"
"peanut","late_2010_2012","2019","4","76.75","83.87233425032032","0",,"4","83.87233425032032","4.429295812376286",,"4.429295812376286"
"peanut","late_2010_2012","2020","4","100","99.82650515501619","0",,"4","99.82650515501619","4.603433730772165",,"4.603433730772165"
"peanut","late_2010_2012","2021","4","114.875","102.24136046128788","0",,"4","102.24136046128788","4.627336297086936",,"4.627336297086936"
"peanut","late_2010_2012","2022","4","110.625","101.27064541904639","0",,"4","101.27064541904639","4.617796590574071",,"4.617796590574071"
"peanut","late_2010_2012","2023","4","110.1","100.35606537102443","0",,"4","100.35606537102443","4.608724515578468",,"4.608724515578468"
"peanut","late_2010_2012","2024","4","140.65","120.46243772220342","0",,"4","120.46243772220342","4.791337984188196",,"4.791337984188196"
"pear","early_2005_2006","1980","4","26.78608719165055","121.09076940888478","4","188.51148539247873","0",,"4.7965404247710675","5.239158935495959",
"pear","early_2005_2006","1981","4","30.49567120919928","104.3155474843348","4","162.39618347291423","0",,"4.647420415943992","5.090038926668882",
"pear","early_2005_2006","1982","4","27.04302807598293","87.69437820993664","4","136.5207073802937","0",,"4.47385779481421","4.9164763055391",
"pear","early_2005_2006","1983","4","26.737910775838234","84.58292369128932","4","131.67686242080904","0",,"4.437732398617511","4.880350909342402",
"pear","early_2005_2006","1984","4","21.904210389335347","70.51028558603957","4","109.76888441751805","0",,"4.255758594014047","4.698377104738937",
"pear","early_2005_2006","1985","4","34.108902395123366","105.7112541752641","4","164.56898939993647","0",,"4.660711360011242","5.103329870736133",
"pear","early_2005_2006","1986","4","36.967369733321085","119.58358374527083","4","186.16513141688606","0",,"4.784015572440636","5.226634083165528",
"pear","early_2005_2006","1987","4","49.68594350777387","156.14472316713838","4","243.08272087232197","0",,"5.050783289800016","5.493401800524906",
"pear","early_2005_2006","1988","4","63.930103782950155","175.4728235372197","4","273.17228862686966","0",,"5.167484179275394","5.610102690000284",
"pear","early_2005_2006","1989","4","62.45269369803897","162.83599164894653","4","253.49954262366666","0",,"5.092743508058828","5.53536201878372",
"pear","early_2005_2006","1990","4","58.13287508020085","135.7528263911749","4","211.33705792895873","0",,"4.910835779158441","5.353454289883332",
"pear","early_2005_2006","1991","4","80.35826157495165","171.33659805557008","4","266.733102442239","0",,"5.143630031404562","5.586248542129453",
"pear","early_2005_2006","1992","4","89.01395761589869","181.3890154153733","4","282.38248792002753","0",,"5.200643981356763","5.643262492081654",
"pear","early_2005_2006","1993","4","83.98755156614652","173.2076833404835","4","269.645967461405","0",,"5.154491356232652","5.597109866957544",
"pear","early_2005_2006","1994","4","111.52840260552344","213.12313534195312","4","331.78547804211104","0",,"5.361870098870842","5.804488609595732",
"pear","early_2005_2006","1995","4","134.5085529480006","231.11298633138512","4","359.79168816499714","0",,"5.442906709260105","5.885525219984995",
"pear","early_2005_2006","1996","4","135.7932573696625","222.74536987253816","4","346.765164214807","0",,"5.4060292799285445","5.848647790653435",
"pear","early_2005_2006","1997","4","149.47535946036172","251.86552974013105","4","392.098797969913","0",,"5.528895332947459","5.97151384367235",
"pear","early_2005_2006","1998","4","144.59348265804653","246.01631471738438","4","382.99286679365053","0",,"5.505397853722657","5.948016364447548",
"pear","early_2005_2006","1999","4","165.82322322600936","262.35652157758085","4","408.4309466891938","0",,"5.569704348133577","6.012322858858467",
"pear","early_2005_2006","2000","4","95.26083286622966","144.1964596137299","4","224.48192312936382","0",,"4.971176672633564","5.413795183358454",
"pear","early_2005_2006","2001","4","102.8727065645764","150.6081428921482","4","234.46349269557447","0",,"5.01468138357306","5.457299894297951",
"pear","early_2005_2006","2002","4","89.1906044738772","126.71713743892072","4","197.27049320029442","0",,"4.841957338155984","5.284575848880874",
"pear","early_2005_2006","2003","4","72.74638787660493","96.97200735320162","4","150.96391935470785","0",,"4.574422352867399","5.017040863592289",
"pear","early_2005_2006","2004","4","90.44319128499755","117.87106176235491","4","183.49911430969715","0",,"4.769591330107934","5.212209840832825",
"pear","early_2005_2006","2005","4","65.975","91.13666917890107","4","141.86742109492766","4","91.13666917890107","4.512360238963179","4.954892967213566","4.512360238963179"
"pear","early_2005_2006","2006","4","57.05","80.62460206964163","4","125.52882575139542","4","80.62460206964163","4.38980383953342","4.832535419459873","4.38980383953342"
"pear","early_2005_2006","2007","4","71.975","99.8270111487137","4","155.37545509606915","4","99.8270111487137","4.603438799490281","5.045844478843925","4.603438799490281"
"pear","early_2005_2006","2008","4","53.25","74.48790237532693","4","115.92770504714395","4","74.48790237532693","4.310636727975969","4.752966764464145","4.310636727975969"
"pear","early_2005_2006","2009","4","64.25","89.79845002645754","4","139.7991917710457","4","89.79845002645754","4.497567714874756","4.940207048460006","4.497567714874756"
"pear","early_2005_2006","2010","4","78.25","102.65641794336302","4","159.66685686566382","4","102.65641794336302","4.6313876640956115","5.073089499967548","4.6313876640956115"
"pear","early_2005_2006","2011","4","91.925","112.30153903469292","4","157.8292258856445","4","112.30153903469292","4.721187566322732","5.061513599663605","4.721187566322732"
"pear","early_2005_2006","2012","4","105.925","121.04959994263909","4","192.84108721894293","4","121.04959994263909","4.796200378485084","5.261866467454234","4.796200378485084"
"pear","early_2005_2006","2013","4","117.475","136.39124532782228","0",,"4","136.39124532782228","4.915527559535873",,"4.915527559535873"
"pear","early_2005_2006","2014","4","91.25","109.08520750038949","0",,"4","109.08520750038949","4.692129297032118",,"4.692129297032118"
"pear","early_2005_2006","2015","4","78.375","92.02649923310514","0",,"4","92.02649923310514","4.52207657071733",,"4.52207657071733"
"pear","early_2005_2006","2016","4","85.725","98.56841924465034","0",,"4","98.56841924465034","4.590750918667862",,"4.590750918667862"
"pear","early_2005_2006","2017","4","78.4","85.33306539515644","0",,"4","85.33306539515644","4.446562015906013",,"4.446562015906013"
"pear","early_2005_2006","2018","4","73.625","79.61350397575383","0",,"4","79.61350397575383","4.37718372639836",,"4.37718372639836"
"pear","early_2005_2006","2019","4","107.95","117.9722891885664","0",,"4","117.9722891885664","4.770449759502018",,"4.770449759502018"
"pear","early_2005_2006","2020","4","100","99.67486003030974","0",,"4","99.67486003030974","4.601913489005683",,"4.601913489005683"
"pear","early_2005_2006","2021","4","143.425","126.78367560494466","0",,"4","126.78367560494466","4.842482292429329",,"4.842482292429329"
"pear","early_2005_2006","2022","4","104.925","95.8052507122002","0",,"4","95.8052507122002","4.562317492579237",,"4.562317492579237"
"pear","early_2005_2006","2023","4","106.35000000000001","96.70667089091054","0",,"4","96.70667089091054","4.571682385508101",,"4.571682385508101"
"pear","early_2005_2006","2024","4","203.22500000000002","173.8955376227481","0",,"4","173.8955376227481","5.158454760437255",,"5.158454760437255"
"pear","full_2005_2012","1980","4","27.06652756556435","122.35854474342945","4","188.51148539247873","0",,"4.806955625974232","5.239158935495959",
"pear","full_2005_2012","1981","4","30.81494954856517","105.40769248230406","4","162.39618347291423","0",,"4.657835617147156","5.090038926668882",
"pear","full_2005_2012","1982","4","27.326158525425882","88.61250574530129","4","136.5207073802937","0",,"4.484272996017373","4.9164763055391",
"pear","full_2005_2012","1983","4","27.017846760590317","85.46847545467273","4","131.67686242080904","0",,"4.448147599820675","4.880350909342402",
"pear","full_2005_2012","1984","4","22.133539328195308","71.2485020606235","4","109.76888441751805","0",,"4.266173795217211","4.698377104738937",
"pear","full_2005_2012","1985","4","34.46600992161791","106.81801170336803","4","164.56898939993647","0",,"4.671126561214407","5.103329870736133",
"pear","full_2005_2012","1986","4","37.35440435007742","120.83557940628434","4","186.16513141688606","0",,"4.794430773643801","5.226634083165528",
"pear","full_2005_2012","1987","4","50.20613686322309","157.77950036458245","4","243.08272087232197","0",,"5.0611984910031795","5.493401800524906",
"pear","full_2005_2012","1988","4","64.59942820054657","177.30995875941173","4","273.17228862686966","0",,"5.177899380478558","5.610102690000284",
"pear","full_2005_2012","1989","4","63.10655018134278","164.5408239396026","4","253.49954262366666","0",,"5.103158709261993","5.53536201878372",
"pear","full_2005_2012","1990","4","58.74150466867084","137.17410801101755","4","211.33705792895873","0",,"4.921250980361605","5.353454289883332",
"pear","full_2005_2012","1991","4","81.19958269669306","173.13042853480485","4","266.733102442239","0",,"5.154045232607727","5.586248542129453",
"pear","full_2005_2012","1992","4","89.9459006570283","183.2880909669081","4","282.38248792002753","0",,"5.211059182559928","5.643262492081654",
"pear","full_2005_2012","1993","4","84.86687000473714","175.02110338698768","4","269.645967461405","0",,"5.164906557435817","5.597109866957544",
"pear","full_2005_2012","1994","4","112.69606351489475","215.35445533047346","4","331.78547804211104","0",,"5.372285300074005","5.804488609595732",
"pear","full_2005_2012","1995","4","135.9168074875102","233.5326533711949","4","359.79168816499714","0",,"5.453321910463268","5.885525219984995",
"pear","full_2005_2012","1996","4","137.21496228681784","225.07743107907726","4","346.765164214807","0",,"5.416444481131708","5.848647790653435",
"pear","full_2005_2012","1997","4","151.04031089944425","254.50246819370017","4","392.098797969913","0",,"5.539310534150624","5.97151384367235",
"pear","full_2005_2012","1998","4","146.1073226620752","248.5920140643851","4","382.99286679365053","0",,"5.515813054925821","5.948016364447548",
"pear","full_2005_2012","1999","4","167.559330720634","265.10329681517044","4","408.4309466891938","0",,"5.58011954933674","6.012322858858467",
"pear","full_2005_2012","2000","4","96.2581783686617","145.70614293409648","4","224.48192312936382","0",,"4.981591873836728","5.413795183358454",
"pear","full_2005_2012","2001","4","103.94974555455948","152.18495415259622","4","234.46349269557447","0",,"5.025096584776224","5.457299894297951",
"pear","full_2005_2012","2002","4","90.1243969419331","128.04381875487394","4","197.27049320029442","0",,"4.852372539359148","5.284575848880874",
"pear","full_2005_2012","2003","4","73.50801551079527","97.98726821630297","4","150.96391935470785","0",,"4.584837554070563","5.017040863592289",
"pear","full_2005_2012","2004","4","91.39009787125805","119.10512795491755","4","183.49911430969715","0",,"4.780006531311098","5.212209840832825",
"pear","full_2005_2012","2005","4","65.975","91.13666917890107","4","141.86742109492766","4","91.13666917890107","4.512360238963179","4.954892967213566","4.512360238963179"
"pear","full_2005_2012","2006","4","57.05","80.62460206964163","4","125.52882575139542","4","80.62460206964163","4.38980383953342","4.832535419459873","4.38980383953342"
"pear","full_2005_2012","2007","4","71.975","99.8270111487137","4","155.37545509606915","4","99.8270111487137","4.603438799490281","5.045844478843925","4.603438799490281"
"pear","full_2005_2012","2008","4","53.25","74.48790237532693","4","115.92770504714395","4","74.48790237532693","4.310636727975969","4.752966764464145","4.310636727975969"
"pear","full_2005_2012","2009","4","64.25","89.79845002645754","4","139.7991917710457","4","89.79845002645754","4.497567714874756","4.940207048460006","4.497567714874756"
"pear","full_2005_2012","2010","4","78.25","102.65641794336302","4","159.66685686566382","4","102.65641794336302","4.6313876640956115","5.073089499967548","4.6313876640956115"
"pear","full_2005_2012","2011","4","91.925","112.30153903469292","4","157.8292258856445","4","112.30153903469292","4.721187566322732","5.061513599663605","4.721187566322732"
"pear","full_2005_2012","2012","4","105.925","121.04959994263909","4","192.84108721894293","4","121.04959994263909","4.796200378485084","5.261866467454234","4.796200378485084"
"pear","full_2005_2012","2013","4","117.475","136.39124532782228","0",,"4","136.39124532782228","4.915527559535873",,"4.915527559535873"
"pear","full_2005_2012","2014","4","91.25","109.08520750038949","0",,"4","109.08520750038949","4.692129297032118",,"4.692129297032118"
"pear","full_2005_2012","2015","4","78.375","92.02649923310514","0",,"4","92.02649923310514","4.52207657071733",,"4.52207657071733"
"pear","full_2005_2012","2016","4","85.725","98.56841924465034","0",,"4","98.56841924465034","4.590750918667862",,"4.590750918667862"
"pear","full_2005_2012","2017","4","78.4","85.33306539515644","0",,"4","85.33306539515644","4.446562015906013",,"4.446562015906013"
"pear","full_2005_2012","2018","4","73.625","79.61350397575383","0",,"4","79.61350397575383","4.37718372639836",,"4.37718372639836"
"pear","full_2005_2012","2019","4","107.95","117.9722891885664","0",,"4","117.9722891885664","4.770449759502018",,"4.770449759502018"
"pear","full_2005_2012","2020","4","100","99.67486003030974","0",,"4","99.67486003030974","4.601913489005683",,"4.601913489005683"
"pear","full_2005_2012","2021","4","143.425","126.78367560494466","0",,"4","126.78367560494466","4.842482292429329",,"4.842482292429329"
"pear","full_2005_2012","2022","4","104.925","95.8052507122002","0",,"4","95.8052507122002","4.562317492579237",,"4.562317492579237"
"pear","full_2005_2012","2023","4","106.35000000000001","96.70667089091054","0",,"4","96.70667089091054","4.571682385508101",,"4.571682385508101"
"pear","full_2005_2012","2024","4","203.22500000000002","173.8955376227481","0",,"4","173.8955376227481","5.158454760437255",,"5.158454760437255"
"pear","late_2010_2012","1980","4","27.530275669792402","124.45499184117469","4","188.51148539247873","0",,"4.823944139227928","5.239158935495959",
"pear","late_2010_2012","1981","4","31.342921760752866","107.21370980171497","4","162.39618347291423","0",,"4.674824130400851","5.090038926668882",
"pear","late_2010_2012","1982","4","27.79435505271607","90.13076040322656","4","136.5207073802937","0",,"4.501261509271069","4.9164763055391",
"pear","late_2010_2012","1983","4","27.48076078549422","86.93286143353001","4","131.67686242080904","0",,"4.465136113074371","4.880350909342402",
"pear","late_2010_2012","1984","4","22.512767394242708","72.46924815299406","4","109.76888441751805","0",,"4.2831623084709065","4.698377104738937",
"pear","late_2010_2012","1985","4","35.05653808311695","108.64819292276725","4","164.56898939993647","0",,"4.688115074468103","5.103329870736133",
"pear","late_2010_2012","1986","4","37.994421218142755","122.90593256618715","4","186.16513141688606","0",,"4.811419286897497","5.226634083165528",
"pear","late_2010_2012","1987","4","51.06635067286433","160.48283731842264","4","243.08272087232197","0",,"5.0781870042568755","5.493401800524906",
"pear","late_2010_2012","1988","4","65.70625146369518","180.34792353107477","4","273.17228862686966","0",,"5.194887893732253","5.610102690000284",
"pear","late_2010_2012","1989","4","64.18779501188409","167.360006968725","4","253.49954262366666","0",,"5.120147222515689","5.53536201878372",
"pear","late_2010_2012","1990","4","59.74796038647992","139.5243996169573","4","211.33705792895873","0",,"4.938239493615301","5.353454289883332",
"pear","late_2010_2012","1991","4","82.59082700937722","176.0967827456551","4","266.733102442239","0",,"5.171033745861422","5.586248542129453",
"pear","late_2010_2012","1992","4","91.48700122161829","186.42848289592763","4","282.38248792002753","0",,"5.228047695813623","5.643262492081654",
"pear","late_2010_2012","1993","4","86.32094829317403","178.01985173765834","4","269.645967461405","0",,"5.181895070689513","5.597109866957544",
"pear","late_2010_2012","1994","4","114.6269571503047","219.0442607609873","4","331.78547804211104","0",,"5.389273813327701","5.804488609595732",
"pear","late_2010_2012","1995","4","138.24555696054028","237.53391747919318","4","359.79168816499714","0",,"5.470310423716964","5.885525219984995",
"pear","late_2010_2012","1996","4","139.5659538751586","228.9338264631767","4","346.765164214807","0",,"5.433432994385404","5.848647790653435",
"pear","late_2010_2012","1997","4","153.62818101584395","258.86302153251665","4","392.098797969913","0",,"5.55629904740432","5.97151384367235",
"pear","late_2010_2012","1998","4","148.61067274029423","252.85129981758462","4","382.99286679365053","0",,"5.532801568179517","5.948016364447548",
"pear","late_2010_2012","1999","4","170.43023175436232","269.6454809215297","4","408.4309466891938","0",,"5.597108062590436","6.012322858858467",
"pear","late_2010_2012","2000","4","97.90743121894997","148.20261934380176","4","224.48192312936382","0",,"4.998580387090423","5.413795183358454",
"pear","late_2010_2012","2001","4","105.73078293806364","154.7924361729382","4","234.46349269557447","0",,"5.04208509802992","5.457299894297951",
"pear","late_2010_2012","2002","4","91.6685557973783","130.23767528345354","4","197.27049320029442","0",,"4.8693610526128435","5.284575848880874",
"pear","late_2010_2012","2003","4","74.76747529026355","99.66614666732414","4","150.96391935470785","0",,"4.601826067324258","5.017040863592289",
"pear","late_2010_2012","2004","4","92.95594278913119","121.14583218486118","4","183.49911430969715","0",,"4.796995044564794","5.212209840832825",
"pear","late_2010_2012","2005","4","65.975","91.13666917890107","4","141.86742109492766","4","91.13666917890107","4.512360238963179","4.954892967213566","4.512360238963179"
"pear","late_2010_2012","2006","4","57.05","80.62460206964163","4","125.52882575139542","4","80.62460206964163","4.38980383953342","4.832535419459873","4.38980383953342"
"pear","late_2010_2012","2007","4","71.975","99.8270111487137","4","155.37545509606915","4","99.8270111487137","4.603438799490281","5.045844478843925","4.603438799490281"
"pear","late_2010_2012","2008","4","53.25","74.48790237532693","4","115.92770504714395","4","74.48790237532693","4.310636727975969","4.752966764464145","4.310636727975969"
"pear","late_2010_2012","2009","4","64.25","89.79845002645754","4","139.7991917710457","4","89.79845002645754","4.497567714874756","4.940207048460006","4.497567714874756"
"pear","late_2010_2012","2010","4","78.25","102.65641794336302","4","159.66685686566382","4","102.65641794336302","4.6313876640956115","5.073089499967548","4.6313876640956115"
"pear","late_2010_2012","2011","4","91.925","112.30153903469292","4","157.8292258856445","4","112.30153903469292","4.721187566322732","5.061513599663605","4.721187566322732"
"pear","late_2010_2012","2012","4","105.925","121.04959994263909","4","192.84108721894293","4","121.04959994263909","4.796200378485084","5.261866467454234","4.796200378485084"
"pear","late_2010_2012","2013","4","117.475","136.39124532782228","0",,"4","136.39124532782228","4.915527559535873",,"4.915527559535873"
"pear","late_2010_2012","2014","4","91.25","109.08520750038949","0",,"4","109.08520750038949","4.692129297032118",,"4.692129297032118"
"pear","late_2010_2012","2015","4","78.375","92.02649923310514","0",,"4","92.02649923310514","4.52207657071733",,"4.52207657071733"
"pear","late_2010_2012","2016","4","85.725","98.56841924465034","0",,"4","98.56841924465034","4.590750918667862",,"4.590750918667862"
"pear","late_2010_2012","2017","4","78.4","85.33306539515644","0",,"4","85.33306539515644","4.446562015906013",,"4.446562015906013"
"pear","late_2010_2012","2018","4","73.625","79.61350397575383","0",,"4","79.61350397575383","4.37718372639836",,"4.37718372639836"
"pear","late_2010_2012","2019","4","107.95","117.9722891885664","0",,"4","117.9722891885664","4.770449759502018",,"4.770449759502018"
"pear","late_2010_2012","2020","4","100","99.67486003030974","0",,"4","99.67486003030974","4.601913489005683",,"4.601913489005683"
"pear","late_2010_2012","2021","4","143.425","126.78367560494466","0",,"4","126.78367560494466","4.842482292429329",,"4.842482292429329"
"pear","late_2010_2012","2022","4","104.925","95.8052507122002","0",,"4","95.8052507122002","4.562317492579237",,"4.562317492579237"
"pear","late_2010_2012","2023","4","106.35000000000001","96.70667089091054","0",,"4","96.70667089091054","4.571682385508101",,"4.571682385508101"
"pear","late_2010_2012","2024","4","203.22500000000002","173.8955376227481","0",,"4","173.8955376227481","5.158454760437255",,"5.158454760437255"
"perilla","early_2005_2006","1980","4","9.441117163210274","42.317866748664485","4","87.29268376646301","0",,"3.745209378639283","4.469266653680322",
"perilla","early_2005_2006","1981","4","14.591919209891106","49.94167265200762","4","103.01896037133059","0",,"3.910855777522772","4.634913052563811",
"perilla","early_2005_2006","1982","4","13.79202995087714","44.67953672432019","4","92.16430245107381","0",,"3.799515605398815","4.523572880439854",
"perilla","early_2005_2006","1983","4","14.66463641525601","46.471089013753556","4","95.8598906143766","0",,"3.8388303775921173","4.562887652633156",
"perilla","early_2005_2006","1984","4","14.543441072981167","46.77578335394328","4","96.48840969454628","0",,"3.8453656192982364","4.569422894339275",
"perilla","early_2005_2006","1985","4","15.925067974914377","49.42164120034396","4","101.94624701060516","0",,"3.900388409243043","4.6244456842840815",
"perilla","early_2005_2006","1986","4","17.282455808392623","55.80114994134616","4","115.10580541701435","0",,"4.0217944774427705","4.745851752483809",
"perilla","early_2005_2006","1987","4","21.148587226960114","66.36903090200582","4","136.9050774894801","0",,"4.195230545604883","4.919287820645922",
"perilla","early_2005_2006","1988","4","25.208631193167356","69.0885424661195","4","142.51484662967212","0",,"4.235388906115483","4.959446181156522",
"perilla","early_2005_2006","1989","4","20.28810029680873","52.88508112021532","4","109.09058080855154","0",,"3.96812127867721","4.692178553718249",
"perilla","early_2005_2006","1990","4","20.79712073436307","48.53600790728184","4","100.119375456718","0",,"3.8823059535557953","4.606363228596834",
"perilla","early_2005_2006","1991","4","25.26922886430478","53.877587346198126","4","111.13790830347298","0",,"3.9867145722581854","4.710771847299224",
"perilla","early_2005_2006","1992","4","29.753456528473972","60.6889780779454","4","125.18834663694585","0",,"4.105762101313269","4.829819376354308",
"perilla","early_2005_2006","1993","4","28.71117658491032","59.26134434307253","4","122.24344440704965","0",,"4.081957227393887","4.806014502434926",
"perilla","early_2005_2006","1994","4","32.347036853155615","61.8862051406147","4","127.6579693142643","0",,"4.125297297675115","4.849354572716154",
"perilla","early_2005_2006","1995","4","32.84393775648247","56.45261889461173","4","116.44964615593523","0",,"4.033401682692468","4.757458957733507",
"perilla","early_2005_2006","1996","4","31.001768553904856","50.85550773935503","4","104.90400617877393","0",,"3.9289884300873994","4.653045705128438",
"perilla","early_2005_2006","1997","4","31.244159238454543","52.65568249346032","4","108.61738063755244","0",,"3.96377416235639","4.6878314373974295",
"perilla","early_2005_2006","1998","4","31.765299210236364","53.999304975117425","4","111.38898566881281","0",,"3.9889711756502857","4.713028450691325",
"perilla","early_2005_2006","1999","4","31.922853155193664","50.753639777174484","4","104.6938744190287","0",,"3.926983335097439","4.651040610138478",
"perilla","early_2005_2006","2000","4","34.0558911792309","52.053755399625494","4","107.37573413006994","0",,"3.9522769423070154","4.676334217348054",
"perilla","early_2005_2006","2001","4","39.40060577355148","57.873108568625106","4","119.37981172036763","0",,"4.0582528305527","4.782310105593738",
"perilla","early_2005_2006","2002","4","35.2920836704343","50.11861274674072","4","103.38394984083479","0",,"3.914392451008349","4.638449726049388",
"perilla","early_2005_2006","2003","4","37.1463724072394","49.60702121295097","4","102.3286462206891","0",,"3.9041323804253967","4.628189655466436",
"perilla","early_2005_2006","2004","4","42.17597911164539","55.62645387116887","4","114.74544488892344","0",,"4.018658877154616","4.742716152195655",
"perilla","early_2005_2006","2005","4","48.7","67.57830841943853","4","139.3897741113718","4","67.57830841943853","4.213287050186223","4.937274139189308","4.213287050186223"
"perilla","early_2005_2006","2006","4","45.675","64.57448345490336","4","133.21379399397017","4","64.57448345490336","4.167819339800137","4.891955311257766","4.167819339800137"
"perilla","early_2005_2006","2007","4","44.25","61.42238549503627","4","126.76845795153656","4","61.42238549503627","4.117774353317989","4.842362256733215","4.117774353317989"
"perilla","early_2005_2006","2008","4","45.5","63.67651792945276","4","131.44370810352072","4","63.67651792945276","4.153815859284999","4.878578684709052","4.153815859284999"
"perilla","early_2005_2006","2009","4","55.35","77.4567907890289","4","159.81225020150853","4","77.4567907890289","4.349720242671003","5.073999689977887","4.349720242671003"
"perilla","early_2005_2006","2010","4","63.825","83.89812984687839","4","173.13842818309453","4","83.89812984687839","4.4296033229610625","5.154091437446168","4.4296033229610625"
"perilla","early_2005_2006","2011","4","63.725","77.82482199419441","4","160.07815005408196","4","77.82482199419441","4.354460429067676","5.075662133824906","4.354460429067676"
"perilla","early_2005_2006","2012","4","67.425","76.78371540774339","4","158.4468310835008","4","76.78371540774339","4.340992578708513","5.065419086463923","4.340992578708513"
"perilla","early_2005_2006","2013","4","83.725","97.71076959188875","0",,"4","97.71076959188875","4.582011784211067",,"4.582011784211067"
"perilla","early_2005_2006","2014","4","79.95","95.27556435716593","0",,"4","95.27556435716593","4.556773370197284",,"4.556773370197284"
"perilla","early_2005_2006","2015","4","77.95","91.50819628483985","0",,"4","91.50819628483985","4.516428545153202",,"4.516428545153202"
"perilla","early_2005_2006","2016","4","72.25","83.36496595633085","0",,"4","83.36496595633085","4.4232281486434895",,"4.4232281486434895"
"perilla","early_2005_2006","2017","4","66.4","72.2497064524417","0",,"4","72.2497064524417","4.280128264042304",,"4.280128264042304"
"perilla","early_2005_2006","2018","4","70.425","76.21236034532245","0",,"4","76.21236034532245","4.333523658794302",,"4.333523658794302"
"perilla","early_2005_2006","2019","4","96.275","105.22461635184932","0",,"4","105.22461635184932","4.656097268670889",,"4.656097268670889"
"perilla","early_2005_2006","2020","4","100","99.80458414231202","0",,"4","99.80458414231202","4.603214115552217",,"4.603214115552217"
"perilla","early_2005_2006","2021","4","133.85","119.11215922607927","0",,"4","119.11215922607927","4.780065563728494",,"4.780065563728494"
"perilla","early_2005_2006","2022","4","128.9","118.1448428080464","0",,"4","118.1448428080464","4.771911353150383",,"4.771911353150383"
"perilla","early_2005_2006","2023","4","113.175","103.5245744312182","0",,"4","103.5245744312182","4.639809018640455",,"4.639809018640455"
"perilla","early_2005_2006","2024","4","108.15","92.414523488599","0",,"4","92.414523488599","4.526284146908604",,"4.526284146908604"
"perilla","full_2005_2012","1980","4","9.442312348181481","42.32322391958793","4","87.29268376646301","0",,"3.7453359642229116","4.469266653680322",
"perilla","full_2005_2012","1981","4","14.593766453415281","49.94799494793497","4","103.01896037133059","0",,"3.9109823631064007","4.634913052563811",
"perilla","full_2005_2012","1982","4","13.793775933543682","44.685192867538234","4","92.16430245107381","0",,"3.7996421909824436","4.523572880439854",
"perilla","full_2005_2012","1983","4","14.666492864312701","46.4769719560182","4","95.8598906143766","0",,"3.838956963175746","4.562887652633156",
"perilla","full_2005_2012","1984","4","14.54528217948367","46.78170486856011","4","96.48840969454628","0",,"3.845492204881865","4.569422894339275",
"perilla","full_2005_2012","1985","4","15.927083986534619","49.42789766361986","4","101.94624701060516","0",,"3.9005149948266715","4.6244456842840815",
"perilla","full_2005_2012","1986","4","17.28464365661976","55.80821400957379","4","115.10580541701435","0",,"4.021921063026398","4.745851752483809",
"perilla","full_2005_2012","1987","4","21.151264502665835","66.37743279628553","4","136.9050774894801","0",,"4.195357131188511","4.919287820645922",
"perilla","full_2005_2012","1988","4","25.21182244443836","69.09728863314727","4","142.51484662967212","0",,"4.235515491699111","4.959446181156522",
"perilla","full_2005_2012","1989","4","20.29066864037972","52.89177603280493","4","109.09058080855154","0",,"3.9682478642608388","4.692178553718249",
"perilla","full_2005_2012","1990","4","20.799753516661646","48.542152255054496","4","100.119375456718","0",,"3.8824325391394234","4.606363228596834",
"perilla","full_2005_2012","1991","4","25.272427786852873","53.884407903719854","4","111.13790830347298","0",,"3.9868411578418135","4.710771847299224",
"perilla","full_2005_2012","1992","4","29.757223125527005","60.6966609139131","4","125.18834663694585","0",,"4.105888686896898","4.829819376354308",
"perilla","full_2005_2012","1993","4","28.714811235997345","59.26884644975207","4","122.24344440704965","0",,"4.082083812977515","4.806014502434926",
"perilla","full_2005_2012","1994","4","32.351131780868265","61.89403953786139","4","127.6579693142643","0",,"4.125423883258744","4.849354572716154",
"perilla","full_2005_2012","1995","4","32.84809558866729","56.45976543463679","4","116.44964615593523","0",,"4.033528268276097","4.757458957733507",
"perilla","full_2005_2012","1996","4","31.00569317926602","50.861945720952164","4","104.90400617877393","0",,"3.9291150156710275","4.653045705128438",
"perilla","full_2005_2012","1997","4","31.248114548924082","52.66234836565287","4","108.61738063755244","0",,"3.9639007479400186","4.6878314373974295",
"perilla","full_2005_2012","1998","4","31.769320493688912","54.0061409413115","4","111.38898566881281","0",,"3.9890977612339142","4.713028450691325",
"perilla","full_2005_2012","1999","4","31.926894383966655","50.760064862939984","4","104.6938744190287","0",,"3.9271099206810676","4.651040610138478",
"perilla","full_2005_2012","2000","4","34.060202436957596","52.060345071702756","4","107.37573413006994","0",,"3.952403527890644","4.676334217348054",
"perilla","full_2005_2012","2001","4","39.405593637917846","57.88043493354597","4","119.37981172036763","0",,"4.0583794161363285","4.782310105593738",
"perilla","full_2005_2012","2002","4","35.2965514222137","50.12495744215093","4","103.38394984083479","0",,"3.9145190365919773","4.638449726049388",
"perilla","full_2005_2012","2003","4","37.151074900097875","49.61330114414927","4","102.3286462206891","0",,"3.9042589660090252","4.628189655466436",
"perilla","full_2005_2012","2004","4","42.18131832050264","55.63349582399279","4","114.74544488892344","0",,"4.018785462738244","4.742716152195655",
"perilla","full_2005_2012","2005","4","48.7","67.57830841943853","4","139.3897741113718","4","67.57830841943853","4.213287050186223","4.937274139189308","4.213287050186223"
"perilla","full_2005_2012","2006","4","45.675","64.57448345490336","4","133.21379399397017","4","64.57448345490336","4.167819339800137","4.891955311257766","4.167819339800137"
"perilla","full_2005_2012","2007","4","44.25","61.42238549503627","4","126.76845795153656","4","61.42238549503627","4.117774353317989","4.842362256733215","4.117774353317989"
"perilla","full_2005_2012","2008","4","45.5","63.67651792945276","4","131.44370810352072","4","63.67651792945276","4.153815859284999","4.878578684709052","4.153815859284999"
"perilla","full_2005_2012","2009","4","55.35","77.4567907890289","4","159.81225020150853","4","77.4567907890289","4.349720242671003","5.073999689977887","4.349720242671003"
"perilla","full_2005_2012","2010","4","63.825","83.89812984687839","4","173.13842818309453","4","83.89812984687839","4.4296033229610625","5.154091437446168","4.4296033229610625"
"perilla","full_2005_2012","2011","4","63.725","77.82482199419441","4","160.07815005408196","4","77.82482199419441","4.354460429067676","5.075662133824906","4.354460429067676"
"perilla","full_2005_2012","2012","4","67.425","76.78371540774339","4","158.4468310835008","4","76.78371540774339","4.340992578708513","5.065419086463923","4.340992578708513"
"perilla","full_2005_2012","2013","4","83.725","97.71076959188875","0",,"4","97.71076959188875","4.582011784211067",,"4.582011784211067"
"perilla","full_2005_2012","2014","4","79.95","95.27556435716593","0",,"4","95.27556435716593","4.556773370197284",,"4.556773370197284"
"perilla","full_2005_2012","2015","4","77.95","91.50819628483985","0",,"4","91.50819628483985","4.516428545153202",,"4.516428545153202"
"perilla","full_2005_2012","2016","4","72.25","83.36496595633085","0",,"4","83.36496595633085","4.4232281486434895",,"4.4232281486434895"
"perilla","full_2005_2012","2017","4","66.4","72.2497064524417","0",,"4","72.2497064524417","4.280128264042304",,"4.280128264042304"
"perilla","full_2005_2012","2018","4","70.425","76.21236034532245","0",,"4","76.21236034532245","4.333523658794302",,"4.333523658794302"
"perilla","full_2005_2012","2019","4","96.275","105.22461635184932","0",,"4","105.22461635184932","4.656097268670889",,"4.656097268670889"
"perilla","full_2005_2012","2020","4","100","99.80458414231202","0",,"4","99.80458414231202","4.603214115552217",,"4.603214115552217"
"perilla","full_2005_2012","2021","4","133.85","119.11215922607927","0",,"4","119.11215922607927","4.780065563728494",,"4.780065563728494"
"perilla","full_2005_2012","2022","4","128.9","118.1448428080464","0",,"4","118.1448428080464","4.771911353150383",,"4.771911353150383"
"perilla","full_2005_2012","2023","4","113.175","103.5245744312182","0",,"4","103.5245744312182","4.639809018640455",,"4.639809018640455"
"perilla","full_2005_2012","2024","4","108.15","92.414523488599","0",,"4","92.414523488599","4.526284146908604",,"4.526284146908604"
"perilla","late_2010_2012","1980","4","9.448855777205754","42.35255349496991","4","87.29268376646301","0",,"3.7460287143210023","4.469266653680322",
"perilla","late_2010_2012","1981","4","14.603879789160114","49.982608414191404","4","103.01896037133059","0",,"3.9116751132044913","4.634913052563811",
"perilla","late_2010_2012","1982","4","13.803334883774259","44.716159264029116","4","92.16430245107381","0",,"3.8003349410805343","4.523572880439854",
"perilla","late_2010_2012","1983","4","14.676656598740644","46.50918003768749","4","95.8598906143766","0",,"3.8396497132738365","4.562887652633156",
"perilla","late_2010_2012","1984","4","14.555361916106424","46.814124127122426","4","96.48840969454628","0",,"3.8461849549799556","4.569422894339275",
"perilla","late_2010_2012","1985","4","15.938121298136535","49.4621507076047","4","101.94624701060516","0",,"3.9012077449247626","4.6244456842840815",
"perilla","late_2010_2012","1986","4","17.2966217436398","55.84688854965224","4","115.10580541701435","0",,"4.022613813124489","4.745851752483809",
"perilla","late_2010_2012","1987","4","21.165922119671425","66.42343170039925","4","136.9050774894801","0",,"4.196049881286601","4.919287820645922",
"perilla","late_2010_2012","1988","4","25.229293987917803","69.1451723704426","4","142.51484662967212","0",,"4.236208241797202","4.959446181156522",
"perilla","late_2010_2012","1989","4","20.304729872968462","52.92842951022405","4","109.09058080855154","0",,"3.9689406143589294","4.692178553718249",
"perilla","late_2010_2012","1990","4","20.814167540032187","48.57579148623579","4","100.119375456718","0",,"3.8831252892375145","4.606363228596834",
"perilla","late_2010_2012","1991","4","25.289941329234914","53.92174926520328","4","111.13790830347298","0",,"3.9875339079399046","4.710771847299224",
"perilla","late_2010_2012","1992","4","29.77784458670106","60.73872309932438","4","125.18834663694585","0",,"4.106581436994989","4.829819376354308",
"perilla","late_2010_2012","1993","4","28.734710316046765","59.30991917386811","4","122.24344440704965","0",,"4.0827765630756065","4.806014502434926",
"perilla","late_2010_2012","1994","4","32.37355079507337","61.93693149481084","4","127.6579693142643","0",,"4.126116633356834","4.849354572716154",
"perilla","late_2010_2012","1995","4","32.870858993873675","56.498891493405615","4","116.44964615593523","0",,"4.034221018374187","4.757458957733507",
"perilla","late_2010_2012","1996","4","31.027179817833527","50.89719254605063","4","104.90400617877393","0",,"3.9298077657691186","4.653045705128438",
"perilla","late_2010_2012","1997","4","31.269769183101968","52.69884285196887","4","108.61738063755244","0",,"3.9645934980381092","4.6878314373974295",
"perilla","late_2010_2012","1998","4","31.791336318429114","54.043566662585405","4","111.38898566881281","0",,"3.989790511332005","4.713028450691325",
"perilla","late_2010_2012","1999","4","31.9490194058536","50.79524108561196","4","104.6938744190287","0",,"3.9278026707791582","4.651040610138478",
"perilla","late_2010_2012","2000","4","34.08380582021588","52.09642237569296","4","107.37573413006994","0",,"3.9530962779887346","4.676334217348054",
"perilla","late_2010_2012","2001","4","39.43290132438499","57.92054550221982","4","119.37981172036763","0",,"4.059072166234419","4.782310105593738",
"perilla","late_2010_2012","2002","4","35.321011583084925","50.159693541664794","4","103.38394984083479","0",,"3.9152117866900684","4.638449726049388",
"perilla","late_2010_2012","2003","4","37.17682022738849","49.64768267091152","4","102.3286462206891","0",,"3.904951716107116","4.628189655466436",
"perilla","late_2010_2012","2004","4","42.21054955670863","55.6720492860975","4","114.74544488892344","0",,"4.0194782128363356","4.742716152195655",
"perilla","late_2010_2012","2005","4","48.7","67.57830841943853","4","139.3897741113718","4","67.57830841943853","4.213287050186223","4.937274139189308","4.213287050186223"
"perilla","late_2010_2012","2006","4","45.675","64.57448345490336","4","133.21379399397017","4","64.57448345490336","4.167819339800137","4.891955311257766","4.167819339800137"
"perilla","late_2010_2012","2007","4","44.25","61.42238549503627","4","126.76845795153656","4","61.42238549503627","4.117774353317989","4.842362256733215","4.117774353317989"
"perilla","late_2010_2012","2008","4","45.5","63.67651792945276","4","131.44370810352072","4","63.67651792945276","4.153815859284999","4.878578684709052","4.153815859284999"
"perilla","late_2010_2012","2009","4","55.35","77.4567907890289","4","159.81225020150853","4","77.4567907890289","4.349720242671003","5.073999689977887","4.349720242671003"
"perilla","late_2010_2012","2010","4","63.825","83.89812984687839","4","173.13842818309453","4","83.89812984687839","4.4296033229610625","5.154091437446168","4.4296033229610625"
"perilla","late_2010_2012","2011","4","63.725","77.82482199419441","4","160.07815005408196","4","77.82482199419441","4.354460429067676","5.075662133824906","4.354460429067676"
"perilla","late_2010_2012","2012","4","67.425","76.78371540774339","4","158.4468310835008","4","76.78371540774339","4.340992578708513","5.065419086463923","4.340992578708513"
"perilla","late_2010_2012","2013","4","83.725","97.71076959188875","0",,"4","97.71076959188875","4.582011784211067",,"4.582011784211067"
"perilla","late_2010_2012","2014","4","79.95","95.27556435716593","0",,"4","95.27556435716593","4.556773370197284",,"4.556773370197284"
"perilla","late_2010_2012","2015","4","77.95","91.50819628483985","0",,"4","91.50819628483985","4.516428545153202",,"4.516428545153202"
"perilla","late_2010_2012","2016","4","72.25","83.36496595633085","0",,"4","83.36496595633085","4.4232281486434895",,"4.4232281486434895"
"perilla","late_2010_2012","2017","4","66.4","72.2497064524417","0",,"4","72.2497064524417","4.280128264042304",,"4.280128264042304"
"perilla","late_2010_2012","2018","4","70.425","76.21236034532245","0",,"4","76.21236034532245","4.333523658794302",,"4.333523658794302"
"perilla","late_2010_2012","2019","4","96.275","105.22461635184932","0",,"4","105.22461635184932","4.656097268670889",,"4.656097268670889"
"perilla","late_2010_2012","2020","4","100","99.80458414231202","0",,"4","99.80458414231202","4.603214115552217",,"4.603214115552217"
"perilla","late_2010_2012","2021","4","133.85","119.11215922607927","0",,"4","119.11215922607927","4.780065563728494",,"4.780065563728494"
"perilla","late_2010_2012","2022","4","128.9","118.1448428080464","0",,"4","118.1448428080464","4.771911353150383",,"4.771911353150383"
"perilla","late_2010_2012","2023","4","113.175","103.5245744312182","0",,"4","103.5245744312182","4.639809018640455",,"4.639809018640455"
"perilla","late_2010_2012","2024","4","108.15","92.414523488599","0",,"4","92.414523488599","4.526284146908604",,"4.526284146908604"
"plum","early_2005_2006","2000","0",,,"4","227.3679535646036","0",,,"5.426569645987997",
"plum","early_2005_2006","2001","0",,,"4","211.857951123052","0",,,"5.355916008221238",
"plum","early_2005_2006","2002","0",,,"4","186.8795719995526","0",,,"5.23046440939512",
"plum","early_2005_2006","2003","0",,,"4","181.96887306465786","0",,,"5.203835645332726",
"plum","early_2005_2006","2004","0",,,"4","249.55448507688254","0",,,"5.519677268412427",
"plum","early_2005_2006","2005","0",,,"4","197.6690382253267","0",,,"5.286594108024895",
"plum","early_2005_2006","2006","0",,,"4","265.9115657053591","0",,,"5.583163793750414",
"plum","early_2005_2006","2007","0",,,"4","240.14854809605197","0",,,"5.481257682271412",
"plum","early_2005_2006","2008","0",,,"4","272.11979197936523","0",,,"5.606242381032077",
"plum","early_2005_2006","2009","0",,,"4","294.22911418644384","0",,,"5.68435876379603",
"plum","early_2005_2006","2010","0",,,"4","275.81037745966285","0",,,"5.619713591408631",
"plum","early_2005_2006","2011","0",,,"4","314.11419525062166","0",,,"5.7497565989351305",
"plum","early_2005_2006","2012","0",,,"4","251.41186515869362","0",,,"5.527092491377732",
"plum","early_2005_2006","2015","4","69.5","81.685416890494","0",,"4","81.685416890494","4.402875490101294",,"4.402875490101294"
"plum","early_2005_2006","2016","4","78.125","89.97204290332701","0",,"4","89.97204290332701","4.499498987665926",,"4.499498987665926"
"plum","early_2005_2006","2017","4","86.575","93.89159443664289","0",,"4","93.89159443664289","4.542140866090722",,"4.542140866090722"
"plum","early_2005_2006","2018","4","91.775","99.2860021817566","0",,"4","99.2860021817566","4.598004596177644",,"4.598004596177644"
"plum","early_2005_2006","2019","4","87.4","94.61586254255175","0",,"4","94.61586254255175","4.549825142154911",,"4.549825142154911"
"plum","early_2005_2006","2020","4","99.975","100.3844715347531","0",,"4","100.3844715347531","4.609007529307097",,"4.609007529307097"
"plum","early_2005_2006","2021","4","111.1","98.70899249355585","0",,"4","98.70899249355585","4.592176051646432",,"4.592176051646432"
"plum","early_2005_2006","2022","4","94.1","86.5852425571295","0",,"4","86.5852425571295","4.461129391776058",,"4.461129391776058"
"plum","early_2005_2006","2023","4","114.125","104.14005121995837","0",,"4","104.14005121995837","4.645736639572143",,"4.645736639572143"
"plum","early_2005_2006","2024","4","105.175","89.53217013120927","0",,"4","89.53217013120927","4.494598003503527",,"4.494598003503527"
"plum","full_2005_2012","2000","0",,,"4","227.3679535646036","0",,,"5.426569645987997",
"plum","full_2005_2012","2001","0",,,"4","211.857951123052","0",,,"5.355916008221238",
"plum","full_2005_2012","2002","0",,,"4","186.8795719995526","0",,,"5.23046440939512",
"plum","full_2005_2012","2003","0",,,"4","181.96887306465786","0",,,"5.203835645332726",
"plum","full_2005_2012","2004","0",,,"4","249.55448507688254","0",,,"5.519677268412427",
"plum","full_2005_2012","2005","0",,,"4","197.6690382253267","0",,,"5.286594108024895",
"plum","full_2005_2012","2006","0",,,"4","265.9115657053591","0",,,"5.583163793750414",
"plum","full_2005_2012","2007","0",,,"4","240.14854809605197","0",,,"5.481257682271412",
"plum","full_2005_2012","2008","0",,,"4","272.11979197936523","0",,,"5.606242381032077",
"plum","full_2005_2012","2009","0",,,"4","294.22911418644384","0",,,"5.68435876379603",
"plum","full_2005_2012","2010","0",,,"4","275.81037745966285","0",,,"5.619713591408631",
"plum","full_2005_2012","2011","0",,,"4","314.11419525062166","0",,,"5.7497565989351305",
"plum","full_2005_2012","2012","0",,,"4","251.41186515869362","0",,,"5.527092491377732",
"plum","full_2005_2012","2015","4","69.5","81.685416890494","0",,"4","81.685416890494","4.402875490101294",,"4.402875490101294"
"plum","full_2005_2012","2016","4","78.125","89.97204290332701","0",,"4","89.97204290332701","4.499498987665926",,"4.499498987665926"
"plum","full_2005_2012","2017","4","86.575","93.89159443664289","0",,"4","93.89159443664289","4.542140866090722",,"4.542140866090722"
"plum","full_2005_2012","2018","4","91.775","99.2860021817566","0",,"4","99.2860021817566","4.598004596177644",,"4.598004596177644"
"plum","full_2005_2012","2019","4","87.4","94.61586254255175","0",,"4","94.61586254255175","4.549825142154911",,"4.549825142154911"
"plum","full_2005_2012","2020","4","99.975","100.3844715347531","0",,"4","100.3844715347531","4.609007529307097",,"4.609007529307097"
"plum","full_2005_2012","2021","4","111.1","98.70899249355585","0",,"4","98.70899249355585","4.592176051646432",,"4.592176051646432"
"plum","full_2005_2012","2022","4","94.1","86.5852425571295","0",,"4","86.5852425571295","4.461129391776058",,"4.461129391776058"
"plum","full_2005_2012","2023","4","114.125","104.14005121995837","0",,"4","104.14005121995837","4.645736639572143",,"4.645736639572143"
"plum","full_2005_2012","2024","4","105.175","89.53217013120927","0",,"4","89.53217013120927","4.494598003503527",,"4.494598003503527"
"plum","late_2010_2012","2000","0",,,"4","227.3679535646036","0",,,"5.426569645987997",
"plum","late_2010_2012","2001","0",,,"4","211.857951123052","0",,,"5.355916008221238",
"plum","late_2010_2012","2002","0",,,"4","186.8795719995526","0",,,"5.23046440939512",
"plum","late_2010_2012","2003","0",,,"4","181.96887306465786","0",,,"5.203835645332726",
"plum","late_2010_2012","2004","0",,,"4","249.55448507688254","0",,,"5.519677268412427",
"plum","late_2010_2012","2005","0",,,"4","197.6690382253267","0",,,"5.286594108024895",
"plum","late_2010_2012","2006","0",,,"4","265.9115657053591","0",,,"5.583163793750414",
"plum","late_2010_2012","2007","0",,,"4","240.14854809605197","0",,,"5.481257682271412",
"plum","late_2010_2012","2008","0",,,"4","272.11979197936523","0",,,"5.606242381032077",
"plum","late_2010_2012","2009","0",,,"4","294.22911418644384","0",,,"5.68435876379603",
"plum","late_2010_2012","2010","0",,,"4","275.81037745966285","0",,,"5.619713591408631",
"plum","late_2010_2012","2011","0",,,"4","314.11419525062166","0",,,"5.7497565989351305",
"plum","late_2010_2012","2012","0",,,"4","251.41186515869362","0",,,"5.527092491377732",
"plum","late_2010_2012","2015","4","69.5","81.685416890494","0",,"4","81.685416890494","4.402875490101294",,"4.402875490101294"
"plum","late_2010_2012","2016","4","78.125","89.97204290332701","0",,"4","89.97204290332701","4.499498987665926",,"4.499498987665926"
"plum","late_2010_2012","2017","4","86.575","93.89159443664289","0",,"4","93.89159443664289","4.542140866090722",,"4.542140866090722"
"plum","late_2010_2012","2018","4","91.775","99.2860021817566","0",,"4","99.2860021817566","4.598004596177644",,"4.598004596177644"
"plum","late_2010_2012","2019","4","87.4","94.61586254255175","0",,"4","94.61586254255175","4.549825142154911",,"4.549825142154911"
"plum","late_2010_2012","2020","4","99.975","100.3844715347531","0",,"4","100.3844715347531","4.609007529307097",,"4.609007529307097"
"plum","late_2010_2012","2021","4","111.1","98.70899249355585","0",,"4","98.70899249355585","4.592176051646432",,"4.592176051646432"
"plum","late_2010_2012","2022","4","94.1","86.5852425571295","0",,"4","86.5852425571295","4.461129391776058",,"4.461129391776058"
"plum","late_2010_2012","2023","4","114.125","104.14005121995837","0",,"4","104.14005121995837","4.645736639572143",,"4.645736639572143"
"plum","late_2010_2012","2024","4","105.175","89.53217013120927","0",,"4","89.53217013120927","4.494598003503527",,"4.494598003503527"
"potato","early_2005_2006","1980","4","41.361551349199345","188.08266632671038","4","244.64380852032266","0",,"5.236881580687635","5.4998033099157",
"potato","early_2005_2006","1981","4","42.66851486766848","147.93393533740615","4","192.42135416921474","0",,"4.996765791250266","5.259687520478331",
"potato","early_2005_2006","1982","4","35.65319598176803","115.73120363415453","4","150.53445899432006","0",,"4.751270292170152","5.014192021398217",
"potato","early_2005_2006","1983","4","39.65096674414417","125.42431333485749","4","163.14252820079372","0",,"4.831702495648194","5.094624224876259",
"potato","early_2005_2006","1984","4","41.32311124571497","132.98169664894735","4","172.9726049033182","0",,"4.890211499570518","5.153133228798583",
"potato","early_2005_2006","1985","4","57.102773726055425","176.94629722319667","4","230.1584558624699","0",,"5.1758462810184","5.438768010246465",
"potato","early_2005_2006","1986","4","49.299432718725065","158.60402293805984","4","206.30020286298554","0",,"5.0664106741883845","5.329332403416449",
"potato","early_2005_2006","1987","4","63.65681137014324","199.07118259718575","4","258.9368453157865","0",,"5.293662462257961","5.556584191486025",
"potato","early_2005_2006","1988","4","92.75596970782345","253.84016935261812","4","330.1762304772742","0",,"5.536704814437568","5.799626543665633",
"potato","early_2005_2006","1989","4","71.36405211876263","185.04040391241455","4","240.68666202677645","0",,"5.220574200759185","5.48349592998725",
"potato","early_2005_2006","1990","4","94.79329519249592","218.5905836573038","4","284.326216429273","0",,"5.387200499139008","5.650122228367073",
"potato","early_2005_2006","1991","4","124.93033632425454","266.4059690374951","4","346.52087909402553","0",,"5.58502134471212","5.847943073940185",
"potato","early_2005_2006","1992","4","121.87434809724584","248.7062056107921","4","323.498355970626","0",,"5.516272302692639","5.779194031920703",
"potato","early_2005_2006","1993","4","92.12170800033108","190.05148473987649","4","247.20469966616182","0",,"5.247295007769258","5.510216736997323",
"potato","early_2005_2006","1994","4","108.07435094635127","207.116291991168","4","269.4013194778424","0",,"5.333280432575263","5.596202161803328",
"potato","early_2005_2006","1995","4","136.67378793873445","234.8352311622206","4","305.456034031761","0",,"5.458884124237206","5.72180585346527",
"potato","early_2005_2006","1996","4","153.22225248876265","251.26347384346525","4","326.8246584527614","0",,"5.526502085173069","5.789423814401134",
"potato","early_2005_2006","1997","4","128.063204758232","215.60902210755495","4","280.4480250620725","0",,"5.373466684669296","5.636388413897361",
"potato","early_2005_2006","1998","4","136.38548716260158","231.6753027648286","4","301.34583646338615","0",,"5.445336834323433","5.708258563551498",
"potato","early_2005_2006","1999","4","148.53255986366753","237.38399756043705","4","308.7712779660701","0",,"5.469679072828786","5.732600802056851",
"potato","early_2005_2006","2000","4","122.70081032216015","184.0742614171527","4","239.4299764202272","0",,"5.215339270845007","5.478261000073072",
"potato","early_2005_2006","2001","4","119.5679418881827","175.22748744009988","4","227.92275716853305","0",,"5.166085057977455","5.42900678720552",
"potato","early_2005_2006","2002","4","79.78243478184316","113.38101200476939","4","147.47750620757776","0",,"4.73075393463485","4.9936756638629145",
"potato","early_2005_2006","2003","4","116.14677267807234","153.7504042206957","4","199.9869801119911","0",,"5.035330535760867","5.298252264988932",
"potato","early_2005_2006","2004","4","162.42865727327307","211.90929160505323","4","275.6356934511488","0",,"5.3561583133221315","5.619080042550196",
"potato","early_2005_2006","2005","4","73.525","100.65799777875804","4","130.91375773891752","4","100.65799777875804","4.61172861021812","4.87453876853076","4.61172861021812"
"potato","early_2005_2006","2006","4","78.625","111.56174337397172","4","145.1188499851862","4","111.56174337397172","4.714578189868914","4.977553061757051","4.714578189868914"
"potato","early_2005_2006","2007","4","94.225","130.4210153457002","4","169.69511674588153","4","130.4210153457002","4.870767797134109","5.1340033960210905","4.870767797134109"
"potato","early_2005_2006","2008","4","105.35","146.2798763343577","4","190.26168258933225","4","146.2798763343577","4.985521747877198","5.248400401370723","4.985521747877198"
"potato","early_2005_2006","2009","4","80.425","112.40271211676543","4","146.29565971160267","4","112.40271211676543","4.722088066321205","4.985629640542959","4.722088066321205"
"potato","early_2005_2006","2010","4","104.35","137.25465708905514","4","178.62530545994025","4","137.25465708905514","4.921838011246078","5.185290346311216","4.921838011246078"
"potato","early_2005_2006","2011","4","109.725","133.89157747994955","4","171.3815839820254","4","133.89157747994955","4.897030349150029","5.143892555712122","4.897030349150029"
"potato","early_2005_2006","2012","4","117.9","133.88470278288173","4","172.6113674461393","4","133.88470278288173","4.896979002577714","5.151042636539394","4.896979002577714"
"potato","early_2005_2006","2013","4","89.44999999999999","103.39429255906231","0",,"4","103.39429255906231","4.638549762862895",,"4.638549762862895"
"potato","early_2005_2006","2014","4","78.475","93.65849729377146","0",,"4","93.65849729377146","4.539655159357749",,"4.539655159357749"
"potato","early_2005_2006","2015","4","111","130.2584519796396","0",,"4","130.2584519796396","4.869520568966875",,"4.869520568966875"
"potato","early_2005_2006","2016","4","99","114.26720985383578","0",,"4","114.26720985383578","4.738539651724226",,"4.738539651724226"
"potato","early_2005_2006","2017","4","125.5","136.6057145812061","0",,"4","136.6057145812061","4.917098780677512",,"4.917098780677512"
"potato","early_2005_2006","2018","4","176.8","191.88686326746026","0",,"4","191.88686326746026","5.256905944534211",,"5.256905944534211"
"potato","early_2005_2006","2019","4","96.925","104.93879426650665","0",,"4","104.93879426650665","4.653377268450864",,"4.653377268450864"
"potato","early_2005_2006","2020","4","99.975","100.19942571818392","0",,"4","100.19942571818392","4.60716245727889",,"4.60716245727889"
"potato","early_2005_2006","2021","4","110.35","98.10680335716407","0",,"4","98.10680335716407","4.5860567154119325",,"4.5860567154119325"
"potato","early_2005_2006","2022","4","159.725","146.3193785227367","0",,"4","146.3193785227367","4.985791756689341",,"4.985791756689341"
"potato","early_2005_2006","2023","4","170.575","156.85231329902356","0",,"4","156.85231329902356","5.055304683007519",,"5.055304683007519"
"potato","early_2005_2006","2024","4","137","116.29138299485656","0",,"4","116.29138299485656","4.756098963872094",,"4.756098963872094"
"potato","full_2005_2012","1980","4","41.48831174736915","188.65908169061026","4","244.64380852032266","0",,"5.2399415856736065","5.4998033099157",
"potato","full_2005_2012","1981","4","42.79928070592915","148.38730722348166","4","192.42135416921474","0",,"4.9998257962362365","5.259687520478331",
"potato","full_2005_2012","1982","4","35.76246203130566","116.08588407951504","4","150.53445899432006","0",,"4.754330297156122","5.014192021398217",
"potato","full_2005_2012","1983","4","39.7724847280774","125.8087001719051","4","163.14252820079372","0",,"4.834762500634166","5.094624224876259",
"potato","full_2005_2012","1984","4","41.44975383682327","133.38924453500707","4","172.9726049033182","0",,"4.893271504556489","5.153133228798583",
"potato","full_2005_2012","1985","4","57.27777611590788","177.4885830504694","4","230.1584558624699","0",,"5.178906286004371","5.438768010246465",
"potato","full_2005_2012","1986","4","49.45052027509381","159.0900953517666","4","206.30020286298554","0",,"5.069470679174355","5.329332403416449",
"potato","full_2005_2012","1987","4","63.851899863980776","199.68127437438022","4","258.9368453157865","0",,"5.2967224672439315","5.556584191486025",
"potato","full_2005_2012","1988","4","93.04023814721353","254.61811118238586","4","330.1762304772742","0",,"5.53976481942354","5.799626543665633",
"potato","full_2005_2012","1989","4","71.58276092843015","185.60749568030815","4","240.68666202677645","0",,"5.223634205745156","5.48349592998725",
"potato","full_2005_2012","1990","4","95.0838074061453","219.2604963785805","4","284.326216429273","0",,"5.39026050412498","5.650122228367073",
"potato","full_2005_2012","1991","4","125.31320927411687","267.2224211677574","4","346.52087909402553","0",,"5.588081349698091","5.847943073940185",
"potato","full_2005_2012","1992","4","122.24785538571923","249.46841342510646","4","323.498355970626","0",,"5.519332307678609","5.779194031920703",
"potato","full_2005_2012","1993","4","92.40403262320649","190.6339339249904","4","247.20469966616182","0",,"5.25035501275523","5.510216736997323",
"potato","full_2005_2012","1994","4","108.40556549974755","207.75103954738512","4","269.4013194778424","0",,"5.336340437561234","5.596202161803328",
"potato","full_2005_2012","1995","4","137.09265094588386","235.55492871793132","4","305.456034031761","0",,"5.461944129223176","5.72180585346527",
"potato","full_2005_2012","1996","4","153.69183143588612","252.03351889620097","4","326.8246584527614","0",,"5.52956209015904","5.789423814401134",
"potato","full_2005_2012","1997","4","128.45567898360625","216.26979726225392","4","280.4480250620725","0",,"5.376526689655267","5.636388413897361",
"potato","full_2005_2012","1998","4","136.80346661678973","232.3853161145853","4","301.34583646338615","0",,"5.448396839309403","5.708258563551498",
"potato","full_2005_2012","1999","4","148.98776634928848","238.11150629906865","4","308.7712779660701","0",,"5.472739077814757","5.732600802056851",
"potato","full_2005_2012","2000","4","123.07685046245571","184.63839225627567","4","239.4299764202272","0",,"5.218399275830978","5.478261000073072",
"potato","full_2005_2012","2001","4","119.93438075296632","175.76450564550217","4","227.92275716853305","0",,"5.169145062963426","5.42900678720552",
"potato","full_2005_2012","2002","4","80.02694333797832","113.72848983763114","4","147.47750620757776","0",,"4.733813939620821","4.9936756638629145",
"potato","full_2005_2012","2003","4","116.5027267143828","154.2216017899852","4","199.9869801119911","0",,"5.038390540746838","5.298252264988932",
"potato","full_2005_2012","2004","4","162.92645101162486","212.55872822683162","4","275.6356934511488","0",,"5.359218318308102","5.619080042550196",
"potato","full_2005_2012","2005","4","73.525","100.65799777875804","4","130.91375773891752","4","100.65799777875804","4.61172861021812","4.87453876853076","4.61172861021812"
"potato","full_2005_2012","2006","4","78.625","111.56174337397172","4","145.1188499851862","4","111.56174337397172","4.714578189868914","4.977553061757051","4.714578189868914"
"potato","full_2005_2012","2007","4","94.225","130.4210153457002","4","169.69511674588153","4","130.4210153457002","4.870767797134109","5.1340033960210905","4.870767797134109"
"potato","full_2005_2012","2008","4","105.35","146.2798763343577","4","190.26168258933225","4","146.2798763343577","4.985521747877198","5.248400401370723","4.985521747877198"
"potato","full_2005_2012","2009","4","80.425","112.40271211676543","4","146.29565971160267","4","112.40271211676543","4.722088066321205","4.985629640542959","4.722088066321205"
"potato","full_2005_2012","2010","4","104.35","137.25465708905514","4","178.62530545994025","4","137.25465708905514","4.921838011246078","5.185290346311216","4.921838011246078"
"potato","full_2005_2012","2011","4","109.725","133.89157747994955","4","171.3815839820254","4","133.89157747994955","4.897030349150029","5.143892555712122","4.897030349150029"
"potato","full_2005_2012","2012","4","117.9","133.88470278288173","4","172.6113674461393","4","133.88470278288173","4.896979002577714","5.151042636539394","4.896979002577714"
"potato","full_2005_2012","2013","4","89.44999999999999","103.39429255906231","0",,"4","103.39429255906231","4.638549762862895",,"4.638549762862895"
"potato","full_2005_2012","2014","4","78.475","93.65849729377146","0",,"4","93.65849729377146","4.539655159357749",,"4.539655159357749"
"potato","full_2005_2012","2015","4","111","130.2584519796396","0",,"4","130.2584519796396","4.869520568966875",,"4.869520568966875"
"potato","full_2005_2012","2016","4","99","114.26720985383578","0",,"4","114.26720985383578","4.738539651724226",,"4.738539651724226"
"potato","full_2005_2012","2017","4","125.5","136.6057145812061","0",,"4","136.6057145812061","4.917098780677512",,"4.917098780677512"
"potato","full_2005_2012","2018","4","176.8","191.88686326746026","0",,"4","191.88686326746026","5.256905944534211",,"5.256905944534211"
"potato","full_2005_2012","2019","4","96.925","104.93879426650665","0",,"4","104.93879426650665","4.653377268450864",,"4.653377268450864"
"potato","full_2005_2012","2020","4","99.975","100.19942571818392","0",,"4","100.19942571818392","4.60716245727889",,"4.60716245727889"
"potato","full_2005_2012","2021","4","110.35","98.10680335716407","0",,"4","98.10680335716407","4.5860567154119325",,"4.5860567154119325"
"potato","full_2005_2012","2022","4","159.725","146.3193785227367","0",,"4","146.3193785227367","4.985791756689341",,"4.985791756689341"
"potato","full_2005_2012","2023","4","170.575","156.85231329902356","0",,"4","156.85231329902356","5.055304683007519",,"5.055304683007519"
"potato","full_2005_2012","2024","4","137","116.29138299485656","0",,"4","116.29138299485656","4.756098963872094",,"4.756098963872094"
"potato","late_2010_2012","1980","4","41.71256783456886","189.67883751321995","4","244.64380852032266","0",,"5.245332313064919","5.4998033099157",
"potato","late_2010_2012","1981","4","43.030622952018064","149.18938268778754","4","192.42135416921474","0",,"5.00521652362755","5.259687520478331",
"potato","late_2010_2012","1982","4","35.95576827747455","116.71336119406506","4","150.53445899432006","0",,"4.759721024547436","5.014192021398217",
"potato","late_2010_2012","1983","4","39.98746628378976","126.48873186391585","4","163.14252820079372","0",,"4.840153228025478","5.094624224876259",
"potato","late_2010_2012","1984","4","41.673801507585054","134.1102512184338","4","172.9726049033182","0",,"4.898662231947802","5.153133228798583",
"potato","late_2010_2012","1985","4","57.58737873443498","178.4479591610204","4","230.1584558624699","0",,"5.184297013395684","5.438768010246465",
"potato","late_2010_2012","1986","4","49.717814356723565","159.95002242021562","4","206.30020286298554","0",,"5.074861406565668","5.329332403416449",
"potato","late_2010_2012","1987","4","64.1970374851729","200.76060827330872","4","258.9368453157865","0",,"5.302113194635245","5.556584191486025",
"potato","late_2010_2012","1988","4","93.54314701190953","255.9943942592108","4","330.1762304772742","0",,"5.545155546814852","5.799626543665633",
"potato","late_2010_2012","1989","4","71.9696860454248","186.61075681538773","4","240.68666202677645","0",,"5.229024933136469","5.48349592998725",
"potato","late_2010_2012","1990","4","95.59776234205094","220.44566152327803","4","284.326216429273","0",,"5.395651231516292","5.650122228367073",
"potato","late_2010_2012","1991","4","125.99056269735017","268.66683411345673","4","346.52087909402553","0",,"5.593472077089404","5.847943073940185",
"potato","late_2010_2012","1992","4","122.90863970213806","250.8168609255806","4","323.498355970626","0",,"5.524723035069922","5.779194031920703",
"potato","late_2010_2012","1993","4","92.90350261667683","191.66436438381032","4","247.20469966616182","0",,"5.255745740146542","5.510216736997323",
"potato","late_2010_2012","1994","4","108.99152831495385","208.87399281490443","4","269.4013194778424","0",,"5.341731164952547","5.596202161803328",
"potato","late_2010_2012","1995","4","137.8336755909011","236.8281698890001","4","305.456034031761","0",,"5.467334856614489","5.72180585346527",
"potato","late_2010_2012","1996","4","154.52257935742702","253.39583151897043","4","326.8246584527614","0",,"5.534952817550353","5.789423814401134",
"potato","late_2010_2012","1997","4","129.15001834652986","217.4387968303451","4","280.4480250620725","0",,"5.38191741704658","5.636388413897361",
"potato","late_2010_2012","1998","4","137.5429281385226","233.64142463092733","4","301.34583646338615","0",,"5.453787566700717","5.708258563551498",
"potato","late_2010_2012","1999","4","149.7930874654034","239.39856649676983","4","308.7712779660701","0",,"5.47812980520607","5.732600802056851",
"potato","late_2010_2012","2000","4","123.74211573228978","185.63641511260127","4","239.4299764202272","0",,"5.223790003222291","5.478261000073072",
"potato","late_2010_2012","2001","4","120.58266008311006","176.71456262889217","4","227.92275716853305","0",,"5.174535790354739","5.42900678720552",
"potato","late_2010_2012","2002","4","80.459511654877","114.34322456796723","4","147.47750620757776","0",,"4.7392046670121335","4.9936756638629145",
"potato","late_2010_2012","2003","4","117.13245698155185","155.0552132704833","4","199.9869801119911","0",,"5.043781268138151","5.298252264988932",
"potato","late_2010_2012","2004","4","163.80711467004713","213.70766841467423","4","275.6356934511488","0",,"5.3646090456994155","5.619080042550196",
"potato","late_2010_2012","2005","4","73.525","100.65799777875804","4","130.91375773891752","4","100.65799777875804","4.61172861021812","4.87453876853076","4.61172861021812"
"potato","late_2010_2012","2006","4","78.625","111.56174337397172","4","145.1188499851862","4","111.56174337397172","4.714578189868914","4.977553061757051","4.714578189868914"
"potato","late_2010_2012","2007","4","94.225","130.4210153457002","4","169.69511674588153","4","130.4210153457002","4.870767797134109","5.1340033960210905","4.870767797134109"
"potato","late_2010_2012","2008","4","105.35","146.2798763343577","4","190.26168258933225","4","146.2798763343577","4.985521747877198","5.248400401370723","4.985521747877198"
"potato","late_2010_2012","2009","4","80.425","112.40271211676543","4","146.29565971160267","4","112.40271211676543","4.722088066321205","4.985629640542959","4.722088066321205"
"potato","late_2010_2012","2010","4","104.35","137.25465708905514","4","178.62530545994025","4","137.25465708905514","4.921838011246078","5.185290346311216","4.921838011246078"
"potato","late_2010_2012","2011","4","109.725","133.89157747994955","4","171.3815839820254","4","133.89157747994955","4.897030349150029","5.143892555712122","4.897030349150029"
"potato","late_2010_2012","2012","4","117.9","133.88470278288173","4","172.6113674461393","4","133.88470278288173","4.896979002577714","5.151042636539394","4.896979002577714"
"potato","late_2010_2012","2013","4","89.44999999999999","103.39429255906231","0",,"4","103.39429255906231","4.638549762862895",,"4.638549762862895"
"potato","late_2010_2012","2014","4","78.475","93.65849729377146","0",,"4","93.65849729377146","4.539655159357749",,"4.539655159357749"
"potato","late_2010_2012","2015","4","111","130.2584519796396","0",,"4","130.2584519796396","4.869520568966875",,"4.869520568966875"
"potato","late_2010_2012","2016","4","99","114.26720985383578","0",,"4","114.26720985383578","4.738539651724226",,"4.738539651724226"
"potato","late_2010_2012","2017","4","125.5","136.6057145812061","0",,"4","136.6057145812061","4.917098780677512",,"4.917098780677512"
"potato","late_2010_2012","2018","4","176.8","191.88686326746026","0",,"4","191.88686326746026","5.256905944534211",,"5.256905944534211"
"potato","late_2010_2012","2019","4","96.925","104.93879426650665","0",,"4","104.93879426650665","4.653377268450864",,"4.653377268450864"
"potato","late_2010_2012","2020","4","99.975","100.19942571818392","0",,"4","100.19942571818392","4.60716245727889",,"4.60716245727889"
"potato","late_2010_2012","2021","4","110.35","98.10680335716407","0",,"4","98.10680335716407","4.5860567154119325",,"4.5860567154119325"
"potato","late_2010_2012","2022","4","159.725","146.3193785227367","0",,"4","146.3193785227367","4.985791756689341",,"4.985791756689341"
"potato","late_2010_2012","2023","4","170.575","156.85231329902356","0",,"4","156.85231329902356","5.055304683007519",,"5.055304683007519"
"potato","late_2010_2012","2024","4","137","116.29138299485656","0",,"4","116.29138299485656","4.756098963872094",,"4.756098963872094"
"radish","early_2005_2006","1980","4","14.141587664119868","64.67895109989844","4","154.47569433393096","0",,"4.169435817816412","5.040036765735006",
"radish","early_2005_2006","1981","4","16.088541998336225","55.12712850085434","4","131.66263996230268","0",,"4.009641945281972","4.880242893200566",
"radish","early_2005_2006","1982","4","10.19534151358457","33.107459104289084","4","79.0720573818228","0",,"3.4997586075781406","4.3703595554967345",
"radish","early_2005_2006","1983","4","10.62450886682581","33.793050906631485","4","80.70948761059871","0",,"3.5202551868731726","4.3908561347917665",
"radish","early_2005_2006","1984","4","12.414450754734393","39.91996294418617","4","95.34267159130903","0",,"3.686876523190983","4.557477471109577",
"radish","early_2005_2006","1985","4","11.52471355899036","35.8835034104563","4","85.70221084604016","0",,"3.580277674855776","4.45087862277437",
"radish","early_2005_2006","1986","4","14.549820024520074","46.7483352853569","4","111.65118526747804","0",,"3.844778646231314","4.715379594149908",
"radish","early_2005_2006","1987","4","15.230207291853745","47.41271997976257","4","113.23796559133694","0",,"3.8588905467039654","4.729491494622559",
"radish","early_2005_2006","1988","4","24.410201652648066","67.01384830112124","4","160.05223600975617","0",,"4.204899289094823","5.075500237013417",
"radish","early_2005_2006","1989","4","18.496066175055375","48.187234678635036","4","115.08777443711377","0",,"3.875094145287846","4.74569509320644",
"radish","early_2005_2006","1990","4","14.45561255673541","33.5878630196943","4","80.2194280044283","0",,"3.51416478206167","4.3847657299802645",
"radish","early_2005_2006","1991","4","9.200929353635356","19.60191697804057","4","46.81615400320928","0",,"2.975627366455944","3.8462283143745384",
"radish","early_2005_2006","1992","4","11.022273730805495","22.45754566935995","4","53.63638249099234","0",,"3.1116266677097144","3.9822276156283087",
"radish","early_2005_2006","1993","4","9.473084260568823","19.558519039727955","4","46.712504724123896","0",,"2.9734109480249034","3.8440118959434977",
"radish","early_2005_2006","1994","4","12.016685890754708","22.884204602409973","4","54.65539151643061","0",,"3.130446917216251","4.001047865134845",
"radish","early_2005_2006","1995","4","16.099009494756743","27.705082116658684","4","66.16931356755016","0",,"3.321615866280222","4.192216814198816",
"radish","early_2005_2006","1996","4","25.697703712371784","42.15213592113646","4","100.67387230845203","0",,"3.7412853574495286","4.611886305368123",
"radish","early_2005_2006","1997","4","36.24894010425396","61.12730873854526","4","145.99314459455067","0",,"4.112958717855485","4.983559665774079",
"radish","early_2005_2006","1998","4","51.730367310200144","87.40557095328421","4","208.75471899363328","0",,"4.470559021514385","5.3411599694329785",
"radish","early_2005_2006","1999","4","29.978909748363662","47.60164479578586","4","113.68918336212349","0",,"3.8628673151736965","4.73346826309229",
"radish","early_2005_2006","2000","4","19.438140852901995","29.479191114174384","4","70.40649915196114","0",,"3.3836846284838527","4.254285576402447",
"radish","early_2005_2006","2001","4","11.859673444446937","17.361409601873106","4","41.4650478595862","0",,"2.8542499042003833","3.7248508521189776",
"radish","early_2005_2006","2002","4","21.531640137005606","30.600352135065634","4","73.08421924817628","0",,"3.421011516574006","4.2916124644926",
"radish","early_2005_2006","2003","4","45.98371177533574","60.87343172806617","4","145.3867985298378","0",,"4.108796818903612","4.979397766822207",
"radish","early_2005_2006","2004","4","50.46380024331746","65.31435111707495","4","155.99324922874573","0",,"4.1792117842198815","5.049812732138476",
"radish","early_2005_2006","2005","4","40","55.674647152053446","4","132.9575335918021","4","55.674647152053446","4.01952487548623","4.890029780933596","4.01952487548623"
"radish","early_2005_2006","2006","4","63.6","89.78107896360152","4","214.46590590783794","4","89.78107896360152","4.497374251143028","5.368150778918081","4.497374251143028"
"radish","early_2005_2006","2007","4","72.95","101.89796167730663","4","243.3942574161959","4","101.89796167730663","4.623971936861848","5.494682587079523","4.623971936861848"
"radish","early_2005_2006","2008","4","50.3","70.25797684142725","4","167.7856914484463","4","70.25797684142725","4.252173851111777","5.122687518933916","4.252173851111777"
"radish","early_2005_2006","2009","4","46.599999999999994","65.14161588651574","4","155.4790910771515","4","65.14161588651574","4.1765636059038735","5.046511260052036","4.1765636059038735"
"radish","early_2005_2006","2010","4","71.525","93.28443706989222","4","222.63572794093756","4","93.28443706989222","4.535653288686724","5.40553692884156","4.535653288686724"
"radish","early_2005_2006","2011","4","114.9","140.60653735020333","4","323.7061391228158","4","140.60653735020333","4.945965474385295","5.779836126222903","4.945965474385295"
"radish","early_2005_2006","2012","4","73.375","83.6384085606642","4","197.06320040112536","4","83.6384085606642","4.4265028471276695","5.283524491507021","4.4265028471276695"
"radish","early_2005_2006","2013","4","79.1","92.21909485440897","0",,"4","92.21909485440897","4.524167211662173",,"4.524167211662173"
"radish","early_2005_2006","2014","4","58.05","69.25217642981721","0",,"4","69.25217642981721","4.237754573162999",,"4.237754573162999"
"radish","early_2005_2006","2015","4","70.075","82.35193351656366","0",,"4","82.35193351656366","4.411001935601977",,"4.411001935601977"
"radish","early_2005_2006","2016","4","90.775","105.16641410701773","0",,"4","105.16641410701773","4.655543991792218",,"4.655543991792218"
"radish","early_2005_2006","2017","4","101.25","109.63579807997813","0",,"4","109.63579807997813","4.697163946000961",,"4.697163946000961"
"radish","early_2005_2006","2018","4","89.6","97.34570500776223","0",,"4","97.34570500776223","4.57826861176699",,"4.57826861176699"
"radish","early_2005_2006","2019","4","73.525","80.11596980826029","0",,"4","80.11596980826029","4.383475207588602",,"4.383475207588602"
"radish","early_2005_2006","2020","4","100.025","99.53265270667785","0",,"4","99.53265270667785","4.600485758235547",,"4.600485758235547"
"radish","early_2005_2006","2021","4","66.825","59.34982867342345","0",,"4","59.34982867342345","4.083449234335815",,"4.083449234335815"
"radish","early_2005_2006","2022","4","121.35","111.29842249271977","0",,"4","111.29842249271977","4.712215084710433",,"4.712215084710433"
"radish","early_2005_2006","2023","4","92.575","84.44184514892933","0",,"4","84.44184514892933","4.436063074339309",,"4.436063074339309"
"radish","early_2005_2006","2024","4","129.25","111.44255775944016","0",,"4","111.44255775944016","4.713509281105504",,"4.713509281105504"
"radish","full_2005_2012","1980","4","14.251889532058573","65.1834354118499","4","154.47569433393096","0",,"4.17720537855392","5.040036765735006",
"radish","full_2005_2012","1981","4","16.214029763711345","55.5571102958383","4","131.66263996230268","0",,"4.01741150601948","4.880242893200566",
"radish","full_2005_2012","1982","4","10.274863363601074","33.365691395361516","4","79.0720573818228","0",,"3.507528168315648","4.3703595554967345",
"radish","full_2005_2012","1983","4","10.707378145847116","34.05663069179283","4","80.70948761059871","0",,"3.5280247476106803","4.3908561347917665",
"radish","full_2005_2012","1984","4","12.511281262044017","40.23133155323984","4","95.34267159130903","0",,"3.6946460839284905","4.557477471109577",
"radish","full_2005_2012","1985","4","11.614604274460762","36.16338835324815","4","85.70221084604016","0",,"3.5880472355932835","4.45087862277437",
"radish","full_2005_2012","1986","4","14.663306032243831","47.112963983878686","4","111.65118526747804","0",,"3.8525482069688217","4.715379594149908",
"radish","full_2005_2012","1987","4","15.349000199219262","47.78253076070419","4","113.23796559133694","0",,"3.866660107441473","4.729491494622559",
"radish","full_2005_2012","1988","4","24.600596882872384","67.53654439585527","4","160.05223600975617","0",,"4.21266884983233","5.075500237013417",
"radish","full_2005_2012","1989","4","18.64033220070133","48.56308653643879","4","115.08777443711377","0",,"3.8828637060253537","4.74569509320644",
"radish","full_2005_2012","1990","4","14.56836376297031","33.84984237584125","4","80.2194280044283","0",,"3.521934342799178","4.3847657299802645",
"radish","full_2005_2012","1991","4","9.272694965713905","19.754808443214813","4","46.81615400320928","0",,"2.9833969271934517","3.8462283143745384",
"radish","full_2005_2012","1992","4","11.108245505001982","22.632710530299438","4","53.63638249099234","0",,"3.119396228447222","3.9822276156283087",
"radish","full_2005_2012","1993","4","9.546972632504076","19.71107200870401","4","46.712504724123896","0",,"2.981180508762411","3.8440118959434977",
"radish","full_2005_2012","1994","4","12.11041390288915","23.06269732712303","4","54.65539151643061","0",,"3.1382164779537582","4.001047865134845",
"radish","full_2005_2012","1995","4","16.224578904741737","27.921176828330704","4","66.16931356755016","0",,"3.3293854270177294","4.192216814198816",
"radish","full_2005_2012","1996","4","25.89814122961051","42.48091508229842","4","100.67387230845203","0",,"3.7490549181870367","4.611886305368123",
"radish","full_2005_2012","1997","4","36.531675388244885","61.60409087192866","4","145.99314459455067","0",,"4.120728278592993","4.983559665774079",
"radish","full_2005_2012","1998","4","52.13385497219354","88.08731885694125","4","208.75471899363328","0",,"4.478328582251892","5.3411599694329785",
"radish","full_2005_2012","1999","4","30.21273991104053","47.97292915668203","4","113.68918336212349","0",,"3.870636875911204","4.73346826309229",
"radish","full_2005_2012","2000","4","19.58975489343654","29.709123560406393","4","70.40649915196114","0",,"3.3914541892213603","4.254285576402447",
"radish","full_2005_2012","2001","4","11.952176787433281","17.4968255081079","4","41.4650478595862","0",,"2.862019464937891","3.7248508521189776",
"radish","full_2005_2012","2002","4","21.699583099514793","30.83902943780184","4","73.08421924817628","0",,"3.428781077311513","4.2916124644926",
"radish","full_2005_2012","2003","4","46.342376546508746","61.348233665933506","4","145.3867985298378","0",,"4.11656637964112","4.979397766822207",
"radish","full_2005_2012","2004","4","50.857408907516195","65.82379143612036","4","155.99324922874573","0",,"4.186981344957389","5.049812732138476",
"radish","full_2005_2012","2005","4","40","55.674647152053446","4","132.9575335918021","4","55.674647152053446","4.01952487548623","4.890029780933596","4.01952487548623"
"radish","full_2005_2012","2006","4","63.6","89.78107896360152","4","214.46590590783794","4","89.78107896360152","4.497374251143028","5.368150778918081","4.497374251143028"
"radish","full_2005_2012","2007","4","72.95","101.89796167730663","4","243.3942574161959","4","101.89796167730663","4.623971936861848","5.494682587079523","4.623971936861848"
"radish","full_2005_2012","2008","4","50.3","70.25797684142725","4","167.7856914484463","4","70.25797684142725","4.252173851111777","5.122687518933916","4.252173851111777"
"radish","full_2005_2012","2009","4","46.599999999999994","65.14161588651574","4","155.4790910771515","4","65.14161588651574","4.1765636059038735","5.046511260052036","4.1765636059038735"
"radish","full_2005_2012","2010","4","71.525","93.28443706989222","4","222.63572794093756","4","93.28443706989222","4.535653288686724","5.40553692884156","4.535653288686724"
"radish","full_2005_2012","2011","4","114.9","140.60653735020333","4","323.7061391228158","4","140.60653735020333","4.945965474385295","5.779836126222903","4.945965474385295"
"radish","full_2005_2012","2012","4","73.375","83.6384085606642","4","197.06320040112536","4","83.6384085606642","4.4265028471276695","5.283524491507021","4.4265028471276695"
"radish","full_2005_2012","2013","4","79.1","92.21909485440897","0",,"4","92.21909485440897","4.524167211662173",,"4.524167211662173"
"radish","full_2005_2012","2014","4","58.05","69.25217642981721","0",,"4","69.25217642981721","4.237754573162999",,"4.237754573162999"
"radish","full_2005_2012","2015","4","70.075","82.35193351656366","0",,"4","82.35193351656366","4.411001935601977",,"4.411001935601977"
"radish","full_2005_2012","2016","4","90.775","105.16641410701773","0",,"4","105.16641410701773","4.655543991792218",,"4.655543991792218"
"radish","full_2005_2012","2017","4","101.25","109.63579807997813","0",,"4","109.63579807997813","4.697163946000961",,"4.697163946000961"
"radish","full_2005_2012","2018","4","89.6","97.34570500776223","0",,"4","97.34570500776223","4.57826861176699",,"4.57826861176699"
"radish","full_2005_2012","2019","4","73.525","80.11596980826029","0",,"4","80.11596980826029","4.383475207588602",,"4.383475207588602"
"radish","full_2005_2012","2020","4","100.025","99.53265270667785","0",,"4","99.53265270667785","4.600485758235547",,"4.600485758235547"
"radish","full_2005_2012","2021","4","66.825","59.34982867342345","0",,"4","59.34982867342345","4.083449234335815",,"4.083449234335815"
"radish","full_2005_2012","2022","4","121.35","111.29842249271977","0",,"4","111.29842249271977","4.712215084710433",,"4.712215084710433"
"radish","full_2005_2012","2023","4","92.575","84.44184514892933","0",,"4","84.44184514892933","4.436063074339309",,"4.436063074339309"
"radish","full_2005_2012","2024","4","129.25","111.44255775944016","0",,"4","111.44255775944016","4.713509281105504",,"4.713509281105504"
"radish","late_2010_2012","1980","4","14.434309339723711","66.01776336001673","4","154.47569433393096","0",,"4.1899238476326985","5.040036765735006",
"radish","late_2010_2012","1981","4","16.42156436354948","56.268224239838524","4","131.66263996230268","0",,"4.0301299750982595","4.880242893200566",
"radish","late_2010_2012","1982","4","10.406378458098368","33.79276199489605","4","79.0720573818228","0",,"3.5202466373944277","4.3703595554967345",
"radish","late_2010_2012","1983","4","10.844429296683618","34.49254510205715","4","80.70948761059871","0",,"3.5407432166894597","4.3908561347917665",
"radish","late_2010_2012","1984","4","12.671421818587952","40.74628023759119","4","95.34267159130903","0",,"3.70736455300727","4.557477471109577",
"radish","late_2010_2012","1985","4","11.763267641033165","36.62626861435879","4","85.70221084604016","0",,"3.600765704672063","4.45087862277437",
"radish","late_2010_2012","1986","4","14.850991844719436","47.71599544922519","4","111.65118526747804","0",,"3.8652666760476015","4.715379594149908",
"radish","late_2010_2012","1987","4","15.545462686378979","48.394132475095404","4","113.23796559133694","0",,"3.879378576520253","4.729491494622559",
"radish","late_2010_2012","1988","4","24.915476965385416","68.4009914161151","4","160.05223600975617","0",,"4.2253873189111095","5.075500237013417",
"radish","late_2010_2012","1989","4","18.87892272634478","49.184679124963644","4","115.08777443711377","0",,"3.895582175104133","4.74569509320644",
"radish","late_2010_2012","1990","4","14.754834343566575","34.28310995918914","4","80.2194280044283","0",,"3.534652811877957","4.3847657299802645",
"radish","late_2010_2012","1991","4","9.39138261259596","20.00766392238245","4","46.81615400320928","0",,"2.996115396272231","3.8462283143745384",
"radish","late_2010_2012","1992","4","11.25042763488458","22.922402272056967","4","53.63638249099234","0",,"3.1321146975260015","3.9822276156283087",
"radish","late_2010_2012","1993","4","9.669170949259776","19.963367674946248","4","46.712504724123896","0",,"2.9938989778411904","3.8440118959434977",
"radish","late_2010_2012","1994","4","12.265423480386987","23.35789276778299","4","54.65539151643061","0",,"3.150934947032538","4.001047865134845",
"radish","late_2010_2012","1995","4","16.43224853034424","28.278559314025056","4","66.16931356755016","0",,"3.3421038960965093","4.192216814198816",
"radish","late_2010_2012","1996","4","26.22962948114116","43.024657744723655","4","100.67387230845203","0",,"3.761773387265816","4.611886305368123",
"radish","late_2010_2012","1997","4","36.99926961026144","62.3926043096005","4","145.99314459455067","0",,"4.133446747671772","4.983559665774079",
"radish","late_2010_2012","1998","4","52.801152299714715","89.2148094768675","4","208.75471899363328","0",,"4.491047051330672","5.3411599694329785",
"radish","late_2010_2012","1999","4","30.599453700198897","48.58696791204917","4","113.68918336212349","0",,"3.8833553449899836","4.73346826309229",
"radish","late_2010_2012","2000","4","19.840497737873378","30.089391214993405","4","70.40649915196114","0",,"3.4041726583001397","4.254285576402447",
"radish","late_2010_2012","2001","4","12.105160978465555","17.720779499384626","4","41.4650478595862","0",,"2.8747379340166703","3.7248508521189776",
"radish","late_2010_2012","2002","4","21.977331096825814","31.233759540499374","4","73.08421924817628","0",,"3.441499546390293","4.2916124644926",
"radish","late_2010_2012","2003","4","46.93554472939027","62.133472209970904","4","145.3867985298378","0",,"4.1292848487199","4.979397766822207",
"radish","late_2010_2012","2004","4","51.508368117548486","66.66631574467307","4","155.99324922874573","0",,"4.199699814036169","5.049812732138476",
"radish","late_2010_2012","2005","4","40","55.674647152053446","4","132.9575335918021","4","55.674647152053446","4.01952487548623","4.890029780933596","4.01952487548623"
"radish","late_2010_2012","2006","4","63.6","89.78107896360152","4","214.46590590783794","4","89.78107896360152","4.497374251143028","5.368150778918081","4.497374251143028"
"radish","late_2010_2012","2007","4","72.95","101.89796167730663","4","243.3942574161959","4","101.89796167730663","4.623971936861848","5.494682587079523","4.623971936861848"
"radish","late_2010_2012","2008","4","50.3","70.25797684142725","4","167.7856914484463","4","70.25797684142725","4.252173851111777","5.122687518933916","4.252173851111777"
"radish","late_2010_2012","2009","4","46.599999999999994","65.14161588651574","4","155.4790910771515","4","65.14161588651574","4.1765636059038735","5.046511260052036","4.1765636059038735"
"radish","late_2010_2012","2010","4","71.525","93.28443706989222","4","222.63572794093756","4","93.28443706989222","4.535653288686724","5.40553692884156","4.535653288686724"
"radish","late_2010_2012","2011","4","114.9","140.60653735020333","4","323.7061391228158","4","140.60653735020333","4.945965474385295","5.779836126222903","4.945965474385295"
"radish","late_2010_2012","2012","4","73.375","83.6384085606642","4","197.06320040112536","4","83.6384085606642","4.4265028471276695","5.283524491507021","4.4265028471276695"
"radish","late_2010_2012","2013","4","79.1","92.21909485440897","0",,"4","92.21909485440897","4.524167211662173",,"4.524167211662173"
"radish","late_2010_2012","2014","4","58.05","69.25217642981721","0",,"4","69.25217642981721","4.237754573162999",,"4.237754573162999"
"radish","late_2010_2012","2015","4","70.075","82.35193351656366","0",,"4","82.35193351656366","4.411001935601977",,"4.411001935601977"
"radish","late_2010_2012","2016","4","90.775","105.16641410701773","0",,"4","105.16641410701773","4.655543991792218",,"4.655543991792218"
"radish","late_2010_2012","2017","4","101.25","109.63579807997813","0",,"4","109.63579807997813","4.697163946000961",,"4.697163946000961"
"radish","late_2010_2012","2018","4","89.6","97.34570500776223","0",,"4","97.34570500776223","4.57826861176699",,"4.57826861176699"
"radish","late_2010_2012","2019","4","73.525","80.11596980826029","0",,"4","80.11596980826029","4.383475207588602",,"4.383475207588602"
"radish","late_2010_2012","2020","4","100.025","99.53265270667785","0",,"4","99.53265270667785","4.600485758235547",,"4.600485758235547"
"radish","late_2010_2012","2021","4","66.825","59.34982867342345","0",,"4","59.34982867342345","4.083449234335815",,"4.083449234335815"
"radish","late_2010_2012","2022","4","121.35","111.29842249271977","0",,"4","111.29842249271977","4.712215084710433",,"4.712215084710433"
"radish","late_2010_2012","2023","4","92.575","84.44184514892933","0",,"4","84.44184514892933","4.436063074339309",,"4.436063074339309"
"radish","late_2010_2012","2024","4","129.25","111.44255775944016","0",,"4","111.44255775944016","4.713509281105504",,"4.713509281105504"
"red_bean","early_2005_2006","1980","4","14.062652951493554","62.87343221808992","4","96.23722018615626","0",,"4.141123693207869","4.5668161870655215",
"red_bean","early_2005_2006","1981","4","23.633750082242944","80.9344468037338","4","123.88231249533504","0",,"4.3936395282941","4.819332022151752",
"red_bean","early_2005_2006","1982","4","19.991506634875854","64.71748235120793","4","99.05981555648071","0",,"4.170031371363302","4.595723865220954",
"red_bean","early_2005_2006","1983","4","17.55790002654538","55.804587624235936","4","85.41729307798235","0",,"4.021856081495857","4.447548575353508",
"red_bean","early_2005_2006","1984","4","21.183810543655216","68.1297142435253","4","104.28274836549458","0",,"4.221413450494164","4.647105944351816",
"red_bean","early_2005_2006","1985","4","25.495704131569617","79.14305819768742","4","121.14032349239565","0",,"4.371257078092737","4.796949571950388",
"red_bean","early_2005_2006","1986","4","31.865546931897704","102.79571398771755","4","157.34426151436935","0",,"4.632743659425416","5.0584361532830675",
"red_bean","early_2005_2006","1987","4","33.33551065505034","104.77569814719882","4","160.37492430465804","0",,"4.651821857088375","5.077514350946028",
"red_bean","early_2005_2006","1988","4","31.01623455852063","85.10529410235179","4","130.26641999001777","0",,"4.443889244012755","4.869581737870407",
"red_bean","early_2005_2006","1989","4","28.353966926588633","73.92058521389808","4","113.14654512327743","0",,"4.302991344156772","4.728683838014424",
"red_bean","early_2005_2006","1990","4","38.70904470968609","90.07841129697836","4","137.87852191584733","0",,"4.500680527657017","4.926373021514669",
"red_bean","early_2005_2006","1991","4","44.27857392740886","94.43309600941176","4","144.54402015138285","0",,"4.547891605028018","4.973584098885669",
"red_bean","early_2005_2006","1992","4","42.236957645252424","86.19012382900208","4","131.9269146311564","0",,"4.456555598356292","4.882248092213945",
"red_bean","early_2005_2006","1993","4","43.6579225776333","90.07435885599318","4","137.87231904697848","0",,"4.500635538718102","4.926328032575754",
"red_bean","early_2005_2006","1994","4","55.858621479800185","106.51971484550037","4","163.04440349613262","0",,"4.668330083937834","5.094022577795485",
"red_bean","early_2005_2006","1995","4","73.36752271557381","126.11473725525997","4","193.0375249096337","0",,"4.837192105731846","5.262884599589498",
"red_bean","early_2005_2006","1996","4","66.09936875109689","108.41511821430767","4","165.9456026976136","0",,"4.685967546202597","5.111660040060248",
"red_bean","early_2005_2006","1997","4","62.13046669858477","104.68511942535613","4","160.23627998239613","0",,"4.650956981943338","5.07664947580099",
"red_bean","early_2005_2006","1998","4","67.22634093884724","114.29872853408901","4","174.95135094228192","0",,"4.738815446802664","5.164507940660316",
"red_bean","early_2005_2006","1999","4","70.62359043235556","112.34036601411528","4","171.95378331490497","0",,"4.721533245191513","5.147225739049166",
"red_bean","early_2005_2006","2000","4","82.3996331478339","125.64223990876438","4","192.3142968374912","0",,"4.833438502502331","5.259130996359984",
"red_bean","early_2005_2006","2001","4","68.28798140556859","100.27837899738859","4","153.49110266491658","0",,"4.607950108394669","5.03364260225232",
"red_bean","early_2005_2006","2002","4","61.42815069752295","87.23412523446126","4","133.52491540170962","0",,"4.468595598791569","4.894288092649221",
"red_bean","early_2005_2006","2003","4","82.31796849654764","109.8668313923411","4","168.1676675003897","0",,"4.699269008689576","5.124961502547228",
"red_bean","early_2005_2006","2004","4","83.83693101047203","109.990174718489","4","168.35646296483668","0",,"4.700391041062073","5.126083534919724",
"red_bean","early_2005_2006","2005","4","65.875","91.39574633601417","4","139.91880962141184","4","91.39574633601417","4.515198938383851","4.94106232310849","4.515198938383851"
"red_bean","early_2005_2006","2006","4","66.275","93.72497137599937","4","143.43300425855557","4","93.72497137599937","4.540364657217815","4.965868056903923","4.540364657217815"
"red_bean","early_2005_2006","2007","4","79.525","110.38111918234421","4","168.99069292190927","4","110.38111918234421","4.703939097318027","5.129843641938592","4.703939097318027"
"red_bean","early_2005_2006","2008","4","102.17500000000001","142.68227094317837","4","218.4042476355741","4","142.68227094317837","4.960620276702535","5.386347692562457","4.960620276702535"
"red_bean","early_2005_2006","2009","4","72.95","101.9298214299595","4","156.03831618443184","4","101.9298214299595","4.624284551289839","5.0501015936575975","4.624284551289839"
"red_bean","early_2005_2006","2010","4","83.825","109.7028740873848","4","167.82111751465638","4","109.7028740873848","4.697775566458355","5.122898635427358","4.697775566458355"
"red_bean","early_2005_2006","2011","4","137.175","167.53270979908388","4","250.29709273840032","4","167.53270979908388","5.121178614582589","5.522648583262004","5.121178614582589"
"red_bean","early_2005_2006","2012","4","162.175","184.61531914821003","4","276.8325172239124","4","184.61531914821003","5.218274304260575","5.623412692363721","5.218274304260575"
"red_bean","early_2005_2006","2013","4","177.1","206.15918840427767","0",,"4","206.15918840427767","5.328648629608953",,"5.328648629608953"
"red_bean","early_2005_2006","2014","4","102.975","122.83938895099077","0",,"4","122.83938895099077","4.810877721211428",,"4.810877721211428"
"red_bean","early_2005_2006","2015","4","72.925","85.50954697145757","0",,"4","85.50954697145757","4.448628030194031",,"4.448628030194031"
"red_bean","early_2005_2006","2016","4","88.575","102.29419254131652","0",,"4","102.29419254131652","4.627852902444079",,"4.627852902444079"
"red_bean","early_2005_2006","2017","4","147.15","158.8938162682704","0",,"4","158.8938162682704","5.068236156915512",,"5.068236156915512"
"red_bean","early_2005_2006","2018","4","107.72500000000001","116.78156765595548","0",,"4","116.78156765595548","4.76030524677587",,"4.76030524677587"
"red_bean","early_2005_2006","2019","4","145.35","156.84314532090912","0",,"4","156.84314532090912","5.055246231551719",,"5.055246231551719"
"red_bean","early_2005_2006","2020","4","100","99.81918504070734","0",,"4","99.81918504070734","4.603360399719489",,"4.603360399719489"
"red_bean","early_2005_2006","2021","4","187.175","164.9368271962985","0",,"4","164.9368271962985","5.105562535111902",,"5.105562535111902"
"red_bean","early_2005_2006","2022","4","130.8","118.91128635275352","0",,"4","118.91128635275352","4.7783777222595605",,"4.7783777222595605"
"red_bean","early_2005_2006","2023","4","179.225","164.10321500557203","0",,"4","164.10321500557203","5.100495589650455",,"5.100495589650455"
"red_bean","early_2005_2006","2024","4","158.45","134.7063705265916","0",,"4","134.7063705265916","4.903097376482034",,"4.903097376482034"
"red_bean","full_2005_2012","1980","4","14.158185636733275","63.30055417230082","4","96.23722018615626","0",,"4.147894083808504","4.5668161870655215",
"red_bean","full_2005_2012","1981","4","23.794302690305518","81.48426375919887","4","123.88231249533504","0",,"4.400409918894734","4.819332022151752",
"red_bean","full_2005_2012","1982","4","20.127316166505842","65.15713160460919","4","99.05981555648071","0",,"4.176801761963937","4.595723865220954",
"red_bean","full_2005_2012","1983","4","17.677177188720407","56.183688361687636","4","85.41729307798235","0",,"4.028626472096491","4.447548575353508",
"red_bean","full_2005_2012","1984","4","21.327719826763136","68.59254402171501","4","104.28274836549458","0",,"4.228183841094799","4.647105944351816",
"red_bean","full_2005_2012","1985","4","25.668905666597727","79.68070560275302","4","121.14032349239565","0",,"4.378027468693372","4.796949571950388",
"red_bean","full_2005_2012","1986","4","32.08202111180792","103.49404243415326","4","157.34426151436935","0",,"4.639514050026051","5.0584361532830675",
"red_bean","full_2005_2012","1987","4","33.56197082993335","105.487477341807","4","160.37492430465804","0",,"4.65859224768901","5.077514350946028",
"red_bean","full_2005_2012","1988","4","31.22693905244656","85.68344513130471","4","130.26641999001777","0",,"4.450659634613389","4.869581737870407",
"red_bean","full_2005_2012","1989","4","28.54658567406384","74.42275447202695","4","113.14654512327743","0",,"4.309761734757407","4.728683838014424",
"red_bean","full_2005_2012","1990","4","38.972009243969644","90.69034650884849","4","137.87852191584733","0",,"4.507450918257652","4.926373021514669",
"red_bean","full_2005_2012","1991","4","44.57937428708933","95.0746141687802","4","144.54402015138285","0",,"4.554661995628652","4.973584098885669",
"red_bean","full_2005_2012","1992","4","42.52388856747068","86.7756444984611","4","131.9269146311564","0",,"4.463325988956927","4.882248092213945",
"red_bean","full_2005_2012","1993","4","43.954506628325255","90.6862665381667","4","137.87231904697848","0",,"4.507405929318737","4.926328032575754",
"red_bean","full_2005_2012","1994","4","56.23808928876632","107.24334177601345","4","163.04440349613262","0",,"4.6751004745384686","5.094022577795485",
"red_bean","full_2005_2012","1995","4","73.86593482021588","126.9714802567302","4","193.0375249096337","0",,"4.84396249633248","5.262884599589498",
"red_bean","full_2005_2012","1996","4","66.54840565837348","109.15162130510566","4","165.9456026976136","0",,"4.692737936803231","5.111660040060248",
"red_bean","full_2005_2012","1997","4","62.552541419434824","105.39628328596204","4","160.23627998239613","0",,"4.657727372543973","5.07664947580099",
"red_bean","full_2005_2012","1998","4","67.68303377560298","115.07520111675255","4","174.95135094228192","0",,"4.745585837403299","5.164507940660316",
"red_bean","full_2005_2012","1999","4","71.10336201304841","113.10353473221991","4","171.95378331490497","0",,"4.728303635792148","5.147225739049166",
"red_bean","full_2005_2012","2000","4","82.9594036438088","126.49577306494903","4","192.3142968374912","0",,"4.840208893102966","5.259130996359984",
"red_bean","full_2005_2012","2001","4","68.75188634980468","100.95960627720207","4","153.49110266491658","0",,"4.614720498995304","5.03364260225232",
"red_bean","full_2005_2012","2002","4","61.845454331886","87.82673818288086","4","133.52491540170962","0",,"4.475365989392204","4.894288092649221",
"red_bean","full_2005_2012","2003","4","82.87718421502406","110.6131964955612","4","168.1676675003897","0",,"4.70603939929021","5.124961502547228",
"red_bean","full_2005_2012","2004","4","84.40646559042034","110.73737773751304","4","168.35646296483668","0",,"4.707161431662707","5.126083534919724",
"red_bean","full_2005_2012","2005","4","65.875","91.39574633601417","4","139.91880962141184","4","91.39574633601417","4.515198938383851","4.94106232310849","4.515198938383851"
"red_bean","full_2005_2012","2006","4","66.275","93.72497137599937","4","143.43300425855557","4","93.72497137599937","4.540364657217815","4.965868056903923","4.540364657217815"
"red_bean","full_2005_2012","2007","4","79.525","110.38111918234421","4","168.99069292190927","4","110.38111918234421","4.703939097318027","5.129843641938592","4.703939097318027"
"red_bean","full_2005_2012","2008","4","102.17500000000001","142.68227094317837","4","218.4042476355741","4","142.68227094317837","4.960620276702535","5.386347692562457","4.960620276702535"
"red_bean","full_2005_2012","2009","4","72.95","101.9298214299595","4","156.03831618443184","4","101.9298214299595","4.624284551289839","5.0501015936575975","4.624284551289839"
"red_bean","full_2005_2012","2010","4","83.825","109.7028740873848","4","167.82111751465638","4","109.7028740873848","4.697775566458355","5.122898635427358","4.697775566458355"
"red_bean","full_2005_2012","2011","4","137.175","167.53270979908388","4","250.29709273840032","4","167.53270979908388","5.121178614582589","5.522648583262004","5.121178614582589"
"red_bean","full_2005_2012","2012","4","162.175","184.61531914821003","4","276.8325172239124","4","184.61531914821003","5.218274304260575","5.623412692363721","5.218274304260575"
"red_bean","full_2005_2012","2013","4","177.1","206.15918840427767","0",,"4","206.15918840427767","5.328648629608953",,"5.328648629608953"
"red_bean","full_2005_2012","2014","4","102.975","122.83938895099077","0",,"4","122.83938895099077","4.810877721211428",,"4.810877721211428"
"red_bean","full_2005_2012","2015","4","72.925","85.50954697145757","0",,"4","85.50954697145757","4.448628030194031",,"4.448628030194031"
"red_bean","full_2005_2012","2016","4","88.575","102.29419254131652","0",,"4","102.29419254131652","4.627852902444079",,"4.627852902444079"
"red_bean","full_2005_2012","2017","4","147.15","158.8938162682704","0",,"4","158.8938162682704","5.068236156915512",,"5.068236156915512"
"red_bean","full_2005_2012","2018","4","107.72500000000001","116.78156765595548","0",,"4","116.78156765595548","4.76030524677587",,"4.76030524677587"
"red_bean","full_2005_2012","2019","4","145.35","156.84314532090912","0",,"4","156.84314532090912","5.055246231551719",,"5.055246231551719"
"red_bean","full_2005_2012","2020","4","100","99.81918504070734","0",,"4","99.81918504070734","4.603360399719489",,"4.603360399719489"
"red_bean","full_2005_2012","2021","4","187.175","164.9368271962985","0",,"4","164.9368271962985","5.105562535111902",,"5.105562535111902"
"red_bean","full_2005_2012","2022","4","130.8","118.91128635275352","0",,"4","118.91128635275352","4.7783777222595605",,"4.7783777222595605"
"red_bean","full_2005_2012","2023","4","179.225","164.10321500557203","0",,"4","164.10321500557203","5.100495589650455",,"5.100495589650455"
"red_bean","full_2005_2012","2024","4","158.45","134.7063705265916","0",,"4","134.7063705265916","4.903097376482034",,"4.903097376482034"
"red_bean","late_2010_2012","1980","4","14.318941822378678","64.0192872006048","4","96.23722018615626","0",,"4.159184400468562","4.5668161870655215",
"red_bean","late_2010_2012","1981","4","24.06447017071074","82.40945995086818","4","123.88231249533504","0",,"4.411700235554793","4.819332022151752",
"red_bean","late_2010_2012","1982","4","20.35584760812021","65.89694475673913","4","99.05981555648071","0",,"4.188092078623995","4.595723865220954",
"red_bean","late_2010_2012","1983","4","17.8778890349095","56.821614411553924","4","85.41729307798235","0",,"4.03991678875655","4.447548575353508",
"red_bean","late_2010_2012","1984","4","21.56988100304895","69.37136385241682","4","104.28274836549458","0",,"4.239474157754857","4.647105944351816",
"red_bean","late_2010_2012","1985","4","25.9603579381337","80.58542366698009","4","121.14032349239565","0",,"4.3893177853534295","4.796949571950388",
"red_bean","late_2010_2012","1986","4","32.44628977405436","104.66914409799728","4","157.34426151436935","0",,"4.650804366686109","5.0584361532830675",
"red_bean","late_2010_2012","1987","4","33.94304327465143","106.68521304932787","4","160.37492430465804","0",,"4.669882564349068","5.077514350946028",
"red_bean","late_2010_2012","1988","4","31.58149886259827","86.65632005791457","4","130.26641999001777","0",,"4.461949951273448","4.869581737870407",
"red_bean","late_2010_2012","1989","4","28.870711967072456","75.2677722194357","4","113.14654512327743","0",,"4.321052051417465","4.728683838014424",
"red_bean","late_2010_2012","1990","4","39.41450884905629","91.7200712598644","4","137.87852191584733","0",,"4.51874123491771","4.926373021514669",
"red_bean","late_2010_2012","1991","4","45.08554155687409","96.15411917864725","4","144.54402015138285","0",,"4.56595231228871","4.973584098885669",
"red_bean","late_2010_2012","1992","4","43.006717250489274","87.7609205765132","4","131.9269146311564","0",,"4.474616305616985","4.882248092213945",
"red_bean","late_2010_2012","1993","4","44.45357896773311","91.71594496400078","4","137.87231904697848","0",,"4.518696245978795","4.926328032575754",
"red_bean","late_2010_2012","1994","4","56.87663302268882","108.46101408248816","4","163.04440349613262","0",,"4.6863907911985265","5.094022577795485",
"red_bean","late_2010_2012","1995","4","74.70463027424509","128.41315162448407","4","193.0375249096337","0",,"4.855252812992539","5.262884599589498",
"red_bean","late_2010_2012","1996","4","67.30401574351511","110.3909607761531","4","165.9456026976136","0",,"4.70402825346329","5.111660040060248",
"red_bean","late_2010_2012","1997","4","63.26278129190301","106.5929835494686","4","160.23627998239613","0",,"4.669017689204031","5.07664947580099",
"red_bean","late_2010_2012","1998","4","68.45152676063952","116.38179864757677","4","174.95135094228192","0",,"4.756876154063357","5.164507940660316",
"red_bean","late_2010_2012","1999","4","71.91069040646389","114.38774538555323","4","171.95378331490497","0",,"4.739593952452206","5.147225739049166",
"red_bean","late_2010_2012","2000","4","83.90134900569156","127.9320431139466","4","192.3142968374912","0",,"4.851499209763024","5.259130996359984",
"red_bean","late_2010_2012","2001","4","69.53251539995964","102.10593121076391","4","153.49110266491658","0",,"4.626010815655362","5.03364260225232",
"red_bean","late_2010_2012","2002","4","62.54766573050663","88.82394868641647","4","133.52491540170962","0",,"4.486656306052263","4.894288092649221",
"red_bean","late_2010_2012","2003","4","83.81819603343615","111.8691311193125","4","168.1676675003897","0",,"4.717329715950269","5.124961502547228",
"red_bean","late_2010_2012","2004","4","85.36484131738648","111.99472235144933","4","168.35646296483668","0",,"4.7184517483227655","5.126083534919724",
"red_bean","late_2010_2012","2005","4","65.875","91.39574633601417","4","139.91880962141184","4","91.39574633601417","4.515198938383851","4.94106232310849","4.515198938383851"
"red_bean","late_2010_2012","2006","4","66.275","93.72497137599937","4","143.43300425855557","4","93.72497137599937","4.540364657217815","4.965868056903923","4.540364657217815"
"red_bean","late_2010_2012","2007","4","79.525","110.38111918234421","4","168.99069292190927","4","110.38111918234421","4.703939097318027","5.129843641938592","4.703939097318027"
"red_bean","late_2010_2012","2008","4","102.17500000000001","142.68227094317837","4","218.4042476355741","4","142.68227094317837","4.960620276702535","5.386347692562457","4.960620276702535"
"red_bean","late_2010_2012","2009","4","72.95","101.9298214299595","4","156.03831618443184","4","101.9298214299595","4.624284551289839","5.0501015936575975","4.624284551289839"
"red_bean","late_2010_2012","2010","4","83.825","109.7028740873848","4","167.82111751465638","4","109.7028740873848","4.697775566458355","5.122898635427358","4.697775566458355"
"red_bean","late_2010_2012","2011","4","137.175","167.53270979908388","4","250.29709273840032","4","167.53270979908388","5.121178614582589","5.522648583262004","5.121178614582589"
"red_bean","late_2010_2012","2012","4","162.175","184.61531914821003","4","276.8325172239124","4","184.61531914821003","5.218274304260575","5.623412692363721","5.218274304260575"
"red_bean","late_2010_2012","2013","4","177.1","206.15918840427767","0",,"4","206.15918840427767","5.328648629608953",,"5.328648629608953"
"red_bean","late_2010_2012","2014","4","102.975","122.83938895099077","0",,"4","122.83938895099077","4.810877721211428",,"4.810877721211428"
"red_bean","late_2010_2012","2015","4","72.925","85.50954697145757","0",,"4","85.50954697145757","4.448628030194031",,"4.448628030194031"
"red_bean","late_2010_2012","2016","4","88.575","102.29419254131652","0",,"4","102.29419254131652","4.627852902444079",,"4.627852902444079"
"red_bean","late_2010_2012","2017","4","147.15","158.8938162682704","0",,"4","158.8938162682704","5.068236156915512",,"5.068236156915512"
"red_bean","late_2010_2012","2018","4","107.72500000000001","116.78156765595548","0",,"4","116.78156765595548","4.76030524677587",,"4.76030524677587"
"red_bean","late_2010_2012","2019","4","145.35","156.84314532090912","0",,"4","156.84314532090912","5.055246231551719",,"5.055246231551719"
"red_bean","late_2010_2012","2020","4","100","99.81918504070734","0",,"4","99.81918504070734","4.603360399719489",,"4.603360399719489"
"red_bean","late_2010_2012","2021","4","187.175","164.9368271962985","0",,"4","164.9368271962985","5.105562535111902",,"5.105562535111902"
"red_bean","late_2010_2012","2022","4","130.8","118.91128635275352","0",,"4","118.91128635275352","4.7783777222595605",,"4.7783777222595605"
"red_bean","late_2010_2012","2023","4","179.225","164.10321500557203","0",,"4","164.10321500557203","5.100495589650455",,"5.100495589650455"
"red_bean","late_2010_2012","2024","4","158.45","134.7063705265916","0",,"4","134.7063705265916","4.903097376482034",,"4.903097376482034"
"red_pepper","early_2005_2006","1980","4","42.86581610374756","192.81021904447414","4","365.23717986655925","0",,"5.261706384114526","5.900546950402371",
"red_pepper","early_2005_2006","1981","4","30.354488004501043","104.95617140496105","4","198.81672373753685","0",,"4.653542847824705","5.2923834141125505",
"red_pepper","early_2005_2006","1982","4","27.305841600570723","88.22470546080955","4","167.12258705349677","0",,"4.479887031055444","5.118727597343289",
"red_pepper","early_2005_2006","1983","4","23.94045271311517","75.13567406380953","4","142.3282533386306","0",,"4.319295466806444","4.958136033094289",
"red_pepper","early_2005_2006","1984","4","33.66708647803572","108.12055108467693","4","204.81095535022897","0",,"4.683246818367852","5.322087384655697",
"red_pepper","early_2005_2006","1985","4","50.04531239698607","155.04980121943157","4","293.70825061504326","0",,"5.043746363503918","5.682586929791763",
"red_pepper","early_2005_2006","1986","4","34.155397806803784","109.61193258440487","4","207.63605443348942","0",,"4.696946242532877","5.335786808820723",
"red_pepper","early_2005_2006","1987","4","29.69460783049015","92.64729453651444","4","175.50022372505987","0",,"4.528799751403929","5.167640317691774",
"red_pepper","early_2005_2006","1988","4","34.57772111817076","95.07122611804823","4","180.0918368637011","0",,"4.55462635929049","5.193466925578335",
"red_pepper","early_2005_2006","1989","4","16.10107624586577","41.995823330696126","4","79.55198721048961","0",,"3.7375701688312004","4.3764107351190455",
"red_pepper","early_2005_2006","1990","4","28.07130260242336","65.07763986808676","4","123.27548703375003","0",,"4.175581016605455","4.8144215828933",
"red_pepper","early_2005_2006","1991","4","44.76627100489893","95.46908205097888","4","180.84548871709816","0",,"4.558802446911647","5.197643013199492",
"red_pepper","early_2005_2006","1992","4","56.84207818929826","115.8219930689662","4","219.3996683613319","0",,"4.752054469981185","5.39089503626903",
"red_pepper","early_2005_2006","1993","4","54.268545510655784","112.12015887381968","4","212.38734563036166","0",,"4.719571143293619","5.358411709581464",
"red_pepper","early_2005_2006","1994","4","49.820953137822364","95.17857534356169","4","180.29518670989543","0",,"4.555754867557846","5.1945954338456914",
"red_pepper","early_2005_2006","1995","4","60.4978143533186","104.01118808266992","4","197.02665760221998","0",,"4.644498471073285","5.28333903736113",
"red_pepper","early_2005_2006","1996","4","61.751586683939294","101.23911390745985","4","191.77556375899837","0",,"4.617485183242926","5.256325749530771",
"red_pepper","early_2005_2006","1997","4","48.48799518632036","81.70558990744108","4","154.7735352670491","0",,"4.403122419445141","5.041962985732986",
"red_pepper","early_2005_2006","1998","4","55.9842339630841","94.91334741733874","4","179.79276987599735","0",,"4.552964342905539","5.191804909193385",
"red_pepper","early_2005_2006","1999","4","60.95973047512623","97.21240138832391","4","184.14782944122686","0",,"4.576898289627582","5.215738855915427",
"red_pepper","early_2005_2006","2000","4","54.849240063785366","83.78399588306489","4","158.71062501735716","0",,"4.428242009333357","5.067082575621203",
"red_pepper","early_2005_2006","2001","4","63.77082001641263","93.59120718362037","4","177.28826169824342","0",,"4.53893643872494","5.177777005012785",
"red_pepper","early_2005_2006","2002","4","48.34282154803797","68.6442400010304","4","130.03163813779267","0",,"4.228937224848705","4.86777779113655",
"red_pepper","early_2005_2006","2003","4","54.94162328814689","73.12131275658567","4","138.51248233474487","0",,"4.292119880439133","4.930960446726978",
"red_pepper","early_2005_2006","2004","4","61.67240106305799","81.0882507450279","4","153.60411999529447","0",,"4.395538076952031","5.034378643239877",
"red_pepper","early_2005_2006","2005","4","57.025000000000006","78.8902694477523","4","149.44538203586308","4","78.8902694477523","4.368057892587949","5.006930988525964","4.368057892587949"
"red_pepper","early_2005_2006","2006","4","61.875","87.49392208243107","4","165.76094107610905","4","87.49392208243107","4.471569329035905","5.110546636396394","4.471569329035905"
"red_pepper","early_2005_2006","2007","4","62.275","86.24478294477126","4","163.38719648814083","4","86.24478294477126","4.457189566485166","5.09612282249012","4.457189566485166"
"red_pepper","early_2005_2006","2008","4","58.8","82.40364769055586","4","156.1536952624316","4","82.40364769055586","4.411629704024893","5.050840748274131","4.411629704024893"
"red_pepper","early_2005_2006","2009","4","69.2","96.83885122009255","4","183.46256439080207","4","96.83885122009255","4.5730482693403935","5.212010637912535","4.5730482693403935"
"red_pepper","early_2005_2006","2010","4","73.025","95.77271807374484","4","181.57861401298524","4","95.77271807374484","4.561977864395743","5.201688694986764","4.561977864395743"
"red_pepper","early_2005_2006","2011","4","111.8","136.2702370583752","4","274.79442204360373","4","136.2702370583752","4.914639951382842","5.616023261902021","4.914639951382842"
"red_pepper","early_2005_2006","2012","4","134.375","152.56072906941804","4","288.82107007025496","4","152.56072906941804","5.02756274018359","5.665807361664394","5.02756274018359"
"red_pepper","early_2005_2006","2013","4","89.3","103.71852552269694","0",,"4","103.71852552269694","4.6416807446293555",,"4.6416807446293555"
"red_pepper","early_2005_2006","2014","4","71.675","85.54043150688176","0",,"4","85.54043150688176","4.448989147290152",,"4.448989147290152"
"red_pepper","early_2005_2006","2015","4","75.425","88.8004946874398","0",,"4","88.8004946874398","4.48639222078711",,"4.48639222078711"
"red_pepper","early_2005_2006","2016","4","57.474999999999994","66.42072035082803","0",,"4","66.42072035082803","4.196009061280154",,"4.196009061280154"
"red_pepper","early_2005_2006","2017","4","92.525","102.30886543684696","0",,"4","102.30886543684696","4.627996330364469",,"4.627996330364469"
"red_pepper","early_2005_2006","2018","4","105.225","113.89221454343969","0",,"4","113.89221454343969","4.735252514679178",,"4.735252514679178"
"red_pepper","early_2005_2006","2019","4","101.9","111.26492456649987","0",,"4","111.26492456649987","4.711914065455327",,"4.711914065455327"
"red_pepper","early_2005_2006","2020","4","99.975","98.4986751031351","0",,"4","98.4986751031351","4.590043097357988",,"4.590043097357988"
"red_pepper","early_2005_2006","2021","4","114.75","101.96900703911267","0",,"4","101.96900703911267","4.62466891455401",,"4.62466891455401"
"red_pepper","early_2005_2006","2022","4","108.3","99.63248140738166","0",,"4","99.63248140738166","4.601488229973466",,"4.601488229973466"
"red_pepper","early_2005_2006","2023","4","133.5","121.56072116892854","0",,"4","121.56072116892854","4.800413900648044",,"4.800413900648044"
"red_pepper","early_2005_2006","2024","4","114.675","98.5212402129562","0",,"4","98.5212402129562","4.590272161611555",,"4.590272161611555"
"red_pepper","full_2005_2012","1980","4","42.60984895057552","191.65888011389498","4","365.23717986655925","0",,"5.255717125811281","5.900546950402371",
"red_pepper","full_2005_2012","1981","4","30.173230476084882","104.32944048404863","4","198.81672373753685","0",,"4.64755358952146","5.2923834141125505",
"red_pepper","full_2005_2012","1982","4","27.142788632617226","87.69788412042986","4","167.12258705349677","0",,"4.473897772752199","5.118727597343289",
"red_pepper","full_2005_2012","1983","4","23.797495688529555","74.68701202165389","4","142.3282533386306","0",,"4.313306208503199","4.958136033094289",
"red_pepper","full_2005_2012","1984","4","33.46604823673589","107.47492451842763","4","204.81095535022897","0",,"4.677257560064607","5.322087384655697",
"red_pepper","full_2005_2012","1985","4","49.74647389796255","154.12394327887648","4","293.70825061504326","0",,"5.037757105200673","5.682586929791763",
"red_pepper","full_2005_2012","1986","4","33.95144368352508","108.95740044463622","4","207.63605443348942","0",,"4.690956984229633","5.335786808820723",
"red_pepper","full_2005_2012","1987","4","29.517290683126514","92.09406433149029","4","175.50022372505987","0",,"4.522810493100684","5.167640317691774",
"red_pepper","full_2005_2012","1988","4","34.37124515101843","94.50352174869448","4","180.0918368637011","0",,"4.5486371009872455","5.193466925578335",
"red_pepper","full_2005_2012","1989","4","16.004930948184153","41.745051216220176","4","79.55198721048961","0",,"3.731580910527956","4.3764107351190455",
"red_pepper","full_2005_2012","1990","4","27.90367879244893","64.68903795340788","4","123.27548703375003","0",,"4.16959175830221","4.8144215828933",
"red_pepper","full_2005_2012","1991","4","44.49895555429562","94.89900194123845","4","180.84548871709816","0",,"4.552813188608402","5.197643013199492",
"red_pepper","full_2005_2012","1992","4","56.502653765433735","115.13037843205312","4","219.3996683613319","0",,"4.74606521167794","5.39089503626903",
"red_pepper","full_2005_2012","1993","4","53.944488572896105","111.45064921580526","4","212.38734563036166","0",,"4.713581884990374","5.358411709581464",
"red_pepper","full_2005_2012","1994","4","49.52345436835671","94.61022995350314","4","180.29518670989543","0",,"4.549765609254601","5.1945954338456914",
"red_pepper","full_2005_2012","1995","4","60.136560218423085","103.39009999590338","4","197.02665760221998","0",,"4.63850921277004","5.28333903736113",
"red_pepper","full_2005_2012","1996","4","61.38284582504398","100.63457886924118","4","191.77556375899837","0",,"4.611495924939681","5.256325749530771",
"red_pepper","full_2005_2012","1997","4","48.19845598658081","81.21769654280217","4","154.7735352670491","0",,"4.397133161141896","5.041962985732986",
"red_pepper","full_2005_2012","1998","4","55.649932034587856","94.3465857982984","4","179.79276987599735","0",,"4.546975084602295","5.191804909193385",
"red_pepper","full_2005_2012","1999","4","60.59571807349394","96.63191129392882","4","184.14782944122686","0",,"4.570909031324338","5.215738855915427",
"red_pepper","full_2005_2012","2000","4","54.521715590699465","83.28369161134262","4","158.71062501735716","0",,"4.422252751030113","5.067082575621203",
"red_pepper","full_2005_2012","2001","4","63.39002159149659","93.03234053783565","4","177.28826169824342","0",,"4.5329471804216945","5.177777005012785",
"red_pepper","full_2005_2012","2002","4","48.054149232129966","68.2343406385128","4","130.03163813779267","0",,"4.22294796654546","4.86777779113655",
"red_pepper","full_2005_2012","2003","4","54.61354716171363","72.68467918784161","4","138.51248233474487","0",,"4.286130622135888","4.930960446726978",
"red_pepper","full_2005_2012","2004","4","61.304133049888975","80.60404373381249","4","153.60411999529447","0",,"4.3895488186487865","5.034378643239877",
"red_pepper","full_2005_2012","2005","4","57.025000000000006","78.8902694477523","4","149.44538203586308","4","78.8902694477523","4.368057892587949","5.006930988525964","4.368057892587949"
"red_pepper","full_2005_2012","2006","4","61.875","87.49392208243107","4","165.76094107610905","4","87.49392208243107","4.471569329035905","5.110546636396394","4.471569329035905"
"red_pepper","full_2005_2012","2007","4","62.275","86.24478294477126","4","163.38719648814083","4","86.24478294477126","4.457189566485166","5.09612282249012","4.457189566485166"
"red_pepper","full_2005_2012","2008","4","58.8","82.40364769055586","4","156.1536952624316","4","82.40364769055586","4.411629704024893","5.050840748274131","4.411629704024893"
"red_pepper","full_2005_2012","2009","4","69.2","96.83885122009255","4","183.46256439080207","4","96.83885122009255","4.5730482693403935","5.212010637912535","4.5730482693403935"
"red_pepper","full_2005_2012","2010","4","73.025","95.77271807374484","4","181.57861401298524","4","95.77271807374484","4.561977864395743","5.201688694986764","4.561977864395743"
"red_pepper","full_2005_2012","2011","4","111.8","136.2702370583752","4","274.79442204360373","4","136.2702370583752","4.914639951382842","5.616023261902021","4.914639951382842"
"red_pepper","full_2005_2012","2012","4","134.375","152.56072906941804","4","288.82107007025496","4","152.56072906941804","5.02756274018359","5.665807361664394","5.02756274018359"
"red_pepper","full_2005_2012","2013","4","89.3","103.71852552269694","0",,"4","103.71852552269694","4.6416807446293555",,"4.6416807446293555"
"red_pepper","full_2005_2012","2014","4","71.675","85.54043150688176","0",,"4","85.54043150688176","4.448989147290152",,"4.448989147290152"
"red_pepper","full_2005_2012","2015","4","75.425","88.8004946874398","0",,"4","88.8004946874398","4.48639222078711",,"4.48639222078711"
"red_pepper","full_2005_2012","2016","4","57.474999999999994","66.42072035082803","0",,"4","66.42072035082803","4.196009061280154",,"4.196009061280154"
"red_pepper","full_2005_2012","2017","4","92.525","102.30886543684696","0",,"4","102.30886543684696","4.627996330364469",,"4.627996330364469"
"red_pepper","full_2005_2012","2018","4","105.225","113.89221454343969","0",,"4","113.89221454343969","4.735252514679178",,"4.735252514679178"
"red_pepper","full_2005_2012","2019","4","101.9","111.26492456649987","0",,"4","111.26492456649987","4.711914065455327",,"4.711914065455327"
"red_pepper","full_2005_2012","2020","4","99.975","98.4986751031351","0",,"4","98.4986751031351","4.590043097357988",,"4.590043097357988"
"red_pepper","full_2005_2012","2021","4","114.75","101.96900703911267","0",,"4","101.96900703911267","4.62466891455401",,"4.62466891455401"
"red_pepper","full_2005_2012","2022","4","108.3","99.63248140738166","0",,"4","99.63248140738166","4.601488229973466",,"4.601488229973466"
"red_pepper","full_2005_2012","2023","4","133.5","121.56072116892854","0",,"4","121.56072116892854","4.800413900648044",,"4.800413900648044"
"red_pepper","full_2005_2012","2024","4","114.675","98.5212402129562","0",,"4","98.5212402129562","4.590272161611555",,"4.590272161611555"
"red_pepper","late_2010_2012","1980","4","42.19372703724229","189.78716590076067","4","365.23717986655925","0",,"5.245903264820855","5.900546950402371",
"red_pepper","late_2010_2012","1981","4","29.878562865042266","103.3105735445867","4","198.81672373753685","0",,"4.6377397285310344","5.2923834141125505",
"red_pepper","late_2010_2012","1982","4","26.877715899031497","86.84143866863306","4","167.12258705349677","0",,"4.464083911761773","5.118727597343289",
"red_pepper","late_2010_2012","1983","4","23.56509262486377","73.95762895391194","4","142.3282533386306","0",,"4.303492347512773","4.958136033094289",
"red_pepper","late_2010_2012","1984","4","33.13922342118383","106.42533921532487","4","204.81095535022897","0",,"4.667443699074181","5.322087384655697",
"red_pepper","late_2010_2012","1985","4","49.26065668880011","152.6187900866636","4","293.70825061504326","0",,"5.027943244210247","5.682586929791763",
"red_pepper","late_2010_2012","1986","4","33.61987856292582","107.89333748591915","4","207.63605443348942","0",,"4.681143123239206","5.335786808820723",
"red_pepper","late_2010_2012","1987","4","29.22902888971526","91.19468638953363","4","175.50022372505987","0",,"4.512996632110258","5.167640317691774",
"red_pepper","late_2010_2012","1988","4","34.035580307135106","93.58061337761791","4","180.0918368637011","0",,"4.538823239996819","5.193466925578335",
"red_pepper","late_2010_2012","1989","4","15.84862899797894","41.33737479839395","4","79.55198721048961","0",,"3.7217670495375295","4.3764107351190455",
"red_pepper","late_2010_2012","1990","4","27.631175310410825","64.05729372272353","4","123.27548703375003","0",,"4.159777897311784","4.8144215828933",
"red_pepper","late_2010_2012","1991","4","44.06438488618407","93.97223136509756","4","180.84548871709816","0",,"4.542999327617976","5.197643013199492",
"red_pepper","late_2010_2012","1992","4","55.95085663466827","114.00603102093007","4","219.3996683613319","0",,"4.736251350687514","5.39089503626903",
"red_pepper","late_2010_2012","1993","4","53.41767413089295","110.36223753315166","4","212.38734563036166","0",,"4.703768023999947","5.358411709581464",
"red_pepper","late_2010_2012","1994","4","49.03981513718894","93.6862794848025","4","180.29518670989543","0",,"4.539951748264175","5.1945954338456914",
"red_pepper","late_2010_2012","1995","4","59.54927485797989","102.3804065262102","4","197.02665760221998","0",,"4.628695351779614","5.28333903736113",
"red_pepper","late_2010_2012","1996","4","60.7833894111012","99.65179543916788","4","191.77556375899837","0",,"4.601682063949255","5.256325749530771",
"red_pepper","late_2010_2012","1997","4","47.72775650702838","80.42453570993675","4","154.7735352670491","0",,"4.38731930015147","5.041962985732986",
"red_pepper","late_2010_2012","1998","4","55.10646246674317","93.42521004208805","4","179.79276987599735","0",,"4.537161223611868","5.191804909193385",
"red_pepper","late_2010_2012","1999","4","60.00394864070879","95.6882173638396","4","184.14782944122686","0",,"4.561095170333911","5.215738855915427",
"red_pepper","late_2010_2012","2000","4","53.98926402918072","82.47035455532618","4","158.71062501735716","0",,"4.412438890039686","5.067082575621203",
"red_pepper","late_2010_2012","2001","4","62.77096337560184","92.12379951973966","4","177.28826169824342","0",,"4.523133319431269","5.177777005012785",
"red_pepper","late_2010_2012","2002","4","47.58485903245644","67.56797347033853","4","130.03163813779267","0",,"4.213134105555034","4.86777779113655",
"red_pepper","late_2010_2012","2003","4","54.0801987857265","71.9748506266388","4","138.51248233474487","0",,"4.276316761145462","4.930960446726978",
"red_pepper","late_2010_2012","2004","4","60.705445334061956","79.81687574972003","4","153.60411999529447","0",,"4.37973495765836","5.034378643239877",
"red_pepper","late_2010_2012","2005","4","57.025000000000006","78.8902694477523","4","149.44538203586308","4","78.8902694477523","4.368057892587949","5.006930988525964","4.368057892587949"
"red_pepper","late_2010_2012","2006","4","61.875","87.49392208243107","4","165.76094107610905","4","87.49392208243107","4.471569329035905","5.110546636396394","4.471569329035905"
"red_pepper","late_2010_2012","2007","4","62.275","86.24478294477126","4","163.38719648814083","4","86.24478294477126","4.457189566485166","5.09612282249012","4.457189566485166"
"red_pepper","late_2010_2012","2008","4","58.8","82.40364769055586","4","156.1536952624316","4","82.40364769055586","4.411629704024893","5.050840748274131","4.411629704024893"
"red_pepper","late_2010_2012","2009","4","69.2","96.83885122009255","4","183.46256439080207","4","96.83885122009255","4.5730482693403935","5.212010637912535","4.5730482693403935"
"red_pepper","late_2010_2012","2010","4","73.025","95.77271807374484","4","181.57861401298524","4","95.77271807374484","4.561977864395743","5.201688694986764","4.561977864395743"
"red_pepper","late_2010_2012","2011","4","111.8","136.2702370583752","4","274.79442204360373","4","136.2702370583752","4.914639951382842","5.616023261902021","4.914639951382842"
"red_pepper","late_2010_2012","2012","4","134.375","152.56072906941804","4","288.82107007025496","4","152.56072906941804","5.02756274018359","5.665807361664394","5.02756274018359"
"red_pepper","late_2010_2012","2013","4","89.3","103.71852552269694","0",,"4","103.71852552269694","4.6416807446293555",,"4.6416807446293555"
"red_pepper","late_2010_2012","2014","4","71.675","85.54043150688176","0",,"4","85.54043150688176","4.448989147290152",,"4.448989147290152"
"red_pepper","late_2010_2012","2015","4","75.425","88.8004946874398","0",,"4","88.8004946874398","4.48639222078711",,"4.48639222078711"
"red_pepper","late_2010_2012","2016","4","57.474999999999994","66.42072035082803","0",,"4","66.42072035082803","4.196009061280154",,"4.196009061280154"
"red_pepper","late_2010_2012","2017","4","92.525","102.30886543684696","0",,"4","102.30886543684696","4.627996330364469",,"4.627996330364469"
"red_pepper","late_2010_2012","2018","4","105.225","113.89221454343969","0",,"4","113.89221454343969","4.735252514679178",,"4.735252514679178"
"red_pepper","late_2010_2012","2019","4","101.9","111.26492456649987","0",,"4","111.26492456649987","4.711914065455327",,"4.711914065455327"
"red_pepper","late_2010_2012","2020","4","99.975","98.4986751031351","0",,"4","98.4986751031351","4.590043097357988",,"4.590043097357988"
"red_pepper","late_2010_2012","2021","4","114.75","101.96900703911267","0",,"4","101.96900703911267","4.62466891455401",,"4.62466891455401"
"red_pepper","late_2010_2012","2022","4","108.3","99.63248140738166","0",,"4","99.63248140738166","4.601488229973466",,"4.601488229973466"
"red_pepper","late_2010_2012","2023","4","133.5","121.56072116892854","0",,"4","121.56072116892854","4.800413900648044",,"4.800413900648044"
"red_pepper","late_2010_2012","2024","4","114.675","98.5212402129562","0",,"4","98.5212402129562","4.590272161611555",,"4.590272161611555"
"rice","early_2005_2006","1980","4","25.53189973433211","114.05627268030773","4","146.07765796725687","0",,"4.736691946606919","4.984138384182928",
"rice","early_2005_2006","1981","4","31.329280637311193","107.3423290396243","4","137.47876954395912","0",,"4.676023064292536","4.923469501868546",
"rice","early_2005_2006","1982","4","31.836795463834612","102.93515685151917","4","131.834280412692","0",,"4.63409924485201","4.88154568242802",
"rice","early_2005_2006","1983","4","33.027503326062636","104.54990849424186","4","133.9023748070167","0",,"4.649664550639844","4.897110988215854",
"rice","early_2005_2006","1984","4","33.613097356666586","108.07674346479332","4","138.41937137746598","0",,"4.682841562413336","4.930287999989346",
"rice","early_2005_2006","1985","4","35.89691407602198","111.35950041925159","4","142.62376484319935","0",,"4.712763710398349","4.960210147974359",
"rice","early_2005_2006","1986","4","39.176240647404086","126.35450069705358","4","161.8286228516609","0",,"4.839091454070816","5.0865378916468265",
"rice","early_2005_2006","1987","4","39.996072290249614","125.61674427969027","4","160.8837407591098","0",,"4.833235559477277","5.080681997053287",
"rice","early_2005_2006","1988","4","44.485626524879876","121.82809230562154","4","156.03142186231196","0",,"4.802610971585108","5.050057409161118",
"rice","early_2005_2006","1989","4","46.144809611591064","120.34712849656052","4","154.1346763376859","0",,"4.790380304339621","5.037826741915631",
"rice","early_2005_2006","1990","4","50.77100245336224","118.41970768195708","4","151.66613066371156","0",,"4.774235158615168","5.021681596191177",
"rice","early_2005_2006","1991","4","52.0983489227312","111.1027285967477","4","142.29490413627016","0",,"4.710455256170708","4.957901693746718",
"rice","early_2005_2006","1992","4","53.99176962168396","110.13425507444201","4","141.05453093611965","0",,"4.701700122263685","4.949146559839694",
"rice","early_2005_2006","1993","4","55.94374972369712","115.47647224405912","4","147.8965796384956","0",,"4.749066805696829","4.996513243272839",
"rice","early_2005_2006","1994","4","57.856690223670014","110.75635962056177","4","141.85129180663026","0",,"4.707332830487085","4.9547792680630955",
"rice","early_2005_2006","1995","4","60.374744555266986","103.84208424847732","4","132.99582836600212","0",,"4.642871324484674","4.8903177620606835",
"rice","early_2005_2006","1996","4","72.65269939692975","119.17416404658026","4","152.6324012264149","0",,"4.78058598656308","5.028032424139091",
"rice","early_2005_2006","1997","4","73.53109044283568","123.91006891199626","4","158.69791498412644","0",,"4.819556051773806","5.067002489349816",
"rice","early_2005_2006","1998","4","77.23985263666067","131.2400412774508","4","168.08578266512234","0",,"4.877028022611678","5.124474460187688",
"rice","early_2005_2006","1999","4","82.84203552943843","131.73869597569998","4","168.72443504909756","0",,"4.880820384694602","5.1282668222706125",
"rice","early_2005_2006","2000","4","85.98472349367962","131.352782508776","4","168.23017608287398","0",,"4.877886699833903","5.125333137409912",
"rice","early_2005_2006","2001","4","84.91113443757239","124.7168267933445","4","159.7311707541471","0",,"4.826045781781083","5.073492219357093",
"rice","early_2005_2006","2002","4","82.27596129985463","116.83530280650461","4","149.63690291464485","0",,"4.760765274781471","5.008211712357481",
"rice","early_2005_2006","2003","4","84.0522631926866","112.36006895636781","4","143.90524375797455","0",,"4.721708615945073","4.969155053521083",
"rice","early_2005_2006","2004","4","86.45319871816278","113.7218566661541","4","145.6493544028292","0",,"4.733755613295266","4.981202050871275",
"rice","early_2005_2006","2005","4","79.275","109.92192529730968","4","140.7723543265658","4","109.92192529730968","4.699770343761964","4.947144077332865","4.699770343761964"
"rice","early_2005_2006","2006","4","74.325","105.10885455800138","4","134.62935828030447","4","105.10885455800138","4.654996523220955","4.902525508436699","4.654996523220955"
"rice","early_2005_2006","2007","4","76.975","106.88160241604872","4","136.97707088531627","4","106.88160241604872","4.671721702341073","4.919813546020295","4.671721702341073"
"rice","early_2005_2006","2008","4","80.825","113.08481869189742","4","144.8809974883406","4","113.08481869189742","4.728138145040021","4.975912698479263","4.728138145040021"
"rice","early_2005_2006","2009","4","77.975","108.88226434496653","4","139.42704791677096","4","108.88226434496653","4.690267154829447","4.937541510471643","4.690267154829447"
"rice","early_2005_2006","2010","4","68.925","90.57539542159812","4","116.03704979412103","4","90.57539542159812","4.5061826024530705","4.753909534887616","4.5061826024530705"
"rice","early_2005_2006","2011","4","78.425","95.80610480280309","4","122.7445935626388","4","95.80610480280309","4.562326407401645","4.81010572140843","4.562326407401645"
"rice","early_2005_2006","2012","4","84.925","96.56848685016203","4","123.94626759138445","4","96.56848685016203","4.570252464912938","4.819848145816317","4.570252464912938"
"rice","early_2005_2006","2013","4","88.875","103.69818751757629","0",,"4","103.69818751757629","4.641484636949432",,"4.641484636949432"
"rice","early_2005_2006","2014","4","85.95","102.41581089420633","0",,"4","102.41581089420633","4.629041103950184",,"4.629041103950184"
"rice","early_2005_2006","2015","4","80.275","94.21883566594965","0",,"4","94.21883566594965","4.545620115585155",,"4.545620115585155"
"rice","early_2005_2006","2016","4","70.9","81.81962035428518","0",,"4","81.81962035428518","4.404517072479306",,"4.404517072479306"
"rice","early_2005_2006","2017","4","68.5","74.70386977792744","0",,"4","74.70386977792744","4.313531895053035",,"4.313531895053035"
"rice","early_2005_2006","2018","4","89.775","97.23232831506962","0",,"4","97.23232831506962","4.5771032520027095",,"4.5771032520027095"
"rice","early_2005_2006","2019","4","96.75","105.60361114499501","0",,"4","105.60361114499501","4.659692567136292",,"4.659692567136292"
"rice","early_2005_2006","2020","4","100","99.98523781433695","0",,"4","99.98523781433695","4.605022553234282",,"4.605022553234282"
"rice","early_2005_2006","2021","4","111.025","98.73486167996347","0",,"4","98.73486167996347","4.592438092586263",,"4.592438092586263"
"rice","early_2005_2006","2022","4","92.5","84.90519073069774","0",,"4","84.90519073069774","4.441535230796987",,"4.441535230796987"
"rice","early_2005_2006","2023","4","96.85","88.38862962335094","0",,"4","88.38862962335094","4.4817433372005615",,"4.4817433372005615"
"rice","early_2005_2006","2024","4","95.6","81.59977635395933","0",,"4","81.59977635395933","4.4018265212060035",,"4.4018265212060035"
"rice","full_2005_2012","1980","4","25.520946582067218","114.00734268549996","4","146.07765796725687","0",,"4.736262855842221","4.984138384182928",
"rice","full_2005_2012","1981","4","31.315840416068724","107.29627931803395","4","137.47876954395912","0",,"4.675593973527838","4.923469501868546",
"rice","full_2005_2012","1982","4","31.823137519381987","102.89099780114937","4","131.834280412692","0",,"4.633670154087312","4.88154568242802",
"rice","full_2005_2012","1983","4","33.0133345694631","104.50505671748678","4","133.9023748070167","0",,"4.649235459875147","4.897110988215854",
"rice","full_2005_2012","1984","4","33.59867738097841","108.03037868035578","4","138.41937137746598","0",,"4.682412471648639","4.930287999989346",
"rice","full_2005_2012","1985","4","35.881514345888085","111.3117273362877","4","142.62376484319935","0",,"4.712334619633651","4.960210147974359",
"rice","full_2005_2012","1986","4","39.159434090373786","126.30029477818778","4","161.8286228516609","0",,"4.838662363306119","5.0865378916468265",
"rice","full_2005_2012","1987","4","39.97891402649521","125.56285485738202","4","160.8837407591098","0",,"4.83280646871258","5.080681997053287",
"rice","full_2005_2012","1988","4","44.46654224811254","121.77582821015471","4","156.03142186231196","0",,"4.80218188082041","5.050057409161118",
"rice","full_2005_2012","1989","4","46.12501354740589","120.29549973266981","4","154.1346763376859","0",,"4.789951213574923","5.037826741915631",
"rice","full_2005_2012","1990","4","50.74922175837679","118.3689057791257","4","151.66613066371156","0",,"4.77380606785047","5.021681596191177",
"rice","full_2005_2012","1991","4","52.07599879781148","111.05506566856657","4","142.29490413627016","0",,"4.710026165406011","4.957901693746718",
"rice","full_2005_2012","1992","4","53.968607221710954","110.08700762016079","4","141.05453093611965","0",,"4.701271031498988","4.949146559839694",
"rice","full_2005_2012","1993","4","55.91974992676197","115.42693298545862","4","147.8965796384956","0",,"4.748637714932133","4.996513243272839",
"rice","full_2005_2012","1994","4","57.83186977771196","110.70884528422754","4","141.85129180663026","0",,"4.706903739722388","4.9547792680630955",
"rice","full_2005_2012","1995","4","60.348843867227764","103.79753612741652","4","132.99582836600212","0",,"4.642442233719977","4.8903177620606835",
"rice","full_2005_2012","1996","4","72.62153148199863","119.12303848293536","4","152.6324012264149","0",,"4.780156895798383","5.028032424139091",
"rice","full_2005_2012","1997","4","73.49954569927158","123.85691165123352","4","158.69791498412644","0",,"4.8191269610091085","5.067002489349816",
"rice","full_2005_2012","1998","4","77.20671683886849","131.18373946793724","4","168.08578266512234","0",,"4.8765989318469805","5.124474460187688",
"rice","full_2005_2012","1999","4","82.8064964023649","131.68218024395992","4","168.72443504909756","0",,"4.880391293929905","5.1282668222706125",
"rice","full_2005_2012","2000","4","85.94783615749702","131.29643233341864","4","168.23017608287398","0",,"4.877457609069205","5.125333137409912",
"rice","full_2005_2012","2001","4","84.87470766971897","124.66332343448457","4","159.7311707541471","0",,"4.825616691016386","5.073492219357093",
"rice","full_2005_2012","2002","4","82.24066501790011","116.78518061133427","4","149.63690291464485","0",,"4.760336184016773","5.008211712357481",
"rice","full_2005_2012","2003","4","84.01620487949653","112.31186663078381","4","143.90524375797455","0",,"4.721279525180376","4.969155053521083",
"rice","full_2005_2012","2004","4","86.41611040670927","113.67307013538783","4","145.6493544028292","0",,"4.733326522530568","4.981202050871275",
"rice","full_2005_2012","2005","4","79.275","109.92192529730968","4","140.7723543265658","4","109.92192529730968","4.699770343761964","4.947144077332865","4.699770343761964"
"rice","full_2005_2012","2006","4","74.325","105.10885455800138","4","134.62935828030447","4","105.10885455800138","4.654996523220955","4.902525508436699","4.654996523220955"
"rice","full_2005_2012","2007","4","76.975","106.88160241604872","4","136.97707088531627","4","106.88160241604872","4.671721702341073","4.919813546020295","4.671721702341073"
"rice","full_2005_2012","2008","4","80.825","113.08481869189742","4","144.8809974883406","4","113.08481869189742","4.728138145040021","4.975912698479263","4.728138145040021"
"rice","full_2005_2012","2009","4","77.975","108.88226434496653","4","139.42704791677096","4","108.88226434496653","4.690267154829447","4.937541510471643","4.690267154829447"
"rice","full_2005_2012","2010","4","68.925","90.57539542159812","4","116.03704979412103","4","90.57539542159812","4.5061826024530705","4.753909534887616","4.5061826024530705"
"rice","full_2005_2012","2011","4","78.425","95.80610480280309","4","122.7445935626388","4","95.80610480280309","4.562326407401645","4.81010572140843","4.562326407401645"
"rice","full_2005_2012","2012","4","84.925","96.56848685016203","4","123.94626759138445","4","96.56848685016203","4.570252464912938","4.819848145816317","4.570252464912938"
"rice","full_2005_2012","2013","4","88.875","103.69818751757629","0",,"4","103.69818751757629","4.641484636949432",,"4.641484636949432"
"rice","full_2005_2012","2014","4","85.95","102.41581089420633","0",,"4","102.41581089420633","4.629041103950184",,"4.629041103950184"
"rice","full_2005_2012","2015","4","80.275","94.21883566594965","0",,"4","94.21883566594965","4.545620115585155",,"4.545620115585155"
"rice","full_2005_2012","2016","4","70.9","81.81962035428518","0",,"4","81.81962035428518","4.404517072479306",,"4.404517072479306"
"rice","full_2005_2012","2017","4","68.5","74.70386977792744","0",,"4","74.70386977792744","4.313531895053035",,"4.313531895053035"
"rice","full_2005_2012","2018","4","89.775","97.23232831506962","0",,"4","97.23232831506962","4.5771032520027095",,"4.5771032520027095"
"rice","full_2005_2012","2019","4","96.75","105.60361114499501","0",,"4","105.60361114499501","4.659692567136292",,"4.659692567136292"
"rice","full_2005_2012","2020","4","100","99.98523781433695","0",,"4","99.98523781433695","4.605022553234282",,"4.605022553234282"
"rice","full_2005_2012","2021","4","111.025","98.73486167996347","0",,"4","98.73486167996347","4.592438092586263",,"4.592438092586263"
"rice","full_2005_2012","2022","4","92.5","84.90519073069774","0",,"4","84.90519073069774","4.441535230796987",,"4.441535230796987"
"rice","full_2005_2012","2023","4","96.85","88.38862962335094","0",,"4","88.38862962335094","4.4817433372005615",,"4.4817433372005615"
"rice","full_2005_2012","2024","4","95.6","81.59977635395933","0",,"4","81.59977635395933","4.4018265212060035",,"4.4018265212060035"
"rice","late_2010_2012","1980","4","25.509379933043682","113.95567207388261","4","146.07765796725687","0",,"4.735809531318883","4.984138384182928",
"rice","late_2010_2012","1981","4","31.30164739490452","107.24765030655068","4","137.47876954395912","0",,"4.675140649004501","4.923469501868546",
"rice","late_2010_2012","1982","4","31.808714580117925","102.84436535922875","4","131.834280412692","0",,"4.633216829563975","4.88154568242802",
"rice","late_2010_2012","1983","4","32.99837220696476","104.45769274889928","4","133.9023748070167","0",,"4.648782135351809","4.897110988215854",
"rice","late_2010_2012","1984","4","33.58344972836485","107.98141695904746","4","138.41937137746598","0",,"4.681959147125301","4.930287999989346",
"rice","late_2010_2012","1985","4","35.86525206182518","111.2612784362768","4","142.62376484319935","0",,"4.711881295110314","4.960210147974359",
"rice","late_2010_2012","1986","4","39.14168618166565","126.24305273285177","4","161.8286228516609","0",,"4.838209038782781","5.0865378916468265",
"rice","late_2010_2012","1987","4","39.96079471162577","125.50594703588494","4","160.8837407591098","0",,"4.832353144189241","5.080681997053287",
"rice","late_2010_2012","1988","4","44.446389042359755","121.72063675164326","4","156.03142186231196","0",,"4.801728556297072","5.050057409161118",
"rice","late_2010_2012","1989","4","46.10410868632666","120.24097919127671","4","154.1346763376859","0",,"4.789497889051586","5.037826741915631",
"rice","late_2010_2012","1990","4","50.726221105387324","118.31525841208762","4","151.66613066371156","0",,"4.773352743327132","5.021681596191177",
"rice","late_2010_2012","1991","4","52.05239682056085","111.00473309321544","4","142.29490413627016","0",,"4.709572840882673","4.957901693746718",
"rice","late_2010_2012","1992","4","53.94414747308779","110.03711378980856","4","141.05453093611965","0",,"4.700817706975649","4.949146559839694",
"rice","late_2010_2012","1993","4","55.89440587775474","115.37461898458828","4","147.8965796384956","0",,"4.748184390408794","4.996513243272839",
"rice","late_2010_2012","1994","4","57.80565911432835","110.6586696234978","4","141.85129180663026","0",,"4.7064504151990505","4.9547792680630955",
"rice","late_2010_2012","1995","4","60.321492456348714","103.75049282257542","4","132.99582836600212","0",,"4.641988909196638","4.8903177620606835",
"rice","late_2010_2012","1996","4","72.58861782170382","119.06904932652539","4","152.6324012264149","0",,"4.779703571275045","5.028032424139091",
"rice","late_2010_2012","1997","4","73.46623410380394","123.80077700036537","4","158.69791498412644","0",,"4.818673636485771","5.067002489349816",
"rice","late_2010_2012","1998","4","77.17172507267114","131.12428413907077","4","168.08578266512234","0",,"4.876145607323643","5.124474460187688",
"rice","late_2010_2012","1999","4","82.76896669406528","131.62249901087407","4","168.72443504909756","0",,"4.879937969406567","5.1282668222706125",
"rice","late_2010_2012","2000","4","85.90888272557908","131.23692592969024","4","168.23017608287398","0",,"4.877004284545867","5.125333137409912",
"rice","late_2010_2012","2001","4","84.83624060301224","124.60682330022672","4","159.7311707541471","0",,"4.825163366493047","5.073492219357093",
"rice","late_2010_2012","2002","4","82.20339175671188","116.73225102304733","4","149.63690291464485","0",,"4.759882859493436","5.008211712357481",
"rice","late_2010_2012","2003","4","83.9781269049588","112.2609644458543","4","143.90524375797455","0",,"4.720826200657038","4.969155053521083",
"rice","late_2010_2012","2004","4","86.37694474269914","113.62155102337307","4","145.6493544028292","0",,"4.73287319800723","4.981202050871275",
"rice","late_2010_2012","2005","4","79.275","109.92192529730968","4","140.7723543265658","4","109.92192529730968","4.699770343761964","4.947144077332865","4.699770343761964"
"rice","late_2010_2012","2006","4","74.325","105.10885455800138","4","134.62935828030447","4","105.10885455800138","4.654996523220955","4.902525508436699","4.654996523220955"
"rice","late_2010_2012","2007","4","76.975","106.88160241604872","4","136.97707088531627","4","106.88160241604872","4.671721702341073","4.919813546020295","4.671721702341073"
"rice","late_2010_2012","2008","4","80.825","113.08481869189742","4","144.8809974883406","4","113.08481869189742","4.728138145040021","4.975912698479263","4.728138145040021"
"rice","late_2010_2012","2009","4","77.975","108.88226434496653","4","139.42704791677096","4","108.88226434496653","4.690267154829447","4.937541510471643","4.690267154829447"
"rice","late_2010_2012","2010","4","68.925","90.57539542159812","4","116.03704979412103","4","90.57539542159812","4.5061826024530705","4.753909534887616","4.5061826024530705"
"rice","late_2010_2012","2011","4","78.425","95.80610480280309","4","122.7445935626388","4","95.80610480280309","4.562326407401645","4.81010572140843","4.562326407401645"
"rice","late_2010_2012","2012","4","84.925","96.56848685016203","4","123.94626759138445","4","96.56848685016203","4.570252464912938","4.819848145816317","4.570252464912938"
"rice","late_2010_2012","2013","4","88.875","103.69818751757629","0",,"4","103.69818751757629","4.641484636949432",,"4.641484636949432"
"rice","late_2010_2012","2014","4","85.95","102.41581089420633","0",,"4","102.41581089420633","4.629041103950184",,"4.629041103950184"
"rice","late_2010_2012","2015","4","80.275","94.21883566594965","0",,"4","94.21883566594965","4.545620115585155",,"4.545620115585155"
"rice","late_2010_2012","2016","4","70.9","81.81962035428518","0",,"4","81.81962035428518","4.404517072479306",,"4.404517072479306"
"rice","late_2010_2012","2017","4","68.5","74.70386977792744","0",,"4","74.70386977792744","4.313531895053035",,"4.313531895053035"
"rice","late_2010_2012","2018","4","89.775","97.23232831506962","0",,"4","97.23232831506962","4.5771032520027095",,"4.5771032520027095"
"rice","late_2010_2012","2019","4","96.75","105.60361114499501","0",,"4","105.60361114499501","4.659692567136292",,"4.659692567136292"
"rice","late_2010_2012","2020","4","100","99.98523781433695","0",,"4","99.98523781433695","4.605022553234282",,"4.605022553234282"
"rice","late_2010_2012","2021","4","111.025","98.73486167996347","0",,"4","98.73486167996347","4.592438092586263",,"4.592438092586263"
"rice","late_2010_2012","2022","4","92.5","84.90519073069774","0",,"4","84.90519073069774","4.441535230796987",,"4.441535230796987"
"rice","late_2010_2012","2023","4","96.85","88.38862962335094","0",,"4","88.38862962335094","4.4817433372005615",,"4.4817433372005615"
"rice","late_2010_2012","2024","4","95.6","81.59977635395933","0",,"4","81.59977635395933","4.4018265212060035",,"4.4018265212060035"
"sesame","early_2005_2006","1980","4","25.195203070812617","111.88620460097235","4","171.9689760386166","0",,"4.71748232443791","5.147314088675983",
"sesame","early_2005_2006","1981","4","29.74953287057216","102.7994989246838","4","158.00271919499096","0",,"4.632780478735682","5.062612242973755",
"sesame","early_2005_2006","1982","4","28.692277738485124","92.88372236385766","4","142.7621812942338","0",,"4.531348413716819","4.961180177954892",
"sesame","early_2005_2006","1983","4","28.773605056337974","90.91482389576291","4","139.7359864680728","0",,"4.50992306704878","4.939754831286853",
"sesame","early_2005_2006","1984","4","25.504246878653444","82.04531878694985","4","126.10356666286471","0",,"4.407271762733001","4.837103526971074",
"sesame","early_2005_2006","1985","4","31.636326644758256","98.29835054905448","4","151.0844589866352","0",,"4.588007247246871","5.017839011484944",
"sesame","early_2005_2006","1986","4","39.44374915863176","127.35709965740608","4","195.74772508765426","0",,"4.846994949046302","5.2768267132843745",
"sesame","early_2005_2006","1987","4","47.9343211424692","150.36170006624198","4","231.1057711541366","0",,"5.0130437252710704","5.442875489509143",
"sesame","early_2005_2006","1988","4","40.77751717141849","112.1194990983509","4","172.32754942997178","0",,"4.7195652587371155","5.149397022975188",
"sesame","early_2005_2006","1989","4","35.52377243812444","92.7005021643276","4","142.48057204477232","0",,"4.52937388964805","4.959205653886122",
"sesame","early_2005_2006","1990","4","44.925210381913786","104.69942952091459","4","160.92291047633333","0",,"4.65109366915978","5.080925433397853",
"sesame","early_2005_2006","1991","4","46.389102103265074","98.96440267936285","4","152.108180393988","0",,"4.5947602165788695","5.024591980816942",
"sesame","early_2005_2006","1992","4","46.03126190471254","93.89711570084961","4","144.31976576238503","0",,"4.542199669031582","4.972031433269655",
"sesame","early_2005_2006","1993","4","47.62527733462838","98.16461826543961","4","150.8789126106671","0",,"4.586645847639842","5.016477611877915",
"sesame","early_2005_2006","1994","4","57.05924620555885","109.27984897393719","4","167.963010245316","0",,"4.693912013811433","5.123743778049506",
"sesame","early_2005_2006","1995","4","53.789888027874326","92.4759035328789","4","142.13536418999118","0",,"4.526948108234494","4.956779872472567",
"sesame","early_2005_2006","1996","4","52.09827981653507","85.46183146896232","4","131.35474297762127","0",,"4.448069860701928","4.877901624940001",
"sesame","early_2005_2006","1997","4","53.52964061074521","90.21566424276745","4","138.66137883398653","0",,"4.502203073219233","4.932034837457306",
"sesame","early_2005_2006","1998","4","52.56997826008159","89.43815551000944","4","137.4663487486393","0",,"4.493547386542187","4.92337915078026",
"sesame","early_2005_2006","1999","4","53.46457875646293","85.02019834752599","4","130.67595334534266","0",,"4.442888855879299","4.872720620117372",
"sesame","early_2005_2006","2000","4","57.1405735234117","87.19523427338419","4","134.018981222202","0",,"4.468149676593251","4.897981440831323",
"sesame","early_2005_2006","2001","4","53.8549498821566","79.1224240294969","4","121.61108056683125","0",,"4.370996324225032","4.8008280884631045",
"sesame","early_2005_2006","2002","4","54.44050657069712","77.30897416166512","4","118.82381007195127","0",,"4.347810044089841","4.777641808327914",
"sesame","early_2005_2006","2003","4","71.06381033981945","94.45594262038712","4","145.17868213619903","0",,"4.548133510130108","4.977965274368181",
"sesame","early_2005_2006","2004","4","75.73199838457299","99.22460302376062","4","152.50810804325062","0",,"4.597385997892777","5.02721776213085",
"sesame","early_2005_2006","2005","4","68.975","95.47702204689885","4","146.76570055880453","4","95.47702204689885","4.55888561169746","4.988837441461016","4.55888561169746"
"sesame","early_2005_2006","2006","4","61.3","86.66496773685819","4","133.179589154952","4","86.66496773685819","4.462049739119024","4.89169851179224","4.462049739119024"
"sesame","early_2005_2006","2007","4","77.075","107.0076608561033","4","164.41576619540749","4","107.0076608561033","4.672900428684991","5.10239837945575","4.672900428684991"
"sesame","early_2005_2006","2008","4","81.275","113.47598927555673","4","174.41820989882774","4","113.47598927555673","4.731591266308993","5.161455920581557","4.731591266308993"
"sesame","early_2005_2006","2009","4","70.375","98.42466011735758","4","151.2553486658977","4","98.42466011735758","4.589291383609285","5.018969459366008","4.589291383609285"
"sesame","early_2005_2006","2010","4","83.825","110.03832610168861","4","169.0446360668214","4","110.03832610168861","4.700828724214834","5.130162798788448","4.700828724214834"
"sesame","early_2005_2006","2011","4","94.725","115.67658636876081","4","178.2578938279977","4","115.67658636876081","4.750798248714681","5.183231343463905","4.750798248714681"
"sesame","early_2005_2006","2012","4","97.375","110.68619763955974","4","170.02081901595372","4","110.68619763955974","4.706699149371604","5.135920894351788","4.706699149371604"
"sesame","early_2005_2006","2013","4","92.775","108.08416387916017","0",,"4","108.08416387916017","4.682910218808805",,"4.682910218808805"
"sesame","early_2005_2006","2014","4","85.525","101.97403378016699","0",,"4","101.97403378016699","4.6247182100929525",,"4.6247182100929525"
"sesame","early_2005_2006","2015","4","84.85","99.61230667503908","0",,"4","99.61230667503908","4.60128571795189",,"4.60128571795189"
"sesame","early_2005_2006","2016","4","87.325","100.83772993570895","0",,"4","100.83772993570895","4.613512590520406",,"4.613512590520406"
"sesame","early_2005_2006","2017","4","85.05","92.62223854782752","0",,"4","92.62223854782752","4.528529269923002",,"4.528529269923002"
"sesame","early_2005_2006","2018","4","82.975","89.86214128047254","0",,"4","89.86214128047254","4.498276732430803",,"4.498276732430803"
"sesame","early_2005_2006","2019","4","82.875","90.49550692417128","0",,"4","90.49550692417128","4.505300202226689",,"4.505300202226689"
"sesame","early_2005_2006","2020","4","100","99.51276731370086","0",,"4","99.51276731370086","4.60028595064348",,"4.60028595064348"
"sesame","early_2005_2006","2021","4","145.25","128.94079416710352","0",,"4","128.94079416710352","4.859353339062386",,"4.859353339062386"
"sesame","early_2005_2006","2022","4","133.075","121.98814654579004","0",,"4","121.98814654579004","4.803923880552233",,"4.803923880552233"
"sesame","early_2005_2006","2023","4","131.9","120.55091411946893","0",,"4","120.55091411946893","4.7920721875056795",,"4.7920721875056795"
"sesame","early_2005_2006","2024","4","135.5","115.81218153885774","0",,"4","115.81218153885774","4.751969754242404",,"4.751969754242404"
"sesame","full_2005_2012","1980","4","25.191667802344796","111.87050527241372","4","171.9689760386166","0",,"4.717341999451962","5.147314088675983",
"sesame","full_2005_2012","1981","4","29.745358560676976","102.78507459851207","4","158.00271919499096","0",,"4.632640153749733","5.062612242973755",
"sesame","full_2005_2012","1982","4","28.688251777492717","92.87068937127077","4","142.7621812942338","0",,"4.531208088730872","4.961180177954892",
"sesame","full_2005_2012","1983","4","28.76956768389151","90.9020671694419","4","139.7359864680728","0",,"4.509782742062832","4.939754831286853",
"sesame","full_2005_2012","1984","4","25.500668246660194","82.03380658648753","4","126.10356666286471","0",,"4.4071314377470525","4.837103526971074",
"sesame","full_2005_2012","1985","4","31.631887589128876","98.2845578021511","4","151.0844589866352","0",,"4.587866922260923","5.017839011484944",
"sesame","full_2005_2012","1986","4","39.438214603412604","127.3392295280284","4","195.74772508765426","0",,"4.846854624060353","5.2768267132843745",
"sesame","full_2005_2012","1987","4","47.92759523144617","150.34060204311754","4","231.1057711541366","0",,"5.012903400285122","5.442875489509143",
"sesame","full_2005_2012","1988","4","40.77179546835275","112.10376703504201","4","172.32754942997178","0",,"4.719424933751167","5.149397022975188",
"sesame","full_2005_2012","1989","4","35.51878791499099","92.68749488030882","4","142.48057204477232","0",,"4.529233564662102","4.959205653886122",
"sesame","full_2005_2012","1990","4","44.918906694690975","104.68473860571365","4","160.92291047633333","0",,"4.650953344173833","5.080925433397853",
"sesame","full_2005_2012","1991","4","46.38259300986918","98.95051647526098","4","152.108180393988","0",,"4.594619891592921","5.024591980816942",
"sesame","full_2005_2012","1992","4","46.02480302171451","93.8839405138339","4","144.31976576238503","0",,"4.542059344045635","4.972031433269655",
"sesame","full_2005_2012","1993","4","47.618594787130775","98.15084428320043","4","150.8789126106671","0",,"4.586505522653893","5.016477611877915",
"sesame","full_2005_2012","1994","4","57.05123992939028","109.26451535653548","4","167.963010245316","0",,"4.6937716888254855","5.123743778049506",
"sesame","full_2005_2012","1995","4","53.782340492158966","92.46292776344875","4","142.13536418999118","0",,"4.526807783248546","4.956779872472567",
"sesame","full_2005_2012","1996","4","52.090969639064156","85.44983988004178","4","131.35474297762127","0",,"4.447929535715979","4.877901624940001",
"sesame","full_2005_2012","1997","4","53.52212959168284","90.20300561913164","4","138.66137883398653","0",,"4.502062748233285","4.932034837457306",
"sesame","full_2005_2012","1998","4","52.562601896177135","89.425605982621","4","137.4663487486393","0",,"4.49340706155624","4.92337915078026",
"sesame","full_2005_2012","1999","4","53.45707686656381","85.00826872641909","4","130.67595334534266","0",,"4.4427485308933505","4.872720620117372",
"sesame","full_2005_2012","2000","4","57.13255583578907","87.182999461805","4","134.018981222202","0",,"4.468009351607303","4.897981440831323",
"sesame","full_2005_2012","2001","4","53.847393217278","79.11132195542419","4","121.61108056683125","0",,"4.370855999239083","4.8008280884631045",
"sesame","full_2005_2012","2002","4","54.43286774334928","77.29812654206606","4","118.82381007195127","0",,"4.347669719103893","4.777641808327914",
"sesame","full_2005_2012","2003","4","71.05383901126173","94.44268902149349","4","145.17868213619903","0",,"4.54799318514416","4.977965274368181",
"sesame","full_2005_2012","2004","4","75.7213720385522","99.21068030961078","4","152.50810804325062","0",,"4.597245672906829","5.02721776213085",
"sesame","full_2005_2012","2005","4","68.975","95.47702204689885","4","146.76570055880453","4","95.47702204689885","4.55888561169746","4.988837441461016","4.55888561169746"
"sesame","full_2005_2012","2006","4","61.3","86.66496773685819","4","133.179589154952","4","86.66496773685819","4.462049739119024","4.89169851179224","4.462049739119024"
"sesame","full_2005_2012","2007","4","77.075","107.0076608561033","4","164.41576619540749","4","107.0076608561033","4.672900428684991","5.10239837945575","4.672900428684991"
"sesame","full_2005_2012","2008","4","81.275","113.47598927555673","4","174.41820989882774","4","113.47598927555673","4.731591266308993","5.161455920581557","4.731591266308993"
"sesame","full_2005_2012","2009","4","70.375","98.42466011735758","4","151.2553486658977","4","98.42466011735758","4.589291383609285","5.018969459366008","4.589291383609285"
"sesame","full_2005_2012","2010","4","83.825","110.03832610168861","4","169.0446360668214","4","110.03832610168861","4.700828724214834","5.130162798788448","4.700828724214834"
"sesame","full_2005_2012","2011","4","94.725","115.67658636876081","4","178.2578938279977","4","115.67658636876081","4.750798248714681","5.183231343463905","4.750798248714681"
"sesame","full_2005_2012","2012","4","97.375","110.68619763955974","4","170.02081901595372","4","110.68619763955974","4.706699149371604","5.135920894351788","4.706699149371604"
"sesame","full_2005_2012","2013","4","92.775","108.08416387916017","0",,"4","108.08416387916017","4.682910218808805",,"4.682910218808805"
"sesame","full_2005_2012","2014","4","85.525","101.97403378016699","0",,"4","101.97403378016699","4.6247182100929525",,"4.6247182100929525"
"sesame","full_2005_2012","2015","4","84.85","99.61230667503908","0",,"4","99.61230667503908","4.60128571795189",,"4.60128571795189"
"sesame","full_2005_2012","2016","4","87.325","100.83772993570895","0",,"4","100.83772993570895","4.613512590520406",,"4.613512590520406"
"sesame","full_2005_2012","2017","4","85.05","92.62223854782752","0",,"4","92.62223854782752","4.528529269923002",,"4.528529269923002"
"sesame","full_2005_2012","2018","4","82.975","89.86214128047254","0",,"4","89.86214128047254","4.498276732430803",,"4.498276732430803"
"sesame","full_2005_2012","2019","4","82.875","90.49550692417128","0",,"4","90.49550692417128","4.505300202226689",,"4.505300202226689"
"sesame","full_2005_2012","2020","4","100","99.51276731370086","0",,"4","99.51276731370086","4.60028595064348",,"4.60028595064348"
"sesame","full_2005_2012","2021","4","145.25","128.94079416710352","0",,"4","128.94079416710352","4.859353339062386",,"4.859353339062386"
"sesame","full_2005_2012","2022","4","133.075","121.98814654579004","0",,"4","121.98814654579004","4.803923880552233",,"4.803923880552233"
"sesame","full_2005_2012","2023","4","131.9","120.55091411946893","0",,"4","120.55091411946893","4.7920721875056795",,"4.7920721875056795"
"sesame","full_2005_2012","2024","4","135.5","115.81218153885774","0",,"4","115.81218153885774","4.751969754242404",,"4.751969754242404"
"sesame","late_2010_2012","1980","4","25.181385626250865","111.82484445138539","4","171.9689760386166","0",,"4.71693375831759","5.147314088675983",
"sesame","late_2010_2012","1981","4","29.73321776011158","102.74312206701865","4","158.00271919499096","0",,"4.632231912615361","5.062612242973755",
"sesame","late_2010_2012","1982","4","28.676542443322486","92.83278347359173","4","142.7621812942338","0",,"4.5307998475965","4.961180177954892",
"sesame","late_2010_2012","1983","4","28.757825159998568","90.86496478029991","4","139.7359864680728","0",,"4.509374500928461","4.939754831286853",
"sesame","late_2010_2012","1984","4","25.490259949619986","82.00032384721058","4","126.10356666286471","0",,"4.406723196612681","4.837103526971074",
"sesame","late_2010_2012","1985","4","31.618976786996726","98.24444219176098","4","151.0844589866352","0",,"4.5874586811265505","5.017839011484944",
"sesame","late_2010_2012","1986","4","39.42211758790081","127.28725502630246","4","195.74772508765426","0",,"4.846446382925982","5.2768267132843745",
"sesame","late_2010_2012","1987","4","47.90803320888399","150.27923935143696","4","231.1057711541366","0",,"5.012495159150751","5.442875489509143",
"sesame","late_2010_2012","1988","4","40.75515414138859","112.05801100640225","4","172.32754942997178","0",,"4.719016692616796","5.149397022975188",
"sesame","late_2010_2012","1989","4","35.50429064411355","92.64966375489298","4","142.48057204477232","0",,"4.528825323527729","4.959205653886122",
"sesame","late_2010_2012","1990","4","44.900572691868874","104.64201071150924","4","160.92291047633333","0",,"4.650545103039461","5.080925433397853",
"sesame","late_2010_2012","1991","4","46.3636615920384","98.91012904863379","4","152.108180393988","0",,"4.59421165045855","5.024591980816942",
"sesame","late_2010_2012","1992","4","46.00601763866362","93.84562104978215","4","144.31976576238503","0",,"4.5416511029112625","4.972031433269655",
"sesame","late_2010_2012","1993","4","47.599158885514875","98.1107832490281","4","150.8789126106671","0",,"4.586097281519522","5.016477611877915",
"sesame","late_2010_2012","1994","4","57.02795401994063","109.2199181906579","4","167.963010245316","0",,"4.693363447691113","5.123743778049506",
"sesame","late_2010_2012","1995","4","53.760388809562045","92.4251882968567","4","142.13536418999118","0",,"4.526399542114174","4.956779872472567",
"sesame","late_2010_2012","1996","4","52.069708302699496","85.41496286007875","4","131.35474297762127","0",,"4.447521294581608","4.877901624940001",
"sesame","late_2010_2012","1997","4","53.500284116198586","90.16618855742477","4","138.66137883398653","0",,"4.5016545070989125","4.932034837457306",
"sesame","late_2010_2012","1998","4","52.541148059420784","89.38910622265138","4","137.4663487486393","0",,"4.492998820421867","4.92337915078026",
"sesame","late_2010_2012","1999","4","53.43525794285771","84.9735719371734","4","130.67595334534266","0",,"4.442340289758978","4.872720620117372",
"sesame","late_2010_2012","2000","4","57.109236736616715","87.14741503921348","4","134.018981222202","0",,"4.4676011104729305","4.897981440831323",
"sesame","late_2010_2012","2001","4","53.82541498290291","79.07903205108948","4","121.61108056683125","0",,"4.370447758104712","4.8008280884631045",
"sesame","late_2010_2012","2002","4","54.41065054297072","77.26657670760999","4","118.82381007195127","0",,"4.347261477969521","4.777641808327914",
"sesame","late_2010_2012","2003","4","71.02483783156232","94.40414149987156","4","145.17868213619903","0",,"4.547584944009788","4.977965274368181",
"sesame","late_2010_2012","2004","4","75.69046576876954","99.17018669508133","4","152.50810804325062","0",,"4.596837431772458","5.02721776213085",
"sesame","late_2010_2012","2005","4","68.975","95.47702204689885","4","146.76570055880453","4","95.47702204689885","4.55888561169746","4.988837441461016","4.55888561169746"
"sesame","late_2010_2012","2006","4","61.3","86.66496773685819","4","133.179589154952","4","86.66496773685819","4.462049739119024","4.89169851179224","4.462049739119024"
"sesame","late_2010_2012","2007","4","77.075","107.0076608561033","4","164.41576619540749","4","107.0076608561033","4.672900428684991","5.10239837945575","4.672900428684991"
"sesame","late_2010_2012","2008","4","81.275","113.47598927555673","4","174.41820989882774","4","113.47598927555673","4.731591266308993","5.161455920581557","4.731591266308993"
"sesame","late_2010_2012","2009","4","70.375","98.42466011735758","4","151.2553486658977","4","98.42466011735758","4.589291383609285","5.018969459366008","4.589291383609285"
"sesame","late_2010_2012","2010","4","83.825","110.03832610168861","4","169.0446360668214","4","110.03832610168861","4.700828724214834","5.130162798788448","4.700828724214834"
"sesame","late_2010_2012","2011","4","94.725","115.67658636876081","4","178.2578938279977","4","115.67658636876081","4.750798248714681","5.183231343463905","4.750798248714681"
"sesame","late_2010_2012","2012","4","97.375","110.68619763955974","4","170.02081901595372","4","110.68619763955974","4.706699149371604","5.135920894351788","4.706699149371604"
"sesame","late_2010_2012","2013","4","92.775","108.08416387916017","0",,"4","108.08416387916017","4.682910218808805",,"4.682910218808805"
"sesame","late_2010_2012","2014","4","85.525","101.97403378016699","0",,"4","101.97403378016699","4.6247182100929525",,"4.6247182100929525"
"sesame","late_2010_2012","2015","4","84.85","99.61230667503908","0",,"4","99.61230667503908","4.60128571795189",,"4.60128571795189"
"sesame","late_2010_2012","2016","4","87.325","100.83772993570895","0",,"4","100.83772993570895","4.613512590520406",,"4.613512590520406"
"sesame","late_2010_2012","2017","4","85.05","92.62223854782752","0",,"4","92.62223854782752","4.528529269923002",,"4.528529269923002"
"sesame","late_2010_2012","2018","4","82.975","89.86214128047254","0",,"4","89.86214128047254","4.498276732430803",,"4.498276732430803"
"sesame","late_2010_2012","2019","4","82.875","90.49550692417128","0",,"4","90.49550692417128","4.505300202226689",,"4.505300202226689"
"sesame","late_2010_2012","2020","4","100","99.51276731370086","0",,"4","99.51276731370086","4.60028595064348",,"4.60028595064348"
"sesame","late_2010_2012","2021","4","145.25","128.94079416710352","0",,"4","128.94079416710352","4.859353339062386",,"4.859353339062386"
"sesame","late_2010_2012","2022","4","133.075","121.98814654579004","0",,"4","121.98814654579004","4.803923880552233",,"4.803923880552233"
"sesame","late_2010_2012","2023","4","131.9","120.55091411946893","0",,"4","120.55091411946893","4.7920721875056795",,"4.7920721875056795"
"sesame","late_2010_2012","2024","4","135.5","115.81218153885774","0",,"4","115.81218153885774","4.751969754242404",,"4.751969754242404"
"soybean","early_2005_2006","1980","4","12.499778018300596","55.671456218156024","4","82.28387353156101","0",,"4.019467559894545","4.410175141114191",
"soybean","early_2005_2006","1981","4","19.417787774031236","66.77722366167653","4","98.6984893126288","0",,"4.201362059252895","4.592069640472541",
"soybean","early_2005_2006","1982","4","18.335263020078276","59.37232290934427","4","87.75385163994014","0",,"4.083828173495695","4.474535754715342",
"soybean","early_2005_2006","1983","4","20.66945702078935","65.54818345896736","4","96.88193563369084","0",,"4.18278549752926","4.573493078748908",
"soybean","early_2005_2006","1984","4","20.263510238056988","65.17915662523347","4","96.33650428736996","0",,"4.177139734160829","4.567847315380476",
"soybean","early_2005_2006","1985","4","19.772991208922054","61.301345758112895","4","90.60499804260606","0",,"4.115801796340876","4.506509377560524",
"soybean","early_2005_2006","1986","4","20.077451295971322","64.77898346199737","4","95.74503784852901","0",,"4.170981221461946","4.561688802681593",
"soybean","early_2005_2006","1987","4","22.59770423876806","70.99223988536153","4","104.92839392522029","0",,"4.262570573678646","4.6532781548982936",
"soybean","early_2005_2006","1988","4","24.272234717539046","66.50664815322104","4","98.29857160917868","0",,"4.1973019148938056","4.588009496113453",
"soybean","early_2005_2006","1989","4","24.830411543796043","64.74741065298429","4","95.69837240809778","0",,"4.170493709864728","4.561201291084376",
"soybean","early_2005_2006","1990","4","22.259415253157762","52.17226409211415","4","77.11197572393796","0",,"3.954551014446351","4.345258595665998",
"soybean","early_2005_2006","1991","4","23.40959780423278","49.95205288457294","4","73.83044528401577","0",,"3.9110636030402794","4.301771184259927",
"soybean","early_2005_2006","1992","4","27.435236732995357","55.986006309914615","4","82.74878682335962","0",,"4.025101772185157","4.4158093534048035",
"soybean","early_2005_2006","1993","4","31.240987821111233","64.44781280976281","4","95.2555589320974","0",,"4.165855792576034","4.556563373795681",
"soybean","early_2005_2006","1994","4","34.40398983656754","65.81642464574117","4","97.27840314842513","0",,"4.186869421859629","4.577577003079275",
"soybean","early_2005_2006","1995","4","41.812518621433114","71.89994434017218","4","106.27000493447775","0",,"4.275275490598359","4.6659830718180055",
"soybean","early_2005_2006","1996","4","45.53369746314642","74.69319136709588","4","110.39849735625208","0",,"4.313388941627205","4.704096522846852",
"soybean","early_2005_2006","1997","4","45.21232292681664","76.17727826014847","4","112.59201673787662","0",,"4.33306323266409","4.723770813883737",
"soybean","early_2005_2006","1998","4","47.02216899983175","79.90057529917046","4","118.0951474890964","0",,"4.380783052986238","4.771490634205885",
"soybean","early_2005_2006","1999","4","63.95353272962727","101.71580861650399","4","150.3386349292463","0",,"4.622182734597848","5.0128903158174944",
"soybean","early_2005_2006","2000","4","68.0468294555119","103.81000512953477","4","153.43391234310104","0",,"4.642562354617875","5.033269935837523",
"soybean","early_2005_2006","2001","4","59.13291468468049","86.8885097482667","4","128.42349802124488","0",,"4.464625799688575","4.855333380908221",
"soybean","early_2005_2006","2002","4","59.77566375734006","84.8799389920136","4","125.4547777233767","0",,"4.441237775549739","4.831945356769386",
"soybean","early_2005_2006","2003","4","66.8120746580343","89.19043734153487","4","131.82580742412915","0",,"4.490773829147817","4.881481410367464",
"soybean","early_2005_2006","2004","4","88.31033969356889","116.01816550091354","4","171.4778938066924","0",,"4.753746777991805","5.144454359211451",
"soybean","early_2005_2006","2005","4","79.7","110.24612663735128","4","163.01921534185686","4","110.24612663735128","4.702715381168762","5.093868079391673","4.702715381168762"
"soybean","early_2005_2006","2006","4","50.8","71.82188853861916","4","106.10638956870147","4","71.82188853861916","4.2741892838938655","4.664442265943335","4.2741892838938655"
"soybean","early_2005_2006","2007","4","51.025","70.81247562735128","4","104.74522202845984","4","70.81247562735128","4.260035194602482","4.651530944668476","4.260035194602482"
"soybean","early_2005_2006","2008","4","83.525","116.7946690193401","4","172.62245588481403","4","116.7946690193401","4.760417427394796","5.151106873806597","4.760417427394796"
"soybean","early_2005_2006","2009","4","76.225","106.54958688805426","4","157.5000482036172","4","106.54958688805426","4.668610481371969","5.059425764320354","4.668610481371969"
"soybean","early_2005_2006","2010","4","90.7","118.7775785866651","4","175.52941075193348","4","118.7775785866651","4.777252656680858","5.167806611497619","4.777252656680858"
"soybean","early_2005_2006","2011","4","128.475","157.02865441961995","4","236.18461934046155","4","157.02865441961995","5.056428300921857","5.464613784540856","5.056428300921857"
"soybean","early_2005_2006","2012","4","104.3","118.72378279606511","4","199.91364911852733","4","118.72378279606511","4.776799642085853","5.297885518907902","4.776799642085853"
"soybean","early_2005_2006","2013","4","114.375","133.31617581351094","0",,"4","133.31617581351094","4.892723568761043",,"4.892723568761043"
"soybean","early_2005_2006","2014","4","74.8","89.15113892374822","0",,"4","89.15113892374822","4.490333119592079",,"4.490333119592079"
"soybean","early_2005_2006","2015","4","73.375","86.15007730242156","0",,"4","86.15007730242156","4.456090860273845",,"4.456090860273845"
"soybean","early_2005_2006","2016","4","82.25","94.95078569909737","0",,"4","94.95078569909737","4.553358712096069",,"4.553358712096069"
"soybean","early_2005_2006","2017","4","91.15","99.25279862161099","0",,"4","99.25279862161099","4.597670116868604",,"4.597670116868604"
"soybean","early_2005_2006","2018","4","94.65","102.53637830268053","0",,"4","102.53637830268053","4.630217645882765",,"4.630217645882765"
"soybean","early_2005_2006","2019","4","102.8","112.34435044107647","0",,"4","112.34435044107647","4.721568712018313",,"4.721568712018313"
"soybean","early_2005_2006","2020","4","100","99.98401110043991","0",,"4","99.98401110043991","4.605010284208882",,"4.605010284208882"
"soybean","early_2005_2006","2021","4","121.225","107.93048393469907","0",,"4","107.93048393469907","4.681487352610202",,"4.681487352610202"
"soybean","early_2005_2006","2022","4","111.175","101.90815674029247","0",,"4","101.90815674029247","4.62407198354419",,"4.62407198354419"
"soybean","early_2005_2006","2023","4","97.95","89.49685965076799","0",,"4","89.49685965076799","4.494203536964306",,"4.494203536964306"
"soybean","early_2005_2006","2024","4","97.85","83.60941998664266","0",,"4","83.60941998664266","4.426156193008885",,"4.426156193008885"
"soybean","full_2005_2012","1980","4","12.280771328031504","54.69604518678024","4","82.28387353156101","0",,"4.001791406755298","4.410175141114191",
"soybean","full_2005_2012","1981","4","19.077571697672756","65.6072301851451","4","98.6984893126288","0",,"4.183685906113648","4.592069640472541",
"soybean","full_2005_2012","1982","4","18.014013693621315","58.33206956125073","4","87.75385163994014","0",,"4.066152020356449","4.474535754715342",
"soybean","full_2005_2012","1983","4","20.307310639857235","64.39972380700536","4","96.88193563369084","0",,"4.1651093443900145","4.573493078748908",
"soybean","full_2005_2012","1984","4","19.908476388337945","64.03716263573028","4","96.33650428736996","0",,"4.1594635810215825","4.567847315380476",
"soybean","full_2005_2012","1985","4","19.426551667752136","60.22729429704937","4","90.60499804260606","0",,"4.09812564320163","4.506509377560524",
"soybean","full_2005_2012","1986","4","19.725677356391603","63.6440008450071","4","95.74503784852901","0",,"4.1533050683227","4.561688802681593",
"soybean","full_2005_2012","1987","4","22.20177333457387","69.74839575714427","4","104.92839392522029","0",,"4.2448944205394","4.6532781548982936",
"soybean","full_2005_2012","1988","4","23.846964622090944","65.34139538860369","4","98.29857160917868","0",,"4.17962576175456","4.588009496113453",
"soybean","full_2005_2012","1989","4","24.39536171792997","63.612981218330084","4","95.69837240809778","0",,"4.152817556725482","4.561201291084376",
"soybean","full_2005_2012","1990","4","21.869411458307795","51.258161868384235","4","77.11197572393796","0",,"3.9368748613071047","4.345258595665998",
"soybean","full_2005_2012","1991","4","22.99944183761245","49.07685064031067","4","73.83044528401577","0",,"3.8933874499010335","4.301771184259927",
"soybean","full_2005_2012","1992","4","26.954548165178757","55.00508409470669","4","82.74878682335962","0",,"4.00742561904591","4.4158093534048035",
"soybean","full_2005_2012","1993","4","30.693619273172107","63.31863258289131","4","95.2555589320974","0",,"4.148179639436788","4.556563373795681",
"soybean","full_2005_2012","1994","4","33.80120281625992","64.66326518115665","4","97.27840314842513","0",,"4.169193268720383","4.577577003079275",
"soybean","full_2005_2012","1995","4","41.07992790648698","70.64019646165634","4","106.27000493447775","0",,"4.257599337459113","4.6659830718180055",
"soybean","full_2005_2012","1996","4","44.735908545413814","73.38450343655873","4","110.39849735625208","0",,"4.2957127884879585","4.704096522846852",
"soybean","full_2005_2012","1997","4","44.42016476296104","74.8425878711642","4","112.59201673787662","0",,"4.315387079524844","4.723770813883737",
"soybean","full_2005_2012","1998","4","46.198300800984555","78.50064959479009","4","118.0951474890964","0",,"4.363106899846992","4.771490634205885",
"soybean","full_2005_2012","1999","4","62.83301270810165","99.93366156072983","4","150.3386349292463","0",,"4.604506581458601","5.0128903158174944",
"soybean","full_2005_2012","2000","4","66.85459141092116","101.99116597839537","4","153.43391234310104","0",,"4.624886201478629","5.033269935837523",
"soybean","full_2005_2012","2001","4","58.09685597131006","85.36614951798728","4","128.42349802124488","0",,"4.446949646549328","4.855333380908221",
"soybean","full_2005_2012","2002","4","58.728343536215604","83.39277062136995","4","125.4547777233767","0",,"4.423561622410492","4.831945356769386",
"soybean","full_2005_2012","2003","4","65.64147056254998","87.6277453915479","4","131.82580742412915","0",,"4.473097676008571","4.881481410367464",
"soybean","full_2005_2012","2004","4","86.76306779925912","113.98542904749439","4","171.4778938066924","0",,"4.736070624852559","5.144454359211451",
"soybean","full_2005_2012","2005","4","79.7","110.24612663735128","4","163.01921534185686","4","110.24612663735128","4.702715381168762","5.093868079391673","4.702715381168762"
"soybean","full_2005_2012","2006","4","50.8","71.82188853861916","4","106.10638956870147","4","71.82188853861916","4.2741892838938655","4.664442265943335","4.2741892838938655"
"soybean","full_2005_2012","2007","4","51.025","70.81247562735128","4","104.74522202845984","4","70.81247562735128","4.260035194602482","4.651530944668476","4.260035194602482"
"soybean","full_2005_2012","2008","4","83.525","116.7946690193401","4","172.62245588481403","4","116.7946690193401","4.760417427394796","5.151106873806597","4.760417427394796"
"soybean","full_2005_2012","2009","4","76.225","106.54958688805426","4","157.5000482036172","4","106.54958688805426","4.668610481371969","5.059425764320354","4.668610481371969"
"soybean","full_2005_2012","2010","4","90.7","118.7775785866651","4","175.52941075193348","4","118.7775785866651","4.777252656680858","5.167806611497619","4.777252656680858"
"soybean","full_2005_2012","2011","4","128.475","157.02865441961995","4","236.18461934046155","4","157.02865441961995","5.056428300921857","5.464613784540856","5.056428300921857"
"soybean","full_2005_2012","2012","4","104.3","118.72378279606511","4","199.91364911852733","4","118.72378279606511","4.776799642085853","5.297885518907902","4.776799642085853"
"soybean","full_2005_2012","2013","4","114.375","133.31617581351094","0",,"4","133.31617581351094","4.892723568761043",,"4.892723568761043"
"soybean","full_2005_2012","2014","4","74.8","89.15113892374822","0",,"4","89.15113892374822","4.490333119592079",,"4.490333119592079"
"soybean","full_2005_2012","2015","4","73.375","86.15007730242156","0",,"4","86.15007730242156","4.456090860273845",,"4.456090860273845"
"soybean","full_2005_2012","2016","4","82.25","94.95078569909737","0",,"4","94.95078569909737","4.553358712096069",,"4.553358712096069"
"soybean","full_2005_2012","2017","4","91.15","99.25279862161099","0",,"4","99.25279862161099","4.597670116868604",,"4.597670116868604"
"soybean","full_2005_2012","2018","4","94.65","102.53637830268053","0",,"4","102.53637830268053","4.630217645882765",,"4.630217645882765"
"soybean","full_2005_2012","2019","4","102.8","112.34435044107647","0",,"4","112.34435044107647","4.721568712018313",,"4.721568712018313"
"soybean","full_2005_2012","2020","4","100","99.98401110043991","0",,"4","99.98401110043991","4.605010284208882",,"4.605010284208882"
"soybean","full_2005_2012","2021","4","121.225","107.93048393469907","0",,"4","107.93048393469907","4.681487352610202",,"4.681487352610202"
"soybean","full_2005_2012","2022","4","111.175","101.90815674029247","0",,"4","101.90815674029247","4.62407198354419",,"4.62407198354419"
"soybean","full_2005_2012","2023","4","97.95","89.49685965076799","0",,"4","89.49685965076799","4.494203536964306",,"4.494203536964306"
"soybean","full_2005_2012","2024","4","97.85","83.60941998664266","0",,"4","83.60941998664266","4.426156193008885",,"4.426156193008885"
"soybean","late_2010_2012","1980","4","11.91934491978406","53.08632584349476","4","82.28387353156101","0",,"3.9719193780130166","4.410175141114191",
"soybean","late_2010_2012","1981","4","18.516113623697024","63.67639172821885","4","98.6984893126288","0",,"4.153813877371367","4.592069640472541",
"soybean","late_2010_2012","1982","4","17.483856418194748","56.61534104119104","4","87.75385163994014","0",,"4.036279991614167","4.474535754715342",
"soybean","late_2010_2012","1983","4","19.709661017559025","62.504422588053","4","96.88193563369084","0",,"4.135237315647734","4.573493078748908",
"soybean","late_2010_2012","1984","4","19.322564565495675","62.152531689711424","4","96.33650428736996","0",,"4.129591552279302","4.567847315380476",
"soybean","late_2010_2012","1985","4","18.854823019252457","58.45478880249965","4","90.60499804260606","0",,"4.068253614459349","4.506509377560524",
"soybean","late_2010_2012","1986","4","19.14514535829997","61.77094075639495","4","95.74503784852901","0",,"4.123433039580418","4.561688802681593",
"soybean","late_2010_2012","1987","4","21.54836916485995","67.69568168193098","4","104.92839392522029","0",,"4.215022391797119","4.6532781548982936",
"soybean","late_2010_2012","1988","4","23.14514202962128","63.41838052134741","4","98.29857160917868","0",,"4.149753733012279","4.588009496113453",
"soybean","late_2010_2012","1989","4","23.67739965120839","61.740834045686775","4","95.69837240809778","0",,"4.122945527983201","4.561201291084376",
"soybean","late_2010_2012","1990","4","21.22578878814049","49.74962035721957","4","77.11197572393796","0",,"3.9070028325648236","4.345258595665998",
"soybean","late_2010_2012","1991","4","22.322562068986656","47.63250570616661","4","73.83044528401577","0",,"3.863515421158752","4.301771184259927",
"soybean","late_2010_2012","1992","4","26.161268551948233","53.38626965311532","4","82.74878682335962","0",,"3.977553590303629","4.4158093534048035",
"soybean","late_2010_2012","1993","4","29.79029779004216","61.45514816987746","4","95.2555589320974","0",,"4.118307610694506","4.556563373795681",
"soybean","late_2010_2012","1994","4","32.80642431236912","62.76020786857303","4","97.27840314842513","0",,"4.139321239978101","4.577577003079275",
"soybean","late_2010_2012","1995","4","39.8709345625253","68.56123645148548","4","106.27000493447775","0",,"4.2277273087168314","4.6659830718180055",
"soybean","late_2010_2012","1996","4","43.419318706439356","71.22477773288429","4","110.39849735625208","0",,"4.265840759745678","4.704096522846852",
"soybean","late_2010_2012","1997","4","43.11286734855587","72.63995034981605","4","112.59201673787662","0",,"4.285515050782562","4.723770813883737",
"soybean","late_2010_2012","1998","4","44.838672364004985","76.19035433154589","4","118.0951474890964","0",,"4.33323487110471","4.771490634205885",
"soybean","late_2010_2012","1999","4","60.983820218813975","96.99258698193138","4","150.3386349292463","0",,"4.57463455271632","5.0128903158174944",
"soybean","late_2010_2012","2000","4","64.88704277711945","98.98953849035638","4","153.43391234310104","0",,"4.595014172736349","5.033269935837523",
"soybean","late_2010_2012","2001","4","56.38704985056167","82.85380074264809","4","128.42349802124488","0",,"4.417077617807047","4.855333380908221",
"soybean","late_2010_2012","2002","4","56.99995256632864","80.93849891852602","4","125.4547777233767","0",,"4.393689593668212","4.831945356769386",
"soybean","late_2010_2012","2003","4","63.70962440209341","85.04883724044521","4","131.82580742412915","0",,"4.443225647266289","4.881481410367464",
"soybean","late_2010_2012","2004","4","84.20960734261513","110.6308071664449","4","171.4778938066924","0",,"4.706198596110277","5.144454359211451",
"soybean","late_2010_2012","2005","4","79.7","110.24612663735128","4","163.01921534185686","4","110.24612663735128","4.702715381168762","5.093868079391673","4.702715381168762"
"soybean","late_2010_2012","2006","4","50.8","71.82188853861916","4","106.10638956870147","4","71.82188853861916","4.2741892838938655","4.664442265943335","4.2741892838938655"
"soybean","late_2010_2012","2007","4","51.025","70.81247562735128","4","104.74522202845984","4","70.81247562735128","4.260035194602482","4.651530944668476","4.260035194602482"
"soybean","late_2010_2012","2008","4","83.525","116.7946690193401","4","172.62245588481403","4","116.7946690193401","4.760417427394796","5.151106873806597","4.760417427394796"
"soybean","late_2010_2012","2009","4","76.225","106.54958688805426","4","157.5000482036172","4","106.54958688805426","4.668610481371969","5.059425764320354","4.668610481371969"
"soybean","late_2010_2012","2010","4","90.7","118.7775785866651","4","175.52941075193348","4","118.7775785866651","4.777252656680858","5.167806611497619","4.777252656680858"
"soybean","late_2010_2012","2011","4","128.475","157.02865441961995","4","236.18461934046155","4","157.02865441961995","5.056428300921857","5.464613784540856","5.056428300921857"
"soybean","late_2010_2012","2012","4","104.3","118.72378279606511","4","199.91364911852733","4","118.72378279606511","4.776799642085853","5.297885518907902","4.776799642085853"
"soybean","late_2010_2012","2013","4","114.375","133.31617581351094","0",,"4","133.31617581351094","4.892723568761043",,"4.892723568761043"
"soybean","late_2010_2012","2014","4","74.8","89.15113892374822","0",,"4","89.15113892374822","4.490333119592079",,"4.490333119592079"
"soybean","late_2010_2012","2015","4","73.375","86.15007730242156","0",,"4","86.15007730242156","4.456090860273845",,"4.456090860273845"
"soybean","late_2010_2012","2016","4","82.25","94.95078569909737","0",,"4","94.95078569909737","4.553358712096069",,"4.553358712096069"
"soybean","late_2010_2012","2017","4","91.15","99.25279862161099","0",,"4","99.25279862161099","4.597670116868604",,"4.597670116868604"
"soybean","late_2010_2012","2018","4","94.65","102.53637830268053","0",,"4","102.53637830268053","4.630217645882765",,"4.630217645882765"
"soybean","late_2010_2012","2019","4","102.8","112.34435044107647","0",,"4","112.34435044107647","4.721568712018313",,"4.721568712018313"
"soybean","late_2010_2012","2020","4","100","99.98401110043991","0",,"4","99.98401110043991","4.605010284208882",,"4.605010284208882"
"soybean","late_2010_2012","2021","4","121.225","107.93048393469907","0",,"4","107.93048393469907","4.681487352610202",,"4.681487352610202"
"soybean","late_2010_2012","2022","4","111.175","101.90815674029247","0",,"4","101.90815674029247","4.62407198354419",,"4.62407198354419"
"soybean","late_2010_2012","2023","4","97.95","89.49685965076799","0",,"4","89.49685965076799","4.494203536964306",,"4.494203536964306"
"soybean","late_2010_2012","2024","4","97.85","83.60941998664266","0",,"4","83.60941998664266","4.426156193008885",,"4.426156193008885"
"spinach","early_2005_2006","1980","4","15.451270776701103","70.86358274561069","4","198.47050690098877","0",,"4.260756659062507","5.290640509244281",
"spinach","early_2005_2006","1981","4","15.281672772797393","52.63280677779191","4","147.41083411362223","0",,"3.963339628321631","4.993223478503406",
"spinach","early_2005_2006","1982","4","13.790995580591106","44.796828916430414","4","125.4642934794532","0",,"3.802137353800304","4.8320212039820785",
"spinach","early_2005_2006","1983","4","15.683352255727232","49.4350525970565","4","138.45475443763908","0",,"3.9006597393124527","4.930543589494227",
"spinach","early_2005_2006","1984","4","15.611942569873039","50.22367791825161","4","140.66348932216258","0",,"3.9164865871738823","4.9463704373556565",
"spinach","early_2005_2006","1985","4","13.18401325083046","41.2305665705471","4","115.47611805696212","0",,"3.7191798883306038","4.749063738512378",
"spinach","early_2005_2006","1986","4","17.72745451330352","56.850783714801075","4","159.22429299263638","0",,"4.040430005762053","5.070313855943827",
"spinach","early_2005_2006","1987","4","15.183484454747878","47.6381016348384","4","133.42196108272313","0",,"3.8636328955579273","4.893516745739702",
"spinach","early_2005_2006","1988","4","18.459403793309","50.61419321523244","4","141.7572213343106","0",,"3.9242320352858715","4.954115885467646",
"spinach","early_2005_2006","1989","4","19.88759751039287","51.77013031062103","4","144.99470118472982","0",,"3.9468133480174807","4.976697198199255",
"spinach","early_2005_2006","1990","4","23.24385274553996","54.30950374114212","4","152.1068272223827","0",,"3.994699234482306","5.02458308466408",
"spinach","early_2005_2006","1991","4","20.512432261617064","43.71899531671375","4","122.44556125335879","0",,"3.7777826830972168","4.807666533278992",
"spinach","early_2005_2006","1992","4","12.916226928877236","26.43037755392036","4","74.02462911792314","0",,"3.2745140135660162","4.30439786374779",
"spinach","early_2005_2006","1993","4","14.97818160791707","30.90326308955517","4","86.55202083553327","0",,"3.4308617799319703","4.4607456301137445",
"spinach","early_2005_2006","1994","4","22.2619695650448","42.536553833722834","4","119.13384949088089","0",,"3.7503637964699825","4.780247646651757",
"spinach","early_2005_2006","1995","4","25.35936468897044","43.61010333629336","4","122.14058307254807","0",,"3.7752888514068634","4.8051727015886385",
"spinach","early_2005_2006","1996","4","38.17740329979816","62.616124161228","4","175.37151553664472","0",,"4.137022819399958","5.166906669581732",
"spinach","early_2005_2006","1997","4","36.499275682224614","61.515662818619006","4","172.28940887437494","0",,"4.119291822364577","5.149175672546352",
"spinach","early_2005_2006","1998","4","37.79357623833187","64.1508274022729","4","179.66982107513564","0",,"4.161236988909456","5.191120839091231",
"spinach","early_2005_2006","1999","4","43.077892991542186","67.85611868015978","4","190.04738045959357","0",,"4.217389561730938","5.247273411912713",
"spinach","early_2005_2006","2000","4","46.20206674766315","70.23569196086552","4","196.71194774410571","0",,"4.251856614314722","5.2817404644964965",
"spinach","early_2005_2006","2001","4","50.51342653111007","73.87708495277855","4","206.91054461049765","0",,"4.302402698039056","5.33228654822083",
"spinach","early_2005_2006","2002","4","58.36849197507135","82.71468745427723","4","231.66237595041855","0",,"4.415397185466061","5.445281035647835",
"spinach","early_2005_2006","2003","4","57.359830162380874","76.7332722113142","4","214.90998397049566","0",,"4.34033541106828","5.370219261250055",
"spinach","early_2005_2006","2004","4","39.810899863712834","51.97219178968385","4","145.56062295471327","0",,"3.9507088022638897","4.980592652445664",
"spinach","early_2005_2006","2005","4","38.95","54.56130285307385","4","152.824606895778","4","54.56130285307385","3.9993248925219826","5.029290903660724","3.9993248925219826"
"spinach","early_2005_2006","2006","4","45.725","64.49846498033143","4","180.69301793544358","4","64.49846498033143","4.166641424763981","5.196799557866861","4.166641424763981"
"spinach","early_2005_2006","2007","4","50.85","71.5677377214397","4","200.52654706624185","4","71.5677377214397","4.270644381937518","5.300946642302354","4.270644381937518"
"spinach","early_2005_2006","2008","4","39.9","56.02516551879856","4","157.01749736685235","4","56.02516551879856","4.0258009740565415","5.056357247334931","4.0258009740565415"
"spinach","early_2005_2006","2009","4","53.625","75.20212614500655","4","210.63648351447932","4","75.20212614500655","4.320179503760989","5.350133820757397","4.320179503760989"
"spinach","early_2005_2006","2010","4","77.9","102.25442027613727","4","286.43840970126996","4","102.25442027613727","4.62746402407299","5.657523538179708","4.62746402407299"
"spinach","early_2005_2006","2011","4","63.45","77.2429438251977","4","203.1850133183617","4","77.2429438251977","4.3469555695372755","5.314116959629895","4.3469555695372755"
"spinach","early_2005_2006","2012","4","86.85","98.83461991193164","4","279.76613028770373","4","98.83461991193164","4.593447947343609","5.633954005181984","4.593447947343609"
"spinach","early_2005_2006","2013","4","73.4","85.24411579617905","0",,"4","85.24411579617905","4.445519090862714",,"4.445519090862714"
"spinach","early_2005_2006","2014","4","63.1","75.61048499098465","0",,"4","75.61048499098465","4.325594963925808",,"4.325594963925808"
"spinach","early_2005_2006","2015","4","81.1","95.13211359509157","0",,"4","95.13211359509157","4.555266594937403",,"4.555266594937403"
"spinach","early_2005_2006","2016","4","101.80000000000001","117.45046432642366","0",,"4","117.45046432642366","4.766016664493647",,"4.766016664493647"
"spinach","early_2005_2006","2017","4","84","92.08089382042174","0",,"4","92.08089382042174","4.522667471365013",,"4.522667471365013"
"spinach","early_2005_2006","2018","4","102.44999999999999","110.88275752969962","0",,"4","110.88275752969962","4.7084734046282",,"4.7084734046282"
"spinach","early_2005_2006","2019","4","90.825","100.71233991451287","0",,"4","100.71233991451287","4.612268333572577",,"4.612268333572577"
"spinach","early_2005_2006","2020","4","100","98.85253229858738","0",,"4","98.85253229858738","4.593629166876639",,"4.593629166876639"
"spinach","early_2005_2006","2021","4","117.525","104.70839314527474","0",,"4","104.70839314527474","4.651179278419755",,"4.651179278419755"
"spinach","early_2005_2006","2022","4","129.35","116.88137656671401","0",,"4","116.88137656671401","4.761159544980155",,"4.761159544980155"
"spinach","early_2005_2006","2023","4","144.65","130.51006968804842","0",,"4","130.51006968804842","4.87145038614641",,"4.87145038614641"
"spinach","early_2005_2006","2024","4","193.625","166.6352189674318","0",,"4","166.6352189674318","5.115807105755193",,"5.115807105755193"
"spinach","full_2005_2012","1980","4","15.600088896583813","71.54610169856674","4","198.47050690098877","0",,"4.270342020920226","5.290640509244281",
"spinach","full_2005_2012","1981","4","15.428857418227317","53.139736949556934","4","147.41083411362223","0",,"3.9729249901793504","4.993223478503406",
"spinach","full_2005_2012","1982","4","13.923822845304443","45.22828727039979","4","125.4642934794532","0",,"3.811722715658023","4.8320212039820785",
"spinach","full_2005_2012","1983","4","15.834405656440069","49.91118376387872","4","138.45475443763908","0",,"3.9102451011701715","4.930543589494227",
"spinach","full_2005_2012","1984","4","15.762308191868913","50.70740468929877","4","140.66348932216258","0",,"3.926071949031601","4.9463704373556565",
"spinach","full_2005_2012","1985","4","13.310994396449619","41.627676652132095","4","115.47611805696212","0",,"3.7287652501883226","4.749063738512378",
"spinach","full_2005_2012","1986","4","17.8981955797894","57.39833911451957","4","159.22429299263638","0",,"4.050015367619772","5.070313855943827",
"spinach","full_2005_2012","1987","4","15.329723404441978","48.09692556087872","4","133.42196108272313","0",,"3.873218257415646","4.893516745739702",
"spinach","full_2005_2012","1988","4","18.637194591643745","51.10168121427967","4","141.7572213343106","0",,"3.9338173971435904","4.954115885467646",
"spinach","full_2005_2012","1989","4","20.07914388306686","52.26875165835683","4","144.99470118472982","0",,"3.9563987098751996","4.976697198199255",
"spinach","full_2005_2012","1990","4","23.467724717911178","54.83258293348318","4","152.1068272223827","0",,"4.004284596340025","5.02458308466408",
"spinach","full_2005_2012","1991","4","20.709996698064472","44.14007257179655","4","122.44556125335879","0",,"3.787368044954936","4.807666533278992",
"spinach","full_2005_2012","1992","4","13.040628904307784","26.684940376112017","4","74.02462911792314","0",,"3.284099375423735","4.30439786374779",
"spinach","full_2005_2012","1993","4","15.122443193799906","31.200906278758943","4","86.55202083553327","0",,"3.440447141789689","4.4607456301137445",
"spinach","full_2005_2012","1994","4","22.476384580057786","42.94624246447089","4","119.13384949088089","0",,"3.7599491583277014","4.780247646651757",
"spinach","full_2005_2012","1995","4","25.603612105831665","44.03013180386666","4","122.14058307254807","0",,"3.7848742132645823","4.8051727015886385",
"spinach","full_2005_2012","1996","4","38.54510699635411","63.21920814096561","4","175.37151553664472","0",,"4.146608181257677","5.166906669581732",
"spinach","full_2005_2012","1997","4","36.850816578931955","62.10814776152802","4","172.28940887437494","0",,"4.128877184222295","5.149175672546352",
"spinach","full_2005_2012","1998","4","38.157583124284145","64.76869279735237","4","179.66982107513564","0",,"4.170822350767175","5.191120839091231",
"spinach","full_2005_2012","1999","4","43.49279550254967","68.50967139763247","4","190.04738045959357","0",,"4.226974923588657","5.247273411912713",
"spinach","full_2005_2012","2000","4","46.64705957753773","70.91216341601846","4","196.71194774410571","0",,"4.261441976172441","5.2817404644964965",
"spinach","full_2005_2012","2001","4","50.99994400102126","74.58862829726942","4","206.91054461049765","0",,"4.311988059896775","5.33228654822083",
"spinach","full_2005_2012","2002","4","58.93066510384838","83.51134971277527","4","231.66237595041855","0",,"4.42498254732378","5.445281035647835",
"spinach","full_2005_2012","2003","4","57.91228841678081","77.47232477650223","4","214.90998397049566","0",,"4.349920772926","5.370219261250055",
"spinach","full_2005_2012","2004","4","40.1943364984193","52.472759282163956","4","145.56062295471327","0",,"3.960294164121609","4.980592652445664",
"spinach","full_2005_2012","2005","4","38.95","54.56130285307385","4","152.824606895778","4","54.56130285307385","3.9993248925219826","5.029290903660724","3.9993248925219826"
"spinach","full_2005_2012","2006","4","45.725","64.49846498033143","4","180.69301793544358","4","64.49846498033143","4.166641424763981","5.196799557866861","4.166641424763981"
"spinach","full_2005_2012","2007","4","50.85","71.5677377214397","4","200.52654706624185","4","71.5677377214397","4.270644381937518","5.300946642302354","4.270644381937518"
"spinach","full_2005_2012","2008","4","39.9","56.02516551879856","4","157.01749736685235","4","56.02516551879856","4.0258009740565415","5.056357247334931","4.0258009740565415"
"spinach","full_2005_2012","2009","4","53.625","75.20212614500655","4","210.63648351447932","4","75.20212614500655","4.320179503760989","5.350133820757397","4.320179503760989"
"spinach","full_2005_2012","2010","4","77.9","102.25442027613727","4","286.43840970126996","4","102.25442027613727","4.62746402407299","5.657523538179708","4.62746402407299"
"spinach","full_2005_2012","2011","4","63.45","77.2429438251977","4","203.1850133183617","4","77.2429438251977","4.3469555695372755","5.314116959629895","4.3469555695372755"
"spinach","full_2005_2012","2012","4","86.85","98.83461991193164","4","279.76613028770373","4","98.83461991193164","4.593447947343609","5.633954005181984","4.593447947343609"
"spinach","full_2005_2012","2013","4","73.4","85.24411579617905","0",,"4","85.24411579617905","4.445519090862714",,"4.445519090862714"
"spinach","full_2005_2012","2014","4","63.1","75.61048499098465","0",,"4","75.61048499098465","4.325594963925808",,"4.325594963925808"
"spinach","full_2005_2012","2015","4","81.1","95.13211359509157","0",,"4","95.13211359509157","4.555266594937403",,"4.555266594937403"
"spinach","full_2005_2012","2016","4","101.80000000000001","117.45046432642366","0",,"4","117.45046432642366","4.766016664493647",,"4.766016664493647"
"spinach","full_2005_2012","2017","4","84","92.08089382042174","0",,"4","92.08089382042174","4.522667471365013",,"4.522667471365013"
"spinach","full_2005_2012","2018","4","102.44999999999999","110.88275752969962","0",,"4","110.88275752969962","4.7084734046282",,"4.7084734046282"
"spinach","full_2005_2012","2019","4","90.825","100.71233991451287","0",,"4","100.71233991451287","4.612268333572577",,"4.612268333572577"
"spinach","full_2005_2012","2020","4","100","98.85253229858738","0",,"4","98.85253229858738","4.593629166876639",,"4.593629166876639"
"spinach","full_2005_2012","2021","4","117.525","104.70839314527474","0",,"4","104.70839314527474","4.651179278419755",,"4.651179278419755"
"spinach","full_2005_2012","2022","4","129.35","116.88137656671401","0",,"4","116.88137656671401","4.761159544980155",,"4.761159544980155"
"spinach","full_2005_2012","2023","4","144.65","130.51006968804842","0",,"4","130.51006968804842","4.87145038614641",,"4.87145038614641"
"spinach","full_2005_2012","2024","4","193.625","166.6352189674318","0",,"4","166.6352189674318","5.115807105755193",,"5.115807105755193"
"spinach","late_2010_2012","1980","4","15.853374842726286","72.70773751882771","4","198.47050690098877","0",,"4.2864478096715475","5.290640509244281",
"spinach","late_2010_2012","1981","4","15.679363218224957","54.00252360675208","4","147.41083411362223","0",,"3.989030778930672","4.993223478503406",
"spinach","late_2010_2012","1982","4","14.149892623923808","45.96262215846542","4","125.4642934794532","0",,"3.8278285044093447","4.8320212039820785",
"spinach","late_2010_2012","1983","4","16.091496013096524","50.721551030791744","4","138.45475443763908","0",,"3.9263508899214936","4.930543589494227",
"spinach","late_2010_2012","1984","4","16.018227960674913","51.53069954731531","4","140.66348932216258","0",,"3.9421777377829232","4.9463704373556565",
"spinach","late_2010_2012","1985","4","13.527114178340106","42.30355135620876","4","115.47611805696212","0",,"3.7448710389396447","4.749063738512378",
"spinach","late_2010_2012","1986","4","18.188794013665166","58.33026922889291","4","159.22429299263638","0",,"4.066121156371094","5.070313855943827",
"spinach","late_2010_2012","1987","4","15.578619646145242","48.87783619401614","4","133.42196108272313","0",,"3.8893240461669683","4.893516745739702",
"spinach","late_2010_2012","1988","4","18.93979155098669","51.931377619321594","4","141.7572213343106","0",,"3.9499231858949124","4.954115885467646",
"spinach","late_2010_2012","1989","4","20.405152599418926","53.117396836293736","4","144.99470118472982","0",,"3.9725044986265217","4.976697198199255",
"spinach","late_2010_2012","1990","4","23.84875106323469","55.72285495307303","4","152.1068272223827","0",,"4.020390385091347","5.02458308466408",
"spinach","late_2010_2012","1991","4","21.046248058108034","44.85673900352395","4","122.44556125335879","0",,"3.8034738337062577","4.807666533278992",
"spinach","late_2010_2012","1992","4","13.25235898175906","27.118202033511878","4","74.02462911792314","0",,"3.300205164175057","4.30439786374779",
"spinach","late_2010_2012","1993","4","15.367973995433108","31.707489998871505","4","86.55202083553327","0",,"3.456552930541011","4.4607456301137445",
"spinach","late_2010_2012","1994","4","22.841315342437525","43.64352564843145","4","119.13384949088089","0",,"3.7760549470790234","4.780247646651757",
"spinach","late_2010_2012","1995","4","26.019317116224947","44.745013216828504","4","122.14058307254807","0",,"3.8009800020159044","4.8051727015886385",
"spinach","late_2010_2012","1996","4","39.17093252590429","64.2456469679821","4","175.37151553664472","0",,"4.162713970008999","5.166906669581732",
"spinach","late_2010_2012","1997","4","37.44913329399641","63.1165472054812","4","172.28940887437494","0",,"4.144982972973618","5.149175672546352",
"spinach","late_2010_2012","1998","4","38.77711674413813","65.82028934557339","4","179.66982107513564","0",,"4.186928139518497","5.191120839091231",
"spinach","late_2010_2012","1999","4","44.198952623337405","69.62200717051766","4","190.04738045959357","0",,"4.243080712339979","5.247273411912713",
"spinach","late_2010_2012","2000","4","47.40442991678293","72.06350649636265","4","196.71194774410571","0",,"4.277547764923763","5.2817404644964965",
"spinach","late_2010_2012","2001","4","51.82798858173775","75.7996631455311","4","206.91054461049765","0",,"4.328093848648097","5.33228654822083",
"spinach","late_2010_2012","2002","4","59.88747434811506","84.86725552625222","4","231.66237595041855","0",,"4.441088336075102","5.445281035647835",
"spinach","late_2010_2012","2003","4","58.8525631076598","78.7301798573903","4","214.90998397049566","0",,"4.366026561677321","5.370219261250055",
"spinach","late_2010_2012","2004","4","40.84693922504866","53.32471676584211","4","145.56062295471327","0",,"3.9763999528729306","4.980592652445664",
"spinach","late_2010_2012","2005","4","38.95","54.56130285307385","4","152.824606895778","4","54.56130285307385","3.9993248925219826","5.029290903660724","3.9993248925219826"
"spinach","late_2010_2012","2006","4","45.725","64.49846498033143","4","180.69301793544358","4","64.49846498033143","4.166641424763981","5.196799557866861","4.166641424763981"
"spinach","late_2010_2012","2007","4","50.85","71.5677377214397","4","200.52654706624185","4","71.5677377214397","4.270644381937518","5.300946642302354","4.270644381937518"
"spinach","late_2010_2012","2008","4","39.9","56.02516551879856","4","157.01749736685235","4","56.02516551879856","4.0258009740565415","5.056357247334931","4.0258009740565415"
"spinach","late_2010_2012","2009","4","53.625","75.20212614500655","4","210.63648351447932","4","75.20212614500655","4.320179503760989","5.350133820757397","4.320179503760989"
"spinach","late_2010_2012","2010","4","77.9","102.25442027613727","4","286.43840970126996","4","102.25442027613727","4.62746402407299","5.657523538179708","4.62746402407299"
"spinach","late_2010_2012","2011","4","63.45","77.2429438251977","4","203.1850133183617","4","77.2429438251977","4.3469555695372755","5.314116959629895","4.3469555695372755"
"spinach","late_2010_2012","2012","4","86.85","98.83461991193164","4","279.76613028770373","4","98.83461991193164","4.593447947343609","5.633954005181984","4.593447947343609"
"spinach","late_2010_2012","2013","4","73.4","85.24411579617905","0",,"4","85.24411579617905","4.445519090862714",,"4.445519090862714"
"spinach","late_2010_2012","2014","4","63.1","75.61048499098465","0",,"4","75.61048499098465","4.325594963925808",,"4.325594963925808"
"spinach","late_2010_2012","2015","4","81.1","95.13211359509157","0",,"4","95.13211359509157","4.555266594937403",,"4.555266594937403"
"spinach","late_2010_2012","2016","4","101.80000000000001","117.45046432642366","0",,"4","117.45046432642366","4.766016664493647",,"4.766016664493647"
"spinach","late_2010_2012","2017","4","84","92.08089382042174","0",,"4","92.08089382042174","4.522667471365013",,"4.522667471365013"
"spinach","late_2010_2012","2018","4","102.44999999999999","110.88275752969962","0",,"4","110.88275752969962","4.7084734046282",,"4.7084734046282"
"spinach","late_2010_2012","2019","4","90.825","100.71233991451287","0",,"4","100.71233991451287","4.612268333572577",,"4.612268333572577"
"spinach","late_2010_2012","2020","4","100","98.85253229858738","0",,"4","98.85253229858738","4.593629166876639",,"4.593629166876639"
"spinach","late_2010_2012","2021","4","117.525","104.70839314527474","0",,"4","104.70839314527474","4.651179278419755",,"4.651179278419755"
"spinach","late_2010_2012","2022","4","129.35","116.88137656671401","0",,"4","116.88137656671401","4.761159544980155",,"4.761159544980155"
"spinach","late_2010_2012","2023","4","144.65","130.51006968804842","0",,"4","130.51006968804842","4.87145038614641",,"4.87145038614641"
"spinach","late_2010_2012","2024","4","193.625","166.6352189674318","0",,"4","166.6352189674318","5.115807105755193",,"5.115807105755193"
"sweet_persimmon","early_2005_2006","1980","4","148.1568979935055","671.6162872101","4","467.820275523861","0",,"6.509687176264449","6.1480841955021095",
"sweet_persimmon","early_2005_2006","1981","4","138.60996609760616","476.55972302554375","4","331.9518974971518","0",,"6.166593052124912","5.804990071362573",
"sweet_persimmon","early_2005_2006","1982","4","168.47104631335145","546.1385810824961","4","380.41766756067085","0",,"6.302872755046617","5.941269774284278",
"sweet_persimmon","early_2005_2006","1983","4","160.50330615963094","516.8232007109202","4","359.9977796221474","0",,"6.247700844477217","5.886097863714878",
"sweet_persimmon","early_2005_2006","1984","4","250.26600041393263","805.0976952950934","4","560.7979330000264","0",,"6.690963630669983","6.329360649907644",
"sweet_persimmon","early_2005_2006","1985","4","250.55312618523783","774.5731523194357","4","539.5357921361838","0",,"6.652312106422446","6.290709125660107",
"sweet_persimmon","early_2005_2006","1986","4","238.42206234759132","766.2272264711108","4","533.7223635397988","0",,"6.641478766053267","6.279875785290928",
"sweet_persimmon","early_2005_2006","1987","4","239.8218004827044","751.9735596270682","4","523.7938456089653","0",,"6.622701163261322","6.261098182498983",
"sweet_persimmon","early_2005_2006","1988","4","366.04946769277194","1002.9614545987565","4","698.6216876593141","0",,"6.910712357112569","6.54910937635023",
"sweet_persimmon","early_2005_2006","1989","4","417.6244343634762","1087.2876207749914","4","757.3598258577051","0",,"6.991441452649634","6.629838471887295",
"sweet_persimmon","early_2005_2006","1990","4","363.07053781548007","842.1325923164169","4","586.5949186575428","0",,"6.735937474904624","6.374334494142285",
"sweet_persimmon","early_2005_2006","1991","4","531.5056934074183","1132.280568547476","4","788.7000622760185","0",,"7.031989080126619","6.67038609936428",
"sweet_persimmon","early_2005_2006","1992","4","497.55307095057333","1010.6661478083297","4","703.9884599797148","0",,"6.918364944711762","6.556761963949422",
"sweet_persimmon","early_2005_2006","1993","4","283.24957339262244","583.7740389894568","4","406.63297922417905","0",,"6.369513988416947","6.007911007654608",
"sweet_persimmon","early_2005_2006","1994","4","347.88876265771535","667.0718121752823","4","464.6547811733128","0",,"6.502897704550933","6.141294723788594",
"sweet_persimmon","early_2005_2006","1995","4","384.9279871560917","660.8323348384697","4","460.3086179512178","0",,"6.4935001538765285","6.131897173114189",
"sweet_persimmon","early_2005_2006","1996","4","303.025360891271","497.0845778748519","4","346.2486669971548","0",,"6.208760188428765","5.8471572076664255",
"sweet_persimmon","early_2005_2006","1997","4","294.41158775211375","495.8841597901552","4","345.4125051442917","0",,"6.2063423506379864","5.844739369875647",
"sweet_persimmon","early_2005_2006","1998","4","272.15934047595744","463.01317109182776","4","322.51592672229947","0",,"6.137755500964183","5.776152520201844",
"sweet_persimmon","early_2005_2006","1999","4","262.0022663160345","416.1999437870317","4","289.9077584676785","0",,"6.031165778897131","5.669562798134792",
"sweet_persimmon","early_2005_2006","2000","4","205.79739658303308","312.9616467670824","4","217.99620796446942","0",,"5.746080648741742","5.384477667979403",
"sweet_persimmon","early_2005_2006","2001","4","152.6432381701499","224.1663981794852","4","156.14509081539327","0",,"5.412388625094834","5.050785644332494",
"sweet_persimmon","early_2005_2006","2002","4","241.0420850107517","342.02584052629345","4","238.24112964258165","0",,"5.834886291302737","5.473283310540398",
"sweet_persimmon","early_2005_2006","2003","4","181.6429410719795","242.12258259198939","4","168.65263016365677","0",,"5.489444137545111","5.127841156782772",
"sweet_persimmon","early_2005_2006","2004","4","228.62389540179993","297.932208935423","4","207.5273198787102","0",,"5.696865973832477","5.335262993070137",
"sweet_persimmon","early_2005_2006","2005","4","220.77499999999998","305.20821916742335","4","212.6189020194551","4","305.20821916742335","5.720994229478298","5.359501370796026","5.720994229478298"
"sweet_persimmon","early_2005_2006","2006","4","151.95","215.13994764322743","4","149.83291270099141","4","215.13994764322743","5.371288735642425","5.009520757904751","5.371288735642425"
"sweet_persimmon","early_2005_2006","2007","4","194.75","271.01067136034925","4","188.76892369146105","4","271.01067136034925","5.602158197817885","5.240523641071645","5.602158197817885"
"sweet_persimmon","early_2005_2006","2008","4","96.325","134.19106292022425","4","93.47781845920818","4","134.19106292022425","4.899264627090694","4.5377241724194","4.899264627090694"
"sweet_persimmon","early_2005_2006","2009","4","74.1","103.43988153585343","4","72.03075999384014","4","103.43988153585343","4.63899058921791","4.27709324991933","4.63899058921791"
"sweet_persimmon","early_2005_2006","2010","4","71.15","93.39696643114628","4","65.04146334739394","4","93.39696643114628","4.536858865383417","4.175024964177626","4.536858865383417"
"sweet_persimmon","early_2005_2006","2011","4","79.625","97.25532405852698","4","65.95587537549893","4","97.25532405852698","4.577339727103148","4.188985963527247","4.577339727103148"
"sweet_persimmon","early_2005_2006","2012","4","97.625","110.91092683794234","4","71.15595537141968","4","110.91092683794234","4.708727418248782","4.264874022669332","4.708727418248782"
"sweet_persimmon","early_2005_2006","2013","4","88.85","103.62040105641255","0",,"4","103.62040105641255","4.6407342318328535",,"4.6407342318328535"
"sweet_persimmon","early_2005_2006","2014","4","86.525","103.1960303907248","0",,"4","103.1960303907248","4.636630387101502",,"4.636630387101502"
"sweet_persimmon","early_2005_2006","2015","4","72.45","85.05863379391742","0",,"4","85.05863379391742","4.443340828021414",,"4.443340828021414"
"sweet_persimmon","early_2005_2006","2016","4","78.6","90.9262412590943","0",,"4","90.9262412590943","4.510048642240904",,"4.510048642240904"
"sweet_persimmon","early_2005_2006","2017","4","82.45","89.71280605759638","0",,"4","89.71280605759638","4.496613524288299",,"4.496613524288299"
"sweet_persimmon","early_2005_2006","2018","4","86.925","94.04482559548987","0",,"4","94.04482559548987","4.543771536641702",,"4.543771536641702"
"sweet_persimmon","early_2005_2006","2019","4","101.925","111.41220370813835","0",,"4","111.41220370813835","4.713236870040203",,"4.713236870040203"
"sweet_persimmon","early_2005_2006","2020","4","100","100.03032310443666","0",,"4","100.03032310443666","4.605473371067217",,"4.605473371067217"
"sweet_persimmon","early_2005_2006","2021","4","111.675","99.22401864184015","0",,"4","99.22401864184015","4.597380108389332",,"4.597380108389332"
"sweet_persimmon","early_2005_2006","2022","4","133.025","120.9494743373184","0",,"4","120.9494743373184","4.795372890930993",,"4.795372890930993"
"sweet_persimmon","early_2005_2006","2023","4","125.07499999999999","113.77510713552967","0",,"4","113.77510713552967","4.734223755546118",,"4.734223755546118"
"sweet_persimmon","early_2005_2006","2024","4","196.95","167.3594658411743","0",,"4","167.3594658411743","5.120143989195881",,"5.120143989195881"
"sweet_persimmon","full_2005_2012","1980","4","150.41724247184496","681.8627501619953","4","467.820275523861","0",,"6.524828391493968","6.1480841955021095",
"sweet_persimmon","full_2005_2012","1981","4","140.72465853349448","483.8303202986251","4","331.9518974971518","0",,"6.181734267354432","5.804990071362573",
"sweet_persimmon","full_2005_2012","1982","4","171.04131205495162","554.4707029268134","4","380.41766756067085","0",,"6.318013970276136","5.941269774284278",
"sweet_persimmon","full_2005_2012","1983","4","162.95201267783204","524.7080746778134","4","359.9977796221474","0",,"6.2628420597067365","5.886097863714878",
"sweet_persimmon","full_2005_2012","1984","4","254.08416466961603","817.3806072264964","4","560.7979330000264","0",,"6.706104845899502","6.329360649907644",
"sweet_persimmon","full_2005_2012","1985","4","254.37567095347617","786.390368875846","4","539.5357921361838","0",,"6.667453321651966","6.290709125660107",
"sweet_persimmon","full_2005_2012","1986","4","242.05953046038422","777.9171140427532","4","533.7223635397988","0",,"6.6566199812827875","6.279875785290928",
"sweet_persimmon","full_2005_2012","1987","4","243.48062359420254","763.4459872114714","4","523.7938456089653","0",,"6.637842378490841","6.261098182498983",
"sweet_persimmon","full_2005_2012","1988","4","371.6340736362274","1018.2630599684167","4","698.6216876593141","0",,"6.925853572342088","6.54910937635023",
"sweet_persimmon","full_2005_2012","1989","4","423.9958898746095","1103.8757419038054","4","757.3598258577051","0",,"7.0065826678791545","6.629838471887295",
"sweet_persimmon","full_2005_2012","1990","4","368.6096959411782","854.9805243455794","4","586.5949186575428","0",,"6.751078690134143","6.374334494142285",
"sweet_persimmon","full_2005_2012","1991","4","539.6145697106473","1149.555121171813","4","788.7000622760185","0",,"7.047130295356139","6.67038609936428",
"sweet_persimmon","full_2005_2012","1992","4","505.1439516441829","1026.0852992456346","4","703.9884599797148","0",,"6.933506159941281","6.556761963949422",
"sweet_persimmon","full_2005_2012","1993","4","287.57094902805244","592.68034334314","4","406.63297922417905","0",,"6.384655203646467","6.007911007654608",
"sweet_persimmon","full_2005_2012","1994","4","353.19630118207203","677.2489426884521","4","464.6547811733128","0",,"6.5180389197804525","6.141294723788594",
"sweet_persimmon","full_2005_2012","1995","4","390.80061180003327","670.9142732388391","4","460.3086179512178","0",,"6.508641369106048","6.131897173114189",
"sweet_persimmon","full_2005_2012","1996","4","307.6484443289213","504.6683110393812","4","346.2486669971548","0",,"6.223901403658285","5.8471572076664255",
"sweet_persimmon","full_2005_2012","1997","4","298.90325581311635","503.4495788672124","4","345.4125051442917","0",,"6.221483565867506","5.844739369875647",
"sweet_persimmon","full_2005_2012","1998","4","276.3115188139536","470.07709642267355","4","322.51592672229947","0",,"6.152896716193703","5.776152520201844",
"sweet_persimmon","full_2005_2012","1999","4","265.9994840224003","422.5496666657157","4","289.9077584676785","0",,"6.046306994126651","5.669562798134792",
"sweet_persimmon","full_2005_2012","2000","4","208.937128956773","317.73632239665056","4","217.99620796446942","0",,"5.761221863971262","5.384477667979403",
"sweet_persimmon","full_2005_2012","2001","4","154.97202815716005","227.58637583301612","4","156.14509081539327","0",,"5.427529840324353","5.050785644332494",
"sweet_persimmon","full_2005_2012","2002","4","244.71952530060824","347.24393182378344","4","238.24112964258165","0",,"5.850027506532257","5.473283310540398",
"sweet_persimmon","full_2005_2012","2003","4","184.41416282703668","245.8165074112515","4","168.65263016365677","0",,"5.504585352774631","5.127841156782772",
"sweet_persimmon","full_2005_2012","2004","4","232.11187852365612","302.4775890865124","4","207.5273198787102","0",,"5.712007189061996","5.335262993070137",
"sweet_persimmon","full_2005_2012","2005","4","220.77499999999998","305.20821916742335","4","212.6189020194551","4","305.20821916742335","5.720994229478298","5.359501370796026","5.720994229478298"
"sweet_persimmon","full_2005_2012","2006","4","151.95","215.13994764322743","4","149.83291270099141","4","215.13994764322743","5.371288735642425","5.009520757904751","5.371288735642425"
"sweet_persimmon","full_2005_2012","2007","4","194.75","271.01067136034925","4","188.76892369146105","4","271.01067136034925","5.602158197817885","5.240523641071645","5.602158197817885"
"sweet_persimmon","full_2005_2012","2008","4","96.325","134.19106292022425","4","93.47781845920818","4","134.19106292022425","4.899264627090694","4.5377241724194","4.899264627090694"
"sweet_persimmon","full_2005_2012","2009","4","74.1","103.43988153585343","4","72.03075999384014","4","103.43988153585343","4.63899058921791","4.27709324991933","4.63899058921791"
"sweet_persimmon","full_2005_2012","2010","4","71.15","93.39696643114628","4","65.04146334739394","4","93.39696643114628","4.536858865383417","4.175024964177626","4.536858865383417"
"sweet_persimmon","full_2005_2012","2011","4","79.625","97.25532405852698","4","65.95587537549893","4","97.25532405852698","4.577339727103148","4.188985963527247","4.577339727103148"
"sweet_persimmon","full_2005_2012","2012","4","97.625","110.91092683794234","4","71.15595537141968","4","110.91092683794234","4.708727418248782","4.264874022669332","4.708727418248782"
"sweet_persimmon","full_2005_2012","2013","4","88.85","103.62040105641255","0",,"4","103.62040105641255","4.6407342318328535",,"4.6407342318328535"
"sweet_persimmon","full_2005_2012","2014","4","86.525","103.1960303907248","0",,"4","103.1960303907248","4.636630387101502",,"4.636630387101502"
"sweet_persimmon","full_2005_2012","2015","4","72.45","85.05863379391742","0",,"4","85.05863379391742","4.443340828021414",,"4.443340828021414"
"sweet_persimmon","full_2005_2012","2016","4","78.6","90.9262412590943","0",,"4","90.9262412590943","4.510048642240904",,"4.510048642240904"
"sweet_persimmon","full_2005_2012","2017","4","82.45","89.71280605759638","0",,"4","89.71280605759638","4.496613524288299",,"4.496613524288299"
"sweet_persimmon","full_2005_2012","2018","4","86.925","94.04482559548987","0",,"4","94.04482559548987","4.543771536641702",,"4.543771536641702"
"sweet_persimmon","full_2005_2012","2019","4","101.925","111.41220370813835","0",,"4","111.41220370813835","4.713236870040203",,"4.713236870040203"
"sweet_persimmon","full_2005_2012","2020","4","100","100.03032310443666","0",,"4","100.03032310443666","4.605473371067217",,"4.605473371067217"
"sweet_persimmon","full_2005_2012","2021","4","111.675","99.22401864184015","0",,"4","99.22401864184015","4.597380108389332",,"4.597380108389332"
"sweet_persimmon","full_2005_2012","2022","4","133.025","120.9494743373184","0",,"4","120.9494743373184","4.795372890930993",,"4.795372890930993"
"sweet_persimmon","full_2005_2012","2023","4","125.07499999999999","113.77510713552967","0",,"4","113.77510713552967","4.734223755546118",,"4.734223755546118"
"sweet_persimmon","full_2005_2012","2024","4","196.95","167.3594658411743","0",,"4","167.3594658411743","5.120143989195881",,"5.120143989195881"
"sweet_persimmon","late_2010_2012","1980","4","154.16951071317317","698.8723156900728","4","467.820275523861","0",,"6.549468058438088","6.1480841955021095",
"sweet_persimmon","late_2010_2012","1981","4","144.23513817206268","495.89982187447004","4","331.9518974971518","0",,"6.206373934298552","5.804990071362573",
"sweet_persimmon","late_2010_2012","1982","4","175.30806281192704","568.3023805666201","4","380.41766756067085","0",,"6.342653637220257","5.941269774284278",
"sweet_persimmon","late_2010_2012","1983","4","167.01696993927095","537.7973017652637","4","359.9977796221474","0",,"6.287481726650857","5.886097863714878",
"sweet_persimmon","late_2010_2012","1984","4","260.42248018482474","837.7707649183424","4","560.7979330000264","0",,"6.730744512843622","6.329360649907644",
"sweet_persimmon","late_2010_2012","1985","4","260.72125830636185","806.0074523825558","4","539.5357921361838","0",,"6.6920929885960865","6.290709125660107",
"sweet_persimmon","late_2010_2012","1986","4","248.09788267141698","797.3228260039643","4","533.7223635397988","0",,"6.6812596482269075","6.279875785290928",
"sweet_persimmon","late_2010_2012","1987","4","249.55442601391064","782.4907063188522","4","523.7938456089653","0",,"6.662482045434962","6.261098182498983",
"sweet_persimmon","late_2010_2012","1988","4","380.9047576946834","1043.6643775198427","4","698.6216876593141","0",,"6.950493239286209","6.54910937635023",
"sweet_persimmon","late_2010_2012","1989","4","434.5727777757953","1131.4127304873687","4","757.3598258577051","0",,"7.0312223348232745","6.629838471887295",
"sweet_persimmon","late_2010_2012","1990","4","377.80493468373544","876.3086394987112","4","586.5949186575428","0",,"6.775718357078263","6.374334494142285",
"sweet_persimmon","late_2010_2012","1991","4","553.0756502304703","1178.2316153153388","4","788.7000622760185","0",,"7.071769962300259","6.67038609936428",
"sweet_persimmon","late_2010_2012","1992","4","517.7451373587014","1051.681748282877","4","703.9884599797148","0",,"6.958145826885401","6.556761963949422",
"sweet_persimmon","late_2010_2012","1993","4","294.74461689640566","607.4651884382906","4","406.63297922417905","0",,"6.409294870590587","6.007911007654608",
"sweet_persimmon","late_2010_2012","1994","4","362.0070415074582","694.1434134111064","4","464.6547811733128","0",,"6.542678586724573","6.141294723788594",
"sweet_persimmon","late_2010_2012","1995","4","400.5494191857515","687.6507209941494","4","460.3086179512178","0",,"6.533281036050169","6.131897173114189",
"sweet_persimmon","late_2010_2012","1996","4","315.3229600172774","517.2576315507731","4","346.2486669971548","0",,"6.248541070602405","5.8471572076664255",
"sweet_persimmon","late_2010_2012","1997","4","306.35961637116264","516.0084972122758","4","345.4125051442917","0",,"6.246123232811626","5.844739369875647",
"sweet_persimmon","late_2010_2012","1998","4","283.204311952033","481.80351375952057","4","322.51592672229947","0",,"6.177536383137824","5.776152520201844",
"sweet_persimmon","late_2010_2012","1999","4","272.63503590265606","433.0904774701044","4","289.9077584676785","0",,"6.070946661070772","5.669562798134792",
"sweet_persimmon","late_2010_2012","2000","4","214.14921861175748","325.66248758923825","4","217.99620796446942","0",,"5.7858615309153825","5.384477667979403",
"sweet_persimmon","late_2010_2012","2001","4","158.83791886219126","233.26368460536017","4","156.14509081539327","0",,"5.452169507268474","5.050785644332494",
"sweet_persimmon","late_2010_2012","2002","4","250.82423303044357","355.9061859375045","4","238.24112964258165","0",,"5.874667173476377","5.473283310540398",
"sweet_persimmon","late_2010_2012","2003","4","189.01450913744415","251.94858016299145","4","168.65263016365677","0",,"5.529225019718751","5.127841156782772",
"sweet_persimmon","late_2010_2012","2004","4","237.9020792739615","310.02311400500895","4","207.5273198787102","0",,"5.736646856006116","5.335262993070137",
"sweet_persimmon","late_2010_2012","2005","4","220.77499999999998","305.20821916742335","4","212.6189020194551","4","305.20821916742335","5.720994229478298","5.359501370796026","5.720994229478298"
"sweet_persimmon","late_2010_2012","2006","4","151.95","215.13994764322743","4","149.83291270099141","4","215.13994764322743","5.371288735642425","5.009520757904751","5.371288735642425"
"sweet_persimmon","late_2010_2012","2007","4","194.75","271.01067136034925","4","188.76892369146105","4","271.01067136034925","5.602158197817885","5.240523641071645","5.602158197817885"
"sweet_persimmon","late_2010_2012","2008","4","96.325","134.19106292022425","4","93.47781845920818","4","134.19106292022425","4.899264627090694","4.5377241724194","4.899264627090694"
"sweet_persimmon","late_2010_2012","2009","4","74.1","103.43988153585343","4","72.03075999384014","4","103.43988153585343","4.63899058921791","4.27709324991933","4.63899058921791"
"sweet_persimmon","late_2010_2012","2010","4","71.15","93.39696643114628","4","65.04146334739394","4","93.39696643114628","4.536858865383417","4.175024964177626","4.536858865383417"
"sweet_persimmon","late_2010_2012","2011","4","79.625","97.25532405852698","4","65.95587537549893","4","97.25532405852698","4.577339727103148","4.188985963527247","4.577339727103148"
"sweet_persimmon","late_2010_2012","2012","4","97.625","110.91092683794234","4","71.15595537141968","4","110.91092683794234","4.708727418248782","4.264874022669332","4.708727418248782"
"sweet_persimmon","late_2010_2012","2013","4","88.85","103.62040105641255","0",,"4","103.62040105641255","4.6407342318328535",,"4.6407342318328535"
"sweet_persimmon","late_2010_2012","2014","4","86.525","103.1960303907248","0",,"4","103.1960303907248","4.636630387101502",,"4.636630387101502"
"sweet_persimmon","late_2010_2012","2015","4","72.45","85.05863379391742","0",,"4","85.05863379391742","4.443340828021414",,"4.443340828021414"
"sweet_persimmon","late_2010_2012","2016","4","78.6","90.9262412590943","0",,"4","90.9262412590943","4.510048642240904",,"4.510048642240904"
"sweet_persimmon","late_2010_2012","2017","4","82.45","89.71280605759638","0",,"4","89.71280605759638","4.496613524288299",,"4.496613524288299"
"sweet_persimmon","late_2010_2012","2018","4","86.925","94.04482559548987","0",,"4","94.04482559548987","4.543771536641702",,"4.543771536641702"
"sweet_persimmon","late_2010_2012","2019","4","101.925","111.41220370813835","0",,"4","111.41220370813835","4.713236870040203",,"4.713236870040203"
"sweet_persimmon","late_2010_2012","2020","4","100","100.03032310443666","0",,"4","100.03032310443666","4.605473371067217",,"4.605473371067217"
"sweet_persimmon","late_2010_2012","2021","4","111.675","99.22401864184015","0",,"4","99.22401864184015","4.597380108389332",,"4.597380108389332"
"sweet_persimmon","late_2010_2012","2022","4","133.025","120.9494743373184","0",,"4","120.9494743373184","4.795372890930993",,"4.795372890930993"
"sweet_persimmon","late_2010_2012","2023","4","125.07499999999999","113.77510713552967","0",,"4","113.77510713552967","4.734223755546118",,"4.734223755546118"
"sweet_persimmon","late_2010_2012","2024","4","196.95","167.3594658411743","0",,"4","167.3594658411743","5.120143989195881",,"5.120143989195881"
"sweet_potato","early_2005_2006","1980","4","10.493193966997525","47.33918699480703","4","126.31971161721206","0",,"3.8573384301911564","4.838816086990475",
"sweet_potato","early_2005_2006","1981","4","13.21955061377992","45.42958802633084","4","121.22414478736981","0",,"3.8161636114125814","4.797641268211899",
"sweet_potato","early_2005_2006","1982","4","12.844793686387149","41.62133540644474","4","111.06221757129245","0",,"3.728612906141401","4.710090562940719",
"sweet_potato","early_2005_2006","1983","4","14.699840476981354","46.07234300746832","4","122.93926980349482","0",,"3.830212835207659","4.811690492006977",
"sweet_potato","early_2005_2006","1984","4","11.214601052228605","36.063400099214135","4","96.23144353891404","0",,"3.5852785033804526","4.566756160179771",
"sweet_potato","early_2005_2006","1985","4","13.509987232509314","41.843503874007126","4","111.65505108902897","0",,"3.733936560848925","4.715414217648243",
"sweet_potato","early_2005_2006","1986","4","16.433091266172912","53.00260378765883","4","141.43195205597567","0",,"3.970341040414412","4.951818697213731",
"sweet_potato","early_2005_2006","1987","4","20.85522300940758","65.28666966111098","4","174.21070803231999","0",,"4.17878787549063","5.160265532289949",
"sweet_potato","early_2005_2006","1988","4","21.22061101361553","58.21699472903912","4","155.34601357221624","0",,"4.064177317765632","5.04565497456495",
"sweet_potato","early_2005_2006","1989","4","23.356725499754315","60.864911599343785","4","162.4117051625667","0",,"4.10865684445508","5.090134501254398",
"sweet_potato","early_2005_2006","1990","4","21.22997993680035","49.5298413154927","4","132.16524551014456","0",,"3.9025753427890923","4.884052999588411",
"sweet_potato","early_2005_2006","1991","4","22.43857102764203","47.848071111211816","4","127.67761611265436","0",,"3.868030805930999","4.849508462730317",
"sweet_potato","early_2005_2006","1992","4","22.382357488533117","45.625365916427754","4","121.74655778573376","0",,"3.8204638319565825","4.801941488755901",
"sweet_potato","early_2005_2006","1993","4","21.13629070495216","43.576841874404735","4","116.28028380308889","0",,"3.7745258595754176","4.756003516374736",
"sweet_potato","early_2005_2006","1994","4","28.106769554457657","53.6568951889579","4","143.17786081302268","0",,"3.982609982513896","4.964087639313214",
"sweet_potato","early_2005_2006","1995","4","30.786281585315955","52.90475672850339","4","141.17085732495582","0",,"3.968493254075132","4.94997091087445",
"sweet_potato","early_2005_2006","1996","4","38.54374998234627","63.214598379490525","4","168.68160068256097","0",,"4.146535261496673","5.128012918295991",
"sweet_potato","early_2005_2006","1997","4","49.09315748845271","82.72805416660808","4","220.7512339856066","0",,"4.4155587726379","5.397036429437218",
"sweet_potato","early_2005_2006","1998","4","47.64097439480573","81.32909930402654","4","217.0182680006567","0",,"4.398503877532662","5.37998153433198",
"sweet_potato","early_2005_2006","1999","4","30.24288404059644","48.02001273552655","4","128.13642450750098","0",,"3.8716178560060364","4.853095512805354",
"sweet_potato","early_2005_2006","2000","4","36.81986811633953","56.11465817177893","4","149.73614647279686","0",,"4.027397064883755","5.008874721683073",
"sweet_potato","early_2005_2006","2001","4","35.976665029705806","52.68886266095024","4","140.59476639301454","0",,"3.964404098506164","4.945881755305482",
"sweet_potato","early_2005_2006","2002","4","32.060455138451374","45.49838002644369","4","121.4077091062243","0",,"3.8176767215086493","4.799154378307968",
"sweet_potato","early_2005_2006","2003","4","49.11189533482235","65.99498102763555","4","176.10076346492366","0",,"4.18957869409903","5.171056350898349",
"sweet_potato","early_2005_2006","2004","4","48.76524517698404","63.63117712582944","4","169.79319786966866","0",,"4.153103556615146","5.134581213414465",
"sweet_potato","early_2005_2006","2005","4","39.75","54.96459924326473","4","146.71305224752885","4","54.96459924326473","4.006689327878344","4.988478653566922","4.006689327878344"
"sweet_potato","early_2005_2006","2006","4","53.475","75.78221649131032","4","202.11883040704816","4","75.78221649131032","4.327863654190295","5.308855793780447","4.327863654190295"
"sweet_potato","early_2005_2006","2007","4","56.275","77.936793535553","4","207.91023268023926","4","77.936793535553","4.355898158899452","5.3371064128939105","4.355898158899452"
"sweet_potato","early_2005_2006","2008","4","57.325","80.05953917490282","4","213.50268437586047","4","80.05953917490282","4.382770597551144","5.36364940577868","4.382770597551144"
"sweet_potato","early_2005_2006","2009","4","59.45","82.9841786604855","4","221.27939969418705","4","82.9841786604855","4.418649971078206","5.399426155034004","4.418649971078206"
"sweet_potato","early_2005_2006","2010","4","64.675","84.88609144569037","4","226.52535827099632","4","84.88609144569037","4.4413102571134955","5.422856895702708","4.4413102571134955"
"sweet_potato","early_2005_2006","2011","4","87.4","106.66609526666525","4","275.4584764759361","4","106.66609526666525","4.6697033502363015","5.618436896637966","4.6697033502363015"
"sweet_potato","early_2005_2006","2012","4","105.575","119.80050338325555","4","310.2817408444241","4","119.80050338325555","4.78582788753609","5.737480726166504","4.78582788753609"
"sweet_potato","early_2005_2006","2013","4","75.075","87.3056514638674","0",,"4","87.3056514638674","4.469415196877038",,"4.469415196877038"
"sweet_potato","early_2005_2006","2014","4","63.475","75.89457099876053","0",,"4","75.89457099876053","4.329345153500234",,"4.329345153500234"
"sweet_potato","early_2005_2006","2015","4","69.875","82.03649649982586","0",,"4","82.03649649982586","4.407164227512025",,"4.407164227512025"
"sweet_potato","early_2005_2006","2016","4","63","72.64419707653707","0",,"4","72.64419707653707","4.285573511761237",,"4.285573511761237"
"sweet_potato","early_2005_2006","2017","4","65.225","71.14080816835157","0",,"4","71.14080816835157","4.264661126708123",,"4.264661126708123"
"sweet_potato","early_2005_2006","2018","4","91.65","99.46583585008179","0",,"4","99.46583585008179","4.599814226912957",,"4.599814226912957"
"sweet_potato","early_2005_2006","2019","4","71.825","78.04785766269002","0",,"4","78.04785766269002","4.357322198316826",,"4.357322198316826"
"sweet_potato","early_2005_2006","2020","4","100","99.7617515535317","0",,"4","99.7617515535317","4.602784858891381",,"4.602784858891381"
"sweet_potato","early_2005_2006","2021","4","102.825","90.70215490806784","0",,"4","90.70215490806784","4.507581115472463",,"4.507581115472463"
"sweet_potato","early_2005_2006","2022","4","64.675","59.32308962857121","0",,"4","59.32308962857121","4.082998600009343",,"4.082998600009343"
"sweet_potato","early_2005_2006","2023","4","84.125","76.7037465277211","0",,"4","76.7037465277211","4.339950553695527",,"4.339950553695527"
"sweet_potato","early_2005_2006","2024","4","87.925","74.94144761833694","0",,"4","74.94144761833694","4.31670711021042",,"4.31670711021042"
"sweet_potato","full_2005_2012","1980","4","10.58009806699708","47.73124773946049","4","126.31971161721206","0",,"3.8655862722948178","4.838816086990475",
"sweet_potato","full_2005_2012","1981","4","13.32903426119007","45.805833569222344","4","121.22414478736981","0",,"3.8244114535162432","4.797641268211899",
"sweet_potato","full_2005_2012","1982","4","12.951173615940176","41.96604119437288","4","111.06221757129245","0",,"3.7368607482450624","4.710090562940719",
"sweet_potato","full_2005_2012","1983","4","14.821583809927159","46.45391181449957","4","122.93926980349482","0",,"3.8384606773113203","4.811690492006977",
"sweet_potato","full_2005_2012","1984","4","11.307479809103128","36.362075348942966","4","96.23144353891404","0",,"3.593526345484114","4.566756160179771",
"sweet_potato","full_2005_2012","1985","4","13.621876261258741","42.19004964991056","4","111.65505108902897","0",,"3.7421844029525864","4.715414217648243",
"sweet_potato","full_2005_2012","1986","4","16.569189294207927","53.441568662823286","4","141.43195205597567","0",,"3.978588882518074","4.951818697213731",
"sweet_potato","full_2005_2012","1987","4","21.027944908156694","65.82737054653361","4","174.21070803231999","0",,"4.187035717594292","5.160265532289949",
"sweet_potato","full_2005_2012","1988","4","21.396359037275346","58.69914492539669","4","155.34601357221624","0",,"4.072425159869294","5.04565497456495",
"sweet_potato","full_2005_2012","1989","4","23.55016471519975","61.36899170886327","4","162.4117051625667","0",,"4.116904686558741","5.090134501254398",
"sweet_potato","full_2005_2012","1990","4","21.40580555340659","49.9400449480741","4","132.16524551014456","0",,"3.910823184892754","4.884052999588411",
"sweet_potato","full_2005_2012","1991","4","22.624406134337505","48.24434640829606","4","127.67761611265436","0",,"3.8762786480346603","4.849508462730317",
"sweet_potato","full_2005_2012","1992","4","22.56772703755002","46.00323288187107","4","121.74655778573376","0",,"3.8287116740602443","4.801941488755901",
"sweet_potato","full_2005_2012","1993","4","21.311340392094117","43.937743067676166","4","116.28028380308889","0",,"3.782773701679079","4.756003516374736",
"sweet_potato","full_2005_2012","1994","4","28.339548393742177","54.10127887230851","4","143.17786081302268","0",,"3.9908578246175574","4.964087639313214",
"sweet_potato","full_2005_2012","1995","4","31.04125200727893","53.34291123928877","4","141.17085732495582","0",,"3.9767410961787935","4.94997091087445",
"sweet_potato","full_2005_2012","1996","4","38.862967363951775","63.73813847569774","4","168.68160068256097","0",,"4.154783103600335","5.128012918295991",
"sweet_potato","full_2005_2012","1997","4","49.49974452773634","83.41320371351202","4","220.7512339856066","0",,"4.423806614741562","5.397036429437218",
"sweet_potato","full_2005_2012","1998","4","48.03553452739299","82.00266277774293","4","217.0182680006567","0",,"4.406751719636324","5.37998153433198",
"sweet_potato","full_2005_2012","1999","4","30.49335407166658","48.41771204441887","4","128.13642450750098","0",,"3.8798656981096977","4.853095512805354",
"sweet_potato","full_2005_2012","2000","4","37.12480839580225","56.579396923443916","4","149.73614647279686","0",,"4.035644906987416","5.008874721683073",
"sweet_potato","full_2005_2012","2001","4","36.27462194398999","53.12522914802283","4","140.59476639301454","0",,"3.972651940609826","4.945881755305482",
"sweet_potato","full_2005_2012","2002","4","32.32597820112858","45.87519530118955","4","121.4077091062243","0",,"3.825924563612311","4.799154378307968",
"sweet_potato","full_2005_2012","2003","4","49.51863755999883","66.5415481118553","4","176.10076346492366","0",,"4.197826536202691","5.171056350898349",
"sweet_potato","full_2005_2012","2004","4","49.16911646314268","64.15816730607622","4","169.79319786966866","0",,"4.161351398718808","5.134581213414465",
"sweet_potato","full_2005_2012","2005","4","39.75","54.96459924326473","4","146.71305224752885","4","54.96459924326473","4.006689327878344","4.988478653566922","4.006689327878344"
"sweet_potato","full_2005_2012","2006","4","53.475","75.78221649131032","4","202.11883040704816","4","75.78221649131032","4.327863654190295","5.308855793780447","4.327863654190295"
"sweet_potato","full_2005_2012","2007","4","56.275","77.936793535553","4","207.91023268023926","4","77.936793535553","4.355898158899452","5.3371064128939105","4.355898158899452"
"sweet_potato","full_2005_2012","2008","4","57.325","80.05953917490282","4","213.50268437586047","4","80.05953917490282","4.382770597551144","5.36364940577868","4.382770597551144"
"sweet_potato","full_2005_2012","2009","4","59.45","82.9841786604855","4","221.27939969418705","4","82.9841786604855","4.418649971078206","5.399426155034004","4.418649971078206"
"sweet_potato","full_2005_2012","2010","4","64.675","84.88609144569037","4","226.52535827099632","4","84.88609144569037","4.4413102571134955","5.422856895702708","4.4413102571134955"
"sweet_potato","full_2005_2012","2011","4","87.4","106.66609526666525","4","275.4584764759361","4","106.66609526666525","4.6697033502363015","5.618436896637966","4.6697033502363015"
"sweet_potato","full_2005_2012","2012","4","105.575","119.80050338325555","4","310.2817408444241","4","119.80050338325555","4.78582788753609","5.737480726166504","4.78582788753609"
"sweet_potato","full_2005_2012","2013","4","75.075","87.3056514638674","0",,"4","87.3056514638674","4.469415196877038",,"4.469415196877038"
"sweet_potato","full_2005_2012","2014","4","63.475","75.89457099876053","0",,"4","75.89457099876053","4.329345153500234",,"4.329345153500234"
"sweet_potato","full_2005_2012","2015","4","69.875","82.03649649982586","0",,"4","82.03649649982586","4.407164227512025",,"4.407164227512025"
"sweet_potato","full_2005_2012","2016","4","63","72.64419707653707","0",,"4","72.64419707653707","4.285573511761237",,"4.285573511761237"
"sweet_potato","full_2005_2012","2017","4","65.225","71.14080816835157","0",,"4","71.14080816835157","4.264661126708123",,"4.264661126708123"
"sweet_potato","full_2005_2012","2018","4","91.65","99.46583585008179","0",,"4","99.46583585008179","4.599814226912957",,"4.599814226912957"
"sweet_potato","full_2005_2012","2019","4","71.825","78.04785766269002","0",,"4","78.04785766269002","4.357322198316826",,"4.357322198316826"
"sweet_potato","full_2005_2012","2020","4","100","99.7617515535317","0",,"4","99.7617515535317","4.602784858891381",,"4.602784858891381"
"sweet_potato","full_2005_2012","2021","4","102.825","90.70215490806784","0",,"4","90.70215490806784","4.507581115472463",,"4.507581115472463"
"sweet_potato","full_2005_2012","2022","4","64.675","59.32308962857121","0",,"4","59.32308962857121","4.082998600009343",,"4.082998600009343"
"sweet_potato","full_2005_2012","2023","4","84.125","76.7037465277211","0",,"4","76.7037465277211","4.339950553695527",,"4.339950553695527"
"sweet_potato","full_2005_2012","2024","4","87.925","74.94144761833694","0",,"4","74.94144761833694","4.31670711021042",,"4.31670711021042"
"sweet_potato","late_2010_2012","1980","4","10.718490644604213","48.35559454279248","4","126.31971161721206","0",,"3.8785819244669817","4.838816086990475",
"sweet_potato","late_2010_2012","1981","4","13.503384196014771","46.404995064413214","4","121.22414478736981","0",,"3.8374071056884067","4.797641268211899",
"sweet_potato","late_2010_2012","1982","4","13.120580958707478","42.51497642881771","4","111.06221757129245","0",,"3.749856400417226","4.710090562940719",
"sweet_potato","late_2010_2012","1983","4","15.01545698337858","47.06155047297259","4","122.93926980349482","0",,"3.8514563294834843","4.811690492006977",
"sweet_potato","late_2010_2012","1984","4","11.455386876420754","36.83770811745031","4","96.23144353891404","0",,"3.606521997656278","4.566756160179771",
"sweet_potato","late_2010_2012","1985","4","13.800056704927924","42.74191501859152","4","111.65505108902897","0",,"3.7551800551247503","4.715414217648243",
"sweet_potato","late_2010_2012","1986","4","16.785921955924813","54.14060910571739","4","141.43195205597567","0",,"3.9915845346902374","4.951818697213731",
"sweet_potato","late_2010_2012","1987","4","21.303000156150873","66.68842300836778","4","174.21070803231999","0",,"4.200031369766456","5.160265532289949",
"sweet_potato","late_2010_2012","1988","4","21.676233312525483","59.46695689822711","4","155.34601357221624","0",,"4.085420812041457","5.04565497456495",
"sweet_potato","late_2010_2012","1989","4","23.858211765177057","62.17172651282818","4","162.4117051625667","0",,"4.129900338730905","5.090134501254398",
"sweet_potato","late_2010_2012","1990","4","21.685803393458166","50.59328384079655","4","132.16524551014456","0",,"3.9238188370649176","4.884052999588411",
"sweet_potato","late_2010_2012","1991","4","22.920343833774186","48.87540477960192","4","127.67761611265436","0",,"3.889274300206824","4.849508462730317",
"sweet_potato","late_2010_2012","1992","4","22.862923348178093","46.604976451398336","4","121.74655778573376","0",,"3.8417073262324077","4.801941488755901",
"sweet_potato","late_2010_2012","1993","4","21.590102584131344","44.51246907483325","4","116.28028380308889","0",,"3.7957693538512425","4.756003516374736",
"sweet_potato","late_2010_2012","1994","4","28.710242798047","54.80894862995814","4","143.17786081302268","0",,"4.003853476789721","4.964087639313214",
"sweet_potato","late_2010_2012","1995","4","31.447285944794146","54.04066119743911","4","141.17085732495582","0",,"3.9897367483509574","4.94997091087445",
"sweet_potato","late_2010_2012","1996","4","39.37131295705512","64.57186281546048","4","168.68160068256097","0",,"4.167778755772498","5.128012918295991",
"sweet_potato","late_2010_2012","1997","4","50.147224087255424","84.50428700927","4","220.7512339856066","0",,"4.436802266913725","5.397036429437218",
"sweet_potato","late_2010_2012","1998","4","48.66386154268966","83.07529554547315","4","217.0182680006567","0",,"4.419747371808487","5.37998153433198",
"sweet_potato","late_2010_2012","1999","4","30.89222125069857","49.05103811845298","4","128.13642450750098","0",,"3.8928613502818616","4.853095512805354",
"sweet_potato","late_2010_2012","2000","4","37.610418065441564","57.31948161170568","4","149.73614647279686","0",,"4.04864055915958","5.008874721683073",
"sweet_potato","late_2010_2012","2001","4","36.749110781500164","53.82013172370863","4","140.59476639301454","0",,"3.9856475927819894","4.945881755305482",
"sweet_potato","late_2010_2012","2002","4","32.74881695163894","46.47526407992481","4","121.4077091062243","0",,"3.8389202157844746","4.799154378307968",
"sweet_potato","late_2010_2012","2003","4","50.16636424912079","67.4119423466587","4","176.10076346492366","0",,"4.210822188374856","5.171056350898349",
"sweet_potato","late_2010_2012","2004","4","49.812271254611545","64.99738581726699","4","169.79319786966866","0",,"4.1743470508909715","5.134581213414465",
"sweet_potato","late_2010_2012","2005","4","39.75","54.96459924326473","4","146.71305224752885","4","54.96459924326473","4.006689327878344","4.988478653566922","4.006689327878344"
"sweet_potato","late_2010_2012","2006","4","53.475","75.78221649131032","4","202.11883040704816","4","75.78221649131032","4.327863654190295","5.308855793780447","4.327863654190295"
"sweet_potato","late_2010_2012","2007","4","56.275","77.936793535553","4","207.91023268023926","4","77.936793535553","4.355898158899452","5.3371064128939105","4.355898158899452"
"sweet_potato","late_2010_2012","2008","4","57.325","80.05953917490282","4","213.50268437586047","4","80.05953917490282","4.382770597551144","5.36364940577868","4.382770597551144"
"sweet_potato","late_2010_2012","2009","4","59.45","82.9841786604855","4","221.27939969418705","4","82.9841786604855","4.418649971078206","5.399426155034004","4.418649971078206"
"sweet_potato","late_2010_2012","2010","4","64.675","84.88609144569037","4","226.52535827099632","4","84.88609144569037","4.4413102571134955","5.422856895702708","4.4413102571134955"
"sweet_potato","late_2010_2012","2011","4","87.4","106.66609526666525","4","275.4584764759361","4","106.66609526666525","4.6697033502363015","5.618436896637966","4.6697033502363015"
"sweet_potato","late_2010_2012","2012","4","105.575","119.80050338325555","4","310.2817408444241","4","119.80050338325555","4.78582788753609","5.737480726166504","4.78582788753609"
"sweet_potato","late_2010_2012","2013","4","75.075","87.3056514638674","0",,"4","87.3056514638674","4.469415196877038",,"4.469415196877038"
"sweet_potato","late_2010_2012","2014","4","63.475","75.89457099876053","0",,"4","75.89457099876053","4.329345153500234",,"4.329345153500234"
"sweet_potato","late_2010_2012","2015","4","69.875","82.03649649982586","0",,"4","82.03649649982586","4.407164227512025",,"4.407164227512025"
"sweet_potato","late_2010_2012","2016","4","63","72.64419707653707","0",,"4","72.64419707653707","4.285573511761237",,"4.285573511761237"
"sweet_potato","late_2010_2012","2017","4","65.225","71.14080816835157","0",,"4","71.14080816835157","4.264661126708123",,"4.264661126708123"
"sweet_potato","late_2010_2012","2018","4","91.65","99.46583585008179","0",,"4","99.46583585008179","4.599814226912957",,"4.599814226912957"
"sweet_potato","late_2010_2012","2019","4","71.825","78.04785766269002","0",,"4","78.04785766269002","4.357322198316826",,"4.357322198316826"
"sweet_potato","late_2010_2012","2020","4","100","99.7617515535317","0",,"4","99.7617515535317","4.602784858891381",,"4.602784858891381"
"sweet_potato","late_2010_2012","2021","4","102.825","90.70215490806784","0",,"4","90.70215490806784","4.507581115472463",,"4.507581115472463"
"sweet_potato","late_2010_2012","2022","4","64.675","59.32308962857121","0",,"4","59.32308962857121","4.082998600009343",,"4.082998600009343"
"sweet_potato","late_2010_2012","2023","4","84.125","76.7037465277211","0",,"4","76.7037465277211","4.339950553695527",,"4.339950553695527"
"sweet_potato","late_2010_2012","2024","4","87.925","74.94144761833694","0",,"4","74.94144761833694","4.31670711021042",,"4.31670711021042"
"tangerine","early_2005_2006","1980","0",,,"4","113.77889828148706","0",,,"4.734257076391873",
"tangerine","early_2005_2006","1981","0",,,"4","100.5743002539385","0",,,"4.610896760356401",
"tangerine","early_2005_2006","1982","0",,,"4","69.3490165082165","0",,,"4.239151965091666",
"tangerine","early_2005_2006","1983","0",,,"4","75.0670362106712","0",,,"4.318381530462811",
"tangerine","early_2005_2006","1984","0",,,"4","56.442232143258266","0",,,"4.033217675161792",
"tangerine","early_2005_2006","1985","0",,,"4","95.1645013165312","0",,,"4.555606986927743",
"tangerine","early_2005_2006","1986","0",,,"4","88.0388949094869","0",,,"4.477778704438261",
"tangerine","early_2005_2006","1987","0",,,"4","126.12779579247474","0",,,"4.837295645266346",
"tangerine","early_2005_2006","1988","0",,,"4","112.3159311311329","0",,,"4.721315713936977",
"tangerine","early_2005_2006","1989","0",,,"4","95.37494294373545","0",,,"4.557815891373621",
"tangerine","early_2005_2006","1990","0",,,"4","78.2819757905071","0",,,"4.360317382251598",
"tangerine","early_2005_2006","1991","0",,,"4","118.22897211937774","0",,,"4.772623185930249",
"tangerine","early_2005_2006","1992","0",,,"4","101.68197635218243","0",,,"4.621850063672854",
"tangerine","early_2005_2006","1993","0",,,"4","86.64929474468009","0",,,"4.461868877001892",
"tangerine","early_2005_2006","1994","0",,,"4","112.93331481714955","0",,,"4.726797510153013",
"tangerine","early_2005_2006","1995","0",,,"4","170.90607462618894","0",,,"5.1411141344061",
"tangerine","early_2005_2006","1996","0",,,"4","123.60386507065289","0",,,"4.817081815332831",
"tangerine","early_2005_2006","1997","0",,,"4","147.1972042926207","0",,,"4.99177321353711",
"tangerine","early_2005_2006","1998","0",,,"4","140.22610430371947","0",,,"4.943256150590487",
"tangerine","early_2005_2006","1999","0",,,"4","163.6326060836143","0",,,"5.097623707999879",
"tangerine","early_2005_2006","2000","0",,,"4","170.2994276768244","0",,,"5.137558226986686",
"tangerine","early_2005_2006","2001","0",,,"4","94.95856939992562","0",,,"4.553440684896498",
"tangerine","early_2005_2006","2002","0",,,"4","100.15190977181581","0",,,"4.606688131044501",
"tangerine","early_2005_2006","2003","0",,,"4","59.22829477312482","0",,,"4.081399379955895",
"tangerine","early_2005_2006","2004","0",,,"4","85.42451565016175","0",,,"4.447633128101311",
"tangerine","early_2005_2006","2005","4","28.45","39.35411465014249","0",,"4","39.35411465014249","3.672600534838822",,"3.672600534838822"
"tangerine","early_2005_2006","2006","4","27","38.23652916752881","0",,"4","38.23652916752881","3.6437913196163905",,"3.6437913196163905"
"tangerine","early_2005_2006","2007","4","26.475","36.7401688139208","0",,"4","36.7401688139208","3.6038706746027924",,"3.6038706746027924"
"tangerine","early_2005_2006","2008","4","21.7","30.394082363039168","0",,"4","30.394082363039168","3.4142479303530786",,"3.4142479303530786"
"tangerine","early_2005_2006","2009","4","20.325","28.310085917850564","0",,"4","28.310085917850564","3.343218134013253",,"3.343218134013253"
"tangerine","early_2005_2006","2010","4","13.825","18.106045492269295","0",,"4","18.106045492269295","2.896245887602246",,"2.896245887602246"
"tangerine","early_2005_2006","2011","4","15.8","19.275193203124957","0",,"4","19.275193203124957","2.9588189429075866",,"2.9588189429075866"
"tangerine","early_2005_2006","2012","4","38.825","44.04965250010292","0",,"4","44.04965250010292","3.785317463590639",,"3.785317463590639"
"tangerine","early_2005_2006","2013","4","26.75","31.22697482034175","0",,"4","31.22697482034175","3.441282298858584",,"3.441282298858584"
"tangerine","early_2005_2006","2014","4","34.075","40.62423019858185","0",,"4","40.62423019858185","3.7043646915123825",,"3.7043646915123825"
"tangerine","early_2005_2006","2015","4","36.525","42.92198742825174","0",,"4","42.92198742825174","3.759384222101706",,"3.759384222101706"
"tangerine","early_2005_2006","2016","4","63.625","73.77406937166295","0",,"4","73.77406937166295","4.301007306336197",,"4.301007306336197"
"tangerine","early_2005_2006","2017","4","108.85","118.9076114095385","0",,"4","118.9076114095385","4.778346816866844",,"4.778346816866844"
"tangerine","early_2005_2006","2018","4","78.975","85.634646843373","0",,"4","85.634646843373","4.450089954100503",,"4.450089954100503"
"tangerine","early_2005_2006","2019","4","88.57499999999999","98.15730600557158","0",,"4","98.15730600557158","4.586571355095022",,"4.586571355095022"
"tangerine","early_2005_2006","2020","4","100.02499999999999","99.17891776797849","0",,"4","99.17891776797849","4.596925469204503",,"4.596925469204503"
"tangerine","early_2005_2006","2021","4","98.55","87.61537961923783","0",,"4","87.61537961923783","4.47295654896202",,"4.47295654896202"
"tangerine","early_2005_2006","2022","4","97.9","88.62471481358835","0",,"4","88.62471481358835","4.484410766946842",,"4.484410766946842"
"tangerine","early_2005_2006","2023","4","112.225","101.697887464861","0",,"4","101.697887464861","4.622006530615179",,"4.622006530615179"
"tangerine","early_2005_2006","2024","4","141.82500000000002","121.06201077882254","0",,"4","121.06201077882254","4.796302900096149",,"4.796302900096149"
"tangerine","full_2005_2012","1980","0",,,"4","113.77889828148706","0",,,"4.734257076391873",
"tangerine","full_2005_2012","1981","0",,,"4","100.5743002539385","0",,,"4.610896760356401",
"tangerine","full_2005_2012","1982","0",,,"4","69.3490165082165","0",,,"4.239151965091666",
"tangerine","full_2005_2012","1983","0",,,"4","75.0670362106712","0",,,"4.318381530462811",
"tangerine","full_2005_2012","1984","0",,,"4","56.442232143258266","0",,,"4.033217675161792",
"tangerine","full_2005_2012","1985","0",,,"4","95.1645013165312","0",,,"4.555606986927743",
"tangerine","full_2005_2012","1986","0",,,"4","88.0388949094869","0",,,"4.477778704438261",
"tangerine","full_2005_2012","1987","0",,,"4","126.12779579247474","0",,,"4.837295645266346",
"tangerine","full_2005_2012","1988","0",,,"4","112.3159311311329","0",,,"4.721315713936977",
"tangerine","full_2005_2012","1989","0",,,"4","95.37494294373545","0",,,"4.557815891373621",
"tangerine","full_2005_2012","1990","0",,,"4","78.2819757905071","0",,,"4.360317382251598",
"tangerine","full_2005_2012","1991","0",,,"4","118.22897211937774","0",,,"4.772623185930249",
"tangerine","full_2005_2012","1992","0",,,"4","101.68197635218243","0",,,"4.621850063672854",
"tangerine","full_2005_2012","1993","0",,,"4","86.64929474468009","0",,,"4.461868877001892",
"tangerine","full_2005_2012","1994","0",,,"4","112.93331481714955","0",,,"4.726797510153013",
"tangerine","full_2005_2012","1995","0",,,"4","170.90607462618894","0",,,"5.1411141344061",
"tangerine","full_2005_2012","1996","0",,,"4","123.60386507065289","0",,,"4.817081815332831",
"tangerine","full_2005_2012","1997","0",,,"4","147.1972042926207","0",,,"4.99177321353711",
"tangerine","full_2005_2012","1998","0",,,"4","140.22610430371947","0",,,"4.943256150590487",
"tangerine","full_2005_2012","1999","0",,,"4","163.6326060836143","0",,,"5.097623707999879",
"tangerine","full_2005_2012","2000","0",,,"4","170.2994276768244","0",,,"5.137558226986686",
"tangerine","full_2005_2012","2001","0",,,"4","94.95856939992562","0",,,"4.553440684896498",
"tangerine","full_2005_2012","2002","0",,,"4","100.15190977181581","0",,,"4.606688131044501",
"tangerine","full_2005_2012","2003","0",,,"4","59.22829477312482","0",,,"4.081399379955895",
"tangerine","full_2005_2012","2004","0",,,"4","85.42451565016175","0",,,"4.447633128101311",
"tangerine","full_2005_2012","2005","4","28.45","39.35411465014249","0",,"4","39.35411465014249","3.672600534838822",,"3.672600534838822"
"tangerine","full_2005_2012","2006","4","27","38.23652916752881","0",,"4","38.23652916752881","3.6437913196163905",,"3.6437913196163905"
"tangerine","full_2005_2012","2007","4","26.475","36.7401688139208","0",,"4","36.7401688139208","3.6038706746027924",,"3.6038706746027924"
"tangerine","full_2005_2012","2008","4","21.7","30.394082363039168","0",,"4","30.394082363039168","3.4142479303530786",,"3.4142479303530786"
"tangerine","full_2005_2012","2009","4","20.325","28.310085917850564","0",,"4","28.310085917850564","3.343218134013253",,"3.343218134013253"
"tangerine","full_2005_2012","2010","4","13.825","18.106045492269295","0",,"4","18.106045492269295","2.896245887602246",,"2.896245887602246"
"tangerine","full_2005_2012","2011","4","15.8","19.275193203124957","0",,"4","19.275193203124957","2.9588189429075866",,"2.9588189429075866"
"tangerine","full_2005_2012","2012","4","38.825","44.04965250010292","0",,"4","44.04965250010292","3.785317463590639",,"3.785317463590639"
"tangerine","full_2005_2012","2013","4","26.75","31.22697482034175","0",,"4","31.22697482034175","3.441282298858584",,"3.441282298858584"
"tangerine","full_2005_2012","2014","4","34.075","40.62423019858185","0",,"4","40.62423019858185","3.7043646915123825",,"3.7043646915123825"
"tangerine","full_2005_2012","2015","4","36.525","42.92198742825174","0",,"4","42.92198742825174","3.759384222101706",,"3.759384222101706"
"tangerine","full_2005_2012","2016","4","63.625","73.77406937166295","0",,"4","73.77406937166295","4.301007306336197",,"4.301007306336197"
"tangerine","full_2005_2012","2017","4","108.85","118.9076114095385","0",,"4","118.9076114095385","4.778346816866844",,"4.778346816866844"
"tangerine","full_2005_2012","2018","4","78.975","85.634646843373","0",,"4","85.634646843373","4.450089954100503",,"4.450089954100503"
"tangerine","full_2005_2012","2019","4","88.57499999999999","98.15730600557158","0",,"4","98.15730600557158","4.586571355095022",,"4.586571355095022"
"tangerine","full_2005_2012","2020","4","100.02499999999999","99.17891776797849","0",,"4","99.17891776797849","4.596925469204503",,"4.596925469204503"
"tangerine","full_2005_2012","2021","4","98.55","87.61537961923783","0",,"4","87.61537961923783","4.47295654896202",,"4.47295654896202"
"tangerine","full_2005_2012","2022","4","97.9","88.62471481358835","0",,"4","88.62471481358835","4.484410766946842",,"4.484410766946842"
"tangerine","full_2005_2012","2023","4","112.225","101.697887464861","0",,"4","101.697887464861","4.622006530615179",,"4.622006530615179"
"tangerine","full_2005_2012","2024","4","141.82500000000002","121.06201077882254","0",,"4","121.06201077882254","4.796302900096149",,"4.796302900096149"
"tangerine","late_2010_2012","1980","0",,,"4","113.77889828148706","0",,,"4.734257076391873",
"tangerine","late_2010_2012","1981","0",,,"4","100.5743002539385","0",,,"4.610896760356401",
"tangerine","late_2010_2012","1982","0",,,"4","69.3490165082165","0",,,"4.239151965091666",
"tangerine","late_2010_2012","1983","0",,,"4","75.0670362106712","0",,,"4.318381530462811",
"tangerine","late_2010_2012","1984","0",,,"4","56.442232143258266","0",,,"4.033217675161792",
"tangerine","late_2010_2012","1985","0",,,"4","95.1645013165312","0",,,"4.555606986927743",
"tangerine","late_2010_2012","1986","0",,,"4","88.0388949094869","0",,,"4.477778704438261",
"tangerine","late_2010_2012","1987","0",,,"4","126.12779579247474","0",,,"4.837295645266346",
"tangerine","late_2010_2012","1988","0",,,"4","112.3159311311329","0",,,"4.721315713936977",
"tangerine","late_2010_2012","1989","0",,,"4","95.37494294373545","0",,,"4.557815891373621",
"tangerine","late_2010_2012","1990","0",,,"4","78.2819757905071","0",,,"4.360317382251598",
"tangerine","late_2010_2012","1991","0",,,"4","118.22897211937774","0",,,"4.772623185930249",
"tangerine","late_2010_2012","1992","0",,,"4","101.68197635218243","0",,,"4.621850063672854",
"tangerine","late_2010_2012","1993","0",,,"4","86.64929474468009","0",,,"4.461868877001892",
"tangerine","late_2010_2012","1994","0",,,"4","112.93331481714955","0",,,"4.726797510153013",
"tangerine","late_2010_2012","1995","0",,,"4","170.90607462618894","0",,,"5.1411141344061",
"tangerine","late_2010_2012","1996","0",,,"4","123.60386507065289","0",,,"4.817081815332831",
"tangerine","late_2010_2012","1997","0",,,"4","147.1972042926207","0",,,"4.99177321353711",
"tangerine","late_2010_2012","1998","0",,,"4","140.22610430371947","0",,,"4.943256150590487",
"tangerine","late_2010_2012","1999","0",,,"4","163.6326060836143","0",,,"5.097623707999879",
"tangerine","late_2010_2012","2000","0",,,"4","170.2994276768244","0",,,"5.137558226986686",
"tangerine","late_2010_2012","2001","0",,,"4","94.95856939992562","0",,,"4.553440684896498",
"tangerine","late_2010_2012","2002","0",,,"4","100.15190977181581","0",,,"4.606688131044501",
"tangerine","late_2010_2012","2003","0",,,"4","59.22829477312482","0",,,"4.081399379955895",
"tangerine","late_2010_2012","2004","0",,,"4","85.42451565016175","0",,,"4.447633128101311",
"tangerine","late_2010_2012","2005","4","28.45","39.35411465014249","0",,"4","39.35411465014249","3.672600534838822",,"3.672600534838822"
"tangerine","late_2010_2012","2006","4","27","38.23652916752881","0",,"4","38.23652916752881","3.6437913196163905",,"3.6437913196163905"
"tangerine","late_2010_2012","2007","4","26.475","36.7401688139208","0",,"4","36.7401688139208","3.6038706746027924",,"3.6038706746027924"
"tangerine","late_2010_2012","2008","4","21.7","30.394082363039168","0",,"4","30.394082363039168","3.4142479303530786",,"3.4142479303530786"
"tangerine","late_2010_2012","2009","4","20.325","28.310085917850564","0",,"4","28.310085917850564","3.343218134013253",,"3.343218134013253"
"tangerine","late_2010_2012","2010","4","13.825","18.106045492269295","0",,"4","18.106045492269295","2.896245887602246",,"2.896245887602246"
"tangerine","late_2010_2012","2011","4","15.8","19.275193203124957","0",,"4","19.275193203124957","2.9588189429075866",,"2.9588189429075866"
"tangerine","late_2010_2012","2012","4","38.825","44.04965250010292","0",,"4","44.04965250010292","3.785317463590639",,"3.785317463590639"
"tangerine","late_2010_2012","2013","4","26.75","31.22697482034175","0",,"4","31.22697482034175","3.441282298858584",,"3.441282298858584"
"tangerine","late_2010_2012","2014","4","34.075","40.62423019858185","0",,"4","40.62423019858185","3.7043646915123825",,"3.7043646915123825"
"tangerine","late_2010_2012","2015","4","36.525","42.92198742825174","0",,"4","42.92198742825174","3.759384222101706",,"3.759384222101706"
"tangerine","late_2010_2012","2016","4","63.625","73.77406937166295","0",,"4","73.77406937166295","4.301007306336197",,"4.301007306336197"
"tangerine","late_2010_2012","2017","4","108.85","118.9076114095385","0",,"4","118.9076114095385","4.778346816866844",,"4.778346816866844"
"tangerine","late_2010_2012","2018","4","78.975","85.634646843373","0",,"4","85.634646843373","4.450089954100503",,"4.450089954100503"
"tangerine","late_2010_2012","2019","4","88.57499999999999","98.15730600557158","0",,"4","98.15730600557158","4.586571355095022",,"4.586571355095022"
"tangerine","late_2010_2012","2020","4","100.02499999999999","99.17891776797849","0",,"4","99.17891776797849","4.596925469204503",,"4.596925469204503"
"tangerine","late_2010_2012","2021","4","98.55","87.61537961923783","0",,"4","87.61537961923783","4.47295654896202",,"4.47295654896202"
"tangerine","late_2010_2012","2022","4","97.9","88.62471481358835","0",,"4","88.62471481358835","4.484410766946842",,"4.484410766946842"
"tangerine","late_2010_2012","2023","4","112.225","101.697887464861","0",,"4","101.697887464861","4.622006530615179",,"4.622006530615179"
"tangerine","late_2010_2012","2024","4","141.82500000000002","121.06201077882254","0",,"4","121.06201077882254","4.796302900096149",,"4.796302900096149"
