sample,spec,spec_thesis,outcome,outcome_thesis,event_time,period,est,se_cluster,ci_lo_wild,ci_hi_wild,p_wild,n_treated,n_ctrl_min,n_ctrl_max,G_contrib,treated_crops,R_est,R_ci_lo,R_ci_hi,R_p,abs_diff_est,p_display
annual,CS-A (preferred),"Custom group-time DiD, final clean pre-pilot year (preferred)",ln_area,Log cultivated area,-12,clean pre-pilot (placebo),-0.233807784390289,0.1207863888354,-0.461056186845834,-0.00655938193474459,0.0423,7,22,28,29,soybean;onion;sweet_potato;corn;garlic;spring_potato;red_pepper,-0.23380778439029,-0.459423871680657,-0.00819169709992251,0.03959,7.7715611723761e-16,0.042
annual,CS-A (preferred),"Custom group-time DiD, final clean pre-pilot year (preferred)",ln_area,Log cultivated area,-11,clean pre-pilot (placebo),-0.146527306033543,0.0789296579007954,-0.296679754258486,0.00362514219140064,0.0578,7,22,28,29,soybean;onion;sweet_potato;corn;garlic;spring_potato;red_pepper,-0.146527306033543,-0.294757193869335,0.00170258180224858,0.05346,4.44089209850063e-16,0.058
annual,CS-A (preferred),"Custom group-time DiD, final clean pre-pilot year (preferred)",ln_area,Log cultivated area,-10,clean pre-pilot (placebo),-0.155449058578738,0.0749946459125033,-0.29820900807488,-0.0126891090825965,0.0296,7,22,28,29,soybean;onion;sweet_potato;corn;garlic;spring_potato;red_pepper,-0.155449058578739,-0.295337594937725,-0.0155605222197535,0.02514,5.82867087928207e-16,0.030
annual,CS-A (preferred),"Custom group-time DiD, final clean pre-pilot year (preferred)",ln_area,Log cultivated area,-9,clean pre-pilot (placebo),-0.129951738453686,0.0649827640309926,-0.251959492286123,-0.00794398462124978,0.0338,7,22,28,29,soybean;onion;sweet_potato;corn;garlic;spring_potato;red_pepper,-0.129951738453687,-0.250946761357181,-0.00895671555019342,0.03204,5.27355936696949e-16,0.034
annual,CS-A (preferred),"Custom group-time DiD, final clean pre-pilot year (preferred)",ln_area,Log cultivated area,-8,clean pre-pilot (placebo),-0.000663470318408257,0.0856913128293873,-0.160076811847978,0.158749871211161,0.9948,6,22,28,29,soybean;onion;sweet_potato;corn;garlic;spring_potato,-0.000663470318407321,-0.158281934015434,0.15695499337862,0.99433,9.3642541637573e-16,0.995
annual,CS-A (preferred),"Custom group-time DiD, final clean pre-pilot year (preferred)",ln_area,Log cultivated area,-7,clean pre-pilot (placebo),-0.00779705769543256,0.0777784506493334,-0.1551587475002,0.139564632109335,0.9255,6,22,28,29,soybean;onion;sweet_potato;corn;garlic;spring_potato,-0.00779705769543171,-0.153498614712394,0.13790449932153,0.9228,8.51749226704612e-16,0.925
annual,CS-A (preferred),"Custom group-time DiD, final clean pre-pilot year (preferred)",ln_area,Log cultivated area,-6,clean pre-pilot (placebo),0.0326784217696212,0.0447988780324142,-0.0518457232340291,0.117202566773272,0.4814,5,22,28,29,soybean;onion;sweet_potato;corn;garlic,0.0326784217696209,-0.0516631701160207,0.117020013655263,0.47865,3.40005801291454e-16,0.481
annual,CS-A (preferred),"Custom group-time DiD, final clean pre-pilot year (preferred)",ln_area,Log cultivated area,-5,clean pre-pilot (placebo),0.116459209164212,0.0817319903571673,-0.0148859804554813,0.247804398783906,0.117,2,22,25,26,onion;garlic,0.116459209164212,-0.0161233358306961,0.24904175415912,0.11832,3.19189119579733e-16,0.117
annual,CS-A (preferred),"Custom group-time DiD, final clean pre-pilot year (preferred)",ln_area,Log cultivated area,0,after nationwide availability,0.122307552101744,0.147903503451374,-0.158538679571648,0.403153783775136,0.4087,7,22,22,29,soybean;onion;sweet_potato;corn;garlic;spring_potato;red_pepper,0.122307552101744,-0.158002865914051,0.402617970117539,0.4149,1.2490009027033e-16,0.409
annual,CS-A (preferred),"Custom group-time DiD, final clean pre-pilot year (preferred)",ln_area,Log cultivated area,1,after nationwide availability,0.0269104003899807,0.134497390530739,-0.228334741158635,0.282155541938596,0.8419,7,22,22,29,soybean;onion;sweet_potato;corn;garlic;spring_potato;red_pepper,0.0269104003899811,-0.229320779825259,0.283141580605221,0.84441,4.05925293378573e-16,0.842
annual,CS-A (preferred),"Custom group-time DiD, final clean pre-pilot year (preferred)",ln_area,Log cultivated area,2,after nationwide availability,-0.00916146281392737,0.152548789428977,-0.298163603910977,0.279840678283122,0.9539,7,20,22,29,soybean;onion;sweet_potato;corn;garlic;spring_potato;red_pepper,-0.00916146281392664,-0.298441612277317,0.280118686649463,0.95249,7.32053306862213e-16,0.954
annual,CS-A (preferred),"Custom group-time DiD, final clean pre-pilot year (preferred)",ln_area,Log cultivated area,3,after nationwide availability,-0.053453008273364,0.151052923479014,-0.339989649973802,0.233083633427074,0.723,7,20,22,29,soybean;onion;sweet_potato;corn;garlic;spring_potato;red_pepper,-0.0534530082733637,-0.342735517185693,0.235829500638966,0.7252,2.70616862252382e-16,0.723
annual,CS-A (preferred),"Custom group-time DiD, final clean pre-pilot year (preferred)",ln_area,Log cultivated area,4,after nationwide availability,0.00383857339100969,0.135458414004503,-0.250723143505907,0.258400290287927,0.9766,7,15,22,29,soybean;onion;sweet_potato;corn;garlic;spring_potato;red_pepper,0.00383857339100988,-0.255393415420146,0.263070562202165,0.97783,1.92120624964431e-16,0.977
annual,CS-A (preferred),"Custom group-time DiD, final clean pre-pilot year (preferred)",ln_area,Log cultivated area,5,after nationwide availability,0.0386927944196588,0.131949396915008,-0.208062617365077,0.285448206204395,0.7717,7,14,20,27,soybean;onion;sweet_potato;corn;garlic;spring_potato;red_pepper,0.0386927944196588,-0.213504595566233,0.290890184405551,0.77177,6.93889390390723e-18,0.772
annual,CS-A (preferred),"Custom group-time DiD, final clean pre-pilot year (preferred)",ln_area,Log cultivated area,6,after nationwide availability,0.163856127023042,0.164835758175787,-0.143571820588971,0.471284074635055,0.317,7,11,20,27,soybean;onion;sweet_potato;corn;garlic;spring_potato;red_pepper,0.163856127023042,-0.150396952109152,0.478109206155235,0.32054,3.33066907387547e-16,0.317
annual,CS-A (preferred),"Custom group-time DiD, final clean pre-pilot year (preferred)",ln_area,Log cultivated area,7,after nationwide availability,0.166470696340412,0.163656932572949,-0.138529860390639,0.471471253071462,0.301,7,10,15,22,soybean;onion;sweet_potato;corn;garlic;spring_potato;red_pepper,0.166470696340412,-0.144315497333642,0.477256890014465,0.30846,4.9960036108132e-16,0.301
annual,CS-A (preferred),"Custom group-time DiD, final clean pre-pilot year (preferred)",ln_area,Log cultivated area,8,after nationwide availability,0.0363058939713401,0.165455637793351,-0.272809022640857,0.345420810583537,0.8252,7,10,14,21,soybean;onion;sweet_potato;corn;garlic;spring_potato;red_pepper,0.036305893971339,-0.277295543026499,0.349907330969177,0.82816,1.12410081243297e-15,0.825
annual,CS-A (preferred),"Custom group-time DiD, final clean pre-pilot year (preferred)",ln_area,Log cultivated area,9,after nationwide availability,-0.0115768333548756,0.181233408395195,-0.354199636985702,0.331045970275951,0.9475,7,8,11,18,soybean;onion;sweet_potato;corn;garlic;spring_potato;red_pepper,-0.0115768333548753,-0.35352204052146,0.330368373811709,0.94818,3.38271077815477e-16,0.948
annual,CS-A (preferred),"Custom group-time DiD, final clean pre-pilot year (preferred)",ln_production,Log production,-12,clean pre-pilot (placebo),-0.298871165781541,0.129476292464383,-0.543018530165484,-0.0547238013975979,0.0131,7,22,28,29,soybean;onion;sweet_potato;corn;garlic;spring_potato;red_pepper,-0.298871165781542,-0.542072769030895,-0.0556695625321899,0.01221,9.43689570931383e-16,0.013
annual,CS-A (preferred),"Custom group-time DiD, final clean pre-pilot year (preferred)",ln_production,Log production,-11,clean pre-pilot (placebo),-0.149617943897442,0.0698699959349777,-0.282207782523963,-0.0170281052709219,0.0233,7,22,28,29,soybean;onion;sweet_potato;corn;garlic;spring_potato;red_pepper,-0.149617943897444,-0.281909963587317,-0.0173259242075704,0.02391,1.63757896132211e-15,0.023
annual,CS-A (preferred),"Custom group-time DiD, final clean pre-pilot year (preferred)",ln_production,Log production,-10,clean pre-pilot (placebo),-0.161208554610214,0.066970072075327,-0.289403101382731,-0.0330140078376973,0.0107,7,22,28,29,soybean;onion;sweet_potato;corn;garlic;spring_potato;red_pepper,-0.161208554610216,-0.288679936849722,-0.0337371723707088,0.00991,1.94289029309402e-15,0.011
annual,CS-A (preferred),"Custom group-time DiD, final clean pre-pilot year (preferred)",ln_production,Log production,-9,clean pre-pilot (placebo),-0.177820391286999,0.0790197434582709,-0.328176745257432,-0.0274640373165662,0.0168,7,22,28,29,soybean;onion;sweet_potato;corn;garlic;spring_potato;red_pepper,-0.177820391287,-0.327253874361098,-0.0283869082129028,0.01522,8.60422844084496e-16,0.017
annual,CS-A (preferred),"Custom group-time DiD, final clean pre-pilot year (preferred)",ln_production,Log production,-8,clean pre-pilot (placebo),-0.0143359654233054,0.0896890658761075,-0.182175774828218,0.153503843981607,0.8811,6,22,28,29,soybean;onion;sweet_potato;corn;garlic;spring_potato,-0.0143359654233038,-0.181228381856952,0.152556451010345,0.88067,1.55431223447522e-15,0.881
annual,CS-A (preferred),"Custom group-time DiD, final clean pre-pilot year (preferred)",ln_production,Log production,-7,clean pre-pilot (placebo),0.000837809698054512,0.0983131580656375,-0.180509930605645,0.182185550001754,0.9937,6,22,28,29,soybean;onion;sweet_potato;corn;garlic;spring_potato,0.000837809698056167,-0.179876049265909,0.181551668662022,0.99321,1.65514303651637e-15,0.994
annual,CS-A (preferred),"Custom group-time DiD, final clean pre-pilot year (preferred)",ln_production,Log production,-6,clean pre-pilot (placebo),0.0378958468606773,0.080238445603169,-0.103177534200073,0.178969227921428,0.695,5,22,28,29,soybean;onion;sweet_potato;corn;garlic,0.0378958468606764,-0.104664003593324,0.180455697314677,0.6984,8.46545056276682e-16,0.695
annual,CS-A (preferred),"Custom group-time DiD, final clean pre-pilot year (preferred)",ln_production,Log production,-5,clean pre-pilot (placebo),0.108284506074553,0.0969906799643334,-0.0419795847454494,0.258548596894555,0.3057,2,22,25,26,onion;garlic,0.108284506074552,-0.0408734528939559,0.25744246504306,0.29733,6.93889390390723e-16,0.306
annual,CS-A (preferred),"Custom group-time DiD, final clean pre-pilot year (preferred)",ln_production,Log production,0,after nationwide availability,0.140477693098553,0.148222109237527,-0.14200979315868,0.422965179355785,0.3507,7,22,22,29,soybean;onion;sweet_potato;corn;garlic;spring_potato;red_pepper,0.140477693098553,-0.141236193174077,0.422191579371184,0.35054,4.9960036108132e-16,0.351
annual,CS-A (preferred),"Custom group-time DiD, final clean pre-pilot year (preferred)",ln_production,Log production,1,after nationwide availability,0.057782092742105,0.148263538730094,-0.226412543736965,0.341976729221175,0.705,7,22,22,29,soybean;onion;sweet_potato;corn;garlic;spring_potato;red_pepper,0.0577820927421058,-0.223983836747718,0.33954802223193,0.69955,7.56339435525888e-16,0.705
annual,CS-A (preferred),"Custom group-time DiD, final clean pre-pilot year (preferred)",ln_production,Log production,2,after nationwide availability,-0.0499162024974208,0.191754063720241,-0.415642882254487,0.315810477259645,0.8053,7,20,22,29,soybean;onion;sweet_potato;corn;garlic;spring_potato;red_pepper,-0.04991620249742,-0.410517478380324,0.310685073385484,0.80419,8.11850586757146e-16,0.805
annual,CS-A (preferred),"Custom group-time DiD, final clean pre-pilot year (preferred)",ln_production,Log production,3,after nationwide availability,-0.0543686488742382,0.161958496212412,-0.369869235767873,0.261131938019397,0.737,7,20,22,29,soybean;onion;sweet_potato;corn;garlic;spring_potato;red_pepper,-0.0543686488742377,-0.36285740392811,0.254120106179635,0.74123,4.64905891561784e-16,0.737
annual,CS-A (preferred),"Custom group-time DiD, final clean pre-pilot year (preferred)",ln_production,Log production,4,after nationwide availability,-0.085439990190268,0.14977724395363,-0.372428736049216,0.20154875566868,0.5709,7,15,22,29,soybean;onion;sweet_potato;corn;garlic;spring_potato;red_pepper,-0.0854399901902675,-0.371153671005656,0.200273690625121,0.57114,4.57966997657877e-16,0.571
annual,CS-A (preferred),"Custom group-time DiD, final clean pre-pilot year (preferred)",ln_production,Log production,5,after nationwide availability,-0.0538103787518077,0.149351878162845,-0.338923284501412,0.231302526997797,0.7332,7,14,20,27,soybean;onion;sweet_potato;corn;garlic;spring_potato;red_pepper,-0.0538103787518075,-0.337025780966792,0.229405023463177,0.72722,1.66533453693773e-16,0.733
annual,CS-A (preferred),"Custom group-time DiD, final clean pre-pilot year (preferred)",ln_production,Log production,6,after nationwide availability,0.138579365988115,0.159237058846943,-0.167647548575073,0.444806280551303,0.3879,7,11,20,27,soybean;onion;sweet_potato;corn;garlic;spring_potato;red_pepper,0.138579365988115,-0.164922696264635,0.442081428240866,0.38471,5.55111512312578e-17,0.388
annual,CS-A (preferred),"Custom group-time DiD, final clean pre-pilot year (preferred)",ln_production,Log production,7,after nationwide availability,0.157752241305703,0.202057973736976,-0.22270019105491,0.538204673666316,0.4532,7,10,15,22,soybean;onion;sweet_potato;corn;garlic;spring_potato;red_pepper,0.157752241305704,-0.22134452299356,0.536849005604967,0.44652,8.04911692853239e-16,0.453
annual,CS-A (preferred),"Custom group-time DiD, final clean pre-pilot year (preferred)",ln_production,Log production,8,after nationwide availability,0.00245902604040664,0.202710291495111,-0.385183346447402,0.390101398528215,0.9896,7,10,14,21,soybean;onion;sweet_potato;corn;garlic;spring_potato;red_pepper,0.0024590260404055,-0.380332433491505,0.385250485572316,0.99055,1.13927964284777e-15,0.990
annual,CS-A (preferred),"Custom group-time DiD, final clean pre-pilot year (preferred)",ln_production,Log production,9,after nationwide availability,-0.0546825312395641,0.229953380606642,-0.491356266639652,0.381991204160523,0.8062,7,8,11,18,soybean;onion;sweet_potato;corn;garlic;spring_potato;red_pepper,-0.0546825312395634,-0.488428152019247,0.37906308954012,0.80988,7.21644966006352e-16,0.806
annual,CS-A (preferred),"Custom group-time DiD, final clean pre-pilot year (preferred)",ln_yield,Log yield per 10a,-12,clean pre-pilot (placebo),-0.0663400840968725,0.0601364215587382,-0.180608596640908,0.0479284284471625,0.287,7,22,28,29,soybean;onion;sweet_potato;corn;garlic;spring_potato;red_pepper,-0.066340084096873,-0.180088632654312,0.0474084644605664,0.27665,5.13478148889135e-16,0.287
annual,CS-A (preferred),"Custom group-time DiD, final clean pre-pilot year (preferred)",ln_yield,Log yield per 10a,-11,clean pre-pilot (placebo),-0.00405750555834223,0.0499273924904826,-0.0952709030387359,0.0871558919220514,0.9492,7,22,28,29,soybean;onion;sweet_potato;corn;garlic;spring_potato;red_pepper,-0.00405750555834258,-0.0940054246539709,0.0858904135372858,0.94523,3.53883589099269e-16,0.949
annual,CS-A (preferred),"Custom group-time DiD, final clean pre-pilot year (preferred)",ln_yield,Log yield per 10a,-10,clean pre-pilot (placebo),-0.00608228440887151,0.0392339551249511,-0.0779551064464955,0.0657905376287524,0.8919,7,22,28,29,soybean;onion;sweet_potato;corn;garlic;spring_potato;red_pepper,-0.00608228440887221,-0.0779219497473069,0.0657573809295625,0.89234,6.99960922556642e-16,0.892
annual,CS-A (preferred),"Custom group-time DiD, final clean pre-pilot year (preferred)",ln_yield,Log yield per 10a,-9,clean pre-pilot (placebo),-0.0476068104145535,0.054655522586741,-0.15062860982036,0.0554149889912527,0.4067,7,22,28,29,soybean;onion;sweet_potato;corn;garlic;spring_potato;red_pepper,-0.0476068104145541,-0.149707085964563,0.0544934651354544,0.4024,6.24500451351651e-16,0.407
annual,CS-A (preferred),"Custom group-time DiD, final clean pre-pilot year (preferred)",ln_yield,Log yield per 10a,-8,clean pre-pilot (placebo),-0.0135967616183906,0.0313448318742286,-0.0727678507621224,0.0455743275253412,0.6739,6,22,28,29,soybean;onion;sweet_potato;corn;garlic;spring_potato,-0.0135967616183898,-0.0725151010562471,0.0453215778194676,0.67391,7.97972798949331e-16,0.674
annual,CS-A (preferred),"Custom group-time DiD, final clean pre-pilot year (preferred)",ln_yield,Log yield per 10a,-7,clean pre-pilot (placebo),0.00860471467850203,0.0372819106487331,-0.0600521599226346,0.0772615892796387,0.8213,6,22,28,29,soybean;onion;sweet_potato;corn;garlic;spring_potato,0.00860471467850313,-0.0596590193757847,0.076868448732791,0.82715,1.10154940724527e-15,0.821
annual,CS-A (preferred),"Custom group-time DiD, final clean pre-pilot year (preferred)",ln_yield,Log yield per 10a,-6,clean pre-pilot (placebo),0.00500358302512776,0.0427756629168057,-0.0680210023267886,0.0780281683770442,0.92,5,22,28,29,soybean;onion;sweet_potato;corn;garlic,0.00500358302512739,-0.0680809858641867,0.0780881519144415,0.92271,3.70363462121048e-16,0.920
annual,CS-A (preferred),"Custom group-time DiD, final clean pre-pilot year (preferred)",ln_yield,Log yield per 10a,-5,clean pre-pilot (placebo),-0.00782944054885646,0.0308608791904289,-0.0644684483070911,0.0488095672093782,0.8102,2,22,25,26,onion;garlic,-0.00782944054885679,-0.0639187150590954,0.0482598339613819,0.80649,3.34801630863524e-16,0.810
annual,CS-A (preferred),"Custom group-time DiD, final clean pre-pilot year (preferred)",ln_yield,Log yield per 10a,0,after nationwide availability,0.0187052099912005,0.0347622559046743,-0.0474452315065778,0.0848556514889789,0.5877,7,22,22,29,soybean;onion;sweet_potato;corn;garlic;spring_potato;red_pepper,0.0187052099912009,-0.0477689410262208,0.0851793610086225,0.58966,3.81639164714898e-16,0.588
annual,CS-A (preferred),"Custom group-time DiD, final clean pre-pilot year (preferred)",ln_yield,Log yield per 10a,1,after nationwide availability,0.0314296474137139,0.052420391156178,-0.0634758850147758,0.126335179842204,0.5887,7,22,22,29,soybean;onion;sweet_potato;corn;garlic;spring_potato;red_pepper,0.0314296474137145,-0.0638809521804853,0.126740247007914,0.59178,5.68989300120393e-16,0.589
annual,CS-A (preferred),"Custom group-time DiD, final clean pre-pilot year (preferred)",ln_yield,Log yield per 10a,2,after nationwide availability,-0.0399087183104654,0.0708549591734327,-0.168887222883235,0.0890697862623045,0.6009,7,20,22,29,soybean;onion;sweet_potato;corn;garlic;spring_potato;red_pepper,-0.039908718310465,-0.169095649136766,0.0892782125158361,0.59628,4.44089209850063e-16,0.601
annual,CS-A (preferred),"Custom group-time DiD, final clean pre-pilot year (preferred)",ln_yield,Log yield per 10a,3,after nationwide availability,-0.000715595311042434,0.0527338915157271,-0.099902425412743,0.0984712347906581,0.9918,7,20,22,29,soybean;onion;sweet_potato;corn;garlic;spring_potato;red_pepper,-0.000715595311042169,-0.0996310176005847,0.0981998269785004,0.98982,2.65304271607203e-16,0.992
annual,CS-A (preferred),"Custom group-time DiD, final clean pre-pilot year (preferred)",ln_yield,Log yield per 10a,4,after nationwide availability,-0.0890331876647768,0.0516110553458728,-0.187066207259463,0.00899983192990914,0.0771,7,15,22,29,soybean;onion;sweet_potato;corn;garlic;spring_potato;red_pepper,-0.0890331876647767,-0.186956740885076,0.00889036555552297,0.07868,9.71445146547012e-17,0.077
annual,CS-A (preferred),"Custom group-time DiD, final clean pre-pilot year (preferred)",ln_yield,Log yield per 10a,5,after nationwide availability,-0.0923058205930347,0.0748768384892435,-0.230443286753985,0.0458316455679154,0.2259,7,14,20,27,soybean;onion;sweet_potato;corn;garlic;spring_potato;red_pepper,-0.0923058205930347,-0.23148713395293,0.0468754927668604,0.2297,5.55111512312578e-17,0.226
annual,CS-A (preferred),"Custom group-time DiD, final clean pre-pilot year (preferred)",ln_yield,Log yield per 10a,6,after nationwide availability,-0.0253054583311372,0.0539812987065367,-0.12692864799331,0.0763177313310354,0.6543,7,11,20,27,soybean;onion;sweet_potato;corn;garlic;spring_potato;red_pepper,-0.0253054583311372,-0.127252305605619,0.0766413889433448,0.64686,1.73472347597681e-17,0.654
annual,CS-A (preferred),"Custom group-time DiD, final clean pre-pilot year (preferred)",ln_yield,Log yield per 10a,7,after nationwide availability,-0.00893772518092092,0.0874661456242334,-0.172313783468882,0.154438333107041,0.9219,7,10,15,22,soybean;onion;sweet_potato;corn;garlic;spring_potato;red_pepper,-0.00893772518092058,-0.174611947556639,0.156736497194798,0.91973,3.38271077815477e-16,0.922
annual,CS-A (preferred),"Custom group-time DiD, final clean pre-pilot year (preferred)",ln_yield,Log yield per 10a,8,after nationwide availability,-0.0341939201893971,0.084890682325903,-0.194959118793327,0.126571278414533,0.6897,7,10,14,21,soybean;onion;sweet_potato;corn;garlic;spring_potato;red_pepper,-0.0341939201893979,-0.194927279306942,0.126539438928146,0.68906,8.46545056276682e-16,0.690
annual,CS-A (preferred),"Custom group-time DiD, final clean pre-pilot year (preferred)",ln_yield,Log yield per 10a,9,after nationwide availability,-0.0437869788762225,0.103946057902912,-0.241243123308058,0.153669165555613,0.6705,7,8,11,18,soybean;onion;sweet_potato;corn;garlic;spring_potato;red_pepper,-0.0437869788762223,-0.239598336552154,0.15202437879971,0.67406,2.08166817117217e-16,0.670
annual,CS-B (mean of all clean-pre years),"Custom group-time DiD, mean of all clean pre-pilot years",ln_area,Log cultivated area,-12,clean pre-pilot (placebo),-0.0822236708546198,0.0621649835678582,-0.200527499979159,0.0360801582699191,0.1814,7,20,26,27,soybean;onion;sweet_potato;corn;garlic;spring_potato;red_pepper,-0.0822236708546196,-0.200272201298332,0.0358248595890928,0.18376,2.08166817117217e-16,0.181
annual,CS-B (mean of all clean-pre years),"Custom group-time DiD, mean of all clean pre-pilot years",ln_area,Log cultivated area,-11,clean pre-pilot (placebo),0.00135857213441339,0.052865269880715,-0.0951855797629626,0.0979027240317894,0.9811,7,20,26,27,soybean;onion;sweet_potato;corn;garlic;spring_potato;red_pepper,0.00135857213441313,-0.0949660441621522,0.0976831884309785,0.98007,2.56305393575573e-16,0.981
annual,CS-B (mean of all clean-pre years),"Custom group-time DiD, mean of all clean pre-pilot years",ln_area,Log cultivated area,-10,clean pre-pilot (placebo),-0.0144730431315385,0.0563501165006341,-0.121137595850087,0.0921915095870103,0.802,7,20,26,27,soybean;onion;sweet_potato;corn;garlic;spring_potato;red_pepper,-0.0144730431315384,-0.120425143903985,0.0914790576409085,0.80748,1.07552855510562e-16,0.802
annual,CS-B (mean of all clean-pre years),"Custom group-time DiD, mean of all clean pre-pilot years",ln_area,Log cultivated area,-9,clean pre-pilot (placebo),0.0249745061426168,0.0706151428966293,-0.107018148218233,0.156967160503466,0.7294,7,20,26,27,soybean;onion;sweet_potato;corn;garlic;spring_potato;red_pepper,0.0249745061426172,-0.107088166256384,0.157037178541619,0.73563,4.26741975090295e-16,0.729
annual,CS-B (mean of all clean-pre years),"Custom group-time DiD, mean of all clean pre-pilot years",ln_area,Log cultivated area,-8,clean pre-pilot (placebo),0.154243819084372,0.0872813885651065,-0.00563363483990095,0.314121273008644,0.0599,7,20,26,27,soybean;onion;sweet_potato;corn;garlic;spring_potato;red_pepper,0.154243819084372,-0.00877905039241583,0.31726668856116,0.06648,2.77555756156289e-16,0.060
annual,CS-B (mean of all clean-pre years),"Custom group-time DiD, mean of all clean pre-pilot years",ln_area,Log cultivated area,-7,clean pre-pilot (placebo),0.169755768627655,0.0950252744206619,-0.00970867823719529,0.349220215492506,0.0668,6,20,26,27,soybean;onion;sweet_potato;corn;garlic;spring_potato,0.169755768627654,-0.010947854417144,0.350459391672452,0.06736,1.16573417585641e-15,0.067
annual,CS-B (mean of all clean-pre years),"Custom group-time DiD, mean of all clean pre-pilot years",ln_area,Log cultivated area,-6,clean pre-pilot (placebo),0.198556793610489,0.103667489404255,0.00563695730895431,0.391476629912024,0.0431,6,20,26,27,soybean;onion;sweet_potato;corn;garlic;spring_potato,0.198556793610488,0.00731910137086558,0.389794485850109,0.04007,9.71445146547012e-16,0.043
annual,CS-B (mean of all clean-pre years),"Custom group-time DiD, mean of all clean pre-pilot years",ln_area,Log cultivated area,-5,clean pre-pilot (placebo),0.244010145118838,0.133337054882099,-0.006269980405014,0.49429027064269,0.0588,5,20,26,27,soybean;onion;sweet_potato;corn;garlic,0.24401014511884,-0.00535157694525468,0.493371867182934,0.05727,1.80411241501588e-15,0.059
annual,CS-B (mean of all clean-pre years),"Custom group-time DiD, mean of all clean pre-pilot years",ln_area,Log cultivated area,-4,clean pre-pilot (placebo),0.142654939271566,0.183768834862262,-0.157601734925691,0.442911613468824,0.5641,2,20,23,24,onion;garlic,0.142654939271566,-0.156230037955421,0.441539916498553,0.56474,4.44089209850063e-16,0.564
annual,CS-B (mean of all clean-pre years),"Custom group-time DiD, mean of all clean pre-pilot years",ln_area,Log cultivated area,0,after nationwide availability,0.29506233008261,0.207162426911722,-0.0967174637815875,0.686842123946808,0.1496,7,20,20,27,soybean;onion;sweet_potato;corn;garlic;spring_potato;red_pepper,0.295062330082613,-0.0991163310053925,0.689240991170618,0.15201,2.77555756156289e-15,0.150
annual,CS-B (mean of all clean-pre years),"Custom group-time DiD, mean of all clean pre-pilot years",ln_area,Log cultivated area,1,after nationwide availability,0.198962391442936,0.199861278074491,-0.178975406835051,0.576900189720923,0.3185,7,20,20,27,soybean;onion;sweet_potato;corn;garlic;spring_potato;red_pepper,0.198962391442938,-0.181932710851938,0.579857493737815,0.3255,2.1094237467878e-15,0.319
annual,CS-B (mean of all clean-pre years),"Custom group-time DiD, mean of all clean pre-pilot years",ln_area,Log cultivated area,2,after nationwide availability,0.171549770395895,0.214620063493207,-0.236657698600996,0.579757239392785,0.4305,7,18,20,27,soybean;onion;sweet_potato;corn;garlic;spring_potato;red_pepper,0.171549770395897,-0.236897152008366,0.579996692800159,0.432,2.41473507855972e-15,0.430
annual,CS-B (mean of all clean-pre years),"Custom group-time DiD, mean of all clean pre-pilot years",ln_area,Log cultivated area,3,after nationwide availability,0.126515344997178,0.217554378082867,-0.289382536627997,0.542413226622353,0.5639,7,18,20,27,soybean;onion;sweet_potato;corn;garlic;spring_potato;red_pepper,0.12651534499718,-0.286822127794084,0.539852817788444,0.56585,1.85962356624714e-15,0.564
annual,CS-B (mean of all clean-pre years),"Custom group-time DiD, mean of all clean pre-pilot years",ln_area,Log cultivated area,4,after nationwide availability,0.234117253154678,0.183251960923857,-0.113034795105635,0.581269301414992,0.2015,7,15,20,27,soybean;onion;sweet_potato;corn;garlic;spring_potato;red_pepper,0.234117253154679,-0.114786253112355,0.583020759421713,0.19976,7.49400541621981e-16,0.202
annual,CS-B (mean of all clean-pre years),"Custom group-time DiD, mean of all clean pre-pilot years",ln_area,Log cultivated area,5,after nationwide availability,0.296315016677545,0.176492318443466,-0.0353681474082981,0.627998180763389,0.0848,7,14,18,25,soybean;onion;sweet_potato;corn;garlic;spring_potato;red_pepper,0.296315016677545,-0.0385996009209719,0.631229634276062,0.08804,3.88578058618805e-16,0.085
annual,CS-B (mean of all clean-pre years),"Custom group-time DiD, mean of all clean pre-pilot years",ln_area,Log cultivated area,6,after nationwide availability,0.416845552633675,0.201706409007618,0.0346945399705232,0.798996565296827,0.0295,7,11,18,25,soybean;onion;sweet_potato;corn;garlic;spring_potato;red_pepper,0.416845552633673,0.033338827184621,0.800352278082726,0.03108,2.27595720048157e-15,0.029
annual,CS-B (mean of all clean-pre years),"Custom group-time DiD, mean of all clean pre-pilot years",ln_area,Log cultivated area,7,after nationwide availability,0.403137751263741,0.199901865841128,0.025248812270004,0.781026690257478,0.0319,7,10,15,22,soybean;onion;sweet_potato;corn;garlic;spring_potato;red_pepper,0.403137751263742,0.0258788088914089,0.780396693636074,0.03465,1.11022302462516e-15,0.032
annual,CS-B (mean of all clean-pre years),"Custom group-time DiD, mean of all clean pre-pilot years",ln_area,Log cultivated area,8,after nationwide availability,0.26673480818173,0.195515795652287,-0.105308211149042,0.638777827512502,0.1691,7,10,14,21,soybean;onion;sweet_potato;corn;garlic;spring_potato;red_pepper,0.26673480818173,-0.102516398969612,0.635986015333072,0.16758,2.22044604925031e-16,0.169
annual,CS-B (mean of all clean-pre years),"Custom group-time DiD, mean of all clean pre-pilot years",ln_area,Log cultivated area,9,after nationwide availability,0.234369111199468,0.207569554207306,-0.154089668961424,0.622827891360361,0.255,7,8,11,18,soybean;onion;sweet_potato;corn;garlic;spring_potato;red_pepper,0.234369111199468,-0.15635003905183,0.625088261450767,0.25332,2.77555756156289e-16,0.255
annual,CS-B (mean of all clean-pre years),"Custom group-time DiD, mean of all clean pre-pilot years",ln_production,Log production,-12,clean pre-pilot (placebo),-0.142166599853093,0.0750431600135232,-0.282798646857877,-0.00153455284830992,0.047,7,20,26,27,soybean;onion;sweet_potato;corn;garlic;spring_potato;red_pepper,-0.142166599853093,-0.284365987173251,3.27874670658646e-05,0.05006,4.16333634234434e-16,0.047
annual,CS-B (mean of all clean-pre years),"Custom group-time DiD, mean of all clean pre-pilot years",ln_production,Log production,-11,clean pre-pilot (placebo),0.000361302796735645,0.0500621152581486,-0.0933274065673314,0.0940500121608027,0.9942,7,20,26,27,soybean;onion;sweet_potato;corn;garlic;spring_potato;red_pepper,0.000361302796736119,-0.0933605816437147,0.0940831872371869,0.99407,4.74121610027911e-16,0.994
annual,CS-B (mean of all clean-pre years),"Custom group-time DiD, mean of all clean pre-pilot years",ln_production,Log production,-10,clean pre-pilot (placebo),-0.0180339346790813,0.0632008839492955,-0.13747378931986,0.101405919961698,0.7742,7,20,26,27,soybean;onion;sweet_potato;corn;garlic;spring_potato;red_pepper,-0.0180339346790807,-0.138335181237019,0.102267311878858,0.77736,5.86336534880161e-16,0.774
annual,CS-B (mean of all clean-pre years),"Custom group-time DiD, mean of all clean pre-pilot years",ln_production,Log production,-9,clean pre-pilot (placebo),-0.0224762253216271,0.079118726068946,-0.170280939607573,0.125328488964318,0.7844,7,20,26,27,soybean;onion;sweet_potato;corn;garlic;spring_potato;red_pepper,-0.0224762253216267,-0.173115596137333,0.12816314549408,0.78239,4.30211422042248e-16,0.784
annual,CS-B (mean of all clean-pre years),"Custom group-time DiD, mean of all clean pre-pilot years",ln_production,Log production,-8,clean pre-pilot (placebo),0.137465936500268,0.088595344680401,-0.0233965122101602,0.298328385210697,0.1111,7,20,26,27,soybean;onion;sweet_potato;corn;garlic;spring_potato;red_pepper,0.137465936500269,-0.0235340465722387,0.298465919572776,0.10895,6.10622663543836e-16,0.111
annual,CS-B (mean of all clean-pre years),"Custom group-time DiD, mean of all clean pre-pilot years",ln_production,Log production,-7,clean pre-pilot (placebo),0.156713996506361,0.0981714790297748,-0.0292096759022423,0.342637668914965,0.1068,6,20,26,27,soybean;onion;sweet_potato;corn;garlic;spring_potato,0.156713996506359,-0.0286427139913492,0.342070707004068,0.10544,2.3037127760972e-15,0.107
annual,CS-B (mean of all clean-pre years),"Custom group-time DiD, mean of all clean pre-pilot years",ln_production,Log production,-6,clean pre-pilot (placebo),0.183079678406116,0.0893709908536419,0.0120875605726183,0.354071796239613,0.0352,6,20,26,27,soybean;onion;sweet_potato;corn;garlic;spring_potato,0.183079678406114,0.0132862190443987,0.35287313776783,0.03339,1.74860126378462e-15,0.035
annual,CS-B (mean of all clean-pre years),"Custom group-time DiD, mean of all clean pre-pilot years",ln_production,Log production,-5,clean pre-pilot (placebo),0.203424812320898,0.130136395137805,-0.03026981188107,0.437119436522866,0.1017,5,20,26,27,soybean;onion;sweet_potato;corn;garlic,0.2034248123209,-0.0336574629454877,0.440507087587288,0.11083,1.99840144432528e-15,0.102
annual,CS-B (mean of all clean-pre years),"Custom group-time DiD, mean of all clean pre-pilot years",ln_production,Log production,-4,clean pre-pilot (placebo),0.199269374431259,0.195400567270165,-0.114674290428565,0.513213039291084,0.3728,2,20,23,24,onion;garlic,0.19926937443126,-0.116879706696752,0.515418455559272,0.37777,7.49400541621981e-16,0.373
annual,CS-B (mean of all clean-pre years),"Custom group-time DiD, mean of all clean pre-pilot years",ln_production,Log production,0,after nationwide availability,0.309430981958147,0.195009938531664,-0.0557130507964739,0.674575014712767,0.1014,7,20,20,27,soybean;onion;sweet_potato;corn;garlic;spring_potato;red_pepper,0.30943098195815,-0.0602451786022547,0.679107142518555,0.10753,3.44169137633799e-15,0.101
annual,CS-B (mean of all clean-pre years),"Custom group-time DiD, mean of all clean pre-pilot years",ln_production,Log production,1,after nationwide availability,0.227693986337113,0.192260495591993,-0.134473422176397,0.589861394850623,0.2373,7,20,20,27,soybean;onion;sweet_potato;corn;garlic;spring_potato;red_pepper,0.227693986337116,-0.138043655058286,0.593431627732518,0.23679,3.30291349825984e-15,0.237
annual,CS-B (mean of all clean-pre years),"Custom group-time DiD, mean of all clean pre-pilot years",ln_production,Log production,2,after nationwide availability,0.130610342398743,0.233476985254322,-0.307341244647249,0.568561929444735,0.5841,7,18,20,27,soybean;onion;sweet_potato;corn;garlic;spring_potato;red_pepper,0.130610342398745,-0.311051709778777,0.572272394576268,0.58496,1.97064586870965e-15,0.584
annual,CS-B (mean of all clean-pre years),"Custom group-time DiD, mean of all clean pre-pilot years",ln_production,Log production,3,after nationwide availability,0.123770994661133,0.210996920195592,-0.277591930148729,0.525133919470994,0.5593,7,18,20,27,soybean;onion;sweet_potato;corn;garlic;spring_potato;red_pepper,0.123770994661135,-0.278131691037889,0.525673680360159,0.55959,2.4980018054066e-15,0.559
annual,CS-B (mean of all clean-pre years),"Custom group-time DiD, mean of all clean pre-pilot years",ln_production,Log production,4,after nationwide availability,0.141796312062009,0.19154085100234,-0.218086385760573,0.501679009884592,0.4625,7,15,20,27,soybean;onion;sweet_potato;corn;garlic;spring_potato;red_pepper,0.141796312062011,-0.223321205072304,0.506913829196327,0.46041,1.58206781009085e-15,0.463
annual,CS-B (mean of all clean-pre years),"Custom group-time DiD, mean of all clean pre-pilot years",ln_production,Log production,5,after nationwide availability,0.201403400206393,0.184830008197134,-0.142059977299344,0.544866777712131,0.2748,7,14,18,25,soybean;onion;sweet_potato;corn;garlic;spring_potato;red_pepper,0.201403400206393,-0.145622427451653,0.548429227864439,0.27945,8.32667268468867e-17,0.275
annual,CS-B (mean of all clean-pre years),"Custom group-time DiD, mean of all clean pre-pilot years",ln_production,Log production,6,after nationwide availability,0.386863195143437,0.188455873335042,0.0343474302181178,0.739378960068756,0.0296,7,11,18,25,soybean;onion;sweet_potato;corn;garlic;spring_potato;red_pepper,0.386863195143435,0.0300053804869381,0.743721009799932,0.03226,1.72084568816899e-15,0.030
annual,CS-B (mean of all clean-pre years),"Custom group-time DiD, mean of all clean pre-pilot years",ln_production,Log production,7,after nationwide availability,0.385603685049298,0.22979040819267,-0.0392701541238688,0.810477524222466,0.0803,7,10,15,22,soybean;onion;sweet_potato;corn;garlic;spring_potato;red_pepper,0.3856036850493,-0.0427672654572621,0.813974635555861,0.08368,1.55431223447522e-15,0.080
annual,CS-B (mean of all clean-pre years),"Custom group-time DiD, mean of all clean pre-pilot years",ln_production,Log production,8,after nationwide availability,0.212723699436997,0.227124176717299,-0.209744880416581,0.635192279290575,0.3481,7,10,14,21,soybean;onion;sweet_potato;corn;garlic;spring_potato;red_pepper,0.212723699436998,-0.215168964373346,0.640616363247343,0.34893,7.49400541621981e-16,0.348
annual,CS-B (mean of all clean-pre years),"Custom group-time DiD, mean of all clean pre-pilot years",ln_production,Log production,9,after nationwide availability,0.158433817903267,0.248101863487705,-0.30535626592523,0.622223901731764,0.5229,7,8,11,18,soybean;onion;sweet_potato;corn;garlic;spring_potato;red_pepper,0.158433817903268,-0.309352819991799,0.626220455798335,0.52455,1.13797860024079e-15,0.523
annual,CS-B (mean of all clean-pre years),"Custom group-time DiD, mean of all clean pre-pilot years",ln_yield,Log yield per 10a,-12,clean pre-pilot (placebo),-0.0611864170126771,0.0335003984835374,-0.125086395155964,0.00271356113060935,0.0607,7,20,26,27,soybean;onion;sweet_potato;corn;garlic;spring_potato;red_pepper,-0.0611864170126765,-0.125197289418839,0.00282445539348628,0.0618,5.82867087928207e-16,0.061
annual,CS-B (mean of all clean-pre years),"Custom group-time DiD, mean of all clean pre-pilot years",ln_yield,Log yield per 10a,-11,clean pre-pilot (placebo),-0.00186503075477291,0.020598580508099,-0.041063571477297,0.0373335099677512,0.9284,7,20,26,27,soybean;onion;sweet_potato;corn;garlic;spring_potato;red_pepper,-0.00186503075477238,-0.0411737493125168,0.0374436878029721,0.9296,5.33210628428371e-16,0.928
annual,CS-B (mean of all clean-pre years),"Custom group-time DiD, mean of all clean pre-pilot years",ln_yield,Log yield per 10a,-10,clean pre-pilot (placebo),-0.00371640745352556,0.0243961419161161,-0.0501678662491409,0.0427350513420897,0.8837,7,20,26,27,soybean;onion;sweet_potato;corn;garlic;spring_potato;red_pepper,-0.00371640745352509,-0.050067371516475,0.0426345566094248,0.88144,4.69242700251726e-16,0.884
annual,CS-B (mean of all clean-pre years),"Custom group-time DiD, mean of all clean pre-pilot years",ln_yield,Log yield per 10a,-9,clean pre-pilot (placebo),-0.0470364384145693,0.0331752538331137,-0.108999886880951,0.0149270100518119,0.1609,7,20,26,27,soybean;onion;sweet_potato;corn;garlic;spring_potato;red_pepper,-0.0470364384145687,-0.108807486288344,0.0147346094592064,0.16272,6.24500451351651e-16,0.161
annual,CS-B (mean of all clean-pre years),"Custom group-time DiD, mean of all clean pre-pilot years",ln_yield,Log yield per 10a,-8,clean pre-pilot (placebo),-0.0165874609417679,0.0393388219279452,-0.0866527897454022,0.0534778678618664,0.7309,7,20,26,27,soybean;onion;sweet_potato;corn;garlic;spring_potato;red_pepper,-0.0165874609417671,-0.0863579907888957,0.0531830689053614,0.72674,8.36136715420821e-16,0.731
annual,CS-B (mean of all clean-pre years),"Custom group-time DiD, mean of all clean pre-pilot years",ln_yield,Log yield per 10a,-7,clean pre-pilot (placebo),-0.0129880872648759,0.0370974188229984,-0.0815400595398013,0.0555638850100496,0.746,6,20,26,27,soybean;onion;sweet_potato;corn;garlic;spring_potato,-0.0129880872648766,-0.082264021971256,0.0562878474415029,0.74247,7.33788030338189e-16,0.746
annual,CS-B (mean of all clean-pre years),"Custom group-time DiD, mean of all clean pre-pilot years",ln_yield,Log yield per 10a,-6,clean pre-pilot (placebo),-0.0155458334334801,0.0466578985660908,-0.0994536468870971,0.0683619800201369,0.7844,6,20,26,27,soybean;onion;sweet_potato;corn;garlic;spring_potato,-0.0155458334334809,-0.0997115656070278,0.068619898740066,0.77677,7.89299181569447e-16,0.784
annual,CS-B (mean of all clean-pre years),"Custom group-time DiD, mean of all clean pre-pilot years",ln_yield,Log yield per 10a,-5,clean pre-pilot (placebo),-0.0403396841476189,0.0544979895074506,-0.136346656615402,0.0556672883201642,0.5282,5,20,26,27,soybean;onion;sweet_potato;corn;garlic,-0.0403396841476174,-0.135941062126491,0.055261693831256,0.53043,1.5404344466674e-15,0.528
annual,CS-B (mean of all clean-pre years),"Custom group-time DiD, mean of all clean pre-pilot years",ln_yield,Log yield per 10a,-4,clean pre-pilot (placebo),0.0564558050443333,0.0524692800708774,-0.0316856573519274,0.144597267440594,0.3298,2,20,23,24,onion;garlic,0.0564558050443334,-0.0313634863151867,0.144275096403853,0.3228,1.17961196366423e-16,0.330
annual,CS-B (mean of all clean-pre years),"Custom group-time DiD, mean of all clean pre-pilot years",ln_yield,Log yield per 10a,0,after nationwide availability,0.0151056107660259,0.0695885987434052,-0.112992472786804,0.143203694318856,0.8452,7,20,20,27,soybean;onion;sweet_potato;corn;garlic;spring_potato;red_pepper,0.015105610766028,-0.11385512347778,0.144066345009836,0.84244,2.06952510684033e-15,0.845
annual,CS-B (mean of all clean-pre years),"Custom group-time DiD, mean of all clean pre-pilot years",ln_yield,Log yield per 10a,1,after nationwide availability,0.0294889122821059,0.0721810808724303,-0.103507322467692,0.162485147031904,0.7168,7,20,20,27,soybean;onion;sweet_potato;corn;garlic;spring_potato;red_pepper,0.0294889122821082,-0.102530702174908,0.161508526739125,0.7167,2.2586099657218e-15,0.717
annual,CS-B (mean of all clean-pre years),"Custom group-time DiD, mean of all clean pre-pilot years",ln_yield,Log yield per 10a,2,after nationwide availability,-0.039864886716471,0.0782420456351897,-0.18718032902847,0.107450555595528,0.6153,7,18,20,27,soybean;onion;sweet_potato;corn;garlic;spring_potato;red_pepper,-0.0398648867164695,-0.187885848159746,0.108156074726807,0.61583,1.45716771982052e-15,0.615
annual,CS-B (mean of all clean-pre years),"Custom group-time DiD, mean of all clean pre-pilot years",ln_yield,Log yield per 10a,3,after nationwide availability,-0.00234824414550419,0.0708261868656294,-0.133893307441347,0.129196819150339,0.9785,7,18,20,27,soybean;onion;sweet_potato;corn;garlic;spring_potato;red_pepper,-0.00234824414550286,-0.134790854684718,0.130094366393713,0.9747,1.33096658694321e-15,0.979
annual,CS-B (mean of all clean-pre years),"Custom group-time DiD, mean of all clean pre-pilot years",ln_yield,Log yield per 10a,4,after nationwide availability,-0.0918664146191867,0.0675965894656024,-0.220216750626769,0.0364839213883959,0.1729,7,15,20,27,soybean;onion;sweet_potato;corn;garlic;spring_potato;red_pepper,-0.0918664146191857,-0.219989438170927,0.0362566089325554,0.16968,9.71445146547012e-16,0.173
annual,CS-B (mean of all clean-pre years),"Custom group-time DiD, mean of all clean pre-pilot years",ln_yield,Log yield per 10a,5,after nationwide availability,-0.0944955279598139,0.0794922305845471,-0.244800540433242,0.0558094845136138,0.2351,7,14,18,25,soybean;onion;sweet_potato;corn;garlic;spring_potato;red_pepper,-0.0944955279598141,-0.245111325643873,0.0561202697242453,0.23325,1.66533453693773e-16,0.235
annual,CS-B (mean of all clean-pre years),"Custom group-time DiD, mean of all clean pre-pilot years",ln_yield,Log yield per 10a,6,after nationwide availability,-0.0298261525108549,0.0650918494685931,-0.15440279571775,0.0947504906960399,0.6468,7,11,18,25,soybean;onion;sweet_potato;corn;garlic;spring_potato;red_pepper,-0.029826152510856,-0.153426767551814,0.0937744625301021,0.64727,1.1518563880486e-15,0.647
annual,CS-B (mean of all clean-pre years),"Custom group-time DiD, mean of all clean pre-pilot years",ln_yield,Log yield per 10a,7,after nationwide availability,-0.017605715245672,0.100176539631729,-0.208785481850108,0.173574051358764,0.8615,7,10,15,22,soybean;onion;sweet_potato;corn;garlic;spring_potato;red_pepper,-0.0176057152456713,-0.207027694117383,0.17181626362604,0.86118,6.76542155630955e-16,0.862
annual,CS-B (mean of all clean-pre years),"Custom group-time DiD, mean of all clean pre-pilot years",ln_yield,Log yield per 10a,8,after nationwide availability,-0.0542567039851884,0.102804703284569,-0.249115691526869,0.140602283556492,0.6015,7,10,14,21,soybean;onion;sweet_potato;corn;garlic;spring_potato;red_pepper,-0.0542567039851878,-0.248548511983285,0.14003510401291,0.59925,5.89805981832114e-16,0.602
annual,CS-B (mean of all clean-pre years),"Custom group-time DiD, mean of all clean pre-pilot years",ln_yield,Log yield per 10a,9,after nationwide availability,-0.0765118589720087,0.106505459851663,-0.278238139536506,0.125214421592488,0.4725,7,8,11,18,soybean;onion;sweet_potato;corn;garlic;spring_potato;red_pepper,-0.0765118589720082,-0.277455782168341,0.124432064224325,0.46829,5.41233724504764e-16,0.472
annual,CS-B5 (mean of last 5 clean-pre years),"Custom group-time DiD, mean of last five clean pre-pilot years",ln_area,Log cultivated area,-12,clean pre-pilot (placebo),-0.222105907276576,0.105624126162048,-0.419329928671715,-0.0248818858814358,0.0234,7,22,28,29,soybean;onion;sweet_potato;corn;garlic;spring_potato;red_pepper,-0.222105907276573,-0.420376024143757,-0.0238357904093896,0.02333,2.4980018054066e-15,0.023
annual,CS-B5 (mean of last 5 clean-pre years),"Custom group-time DiD, mean of last five clean pre-pilot years",ln_area,Log cultivated area,-11,clean pre-pilot (placebo),-0.134825428919829,0.069719472976219,-0.266133621249375,-0.0035172365902835,0.0432,7,22,28,29,soybean;onion;sweet_potato;corn;garlic;spring_potato;red_pepper,-0.134825428919827,-0.265934097577016,-0.0037167602626379,0.04248,2.1094237467878e-15,0.043
annual,CS-B5 (mean of last 5 clean-pre years),"Custom group-time DiD, mean of last five clean pre-pilot years",ln_area,Log cultivated area,-10,clean pre-pilot (placebo),-0.143747181465025,0.0685710261957467,-0.275364150682576,-0.0121302122474738,0.0282,7,22,28,29,soybean;onion;sweet_potato;corn;garlic;spring_potato;red_pepper,-0.143747181465023,-0.274152747476908,-0.0133416154531371,0.02585,1.88737914186277e-15,0.028
annual,CS-B5 (mean of last 5 clean-pre years),"Custom group-time DiD, mean of last five clean pre-pilot years",ln_area,Log cultivated area,-9,clean pre-pilot (placebo),-0.118249861339971,0.0592340436640582,-0.223549821066252,-0.0129499016136899,0.0195,7,22,28,29,soybean;onion;sweet_potato;corn;garlic;spring_potato;red_pepper,-0.118249861339971,-0.223785441178714,-0.0127142815012268,0.02078,1.52655665885959e-16,0.019
annual,CS-B5 (mean of last 5 clean-pre years),"Custom group-time DiD, mean of last five clean pre-pilot years",ln_area,Log cultivated area,-8,clean pre-pilot (placebo),0.0111331882693669,0.0543427603648756,-0.0841493868721111,0.106415763410845,0.8793,7,22,28,29,soybean;onion;sweet_potato;corn;garlic;spring_potato;red_pepper,0.0111331882693675,-0.0845012644079478,0.106767640946683,0.87767,5.84601811404184e-16,0.879
annual,CS-B5 (mean of last 5 clean-pre years),"Custom group-time DiD, mean of last five clean pre-pilot years",ln_area,Log cultivated area,-7,clean pre-pilot (placebo),0.0024415540689076,0.0463504613938231,-0.0816844459773439,0.0865675541151591,0.9525,6,22,28,29,soybean;onion;sweet_potato;corn;garlic;spring_potato,0.00244155406890892,-0.0817331637797789,0.0866162719175967,0.9571,1.32489505477729e-15,0.953
annual,CS-B5 (mean of last 5 clean-pre years),"Custom group-time DiD, mean of last five clean pre-pilot years",ln_area,Log cultivated area,-6,clean pre-pilot (placebo),0.0374706299056901,0.0436647477112393,-0.0429213471798251,0.117862606991205,0.4103,6,22,28,29,soybean;onion;sweet_potato;corn;garlic;spring_potato,0.0374706299056914,-0.043462440754639,0.118403700566022,0.41721,1.25593979660721e-15,0.410
annual,CS-B5 (mean of last 5 clean-pre years),"Custom group-time DiD, mean of last five clean pre-pilot years",ln_area,Log cultivated area,-5,clean pre-pilot (placebo),0.0718378666061381,0.0484374298595878,-0.0193697755586265,0.163045508770903,0.1412,5,22,28,29,soybean;onion;sweet_potato;corn;garlic,0.0718378666061391,-0.0194591252639637,0.163134858476242,0.14056,1.04083408558608e-15,0.141
annual,CS-B5 (mean of last 5 clean-pre years),"Custom group-time DiD, mean of last five clean pre-pilot years",ln_area,Log cultivated area,-4,clean pre-pilot (placebo),-0.0366323070440903,0.0303158855935964,-0.0933419334314868,0.0200773193433062,0.2321,2,22,25,26,onion;garlic,-0.0366323070440899,-0.093435139018717,0.0201705249305373,0.22874,3.88578058618805e-16,0.232
annual,CS-B5 (mean of last 5 clean-pre years),"Custom group-time DiD, mean of last five clean pre-pilot years",ln_area,Log cultivated area,0,after nationwide availability,0.147190943272316,0.148520452884411,-0.135386312727344,0.429768199271977,0.3252,7,22,22,29,soybean;onion;sweet_potato;corn;garlic;spring_potato;red_pepper,0.147190943272318,-0.135478784993918,0.429860671538553,0.32221,1.52655665885959e-15,0.325
annual,CS-B5 (mean of last 5 clean-pre years),"Custom group-time DiD, mean of last five clean pre-pilot years",ln_area,Log cultivated area,1,after nationwide availability,0.0517937915605533,0.142112159748627,-0.219671861395778,0.323259444516884,0.7174,7,22,22,29,soybean;onion;sweet_potato;corn;garlic;spring_potato;red_pepper,0.0517937915605546,-0.21879807404532,0.322385657166429,0.71722,1.31838984174237e-15,0.717
annual,CS-B5 (mean of last 5 clean-pre years),"Custom group-time DiD, mean of last five clean pre-pilot years",ln_area,Log cultivated area,2,after nationwide availability,0.0156013911703495,0.159327769822981,-0.288512293148924,0.319715075489623,0.922,7,20,22,29,soybean;onion;sweet_potato;corn;garlic;spring_potato;red_pepper,0.0156013911703517,-0.28702045168184,0.318223234022543,0.9227,2.15973072759112e-15,0.922
annual,CS-B5 (mean of last 5 clean-pre years),"Custom group-time DiD, mean of last five clean pre-pilot years",ln_area,Log cultivated area,3,after nationwide availability,-0.0286901542890871,0.163445854362271,-0.340685270086472,0.283304961508298,0.8598,7,20,22,29,soybean;onion;sweet_potato;corn;garlic;spring_potato;red_pepper,-0.0286901542890853,-0.341184250716682,0.283803942138511,0.86174,1.76247905159244e-15,0.860
annual,CS-B5 (mean of last 5 clean-pre years),"Custom group-time DiD, mean of last five clean pre-pilot years",ln_area,Log cultivated area,4,after nationwide availability,0.0348143963744912,0.148035882877734,-0.246870785558937,0.316499578307919,0.8153,7,15,22,29,soybean;onion;sweet_potato;corn;garlic;spring_potato;red_pepper,0.0348143963744929,-0.247271867128327,0.316900659877313,0.81466,1.72084568816899e-15,0.815
annual,CS-B5 (mean of last 5 clean-pre years),"Custom group-time DiD, mean of last five clean pre-pilot years",ln_area,Log cultivated area,5,after nationwide availability,0.0705048283148651,0.143011995287225,-0.20060199289979,0.341611649529521,0.6162,7,14,20,27,soybean;onion;sweet_potato;corn;garlic;spring_potato;red_pepper,0.0705048283148674,-0.200569988103908,0.341579644733642,0.6232,2.27595720048157e-15,0.616
annual,CS-B5 (mean of last 5 clean-pre years),"Custom group-time DiD, mean of last five clean pre-pilot years",ln_area,Log cultivated area,6,after nationwide availability,0.191896834702091,0.174127303499021,-0.139693957792031,0.523487627196213,0.2704,7,11,20,27,soybean;onion;sweet_potato;corn;garlic;spring_potato;red_pepper,0.191896834702092,-0.138989345155412,0.522783014559597,0.26933,1.0547118733939e-15,0.270
annual,CS-B5 (mean of last 5 clean-pre years),"Custom group-time DiD, mean of last five clean pre-pilot years",ln_area,Log cultivated area,7,after nationwide availability,0.194680391050437,0.175249687295921,-0.13652612098611,0.525886903086983,0.2647,7,10,15,22,soybean;onion;sweet_potato;corn;garlic;spring_potato;red_pepper,0.194680391050438,-0.13816066026864,0.527521442369516,0.26237,1.41553435639707e-15,0.265
annual,CS-B5 (mean of last 5 clean-pre years),"Custom group-time DiD, mean of last five clean pre-pilot years",ln_area,Log cultivated area,8,after nationwide availability,0.0628641624650729,0.181338818294325,-0.278103045656231,0.403831370586377,0.7241,7,10,14,21,soybean;onion;sweet_potato;corn;garlic;spring_potato;red_pepper,0.0628641624650752,-0.281856304737354,0.407584629667505,0.73163,2.3037127760972e-15,0.724
annual,CS-B5 (mean of last 5 clean-pre years),"Custom group-time DiD, mean of last five clean pre-pilot years",ln_area,Log cultivated area,9,after nationwide availability,0.0136336496076386,0.200275729959287,-0.366286552856212,0.393553852071489,0.9483,7,8,11,18,soybean;onion;sweet_potato;corn;garlic;spring_potato;red_pepper,0.0136336496076409,-0.364810313771075,0.392077612986357,0.94802,2.26207941267376e-15,0.948
annual,CS-B5 (mean of last 5 clean-pre years),"Custom group-time DiD, mean of last five clean pre-pilot years",ln_production,Log production,-12,clean pre-pilot (placebo),-0.268662656658157,0.113689685841813,-0.484768106949712,-0.0525572063666014,0.0113,7,22,28,29,soybean;onion;sweet_potato;corn;garlic;spring_potato;red_pepper,-0.268662656658154,-0.485102065840172,-0.0522232474761359,0.01249,2.55351295663786e-15,0.011
annual,CS-B5 (mean of last 5 clean-pre years),"Custom group-time DiD, mean of last five clean pre-pilot years",ln_production,Log production,-11,clean pre-pilot (placebo),-0.119409434774058,0.0612191477784029,-0.233567752810829,-0.00525111673728697,0.0381,7,22,28,29,soybean;onion;sweet_potato;corn;garlic;spring_potato;red_pepper,-0.119409434774055,-0.233911530426489,-0.00490733912162182,0.03925,3.12250225675825e-15,0.038
annual,CS-B5 (mean of last 5 clean-pre years),"Custom group-time DiD, mean of last five clean pre-pilot years",ln_production,Log production,-10,clean pre-pilot (placebo),-0.13100004548683,0.0664117732931361,-0.255944813580189,-0.00605527739347028,0.0374,7,22,28,29,soybean;onion;sweet_potato;corn;garlic;spring_potato;red_pepper,-0.131000045486827,-0.256098168613567,-0.00590192236008733,0.03765,2.58126853225349e-15,0.037
annual,CS-B5 (mean of last 5 clean-pre years),"Custom group-time DiD, mean of last five clean pre-pilot years",ln_production,Log production,-9,clean pre-pilot (placebo),-0.147611882163613,0.0659385933594076,-0.272570589924789,-0.0226531744024371,0.0126,7,22,28,29,soybean;onion;sweet_potato;corn;garlic;spring_potato;red_pepper,-0.147611882163612,-0.271957686804184,-0.0232660775230401,0.01363,8.32667268468867e-16,0.013
annual,CS-B5 (mean of last 5 clean-pre years),"Custom group-time DiD, mean of last five clean pre-pilot years",ln_production,Log production,-8,clean pre-pilot (placebo),0.017920538760556,0.061148911117167,-0.0945414091123951,0.130382486633507,0.7954,7,22,28,29,soybean;onion;sweet_potato;corn;garlic;spring_potato;red_pepper,0.0179205387605565,-0.0934501013628645,0.129291178883977,0.79978,5.44703171456717e-16,0.795
annual,CS-B5 (mean of last 5 clean-pre years),"Custom group-time DiD, mean of last five clean pre-pilot years",ln_production,Log production,-7,clean pre-pilot (placebo),0.011916578744106,0.0579028261912855,-0.0921059554324769,0.115939112920689,0.8622,6,22,28,29,soybean;onion;sweet_potato;corn;garlic;spring_potato,0.0119165787441069,-0.0916991725707757,0.11553233005899,0.86152,8.79504802320241e-16,0.862
annual,CS-B5 (mean of last 5 clean-pre years),"Custom group-time DiD, mean of last five clean pre-pilot years",ln_production,Log production,-6,clean pre-pilot (placebo),0.0426586414299466,0.051011277908773,-0.0539870497228553,0.139304332582749,0.4058,6,22,28,29,soybean;onion;sweet_potato;corn;garlic;spring_potato,0.0426586414299478,-0.0540555775758195,0.139372860435715,0.41096,1.1518563880486e-15,0.406
annual,CS-B5 (mean of last 5 clean-pre years),"Custom group-time DiD, mean of last five clean pre-pilot years",ln_production,Log production,-5,clean pre-pilot (placebo),0.0666370792262945,0.0641142826544841,-0.0533860311333029,0.186660189585892,0.3043,5,22,28,29,soybean;onion;sweet_potato;corn;garlic,0.0666370792262953,-0.0537132047851527,0.186987363237743,0.29874,8.32667268468867e-16,0.304
annual,CS-B5 (mean of last 5 clean-pre years),"Custom group-time DiD, mean of last five clean pre-pilot years",ln_production,Log production,-4,clean pre-pilot (placebo),0.019980142341917,0.0427729082508573,-0.0607698249938896,0.100730109677724,0.642,2,22,25,26,onion;garlic,0.0199801423419164,-0.0607115990349416,0.100671883718774,0.65082,5.93275428784068e-16,0.642
annual,CS-B5 (mean of last 5 clean-pre years),"Custom group-time DiD, mean of last five clean pre-pilot years",ln_production,Log production,0,after nationwide availability,0.186227294710301,0.142180223819339,-0.086803863312643,0.459258452733245,0.1917,7,22,22,29,soybean;onion;sweet_potato;corn;garlic;spring_potato;red_pepper,0.186227294710303,-0.0846868046187502,0.457141394039356,0.18793,2.1094237467878e-15,0.192
annual,CS-B5 (mean of last 5 clean-pre years),"Custom group-time DiD, mean of last five clean pre-pilot years",ln_production,Log production,1,after nationwide availability,0.103531694353853,0.142022905458838,-0.171743350725474,0.378806739433181,0.4692,7,22,22,29,soybean;onion;sweet_potato;corn;garlic;spring_potato;red_pepper,0.103531694353855,-0.167878761955999,0.374942150663709,0.46649,1.55431223447522e-15,0.469
annual,CS-B5 (mean of last 5 clean-pre years),"Custom group-time DiD, mean of last five clean pre-pilot years",ln_production,Log production,2,after nationwide availability,-0.00366219905569504,0.186040410699724,-0.365069948530246,0.357745550418856,0.9842,7,20,22,29,soybean;onion;sweet_potato;corn;garlic;spring_potato;red_pepper,-0.00366219905569257,-0.354947399241487,0.347623001130102,0.98469,2.46677678283902e-15,0.984
annual,CS-B5 (mean of last 5 clean-pre years),"Custom group-time DiD, mean of last five clean pre-pilot years",ln_production,Log production,3,after nationwide availability,-0.00811464543251239,0.165101508058037,-0.327879496476054,0.311650205611029,0.9643,7,20,22,29,soybean;onion;sweet_potato;corn;garlic;spring_potato;red_pepper,-0.00811464543251021,-0.322777328754404,0.306548037889384,0.96096,2.18054740930285e-15,0.964
annual,CS-B5 (mean of last 5 clean-pre years),"Custom group-time DiD, mean of last five clean pre-pilot years",ln_production,Log production,4,after nationwide availability,-0.0315018953820552,0.162359015963739,-0.342769519946102,0.279765729181991,0.8464,7,15,22,29,soybean;onion;sweet_potato;corn;garlic;spring_potato;red_pepper,-0.0315018953820527,-0.342293875996363,0.279290085232258,0.84711,2.51187959321442e-15,0.846
annual,CS-B5 (mean of last 5 clean-pre years),"Custom group-time DiD, mean of last five clean pre-pilot years",ln_production,Log production,5,after nationwide availability,0.00214231567348708,0.155272844436324,-0.296385901898777,0.300670533245751,0.9886,7,14,20,27,soybean;onion;sweet_potato;corn;garlic;spring_potato;red_pepper,0.00214231567348988,-0.293857013156665,0.298141644503645,0.98932,2.80071105196456e-15,0.989
annual,CS-B5 (mean of last 5 clean-pre years),"Custom group-time DiD, mean of last five clean pre-pilot years",ln_production,Log production,6,after nationwide availability,0.187279530227912,0.170463025900172,-0.14008348757699,0.514642548032814,0.27,7,11,20,27,soybean;onion;sweet_potato;corn;garlic;spring_potato;red_pepper,0.187279530227914,-0.139204781406496,0.513763841862323,0.26912,2.1094237467878e-15,0.270
annual,CS-B5 (mean of last 5 clean-pre years),"Custom group-time DiD, mean of last five clean pre-pilot years",ln_production,Log production,7,after nationwide availability,0.203981285838708,0.211152662707486,-0.199435198768548,0.607397770445964,0.3395,7,10,15,22,soybean;onion;sweet_potato;corn;garlic;spring_potato;red_pepper,0.203981285838709,-0.195607151783663,0.603569723461081,0.33376,1.22124532708767e-15,0.340
annual,CS-B5 (mean of last 5 clean-pre years),"Custom group-time DiD, mean of last five clean pre-pilot years",ln_production,Log production,8,after nationwide availability,0.0444401082475233,0.21730534817747,-0.374589445438908,0.463469661933955,0.8441,7,10,14,21,soybean;onion;sweet_potato;corn;garlic;spring_potato;red_pepper,0.0444401082475264,-0.36854677137914,0.457426987874192,0.83576,3.08780778723872e-15,0.844
annual,CS-B5 (mean of last 5 clean-pre years),"Custom group-time DiD, mean of last five clean pre-pilot years",ln_production,Log production,9,after nationwide availability,-0.0157654730152432,0.248126132388514,-0.48875327993104,0.457222333900554,0.9492,7,8,11,18,soybean;onion;sweet_potato;corn;garlic;spring_potato;red_pepper,-0.0157654730152401,-0.482816380082616,0.451285434052135,0.94808,3.08780778723872e-15,0.949
annual,CS-B5 (mean of last 5 clean-pre years),"Custom group-time DiD, mean of last five clean pre-pilot years",ln_yield,Log yield per 10a,-12,clean pre-pilot (placebo),-0.047843356522503,0.0476107864047257,-0.137503105854492,0.0418163928094857,0.322,7,22,28,29,soybean;onion;sweet_potato;corn;garlic;spring_potato;red_pepper,-0.0478433565225016,-0.137654135234539,0.0419674221895356,0.32721,1.42941214420489e-15,0.322
annual,CS-B5 (mean of last 5 clean-pre years),"Custom group-time DiD, mean of last five clean pre-pilot years",ln_yield,Log yield per 10a,-11,clean pre-pilot (placebo),0.0144392220160272,0.0353633513318343,-0.0435543136612435,0.072432757693298,0.822,7,22,28,29,soybean;onion;sweet_potato;corn;garlic;spring_potato;red_pepper,0.0144392220160288,-0.043707309589411,0.0725857536214686,0.82517,1.57165946923499e-15,0.822
annual,CS-B5 (mean of last 5 clean-pre years),"Custom group-time DiD, mean of last five clean pre-pilot years",ln_yield,Log yield per 10a,-10,clean pre-pilot (placebo),0.0124144431654979,0.0292570662549853,-0.0406407829599926,0.0654696692909884,0.6999,7,22,28,29,soybean;onion;sweet_potato;corn;garlic;spring_potato;red_pepper,0.0124144431654992,-0.0410797496358337,0.0659086359668321,0.70786,1.28196064874686e-15,0.700
annual,CS-B5 (mean of last 5 clean-pre years),"Custom group-time DiD, mean of last five clean pre-pilot years",ln_yield,Log yield per 10a,-9,clean pre-pilot (placebo),-0.0291100828401832,0.0396102882552519,-0.103599315562497,0.0453791498821307,0.4757,7,22,28,29,soybean;onion;sweet_potato;corn;garlic;spring_potato;red_pepper,-0.0291100828401827,-0.104643186541108,0.0464230208607429,0.47831,4.54497550705924e-16,0.476
annual,CS-B5 (mean of last 5 clean-pre years),"Custom group-time DiD, mean of last five clean pre-pilot years",ln_yield,Log yield per 10a,-8,clean pre-pilot (placebo),0.00684236047289428,0.0234999337089766,-0.0359154147571034,0.049600135702892,0.7991,7,22,28,29,soybean;onion;sweet_potato;corn;garlic;spring_potato;red_pepper,0.00684236047289447,-0.0362830708494097,0.0499677917951986,0.79952,1.86482773667507e-16,0.799
annual,CS-B5 (mean of last 5 clean-pre years),"Custom group-time DiD, mean of last five clean pre-pilot years",ln_yield,Log yield per 10a,-7,clean pre-pilot (placebo),0.00936590559418909,0.0183510715034283,-0.0246139277321656,0.0433457389205438,0.6473,6,22,28,29,soybean;onion;sweet_potato;corn;garlic;spring_potato,0.00936590559418967,-0.0247730654350533,0.0435048766234326,0.63547,5.79397640976254e-16,0.647
annual,CS-B5 (mean of last 5 clean-pre years),"Custom group-time DiD, mean of last five clean pre-pilot years",ln_yield,Log yield per 10a,-6,clean pre-pilot (placebo),0.00493084343662572,0.0231340124585396,-0.0379093017533126,0.0477709886265641,0.8437,6,22,28,29,soybean;onion;sweet_potato;corn;garlic;spring_potato,0.00493084343662602,-0.038032283411813,0.0478939702850651,0.84626,2.97505076130022e-16,0.844
annual,CS-B5 (mean of last 5 clean-pre years),"Custom group-time DiD, mean of last five clean pre-pilot years",ln_yield,Log yield per 10a,-5,clean pre-pilot (placebo),-0.0051708965874576,0.0265508381716359,-0.0550859490049812,0.044744155830066,0.8628,5,22,28,29,soybean;onion;sweet_potato;corn;garlic,-0.00517089658745708,-0.0551681879104933,0.0448263947355791,0.85906,5.20417042793042e-16,0.863
annual,CS-B5 (mean of last 5 clean-pre years),"Custom group-time DiD, mean of last five clean pre-pilot years",ln_yield,Log yield per 10a,-4,clean pre-pilot (placebo),0.0565116794387027,0.0406274308363525,-0.0121879422400583,0.125211301117464,0.1756,2,22,25,26,onion;garlic,0.0565116794387019,-0.0123224546781473,0.125345813555551,0.17276,8.11850586757146e-16,0.176
annual,CS-B5 (mean of last 5 clean-pre years),"Custom group-time DiD, mean of last five clean pre-pilot years",ln_yield,Log yield per 10a,0,after nationwide availability,0.0395866256005506,0.0443201808627945,-0.0442513806807631,0.123424631881864,0.3653,7,22,22,29,soybean;onion;sweet_potato;corn;garlic;spring_potato;red_pepper,0.0395866256005511,-0.044427513668601,0.123600764869703,0.37543,5.41233724504764e-16,0.365
annual,CS-B5 (mean of last 5 clean-pre years),"Custom group-time DiD, mean of last five clean pre-pilot years",ln_yield,Log yield per 10a,1,after nationwide availability,0.052311063023064,0.0493511304102187,-0.0417613764886454,0.146383502534773,0.3011,7,22,22,29,soybean;onion;sweet_potato;corn;garlic;spring_potato;red_pepper,0.0523110630230648,-0.0411830439350037,0.145805169981133,0.29689,8.2572837456496e-16,0.301
annual,CS-B5 (mean of last 5 clean-pre years),"Custom group-time DiD, mean of last five clean pre-pilot years",ln_yield,Log yield per 10a,2,after nationwide availability,-0.0184047631045547,0.0591738174546545,-0.13016109975628,0.0933515735471708,0.7683,7,20,22,29,soybean;onion;sweet_potato;corn;garlic;spring_potato;red_pepper,-0.0184047631045536,-0.129760940322117,0.0929514141130102,0.76541,1.08246744900953e-15,0.768
annual,CS-B5 (mean of last 5 clean-pre years),"Custom group-time DiD, mean of last five clean pre-pilot years",ln_yield,Log yield per 10a,3,after nationwide availability,0.0207883598948683,0.0478270111662087,-0.0700200123593177,0.111596732149054,0.6679,7,20,22,29,soybean;onion;sweet_potato;corn;garlic;spring_potato;red_pepper,0.0207883598948693,-0.070495532763018,0.112072252552757,0.66466,9.81853487402873e-16,0.668
annual,CS-B5 (mean of last 5 clean-pre years),"Custom group-time DiD, mean of last five clean pre-pilot years",ln_yield,Log yield per 10a,4,after nationwide availability,-0.0660602226367796,0.0507480544356918,-0.163670510620761,0.031550065347202,0.1968,7,15,22,29,soybean;onion;sweet_potato;corn;garlic;spring_potato;red_pepper,-0.0660602226367786,-0.162524213916119,0.0304037686425624,0.1913,9.99200722162641e-16,0.197
annual,CS-B5 (mean of last 5 clean-pre years),"Custom group-time DiD, mean of last five clean pre-pilot years",ln_yield,Log yield per 10a,5,after nationwide availability,-0.0681642002243905,0.0613902657281514,-0.18463458233698,0.048306181888199,0.2698,7,14,20,27,soybean;onion;sweet_potato;corn;garlic;spring_potato;red_pepper,-0.0681642002243892,-0.184728000013396,0.0483995995646172,0.26602,1.31838984174237e-15,0.270
annual,CS-B5 (mean of last 5 clean-pre years),"Custom group-time DiD, mean of last five clean pre-pilot years",ln_yield,Log yield per 10a,6,after nationwide availability,-0.00465255246372104,0.049811777967312,-0.0990352674114665,0.0897301624840244,0.9261,7,11,20,27,soybean;onion;sweet_potato;corn;garlic;spring_potato;red_pepper,-0.00465255246372035,-0.100310830093325,0.0910057251658845,0.9243,6.90419943438769e-16,0.926
annual,CS-B5 (mean of last 5 clean-pre years),"Custom group-time DiD, mean of last five clean pre-pilot years",ln_yield,Log yield per 10a,7,after nationwide availability,0.00904832188027194,0.0842394269032954,-0.150502900645431,0.168599544405975,0.9155,7,10,15,22,soybean;onion;sweet_potato;corn;garlic;spring_potato;red_pepper,0.00904832188027244,-0.150405252226932,0.168501895987477,0.9135,4.9960036108132e-16,0.915
annual,CS-B5 (mean of last 5 clean-pre years),"Custom group-time DiD, mean of last five clean pre-pilot years",ln_yield,Log yield per 10a,8,after nationwide availability,-0.0188602577923814,0.0860253894331068,-0.1819014281527,0.144180912567937,0.8282,7,10,14,21,soybean;onion;sweet_potato;corn;garlic;spring_potato;red_pepper,-0.01886025779238,-0.181386769383042,0.143666253798282,0.82514,1.40165656858926e-15,0.828
annual,CS-B5 (mean of last 5 clean-pre years),"Custom group-time DiD, mean of last five clean pre-pilot years",ln_yield,Log yield per 10a,9,after nationwide availability,-0.0301811843888724,0.0986940051031405,-0.216742509227146,0.156380140449401,0.7549,7,8,11,18,soybean;onion;sweet_potato;corn;garlic;spring_potato;red_pepper,-0.0301811843888708,-0.216820060735789,0.156457691958047,0.75898,1.59594559789866e-15,0.755
annual,Cohort 2012 only,Cohort 2012 only,ln_area,Log cultivated area,-12,clean pre-pilot (placebo),-0.167573963688861,0.131314359970673,-0.409960947323876,0.0748130199461543,0.2067,2,22,23,24,soybean;onion,-0.167573963688861,-0.413181700549195,0.0780337731714732,0.20999,5.55111512312578e-17,0.207
annual,Cohort 2012 only,Cohort 2012 only,ln_area,Log cultivated area,-11,clean pre-pilot (placebo),-0.177635138374456,0.152602394042039,-0.433884980766903,0.0786147040179907,0.2703,2,22,23,24,soybean;onion,-0.177635138374456,-0.435402523485678,0.0801322467367658,0.26943,1.38777878078145e-16,0.270
annual,Cohort 2012 only,Cohort 2012 only,ln_area,Log cultivated area,-10,clean pre-pilot (placebo),-0.198233991191931,0.139850003115669,-0.446242561388224,0.0497745790043625,0.1762,2,22,23,24,soybean;onion,-0.198233991191931,-0.445229289890725,0.0487613075068631,0.17033,1.66533453693773e-16,0.176
annual,Cohort 2012 only,Cohort 2012 only,ln_area,Log cultivated area,-9,clean pre-pilot (placebo),-0.251377646298806,0.191631620769277,-0.544137495421805,0.0413822028241925,0.1639,2,22,23,24,soybean;onion,-0.251377646298806,-0.544226434191113,0.0414711415935012,0.1605,2.22044604925031e-16,0.164
annual,Cohort 2012 only,Cohort 2012 only,ln_area,Log cultivated area,-8,clean pre-pilot (placebo),-0.0803548222026451,0.0766926653498725,-0.219556941794191,0.0588472973889007,0.3157,2,22,23,24,soybean;onion,-0.0803548222026457,-0.218722381831783,0.0580127374264916,0.32283,6.10622663543836e-16,0.316
annual,Cohort 2012 only,Cohort 2012 only,ln_area,Log cultivated area,-7,clean pre-pilot (placebo),0.153400080914607,0.138279633323475,-0.0495999084604557,0.356400070289669,0.2956,2,22,23,24,soybean;onion,0.153400080914606,-0.049361175097746,0.356161336926959,0.2922,8.04911692853239e-16,0.296
annual,Cohort 2012 only,Cohort 2012 only,ln_area,Log cultivated area,-6,clean pre-pilot (placebo),0.0356500623752246,0.072560863213616,-0.0907498809246172,0.162050005675066,0.6963,2,22,23,24,soybean;onion,0.0356500623752248,-0.0907181995938669,0.162018324344317,0.69976,2.15105711021124e-16,0.696
annual,Cohort 2012 only,Cohort 2012 only,ln_area,Log cultivated area,-5,clean pre-pilot (placebo),0.152284426472644,0.151195555552517,-0.0647413616496304,0.369310214594918,0.4101,1,22,22,23,onion,0.152284426472644,-0.0643820188164962,0.368950871761784,0.40782,1.11022302462516e-16,0.410
annual,Cohort 2012 only,Cohort 2012 only,ln_area,Log cultivated area,0,after nationwide availability,0.279893861880517,0.145878691382906,0.00101536912185973,0.558772354639174,0.0495,2,22,22,24,soybean;onion,0.279893861880517,0.000606736571394539,0.559180987189639,0.04938,3.33066907387547e-16,0.050
annual,Cohort 2012 only,Cohort 2012 only,ln_area,Log cultivated area,1,after nationwide availability,0.185450199561407,0.131300791583094,-0.0644567801074941,0.435357179230308,0.1532,2,22,22,24,soybean;onion,0.185450199561407,-0.0643027871788287,0.435203186301642,0.15573,5.55111512312578e-17,0.153
annual,Cohort 2012 only,Cohort 2012 only,ln_area,Log cultivated area,2,after nationwide availability,0.27082726965302,0.198971365312991,-0.100272259494981,0.64192679880102,0.1802,2,22,22,24,soybean;onion,0.27082726965302,-0.100240220258174,0.641894759564213,0.18128,3.88578058618805e-16,0.180
annual,Cohort 2012 only,Cohort 2012 only,ln_area,Log cultivated area,3,after nationwide availability,-0.00954016453745729,0.201257551207432,-0.385506945462824,0.366426616387909,0.9639,2,22,22,24,soybean;onion,-0.00954016453745732,-0.385577502197911,0.366497173122997,0.96514,2.94902990916057e-17,0.964
annual,Cohort 2012 only,Cohort 2012 only,ln_area,Log cultivated area,4,after nationwide availability,-0.0305376146185164,0.283343372706237,-0.550230668587926,0.489155439350893,0.9134,2,22,22,24,soybean;onion,-0.0305376146185165,-0.547979490861934,0.486904261624901,0.91215,1.31838984174237e-16,0.913
annual,Cohort 2012 only,Cohort 2012 only,ln_area,Log cultivated area,5,after nationwide availability,-0.0220999702642709,0.286363493862635,-0.519168758863743,0.474968818335201,0.9185,2,20,20,22,soybean;onion,-0.0220999702642709,-0.520641322193939,0.476441381665398,0.91828,6.93889390390723e-18,0.918
annual,Cohort 2012 only,Cohort 2012 only,ln_area,Log cultivated area,6,after nationwide availability,0.186462071839493,0.351390854928294,-0.406675349997542,0.779599493676527,0.5277,2,20,20,22,soybean;onion,0.186462071839493,-0.407549054694019,0.780473198373004,0.52928,3.05311331771918e-16,0.528
annual,Cohort 2012 only,Cohort 2012 only,ln_area,Log cultivated area,7,after nationwide availability,0.244630984049094,0.246267038203022,-0.190090137560487,0.679352105658674,0.3625,2,15,15,17,soybean;onion,0.244630984049094,-0.195191053470156,0.684453021568343,0.35936,4.44089209850063e-16,0.362
annual,Cohort 2012 only,Cohort 2012 only,ln_area,Log cultivated area,8,after nationwide availability,0.0565512061527965,0.155975542214758,-0.235767888126267,0.34887030043186,0.7155,2,14,14,16,soybean;onion,0.0565512061527965,-0.23574574410892,0.348848156414513,0.71345,6.93889390390723e-18,0.716
annual,Cohort 2012 only,Cohort 2012 only,ln_area,Log cultivated area,9,after nationwide availability,0.0983676048210346,0.242216006519592,-0.345832488523322,0.542567698165392,0.6958,2,11,11,13,soybean;onion,0.0983676048210347,-0.345124442044134,0.541859651686203,0.69256,6.93889390390723e-17,0.696
annual,Cohort 2012 only,Cohort 2012 only,ln_production,Log production,-12,clean pre-pilot (placebo),-0.236973169968045,0.182851797086902,-0.571392705950189,0.0974463660140992,0.2054,2,22,23,24,soybean;onion,-0.236973169968045,-0.569803484579443,0.0958571446433528,0.20555,3.05311331771918e-16,0.205
annual,Cohort 2012 only,Cohort 2012 only,ln_production,Log production,-11,clean pre-pilot (placebo),-0.197497651994482,0.150874761310537,-0.479144611763812,0.0841493077748493,0.2047,2,22,23,24,soybean;onion,-0.197497651994482,-0.477727506826707,0.0827322028377436,0.202,4.9960036108132e-16,0.205
annual,Cohort 2012 only,Cohort 2012 only,ln_production,Log production,-10,clean pre-pilot (placebo),-0.189659683167147,0.134288339059229,-0.426670877589321,0.0473515112550272,0.1701,2,22,23,24,soybean;onion,-0.189659683167147,-0.426735677613514,0.0474163112792205,0.16601,5.55111512312578e-17,0.170
annual,Cohort 2012 only,Cohort 2012 only,ln_production,Log production,-9,clean pre-pilot (placebo),-0.257092549133347,0.186939708710589,-0.559542310028188,0.045357211761494,0.1571,2,22,23,24,soybean;onion,-0.257092549133347,-0.558261691129681,0.044076592862987,0.15222,0,0.157
annual,Cohort 2012 only,Cohort 2012 only,ln_production,Log production,-8,clean pre-pilot (placebo),-0.0567384983016411,0.106069881380637,-0.242813548881277,0.129336552277995,0.6561,2,22,23,24,soybean;onion,-0.0567384983016411,-0.243852693628882,0.1303756970256,0.65966,2.77555756156289e-17,0.656
annual,Cohort 2012 only,Cohort 2012 only,ln_production,Log production,-7,clean pre-pilot (placebo),0.204692288947913,0.218110758606797,-0.0965095185727635,0.505894096468589,0.5061,2,22,23,24,soybean;onion,0.204692288947913,-0.099150932864008,0.508535510759833,0.50621,8.32667268468867e-17,0.506
annual,Cohort 2012 only,Cohort 2012 only,ln_production,Log production,-6,clean pre-pilot (placebo),0.0737102703826676,0.167743725954525,-0.201362584497785,0.34878312526312,0.7371,2,22,23,24,soybean;onion,0.0737102703826672,-0.201837865126463,0.349258405891797,0.74427,3.88578058618805e-16,0.737
annual,Cohort 2012 only,Cohort 2012 only,ln_production,Log production,-5,clean pre-pilot (placebo),0.189242453160874,0.191847228372587,-0.0826409030637391,0.461125809385488,0.4399,1,22,22,23,onion,0.189242453160874,-0.0810714446300763,0.459556350951825,0.43917,2.22044604925031e-16,0.440
annual,Cohort 2012 only,Cohort 2012 only,ln_production,Log production,0,after nationwide availability,0.290746513910594,0.12963019179441,0.0463552582865578,0.535137769534631,0.01,2,22,22,24,soybean;onion,0.290746513910594,0.0502093624075487,0.53128366541364,0.01086,3.88578058618805e-16,0.010
annual,Cohort 2012 only,Cohort 2012 only,ln_production,Log production,1,after nationwide availability,0.349955635166656,0.109597028044099,0.150332279305217,0.549578991028095,1e-04,2,22,22,24,soybean;onion,0.349955635166656,0.146976089235524,0.552935181097788,5e-05,1.66533453693773e-16,p < 0.001
annual,Cohort 2012 only,Cohort 2012 only,ln_production,Log production,2,after nationwide availability,0.366623041615652,0.143728294246056,0.0935034783144514,0.639742604916853,0.0061,2,22,22,24,soybean;onion,0.366623041615652,0.0938348938800514,0.639411189351253,0.00552,1.66533453693773e-16,0.006
annual,Cohort 2012 only,Cohort 2012 only,ln_production,Log production,3,after nationwide availability,0.0868993005277791,0.136835883244519,-0.174005388605295,0.347803989660853,0.5294,2,22,22,24,soybean;onion,0.0868993005277791,-0.172761023365686,0.346559624421245,0.52718,4.16333634234434e-17,0.529
annual,Cohort 2012 only,Cohort 2012 only,ln_production,Log production,4,after nationwide availability,0.0295212695154018,0.28065513844952,-0.488484680298971,0.547527219329774,0.9205,2,22,22,24,soybean;onion,0.0295212695154018,-0.48817304213299,0.547215581163793,0.91835,3.46944695195361e-17,0.920
annual,Cohort 2012 only,Cohort 2012 only,ln_production,Log production,5,after nationwide availability,0.0238743701491375,0.186298773812553,-0.319243634935831,0.366992375234106,0.9009,2,20,20,22,soybean;onion,0.0238743701491375,-0.32157622507073,0.369324965369005,0.90243,4.16333634234434e-17,0.901
annual,Cohort 2012 only,Cohort 2012 only,ln_production,Log production,6,after nationwide availability,0.216620257279271,0.253693631560383,-0.231254702374947,0.664495216933488,0.4363,2,20,20,22,soybean;onion,0.216620257279271,-0.233547184524757,0.666787699083299,0.44127,3.60822483003176e-16,0.436
annual,Cohort 2012 only,Cohort 2012 only,ln_production,Log production,7,after nationwide availability,0.361200351103582,0.229802353958486,-0.0543321686301312,0.776732870837296,0.1051,2,15,15,17,soybean;onion,0.361200351103582,-0.0573302521238586,0.779730954331023,0.10631,1.66533453693773e-16,0.105
annual,Cohort 2012 only,Cohort 2012 only,ln_production,Log production,8,after nationwide availability,0.174460953812034,0.228120983086364,-0.247440412097736,0.596362319721804,0.4524,2,14,14,16,soybean;onion,0.174460953812034,-0.25027709324119,0.599199000865259,0.45159,1.38777878078145e-16,0.452
annual,Cohort 2012 only,Cohort 2012 only,ln_production,Log production,9,after nationwide availability,0.323890717431868,0.241353452133886,-0.121136338021961,0.768917772885696,0.1682,2,11,11,13,soybean;onion,0.323890717431868,-0.120146586546086,0.767928021409822,0.17034,5.55111512312578e-17,0.168
annual,Cohort 2012 only,Cohort 2012 only,ln_yield,Log yield per 10a,-12,clean pre-pilot (placebo),-0.0715626610536501,0.0626654406897518,-0.17845303773515,0.03532771562785,0.2809,2,22,23,24,soybean;onion,-0.0715626610536505,-0.178006504866521,0.0348811827592204,0.2787,4.16333634234434e-16,0.281
annual,Cohort 2012 only,Cohort 2012 only,ln_yield,Log yield per 10a,-11,clean pre-pilot (placebo),-0.0234721010372361,0.0579225389784545,-0.12392325422064,0.0769790521461675,0.7177,2,22,23,24,soybean;onion,-0.0234721010372358,-0.124460744825817,0.0775165427513459,0.71501,2.98372437868011e-16,0.718
annual,Cohort 2012 only,Cohort 2012 only,ln_yield,Log yield per 10a,-10,clean pre-pilot (placebo),0.00670867282662399,0.0213133008965104,-0.0337733319351856,0.0471906775884335,0.7564,2,22,23,24,soybean;onion,0.006708672826624,-0.0335649189378059,0.0469822645910539,0.76028,9.54097911787244e-18,0.756
annual,Cohort 2012 only,Cohort 2012 only,ln_yield,Log yield per 10a,-9,clean pre-pilot (placebo),-0.00465623168223089,0.0372021977684668,-0.075779883083808,0.0664674197193462,0.9039,2,22,23,24,soybean;onion,-0.00465623168223055,-0.075004605124546,0.0656921417600849,0.90288,3.43475248243408e-16,0.904
annual,Cohort 2012 only,Cohort 2012 only,ln_yield,Log yield per 10a,-8,clean pre-pilot (placebo),0.024219973436734,0.061831036547599,-0.079474063573514,0.127914010446982,0.7536,2,22,23,24,soybean;onion,0.0242199734367343,-0.0803088185372029,0.128748765410671,0.75741,2.84494650060196e-16,0.754
annual,Cohort 2012 only,Cohort 2012 only,ln_yield,Log yield per 10a,-7,clean pre-pilot (placebo),0.0502697943076987,0.0876893679191281,-0.0875848137545003,0.188124402369898,0.7229,2,22,23,24,soybean;onion,0.0502697943076983,-0.08806366706554,0.188603255680937,0.72874,3.53883589099269e-16,0.723
annual,Cohort 2012 only,Cohort 2012 only,ln_yield,Log yield per 10a,-6,clean pre-pilot (placebo),0.0363900075209462,0.0990481136958885,-0.124349236802039,0.197129251843932,0.7406,2,22,23,24,soybean;onion,0.0363900075209461,-0.125076876380059,0.197856891421951,0.74691,1.04083408558608e-16,0.741
annual,Cohort 2012 only,Cohort 2012 only,ln_yield,Log yield per 10a,-5,clean pre-pilot (placebo),0.0370500817738687,0.0432311543552622,-0.0301336122401604,0.104233775787898,0.5462,1,22,22,23,onion,0.0370500817738686,-0.0297185177372031,0.10381868128494,0.53868,1.04083408558608e-16,0.546
annual,Cohort 2012 only,Cohort 2012 only,ln_yield,Log yield per 10a,0,after nationwide availability,0.0112132004873507,0.0622529363929833,-0.100587962251143,0.123014363225844,0.849,2,22,22,24,soybean;onion,0.0112132004873505,-0.102605889974195,0.125032290948896,0.85141,1.94289029309402e-16,0.849
annual,Cohort 2012 only,Cohort 2012 only,ln_yield,Log yield per 10a,1,after nationwide availability,0.16525240113644,0.102043562111556,-0.0145930311514932,0.345097833424374,0.0903,2,22,22,24,soybean;onion,0.16525240113644,-0.0132452329797295,0.34375003525261,0.09042,4.71844785465692e-16,0.090
annual,Cohort 2012 only,Cohort 2012 only,ln_yield,Log yield per 10a,2,after nationwide availability,0.0964576267549604,0.0815936442115688,-0.0493050812712276,0.242220334781149,0.2744,2,22,22,24,soybean;onion,0.0964576267549603,-0.0504624349906651,0.243377688500586,0.2828,1.52655665885959e-16,0.274
annual,Cohort 2012 only,Cohort 2012 only,ln_yield,Log yield per 10a,3,after nationwide availability,0.0971261266791321,0.108052548142397,-0.0946320976661293,0.288884351024394,0.4117,2,22,22,24,soybean;onion,0.0971261266791321,-0.0953795369902565,0.289631790348521,0.41702,1.38777878078145e-17,0.412
annual,Cohort 2012 only,Cohort 2012 only,ln_yield,Log yield per 10a,4,after nationwide availability,0.0592019693355415,0.0376116549147356,-0.0117564562035406,0.130160394874624,0.1053,2,22,22,24,soybean;onion,0.0592019693355416,-0.0125498718054911,0.130953810476574,0.11066,6.93889390390723e-17,0.105
annual,Cohort 2012 only,Cohort 2012 only,ln_yield,Log yield per 10a,5,after nationwide availability,0.045551564068094,0.127888103745942,-0.171888472596885,0.262991600733073,0.6437,2,20,20,22,soybean;onion,0.0455515640680938,-0.173908998484377,0.265012126620564,0.64699,1.52655665885959e-16,0.644
annual,Cohort 2012 only,Cohort 2012 only,ln_yield,Log yield per 10a,6,after nationwide availability,0.0310885081427421,0.115340289387959,-0.171385941598477,0.233562957883961,0.7511,2,20,20,22,soybean;onion,0.0310885081427421,-0.173179764331029,0.235356780616513,0.75114,3.12250225675825e-17,0.751
annual,Cohort 2012 only,Cohort 2012 only,ln_yield,Log yield per 10a,7,after nationwide availability,0.115350654625275,0.0507102230696444,0.0203699322071161,0.210331377043435,0.0131,2,15,15,17,soybean;onion,0.115350654625275,0.0198802760972246,0.210821033153326,0.01489,4.44089209850063e-16,0.013
annual,Cohort 2012 only,Cohort 2012 only,ln_yield,Log yield per 10a,8,after nationwide availability,0.116747839661582,0.103462384495306,-0.0756914953022142,0.309187174625379,0.253,2,14,14,16,soybean;onion,0.116747839661582,-0.0763410407904787,0.309836720113643,0.25591,1.66533453693773e-16,0.253
annual,Cohort 2012 only,Cohort 2012 only,ln_yield,Log yield per 10a,9,after nationwide availability,0.223063641961964,0.0653956948765463,0.10298111570278,0.343146168221149,1e-04,2,11,11,13,soybean;onion,0.223063641961964,0.101692869992746,0.344434413931182,1e-05,4.16333634234434e-16,p < 0.001
annual,Cohort 2013 only,Cohort 2013 only,ln_area,Log cultivated area,-12,clean pre-pilot (placebo),-0.321949750579646,0.211911074380688,-0.705497218930013,0.0615977177707212,0.1337,4,22,25,26,sweet_potato;corn;garlic;spring_potato,-0.321949750579645,-0.702520326208488,0.0586208250491972,0.13544,7.21644966006352e-16,0.134
annual,Cohort 2013 only,Cohort 2013 only,ln_area,Log cultivated area,-11,clean pre-pilot (placebo),-0.201324247000867,0.136588590924635,-0.44151475697973,0.0388662629779973,0.1328,4,22,25,26,sweet_potato;corn;garlic;spring_potato,-0.201324247000866,-0.441765426095299,0.039116932093567,0.13363,5.82867087928207e-16,0.133
annual,Cohort 2013 only,Cohort 2013 only,ln_area,Log cultivated area,-10,clean pre-pilot (placebo),-0.214463586646904,0.133448881098336,-0.450202286741779,0.0212751134479709,0.0915,4,22,25,26,sweet_potato;corn;garlic;spring_potato,-0.214463586646903,-0.453083249405146,0.0241560761113398,0.09421,1.02695629777827e-15,0.091
annual,Cohort 2013 only,Cohort 2013 only,ln_area,Log cultivated area,-9,clean pre-pilot (placebo),-0.106376450929678,0.0836594596568846,-0.255987276664441,0.0432343748050846,0.2152,4,22,25,26,sweet_potato;corn;garlic;spring_potato,-0.106376450929677,-0.255380461650647,0.0426275597912933,0.21423,9.71445146547012e-16,0.215
annual,Cohort 2013 only,Cohort 2013 only,ln_area,Log cultivated area,-8,clean pre-pilot (placebo),0.032336439496967,0.125660095463606,-0.195696881149635,0.260369760143569,0.822,4,22,25,26,sweet_potato;corn;garlic;spring_potato,0.0323364394969679,-0.19550467641635,0.260177555410286,0.8168,8.95117313604033e-16,0.822
annual,Cohort 2013 only,Cohort 2013 only,ln_area,Log cultivated area,-7,clean pre-pilot (placebo),-0.0925183751726237,0.0988278959576316,-0.271511887241521,0.086475136896274,0.3966,4,22,25,26,sweet_potato;corn;garlic;spring_potato,-0.0925183751726228,-0.270797882971326,0.0857611326260805,0.39003,8.88178419700125e-16,0.397
annual,Cohort 2013 only,Cohort 2013 only,ln_area,Log cultivated area,-6,clean pre-pilot (placebo),0.0208295992859279,0.0543281136268929,-0.0813532754785064,0.123012474050362,0.7099,3,22,24,25,sweet_potato;corn;garlic,0.0208295992859276,-0.0821261001403427,0.123785298712198,0.70494,2.70616862252382e-16,0.710
annual,Cohort 2013 only,Cohort 2013 only,ln_area,Log cultivated area,-5,clean pre-pilot (placebo),0.0798369495490694,0.0635770703768512,-0.0334828372728746,0.193156736371013,0.2365,1,22,22,23,garlic,0.0798369495490695,-0.0333900670715631,0.193063966169702,0.23746,5.55111512312578e-17,0.236
annual,Cohort 2013 only,Cohort 2013 only,ln_area,Log cultivated area,0,after nationwide availability,0.176151760339259,0.148105857256279,-0.103557884321638,0.455861405000156,0.2415,4,22,22,26,sweet_potato;corn;garlic;spring_potato,0.176151760339259,-0.10362165442641,0.455925175104928,0.23901,1.38777878078145e-16,0.241
annual,Cohort 2013 only,Cohort 2013 only,ln_area,Log cultivated area,1,after nationwide availability,0.0734558379442107,0.11799366262761,-0.152533552096938,0.29944522798536,0.5315,4,22,22,26,sweet_potato;corn;garlic;spring_potato,0.0734558379442107,-0.151588561118362,0.298500237006783,0.53515,0,0.531
annual,Cohort 2013 only,Cohort 2013 only,ln_area,Log cultivated area,2,after nationwide availability,-0.0157774724129614,0.129806806701637,-0.262470218496018,0.230915273670095,0.9082,4,22,22,26,sweet_potato;corn;garlic;spring_potato,-0.0157774724129614,-0.261896769173831,0.230341824347908,0.90229,2.42861286636753e-17,0.908
annual,Cohort 2013 only,Cohort 2013 only,ln_area,Log cultivated area,3,after nationwide availability,0.0414578075129023,0.157038815561032,-0.258124885122145,0.34104050014795,0.7939,4,22,22,26,sweet_potato;corn;garlic;spring_potato,0.0414578075129022,-0.257609432916492,0.340525047942297,0.79246,1.17961196366423e-16,0.794
annual,Cohort 2013 only,Cohort 2013 only,ln_area,Log cultivated area,4,after nationwide availability,0.105529499968375,0.110971988649756,-0.10618320115096,0.31724220108771,0.3356,4,20,20,24,sweet_potato;corn;garlic;spring_potato,0.105529499968375,-0.10607834710877,0.31713734704552,0.33744,2.63677968348475e-16,0.336
annual,Cohort 2013 only,Cohort 2013 only,ln_area,Log cultivated area,5,after nationwide availability,0.155180760665609,0.0971948065589333,-0.0314121895378343,0.341773710869052,0.1065,4,20,20,24,sweet_potato;corn;garlic;spring_potato,0.155180760665609,-0.0298262949434901,0.340187816274708,0.10534,2.77555756156289e-17,0.106
annual,Cohort 2013 only,Cohort 2013 only,ln_area,Log cultivated area,6,after nationwide availability,0.267679121785227,0.143428514260775,-0.0035242689286083,0.538882512499062,0.0532,4,15,15,19,sweet_potato;corn;garlic;spring_potato,0.267679121785227,-0.00301917888933911,0.538377422459792,0.05292,4.44089209850063e-16,0.053
annual,Cohort 2013 only,Cohort 2013 only,ln_area,Log cultivated area,7,after nationwide availability,0.275619798891627,0.140863721859128,0.0118850825419564,0.539354515241298,0.0398,4,14,14,18,sweet_potato;corn;garlic;spring_potato,0.275619798891627,0.00963293656898484,0.541606661214269,0.041,1.11022302462516e-16,0.040
annual,Cohort 2013 only,Cohort 2013 only,ln_area,Log cultivated area,8,after nationwide availability,0.157607511441737,0.169536776880808,-0.160045955018821,0.475260977902296,0.3563,4,11,11,15,sweet_potato;corn;garlic;spring_potato,0.157607511441737,-0.160159303128669,0.475374326012143,0.35242,2.77555756156289e-16,0.356
annual,Cohort 2013 only,Cohort 2013 only,ln_area,Log cultivated area,9,after nationwide availability,0.0745201039284972,0.169847724459942,-0.243198057287113,0.392238265144107,0.6622,4,10,10,14,sweet_potato;corn;garlic;spring_potato,0.074520103928497,-0.244608493770218,0.393648701627212,0.65965,1.66533453693773e-16,0.662
annual,Cohort 2013 only,Cohort 2013 only,ln_production,Log production,-12,clean pre-pilot (placebo),-0.367374632042604,0.206895783733953,-0.741324728451571,0.00657546436636286,0.0569,4,22,25,26,sweet_potato;corn;garlic;spring_potato,-0.367374632042603,-0.747562305593703,0.0128130415084975,0.06108,7.7715611723761e-16,0.057
annual,Cohort 2013 only,Cohort 2013 only,ln_production,Log production,-11,clean pre-pilot (placebo),-0.165142244988465,0.108069660823675,-0.357683796844646,0.027399306867716,0.1077,4,22,25,26,sweet_potato;corn;garlic;spring_potato,-0.165142244988464,-0.360861761591567,0.0305772716146379,0.11683,1.22124532708767e-15,0.108
annual,Cohort 2013 only,Cohort 2013 only,ln_production,Log production,-10,clean pre-pilot (placebo),-0.203140923634819,0.114894610228592,-0.420566196731762,0.0142843494621236,0.0712,4,22,25,26,sweet_potato;corn;garlic;spring_potato,-0.203140923634819,-0.419932667132328,0.0136508198626905,0.07345,4.16333634234434e-16,0.071
annual,Cohort 2013 only,Cohort 2013 only,ln_production,Log production,-9,clean pre-pilot (placebo),-0.123668759296386,0.0838550394864016,-0.276977603437146,0.0296400848443734,0.1361,4,22,25,26,sweet_potato;corn;garlic;spring_potato,-0.123668759296386,-0.275904349639986,0.0285668310472145,0.13192,2.35922392732846e-16,0.136
annual,Cohort 2013 only,Cohort 2013 only,ln_production,Log production,-8,clean pre-pilot (placebo),-0.0019780890366938,0.125824429961334,-0.231546678765613,0.227590500692225,0.9899,4,22,25,26,sweet_potato;corn;garlic;spring_potato,-0.00197808903669287,-0.230156210356665,0.22620003228328,0.9882,9.33281230075522e-16,0.990
annual,Cohort 2013 only,Cohort 2013 only,ln_production,Log production,-7,clean pre-pilot (placebo),-0.111443057991768,0.104566307551149,-0.298094837443966,0.0752087214604307,0.3105,4,22,25,26,sweet_potato;corn;garlic;spring_potato,-0.111443057991767,-0.298128086345654,0.0752419703621193,0.31562,7.63278329429795e-16,0.310
annual,Cohort 2013 only,Cohort 2013 only,ln_production,Log production,-6,clean pre-pilot (placebo),0.00149920012955676,0.0628627274133151,-0.117051326708095,0.120049726967209,0.983,3,22,24,25,sweet_potato;corn;garlic,0.00149920012955721,-0.118211993083209,0.121210393342324,0.9807,4.49727061146987e-16,0.983
annual,Cohort 2013 only,Cohort 2013 only,ln_production,Log production,-5,clean pre-pilot (placebo),0.0263334907752316,0.0454270047820508,-0.0582412037800535,0.110908185330517,0.5801,1,22,22,23,garlic,0.0263334907752316,-0.0580679332791388,0.110734914829602,0.57694,3.81639164714898e-17,0.580
annual,Cohort 2013 only,Cohort 2013 only,ln_production,Log production,0,after nationwide availability,0.201044857135945,0.144048264099835,-0.0688620071609303,0.470951721432819,0.1645,4,22,22,26,sweet_potato;corn;garlic;spring_potato,0.201044857135944,-0.0694094485690602,0.471499162840949,0.16402,4.71844785465692e-16,0.165
annual,Cohort 2013 only,Cohort 2013 only,ln_production,Log production,1,after nationwide availability,0.0564580208504231,0.112831943458135,-0.158595003285879,0.271511044986725,0.6108,4,22,22,26,sweet_potato;corn;garlic;spring_potato,0.0564580208504231,-0.158694028790484,0.271610070491331,0.62057,4.85722573273506e-17,0.611
annual,Cohort 2013 only,Cohort 2013 only,ln_production,Log production,2,after nationwide availability,-0.0336439905883703,0.1262297786594,-0.272423497919992,0.205135516743251,0.7905,4,22,22,26,sweet_potato;corn;garlic;spring_potato,-0.0336439905883703,-0.274567359935166,0.207279378758426,0.79113,2.08166817117217e-17,0.790
annual,Cohort 2013 only,Cohort 2013 only,ln_production,Log production,3,after nationwide availability,0.028768443164782,0.158637074614223,-0.27362190587778,0.331158792207344,0.8582,4,22,22,26,sweet_potato;corn;garlic;spring_potato,0.028768443164782,-0.274253979050413,0.331790865379977,0.85539,2.42861286636753e-17,0.858
annual,Cohort 2013 only,Cohort 2013 only,ln_production,Log production,4,after nationwide availability,-0.0308775619209166,0.11921336748703,-0.257250940524984,0.19549581668315,0.8001,4,20,20,24,sweet_potato;corn;garlic;spring_potato,-0.0308775619209167,-0.258520170962087,0.196765047120254,0.79726,5.20417042793042e-17,0.800
annual,Cohort 2013 only,Cohort 2013 only,ln_production,Log production,5,after nationwide availability,0.0679640871499907,0.0956369526485174,-0.113424460207316,0.249352634507298,0.466,4,20,20,24,sweet_potato;corn;garlic;spring_potato,0.0679640871499908,-0.115486713214872,0.251414887514854,0.47902,1.38777878078145e-16,0.466
annual,Cohort 2013 only,Cohort 2013 only,ln_production,Log production,6,after nationwide availability,0.238193087556008,0.139573942310821,-0.0298485159863474,0.506234691098364,0.0823,4,15,15,19,sweet_potato;corn;garlic;spring_potato,0.238193087556008,-0.026221242495362,0.502607417607379,0.07967,2.77555756156289e-16,0.082
annual,Cohort 2013 only,Cohort 2013 only,ln_production,Log production,7,after nationwide availability,0.28600745023166,0.136154927875939,0.0269895486022239,0.545025351861096,0.0295,4,14,14,18,sweet_potato;corn;garlic;spring_potato,0.28600745023166,0.0290513502876029,0.542963550175718,0.02794,5.55111512312578e-17,0.029
annual,Cohort 2013 only,Cohort 2013 only,ln_production,Log production,8,after nationwide availability,0.114905291891189,0.169094670324003,-0.202275575256096,0.432086159038474,0.4907,4,11,11,15,sweet_potato;corn;garlic;spring_potato,0.114905291891189,-0.201605640234067,0.431416224016444,0.495,3.60822483003176e-16,0.491
annual,Cohort 2013 only,Cohort 2013 only,ln_production,Log production,9,after nationwide availability,-0.0643949938567905,0.214611810381671,-0.460956179593247,0.332166191879666,0.7666,4,10,10,14,sweet_potato;corn;garlic;spring_potato,-0.0643949938567903,-0.46499514975321,0.33620516203963,0.76482,1.80411241501588e-16,0.767
annual,Cohort 2013 only,Cohort 2013 only,ln_yield,Log yield per 10a,-12,clean pre-pilot (placebo),-0.0472105863903843,0.101388644426087,-0.234981617990356,0.140560445209587,0.6606,4,22,25,26,sweet_potato;corn;garlic;spring_potato,-0.0472105863903839,-0.236294134797414,0.141872962016646,0.6653,4.37150315946155e-16,0.661
annual,Cohort 2013 only,Cohort 2013 only,ln_yield,Log yield per 10a,-11,clean pre-pilot (placebo),0.0365274341204228,0.0827294366478538,-0.0974514039811573,0.170506272222003,0.823,4,22,25,26,sweet_potato;corn;garlic;spring_potato,0.0365274341204232,-0.0965567219225814,0.169611590163428,0.82106,3.60822483003176e-16,0.823
annual,Cohort 2013 only,Cohort 2013 only,ln_yield,Log yield per 10a,-10,clean pre-pilot (placebo),0.0120864176746432,0.0676473661794963,-0.107621521934257,0.131794357283543,0.891,4,22,25,26,sweet_potato;corn;garlic;spring_potato,0.0120864176746434,-0.106792978222701,0.130965813571988,0.89244,2.37657116208823e-16,0.891
annual,Cohort 2013 only,Cohort 2013 only,ln_yield,Log yield per 10a,-9,clean pre-pilot (placebo),-0.017102648835251,0.0751392139608087,-0.152903106931273,0.118697809260771,0.8389,4,22,25,26,sweet_potato;corn;garlic;spring_potato,-0.0171026488352508,-0.153094564732367,0.118889267061866,0.84572,2.04697370165263e-16,0.839
annual,Cohort 2013 only,Cohort 2013 only,ln_yield,Log yield per 10a,-8,clean pre-pilot (placebo),-0.0345716545915617,0.0352491096341971,-0.0955949177887841,0.0264516086056607,0.3745,4,22,25,26,sweet_potato;corn;garlic;spring_potato,-0.0345716545915612,-0.0963930647823715,0.0272497555992491,0.37361,4.64905891561784e-16,0.374
annual,Cohort 2013 only,Cohort 2013 only,ln_yield,Log yield per 10a,-7,clean pre-pilot (placebo),-0.0185549985320116,0.0369612841649218,-0.0838896177449706,0.0467796206809473,0.6921,4,22,25,26,sweet_potato;corn;garlic;spring_potato,-0.0185549985320112,-0.0831018330078902,0.0459918359438678,0.68731,4.47558656802016e-16,0.692
annual,Cohort 2013 only,Cohort 2013 only,ln_yield,Log yield per 10a,-6,clean pre-pilot (placebo),-0.0185831568001588,0.0216380044652446,-0.0572231652449482,0.0200568516446306,0.4326,3,22,24,25,sweet_potato;corn;garlic,-0.0185831568001588,-0.0573961137252155,0.0202298001248979,0.43413,1.73472347597681e-17,0.433
annual,Cohort 2013 only,Cohort 2013 only,ln_yield,Log yield per 10a,-5,clean pre-pilot (placebo),-0.0528389969323424,0.0530114585565332,-0.140982446371656,0.0353044525069713,0.4154,1,22,22,23,garlic,-0.0528389969323424,-0.14134582881272,0.0356678349480357,0.41504,2.77555756156289e-17,0.415
annual,Cohort 2013 only,Cohort 2013 only,ln_yield,Log yield per 10a,0,after nationwide availability,0.0255540092586915,0.0414357966438391,-0.0524372097826046,0.103545228299988,0.5472,4,22,22,26,sweet_potato;corn;garlic;spring_potato,0.0255540092586914,-0.0530858352716952,0.104193853789078,0.54397,1.21430643318377e-16,0.547
annual,Cohort 2013 only,Cohort 2013 only,ln_yield,Log yield per 10a,1,after nationwide availability,-0.0162835931620834,0.0343993780888926,-0.081437739717497,0.0488705533933303,0.6311,4,22,22,26,sweet_potato;corn;garlic;spring_potato,-0.0162835931620835,-0.0816323989949612,0.0490652126707942,0.63627,1.31838984174237e-16,0.631
annual,Cohort 2013 only,Cohort 2013 only,ln_yield,Log yield per 10a,2,after nationwide availability,-0.0167647751636128,0.0454277858908317,-0.102505653442859,0.0689761031156331,0.7148,4,22,22,26,sweet_potato;corn;garlic;spring_potato,-0.0167647751636128,-0.103227760170571,0.0696982098433454,0.71317,2.08166817117217e-17,0.715
annual,Cohort 2013 only,Cohort 2013 only,ln_yield,Log yield per 10a,3,after nationwide availability,-0.0127644546661546,0.040046425863937,-0.0872763318465626,0.0617474225142534,0.7526,4,22,22,26,sweet_potato;corn;garlic;spring_potato,-0.0127644546661545,-0.0888479042532475,0.0633189949209385,0.75258,6.41847686111419e-17,0.753
annual,Cohort 2013 only,Cohort 2013 only,ln_yield,Log yield per 10a,4,after nationwide availability,-0.135361022849717,0.0543802986060283,-0.236124582248735,-0.0345974634506987,0.0032,4,20,20,24,sweet_potato;corn;garlic;spring_potato,-0.135361022849717,-0.236951032539201,-0.0337710131602327,0.00456,5.55111512312578e-17,0.003
annual,Cohort 2013 only,Cohort 2013 only,ln_yield,Log yield per 10a,5,after nationwide availability,-0.0865961317402315,0.0516824960943387,-0.183133022465352,0.0099407589848893,0.0854,4,20,20,24,sweet_potato;corn;garlic;spring_potato,-0.0865961317402314,-0.183511933098584,0.010319669618121,0.08524,5.55111512312578e-17,0.085
annual,Cohort 2013 only,Cohort 2013 only,ln_yield,Log yield per 10a,6,after nationwide availability,-0.0298026662397744,0.0468151688707717,-0.11888126873333,0.0592759362537809,0.5238,4,15,15,19,sweet_potato;corn;garlic;spring_potato,-0.0298026662397745,-0.118134423452847,0.0585290909732979,0.524,7.97972798949331e-17,0.524
annual,Cohort 2013 only,Cohort 2013 only,ln_yield,Log yield per 10a,7,after nationwide availability,0.0107306013572691,0.0956105286604129,-0.167761606704404,0.189222809418943,0.9131,4,14,14,18,sweet_potato;corn;garlic;spring_potato,0.0107306013572693,-0.168138691121153,0.189599893835692,0.91157,1.6306400674182e-16,0.913
annual,Cohort 2013 only,Cohort 2013 only,ln_yield,Log yield per 10a,8,after nationwide availability,-0.042900444807251,0.080232425038244,-0.192972544124046,0.107171654509544,0.5914,4,11,11,15,sweet_potato;corn;garlic;spring_potato,-0.0429004448072512,-0.192927543222992,0.10712665360849,0.59181,1.87350135405495e-16,0.591
annual,Cohort 2013 only,Cohort 2013 only,ln_yield,Log yield per 10a,9,after nationwide availability,-0.138729043843708,0.100433881768214,-0.324411664490625,0.0469535768032086,0.1601,4,10,10,14,sweet_potato;corn;garlic;spring_potato,-0.138729043843708,-0.325907806747576,0.0484497190601603,0.15924,2.77555756156289e-17,0.160
annual,Cohort 2015 only,Cohort 2015 only,ln_area,Log cultivated area,-12,clean pre-pilot (placebo),-0.13804365760899,0.143330822946413,-0.357879478773472,0.0817921635554929,0.4302,1,22,22,23,red_pepper,-0.13804365760899,-0.356657006050775,0.0805696908327951,0.43944,2.77555756156289e-16,0.430
annual,Cohort 2015 only,Cohort 2015 only,ln_area,Log cultivated area,-11,clean pre-pilot (placebo),-0.0323474190476442,0.0671691529818068,-0.161069707109574,0.0963748690142855,0.6342,1,22,22,23,red_pepper,-0.0323474190476443,-0.160099501085351,0.0954046629900621,0.6329,9.0205620750794e-17,0.634
annual,Cohort 2015 only,Cohort 2015 only,ln_area,Log cultivated area,-10,clean pre-pilot (placebo),0.0529609323825689,0.0668369261305564,-0.06684503473312,0.172766899498258,0.475,1,22,22,23,red_pepper,0.0529609323825689,-0.0669939911069636,0.172915855872101,0.47619,2.08166817117217e-17,0.475
annual,Cohort 2015 only,Cohort 2015 only,ln_area,Log cultivated area,-9,clean pre-pilot (placebo),-0.088213968439129,0.0959634914248623,-0.245598372391821,0.0691704355135626,0.4538,1,22,22,23,red_pepper,-0.088213968439129,-0.244129617181004,0.0677016803027463,0.45208,1.38777878078145e-17,0.454
annual,Cohort 2015 only,Cohort 2015 only,ln_area,Log cultivated area,0,after nationwide availability,-0.40824190040586,0.117767886876154,-0.626766879227237,-0.189716921584483,1e-04,1,22,22,23,red_pepper,-0.40824190040586,-0.627824385764767,-0.188659415046953,1e-05,0,p < 0.001
annual,Cohort 2015 only,Cohort 2015 only,ln_area,Log cultivated area,1,after nationwide availability,-0.476350948169789,0.126301942973613,-0.712930832419887,-0.23977106391969,1e-04,1,22,22,23,red_pepper,-0.476350948169789,-0.713329206972135,-0.239372689367442,1e-05,3.88578058618805e-16,p < 0.001
annual,Cohort 2015 only,Cohort 2015 only,ln_area,Log cultivated area,2,after nationwide availability,-0.54267488935168,0.0792621959497902,-0.692728036128329,-0.392621742575031,1e-04,1,20,20,21,red_pepper,-0.54267488935168,-0.692745965803803,-0.392603812899557,1e-05,2.22044604925031e-16,p < 0.001
annual,Cohort 2015 only,Cohort 2015 only,ln_area,Log cultivated area,3,after nationwide availability,-0.52092195889024,0.0700840402399731,-0.654252954464969,-0.38759096331551,1e-04,1,20,20,21,red_pepper,-0.52092195889024,-0.653246508558666,-0.388597409221813,1e-05,1.11022302462516e-16,p < 0.001
annual,Cohort 2015 only,Cohort 2015 only,ln_area,Log cultivated area,4,after nationwide availability,-0.334172756899397,0.0958203187815245,-0.513455672611626,-0.154889841187168,1e-04,1,15,15,16,red_pepper,-0.334172756899397,-0.514806814251436,-0.153538699547358,1e-05,1.11022302462516e-16,p < 0.001
annual,Cohort 2015 only,Cohort 2015 only,ln_area,Log cultivated area,5,after nationwide availability,-0.305673541196283,0.114118557750845,-0.518131367866608,-0.0932157145259583,0.0042,1,14,14,15,red_pepper,-0.305673541196283,-0.520188644594397,-0.0911584377981695,0.00325,1.66533453693773e-16,0.004
annual,Cohort 2015 only,Cohort 2015 only,ln_area,Log cultivated area,6,after nationwide availability,-0.2966477416586,0.133644357279055,-0.543146352639324,-0.0501491306778772,0.0175,1,11,11,12,red_pepper,-0.2966477416586,-0.546320012623094,-0.0469754706941066,0.01649,4.44089209850063e-16,0.018
annual,Cohort 2015 only,Cohort 2015 only,ln_area,Log cultivated area,7,after nationwide availability,-0.426446289281812,0.139008522889058,-0.68164590194378,-0.171246676619844,1e-04,1,10,10,11,red_pepper,-0.426446289281812,-0.681500759015463,-0.171391819548161,1e-05,5.55111512312578e-17,p < 0.001
annual,Cohort 2015 only,Cohort 2015 only,ln_area,Log cultivated area,8,after nationwide availability,-0.489391200273169,0.110511035411673,-0.69298682657851,-0.285795573967829,1e-04,1,10,10,11,red_pepper,-0.489391200273169,-0.694615314678855,-0.284167085867484,1e-05,3.88578058618805e-16,p < 0.001
annual,Cohort 2015 only,Cohort 2015 only,ln_area,Log cultivated area,9,after nationwide availability,-0.575853458840185,0.128108583815051,-0.807049155895189,-0.34465776178518,1e-04,1,8,8,9,red_pepper,-0.575853458840185,-0.807400974118004,-0.344305943562365,1e-05,4.44089209850063e-16,p < 0.001
annual,Cohort 2015 only,Cohort 2015 only,ln_production,Log production,-12,clean pre-pilot (placebo),-0.273276079970967,0.273103167215048,-0.654557572179604,0.10800541223767,0.4232,1,22,22,23,red_pepper,-0.273276079970967,-0.655032025472484,0.108479865530549,0.42386,1.11022302462516e-16,0.423
annual,Cohort 2015 only,Cohort 2015 only,ln_production,Log production,-11,clean pre-pilot (placebo),-0.167094246918291,0.17641097740087,-0.442182230651744,0.107993736815161,0.4416,1,22,22,23,red_pepper,-0.167094246918292,-0.443631033029719,0.109442539193136,0.44255,5.55111512312578e-16,0.442
annual,Cohort 2015 only,Cohort 2015 only,ln_production,Log production,-10,clean pre-pilot (placebo),-0.0398475022120643,0.0624561849785675,-0.155807231296134,0.0761122268720053,0.5246,1,22,22,23,red_pepper,-0.0398475022120645,-0.156731553923626,0.0770365494994972,0.53217,1.52655665885959e-16,0.525
annual,Cohort 2015 only,Cohort 2015 only,ln_production,Log production,-9,clean pre-pilot (placebo),-0.346396826806747,0.342324896419396,-0.804121296833162,0.111327643219668,0.4252,1,22,22,23,red_pepper,-0.346396826806747,-0.803086756959511,0.110293103346017,0.42665,5.55111512312578e-17,0.425
annual,Cohort 2015 only,Cohort 2015 only,ln_production,Log production,0,after nationwide availability,-0.402328604675093,0.123406164673437,-0.634051136346358,-0.170606073003828,2e-04,1,22,22,23,red_pepper,-0.402328604675093,-0.63647344030161,-0.168183769048576,7e-05,1.11022302462516e-16,p < 0.001
annual,Cohort 2015 only,Cohort 2015 only,ln_production,Log production,1,after nationwide availability,-0.521268704540264,0.143938174018209,-0.791659224800877,-0.25087818427965,1e-04,1,22,22,23,red_pepper,-0.521268704540264,-0.792639175120842,-0.249898233959685,1e-05,3.33066907387547e-16,p < 0.001
annual,Cohort 2015 only,Cohort 2015 only,ln_production,Log production,2,after nationwide availability,-0.948083538359763,0.104236602663464,-1.14226787376722,-0.753899202952309,1e-04,1,20,20,21,red_pepper,-0.948083538359763,-1.14547233009584,-0.750694746623691,1e-05,3.33066907387547e-16,p < 0.001
annual,Cohort 2015 only,Cohort 2015 only,ln_production,Log production,3,after nationwide availability,-0.66945291583435,0.0898810286779208,-0.838105778886414,-0.500800052782287,1e-04,1,20,20,21,red_pepper,-0.66945291583435,-0.839484130508549,-0.499421701160151,1e-05,3.33066907387547e-16,p < 0.001
annual,Cohort 2015 only,Cohort 2015 only,ln_production,Log production,4,after nationwide availability,-0.533612222679009,0.113913663723034,-0.747806451752861,-0.319417993605158,1e-04,1,15,15,16,red_pepper,-0.533612222679009,-0.747147629563582,-0.320076815794437,1e-05,3.33066907387547e-16,p < 0.001
annual,Cohort 2015 only,Cohort 2015 only,ln_production,Log production,5,after nationwide availability,-0.696277740160891,0.136181886478098,-0.950364451872646,-0.442191028449135,1e-04,1,14,14,15,red_pepper,-0.696277740160891,-0.951972387062994,-0.440583093258787,1e-05,2.22044604925031e-16,p < 0.001
annual,Cohort 2015 only,Cohort 2015 only,ln_production,Log production,6,after nationwide availability,-0.415957302865767,0.152023640938742,-0.697987020226109,-0.133927585505425,0.0012,1,11,11,12,red_pepper,-0.415957302865767,-0.697736815749612,-0.134177789981922,0.0018,5.55111512312578e-17,0.001
annual,Cohort 2015 only,Cohort 2015 only,ln_production,Log production,7,after nationwide availability,-0.76216481399388,0.190370570680125,-1.11244343893155,-0.411886189056212,1e-04,1,10,10,11,red_pepper,-0.76216481399388,-1.11227605801057,-0.41205356997719,1e-05,2.22044604925031e-16,p < 0.001
annual,Cohort 2015 only,Cohort 2015 only,ln_production,Log production,8,after nationwide availability,-0.791329892905984,0.155109035605194,-1.07647854371942,-0.506181242092548,1e-04,1,10,10,11,red_pepper,-0.791329892905984,-1.07726414541954,-0.505395640392434,1e-05,3.33066907387547e-16,p < 0.001
annual,Cohort 2015 only,Cohort 2015 only,ln_production,Log production,9,after nationwide availability,-0.772979178113519,0.173922389896459,-1.09172357567247,-0.454234780554565,1e-04,1,8,8,9,red_pepper,-0.772979178113519,-1.09115392308673,-0.454804433140306,1e-05,5.55111512312578e-16,p < 0.001
annual,Cohort 2015 only,Cohort 2015 only,ln_yield,Log yield per 10a,-12,clean pre-pilot (placebo),-0.133086714593482,0.133549856900669,-0.322233597332815,0.0560601681458508,0.4338,1,22,22,23,red_pepper,-0.133086714593482,-0.322297223854769,0.0561237946678049,0.42658,2.77555756156289e-17,0.434
annual,Cohort 2015 only,Cohort 2015 only,ln_yield,Log yield per 10a,-11,clean pre-pilot (placebo),-0.136489366971024,0.135342870191914,-0.320575970855377,0.0475972369133296,0.4261,1,22,22,23,red_pepper,-0.136489366971023,-0.320032709750952,0.047053975808905,0.42619,5.55111512312578e-16,0.426
annual,Cohort 2015 only,Cohort 2015 only,ln_yield,Log yield per 10a,-10,clean pre-pilot (placebo),-0.0944685775831654,0.0950939451719008,-0.229944336917859,0.0410071817515286,0.423,1,22,22,23,red_pepper,-0.0944685775831655,-0.230617404733618,0.041680249567287,0.42663,6.93889390390723e-17,0.423
annual,Cohort 2015 only,Cohort 2015 only,ln_yield,Log yield per 10a,-9,clean pre-pilot (placebo),-0.259219590644655,0.254163413183568,-0.581760074940413,0.0633208936511023,0.4226,1,22,22,23,red_pepper,-0.259219590644655,-0.581623575715665,0.0631843944263546,0.42382,3.88578058618805e-16,0.423
annual,Cohort 2015 only,Cohort 2015 only,ln_yield,Log yield per 10a,0,after nationwide availability,0.00629403192893913,0.0406594838934523,-0.0705318098524537,0.0831198737103319,0.8761,1,22,22,23,red_pepper,0.00629403192893919,-0.0710620263858792,0.0836500902437576,0.87524,6.41847686111419e-17,0.876
annual,Cohort 2015 only,Cohort 2015 only,ln_yield,Log yield per 10a,1,after nationwide availability,-0.0453628977285453,0.0366435850980785,-0.114913497742296,0.0241877022852054,0.2141,1,22,22,23,red_pepper,-0.0453628977285452,-0.114875320774272,0.0241495253171821,0.21138,6.24500451351651e-17,0.214
annual,Cohort 2015 only,Cohort 2015 only,ln_yield,Log yield per 10a,2,after nationwide availability,-0.405217181028725,0.0368602985664278,-0.475254893597611,-0.335179468459838,1e-04,1,20,20,21,red_pepper,-0.405217181028725,-0.475298382881048,-0.335135979176402,1e-05,2.77555756156289e-16,p < 0.001
annual,Cohort 2015 only,Cohort 2015 only,ln_yield,Log yield per 10a,3,after nationwide availability,-0.148203601870941,0.0427684233059545,-0.230145595713684,-0.0662616080281988,2e-04,1,20,20,21,red_pepper,-0.148203601870941,-0.228928268598667,-0.0674789351432155,0.00011,3.88578058618805e-16,p < 0.001
annual,Cohort 2015 only,Cohort 2015 only,ln_yield,Log yield per 10a,4,after nationwide availability,-0.200192160925652,0.0471656510939749,-0.28881473168592,-0.111569590165383,1e-04,1,15,15,16,red_pepper,-0.200192160925652,-0.288444014255528,-0.111940307595775,1e-05,4.44089209850063e-16,p < 0.001
annual,Cohort 2015 only,Cohort 2015 only,ln_yield,Log yield per 10a,5,after nationwide availability,-0.390859345326505,0.0675461091874032,-0.516451205059419,-0.265267485593592,1e-04,1,14,14,15,red_pepper,-0.390859345326505,-0.515449536547669,-0.266269154105341,1e-05,1.66533453693773e-16,p < 0.001
annual,Cohort 2015 only,Cohort 2015 only,ln_yield,Log yield per 10a,6,after nationwide availability,-0.120104559644346,0.0666167435818989,-0.244632394864694,0.00442327557600102,0.0598,1,11,11,12,red_pepper,-0.120104559644346,-0.24324780141293,0.00303868212423733,0.05658,2.91433543964104e-16,0.060
annual,Cohort 2015 only,Cohort 2015 only,ln_yield,Log yield per 10a,7,after nationwide availability,-0.336187790946072,0.0768565414232046,-0.474337609551465,-0.198037972340679,1e-04,1,10,10,11,red_pepper,-0.336187790946072,-0.474002036210291,-0.198373545681852,1e-05,2.22044604925031e-16,p < 0.001
annual,Cohort 2015 only,Cohort 2015 only,ln_yield,Log yield per 10a,8,after nationwide availability,-0.301251341419945,0.074120082199401,-0.437039422327592,-0.165463260512298,1e-04,1,10,10,11,red_pepper,-0.301251341419945,-0.437924222655498,-0.164578460184393,1e-05,1.66533453693773e-16,p < 0.001
annual,Cohort 2015 only,Cohort 2015 only,ln_yield,Log yield per 10a,9,after nationwide availability,-0.197719960682652,0.0920157562212289,-0.362206592781672,-0.0332333285836334,0.0128,1,8,8,9,red_pepper,-0.197719960682652,-0.361618594782286,-0.0338213265830193,0.01267,4.71844785465692e-16,0.013
annual,"Controls: excl. likely spillover (leaf lettuce, spinach, malting barley)","Controls: excl. likely spillover (leaf lettuce, spinach, malting barley)",ln_area,Log cultivated area,-12,clean pre-pilot (placebo),-0.225084410140234,0.121140629523636,-0.450298124760833,0.000129304480365855,0.0507,7,19,25,26,soybean;onion;sweet_potato;corn;garlic;spring_potato;red_pepper,-0.225084410140234,-0.451847966054052,0.0016791457735845,0.05237,3.88578058618805e-16,0.051
annual,"Controls: excl. likely spillover (leaf lettuce, spinach, malting barley)","Controls: excl. likely spillover (leaf lettuce, spinach, malting barley)",ln_area,Log cultivated area,-11,clean pre-pilot (placebo),-0.136502756711654,0.0786743272762318,-0.285302296217052,0.0122967827937427,0.0746,7,19,25,26,soybean;onion;sweet_potato;corn;garlic;spring_potato;red_pepper,-0.136502756711655,-0.28449261198782,0.0114870985645105,0.07397,6.10622663543836e-16,0.075
annual,"Controls: excl. likely spillover (leaf lettuce, spinach, malting barley)","Controls: excl. likely spillover (leaf lettuce, spinach, malting barley)",ln_area,Log cultivated area,-10,clean pre-pilot (placebo),-0.142076705683824,0.0709090350105172,-0.274258086805984,-0.00989532456166492,0.0351,7,19,25,26,soybean;onion;sweet_potato;corn;garlic;spring_potato;red_pepper,-0.142076705683825,-0.274683644476783,-0.00946976689086601,0.03307,6.38378239159465e-16,0.035
annual,"Controls: excl. likely spillover (leaf lettuce, spinach, malting barley)","Controls: excl. likely spillover (leaf lettuce, spinach, malting barley)",ln_area,Log cultivated area,-9,clean pre-pilot (placebo),-0.112047315198987,0.0613009117431768,-0.225798836692121,0.00170420629414744,0.0547,7,19,25,26,soybean;onion;sweet_potato;corn;garlic;spring_potato;red_pepper,-0.112047315198987,-0.226409288589593,0.00231465819161891,0.05592,3.60822483003176e-16,0.055
annual,"Controls: excl. likely spillover (leaf lettuce, spinach, malting barley)","Controls: excl. likely spillover (leaf lettuce, spinach, malting barley)",ln_area,Log cultivated area,-8,clean pre-pilot (placebo),0.0145762287320312,0.0858391703453876,-0.141766369259384,0.170918826723447,0.8737,6,19,25,26,soybean;onion;sweet_potato;corn;garlic;spring_potato,0.0145762287320313,-0.14198283333872,0.171135290802782,0.8777,1.45716771982052e-16,0.874
annual,"Controls: excl. likely spillover (leaf lettuce, spinach, malting barley)","Controls: excl. likely spillover (leaf lettuce, spinach, malting barley)",ln_area,Log cultivated area,-7,clean pre-pilot (placebo),0.0124599258337403,0.076355915981472,-0.131371123065117,0.156290974732597,0.8736,6,19,25,26,soybean;onion;sweet_potato;corn;garlic;spring_potato,0.0124599258337403,-0.130490942208197,0.155410793875678,0.87512,3.12250225675825e-17,0.874
annual,"Controls: excl. likely spillover (leaf lettuce, spinach, malting barley)","Controls: excl. likely spillover (leaf lettuce, spinach, malting barley)",ln_area,Log cultivated area,-6,clean pre-pilot (placebo),0.0440389702012016,0.0482470054843597,-0.0458422849380919,0.133920225340495,0.3774,5,19,25,26,soybean;onion;sweet_potato;corn;garlic,0.044038970201201,-0.0467507272744994,0.134828667676901,0.37642,6.10622663543836e-16,0.377
annual,"Controls: excl. likely spillover (leaf lettuce, spinach, malting barley)","Controls: excl. likely spillover (leaf lettuce, spinach, malting barley)",ln_area,Log cultivated area,-5,clean pre-pilot (placebo),0.120939009121015,0.0853627497033164,-0.0188011389768276,0.260679157218858,0.1264,2,19,22,23,onion;garlic,0.120939009121015,-0.0189435024341612,0.260821520676191,0.12662,5.55111512312578e-17,0.126
annual,"Controls: excl. likely spillover (leaf lettuce, spinach, malting barley)","Controls: excl. likely spillover (leaf lettuce, spinach, malting barley)",ln_area,Log cultivated area,0,after nationwide availability,0.0373251289005077,0.133415027212754,-0.217529074833976,0.292179332634991,0.7875,7,19,19,26,soybean;onion;sweet_potato;corn;garlic;spring_potato;red_pepper,0.0373251289005072,-0.216561319828378,0.291211577629393,0.78503,4.9960036108132e-16,0.787
annual,"Controls: excl. likely spillover (leaf lettuce, spinach, malting barley)","Controls: excl. likely spillover (leaf lettuce, spinach, malting barley)",ln_area,Log cultivated area,1,after nationwide availability,-0.0478183640399256,0.127358687234586,-0.290472541026345,0.194835812946494,0.7054,7,19,19,26,soybean;onion;sweet_potato;corn;garlic;spring_potato;red_pepper,-0.0478183640399258,-0.290167957488191,0.194531229408339,0.71126,1.94289029309402e-16,0.705
annual,"Controls: excl. likely spillover (leaf lettuce, spinach, malting barley)","Controls: excl. likely spillover (leaf lettuce, spinach, malting barley)",ln_area,Log cultivated area,2,after nationwide availability,-0.0647466584905579,0.154553174617478,-0.360606734116183,0.231113417135067,0.6742,7,17,19,26,soybean;onion;sweet_potato;corn;garlic;spring_potato;red_pepper,-0.0647466584905574,-0.357852707338675,0.22835939035756,0.68165,5.13478148889135e-16,0.674
annual,"Controls: excl. likely spillover (leaf lettuce, spinach, malting barley)","Controls: excl. likely spillover (leaf lettuce, spinach, malting barley)",ln_area,Log cultivated area,3,after nationwide availability,-0.105263175843187,0.158077840184277,-0.408418475226158,0.197892123539783,0.5049,7,17,19,26,soybean;onion;sweet_potato;corn;garlic;spring_potato;red_pepper,-0.105263175843187,-0.405940790530616,0.195414438844242,0.5076,2.77555756156289e-16,0.505
annual,"Controls: excl. likely spillover (leaf lettuce, spinach, malting barley)","Controls: excl. likely spillover (leaf lettuce, spinach, malting barley)",ln_area,Log cultivated area,4,after nationwide availability,-0.0607384369385648,0.137980655862802,-0.322057894400838,0.200581020523708,0.6589,7,12,19,26,soybean;onion;sweet_potato;corn;garlic;spring_potato;red_pepper,-0.0607384369385644,-0.325162077645596,0.203685203768467,0.66235,3.46944695195361e-16,0.659
annual,"Controls: excl. likely spillover (leaf lettuce, spinach, malting barley)","Controls: excl. likely spillover (leaf lettuce, spinach, malting barley)",ln_area,Log cultivated area,5,after nationwide availability,-0.0193261558969076,0.135443734073391,-0.277818164897892,0.239165853104077,0.8839,7,11,17,24,soybean;onion;sweet_potato;corn;garlic;spring_potato;red_pepper,-0.0193261558969079,-0.27824402319799,0.239591711404174,0.88771,3.40005801291454e-16,0.884
annual,"Controls: excl. likely spillover (leaf lettuce, spinach, malting barley)","Controls: excl. likely spillover (leaf lettuce, spinach, malting barley)",ln_area,Log cultivated area,6,after nationwide availability,0.116271771732873,0.172588802047311,-0.212825673291709,0.445369216757454,0.5008,7,10,17,24,soybean;onion;sweet_potato;corn;garlic;spring_potato;red_pepper,0.116271771732872,-0.212836329077461,0.445379872543206,0.50344,5.13478148889135e-16,0.501
annual,"Controls: excl. likely spillover (leaf lettuce, spinach, malting barley)","Controls: excl. likely spillover (leaf lettuce, spinach, malting barley)",ln_area,Log cultivated area,7,after nationwide availability,0.109507949016284,0.1743742958055,-0.220236054588527,0.439251952621096,0.5292,7,9,12,19,soybean;onion;sweet_potato;corn;garlic;spring_potato;red_pepper,0.109507949016284,-0.220481510708381,0.439497408740948,0.53049,2.77555756156289e-16,0.529
annual,"Controls: excl. likely spillover (leaf lettuce, spinach, malting barley)","Controls: excl. likely spillover (leaf lettuce, spinach, malting barley)",ln_area,Log cultivated area,8,after nationwide availability,0.00737684020977353,0.177195081344437,-0.322394439036115,0.337148119455662,0.9656,7,9,11,18,soybean;onion;sweet_potato;corn;garlic;spring_potato;red_pepper,0.00737684020977356,-0.327551961013894,0.342305641433441,0.96663,3.20923843055709e-17,0.966
annual,"Controls: excl. likely spillover (leaf lettuce, spinach, malting barley)","Controls: excl. likely spillover (leaf lettuce, spinach, malting barley)",ln_area,Log cultivated area,9,after nationwide availability,-0.021708459148027,0.190591925142915,-0.383106460158592,0.339689541862538,0.9077,7,7,10,17,soybean;onion;sweet_potato;corn;garlic;spring_potato;red_pepper,-0.0217084591480276,-0.381480384981334,0.338063466685278,0.90952,5.79397640976254e-16,0.908
annual,"Controls: excl. likely spillover (leaf lettuce, spinach, malting barley)","Controls: excl. likely spillover (leaf lettuce, spinach, malting barley)",ln_production,Log production,-12,clean pre-pilot (placebo),-0.28084215425378,0.128300613659184,-0.523312784374813,-0.0383715241327473,0.0206,7,19,25,26,soybean;onion;sweet_potato;corn;garlic;spring_potato;red_pepper,-0.28084215425378,-0.523448092453431,-0.0382362160541295,0.0191,5.55111512312578e-17,0.021
annual,"Controls: excl. likely spillover (leaf lettuce, spinach, malting barley)","Controls: excl. likely spillover (leaf lettuce, spinach, malting barley)",ln_production,Log production,-11,clean pre-pilot (placebo),-0.128025732057631,0.0686258959783003,-0.258856875278229,0.00280541116296593,0.056,7,19,25,26,soybean;onion;sweet_potato;corn;garlic;spring_potato;red_pepper,-0.128025732057631,-0.25903295127739,0.00298148716212693,0.05663,4.71844785465692e-16,0.056
annual,"Controls: excl. likely spillover (leaf lettuce, spinach, malting barley)","Controls: excl. likely spillover (leaf lettuce, spinach, malting barley)",ln_production,Log production,-10,clean pre-pilot (placebo),-0.133638429814423,0.0597879986401172,-0.248999609137518,-0.018277250491328,0.0203,7,19,25,26,soybean;onion;sweet_potato;corn;garlic;spring_potato;red_pepper,-0.133638429814423,-0.247544760592172,-0.0197320990366733,0.01897,1.94289029309402e-16,0.020
annual,"Controls: excl. likely spillover (leaf lettuce, spinach, malting barley)","Controls: excl. likely spillover (leaf lettuce, spinach, malting barley)",ln_production,Log production,-9,clean pre-pilot (placebo),-0.151498374792879,0.07215275901402,-0.290652553241225,-0.0123441963445339,0.0308,7,19,25,26,soybean;onion;sweet_potato;corn;garlic;spring_potato;red_pepper,-0.151498374792879,-0.287674274338839,-0.0153224752469193,0.027,3.60822483003176e-16,0.031
annual,"Controls: excl. likely spillover (leaf lettuce, spinach, malting barley)","Controls: excl. likely spillover (leaf lettuce, spinach, malting barley)",ln_production,Log production,-8,clean pre-pilot (placebo),0.0103982608090739,0.0890017253995656,-0.152377666552034,0.173174188170182,0.9168,6,19,25,26,soybean;onion;sweet_potato;corn;garlic;spring_potato,0.0103982608090746,-0.153018805007385,0.173815326625534,0.91582,6.60929644347164e-16,0.917
annual,"Controls: excl. likely spillover (leaf lettuce, spinach, malting barley)","Controls: excl. likely spillover (leaf lettuce, spinach, malting barley)",ln_production,Log production,-7,clean pre-pilot (placebo),0.0254242844537306,0.0976721398373731,-0.15142601171221,0.202274580619671,0.7991,6,19,25,26,soybean;onion;sweet_potato;corn;garlic;spring_potato,0.0254242844537312,-0.151970532367087,0.202819101274549,0.80717,6.41847686111419e-16,0.799
annual,"Controls: excl. likely spillover (leaf lettuce, spinach, malting barley)","Controls: excl. likely spillover (leaf lettuce, spinach, malting barley)",ln_production,Log production,-6,clean pre-pilot (placebo),0.0508716792409815,0.0831358825387108,-0.0952850155492026,0.197028374031166,0.6164,5,19,25,26,soybean;onion;sweet_potato;corn;garlic,0.0508716792409805,-0.0943699881848548,0.196113346666816,0.61836,1.02695629777827e-15,0.616
annual,"Controls: excl. likely spillover (leaf lettuce, spinach, malting barley)","Controls: excl. likely spillover (leaf lettuce, spinach, malting barley)",ln_production,Log production,-5,clean pre-pilot (placebo),0.11518212768603,0.101163319401395,-0.0415102851982507,0.271874540570312,0.2854,2,19,22,23,onion;garlic,0.115182127686031,-0.0425317477809815,0.272896003153043,0.28058,6.24500451351651e-16,0.285
annual,"Controls: excl. likely spillover (leaf lettuce, spinach, malting barley)","Controls: excl. likely spillover (leaf lettuce, spinach, malting barley)",ln_production,Log production,0,after nationwide availability,0.0511732448661772,0.132141024246545,-0.197477559488339,0.299824049220693,0.7119,7,19,19,26,soybean;onion;sweet_potato;corn;garlic;spring_potato;red_pepper,0.0511732448661772,-0.19973196322652,0.302078452958874,0.70161,2.08166817117217e-17,0.712
annual,"Controls: excl. likely spillover (leaf lettuce, spinach, malting barley)","Controls: excl. likely spillover (leaf lettuce, spinach, malting barley)",ln_production,Log production,1,after nationwide availability,-0.0239595065302877,0.140848660331443,-0.287958960754278,0.240039947693702,0.8692,7,19,19,26,soybean;onion;sweet_potato;corn;garlic;spring_potato;red_pepper,-0.0239595065302877,-0.291855274637795,0.243936261577219,0.86703,3.46944695195361e-17,0.869
annual,"Controls: excl. likely spillover (leaf lettuce, spinach, malting barley)","Controls: excl. likely spillover (leaf lettuce, spinach, malting barley)",ln_production,Log production,2,after nationwide availability,-0.121760520405346,0.19362558158938,-0.482235429745838,0.238714388935146,0.5448,7,17,19,26,soybean;onion;sweet_potato;corn;garlic;spring_potato;red_pepper,-0.121760520405346,-0.483327867122558,0.239806826311866,0.54598,5.55111512312578e-17,0.545
annual,"Controls: excl. likely spillover (leaf lettuce, spinach, malting barley)","Controls: excl. likely spillover (leaf lettuce, spinach, malting barley)",ln_production,Log production,3,after nationwide availability,-0.131228606477961,0.166725047173859,-0.44601647138169,0.183559258425769,0.432,7,17,19,26,soybean;onion;sweet_potato;corn;garlic;spring_potato;red_pepper,-0.131228606477961,-0.448864667648835,0.186407454692913,0.43478,3.60822483003176e-16,0.432
annual,"Controls: excl. likely spillover (leaf lettuce, spinach, malting barley)","Controls: excl. likely spillover (leaf lettuce, spinach, malting barley)",ln_production,Log production,4,after nationwide availability,-0.175182904728271,0.152401864592238,-0.466641782394418,0.116275972937875,0.2418,7,12,19,26,soybean;onion;sweet_potato;corn;garlic;spring_potato;red_pepper,-0.175182904728271,-0.46475746428667,0.114391654830129,0.24724,2.4980018054066e-16,0.242
annual,"Controls: excl. likely spillover (leaf lettuce, spinach, malting barley)","Controls: excl. likely spillover (leaf lettuce, spinach, malting barley)",ln_production,Log production,5,after nationwide availability,-0.140757750479311,0.150823177757713,-0.425541069612105,0.144025568653483,0.3516,7,11,17,24,soybean;onion;sweet_potato;corn;garlic;spring_potato;red_pepper,-0.140757750479312,-0.425308348764333,0.14379284780571,0.35698,9.15933995315754e-16,0.352
annual,"Controls: excl. likely spillover (leaf lettuce, spinach, malting barley)","Controls: excl. likely spillover (leaf lettuce, spinach, malting barley)",ln_production,Log production,6,after nationwide availability,0.0620715593784491,0.165465684837579,-0.252623598653447,0.376766717410345,0.701,7,10,17,24,soybean;onion;sweet_potato;corn;garlic;spring_potato;red_pepper,0.0620715593784492,-0.252436037423335,0.376579156180234,0.70941,9.71445146547012e-17,0.701
annual,"Controls: excl. likely spillover (leaf lettuce, spinach, malting barley)","Controls: excl. likely spillover (leaf lettuce, spinach, malting barley)",ln_production,Log production,7,after nationwide availability,0.0705076654173032,0.211703776310485,-0.323264094742374,0.464279425576981,0.7345,7,9,12,19,soybean;onion;sweet_potato;corn;garlic;spring_potato;red_pepper,0.0705076654173025,-0.326964881393062,0.467980212227667,0.74371,6.93889390390723e-16,0.735
annual,"Controls: excl. likely spillover (leaf lettuce, spinach, malting barley)","Controls: excl. likely spillover (leaf lettuce, spinach, malting barley)",ln_production,Log production,8,after nationwide availability,-0.0492781299825439,0.212247778513461,-0.44780305472879,0.349246794763702,0.8091,7,9,11,18,soybean;onion;sweet_potato;corn;garlic;spring_potato;red_pepper,-0.0492781299825435,-0.449501163473286,0.350944903508199,0.81723,4.09394740330526e-16,0.809
annual,"Controls: excl. likely spillover (leaf lettuce, spinach, malting barley)","Controls: excl. likely spillover (leaf lettuce, spinach, malting barley)",ln_production,Log production,9,after nationwide availability,-0.0887880283823567,0.240169986268336,-0.539815734051802,0.362239677287089,0.7048,7,7,10,17,soybean;onion;sweet_potato;corn;garlic;spring_potato;red_pepper,-0.0887880283823569,-0.541096404927246,0.363520348162533,0.70953,1.80411241501588e-16,0.705
annual,"Controls: excl. likely spillover (leaf lettuce, spinach, malting barley)","Controls: excl. likely spillover (leaf lettuce, spinach, malting barley)",ln_yield,Log yield per 10a,-12,clean pre-pilot (placebo),-0.057226899125391,0.0577333285098515,-0.165554310096575,0.051100511845793,0.33,7,19,25,26,soybean;onion;sweet_potato;corn;garlic;spring_potato;red_pepper,-0.0572268991253909,-0.165591087737584,0.0511372894868021,0.33482,1.31838984174237e-16,0.330
annual,"Controls: excl. likely spillover (leaf lettuce, spinach, malting barley)","Controls: excl. likely spillover (leaf lettuce, spinach, malting barley)",ln_yield,Log yield per 10a,-11,clean pre-pilot (placebo),0.00744688839467484,0.0486974376602785,-0.0780601727517735,0.0929539495411232,0.9047,7,19,25,26,soybean;onion;sweet_potato;corn;garlic;spring_potato;red_pepper,0.00744688839467503,-0.0787951848324625,0.0936889616218125,0.90355,1.86482773667507e-16,0.905
annual,"Controls: excl. likely spillover (leaf lettuce, spinach, malting barley)","Controls: excl. likely spillover (leaf lettuce, spinach, malting barley)",ln_yield,Log yield per 10a,-10,clean pre-pilot (placebo),0.00819309926533475,0.0378388873895051,-0.0594893603731768,0.0758755589038463,0.8617,7,19,25,26,soybean;onion;sweet_potato;corn;garlic;spring_potato;red_pepper,0.00819309926533494,-0.0595100451418731,0.075896243672543,0.86116,1.94289029309402e-16,0.862
annual,"Controls: excl. likely spillover (leaf lettuce, spinach, malting barley)","Controls: excl. likely spillover (leaf lettuce, spinach, malting barley)",ln_yield,Log yield per 10a,-9,clean pre-pilot (placebo),-0.0391304014735439,0.0536067504119138,-0.139020809767036,0.0607600068199484,0.4826,7,19,25,26,soybean;onion;sweet_potato;corn;garlic;spring_potato;red_pepper,-0.0391304014735436,-0.138593433050944,0.0603326301038563,0.48321,2.77555756156289e-16,0.483
annual,"Controls: excl. likely spillover (leaf lettuce, spinach, malting barley)","Controls: excl. likely spillover (leaf lettuce, spinach, malting barley)",ln_yield,Log yield per 10a,-8,clean pre-pilot (placebo),-0.00407974348280429,0.0304312698045387,-0.0616153314464702,0.0534558444808616,0.8974,6,19,25,26,soybean;onion;sweet_potato;corn;garlic;spring_potato,-0.00407974348280419,-0.0613180849764022,0.0531585980107938,0.89717,1.0321604682062e-16,0.897
annual,"Controls: excl. likely spillover (leaf lettuce, spinach, malting barley)","Controls: excl. likely spillover (leaf lettuce, spinach, malting barley)",ln_yield,Log yield per 10a,-7,clean pre-pilot (placebo),0.012980219990095,0.0369123890925778,-0.0536125190410281,0.0795729590212181,0.7518,6,19,25,26,soybean;onion;sweet_potato;corn;garlic;spring_potato,0.0129802199900953,-0.0534686893148037,0.0794291292949943,0.75016,3.20923843055709e-16,0.752
annual,"Controls: excl. likely spillover (leaf lettuce, spinach, malting barley)","Controls: excl. likely spillover (leaf lettuce, spinach, malting barley)",ln_yield,Log yield per 10a,-6,clean pre-pilot (placebo),0.00665593079936257,0.042388708918665,-0.0643550083029511,0.0776668699016762,0.9021,5,19,25,26,soybean;onion;sweet_potato;corn;garlic,0.00665593079936228,-0.0647558284032862,0.0780676900020108,0.9011,2.86229373536173e-16,0.902
annual,"Controls: excl. likely spillover (leaf lettuce, spinach, malting barley)","Controls: excl. likely spillover (leaf lettuce, spinach, malting barley)",ln_yield,Log yield per 10a,-5,clean pre-pilot (placebo),-0.00537119167697915,0.0300687217259137,-0.0609595565774505,0.0502171732234922,0.8731,2,19,22,23,onion;garlic,-0.00537119167697903,-0.0613770770083586,0.0506346936544005,0.87286,1.18828558104411e-16,0.873
annual,"Controls: excl. likely spillover (leaf lettuce, spinach, malting barley)","Controls: excl. likely spillover (leaf lettuce, spinach, malting barley)",ln_yield,Log yield per 10a,0,after nationwide availability,0.0144686733713477,0.0374361912524007,-0.057935089735035,0.0868724364777305,0.7012,7,19,19,26,soybean;onion;sweet_potato;corn;garlic;spring_potato;red_pepper,0.0144686733713476,-0.0569332450460359,0.0858705917887311,0.69742,1.45716771982052e-16,0.701
annual,"Controls: excl. likely spillover (leaf lettuce, spinach, malting barley)","Controls: excl. likely spillover (leaf lettuce, spinach, malting barley)",ln_yield,Log yield per 10a,1,after nationwide availability,0.0244484793154916,0.0549978560255791,-0.0785174226422516,0.127414381273235,0.694,7,19,19,26,soybean;onion;sweet_potato;corn;garlic;spring_potato;red_pepper,0.0244484793154916,-0.0770483743908627,0.125945333021846,0.68011,1.38777878078145e-17,0.694
annual,"Controls: excl. likely spillover (leaf lettuce, spinach, malting barley)","Controls: excl. likely spillover (leaf lettuce, spinach, malting barley)",ln_yield,Log yield per 10a,2,after nationwide availability,-0.0561237520175744,0.0738106178393334,-0.192158919219845,0.0799114151846958,0.4823,7,17,19,26,soybean;onion;sweet_potato;corn;garlic;spring_potato;red_pepper,-0.0561237520175743,-0.191962363814581,0.0797148597794328,0.47706,1.11022302462516e-16,0.482
annual,"Controls: excl. likely spillover (leaf lettuce, spinach, malting barley)","Controls: excl. likely spillover (leaf lettuce, spinach, malting barley)",ln_yield,Log yield per 10a,3,after nationwide availability,-0.0257339028981136,0.0537972901008554,-0.126578185416202,0.0751103796199744,0.6506,7,17,19,26,soybean;onion;sweet_potato;corn;garlic;spring_potato;red_pepper,-0.0257339028981137,-0.127062157376359,0.0755943515801313,0.64006,1.11022302462516e-16,0.651
annual,"Controls: excl. likely spillover (leaf lettuce, spinach, malting barley)","Controls: excl. likely spillover (leaf lettuce, spinach, malting barley)",ln_yield,Log yield per 10a,4,after nationwide availability,-0.114138461490052,0.0521213277282257,-0.213138575633995,-0.01513834734611,0.0224,7,12,19,26,soybean;onion;sweet_potato;corn;garlic;spring_potato;red_pepper,-0.114138461490052,-0.213320466450125,-0.0149564565299792,0.02107,2.77555756156289e-16,0.022
annual,"Controls: excl. likely spillover (leaf lettuce, spinach, malting barley)","Controls: excl. likely spillover (leaf lettuce, spinach, malting barley)",ln_yield,Log yield per 10a,5,after nationwide availability,-0.121084958698813,0.0769219023803953,-0.265558048805648,0.0233881314080212,0.1132,7,11,17,24,soybean;onion;sweet_potato;corn;garlic;spring_potato;red_pepper,-0.121084958698814,-0.264668385947114,0.0224984685494866,0.11262,5.27355936696949e-16,0.113
annual,"Controls: excl. likely spillover (leaf lettuce, spinach, malting barley)","Controls: excl. likely spillover (leaf lettuce, spinach, malting barley)",ln_yield,Log yield per 10a,6,after nationwide availability,-0.0542121203935656,0.0557040520135002,-0.159049521123675,0.0506252803365435,0.3361,7,10,17,24,soybean;onion;sweet_potato;corn;garlic;spring_potato;red_pepper,-0.0542121203935656,-0.159760054242922,0.0513358134557913,0.33316,2.08166817117217e-17,0.336
annual,"Controls: excl. likely spillover (leaf lettuce, spinach, malting barley)","Controls: excl. likely spillover (leaf lettuce, spinach, malting barley)",ln_yield,Log yield per 10a,7,after nationwide availability,-0.0392151689953761,0.0930904570868185,-0.213054812873711,0.134624474882959,0.6695,7,9,12,19,soybean;onion;sweet_potato;corn;garlic;spring_potato;red_pepper,-0.0392151689953761,-0.214873929071222,0.13644359108047,0.67783,1.38777878078145e-17,0.669
annual,"Controls: excl. likely spillover (leaf lettuce, spinach, malting barley)","Controls: excl. likely spillover (leaf lettuce, spinach, malting barley)",ln_yield,Log yield per 10a,8,after nationwide availability,-0.0569926015040441,0.0879807119026155,-0.221179490398213,0.107194287390125,0.5086,7,9,11,18,soybean;onion;sweet_potato;corn;garlic;spring_potato;red_pepper,-0.0569926015040437,-0.22351259414367,0.109527391135583,0.51595,3.88578058618805e-16,0.509
annual,"Controls: excl. likely spillover (leaf lettuce, spinach, malting barley)","Controls: excl. likely spillover (leaf lettuce, spinach, malting barley)",ln_yield,Log yield per 10a,9,after nationwide availability,-0.0677855595601373,0.106576394956941,-0.270508273344814,0.13493715422454,0.5182,7,7,10,17,soybean;onion;sweet_potato;corn;garlic;spring_potato;red_pepper,-0.0677855595601373,-0.268959417947458,0.133388298827184,0.52358,1.38777878078145e-17,0.518
annual,Controls: excl. other pulses,Controls: excl. other pulses,ln_area,Log cultivated area,-12,clean pre-pilot (placebo),-0.232882812501868,0.120815453630313,-0.459014148942284,-0.00675147606145193,0.0416,7,21,27,28,soybean;onion;sweet_potato;corn;garlic;spring_potato;red_pepper,-0.232882812501867,-0.459113192436761,-0.00665243256697329,0.04168,7.7715611723761e-16,0.042
annual,Controls: excl. other pulses,Controls: excl. other pulses,ln_area,Log cultivated area,-11,clean pre-pilot (placebo),-0.139818060137515,0.0776610865913054,-0.287225840761769,0.00758972048673959,0.0627,7,21,27,28,soybean;onion;sweet_potato;corn;garlic;spring_potato;red_pepper,-0.139818060137515,-0.28585081068851,0.00621469041348058,0.06268,5.55111512312578e-17,0.063
annual,Controls: excl. other pulses,Controls: excl. other pulses,ln_area,Log cultivated area,-10,clean pre-pilot (placebo),-0.150489563088351,0.073364190613833,-0.285291749783386,-0.0156873763933159,0.0245,7,21,27,28,soybean;onion;sweet_potato;corn;garlic;spring_potato;red_pepper,-0.15048956308835,-0.287039805741828,-0.013939320434873,0.02691,8.32667268468867e-16,0.025
annual,Controls: excl. other pulses,Controls: excl. other pulses,ln_area,Log cultivated area,-9,clean pre-pilot (placebo),-0.126624861532024,0.0642968470478899,-0.245975246704505,-0.00727447635954394,0.0347,7,21,27,28,soybean;onion;sweet_potato;corn;garlic;spring_potato;red_pepper,-0.126624861532024,-0.246513800615086,-0.00673592244896211,0.03585,4.44089209850063e-16,0.035
annual,Controls: excl. other pulses,Controls: excl. other pulses,ln_area,Log cultivated area,-8,clean pre-pilot (placebo),0.00256292343393393,0.0855038235576469,-0.154426648762146,0.159552495630013,0.9772,6,21,27,28,soybean;onion;sweet_potato;corn;garlic;spring_potato,0.00256292343393345,-0.153998892813112,0.159124739680979,0.97755,4.75314232417645e-16,0.977
annual,Controls: excl. other pulses,Controls: excl. other pulses,ln_area,Log cultivated area,-7,clean pre-pilot (placebo),-0.00652579689974861,0.0780115404165614,-0.151329451264195,0.138277857464698,0.9365,6,21,27,28,soybean;onion;sweet_potato;corn;garlic;spring_potato,-0.00652579689974912,-0.151717467496885,0.138665873697386,0.93451,5.1087606367517e-16,0.936
annual,Controls: excl. other pulses,Controls: excl. other pulses,ln_area,Log cultivated area,-6,clean pre-pilot (placebo),0.0327725804753053,0.0457433699543462,-0.0539739831215883,0.119519144072199,0.4881,5,21,27,28,soybean;onion;sweet_potato;corn;garlic,0.0327725804753047,-0.053979789972217,0.119524950922826,0.4875,6.17561557447743e-16,0.488
annual,Controls: excl. other pulses,Controls: excl. other pulses,ln_area,Log cultivated area,-5,clean pre-pilot (placebo),0.112847608779653,0.0818520566558868,-0.017321491466901,0.243016709026208,0.1366,2,21,24,25,onion;garlic,0.112847608779653,-0.0177306850542581,0.243425902613564,0.13584,4.02455846426619e-16,0.137
annual,Controls: excl. other pulses,Controls: excl. other pulses,ln_area,Log cultivated area,0,after nationwide availability,0.133907185885764,0.150809882910574,-0.157292185249335,0.425106557020863,0.3754,7,21,21,28,soybean;onion;sweet_potato;corn;garlic;spring_potato;red_pepper,0.133907185885764,-0.15434287986119,0.422157251632718,0.37924,2.77555756156289e-17,0.375
annual,Controls: excl. other pulses,Controls: excl. other pulses,ln_area,Log cultivated area,1,after nationwide availability,0.0408251082450601,0.137285018150776,-0.224055104187962,0.305705320678082,0.7678,7,21,21,28,soybean;onion;sweet_potato;corn;garlic;spring_potato;red_pepper,0.0408251082450602,-0.221969349895724,0.303619566385845,0.76768,1.45716771982052e-16,0.768
annual,Controls: excl. other pulses,Controls: excl. other pulses,ln_area,Log cultivated area,2,after nationwide availability,0.00355536995889829,0.155355907003908,-0.293623805393845,0.300734545311641,0.981,7,19,21,28,soybean;onion;sweet_potato;corn;garlic;spring_potato;red_pepper,0.00355536995889827,-0.292832070301223,0.29994281021902,0.98166,1.99493199737333e-17,0.981
annual,Controls: excl. other pulses,Controls: excl. other pulses,ln_area,Log cultivated area,3,after nationwide availability,-0.0386600929802072,0.154540891602569,-0.334097572406108,0.256777386445694,0.8,7,19,21,28,soybean;onion;sweet_potato;corn;garlic;spring_potato;red_pepper,-0.0386600929802076,-0.334537457941396,0.257217271980981,0.80243,4.5102810375397e-16,0.800
annual,Controls: excl. other pulses,Controls: excl. other pulses,ln_area,Log cultivated area,4,after nationwide availability,0.0211376934787225,0.137165035038443,-0.239142540625348,0.281417927582793,0.8774,7,14,21,28,soybean;onion;sweet_potato;corn;garlic;spring_potato;red_pepper,0.021137693478722,-0.241230544787165,0.283505931744609,0.87838,5.34294830600857e-16,0.877
annual,Controls: excl. other pulses,Controls: excl. other pulses,ln_area,Log cultivated area,5,after nationwide availability,0.0545944772025355,0.132707917542777,-0.193863334811687,0.303052289216758,0.6845,7,13,19,26,soybean;onion;sweet_potato;corn;garlic;spring_potato;red_pepper,0.0545944772025353,-0.198769555662234,0.307958510067304,0.68092,2.22044604925031e-16,0.684
annual,Controls: excl. other pulses,Controls: excl. other pulses,ln_area,Log cultivated area,6,after nationwide availability,0.18395502833974,0.167314386241849,-0.129974712020682,0.497884768700162,0.2717,7,10,19,26,soybean;onion;sweet_potato;corn;garlic;spring_potato;red_pepper,0.18395502833974,-0.134765292765313,0.502675349444793,0.27158,2.77555756156289e-17,0.272
annual,Controls: excl. other pulses,Controls: excl. other pulses,ln_area,Log cultivated area,7,after nationwide availability,0.192520230359811,0.167292221634037,-0.120747515481937,0.505787976201559,0.246,7,9,14,21,soybean;onion;sweet_potato;corn;garlic;spring_potato;red_pepper,0.19252023035981,-0.125273200748803,0.510313661468423,0.24607,8.04911692853239e-16,0.246
annual,Controls: excl. other pulses,Controls: excl. other pulses,ln_area,Log cultivated area,8,after nationwide availability,0.0576625228198826,0.174752346237542,-0.272834307671358,0.388159353311123,0.744,7,9,13,20,soybean;onion;sweet_potato;corn;garlic;spring_potato;red_pepper,0.0576625228198829,-0.272577217584763,0.387902263224528,0.74226,2.56739074444567e-16,0.744
annual,Controls: excl. other pulses,Controls: excl. other pulses,ln_area,Log cultivated area,9,after nationwide availability,0.00959312901420287,0.193541325668674,-0.351212426283132,0.370398684311538,0.9632,7,7,10,17,soybean;onion;sweet_potato;corn;garlic;spring_potato;red_pepper,0.00959312901420235,-0.355611799939303,0.374798057967708,0.96005,5.16947595841089e-16,0.963
annual,Controls: excl. other pulses,Controls: excl. other pulses,ln_production,Log production,-12,clean pre-pilot (placebo),-0.297992412830507,0.129968301968414,-0.546534204131551,-0.049450621529463,0.0147,7,21,27,28,soybean;onion;sweet_potato;corn;garlic;spring_potato;red_pepper,-0.297992412830507,-0.542491933377154,-0.0534928922838602,0.01318,1.66533453693773e-16,0.015
annual,Controls: excl. other pulses,Controls: excl. other pulses,ln_production,Log production,-11,clean pre-pilot (placebo),-0.143911850099316,0.0695470828544874,-0.27816766908437,-0.00965603111426169,0.0338,7,21,27,28,soybean;onion;sweet_potato;corn;garlic;spring_potato;red_pepper,-0.143911850099316,-0.275950056595963,-0.0118736436026693,0.03067,5.55111512312578e-17,0.034
annual,Controls: excl. other pulses,Controls: excl. other pulses,ln_production,Log production,-10,clean pre-pilot (placebo),-0.155516029306215,0.0655028667326416,-0.280812244010839,-0.0302198146015906,0.0116,7,21,27,28,soybean;onion;sweet_potato;corn;garlic;spring_potato;red_pepper,-0.155516029306215,-0.280383552849123,-0.030648505763307,0.01128,4.44089209850063e-16,0.012
annual,Controls: excl. other pulses,Controls: excl. other pulses,ln_production,Log production,-9,clean pre-pilot (placebo),-0.175248188121386,0.0788100186541443,-0.325548813051369,-0.0249475631914025,0.0194,7,21,27,28,soybean;onion;sweet_potato;corn;garlic;spring_potato;red_pepper,-0.175248188121386,-0.325009371507568,-0.0254870047352031,0.01816,4.16333634234434e-16,0.019
annual,Controls: excl. other pulses,Controls: excl. other pulses,ln_production,Log production,-8,clean pre-pilot (placebo),-0.00885447470962601,0.0901717947646282,-0.175105804027476,0.157396854608224,0.9302,6,21,27,28,soybean;onion;sweet_potato;corn;garlic;spring_potato,-0.00885447470962548,-0.176495618165608,0.158786668746357,0.92664,5.3256010712488e-16,0.930
annual,Controls: excl. other pulses,Controls: excl. other pulses,ln_production,Log production,-7,clean pre-pilot (placebo),0.00397317453058481,0.0997822303513676,-0.178682681725191,0.18662903078636,0.969,6,21,27,28,soybean;onion;sweet_potato;corn;garlic;spring_potato,0.003973174530585,-0.178727230524647,0.186673579585817,0.96919,1.91686944095437e-16,0.969
annual,Controls: excl. other pulses,Controls: excl. other pulses,ln_production,Log production,-6,clean pre-pilot (placebo),0.0366051872856773,0.0815955639077821,-0.108062868188862,0.181273242760217,0.7138,5,21,27,28,soybean;onion;sweet_potato;corn;garlic,0.0366051872856762,-0.108369446288937,0.181579820860289,0.71229,1.08246744900953e-15,0.714
annual,Controls: excl. other pulses,Controls: excl. other pulses,ln_production,Log production,-5,clean pre-pilot (placebo),0.10190406027149,0.0976083893373709,-0.0508759877936254,0.254684108336605,0.3638,2,21,24,25,onion;garlic,0.10190406027149,-0.0504398152378545,0.254247935780834,0.36003,6.93889390390723e-17,0.364
annual,Controls: excl. other pulses,Controls: excl. other pulses,ln_production,Log production,0,after nationwide availability,0.155795659652895,0.150903088184388,-0.133318834697294,0.444910154003084,0.3077,7,21,21,28,soybean;onion;sweet_potato;corn;garlic;spring_potato;red_pepper,0.155795659652895,-0.131950173621609,0.443541492927399,0.30451,2.4980018054066e-16,0.308
annual,Controls: excl. other pulses,Controls: excl. other pulses,ln_production,Log production,1,after nationwide availability,0.0777530288444539,0.150168802143906,-0.212078810506719,0.367584868195626,0.611,7,21,21,28,soybean;onion;sweet_potato;corn;garlic;spring_potato;red_pepper,0.0777530288444543,-0.209754390165583,0.365260447854492,0.60833,4.16333634234434e-16,0.611
annual,Controls: excl. other pulses,Controls: excl. other pulses,ln_production,Log production,2,after nationwide availability,-0.0329443094440353,0.194479701025576,-0.403189632881691,0.33730101399362,0.8714,7,19,21,28,soybean;onion;sweet_potato;corn;garlic;spring_potato;red_pepper,-0.0329443094440356,-0.400025795817731,0.33413717692966,0.87021,3.12250225675825e-16,0.871
annual,Controls: excl. other pulses,Controls: excl. other pulses,ln_production,Log production,3,after nationwide availability,-0.0346364093619368,0.164941665401623,-0.352256320743139,0.282983502019266,0.8378,7,19,21,28,soybean;onion;sweet_potato;corn;garlic;spring_potato;red_pepper,-0.0346364093619374,-0.350310618412507,0.281037799688632,0.83509,5.62050406216486e-16,0.838
annual,Controls: excl. other pulses,Controls: excl. other pulses,ln_production,Log production,4,after nationwide availability,-0.0634665917153934,0.150811433966005,-0.354142900384319,0.227209716953532,0.6843,7,14,21,28,soybean;onion;sweet_potato;corn;garlic;spring_potato;red_pepper,-0.0634665917153939,-0.352797406368852,0.225864222938064,0.67805,5.27355936696949e-16,0.684
annual,Controls: excl. other pulses,Controls: excl. other pulses,ln_production,Log production,5,after nationwide availability,-0.0284893085806656,0.147565268215949,-0.308607100780408,0.251628483619077,0.8559,7,13,19,26,soybean;onion;sweet_potato;corn;garlic;spring_potato;red_pepper,-0.0284893085806661,-0.309468863063657,0.252490245902325,0.84963,5.51642065360625e-16,0.856
annual,Controls: excl. other pulses,Controls: excl. other pulses,ln_production,Log production,6,after nationwide availability,0.178286530402343,0.157710951167042,-0.124767995950021,0.481341056754707,0.2587,7,10,19,26,soybean;onion;sweet_potato;corn;garlic;spring_potato;red_pepper,0.178286530402343,-0.12544863966408,0.482021700468766,0.25754,5.55111512312578e-17,0.259
annual,Controls: excl. other pulses,Controls: excl. other pulses,ln_production,Log production,7,after nationwide availability,0.208502892167525,0.202093781863286,-0.172655066684414,0.589660851019463,0.3072,7,9,14,21,soybean;onion;sweet_potato;corn;garlic;spring_potato;red_pepper,0.208502892167524,-0.172242394477298,0.589248178812346,0.31009,4.9960036108132e-16,0.307
annual,Controls: excl. other pulses,Controls: excl. other pulses,ln_production,Log production,8,after nationwide availability,0.0520678046816385,0.207800619332774,-0.344593907685954,0.448729517049231,0.8012,7,9,13,20,soybean;onion;sweet_potato;corn;garlic;spring_potato;red_pepper,0.0520678046816392,-0.343187560528971,0.44732316989225,0.80374,7.21644966006352e-16,0.801
annual,Controls: excl. other pulses,Controls: excl. other pulses,ln_production,Log production,9,after nationwide availability,-0.00594856431912405,0.238975955392943,-0.459811849546152,0.447914720907904,0.9794,7,7,10,17,soybean;onion;sweet_potato;corn;garlic;spring_potato;red_pepper,-0.00594856431912426,-0.459179199519108,0.447282070880859,0.98055,2.09901540593194e-16,0.979
annual,Controls: excl. other pulses,Controls: excl. other pulses,ln_yield,Log yield per 10a,-12,clean pre-pilot (placebo),-0.0664757624692868,0.06014007420123,-0.180070735001368,0.0471192100627944,0.275,7,21,27,28,soybean;onion;sweet_potato;corn;garlic;spring_potato;red_pepper,-0.066475762469287,-0.179984305562701,0.0470327806241272,0.27598,2.35922392732846e-16,0.275
annual,Controls: excl. other pulses,Controls: excl. other pulses,ln_yield,Log yield per 10a,-11,clean pre-pilot (placebo),-0.00519648526728984,0.0498587875633954,-0.0945544779329523,0.0841615073983727,0.9276,7,21,27,28,soybean;onion;sweet_potato;corn;garlic;spring_potato;red_pepper,-0.00519648526728988,-0.0953788610349977,0.0849858905004179,0.93003,3.98986399474666e-17,0.928
annual,Controls: excl. other pulses,Controls: excl. other pulses,ln_yield,Log yield per 10a,-10,clean pre-pilot (placebo),-0.00530002747878134,0.0393054357373468,-0.0777731952617927,0.06717314030423,0.9042,7,21,27,28,soybean;onion;sweet_potato;corn;garlic;spring_potato;red_pepper,-0.00530002747878134,-0.0774435297892577,0.066843474831695,0.90426,0,0.904
annual,Controls: excl. other pulses,Controls: excl. other pulses,ln_yield,Log yield per 10a,-9,clean pre-pilot (placebo),-0.0484210125360338,0.0545694900225568,-0.150071400828358,0.0532293757562906,0.3941,7,21,27,28,soybean;onion;sweet_potato;corn;garlic;spring_potato;red_pepper,-0.048421012536034,-0.150604253917681,0.053762228845613,0.39174,2.28983498828939e-16,0.394
annual,Controls: excl. other pulses,Controls: excl. other pulses,ln_yield,Log yield per 10a,-8,clean pre-pilot (placebo),-0.0113783421770165,0.0316156892220389,-0.070959176260405,0.0482024919063721,0.7284,6,21,27,28,soybean;onion;sweet_potato;corn;garlic;spring_potato,-0.0113783421770167,-0.0709121591848706,0.0481554748308372,0.72623,2.42861286636753e-16,0.728
annual,Controls: excl. other pulses,Controls: excl. other pulses,ln_yield,Log yield per 10a,-7,clean pre-pilot (placebo),0.010405247531166,0.0381856091403637,-0.0595967822324567,0.0804072772947887,0.7957,6,21,27,28,soybean;onion;sweet_potato;corn;garlic;spring_potato,0.0104052475311661,-0.0593197186104596,0.0801302136727918,0.79712,5.89805981832114e-17,0.796
annual,Controls: excl. other pulses,Controls: excl. other pulses,ln_yield,Log yield per 10a,-6,clean pre-pilot (placebo),0.00363249826543552,0.0434571087178287,-0.0716268461684621,0.0788918426993331,0.946,5,21,27,28,soybean;onion;sweet_potato;corn;garlic,0.00363249826543514,-0.070908923238693,0.0781739197695632,0.94588,3.78603398631938e-16,0.946
annual,Controls: excl. other pulses,Controls: excl. other pulses,ln_yield,Log yield per 10a,-5,clean pre-pilot (placebo),-0.0106158212883056,0.0316583344559302,-0.0680243797552767,0.0467927371786656,0.746,2,21,24,25,onion;garlic,-0.010615821288306,-0.0679022771292192,0.0466706345526073,0.75608,4.23272528138341e-16,0.746
annual,Controls: excl. other pulses,Controls: excl. other pulses,ln_yield,Log yield per 10a,0,after nationwide availability,0.0223219804189507,0.0354030482963542,-0.0458782572545016,0.090522218092403,0.5229,7,21,21,28,soybean;onion;sweet_potato;corn;garlic;spring_potato;red_pepper,0.0223219804189507,-0.0457327105554915,0.0903766713933928,0.52652,3.46944695195361e-18,0.523
annual,Controls: excl. other pulses,Controls: excl. other pulses,ln_yield,Log yield per 10a,1,after nationwide availability,0.0375232814670414,0.0525271845270943,-0.0592631560848771,0.13430971901896,0.5202,7,21,21,28,soybean;onion;sweet_potato;corn;garlic;spring_potato;red_pepper,0.0375232814670416,-0.0586074344476735,0.133653997381757,0.51433,1.94289029309402e-16,0.520
annual,Controls: excl. other pulses,Controls: excl. other pulses,ln_yield,Log yield per 10a,2,after nationwide availability,-0.0355851205928339,0.0718383268011889,-0.166965320105057,0.0957950789193897,0.6329,7,19,21,28,soybean;onion;sweet_potato;corn;garlic;spring_potato;red_pepper,-0.0355851205928342,-0.166898506135748,0.0957282649500793,0.64359,3.2612801348364e-16,0.633
annual,Controls: excl. other pulses,Controls: excl. other pulses,ln_yield,Log yield per 10a,3,after nationwide availability,0.00425373893087729,0.0531670852340638,-0.0951744143051942,0.103681892166949,0.9397,7,19,21,28,soybean;onion;sweet_potato;corn;garlic;spring_potato;red_pepper,0.00425373893087692,-0.0957156145196926,0.104223092381446,0.93928,3.65159291693118e-16,0.940
annual,Controls: excl. other pulses,Controls: excl. other pulses,ln_yield,Log yield per 10a,4,after nationwide availability,-0.0843261104916248,0.0517868387033686,-0.183669059046456,0.015016838063206,0.0998,7,14,21,28,soybean;onion;sweet_potato;corn;garlic;spring_potato;red_pepper,-0.0843261104916251,-0.18267844024677,0.0140262192635195,0.09678,2.63677968348475e-16,0.100
annual,Controls: excl. other pulses,Controls: excl. other pulses,ln_yield,Log yield per 10a,5,after nationwide availability,-0.0829946833809695,0.0732316394856641,-0.219212884539906,0.0532235177779665,0.2733,7,13,19,26,soybean;onion;sweet_potato;corn;garlic;spring_potato;red_pepper,-0.0829946833809698,-0.219513056714323,0.0535236899523831,0.2704,2.63677968348475e-16,0.273
annual,Controls: excl. other pulses,Controls: excl. other pulses,ln_yield,Log yield per 10a,6,after nationwide availability,-0.00582252959407852,0.0513134535803579,-0.104093650807336,0.0924485916191793,0.9128,7,10,19,26,soybean;onion;sweet_potato;corn;garlic;spring_potato;red_pepper,-0.00582252959407826,-0.103182987936455,0.0915379287482983,0.91226,2.55871712706579e-16,0.913
annual,Controls: excl. other pulses,Controls: excl. other pulses,ln_yield,Log yield per 10a,7,after nationwide availability,0.0156017512123437,0.0867430096913399,-0.148913397725941,0.180116900150628,0.8579,7,9,14,21,soybean;onion;sweet_potato;corn;garlic;spring_potato;red_pepper,0.0156017512123435,-0.148227763666133,0.17943126609082,0.86023,1.75207071073658e-16,0.858
annual,Controls: excl. other pulses,Controls: excl. other pulses,ln_yield,Log yield per 10a,8,after nationwide availability,-0.00616836409629576,0.0836529755355685,-0.164838876357015,0.152502148164423,0.9375,7,9,13,20,soybean;onion;sweet_potato;corn;garlic;spring_potato;red_pepper,-0.00616836409629511,-0.164822273242353,0.152485545049762,0.94198,6.48786580015326e-16,0.938
annual,Controls: excl. other pulses,Controls: excl. other pulses,ln_yield,Log yield per 10a,9,after nationwide availability,-0.0163920747089524,0.105775403757054,-0.215611316878719,0.182827167460815,0.878,7,7,10,17,soybean;onion;sweet_potato;corn;garlic;spring_potato;red_pepper,-0.0163920747089523,-0.214752026044157,0.181967876626252,0.87584,9.0205620750794e-17,0.878
annual,Controls: excl. uncertain seasonal forms,Controls: excl. uncertain seasonal forms,ln_area,Log cultivated area,-12,clean pre-pilot (placebo),-0.156299868302317,0.119523759226277,-0.380622001584885,0.068022264980251,0.1898,7,13,19,20,soybean;onion;sweet_potato;corn;garlic;spring_potato;red_pepper,-0.156299868302317,-0.381626531979907,0.0690267953752742,0.18838,1.38777878078145e-16,0.190
annual,Controls: excl. uncertain seasonal forms,Controls: excl. uncertain seasonal forms,ln_area,Log cultivated area,-11,clean pre-pilot (placebo),-0.124215169862237,0.0862900740842746,-0.285938775360619,0.0375084356361462,0.1444,7,13,19,20,soybean;onion;sweet_potato;corn;garlic;spring_potato;red_pepper,-0.124215169862237,-0.286037557618603,0.0376072178941302,0.14334,4.16333634234434e-16,0.144
annual,Controls: excl. uncertain seasonal forms,Controls: excl. uncertain seasonal forms,ln_area,Log cultivated area,-10,clean pre-pilot (placebo),-0.128856748530171,0.0687813857631229,-0.254896817513995,-0.00281667954634596,0.045,7,13,19,20,soybean;onion;sweet_potato;corn;garlic;spring_potato;red_pepper,-0.12885674853017,-0.257979292173542,0.000265795113200518,0.05054,6.93889390390723e-16,0.045
annual,Controls: excl. uncertain seasonal forms,Controls: excl. uncertain seasonal forms,ln_area,Log cultivated area,-9,clean pre-pilot (placebo),-0.0818719523141564,0.060981006577635,-0.193931497852941,0.0301875932246279,0.1698,7,13,19,20,soybean;onion;sweet_potato;corn;garlic;spring_potato;red_pepper,-0.081871952314156,-0.196049963977741,0.0323060593494293,0.17949,3.46944695195361e-16,0.170
annual,Controls: excl. uncertain seasonal forms,Controls: excl. uncertain seasonal forms,ln_area,Log cultivated area,-8,clean pre-pilot (placebo),0.0211461022421435,0.0906674490104193,-0.142479170681169,0.184771375165456,0.8262,6,13,19,20,soybean;onion;sweet_potato;corn;garlic;spring_potato,0.0211461022421429,-0.14498926068474,0.187281465169025,0.82924,5.72458747072346e-16,0.826
annual,Controls: excl. uncertain seasonal forms,Controls: excl. uncertain seasonal forms,ln_area,Log cultivated area,-7,clean pre-pilot (placebo),0.0355661498414428,0.0807926159892331,-0.115608545346724,0.18674084502961,0.6628,6,13,19,20,soybean;onion;sweet_potato;corn;garlic;spring_potato,0.0355661498414423,-0.115695558466003,0.186827858148887,0.66764,5.06539254985228e-16,0.663
annual,Controls: excl. uncertain seasonal forms,Controls: excl. uncertain seasonal forms,ln_area,Log cultivated area,-6,clean pre-pilot (placebo),0.041425508130077,0.0614877407140619,-0.0727015385913181,0.155552554851472,0.5146,5,13,19,20,soybean;onion;sweet_potato;corn;garlic,0.0414255081300769,-0.0720508440349598,0.154901860295114,0.51541,1.31838984174237e-16,0.515
annual,Controls: excl. uncertain seasonal forms,Controls: excl. uncertain seasonal forms,ln_area,Log cultivated area,-5,clean pre-pilot (placebo),0.134757286870968,0.0835620115710378,-0.0194794459489658,0.288994019690901,0.1059,2,13,16,17,onion;garlic,0.134757286870968,-0.0193818724988013,0.288896446240738,0.10599,3.88578058618805e-16,0.106
annual,Controls: excl. uncertain seasonal forms,Controls: excl. uncertain seasonal forms,ln_area,Log cultivated area,0,after nationwide availability,0.0737443910767917,0.207713637045602,-0.310991038465476,0.458479820619059,0.7197,7,13,13,20,soybean;onion;sweet_potato;corn;garlic;spring_potato;red_pepper,0.0737443910767916,-0.317857352460588,0.465346134614171,0.72769,9.71445146547012e-17,0.720
annual,Controls: excl. uncertain seasonal forms,Controls: excl. uncertain seasonal forms,ln_area,Log cultivated area,1,after nationwide availability,-0.089016672967662,0.184834038473123,-0.434348734395844,0.256315388460521,0.6238,7,13,13,20,soybean;onion;sweet_potato;corn;garlic;spring_potato;red_pepper,-0.0890166729676618,-0.438141954032259,0.260108608096936,0.63641,1.52655665885959e-16,0.624
annual,Controls: excl. uncertain seasonal forms,Controls: excl. uncertain seasonal forms,ln_area,Log cultivated area,2,after nationwide availability,-0.152613797580581,0.170805256833059,-0.472133299098679,0.166905703937518,0.3655,7,11,13,20,soybean;onion;sweet_potato;corn;garlic;spring_potato;red_pepper,-0.152613797580581,-0.474946885388152,0.16971929022699,0.37487,3.05311331771918e-16,0.365
annual,Controls: excl. uncertain seasonal forms,Controls: excl. uncertain seasonal forms,ln_area,Log cultivated area,3,after nationwide availability,-0.231138537093718,0.16445904028653,-0.542599487838907,0.0803224136514717,0.149,7,11,13,20,soybean;onion;sweet_potato;corn;garlic;spring_potato;red_pepper,-0.231138537093718,-0.541168227496004,0.0788911533085683,0.15352,4.44089209850063e-16,0.149
annual,Controls: excl. uncertain seasonal forms,Controls: excl. uncertain seasonal forms,ln_area,Log cultivated area,4,after nationwide availability,-0.117409520734723,0.169253049916515,-0.434561605254822,0.199742563785375,0.4855,7,11,13,20,soybean;onion;sweet_potato;corn;garlic;spring_potato;red_pepper,-0.117409520734723,-0.438787447080227,0.203968405610781,0.48387,4.02455846426619e-16,0.485
annual,Controls: excl. uncertain seasonal forms,Controls: excl. uncertain seasonal forms,ln_area,Log cultivated area,5,after nationwide availability,-0.0353754217330078,0.155686466505947,-0.326778163556951,0.256027320090936,0.8184,7,10,11,18,soybean;onion;sweet_potato;corn;garlic;spring_potato;red_pepper,-0.0353754217330071,-0.329429793434839,0.258678949968825,0.81922,6.73072708679001e-16,0.818
annual,Controls: excl. uncertain seasonal forms,Controls: excl. uncertain seasonal forms,ln_area,Log cultivated area,6,after nationwide availability,0.0400751039043886,0.171458772058227,-0.280592828082706,0.360743035891483,0.8256,7,7,11,18,soybean;onion;sweet_potato;corn;garlic;spring_potato;red_pepper,0.0400751039043888,-0.282212209041816,0.362362416850594,0.81873,1.66533453693773e-16,0.826
annual,Controls: excl. uncertain seasonal forms,Controls: excl. uncertain seasonal forms,ln_area,Log cultivated area,7,after nationwide availability,0.0322075992891026,0.172097895900449,-0.29055101876474,0.354966217342945,0.8556,7,7,11,18,soybean;onion;sweet_potato;corn;garlic;spring_potato;red_pepper,0.0322075992891024,-0.292483319584064,0.356898518162269,0.85252,1.66533453693773e-16,0.856
annual,Controls: excl. uncertain seasonal forms,Controls: excl. uncertain seasonal forms,ln_area,Log cultivated area,8,after nationwide availability,-0.127562349941302,0.179328385673968,-0.459770457104098,0.204645757221495,0.4818,7,7,10,17,soybean;onion;sweet_potato;corn;garlic;spring_potato;red_pepper,-0.127562349941302,-0.463155521906557,0.208030822023953,0.48242,2.22044604925031e-16,0.482
annual,Controls: excl. uncertain seasonal forms,Controls: excl. uncertain seasonal forms,ln_area,Log cultivated area,9,after nationwide availability,-0.213709990991731,0.169530843051185,-0.529143735440684,0.101723753457222,0.1931,7,7,7,14,soybean;onion;sweet_potato;corn;garlic;spring_potato;red_pepper,-0.213709990991731,-0.532111667037464,0.104691685054002,0.19857,3.88578058618805e-16,0.193
annual,Controls: excl. uncertain seasonal forms,Controls: excl. uncertain seasonal forms,ln_production,Log production,-12,clean pre-pilot (placebo),-0.21022262536647,0.128375497990513,-0.451411948586759,0.0309666978538181,0.0966,7,13,19,20,soybean;onion;sweet_potato;corn;garlic;spring_potato;red_pepper,-0.21022262536647,-0.449989276578515,0.0295440258455739,0.09337,4.9960036108132e-16,0.097
annual,Controls: excl. uncertain seasonal forms,Controls: excl. uncertain seasonal forms,ln_production,Log production,-11,clean pre-pilot (placebo),-0.119827828868523,0.0794981372856119,-0.269805669088294,0.0301500113512487,0.1217,7,13,19,20,soybean;onion;sweet_potato;corn;garlic;spring_potato;red_pepper,-0.119827828868522,-0.268428480220453,0.0287728224834085,0.12459,7.7715611723761e-16,0.122
annual,Controls: excl. uncertain seasonal forms,Controls: excl. uncertain seasonal forms,ln_production,Log production,-10,clean pre-pilot (placebo),-0.116580145305464,0.0601379299012063,-0.230609741275321,-0.00255054933560729,0.0459,7,13,19,20,soybean;onion;sweet_potato;corn;garlic;spring_potato;red_pepper,-0.116580145305464,-0.230447505824443,-0.00271278478648508,0.04438,1.38777878078145e-17,0.046
annual,Controls: excl. uncertain seasonal forms,Controls: excl. uncertain seasonal forms,ln_production,Log production,-9,clean pre-pilot (placebo),-0.116504644492154,0.0690002872684552,-0.245884117884491,0.0128748289001819,0.0835,7,13,19,20,soybean;onion;sweet_potato;corn;garlic;spring_potato;red_pepper,-0.116504644492154,-0.247417593758136,0.0144083047738281,0.08362,4.44089209850063e-16,0.084
annual,Controls: excl. uncertain seasonal forms,Controls: excl. uncertain seasonal forms,ln_production,Log production,-8,clean pre-pilot (placebo),0.00353109405509866,0.0989611986693281,-0.180874291485004,0.187936479595202,0.9739,6,13,19,20,soybean;onion;sweet_potato;corn;garlic;spring_potato,0.00353109405509842,-0.181433993125683,0.18849618123588,0.9725,2.40259201422788e-16,0.974
annual,Controls: excl. uncertain seasonal forms,Controls: excl. uncertain seasonal forms,ln_production,Log production,-7,clean pre-pilot (placebo),0.0505581586994013,0.100904290780497,-0.134760562694223,0.235876880093025,0.6433,6,13,19,20,soybean;onion;sweet_potato;corn;garlic;spring_potato,0.0505581586994009,-0.135809577046256,0.236925894445057,0.64046,3.81639164714898e-16,0.643
annual,Controls: excl. uncertain seasonal forms,Controls: excl. uncertain seasonal forms,ln_production,Log production,-6,clean pre-pilot (placebo),0.0495377653880789,0.0978077060254242,-0.120240553821771,0.219316084597928,0.6815,5,13,19,20,soybean;onion;sweet_potato;corn;garlic,0.0495377653880785,-0.11995642404056,0.219031954816717,0.69075,4.44089209850063e-16,0.681
annual,Controls: excl. uncertain seasonal forms,Controls: excl. uncertain seasonal forms,ln_production,Log production,-5,clean pre-pilot (placebo),0.11590462371772,0.0887332953577964,-0.0361556300433741,0.267964877478814,0.1878,2,13,16,17,onion;garlic,0.115904623717719,-0.0371986485340812,0.26900789596952,0.19668,7.07767178198537e-16,0.188
annual,Controls: excl. uncertain seasonal forms,Controls: excl. uncertain seasonal forms,ln_production,Log production,0,after nationwide availability,0.108149437866953,0.209380210450746,-0.288197039600468,0.504495915334373,0.6174,7,13,13,20,soybean;onion;sweet_potato;corn;garlic;spring_potato;red_pepper,0.108149437866953,-0.286863790028001,0.503162665761907,0.6098,4.71844785465692e-16,0.617
annual,Controls: excl. uncertain seasonal forms,Controls: excl. uncertain seasonal forms,ln_production,Log production,1,after nationwide availability,-0.0424223876034627,0.204879279591982,-0.434801189875647,0.349956414668721,0.8346,7,13,13,20,soybean;onion;sweet_potato;corn;garlic;spring_potato;red_pepper,-0.0424223876034625,-0.429517012664208,0.344672237457283,0.83661,1.87350135405495e-16,0.835
annual,Controls: excl. uncertain seasonal forms,Controls: excl. uncertain seasonal forms,ln_production,Log production,2,after nationwide availability,-0.165436380091744,0.212639358346094,-0.571001048547165,0.240128288363678,0.4444,7,11,13,20,soybean;onion;sweet_potato;corn;garlic;spring_potato;red_pepper,-0.165436380091744,-0.566930458132637,0.236057697949149,0.4357,0,0.444
annual,Controls: excl. uncertain seasonal forms,Controls: excl. uncertain seasonal forms,ln_production,Log production,3,after nationwide availability,-0.208044845020039,0.189871838603052,-0.568602148130391,0.152512458090313,0.281,7,11,13,20,soybean;onion;sweet_potato;corn;garlic;spring_potato;red_pepper,-0.208044845020039,-0.567807107110532,0.151717417070453,0.2695,0,0.281
annual,Controls: excl. uncertain seasonal forms,Controls: excl. uncertain seasonal forms,ln_production,Log production,4,after nationwide availability,-0.198982696490453,0.193619157731889,-0.565563946234497,0.167598553253591,0.3079,7,11,13,20,soybean;onion;sweet_potato;corn;garlic;spring_potato;red_pepper,-0.198982696490452,-0.566422460614108,0.168457067633204,0.2993,1.0547118733939e-15,0.308
annual,Controls: excl. uncertain seasonal forms,Controls: excl. uncertain seasonal forms,ln_production,Log production,5,after nationwide availability,-0.101944864585552,0.190159890746519,-0.456342665556521,0.252452936385416,0.5965,7,10,11,18,soybean;onion;sweet_potato;corn;garlic;spring_potato;red_pepper,-0.101944864585552,-0.460631210458854,0.256741481287751,0.59154,3.05311331771918e-16,0.597
annual,Controls: excl. uncertain seasonal forms,Controls: excl. uncertain seasonal forms,ln_production,Log production,6,after nationwide availability,0.015432354969934,0.180495710744169,-0.328662863167029,0.359527573106897,0.9312,7,7,11,18,soybean;onion;sweet_potato;corn;garlic;spring_potato;red_pepper,0.0154323549699342,-0.324697660553909,0.355562370493778,0.93194,1.6826817716975e-16,0.931
annual,Controls: excl. uncertain seasonal forms,Controls: excl. uncertain seasonal forms,ln_production,Log production,7,after nationwide availability,0.0279840033143863,0.224350620473116,-0.390282714362841,0.446250720991613,0.9018,7,7,11,18,soybean;onion;sweet_potato;corn;garlic;spring_potato;red_pepper,0.027984003314386,-0.392434462756933,0.448402469385704,0.9032,2.60208521396521e-16,0.902
annual,Controls: excl. uncertain seasonal forms,Controls: excl. uncertain seasonal forms,ln_production,Log production,8,after nationwide availability,-0.187216761778291,0.220816102617049,-0.602277003136914,0.227843479580331,0.3959,7,7,10,17,soybean;onion;sweet_potato;corn;garlic;spring_potato;red_pepper,-0.187216761778291,-0.60410681521227,0.229673291655688,0.39167,3.60822483003176e-16,0.396
annual,Controls: excl. uncertain seasonal forms,Controls: excl. uncertain seasonal forms,ln_production,Log production,9,after nationwide availability,-0.293505378743106,0.228149302630935,-0.722133281810846,0.135122524324633,0.1913,7,7,7,14,soybean;onion;sweet_potato;corn;garlic;spring_potato;red_pepper,-0.293505378743107,-0.720557979554538,0.133547222068324,0.18754,5.55111512312578e-16,0.191
annual,Controls: excl. uncertain seasonal forms,Controls: excl. uncertain seasonal forms,ln_yield,Log yield per 10a,-12,clean pre-pilot (placebo),-0.0532129489589848,0.0582840868844459,-0.162657268887248,0.0562313709692781,0.367,7,13,19,20,soybean;onion;sweet_potato;corn;garlic;spring_potato;red_pepper,-0.0532129489589846,-0.16235003732447,0.0559241394065011,0.36368,1.59594559789866e-16,0.367
annual,Controls: excl. uncertain seasonal forms,Controls: excl. uncertain seasonal forms,ln_yield,Log yield per 10a,-11,clean pre-pilot (placebo),0.00438716711563876,0.0491608705600472,-0.086552912541905,0.0953272467731825,0.9352,7,13,19,20,soybean;onion;sweet_potato;corn;garlic;spring_potato;red_pepper,0.00438716711563903,-0.0854147898848356,0.0941891241161136,0.93532,2.69749500514394e-16,0.935
annual,Controls: excl. uncertain seasonal forms,Controls: excl. uncertain seasonal forms,ln_yield,Log yield per 10a,-10,clean pre-pilot (placebo),0.0120960232448297,0.0426065876937184,-0.0674999984596997,0.0916920449493592,0.7879,7,13,19,20,soybean;onion;sweet_potato;corn;garlic;spring_potato;red_pepper,0.01209602324483,-0.0666284220660836,0.0908204685557435,0.79181,2.75821032680312e-16,0.788
annual,Controls: excl. uncertain seasonal forms,Controls: excl. uncertain seasonal forms,ln_yield,Log yield per 10a,-9,clean pre-pilot (placebo),-0.0343222712599388,0.0540600321531732,-0.135477287165256,0.0668327446453781,0.5399,7,13,19,20,soybean;onion;sweet_potato;corn;garlic;spring_potato;red_pepper,-0.0343222712599386,-0.135316092809897,0.0666715502900201,0.53614,1.66533453693773e-16,0.540
annual,Controls: excl. uncertain seasonal forms,Controls: excl. uncertain seasonal forms,ln_yield,Log yield per 10a,-8,clean pre-pilot (placebo),-0.017689623881489,0.0378311083044565,-0.088781384672476,0.053402136909498,0.6542,6,13,19,20,soybean;onion;sweet_potato;corn;garlic;spring_potato,-0.0176896238814893,-0.0886930932368508,0.0533138454738722,0.64604,3.12250225675825e-16,0.654
annual,Controls: excl. uncertain seasonal forms,Controls: excl. uncertain seasonal forms,ln_yield,Log yield per 10a,-7,clean pre-pilot (placebo),0.014929368402052,0.0387370527804231,-0.0578666994700505,0.0877254362741545,0.7192,6,13,19,20,soybean;onion;sweet_potato;corn;garlic;spring_potato,0.014929368402052,-0.056917711384408,0.086776448188512,0.71087,5.20417042793042e-18,0.719
annual,Controls: excl. uncertain seasonal forms,Controls: excl. uncertain seasonal forms,ln_yield,Log yield per 10a,-6,clean pre-pilot (placebo),0.00799897190627035,0.0454580162464841,-0.0688679275402335,0.0848658713527742,0.9082,5,13,19,20,soybean;onion;sweet_potato;corn;garlic,0.00799897190627009,-0.0689525684788557,0.0849505122913959,0.90376,2.60208521396521e-16,0.908
annual,Controls: excl. uncertain seasonal forms,Controls: excl. uncertain seasonal forms,ln_yield,Log yield per 10a,-5,clean pre-pilot (placebo),-0.0182681419125147,0.0397450564404235,-0.0899118459870604,0.053375562162031,0.6914,2,13,16,17,onion;garlic,-0.0182681419125148,-0.089952523522183,0.0534162396971535,0.68644,1.04083408558608e-16,0.691
annual,Controls: excl. uncertain seasonal forms,Controls: excl. uncertain seasonal forms,ln_yield,Log yield per 10a,0,after nationwide availability,0.0350180062865193,0.0439235619156364,-0.0486006532325645,0.118636665805603,0.4239,7,13,13,20,soybean;onion;sweet_potato;corn;garlic;spring_potato;red_pepper,0.0350180062865194,-0.0484610462518144,0.118497058824853,0.42292,1.04083408558608e-16,0.424
annual,Controls: excl. uncertain seasonal forms,Controls: excl. uncertain seasonal forms,ln_yield,Log yield per 10a,1,after nationwide availability,0.0472593015063674,0.060608528942855,-0.0649131814946787,0.159431784507413,0.4479,7,13,13,20,soybean;onion;sweet_potato;corn;garlic;spring_potato;red_pepper,0.0472593015063677,-0.0652544634439764,0.159773066456712,0.44989,3.40005801291454e-16,0.448
annual,Controls: excl. uncertain seasonal forms,Controls: excl. uncertain seasonal forms,ln_yield,Log yield per 10a,2,after nationwide availability,-0.0117086365771286,0.081139247597795,-0.161208670532197,0.13779139737794,0.8971,7,11,13,20,soybean;onion;sweet_potato;corn;garlic;spring_potato;red_pepper,-0.0117086365771285,-0.161708901562629,0.138291628408372,0.89276,7.63278329429795e-17,0.897
annual,Controls: excl. uncertain seasonal forms,Controls: excl. uncertain seasonal forms,ln_yield,Log yield per 10a,3,after nationwide availability,0.0233189498317124,0.0671779928610865,-0.104365999377516,0.151003899040941,0.7324,7,11,13,20,soybean;onion;sweet_potato;corn;garlic;spring_potato;red_pepper,0.0233189498317123,-0.103365822903393,0.150003722566818,0.7328,6.93889390390723e-17,0.732
annual,Controls: excl. uncertain seasonal forms,Controls: excl. uncertain seasonal forms,ln_yield,Log yield per 10a,4,after nationwide availability,-0.0812412439723242,0.0640980024310767,-0.203197022135079,0.0407145341904309,0.1978,7,11,13,20,soybean;onion;sweet_potato;corn;garlic;spring_potato;red_pepper,-0.0812412439723238,-0.202723067213601,0.0402405792689536,0.20022,3.60822483003176e-16,0.198
annual,Controls: excl. uncertain seasonal forms,Controls: excl. uncertain seasonal forms,ln_yield,Log yield per 10a,5,after nationwide availability,-0.0660578169773845,0.0856723532662706,-0.228976350775221,0.0968607168204522,0.4435,7,10,11,18,soybean;onion;sweet_potato;corn;garlic;spring_potato;red_pepper,-0.0660578169773842,-0.227498210290723,0.0953825763359543,0.4425,3.05311331771918e-16,0.444
annual,Controls: excl. uncertain seasonal forms,Controls: excl. uncertain seasonal forms,ln_yield,Log yield per 10a,6,after nationwide availability,-0.0247390629253929,0.0714256085277579,-0.16064019231028,0.111162066459494,0.7292,7,7,11,18,soybean;onion;sweet_potato;corn;garlic;spring_potato;red_pepper,-0.0247390629253929,-0.159728918041868,0.110250792191082,0.72933,2.77555756156289e-17,0.729
annual,Controls: excl. uncertain seasonal forms,Controls: excl. uncertain seasonal forms,ln_yield,Log yield per 10a,7,after nationwide availability,-0.00450839497569932,0.10333233724566,-0.199719114123173,0.190702324171774,0.9629,7,7,11,18,soybean;onion;sweet_potato;corn;garlic;spring_potato;red_pepper,-0.00450839497569925,-0.200107221651066,0.191090431699668,0.96437,6.85215773010839e-17,0.963
annual,Controls: excl. uncertain seasonal forms,Controls: excl. uncertain seasonal forms,ln_yield,Log yield per 10a,8,after nationwide availability,-0.0600872471221166,0.107533848896578,-0.263020709674451,0.142846215430218,0.5754,7,7,10,17,soybean;onion;sweet_potato;corn;garlic;spring_potato;red_pepper,-0.0600872471221164,-0.264064371531608,0.143889877287376,0.57323,1.80411241501588e-16,0.575
annual,Controls: excl. uncertain seasonal forms,Controls: excl. uncertain seasonal forms,ln_yield,Log yield per 10a,9,after nationwide availability,-0.0805767397580371,0.121273210229972,-0.305329155655267,0.144175676139193,0.5048,7,7,7,14,soybean;onion;sweet_potato;corn;garlic;spring_potato;red_pepper,-0.0805767397580373,-0.307809194280569,0.146655714764495,0.50227,1.94289029309402e-16,0.505
annual,Controls: field crops only,Controls: field crops only,ln_area,Log cultivated area,-12,clean pre-pilot (placebo),-0.142270008687154,0.140731254434905,-0.403384293912616,0.118844276538309,0.32,7,8,14,15,soybean;onion;sweet_potato;corn;garlic;spring_potato;red_pepper,-0.142270008687154,-0.401236303183295,0.116696285808988,0.32099,1.11022302462516e-16,0.320
annual,Controls: field crops only,Controls: field crops only,ln_area,Log cultivated area,-11,clean pre-pilot (placebo),-0.105091194841634,0.0967763505962627,-0.287656408325224,0.0774740186419571,0.2769,7,8,14,15,soybean;onion;sweet_potato;corn;garlic;spring_potato;red_pepper,-0.105091194841634,-0.285900075682362,0.0757176859990939,0.27539,4.16333634234434e-16,0.277
annual,Controls: field crops only,Controls: field crops only,ln_area,Log cultivated area,-10,clean pre-pilot (placebo),-0.109860463940004,0.0613530183642807,-0.224194616878531,0.00447368899852305,0.0604,7,8,14,15,soybean;onion;sweet_potato;corn;garlic;spring_potato;red_pepper,-0.109860463940004,-0.224539354426396,0.00481842654638802,0.06179,1.2490009027033e-16,0.060
annual,Controls: field crops only,Controls: field crops only,ln_area,Log cultivated area,-9,clean pre-pilot (placebo),-0.0503963478700698,0.056762347943404,-0.156891544720149,0.0560988489800097,0.3656,7,8,14,15,soybean;onion;sweet_potato;corn;garlic;spring_potato;red_pepper,-0.05039634787007,-0.155805437490043,0.0550127417499033,0.37477,1.73472347597681e-16,0.366
annual,Controls: field crops only,Controls: field crops only,ln_area,Log cultivated area,-8,clean pre-pilot (placebo),0.0640212259703557,0.0865250855781008,-0.0902680275925462,0.218310479533258,0.4912,6,8,14,15,soybean;onion;sweet_potato;corn;garlic;spring_potato,0.0640212259703562,-0.0888189599788487,0.216861411919561,0.49875,5.27355936696949e-16,0.491
annual,Controls: field crops only,Controls: field crops only,ln_area,Log cultivated area,-7,clean pre-pilot (placebo),0.0998590665987304,0.0793195989924032,-0.0488451675806596,0.24856330077812,0.2054,6,8,14,15,soybean;onion;sweet_potato;corn;garlic;spring_potato,0.0998590665987307,-0.0482736892122193,0.247991822409681,0.20201,2.91433543964104e-16,0.205
annual,Controls: field crops only,Controls: field crops only,ln_area,Log cultivated area,-6,clean pre-pilot (placebo),0.0848668238776545,0.0731818026179227,-0.0483585864631483,0.218092234218457,0.2712,5,8,14,15,soybean;onion;sweet_potato;corn;garlic,0.0848668238776537,-0.0478906814369593,0.217624329192267,0.26683,7.91033905045424e-16,0.271
annual,Controls: field crops only,Controls: field crops only,ln_area,Log cultivated area,-5,clean pre-pilot (placebo),0.160785404909223,0.103619060687076,-0.028323944919102,0.349894754737549,0.1181,2,8,11,12,onion;garlic,0.160785404909224,-0.026843626384625,0.348414436203072,0.11931,6.66133814775094e-16,0.118
annual,Controls: field crops only,Controls: field crops only,ln_area,Log cultivated area,0,after nationwide availability,0.0844031223967096,0.292116281286337,-0.452680068350349,0.621486313143768,0.7773,7,8,8,15,soybean;onion;sweet_potato;corn;garlic;spring_potato;red_pepper,0.0844031223967091,-0.454322787498074,0.623129032291492,0.77247,5.41233724504764e-16,0.777
annual,Controls: field crops only,Controls: field crops only,ln_area,Log cultivated area,1,after nationwide availability,-0.0764828301006335,0.258260060369169,-0.553300267811389,0.400334607610123,0.7735,7,8,8,15,soybean;onion;sweet_potato;corn;garlic;spring_potato;red_pepper,-0.0764828301006336,-0.552296748522752,0.399331088321485,0.76597,1.52655665885959e-16,0.773
annual,Controls: field crops only,Controls: field crops only,ln_area,Log cultivated area,2,after nationwide availability,-0.132273281092007,0.233569603081267,-0.567768280145196,0.303221717961183,0.5889,7,7,8,15,soybean;onion;sweet_potato;corn;garlic;spring_potato;red_pepper,-0.132273281092007,-0.565339967290019,0.300793405106006,0.5763,1.38777878078145e-16,0.589
annual,Controls: field crops only,Controls: field crops only,ln_area,Log cultivated area,3,after nationwide availability,-0.213252993666221,0.222708002579637,-0.62592823121312,0.199422243880679,0.3536,7,7,8,15,soybean;onion;sweet_potato;corn;garlic;spring_potato;red_pepper,-0.213252993666221,-0.62342446681759,0.196918479485148,0.34881,1.11022302462516e-16,0.354
annual,Controls: field crops only,Controls: field crops only,ln_area,Log cultivated area,4,after nationwide availability,-0.0957668871123879,0.202865669195447,-0.471584366447568,0.280050592222792,0.6338,7,7,8,15,soybean;onion;sweet_potato;corn;garlic;spring_potato;red_pepper,-0.0957668871123884,-0.47585015027926,0.284316376054483,0.63585,4.44089209850063e-16,0.634
annual,Controls: field crops only,Controls: field crops only,ln_area,Log cultivated area,5,after nationwide availability,-0.00797684834803433,0.176273685699557,-0.332868762347312,0.316915065651244,0.9629,7,6,7,14,soybean;onion;sweet_potato;corn;garlic;spring_potato;red_pepper,-0.00797684834803423,-0.337505612727867,0.321551916031799,0.96366,1.02348685082632e-16,0.963
annual,Controls: field crops only,Controls: field crops only,ln_area,Log cultivated area,6,after nationwide availability,0.0624572472628752,0.182127366332543,-0.275395927750446,0.400310422276197,0.7301,7,4,7,14,soybean;onion;sweet_potato;corn;garlic;spring_potato;red_pepper,0.0624572472628743,-0.276918258856308,0.401832753382057,0.7306,8.60422844084496e-16,0.730
annual,Controls: field crops only,Controls: field crops only,ln_area,Log cultivated area,7,after nationwide availability,0.0883642545781254,0.201617464246163,-0.2882358614037,0.464964370559951,0.6542,7,4,7,14,soybean;onion;sweet_potato;corn;garlic;spring_potato;red_pepper,0.0883642545781256,-0.287674926311154,0.464403435467405,0.66052,1.66533453693773e-16,0.654
annual,Controls: field crops only,Controls: field crops only,ln_area,Log cultivated area,8,after nationwide availability,-0.0422548182137122,0.207676960461082,-0.429344334901928,0.344834698474504,0.8431,7,4,6,13,soybean;onion;sweet_potato;corn;garlic;spring_potato;red_pepper,-0.0422548182137125,-0.42536736706954,0.340857730642115,0.84349,3.40005801291454e-16,0.843
annual,Controls: field crops only,Controls: field crops only,ln_area,Log cultivated area,9,after nationwide availability,-0.207177428979571,0.20406152829059,-0.579066020864916,0.164711162905775,0.3027,7,4,4,11,soybean;onion;sweet_potato;corn;garlic;spring_potato;red_pepper,-0.207177428979571,-0.581833203890608,0.167478345931467,0.30211,3.05311331771918e-16,0.303
annual,Controls: field crops only,Controls: field crops only,ln_production,Log production,-12,clean pre-pilot (placebo),-0.179335281041221,0.154421408790105,-0.457846099570855,0.0991755374884127,0.2519,7,8,14,15,soybean;onion;sweet_potato;corn;garlic;spring_potato;red_pepper,-0.179335281041221,-0.45889412529738,0.100223563214937,0.24992,2.77555756156289e-17,0.252
annual,Controls: field crops only,Controls: field crops only,ln_production,Log production,-11,clean pre-pilot (placebo),-0.0849572379868716,0.0982539258578609,-0.26410988287973,0.0941954069059865,0.4032,7,8,14,15,soybean;onion;sweet_potato;corn;garlic;spring_potato;red_pepper,-0.0849572379868714,-0.264398084545116,0.0944836085713727,0.39872,2.08166817117217e-16,0.403
annual,Controls: field crops only,Controls: field crops only,ln_production,Log production,-10,clean pre-pilot (placebo),-0.0584781863464019,0.0500836965017324,-0.153436274077306,0.0364799013845022,0.2405,7,8,14,15,soybean;onion;sweet_potato;corn;garlic;spring_potato;red_pepper,-0.0584781863464019,-0.152405772062583,0.0354493993697792,0.23579,4.85722573273506e-17,0.240
annual,Controls: field crops only,Controls: field crops only,ln_production,Log production,-9,clean pre-pilot (placebo),-0.0697588591375223,0.0569352587615738,-0.178192650498462,0.0386749322234177,0.2184,7,8,14,15,soybean;onion;sweet_potato;corn;garlic;spring_potato;red_pepper,-0.0697588591375221,-0.176195214076374,0.0366774958013298,0.21261,1.94289029309402e-16,0.218
annual,Controls: field crops only,Controls: field crops only,ln_production,Log production,-8,clean pre-pilot (placebo),0.06333304632812,0.0994170464536686,-0.117664807325975,0.244330899982215,0.544,6,8,14,15,soybean;onion;sweet_potato;corn;garlic;spring_potato,0.0633330463281206,-0.118223623889126,0.244889716545367,0.54516,5.96744875736022e-16,0.544
annual,Controls: field crops only,Controls: field crops only,ln_production,Log production,-7,clean pre-pilot (placebo),0.141915988804293,0.101347455864515,-0.0421515927266123,0.325983570335198,0.16,6,8,14,15,soybean;onion;sweet_potato;corn;garlic;spring_potato,0.141915988804294,-0.0422540930728834,0.326086070681471,0.15837,1.36002320516582e-15,0.160
annual,Controls: field crops only,Controls: field crops only,ln_production,Log production,-6,clean pre-pilot (placebo),0.104057463940999,0.110856434992368,-0.0810755153056808,0.289190443187679,0.4069,5,8,14,15,soybean;onion;sweet_potato;corn;garlic,0.104057463940998,-0.0825790235370252,0.29069395141902,0.41176,8.46545056276682e-16,0.407
annual,Controls: field crops only,Controls: field crops only,ln_production,Log production,-5,clean pre-pilot (placebo),0.135209871719104,0.112543017164227,-0.0595717325644916,0.329991476002699,0.2664,2,8,11,12,onion;garlic,0.135209871719104,-0.0577323513576848,0.328152094795893,0.25575,3.60822483003176e-16,0.266
annual,Controls: field crops only,Controls: field crops only,ln_production,Log production,0,after nationwide availability,0.15592710518308,0.29950439870372,-0.396580768427935,0.708434978794096,0.6071,7,8,8,15,soybean;onion;sweet_potato;corn;garlic;spring_potato;red_pepper,0.15592710518308,-0.395058484741422,0.706912695107583,0.60879,1.94289029309402e-16,0.607
annual,Controls: field crops only,Controls: field crops only,ln_production,Log production,1,after nationwide availability,-0.00244519473302585,0.280361085076762,-0.519344052726868,0.514453663260816,0.9941,7,8,8,15,soybean;onion;sweet_potato;corn;garlic;spring_potato;red_pepper,-0.00244519473302581,-0.522015516497597,0.517125127031545,0.99304,3.59955121265187e-17,0.994
annual,Controls: field crops only,Controls: field crops only,ln_production,Log production,2,after nationwide availability,-0.12950838454783,0.27791055768879,-0.644332291545868,0.385315522450209,0.6384,7,7,8,15,soybean;onion;sweet_potato;corn;garlic;spring_potato;red_pepper,-0.129508384547829,-0.6494158215395,0.390399052443842,0.64004,5.55111512312578e-16,0.638
annual,Controls: field crops only,Controls: field crops only,ln_production,Log production,3,after nationwide availability,-0.184552973713629,0.264678456361428,-0.673120665168559,0.3040147177413,0.4846,7,7,8,15,soybean;onion;sweet_potato;corn;garlic;spring_potato;red_pepper,-0.184552973713629,-0.677397666460291,0.308291719033032,0.48605,4.16333634234434e-16,0.485
annual,Controls: field crops only,Controls: field crops only,ln_production,Log production,4,after nationwide availability,-0.185095251946409,0.247166918510474,-0.655003674617942,0.284813170725123,0.4434,7,7,8,15,soybean;onion;sweet_potato;corn;garlic;spring_potato;red_pepper,-0.185095251946409,-0.646189159269005,0.275998655376187,0.45156,3.05311331771918e-16,0.443
annual,Controls: field crops only,Controls: field crops only,ln_production,Log production,5,after nationwide availability,-0.0881901872269671,0.23266968745602,-0.521667985316562,0.345287610862628,0.7075,7,6,7,14,soybean;onion;sweet_potato;corn;garlic;spring_potato;red_pepper,-0.0881901872269672,-0.522908465074401,0.346528090620467,0.70511,1.11022302462516e-16,0.708
annual,Controls: field crops only,Controls: field crops only,ln_production,Log production,6,after nationwide availability,-0.00563447575831938,0.200181657579536,-0.378087355716221,0.366818404199582,0.9771,7,4,7,14,soybean;onion;sweet_potato;corn;garlic;spring_potato;red_pepper,-0.0056344757583203,-0.379439740267223,0.368170788750582,0.97737,9.20270804005696e-16,0.977
annual,Controls: field crops only,Controls: field crops only,ln_production,Log production,7,after nationwide availability,0.0535588067453501,0.277889870731049,-0.466275593021613,0.573393206512313,0.8511,7,4,7,14,soybean;onion;sweet_potato;corn;garlic;spring_potato;red_pepper,0.0535588067453501,-0.462907316523958,0.570024930014658,0.84832,5.55111512312578e-17,0.851
annual,Controls: field crops only,Controls: field crops only,ln_production,Log production,8,after nationwide availability,-0.15254328441982,0.280299549522917,-0.672432355723786,0.367345786884146,0.5894,7,4,6,13,soybean;onion;sweet_potato;corn;garlic;spring_potato;red_pepper,-0.15254328441982,-0.672596877287107,0.367510308447467,0.58348,2.77555756156289e-16,0.589
annual,Controls: field crops only,Controls: field crops only,ln_production,Log production,9,after nationwide availability,-0.374421060617992,0.298841624459433,-0.927114214909821,0.178272093673838,0.192,7,4,4,11,soybean;onion;sweet_potato;corn;garlic;spring_potato;red_pepper,-0.374421060617992,-0.927839648673245,0.178997527437262,0.19826,4.44089209850063e-16,0.192
annual,Controls: field crops only,Controls: field crops only,ln_yield,Log yield per 10a,-12,clean pre-pilot (placebo),-0.0360858474244777,0.0545843233235885,-0.138444908876949,0.066273214027994,0.5112,7,8,14,15,soybean;onion;sweet_potato;corn;garlic;spring_potato;red_pepper,-0.0360858474244777,-0.138003302147619,0.0658316072986634,0.51023,4.85722573273506e-17,0.511
annual,Controls: field crops only,Controls: field crops only,ln_yield,Log yield per 10a,-11,clean pre-pilot (placebo),0.0201085316254058,0.0450047458735284,-0.0617375631376791,0.101954626388491,0.6751,7,8,14,15,soybean;onion;sweet_potato;corn;garlic;spring_potato;red_pepper,0.0201085316254056,-0.0618485851777045,0.102065648428516,0.67652,1.52655665885959e-16,0.675
annual,Controls: field crops only,Controls: field crops only,ln_yield,Log yield per 10a,-10,clean pre-pilot (placebo),0.0514727371108541,0.0395728109704081,-0.0191244941057221,0.12206996832743,0.1875,7,8,14,15,soybean;onion;sweet_potato;corn;garlic;spring_potato;red_pepper,0.0514727371108539,-0.0191455562072825,0.12209103042899,0.19144,1.59594559789866e-16,0.188
annual,Controls: field crops only,Controls: field crops only,ln_yield,Log yield per 10a,-9,clean pre-pilot (placebo),-0.0191106222373558,0.0516868575931927,-0.116218229177555,0.0779969847028434,0.7201,7,8,14,15,soybean;onion;sweet_potato;corn;garlic;spring_potato;red_pepper,-0.019110622237356,-0.115175551545252,0.0769543070705404,0.71855,2.32452945780892e-16,0.720
annual,Controls: field crops only,Controls: field crops only,ln_yield,Log yield per 10a,-8,clean pre-pilot (placebo),-0.000992301715278338,0.0418085121874535,-0.0802779296453792,0.0782933262148225,0.9808,6,8,14,15,soybean;onion;sweet_potato;corn;garlic;spring_potato,-0.000992301715277825,-0.0787785800504707,0.0767939766199151,0.98133,5.12610787151147e-16,0.981
annual,Controls: field crops only,Controls: field crops only,ln_yield,Log yield per 10a,-7,clean pre-pilot (placebo),0.0417960587124132,0.0410201115553103,-0.0333644087185246,0.116956526143351,0.3181,6,8,14,15,soybean;onion;sweet_potato;corn;garlic;spring_potato,0.0417960587124134,-0.0337134923504989,0.117305609775326,0.31749,1.80411241501588e-16,0.318
annual,Controls: field crops only,Controls: field crops only,ln_yield,Log yield per 10a,-6,clean pre-pilot (placebo),0.0192425764006258,0.0489052902793054,-0.0600850466125634,0.0985701994138149,0.8118,5,8,14,15,soybean;onion;sweet_potato;corn;garlic,0.0192425764006253,-0.0606407121649025,0.099125864966153,0.81597,4.64905891561784e-16,0.812
annual,Controls: field crops only,Controls: field crops only,ln_yield,Log yield per 10a,-5,clean pre-pilot (placebo),-0.0247156913037046,0.050858219567531,-0.116088155614987,0.0666567730075775,0.6376,2,8,11,12,onion;garlic,-0.0247156913037043,-0.116637232457691,0.0672058498502824,0.63672,3.01841884819964e-16,0.638
annual,Controls: field crops only,Controls: field crops only,ln_yield,Log yield per 10a,0,after nationwide availability,0.0720240457267,0.0601808635317392,-0.0392542836872564,0.183302375140656,0.2207,7,8,8,15,soybean;onion;sweet_potato;corn;garlic;spring_potato;red_pepper,0.0720240457266999,-0.0404344528322175,0.184482544285617,0.22751,1.2490009027033e-16,0.221
annual,Controls: field crops only,Controls: field crops only,ln_yield,Log yield per 10a,1,after nationwide availability,0.0749994913322585,0.0760111813738371,-0.0645184813175065,0.214517463982024,0.3149,7,8,8,15,soybean;onion;sweet_potato;corn;garlic;spring_potato;red_pepper,0.0749994913322585,-0.0675230416945601,0.217522024359077,0.32112,1.38777878078145e-17,0.315
annual,Controls: field crops only,Controls: field crops only,ln_yield,Log yield per 10a,2,after nationwide availability,0.00445647220330635,0.0993552007553785,-0.177835103181631,0.186748047588244,0.9647,7,7,8,15,soybean;onion;sweet_potato;corn;garlic;spring_potato;red_pepper,0.00445647220330639,-0.180905211228608,0.18981815563522,0.96446,4.33680868994202e-17,0.965
annual,Controls: field crops only,Controls: field crops only,ln_yield,Log yield per 10a,3,after nationwide availability,0.0290451012258843,0.0919345068326123,-0.142888557306272,0.200978759758041,0.749,7,7,8,15,soybean;onion;sweet_potato;corn;garlic;spring_potato;red_pepper,0.0290451012258842,-0.143746436451351,0.201836638903119,0.75252,8.67361737988404e-17,0.749
annual,Controls: field crops only,Controls: field crops only,ln_yield,Log yield per 10a,4,after nationwide availability,-0.0888450709332355,0.0827944523351832,-0.243442652141036,0.0657525102745649,0.2639,7,7,8,15,soybean;onion;sweet_potato;corn;garlic;spring_potato;red_pepper,-0.0888450709332357,-0.244969177727965,0.0672790358614933,0.27517,2.08166817117217e-16,0.264
annual,Controls: field crops only,Controls: field crops only,ln_yield,Log yield per 10a,5,after nationwide availability,-0.0796518587379792,0.10384020812372,-0.2710675623828,0.111763844906841,0.4248,7,6,7,14,soybean;onion;sweet_potato;corn;garlic;spring_potato;red_pepper,-0.0796518587379792,-0.274933578322996,0.115629860847038,0.43777,4.16333634234434e-17,0.425
annual,Controls: field crops only,Controls: field crops only,ln_yield,Log yield per 10a,6,after nationwide availability,-0.0686877671018099,0.0713352207723433,-0.200094376547639,0.0627188423440187,0.3201,7,4,7,14,soybean;onion;sweet_potato;corn;garlic;spring_potato;red_pepper,-0.0686877671018101,-0.202163055321379,0.0647875211177589,0.33222,1.94289029309402e-16,0.320
annual,Controls: field crops only,Controls: field crops only,ln_yield,Log yield per 10a,7,after nationwide availability,-0.0356327077754885,0.124789865555786,-0.264953217563019,0.193687802012042,0.7775,7,4,7,14,soybean;onion;sweet_potato;corn;garlic;spring_potato;red_pepper,-0.0356327077754883,-0.267030291087643,0.195764875536667,0.77865,2.35922392732846e-16,0.777
annual,Controls: field crops only,Controls: field crops only,ln_yield,Log yield per 10a,8,after nationwide availability,-0.111375339907115,0.126566036036761,-0.344906362960083,0.122155683145853,0.3732,7,4,6,13,soybean;onion;sweet_potato;corn;garlic;spring_potato;red_pepper,-0.111375339907115,-0.345413941987454,0.122663262173225,0.37638,3.7470027081099e-16,0.373
annual,Controls: field crops only,Controls: field crops only,ln_yield,Log yield per 10a,9,after nationwide availability,-0.168482692433285,0.139212378256035,-0.424783958996291,0.0878185741297209,0.2212,7,4,4,11,soybean;onion;sweet_potato;corn;garlic;spring_potato;red_pepper,-0.168482692433285,-0.422202712581839,0.08523732771527,0.2199,8.32667268468867e-17,0.221
annual,Dates: pilot-year clock (no transition exclusion),Dates: pilot-year clock (no transition exclusion),ln_area,Log cultivated area,-12,clean pre-pilot (placebo),-0.172411629236693,0.105717620202852,-0.373293613978653,0.0284703555052679,0.0981,7,20,26,27,soybean;onion;sweet_potato;corn;garlic;spring_potato;red_pepper,-0.172411629236692,-0.371823064431697,0.0269998059583117,0.0974,4.9960036108132e-16,0.098
annual,Dates: pilot-year clock (no transition exclusion),Dates: pilot-year clock (no transition exclusion),ln_area,Log cultivated area,-11,clean pre-pilot (placebo),-0.163335379868987,0.106640921224787,-0.368759586904899,0.042088827166924,0.122,7,20,26,27,soybean;onion;sweet_potato;corn;garlic;spring_potato;red_pepper,-0.163335379868988,-0.367079965710832,0.0404092059728562,0.12172,6.38378239159465e-16,0.122
annual,Dates: pilot-year clock (no transition exclusion),Dates: pilot-year clock (no transition exclusion),ln_area,Log cultivated area,-10,clean pre-pilot (placebo),-0.141366911034252,0.0965711717880155,-0.328200954491622,0.0454671324231191,0.1386,7,22,26,29,soybean;onion;sweet_potato;corn;garlic;spring_potato;red_pepper,-0.141366911034252,-0.32690354006694,0.0441697179984374,0.13917,4.16333634234434e-16,0.139
annual,Dates: pilot-year clock (no transition exclusion),Dates: pilot-year clock (no transition exclusion),ln_area,Log cultivated area,-9,clean pre-pilot (placebo),-0.164028392754591,0.0991322210619978,-0.353203583007258,0.0251467974980757,0.0928,7,22,26,29,soybean;onion;sweet_potato;corn;garlic;spring_potato;red_pepper,-0.164028392754592,-0.352432533432793,0.0243757479236094,0.09291,7.7715611723761e-16,0.093
annual,Dates: pilot-year clock (no transition exclusion),Dates: pilot-year clock (no transition exclusion),ln_area,Log cultivated area,-8,clean pre-pilot (placebo),-0.168034708246827,0.119953184370443,-0.393654574339588,0.0575851578459346,0.1652,7,22,28,29,soybean;onion;sweet_potato;corn;garlic;spring_potato;red_pepper,-0.168034708246827,-0.391411437089607,0.0553420205959539,0.16823,3.33066907387547e-16,0.165
annual,Dates: pilot-year clock (no transition exclusion),Dates: pilot-year clock (no transition exclusion),ln_area,Log cultivated area,-7,clean pre-pilot (placebo),-0.168193516616264,0.0824971445108893,-0.324689978758311,-0.011697054474216,0.0342,7,22,28,29,soybean;onion;sweet_potato;corn;garlic;spring_potato;red_pepper,-0.168193516616263,-0.324722945984854,-0.0116640872476729,0.03194,6.10622663543836e-16,0.034
annual,Dates: pilot-year clock (no transition exclusion),Dates: pilot-year clock (no transition exclusion),ln_area,Log cultivated area,-6,clean pre-pilot (placebo),-0.162507349338971,0.077798215637983,-0.308975740394259,-0.0160389582836837,0.0255,7,22,28,29,soybean;onion;sweet_potato;corn;garlic;spring_potato;red_pepper,-0.162507349338971,-0.30810490126349,-0.0169097974144516,0.02384,1.11022302462516e-16,0.025
annual,Dates: pilot-year clock (no transition exclusion),Dates: pilot-year clock (no transition exclusion),ln_area,Log cultivated area,-5,clean pre-pilot (placebo),-0.101946564071646,0.0540057288948432,-0.20580524988853,0.00191212174523905,0.0556,7,22,28,29,soybean;onion;sweet_potato;corn;garlic;spring_potato;red_pepper,-0.101946564071646,-0.204540887683008,0.000647759539716686,0.05181,3.33066907387547e-16,0.056
annual,Dates: pilot-year clock (no transition exclusion),Dates: pilot-year clock (no transition exclusion),ln_area,Log cultivated area,-4,clean pre-pilot (placebo),-0.0443091858084333,0.048624409080917,-0.13546221832644,0.0468438467095738,0.3751,7,22,28,29,soybean;onion;sweet_potato;corn;garlic;spring_potato;red_pepper,-0.0443091858084331,-0.134742244731754,0.0461238731148876,0.38149,1.59594559789866e-16,0.375
annual,Dates: pilot-year clock (no transition exclusion),Dates: pilot-year clock (no transition exclusion),ln_area,Log cultivated area,-3,clean pre-pilot (placebo),0.0267651810392508,0.0797846342867723,-0.124084052255322,0.177614414333823,0.7516,7,22,28,29,soybean;onion;sweet_potato;corn;garlic;spring_potato;red_pepper,0.0267651810392509,-0.123614709747779,0.177145071826281,0.75152,1.52655665885959e-16,0.752
annual,Dates: pilot-year clock (no transition exclusion),Dates: pilot-year clock (no transition exclusion),ln_area,Log cultivated area,-2,clean pre-pilot (placebo),0.0609811832722471,0.0409934556631017,-0.0172128621526913,0.139175228697186,0.1343,7,22,28,29,soybean;onion;sweet_potato;corn;garlic;spring_potato;red_pepper,0.0609811832722463,-0.0171263703071487,0.139088736851641,0.13404,8.04911692853239e-16,0.134
annual,Dates: pilot-year clock (no transition exclusion),Dates: pilot-year clock (no transition exclusion),ln_area,Log cultivated area,0,after nationwide availability,-0.0318544389134574,0.061350367029208,-0.147325802321355,0.0836169244944403,0.6181,7,22,26,29,soybean;onion;sweet_potato;corn;garlic;spring_potato;red_pepper,-0.0318544389134561,-0.147152616800249,0.0834437389733363,0.62214,1.26981758441502e-15,0.618
annual,Dates: pilot-year clock (no transition exclusion),Dates: pilot-year clock (no transition exclusion),ln_area,Log cultivated area,1,after nationwide availability,-0.0260388203651763,0.0985816592759486,-0.208013145059461,0.155935504329109,0.7933,7,22,23,29,soybean;onion;sweet_potato;corn;garlic;spring_potato;red_pepper,-0.0260388203651764,-0.208798863533674,0.156721222803322,0.79354,1.52655665885959e-16,0.793
annual,Dates: pilot-year clock (no transition exclusion),Dates: pilot-year clock (no transition exclusion),ln_area,Log cultivated area,2,after nationwide availability,0.0200877985981061,0.122454893161376,-0.211276155802978,0.25145175299919,0.8774,7,22,22,29,soybean;onion;sweet_potato;corn;garlic;spring_potato;red_pepper,0.020087798598106,-0.211396650250537,0.251572247446749,0.87395,8.32667268468867e-17,0.877
annual,Dates: pilot-year clock (no transition exclusion),Dates: pilot-year clock (no transition exclusion),ln_area,Log cultivated area,3,after nationwide availability,0.119354212125177,0.133887552901571,-0.13409407224351,0.372802496493865,0.3816,7,22,22,29,soybean;onion;sweet_potato;corn;garlic;spring_potato;red_pepper,0.119354212125177,-0.135975492585911,0.374683916836265,0.37876,3.88578058618805e-16,0.382
annual,Dates: pilot-year clock (no transition exclusion),Dates: pilot-year clock (no transition exclusion),ln_area,Log cultivated area,4,after nationwide availability,0.115771215394791,0.123708572587952,-0.118346933545763,0.349889364335345,0.3618,7,22,22,29,soybean;onion;sweet_potato;corn;garlic;spring_potato;red_pepper,0.115771215394791,-0.119840473800668,0.35138290459025,0.35526,4.16333634234434e-17,0.362
annual,Dates: pilot-year clock (no transition exclusion),Dates: pilot-year clock (no transition exclusion),ln_area,Log cultivated area,5,after nationwide availability,0.110998194571933,0.144610026080113,-0.166317708817968,0.388314097961833,0.4533,7,22,22,29,soybean;onion;sweet_potato;corn;garlic;spring_potato;red_pepper,0.110998194571932,-0.164613709504445,0.38661009864831,0.44492,5.27355936696949e-16,0.453
annual,Dates: pilot-year clock (no transition exclusion),Dates: pilot-year clock (no transition exclusion),ln_area,Log cultivated area,6,after nationwide availability,-0.0126982253867052,0.132927099741756,-0.268270165711307,0.242873714937897,0.9251,7,22,22,29,soybean;onion;sweet_potato;corn;garlic;spring_potato;red_pepper,-0.012698225386705,-0.26565370395858,0.24025725318517,0.92452,1.54390389361936e-16,0.925
annual,Dates: pilot-year clock (no transition exclusion),Dates: pilot-year clock (no transition exclusion),ln_area,Log cultivated area,7,after nationwide availability,-0.00223824925269384,0.146005394997842,-0.283776282708051,0.279299784202663,0.988,7,20,22,29,soybean;onion;sweet_potato;corn;garlic;spring_potato;red_pepper,-0.00223824925269408,-0.280801481407871,0.276324982902483,0.98813,2.44162329243736e-16,0.988
annual,Dates: pilot-year clock (no transition exclusion),Dates: pilot-year clock (no transition exclusion),ln_area,Log cultivated area,8,after nationwide availability,0.00140565967679987,0.147469575711746,-0.286322129880921,0.289133449234521,0.9925,7,20,22,29,soybean;onion;sweet_potato;corn;garlic;spring_potato;red_pepper,0.00140565967679945,-0.279556972426345,0.282368291779944,0.99213,4.19803081186387e-16,0.993
annual,Dates: pilot-year clock (no transition exclusion),Dates: pilot-year clock (no transition exclusion),ln_area,Log cultivated area,9,after nationwide availability,0.0500678937541751,0.165689765299142,-0.268013782481609,0.368149569989959,0.7708,7,15,20,27,soybean;onion;sweet_potato;corn;garlic;spring_potato;red_pepper,0.0500678937541751,-0.262691922294647,0.362827709802998,0.7681,2.77555756156289e-17,0.771
annual,Dates: pilot-year clock (no transition exclusion),Dates: pilot-year clock (no transition exclusion),ln_production,Log production,-12,clean pre-pilot (placebo),-0.173282380033986,0.0991133907856737,-0.363402940279497,0.0168381802115251,0.0755,7,20,26,27,soybean;onion;sweet_potato;corn;garlic;spring_potato;red_pepper,-0.173282380033986,-0.362531706127233,0.0159669460592605,0.07413,8.32667268468867e-17,0.075
annual,Dates: pilot-year clock (no transition exclusion),Dates: pilot-year clock (no transition exclusion),ln_production,Log production,-11,clean pre-pilot (placebo),-0.103059152607143,0.0894954720593784,-0.273346406433794,0.0672281012195077,0.2485,7,20,26,27,soybean;onion;sweet_potato;corn;garlic;spring_potato;red_pepper,-0.103059152607143,-0.273828337567029,0.0677100323527427,0.24739,1.52655665885959e-16,0.248
annual,Dates: pilot-year clock (no transition exclusion),Dates: pilot-year clock (no transition exclusion),ln_production,Log production,-10,clean pre-pilot (placebo),-0.12156273969852,0.0963363268189328,-0.306951686677533,0.0638262072804937,0.2054,7,22,26,29,soybean;onion;sweet_potato;corn;garlic;spring_potato;red_pepper,-0.12156273969852,-0.306126699075118,0.0630012196780778,0.20377,4.44089209850063e-16,0.205
annual,Dates: pilot-year clock (no transition exclusion),Dates: pilot-year clock (no transition exclusion),ln_production,Log production,-9,clean pre-pilot (placebo),-0.158146522558672,0.101633912267159,-0.353417968327044,0.0371249232096997,0.1207,7,22,26,29,soybean;onion;sweet_potato;corn;garlic;spring_potato;red_pepper,-0.158146522558672,-0.350003941927429,0.0337108968100838,0.11654,5.55111512312578e-17,0.121
annual,Dates: pilot-year clock (no transition exclusion),Dates: pilot-year clock (no transition exclusion),ln_production,Log production,-8,clean pre-pilot (placebo),-0.183268750800008,0.117159404544819,-0.404327604333892,0.0377901027338756,0.1196,7,22,28,29,soybean;onion;sweet_potato;corn;garlic;spring_potato;red_pepper,-0.183268750800008,-0.402515805843294,0.0359783042432777,0.11603,0,0.120
annual,Dates: pilot-year clock (no transition exclusion),Dates: pilot-year clock (no transition exclusion),ln_production,Log production,-7,clean pre-pilot (placebo),-0.172206397030378,0.0782490851693602,-0.323368774552499,-0.0210440195082556,0.0234,7,22,28,29,soybean;onion;sweet_potato;corn;garlic;spring_potato;red_pepper,-0.172206397030378,-0.321406215132795,-0.0230065789279604,0.02152,4.44089209850063e-16,0.023
annual,Dates: pilot-year clock (no transition exclusion),Dates: pilot-year clock (no transition exclusion),ln_production,Log production,-6,clean pre-pilot (placebo),-0.159769260842336,0.069400534112267,-0.292458497943695,-0.0270800237409768,0.0146,7,22,28,29,soybean;onion;sweet_potato;corn;garlic;spring_potato;red_pepper,-0.159769260842336,-0.291684312612615,-0.0278542090720569,0.01476,1.11022302462516e-16,0.015
annual,Dates: pilot-year clock (no transition exclusion),Dates: pilot-year clock (no transition exclusion),ln_production,Log production,-5,clean pre-pilot (placebo),-0.141437030824279,0.0637228040654106,-0.262603547938064,-0.0202705137104946,0.0203,7,22,28,29,soybean;onion;sweet_potato;corn;garlic;spring_potato;red_pepper,-0.141437030824279,-0.262876669834411,-0.0199973918141478,0.01943,2.4980018054066e-16,0.020
annual,Dates: pilot-year clock (no transition exclusion),Dates: pilot-year clock (no transition exclusion),ln_production,Log production,-4,clean pre-pilot (placebo),-0.0840980746223159,0.0575357053191248,-0.192083823250119,0.0238876740054873,0.1393,7,22,28,29,soybean;onion;sweet_potato;corn;garlic;spring_potato;red_pepper,-0.084098074622316,-0.193398953776366,0.0252028045317343,0.14201,1.38777878078145e-16,0.139
annual,Dates: pilot-year clock (no transition exclusion),Dates: pilot-year clock (no transition exclusion),ln_production,Log production,-3,clean pre-pilot (placebo),0.0226171650339612,0.0934447790606487,-0.155430994010749,0.200665324078671,0.8264,7,22,28,29,soybean;onion;sweet_potato;corn;garlic;spring_potato;red_pepper,0.0226171650339611,-0.15420805129383,0.199442381361753,0.82611,4.85722573273506e-17,0.826
annual,Dates: pilot-year clock (no transition exclusion),Dates: pilot-year clock (no transition exclusion),ln_production,Log production,-2,clean pre-pilot (placebo),0.051875394795695,0.0734227504012502,-0.086953011645809,0.190703801237199,0.4887,7,22,28,29,soybean;onion;sweet_potato;corn;garlic;spring_potato;red_pepper,0.0518753947956936,-0.0869317418579858,0.190682531449373,0.49257,1.42941214420489e-15,0.489
annual,Dates: pilot-year clock (no transition exclusion),Dates: pilot-year clock (no transition exclusion),ln_production,Log production,0,after nationwide availability,-0.0143604468046205,0.0862586087998667,-0.175347936681722,0.146627043072481,0.8755,7,22,26,29,soybean;onion;sweet_potato;corn;garlic;spring_potato;red_pepper,-0.014360446804619,-0.176620207232153,0.147899313622915,0.87403,1.44849410244063e-15,0.875
annual,Dates: pilot-year clock (no transition exclusion),Dates: pilot-year clock (no transition exclusion),ln_production,Log production,1,after nationwide availability,0.0111866549122904,0.115960770925709,-0.205833746725643,0.228207056550224,0.9278,7,22,23,29,soybean;onion;sweet_potato;corn;garlic;spring_potato;red_pepper,0.0111866549122906,-0.208644775731905,0.231018085556486,0.92544,2.48065457064683e-16,0.928
annual,Dates: pilot-year clock (no transition exclusion),Dates: pilot-year clock (no transition exclusion),ln_production,Log production,2,after nationwide availability,-0.0218868368636266,0.143655565056168,-0.291142866009358,0.247369192282105,0.885,7,22,22,29,soybean;onion;sweet_potato;corn;garlic;spring_potato;red_pepper,-0.0218868368636264,-0.294693165108084,0.250919491380831,0.88129,1.59594559789866e-16,0.885
annual,Dates: pilot-year clock (no transition exclusion),Dates: pilot-year clock (no transition exclusion),ln_production,Log production,3,after nationwide availability,0.0763691503331216,0.167059166649848,-0.233710270050259,0.386448570716502,0.6634,7,22,22,29,soybean;onion;sweet_potato;corn;garlic;spring_potato;red_pepper,0.0763691503331217,-0.235506283501992,0.388244584168236,0.66575,1.11022302462516e-16,0.663
annual,Dates: pilot-year clock (no transition exclusion),Dates: pilot-year clock (no transition exclusion),ln_production,Log production,4,after nationwide availability,0.0998775266675109,0.130942823124444,-0.146880991281105,0.346636044616127,0.4472,7,22,22,29,soybean;onion;sweet_potato;corn;garlic;spring_potato;red_pepper,0.099877526667511,-0.14858387834218,0.348338931677202,0.4483,6.93889390390723e-17,0.447
annual,Dates: pilot-year clock (no transition exclusion),Dates: pilot-year clock (no transition exclusion),ln_production,Log production,5,after nationwide availability,0.135222381507944,0.154742866937933,-0.160156831658229,0.430601594674118,0.375,7,22,22,29,soybean;onion;sweet_potato;corn;garlic;spring_potato;red_pepper,0.135222381507944,-0.16005142805485,0.430496191070738,0.37998,1.66533453693773e-16,0.375
annual,Dates: pilot-year clock (no transition exclusion),Dates: pilot-year clock (no transition exclusion),ln_production,Log production,6,after nationwide availability,-0.0228041366229894,0.152848527075364,-0.313222272691589,0.26761399944561,0.882,7,22,22,29,soybean;onion;sweet_potato;corn;garlic;spring_potato;red_pepper,-0.0228041366229894,-0.313980862017212,0.268372588771233,0.88315,3.46944695195361e-17,0.882
annual,Dates: pilot-year clock (no transition exclusion),Dates: pilot-year clock (no transition exclusion),ln_production,Log production,7,after nationwide availability,0.00584037922547889,0.149588420561874,-0.282163469419095,0.293844227870053,0.9686,7,20,22,29,soybean;onion;sweet_potato;corn;garlic;spring_potato;red_pepper,0.00584037922547857,-0.27986247292223,0.291543231373187,0.9694,3.14852310889791e-16,0.969
annual,Dates: pilot-year clock (no transition exclusion),Dates: pilot-year clock (no transition exclusion),ln_production,Log production,8,after nationwide availability,-0.0579351544731353,0.14961379531483,-0.344672912136794,0.228802603190524,0.6933,7,20,22,29,soybean;onion;sweet_potato;corn;garlic;spring_potato;red_pepper,-0.0579351544731354,-0.343115185540038,0.227244876593767,0.69863,8.32667268468867e-17,0.693
annual,Dates: pilot-year clock (no transition exclusion),Dates: pilot-year clock (no transition exclusion),ln_production,Log production,9,after nationwide availability,-0.0446859435286625,0.187893007531383,-0.393981283384749,0.304609396327424,0.8189,7,15,20,27,soybean;onion;sweet_potato;corn;garlic;spring_potato;red_pepper,-0.0446859435286626,-0.394854504924927,0.305482617867602,0.81949,1.45716771982052e-16,0.819
annual,Dates: pilot-year clock (no transition exclusion),Dates: pilot-year clock (no transition exclusion),ln_yield,Log yield per 10a,-12,clean pre-pilot (placebo),-0.00076600550148849,0.0496435544931241,-0.0955716400691804,0.0940396290662034,0.9874,7,20,26,27,soybean;onion;sweet_potato;corn;garlic;spring_potato;red_pepper,-0.00076600550148844,-0.0954658062216039,0.093933795218627,0.98804,4.97648797170847e-17,0.987
annual,Dates: pilot-year clock (no transition exclusion),Dates: pilot-year clock (no transition exclusion),ln_yield,Log yield per 10a,-11,clean pre-pilot (placebo),0.0609025500527913,0.0570228805204313,-0.038062084592043,0.159867184697626,0.3298,7,20,26,27,soybean;onion;sweet_potato;corn;garlic;spring_potato;red_pepper,0.0609025500527915,-0.0380585640123165,0.159863664117899,0.32398,2.0122792321331e-16,0.330
annual,Dates: pilot-year clock (no transition exclusion),Dates: pilot-year clock (no transition exclusion),ln_yield,Log yield per 10a,-10,clean pre-pilot (placebo),0.0197809551015256,0.0557496767353794,-0.08317407691141,0.122735987114461,0.7488,7,22,26,29,soybean;onion;sweet_potato;corn;garlic;spring_potato;red_pepper,0.0197809551015258,-0.0829663715123218,0.122528281715373,0.74748,1.83880688453542e-16,0.749
annual,Dates: pilot-year clock (no transition exclusion),Dates: pilot-year clock (no transition exclusion),ln_yield,Log yield per 10a,-9,clean pre-pilot (placebo),0.00494758419543091,0.0552271269679553,-0.0950968106877489,0.104991979078611,0.942,7,22,26,29,soybean;onion;sweet_potato;corn;garlic;spring_potato;red_pepper,0.00494758419543117,-0.094867531180965,0.104762699571827,0.94121,2.64545330086463e-16,0.942
annual,Dates: pilot-year clock (no transition exclusion),Dates: pilot-year clock (no transition exclusion),ln_yield,Log yield per 10a,-8,clean pre-pilot (placebo),-0.0165526506702441,0.048930931943465,-0.105918447577865,0.0728131462373766,0.761,7,22,28,29,soybean;onion;sweet_potato;corn;garlic;spring_potato;red_pepper,-0.016552650670244,-0.105899632511276,0.0727943311707883,0.76808,1.38777878078145e-16,0.761
annual,Dates: pilot-year clock (no transition exclusion),Dates: pilot-year clock (no transition exclusion),ln_yield,Log yield per 10a,-7,clean pre-pilot (placebo),-0.00478749776730853,0.0504352078126648,-0.0962989675739978,0.0867239720393807,0.9307,7,22,28,29,soybean;onion;sweet_potato;corn;garlic;spring_potato;red_pepper,-0.00478749776730833,-0.0960815762573957,0.086506580722779,0.93308,1.97758476261356e-16,0.931
annual,Dates: pilot-year clock (no transition exclusion),Dates: pilot-year clock (no transition exclusion),ln_yield,Log yield per 10a,-6,clean pre-pilot (placebo),0.00239823721457132,0.0376129265093581,-0.0658837780379265,0.0706802524670692,0.9484,7,22,28,29,soybean;onion;sweet_potato;corn;garlic;spring_potato;red_pepper,0.00239823721457135,-0.066567232579708,0.0713637070088507,0.9535,3.33934269125535e-17,0.948
annual,Dates: pilot-year clock (no transition exclusion),Dates: pilot-year clock (no transition exclusion),ln_yield,Log yield per 10a,-5,clean pre-pilot (placebo),-0.0388891374134722,0.045440539904572,-0.124513905493851,0.0467356306669061,0.4036,7,22,28,29,soybean;onion;sweet_potato;corn;garlic;spring_potato;red_pepper,-0.0388891374134723,-0.124300998588441,0.0465227237614962,0.40886,6.24500451351651e-17,0.404
annual,Dates: pilot-year clock (no transition exclusion),Dates: pilot-year clock (no transition exclusion),ln_yield,Log yield per 10a,-4,clean pre-pilot (placebo),-0.0398282914897998,0.0329501375962058,-0.101314682513823,0.0216580995342237,0.2286,7,22,28,29,soybean;onion;sweet_potato;corn;garlic;spring_potato;red_pepper,-0.0398282914897997,-0.102405769450652,0.0227491864710529,0.22914,1.38777878078145e-16,0.229
annual,Dates: pilot-year clock (no transition exclusion),Dates: pilot-year clock (no transition exclusion),ln_yield,Log yield per 10a,-3,clean pre-pilot (placebo),-0.00441345985791567,0.0310479541142746,-0.0619429491248352,0.0531160294090038,0.9037,7,22,28,29,soybean;onion;sweet_potato;corn;garlic;spring_potato;red_pepper,-0.00441345985791561,-0.0617523580495826,0.0529254383337514,0.89713,6.41847686111419e-17,0.904
annual,Dates: pilot-year clock (no transition exclusion),Dates: pilot-year clock (no transition exclusion),ln_yield,Log yield per 10a,-2,clean pre-pilot (placebo),-0.0093527491106692,0.0427224971169844,-0.0826186212846539,0.0639131230633154,0.7898,7,22,28,29,soybean;onion;sweet_potato;corn;garlic;spring_potato;red_pepper,-0.00935274911066947,-0.0825058605327967,0.0638003623114578,0.797,2.72351585728359e-16,0.790
annual,Dates: pilot-year clock (no transition exclusion),Dates: pilot-year clock (no transition exclusion),ln_yield,Log yield per 10a,0,after nationwide availability,0.0167849654861072,0.037188165602407,-0.0523428492320359,0.0859127802042504,0.6772,7,22,26,29,soybean;onion;sweet_potato;corn;garlic;spring_potato;red_pepper,0.0167849654861082,-0.0525309281481455,0.086100859120362,0.67614,9.92261828258734e-16,0.677
annual,Dates: pilot-year clock (no transition exclusion),Dates: pilot-year clock (no transition exclusion),ln_yield,Log yield per 10a,1,after nationwide availability,0.036686664577076,0.0488878402769335,-0.0540614867079395,0.127434815862091,0.4866,7,22,23,29,soybean;onion;sweet_potato;corn;garlic;spring_potato;red_pepper,0.0366866645770759,-0.0534173973050067,0.126790726459158,0.48125,9.0205620750794e-17,0.487
annual,Dates: pilot-year clock (no transition exclusion),Dates: pilot-year clock (no transition exclusion),ln_yield,Log yield per 10a,2,after nationwide availability,-0.0427356370763846,0.0435100175151004,-0.125201618215795,0.0397303440630261,0.3356,7,22,22,29,soybean;onion;sweet_potato;corn;garlic;spring_potato;red_pepper,-0.0427356370763843,-0.124967938038987,0.0394966638862185,0.33419,2.56739074444567e-16,0.336
annual,Dates: pilot-year clock (no transition exclusion),Dates: pilot-year clock (no transition exclusion),ln_yield,Log yield per 10a,3,after nationwide availability,-0.0434160811265629,0.0706665992000226,-0.171843709771116,0.0850115475179897,0.5774,7,22,22,29,soybean;onion;sweet_potato;corn;garlic;spring_potato;red_pepper,-0.043416081126563,-0.170891128560517,0.0840589663073911,0.58446,6.93889390390723e-17,0.577
annual,Dates: pilot-year clock (no transition exclusion),Dates: pilot-year clock (no transition exclusion),ln_yield,Log yield per 10a,4,after nationwide availability,-0.0154581666083755,0.0402859629938599,-0.0920987101508607,0.0611823769341096,0.6952,7,22,22,29,soybean;onion;sweet_potato;corn;garlic;spring_potato;red_pepper,-0.0154581666083755,-0.0917933473378943,0.0608770141211433,0.70456,3.6429192995513e-17,0.695
annual,Dates: pilot-year clock (no transition exclusion),Dates: pilot-year clock (no transition exclusion),ln_yield,Log yield per 10a,5,after nationwide availability,0.0248999724860274,0.0538085093487827,-0.0738832618094521,0.123683206781507,0.6844,7,22,22,29,soybean;onion;sweet_potato;corn;garlic;spring_potato;red_pepper,0.0248999724860274,-0.0735199487706266,0.123319893742681,0.68194,2.77555756156289e-17,0.684
annual,Dates: pilot-year clock (no transition exclusion),Dates: pilot-year clock (no transition exclusion),ln_yield,Log yield per 10a,6,after nationwide availability,-0.00941417443263334,0.0562323087808868,-0.11653645850946,0.0977081096441933,0.8691,7,22,22,29,soybean;onion;sweet_potato;corn;garlic;spring_potato;red_pepper,-0.00941417443263339,-0.115271500580125,0.0964431517148584,0.86789,5.3776427755281e-17,0.869
annual,Dates: pilot-year clock (no transition exclusion),Dates: pilot-year clock (no transition exclusion),ln_yield,Log yield per 10a,7,after nationwide availability,0.00839020517412885,0.0510299866489061,-0.0875932959648518,0.104373706313109,0.8704,7,20,22,29,soybean;onion;sweet_potato;corn;garlic;spring_potato;red_pepper,0.0083902051741286,-0.087807252711103,0.10458766305936,0.87422,2.4459601011273e-16,0.870
annual,Dates: pilot-year clock (no transition exclusion),Dates: pilot-year clock (no transition exclusion),ln_yield,Log yield per 10a,8,after nationwide availability,-0.0590487016460537,0.0392048915415121,-0.134337633790446,0.0162402304983387,0.1287,7,20,22,29,soybean;onion;sweet_potato;corn;garlic;spring_potato;red_pepper,-0.0590487016460539,-0.133677104249758,0.0155797009576497,0.12767,1.59594559789866e-16,0.129
annual,Dates: pilot-year clock (no transition exclusion),Dates: pilot-year clock (no transition exclusion),ln_yield,Log yield per 10a,9,after nationwide availability,-0.0945656272902835,0.0789484124040889,-0.244173138836297,0.0550418842557305,0.2404,7,15,20,27,soybean;onion;sweet_potato;corn;garlic;spring_potato;red_pepper,-0.0945656272902838,-0.242222889302787,0.0530916347222197,0.24012,3.19189119579733e-16,0.240
annual,Dates: product-table nationwide year,Dates: product-table nationwide year,ln_area,Log cultivated area,-12,clean pre-pilot (placebo),-0.139638974042385,0.106574414805837,-0.341120391508925,0.0618424434241557,0.1868,7,22,28,29,soybean;onion;sweet_potato;corn;garlic;spring_potato;red_pepper,-0.139638974042385,-0.343237110699731,0.06395916261496,0.18999,2.4980018054066e-16,0.187
annual,Dates: product-table nationwide year,Dates: product-table nationwide year,ln_area,Log cultivated area,-11,clean pre-pilot (placebo),-0.199574544838198,0.122457894055371,-0.426511946473315,0.0273628567969182,0.0977,7,22,28,29,soybean;onion;sweet_potato;corn;garlic;spring_potato;red_pepper,-0.199574544838199,-0.428001221862229,0.0288521321858313,0.09952,8.04911692853239e-16,0.098
annual,Dates: product-table nationwide year,Dates: product-table nationwide year,ln_area,Log cultivated area,-10,clean pre-pilot (placebo),-0.155034660843242,0.0799864623988872,-0.305809600121088,-0.00425972156539617,0.0439,7,22,28,29,soybean;onion;sweet_potato;corn;garlic;spring_potato;red_pepper,-0.155034660843242,-0.305872770938243,-0.00419655074824199,0.04308,1.38777878078145e-16,0.044
annual,Dates: product-table nationwide year,Dates: product-table nationwide year,ln_area,Log cultivated area,-9,clean pre-pilot (placebo),-0.136433779120848,0.0710575465348168,-0.267391072341594,-0.0054764859001025,0.0395,7,22,28,29,soybean;onion;sweet_potato;corn;garlic;spring_potato;red_pepper,-0.136433779120849,-0.267621833267845,-0.00524572497385173,0.04009,9.71445146547012e-16,0.040
annual,Dates: product-table nationwide year,Dates: product-table nationwide year,ln_area,Log cultivated area,-8,clean pre-pilot (placebo),-0.157275258756251,0.0675912156837654,-0.284051194591546,-0.0304993229209564,0.0088,7,22,28,29,soybean;onion;sweet_potato;corn;garlic;spring_potato;red_pepper,-0.157275258756252,-0.284213698622491,-0.0303368188900124,0.01042,6.66133814775094e-16,0.009
annual,Dates: product-table nationwide year,Dates: product-table nationwide year,ln_area,Log cultivated area,-7,clean pre-pilot (placebo),-0.0609808771947413,0.0598984636077635,-0.172875051599348,0.0509132972098658,0.3201,6,22,28,29,soybean;onion;sweet_potato;corn;garlic;spring_potato,-0.0609808771947401,-0.172535514239803,0.0505737598503228,0.32376,1.17961196366423e-15,0.320
annual,Dates: product-table nationwide year,Dates: product-table nationwide year,ln_area,Log cultivated area,-6,clean pre-pilot (placebo),0.0368230614355677,0.0964079559049398,-0.145500243395591,0.219146366266726,0.7147,6,22,28,29,soybean;onion;sweet_potato;corn;garlic;spring_potato,0.0368230614355692,-0.145181333093981,0.21882745596512,0.71857,1.5334955527635e-15,0.715
annual,Dates: product-table nationwide year,Dates: product-table nationwide year,ln_area,Log cultivated area,-5,clean pre-pilot (placebo),0.0454031681770615,0.0412740116947971,-0.0345456431770285,0.125351979531152,0.2795,6,22,28,29,soybean;onion;sweet_potato;corn;garlic;spring_potato,0.0454031681770621,-0.0329112349365066,0.123717571290631,0.27706,5.89805981832114e-16,0.280
annual,Dates: product-table nationwide year,Dates: product-table nationwide year,ln_area,Log cultivated area,-4,clean pre-pilot (placebo),0.116459209164212,0.0817319903571673,-0.0163155841739618,0.249234002502386,0.1185,2,22,25,26,onion;garlic,0.116459209164212,-0.0158154008156108,0.248733819144035,0.11788,3.19189119579733e-16,0.118
annual,Dates: product-table nationwide year,Dates: product-table nationwide year,ln_area,Log cultivated area,0,after nationwide availability,0.108166169344356,0.134317463075535,-0.146168066911598,0.362500405600309,0.4182,7,22,22,29,soybean;onion;sweet_potato;corn;garlic;spring_potato;red_pepper,0.108166169344356,-0.148437793262229,0.364770131950941,0.42782,3.05311331771918e-16,0.418
annual,Dates: product-table nationwide year,Dates: product-table nationwide year,ln_area,Log cultivated area,1,after nationwide availability,0.10533076354581,0.142913258676397,-0.168546429240695,0.379207956332314,0.4659,7,22,22,29,soybean;onion;sweet_potato;corn;garlic;spring_potato;red_pepper,0.105330763545809,-0.167902193640569,0.378563720732187,0.46715,7.49400541621981e-16,0.466
annual,Dates: product-table nationwide year,Dates: product-table nationwide year,ln_area,Log cultivated area,2,after nationwide availability,0.0647176375842818,0.146733333969372,-0.215815941542393,0.345251216710956,0.6626,7,22,22,29,soybean;onion;sweet_potato;corn;garlic;spring_potato;red_pepper,0.0647176375842815,-0.216668253927946,0.346103529096509,0.665,2.4980018054066e-16,0.663
annual,Dates: product-table nationwide year,Dates: product-table nationwide year,ln_area,Log cultivated area,3,after nationwide availability,0.000943711122723533,0.153714101707023,-0.292603068976395,0.294490491221842,0.995,7,20,22,29,soybean;onion;sweet_potato;corn;garlic;spring_potato;red_pepper,0.000943711122723647,-0.293711780966774,0.295599203212222,0.99535,1.14383329197221e-16,0.995
annual,Dates: product-table nationwide year,Dates: product-table nationwide year,ln_area,Log cultivated area,4,after nationwide availability,-0.0605675762362908,0.14762624945287,-0.345635380172666,0.224500227700084,0.6808,7,20,22,29,soybean;onion;sweet_potato;corn;garlic;spring_potato;red_pepper,-0.0605675762362909,-0.343783801654511,0.222648649181929,0.68445,1.17961196366423e-16,0.681
annual,Dates: product-table nationwide year,Dates: product-table nationwide year,ln_area,Log cultivated area,5,after nationwide availability,-0.00187133037749106,0.13846529386392,-0.267954735668578,0.264212074913596,0.9898,7,15,22,29,soybean;onion;sweet_potato;corn;garlic;spring_potato;red_pepper,-0.00187133037749155,-0.267928835652781,0.264186174897798,0.98952,4.86373094576997e-16,0.990
annual,Dates: product-table nationwide year,Dates: product-table nationwide year,ln_area,Log cultivated area,6,after nationwide availability,0.0298813891292597,0.131043000774917,-0.22144842407417,0.28121120233269,0.8239,7,14,20,27,soybean;onion;sweet_potato;corn;garlic;spring_potato;red_pepper,0.029881389129259,-0.220017346238694,0.279780124497212,0.82104,6.66133814775094e-16,0.824
annual,Dates: product-table nationwide year,Dates: product-table nationwide year,ln_area,Log cultivated area,7,after nationwide availability,0.130875901962985,0.153645995813686,-0.163007456693622,0.424759260619593,0.4068,7,11,20,27,soybean;onion;sweet_potato;corn;garlic;spring_potato;red_pepper,0.130875901962985,-0.160460514930617,0.422212318856587,0.39778,3.33066907387547e-16,0.407
annual,Dates: product-table nationwide year,Dates: product-table nationwide year,ln_area,Log cultivated area,8,after nationwide availability,0.175151020084113,0.165925318742666,-0.142985290283773,0.493287330451998,0.294,7,10,15,22,soybean;onion;sweet_potato;corn;garlic;spring_potato;red_pepper,0.175151020084113,-0.140467719861238,0.490769760029463,0.2895,4.71844785465692e-16,0.294
annual,Dates: product-table nationwide year,Dates: product-table nationwide year,ln_area,Log cultivated area,9,after nationwide availability,0.064265178793013,0.169353707872981,-0.257318674946323,0.385849032532349,0.704,7,10,14,21,soybean;onion;sweet_potato;corn;garlic;spring_potato;red_pepper,0.0642651787930118,-0.258116022590749,0.386646380176772,0.7063,1.19348975147204e-15,0.704
annual,Dates: product-table nationwide year,Dates: product-table nationwide year,ln_production,Log production,-12,clean pre-pilot (placebo),-0.130633143777403,0.0990138828591786,-0.317764723013174,0.056498435458368,0.1931,7,22,28,29,soybean;onion;sweet_potato;corn;garlic;spring_potato;red_pepper,-0.130633143777403,-0.317045626451322,0.0557793388965158,0.18962,2.4980018054066e-16,0.193
annual,Dates: product-table nationwide year,Dates: product-table nationwide year,ln_production,Log production,-11,clean pre-pilot (placebo),-0.252300286177297,0.125963338823077,-0.490922369272824,-0.0136782030817711,0.0367,7,22,28,29,soybean;onion;sweet_potato;corn;garlic;spring_potato;red_pepper,-0.252300286177298,-0.488185163275899,-0.0164154090786978,0.03337,6.10622663543836e-16,0.037
annual,Dates: product-table nationwide year,Dates: product-table nationwide year,ln_production,Log production,-10,clean pre-pilot (placebo),-0.17872841531783,0.0793771074595335,-0.329821332308155,-0.0276354983275052,0.0162,7,22,28,29,soybean;onion;sweet_potato;corn;garlic;spring_potato;red_pepper,-0.178728415317831,-0.330501398296635,-0.0269554323390277,0.01784,7.21644966006352e-16,0.016
annual,Dates: product-table nationwide year,Dates: product-table nationwide year,ln_production,Log production,-9,clean pre-pilot (placebo),-0.139900640984879,0.0604177973659486,-0.25602307983962,-0.0237782021301368,0.0148,7,22,28,29,soybean;onion;sweet_potato;corn;garlic;spring_potato;red_pepper,-0.13990064098488,-0.254680579877105,-0.0251207020926543,0.01402,1.49880108324396e-15,0.015
annual,Dates: product-table nationwide year,Dates: product-table nationwide year,ln_production,Log production,-8,clean pre-pilot (placebo),-0.202103441207434,0.083372960286539,-0.35983740109967,-0.0443694813151969,0.0097,7,22,28,29,soybean;onion;sweet_potato;corn;garlic;spring_potato;red_pepper,-0.202103441207435,-0.360307981230468,-0.0438989011844017,0.00929,1.36002320516582e-15,0.010
annual,Dates: product-table nationwide year,Dates: product-table nationwide year,ln_production,Log production,-7,clean pre-pilot (placebo),-0.084295117294879,0.065881727143406,-0.207567380748685,0.0389771461589266,0.2006,6,22,28,29,soybean;onion;sweet_potato;corn;garlic;spring_potato,-0.0842951172948771,-0.208657126708086,0.0400668921183322,0.20322,1.85962356624714e-15,0.201
annual,Dates: product-table nationwide year,Dates: product-table nationwide year,ln_production,Log production,-6,clean pre-pilot (placebo),0.040469761062078,0.112601076368285,-0.172303762823083,0.253243284947239,0.7501,6,22,28,29,soybean;onion;sweet_potato;corn;garlic;spring_potato,0.0404697610620802,-0.172139410674369,0.25307893279853,0.74476,2.17187379192296e-15,0.750
annual,Dates: product-table nationwide year,Dates: product-table nationwide year,ln_production,Log production,-5,clean pre-pilot (placebo),0.0543646597122225,0.0686742452729163,-0.0699597911979126,0.178689110622358,0.4665,6,22,28,29,soybean;onion;sweet_potato;corn;garlic;spring_potato,0.0543646597122233,-0.0710562604417948,0.179785579866241,0.46802,7.97972798949331e-16,0.467
annual,Dates: product-table nationwide year,Dates: product-table nationwide year,ln_production,Log production,-4,clean pre-pilot (placebo),0.108284506074553,0.0969906799643334,-0.0413407056259561,0.257909717775061,0.2942,2,22,25,26,onion;garlic,0.108284506074552,-0.0408148294158026,0.257383841564907,0.29885,6.93889390390723e-16,0.294
annual,Dates: product-table nationwide year,Dates: product-table nationwide year,ln_production,Log production,0,after nationwide availability,0.0916638019262427,0.156982528010098,-0.20559355381229,0.388921157664775,0.5841,7,22,22,29,soybean;onion;sweet_potato;corn;garlic;spring_potato;red_pepper,0.0916638019262429,-0.204783582433824,0.38811118628631,0.57146,2.22044604925031e-16,0.584
annual,Dates: product-table nationwide year,Dates: product-table nationwide year,ln_production,Log production,1,after nationwide availability,0.109268506110028,0.140464613368794,-0.157359338694065,0.37589635091412,0.446,7,22,22,29,soybean;onion;sweet_potato;corn;garlic;spring_potato;red_pepper,0.109268506110028,-0.156846798507091,0.375383810727147,0.4416,4.44089209850063e-16,0.446
annual,Dates: product-table nationwide year,Dates: product-table nationwide year,ln_production,Log production,2,after nationwide availability,0.102643576102821,0.15987658744979,-0.2049088916379,0.410196043843542,0.5232,7,22,22,29,soybean;onion;sweet_potato;corn;garlic;spring_potato;red_pepper,0.102643576102821,-0.20160913264263,0.406896284848273,0.52584,2.63677968348475e-16,0.523
annual,Dates: product-table nationwide year,Dates: product-table nationwide year,ln_production,Log production,3,after nationwide availability,-0.0345969270813629,0.193138220885604,-0.399896389858096,0.33070253569537,0.8598,7,20,22,29,soybean;onion;sweet_potato;corn;garlic;spring_potato;red_pepper,-0.034596927081363,-0.39679586845647,0.327602014293744,0.86303,1.31838984174237e-16,0.860
annual,Dates: product-table nationwide year,Dates: product-table nationwide year,ln_production,Log production,4,after nationwide availability,-0.0663767328544626,0.156632904149751,-0.36919183466011,0.236438368951185,0.6801,7,20,22,29,soybean;onion;sweet_potato;corn;garlic;spring_potato;red_pepper,-0.0663767328544629,-0.36432666097353,0.231573195264605,0.67547,2.91433543964104e-16,0.680
annual,Dates: product-table nationwide year,Dates: product-table nationwide year,ln_production,Log production,5,after nationwide availability,-0.0566580452417919,0.157313265469148,-0.357903777639968,0.244587687156384,0.7213,7,15,22,29,soybean;onion;sweet_potato;corn;garlic;spring_potato;red_pepper,-0.0566580452417922,-0.355991326734802,0.242675236251218,0.71941,2.91433543964104e-16,0.721
annual,Dates: product-table nationwide year,Dates: product-table nationwide year,ln_production,Log production,6,after nationwide availability,-0.0837903194727347,0.146847746001979,-0.362689767872157,0.195109128926688,0.5788,7,14,20,27,soybean;onion;sweet_potato;corn;garlic;spring_potato;red_pepper,-0.0837903194727354,-0.361658262345126,0.194077623399656,0.57386,6.93889390390723e-16,0.579
annual,Dates: product-table nationwide year,Dates: product-table nationwide year,ln_production,Log production,7,after nationwide availability,0.105212833160527,0.150292427102197,-0.17783788741396,0.388263553735015,0.4913,7,11,20,27,soybean;onion;sweet_potato;corn;garlic;spring_potato;red_pepper,0.105212833160527,-0.180844937055934,0.391270603376988,0.48527,4.71844785465692e-16,0.491
annual,Dates: product-table nationwide year,Dates: product-table nationwide year,ln_production,Log production,8,after nationwide availability,0.173399776788834,0.203040688310865,-0.207375587003197,0.554175140580864,0.4077,7,10,15,22,soybean;onion;sweet_potato;corn;garlic;spring_potato;red_pepper,0.173399776788833,-0.206448805853272,0.553248359430939,0.40262,5.82867087928207e-16,0.408
annual,Dates: product-table nationwide year,Dates: product-table nationwide year,ln_production,Log production,9,after nationwide availability,0.0232115523350614,0.202822666635134,-0.362069383823734,0.408492488493857,0.9112,7,10,14,21,soybean;onion;sweet_potato;corn;garlic;spring_potato;red_pepper,0.0232115523350606,-0.360102167552016,0.406525272222137,0.90995,7.63278329429795e-16,0.911
annual,Dates: product-table nationwide year,Dates: product-table nationwide year,ln_yield,Log yield per 10a,-12,clean pre-pilot (placebo),0.00828021815940944,0.0516087376096084,-0.0810722302742743,0.0976326665930932,0.9056,7,22,28,29,soybean;onion;sweet_potato;corn;garlic;spring_potato;red_pepper,0.00828021815940908,-0.0817339889037733,0.0982944252225915,0.90604,3.55618312575245e-16,0.906
annual,Dates: product-table nationwide year,Dates: product-table nationwide year,ln_yield,Log yield per 10a,-11,clean pre-pilot (placebo),-0.053696166966159,0.0569121424951457,-0.160143475553734,0.0527511416214164,0.3576,7,22,28,29,soybean;onion;sweet_potato;corn;garlic;spring_potato;red_pepper,-0.0536961669661593,-0.16033586325893,0.0529435293266117,0.36032,3.40005801291454e-16,0.358
annual,Dates: product-table nationwide year,Dates: product-table nationwide year,ln_yield,Log yield per 10a,-10,clean pre-pilot (placebo),-0.0249638852409118,0.0545277759630748,-0.125685311737146,0.0757575412553221,0.6723,7,22,28,29,soybean;onion;sweet_potato;corn;garlic;spring_potato;red_pepper,-0.024963885240912,-0.125723125112115,0.075795354630291,0.67175,1.70002900645727e-16,0.672
annual,Dates: product-table nationwide year,Dates: product-table nationwide year,ln_yield,Log yield per 10a,-9,clean pre-pilot (placebo),-0.00379067921739023,0.0381105018016267,-0.0727421237373952,0.0651607653026148,0.9349,7,22,28,29,soybean;onion;sweet_potato;corn;garlic;spring_potato;red_pepper,-0.0037906792173905,-0.0734030597478834,0.0658217013131024,0.93101,2.71050543121376e-16,0.935
annual,Dates: product-table nationwide year,Dates: product-table nationwide year,ln_yield,Log yield per 10a,-8,clean pre-pilot (placebo),-0.0445153323939807,0.0546565650068423,-0.145773605813389,0.0567429410254278,0.434,7,22,28,29,soybean;onion;sweet_potato;corn;garlic;spring_potato;red_pepper,-0.0445153323939811,-0.146473086843031,0.0574424220550684,0.43421,3.67761376907083e-16,0.434
annual,Dates: product-table nationwide year,Dates: product-table nationwide year,ln_yield,Log yield per 10a,-7,clean pre-pilot (placebo),-0.0231710059062572,0.0330104883432967,-0.0863627739389118,0.0400207621263974,0.4979,6,22,28,29,soybean;onion;sweet_potato;corn;garlic;spring_potato,-0.0231710059062562,-0.0855081381012599,0.0391661262887475,0.49634,1.02001740387436e-15,0.498
annual,Dates: product-table nationwide year,Dates: product-table nationwide year,ln_yield,Log yield per 10a,-6,clean pre-pilot (placebo),0.00348712334427976,0.0372069448595363,-0.065637680481968,0.0726119271705276,0.9326,6,22,28,29,soybean;onion;sweet_potato;corn;garlic;spring_potato,0.00348712334428072,-0.0646184375674447,0.0715926842560061,0.93,9.57567358739198e-16,0.933
annual,Dates: product-table nationwide year,Dates: product-table nationwide year,ln_yield,Log yield per 10a,-5,clean pre-pilot (placebo),0.00881771471501962,0.0348657007793839,-0.0522639813617411,0.0698994107917804,0.8382,6,22,28,29,soybean;onion;sweet_potato;corn;garlic;spring_potato,0.00881771471502009,-0.0517457165296185,0.0693811459596587,0.83638,4.75314232417645e-16,0.838
annual,Dates: product-table nationwide year,Dates: product-table nationwide year,ln_yield,Log yield per 10a,-4,clean pre-pilot (placebo),-0.00782944054885646,0.0308608791904289,-0.0642066451732032,0.0485477640754903,0.8038,2,22,25,26,onion;garlic,-0.00782944054885679,-0.0640805379857781,0.0484216568880646,0.80628,3.34801630863524e-16,0.804
annual,Dates: product-table nationwide year,Dates: product-table nationwide year,ln_yield,Log yield per 10a,0,after nationwide availability,-0.0169338507720114,0.0521176466675308,-0.115314498945649,0.0814467974016261,0.7512,7,22,22,29,soybean;onion;sweet_potato;corn;garlic;spring_potato;red_pepper,-0.0169338507720113,-0.114617192663227,0.0807494911192048,0.75485,1.2490009027033e-16,0.751
annual,Dates: product-table nationwide year,Dates: product-table nationwide year,ln_yield,Log yield per 10a,1,after nationwide availability,0.00441271652518106,0.0364048676450296,-0.0652880242457955,0.0741134572961577,0.9051,7,22,22,29,soybean;onion;sweet_potato;corn;garlic;spring_potato;red_pepper,0.00441271652518105,-0.0652283445071353,0.0740537775574974,0.90308,5.20417042793042e-18,0.905
annual,Dates: product-table nationwide year,Dates: product-table nationwide year,ln_yield,Log yield per 10a,2,after nationwide availability,0.0384837385377715,0.0514839704177021,-0.0571259934733618,0.134093470548905,0.496,7,22,22,29,soybean;onion;sweet_potato;corn;garlic;spring_potato;red_pepper,0.0384837385377715,-0.0557591047143489,0.132726581789892,0.49424,6.93889390390723e-18,0.496
annual,Dates: product-table nationwide year,Dates: product-table nationwide year,ln_yield,Log yield per 10a,3,after nationwide availability,-0.0347579599714216,0.0699617832336761,-0.162187034089573,0.0926711141467302,0.6487,7,20,22,29,soybean;onion;sweet_potato;corn;garlic;spring_potato;red_pepper,-0.0347579599714219,-0.161165978156062,0.0916500582132187,0.64498,3.12250225675825e-16,0.649
annual,Dates: product-table nationwide year,Dates: product-table nationwide year,ln_yield,Log yield per 10a,4,after nationwide availability,-0.00547856205884964,0.053745512532359,-0.107029608618227,0.0960724845005274,0.925,7,20,22,29,soybean;onion;sweet_potato;corn;garlic;spring_potato;red_pepper,-0.00547856205884986,-0.106794748590421,0.0958376244727209,0.92181,2.20309881449055e-16,0.925
annual,Dates: product-table nationwide year,Dates: product-table nationwide year,ln_yield,Log yield per 10a,5,after nationwide availability,-0.0546524490291189,0.0429047021108318,-0.136108014583726,0.0268031165254883,0.1949,7,15,22,29,soybean;onion;sweet_potato;corn;garlic;spring_potato;red_pepper,-0.0546524490291193,-0.136500453896535,0.0271955558382965,0.19998,3.81639164714898e-16,0.195
annual,Dates: product-table nationwide year,Dates: product-table nationwide year,ln_yield,Log yield per 10a,6,after nationwide availability,-0.11345013512516,0.0781724345542482,-0.259642101611444,0.0327418313611238,0.1511,7,14,20,27,soybean;onion;sweet_potato;corn;garlic;spring_potato;red_pepper,-0.113450135125161,-0.259402139653873,0.0325018694035518,0.14613,9.85322934354826e-16,0.151
annual,Dates: product-table nationwide year,Dates: product-table nationwide year,ln_yield,Log yield per 10a,7,after nationwide availability,-0.0255450180022541,0.053496699436029,-0.128342233925317,0.0772521979208092,0.6445,7,11,20,27,soybean;onion;sweet_potato;corn;garlic;spring_potato;red_pepper,-0.0255450180022544,-0.126603312434321,0.0755132764298118,0.64137,3.46944695195361e-16,0.644
annual,Dates: product-table nationwide year,Dates: product-table nationwide year,ln_yield,Log yield per 10a,8,after nationwide availability,-0.00202960048659753,0.0835719084852781,-0.161948774942995,0.1578895739698,0.9812,7,10,15,22,soybean;onion;sweet_potato;corn;garlic;spring_potato;red_pepper,-0.00202960048659734,-0.159472098382468,0.155412897409274,0.98054,1.92554305833426e-16,0.981
annual,Dates: product-table nationwide year,Dates: product-table nationwide year,ln_yield,Log yield per 10a,9,after nationwide availability,-0.0413272086129012,0.086423634326591,-0.20785466590338,0.125200248677577,0.6387,7,10,14,21,soybean;onion;sweet_potato;corn;garlic;spring_potato;red_pepper,-0.0413272086129019,-0.20485593158923,0.122201514363426,0.63238,6.5225602696728e-16,0.639
annual,Imputation (FE on clean cells),Imputation estimator (two-way FE fitted on clean cells),ln_area,Log cultivated area,0,after nationwide availability,0.305716668344124,0.19870774287445,-0.0740928595353925,0.685526196223641,0.1226,7,,,,"",0.305716668344481,-0.07313644720806,0.684569783897021,0.12187,3.56770168963294e-13,0.123
annual,Imputation (FE on clean cells),Imputation estimator (two-way FE fitted on clean cells),ln_area,Log cultivated area,1,after nationwide availability,0.211581540729148,0.190361508133638,-0.146505443883082,0.569668525341377,0.2662,7,,,,"",0.211581540729519,-0.150509613768089,0.573672695227127,0.27108,3.71203068283421e-13,0.266
annual,Imputation (FE on clean cells),Imputation estimator (two-way FE fitted on clean cells),ln_area,Log cultivated area,2,after nationwide availability,0.180311657881871,0.208878856654783,-0.221999815128664,0.582623130892405,0.3899,7,,,,"",0.180311657882211,-0.217079435809085,0.577702751573506,0.39507,3.40366623774457e-13,0.390
annual,Imputation (FE on clean cells),Imputation estimator (two-way FE fitted on clean cells),ln_area,Log cultivated area,3,after nationwide availability,0.139798617991773,0.210669903979665,-0.26345789859904,0.543055134582586,0.5166,7,,,,"",0.139798617992099,-0.26196841556156,0.541565651545758,0.51369,3.2568392427379e-13,0.517
annual,Imputation (FE on clean cells),Imputation estimator (two-way FE fitted on clean cells),ln_area,Log cultivated area,4,after nationwide availability,0.201931838156317,0.183821174311272,-0.14885286812023,0.552716544432864,0.2666,7,,,,"",0.201931838156623,-0.14883959175763,0.552703268070876,0.27367,3.05977465586693e-13,0.267
annual,Imputation (FE on clean cells),Imputation estimator (two-way FE fitted on clean cells),ln_area,Log cultivated area,5,after nationwide availability,0.224552926256083,0.173747300873287,-0.110317602342978,0.559423454855145,0.1941,7,,,,"",0.224552926256338,-0.106059970764301,0.555165823276978,0.19595,2.5462965069778e-13,0.194
annual,Imputation (FE on clean cells),Imputation estimator (two-way FE fitted on clean cells),ln_area,Log cultivated area,6,after nationwide availability,0.360599651351247,0.199342112717884,-0.0219256812686464,0.743124983971141,0.0651,7,,,,"",0.36059965135172,-0.0189757158121395,0.740175018515579,0.06322,4.7267745273416e-13,0.065
annual,Imputation (FE on clean cells),Imputation estimator (two-way FE fitted on clean cells),ln_area,Log cultivated area,7,after nationwide availability,0.360165008546672,0.195852374096424,-0.0127873096015197,0.733117326694863,0.0595,7,,,,"",0.360165008547234,-0.0111243936035403,0.731454410698009,0.05821,5.62327961972642e-13,0.059
annual,Imputation (FE on clean cells),Imputation estimator (two-way FE fitted on clean cells),ln_area,Log cultivated area,8,after nationwide availability,0.243582012024735,0.190850253751515,-0.120629454295111,0.607793478344581,0.2015,7,,,,"",0.24358201202512,-0.119261440496064,0.606425464546304,0.20164,3.84997589364389e-13,0.202
annual,Imputation (FE on clean cells),Imputation estimator (two-way FE fitted on clean cells),ln_area,Log cultivated area,9,after nationwide availability,0.216621683248068,0.199967170079546,-0.163087023842462,0.596330390338598,0.2787,7,,,,"",0.216621683248336,-0.163738141416388,0.59698150791306,0.28158,2.68118860446975e-13,0.279
annual,Imputation (FE on clean cells),Imputation estimator (two-way FE fitted on clean cells),ln_production,Log production,0,after nationwide availability,0.320169098909147,0.186072460407834,-0.029812289795078,0.670150487613372,0.0774,7,,,,"",0.320169098909584,-0.0358283793774725,0.676166577196641,0.08099,4.36983782492462e-13,0.077
annual,Imputation (FE on clean cells),Imputation estimator (two-way FE fitted on clean cells),ln_production,Log production,1,after nationwide availability,0.238035915278016,0.182725497550512,-0.113021385045344,0.589093215601375,0.1931,7,,,,"",0.238035915278465,-0.11101404438908,0.587085874946009,0.19532,4.49279502490185e-13,0.193
annual,Imputation (FE on clean cells),Imputation estimator (two-way FE fitted on clean cells),ln_production,Log production,2,after nationwide availability,0.132998645757901,0.227496336933438,-0.297956631992071,0.563953923507872,0.5729,7,,,,"",0.132998645758319,-0.298905072711172,0.56490236422781,0.57083,4.18193257800681e-13,0.573
annual,Imputation (FE on clean cells),Imputation estimator (two-way FE fitted on clean cells),ln_production,Log production,3,after nationwide availability,0.135574186844018,0.202056305551013,-0.248020814246061,0.519169187934098,0.5113,7,,,,"",0.135574186844432,-0.250094481738273,0.521242855427136,0.51147,4.13669098975333e-13,0.511
annual,Imputation (FE on clean cells),Imputation estimator (two-way FE fitted on clean cells),ln_production,Log production,4,after nationwide availability,0.119970851263444,0.189451644378822,-0.244965211264015,0.484906913790903,0.5229,7,,,,"",0.11997085126384,-0.242955612097398,0.482897314625078,0.53355,3.95766752703253e-13,0.523
annual,Imputation (FE on clean cells),Imputation estimator (two-way FE fitted on clean cells),ln_production,Log production,5,after nationwide availability,0.140069822397588,0.179719073333162,-0.202444613352749,0.482584258147925,0.4482,7,,,,"",0.140069822397908,-0.202261190131545,0.482400834927362,0.4455,3.19994031272586e-13,0.448
annual,Imputation (FE on clean cells),Imputation estimator (two-way FE fitted on clean cells),ln_production,Log production,6,after nationwide availability,0.340524246908771,0.184246244160204,-0.0140888586450745,0.695137352462616,0.0612,7,,,,"",0.340524246909327,-0.0119816814564601,0.693030175275114,0.05911,5.56110713034741e-13,0.061
annual,Imputation (FE on clean cells),Imputation estimator (two-way FE fitted on clean cells),ln_production,Log production,7,after nationwide availability,0.352341770033428,0.223233042119834,-0.0664267711203984,0.771110311187255,0.1111,7,,,,"",0.352341770034137,-0.0701049692558889,0.774788509324163,0.11217,7.08655356618237e-13,0.111
annual,Imputation (FE on clean cells),Imputation estimator (two-way FE fitted on clean cells),ln_production,Log production,8,after nationwide availability,0.211046577468563,0.218669493781356,-0.20707688244323,0.629170037380355,0.3385,7,,,,"",0.21104657746905,-0.206262782744185,0.628355937682285,0.34364,4.87249129932366e-13,0.339
annual,Imputation (FE on clean cells),Imputation estimator (two-way FE fitted on clean cells),ln_production,Log production,9,after nationwide availability,0.171452671647971,0.234690463939818,-0.272745322462867,0.615650665758808,0.4693,7,,,,"",0.17145267164832,-0.276011911749163,0.618917255045803,0.47265,3.49414941425152e-13,0.469
annual,Imputation (FE on clean cells),Imputation estimator (two-way FE fitted on clean cells),ln_yield,Log yield per 10a,0,after nationwide availability,0.0151593442015747,0.0677805980576203,-0.109670552136292,0.139989240539441,0.8386,7,,,,"",0.0151593442018401,-0.110458868768549,0.140777557172229,0.84027,2.65390140419264e-13,0.839
annual,Imputation (FE on clean cells),Imputation estimator (two-way FE fitted on clean cells),ln_yield,Log yield per 10a,1,after nationwide availability,0.0271871956398406,0.0702768548313265,-0.101105779590107,0.155480170869788,0.7362,7,,,,"",0.0271871956401242,-0.101510529532064,0.155884920812312,0.72869,2.83634227216112e-13,0.736
annual,Imputation (FE on clean cells),Imputation estimator (two-way FE fitted on clean cells),ln_yield,Log yield per 10a,2,after nationwide availability,-0.0463183185299174,0.0759593640569498,-0.190060865182317,0.0974242281224817,0.5455,7,,,,"",-0.0463183185296598,-0.190624050268154,0.0979874132088347,0.54559,2.57627252864268e-13,0.545
annual,Imputation (FE on clean cells),Imputation estimator (two-way FE fitted on clean cells),ln_yield,Log yield per 10a,3,after nationwide availability,-0.00384393835136398,0.0682286152714562,-0.132186624043838,0.12449874734111,0.959,7,,,,"",-0.00384393835111574,-0.131030641695879,0.123342764993647,0.95941,2.48237628369674e-13,0.959
annual,Imputation (FE on clean cells),Imputation estimator (two-way FE fitted on clean cells),ln_yield,Log yield per 10a,4,after nationwide availability,-0.0815360158345759,0.0650522171031272,-0.206172644931371,0.0431006132622188,0.2211,7,,,,"",-0.0815360158343443,-0.204728188931782,0.0416561572630938,0.20968,2.31564767361192e-13,0.221
annual,Imputation (FE on clean cells),Imputation estimator (two-way FE fitted on clean cells),ln_yield,Log yield per 10a,5,after nationwide availability,-0.0841604117031443,0.076690128004165,-0.231808537973872,0.0634877145675834,0.2793,7,,,,"",-0.0841604117029506,-0.230123425740346,0.0618026023344451,0.27335,1.9373391779709e-13,0.279
annual,Imputation (FE on clean cells),Imputation estimator (two-way FE fitted on clean cells),ln_yield,Log yield per 10a,6,after nationwide availability,-0.0199286894471955,0.0616435760009534,-0.137932292717315,0.0980749138229245,0.7584,7,,,,"",-0.0199286894468438,-0.137788136154097,0.0979307572604096,0.75208,3.5170130696649e-13,0.758
annual,Imputation (FE on clean cells),Imputation estimator (two-way FE fitted on clean cells),ln_yield,Log yield per 10a,7,after nationwide availability,-0.00793589976250839,0.0965339082102856,-0.192348494217839,0.176476694692822,0.9326,7,,,,"",-0.00793589976207976,-0.192378033885141,0.176506234360981,0.93627,4.28625884785205e-13,0.933
annual,Imputation (FE on clean cells),Imputation estimator (two-way FE fitted on clean cells),ln_yield,Log yield per 10a,8,after nationwide availability,-0.0328687735051778,0.0985201336586909,-0.217158385231022,0.151420838220666,0.7474,7,,,,"",-0.0328687735048856,-0.220629063427813,0.154891516418042,0.74272,2.92238455656957e-13,0.747
annual,Imputation (FE on clean cells),Imputation estimator (two-way FE fitted on clean cells),ln_yield,Log yield per 10a,9,after nationwide availability,-0.0458461860227725,0.10145926098536,-0.235854583010614,0.144162210965069,0.6492,7,,,,"",-0.0458461860225503,-0.239462711902694,0.147770339857593,0.65491,2.22176443909206e-13,0.649
annual,Leave out Corn,Leave out Corn,ln_area,Log cultivated area,-12,clean pre-pilot (placebo),-0.197846966886409,0.122805632807431,-0.414110479260789,0.0184165454879698,0.0869,6,22,27,28,soybean;onion;sweet_potato;garlic;spring_potato;red_pepper,-0.19784696688641,-0.413210001786401,0.0175160680135815,0.08261,5.27355936696949e-16,0.087
annual,Leave out Corn,Leave out Corn,ln_area,Log cultivated area,-11,clean pre-pilot (placebo),-0.138071431314966,0.0867173045394568,-0.295833198640476,0.0196903360105443,0.1025,6,22,27,28,soybean;onion;sweet_potato;garlic;spring_potato;red_pepper,-0.138071431314966,-0.295920546047139,0.0197776834172073,0.10145,2.77555756156289e-17,0.102
annual,Leave out Corn,Leave out Corn,ln_area,Log cultivated area,-10,clean pre-pilot (placebo),-0.151287828581445,0.0856637667543849,-0.309554829640174,0.00697917247728358,0.0651,6,22,27,28,soybean;onion;sweet_potato;garlic;spring_potato;red_pepper,-0.151287828581445,-0.307661179890627,0.00508552272773702,0.06055,5.55111512312578e-17,0.065
annual,Leave out Corn,Leave out Corn,ln_area,Log cultivated area,-9,clean pre-pilot (placebo),-0.135023865985523,0.0745215543422473,-0.272251528951094,0.00220379698004763,0.0549,6,22,27,28,soybean;onion;sweet_potato;garlic;spring_potato;red_pepper,-0.135023865985523,-0.271719662148723,0.00167193017767728,0.05419,2.77555756156289e-17,0.055
annual,Leave out Corn,Leave out Corn,ln_area,Log cultivated area,-8,clean pre-pilot (placebo),0.0417459520188064,0.0899796680589447,-0.115405194018036,0.198897098055649,0.7095,5,22,27,28,soybean;onion;sweet_potato;garlic;spring_potato,0.0417459520188072,-0.117245409564702,0.200737313602316,0.70859,7.97972798949331e-16,0.710
annual,Leave out Corn,Leave out Corn,ln_area,Log cultivated area,-7,clean pre-pilot (placebo),0.0489724441387527,0.0705589208551859,-0.0807759169234266,0.178720805200932,0.5158,5,22,27,28,soybean;onion;sweet_potato;garlic;spring_potato,0.0489724441387533,-0.0808980674370336,0.17884295571454,0.51581,6.17561557447743e-16,0.516
annual,Leave out Corn,Leave out Corn,ln_area,Log cultivated area,-6,clean pre-pilot (placebo),0.0537174104870999,0.0506293411761549,-0.040330476648556,0.147765297622756,0.2957,4,22,27,28,soybean;onion;sweet_potato;garlic,0.0537174104870995,-0.0417520397461436,0.149186860720343,0.30115,3.88578058618805e-16,0.296
annual,Leave out Corn,Leave out Corn,ln_area,Log cultivated area,-5,clean pre-pilot (placebo),0.115044239437397,0.0814626285230652,-0.0208418346148603,0.250930313489655,0.1347,2,22,24,25,onion;garlic,0.115044239437397,-0.0202430609998294,0.250331539874623,0.13322,4.16333634234434e-16,0.135
annual,Leave out Corn,Leave out Corn,ln_area,Log cultivated area,0,after nationwide availability,0.160942212498212,0.155545914319796,-0.134651250487431,0.456535675483854,0.3101,6,22,22,28,soybean;onion;sweet_potato;garlic;spring_potato;red_pepper,0.160942212498211,-0.134046240736299,0.455930665732722,0.30746,6.93889390390723e-16,0.310
annual,Leave out Corn,Leave out Corn,ln_area,Log cultivated area,1,after nationwide availability,0.0450450028652591,0.142412053186769,-0.225336835826391,0.315426841556909,0.7548,6,22,22,28,soybean;onion;sweet_potato;garlic;spring_potato;red_pepper,0.0450450028652591,-0.225138242124992,0.315228247855511,0.75438,1.38777878078145e-17,0.755
annual,Leave out Corn,Leave out Corn,ln_area,Log cultivated area,2,after nationwide availability,0.00828416484821566,0.164812274091824,-0.303841366391078,0.320409696087509,0.9617,6,20,22,28,soybean;onion;sweet_potato;garlic;spring_potato;red_pepper,0.00828416484821574,-0.3030364757195,0.319604805415931,0.96039,8.67361737988404e-17,0.962
annual,Leave out Corn,Leave out Corn,ln_area,Log cultivated area,3,after nationwide availability,-0.0418142846110531,0.160841766981552,-0.348984964987813,0.265356395765707,0.7988,6,20,22,28,soybean;onion;sweet_potato;garlic;spring_potato;red_pepper,-0.0418142846110532,-0.347639808532443,0.264011239310337,0.7974,6.93889390390723e-17,0.799
annual,Leave out Corn,Leave out Corn,ln_area,Log cultivated area,4,after nationwide availability,0.0183472032150992,0.14742473594239,-0.264726566756327,0.301420973186525,0.8987,6,15,22,28,soybean;onion;sweet_potato;garlic;spring_potato;red_pepper,0.0183472032150997,-0.262903338562842,0.299597744993041,0.9019,5.13478148889135e-16,0.899
annual,Leave out Corn,Leave out Corn,ln_area,Log cultivated area,5,after nationwide availability,0.053881863770978,0.145721263153373,-0.221985192150406,0.329748919692362,0.7078,6,14,20,26,soybean;onion;sweet_potato;garlic;spring_potato;red_pepper,0.0538818637709784,-0.223541939007891,0.331305666549848,0.71398,4.02455846426619e-16,0.708
annual,Leave out Corn,Leave out Corn,ln_area,Log cultivated area,6,after nationwide availability,0.194950875077193,0.179561918268592,-0.146957181277885,0.536858931432271,0.2744,6,11,20,26,soybean;onion;sweet_potato;garlic;spring_potato;red_pepper,0.194950875077193,-0.145633840066354,0.535535590220739,0.27879,1.11022302462516e-16,0.274
annual,Leave out Corn,Leave out Corn,ln_area,Log cultivated area,7,after nationwide availability,0.183239972559962,0.176553527337194,-0.152580160996944,0.519060106116869,0.2965,6,10,15,21,soybean;onion;sweet_potato;garlic;spring_potato;red_pepper,0.183239972559962,-0.148892011986817,0.51537195710674,0.30049,4.71844785465692e-16,0.296
annual,Leave out Corn,Leave out Corn,ln_area,Log cultivated area,8,after nationwide availability,0.0386227174896341,0.172519859715037,-0.286967415199469,0.364212850178738,0.8166,6,10,14,20,soybean;onion;sweet_potato;garlic;spring_potato;red_pepper,0.0386227174896342,-0.28677219528519,0.364017630264458,0.82472,1.31838984174237e-16,0.817
annual,Leave out Corn,Leave out Corn,ln_area,Log cultivated area,9,after nationwide availability,-0.00367905670215336,0.189557254161053,-0.362778232531685,0.355420119127379,0.9851,6,8,11,17,soybean;onion;sweet_potato;garlic;spring_potato;red_pepper,-0.00367905670215255,-0.360148406787462,0.352790293383157,0.98472,8.13151629364128e-16,0.985
annual,Leave out Corn,Leave out Corn,ln_production,Log production,-12,clean pre-pilot (placebo),-0.25089277799113,0.118034555369983,-0.47499281404219,-0.0267927419400699,0.0268,6,22,27,28,soybean;onion;sweet_potato;garlic;spring_potato;red_pepper,-0.25089277799113,-0.476259391718959,-0.0255261642633015,0.02739,5.55111512312578e-17,0.027
annual,Leave out Corn,Leave out Corn,ln_production,Log production,-11,clean pre-pilot (placebo),-0.128837242495829,0.0666149740310978,-0.255634559788256,-0.00203992520340135,0.0458,6,22,27,28,soybean;onion;sweet_potato;garlic;spring_potato;red_pepper,-0.128837242495829,-0.255522752890006,-0.00215173210165087,0.04557,1.38777878078145e-16,0.046
annual,Leave out Corn,Leave out Corn,ln_production,Log production,-10,clean pre-pilot (placebo),-0.146400207060937,0.0692669853856158,-0.277240288183211,-0.0155601259386625,0.0249,6,22,27,28,soybean;onion;sweet_potato;garlic;spring_potato;red_pepper,-0.146400207060937,-0.277632480737558,-0.0151679333843162,0.02629,3.60822483003176e-16,0.025
annual,Leave out Corn,Leave out Corn,ln_production,Log production,-9,clean pre-pilot (placebo),-0.170977910811152,0.0854370993513535,-0.330630919559081,-0.0113249020632234,0.0319,6,22,27,28,soybean;onion;sweet_potato;garlic;spring_potato;red_pepper,-0.170977910811152,-0.330738577673137,-0.011217243949167,0.03212,3.88578058618805e-16,0.032
annual,Leave out Corn,Leave out Corn,ln_production,Log production,-8,clean pre-pilot (placebo),0.0243733367832905,0.0954311728762658,-0.147551569440559,0.19629824300714,0.8265,5,22,27,28,soybean;onion;sweet_potato;garlic;spring_potato,0.0243733367832913,-0.148793475693144,0.197540149259726,0.82567,7.59808882477842e-16,0.827
annual,Leave out Corn,Leave out Corn,ln_production,Log production,-7,clean pre-pilot (placebo),0.0622723227235419,0.097932566527089,-0.106672779063316,0.231217424510399,0.6233,5,22,27,28,soybean;onion;sweet_potato;garlic;spring_potato,0.0622723227235422,-0.107093613296441,0.231638258743526,0.62308,3.33066907387547e-16,0.623
annual,Leave out Corn,Leave out Corn,ln_production,Log production,-6,clean pre-pilot (placebo),0.0620486629642347,0.0954245699795949,-0.105631769826242,0.229729095754711,0.5899,4,22,27,28,soybean;onion;sweet_potato;garlic,0.0620486629642342,-0.1062890501393,0.230386376067768,0.58871,4.85722573273506e-16,0.590
annual,Leave out Corn,Leave out Corn,ln_production,Log production,-5,clean pre-pilot (placebo),0.106733190369605,0.0949976047094703,-0.0391121702136889,0.252578550952899,0.2916,2,22,24,25,onion;garlic,0.106733190369605,-0.0404494550549354,0.253915835794145,0.29237,1.38777878078145e-17,0.292
annual,Leave out Corn,Leave out Corn,ln_production,Log production,0,after nationwide availability,0.170389425900754,0.157574395866092,-0.127532784203035,0.468311636004544,0.2829,6,22,22,28,soybean;onion;sweet_potato;garlic;spring_potato;red_pepper,0.170389425900754,-0.127916166683523,0.468695018485032,0.28192,2.4980018054066e-16,0.283
annual,Leave out Corn,Leave out Corn,ln_production,Log production,1,after nationwide availability,0.0767148236059035,0.158924951383008,-0.22379320469971,0.377222851911517,0.644,6,22,22,28,soybean;onion;sweet_potato;garlic;spring_potato;red_pepper,0.0767148236059032,-0.222511121742808,0.375940768954614,0.63606,3.05311331771918e-16,0.644
annual,Leave out Corn,Leave out Corn,ln_production,Log production,2,after nationwide availability,-0.0503722073119029,0.212760808485807,-0.443481602238288,0.342737187614482,0.8263,6,20,22,28,soybean;onion;sweet_potato;garlic;spring_potato;red_pepper,-0.0503722073119026,-0.444139520388744,0.343395105764939,0.82101,2.91433543964104e-16,0.826
annual,Leave out Corn,Leave out Corn,ln_production,Log production,3,after nationwide availability,-0.0480366695033732,0.171358632334392,-0.372147388962253,0.276074049955506,0.779,6,20,22,28,soybean;onion;sweet_potato;garlic;spring_potato;red_pepper,-0.0480366695033726,-0.37086708311191,0.274793744105165,0.78436,6.38378239159465e-16,0.779
annual,Leave out Corn,Leave out Corn,ln_production,Log production,4,after nationwide availability,-0.0796941887234867,0.160659247622595,-0.384775129365704,0.225386751918731,0.6172,6,15,22,28,soybean;onion;sweet_potato;garlic;spring_potato;red_pepper,-0.0796941887234858,-0.384444957931906,0.225056580484934,0.62256,8.60422844084496e-16,0.617
annual,Leave out Corn,Leave out Corn,ln_production,Log production,5,after nationwide availability,-0.05964514763077,0.163956024433976,-0.366662049483983,0.247371754222444,0.7235,6,14,20,26,soybean;onion;sweet_potato;garlic;spring_potato;red_pepper,-0.0596451476307697,-0.366149147690205,0.246858852428666,0.72765,2.63677968348475e-16,0.724
annual,Leave out Corn,Leave out Corn,ln_production,Log production,6,after nationwide availability,0.162654301060465,0.170200920501762,-0.158217269587768,0.483525871708699,0.3424,6,11,20,26,soybean;onion;sweet_potato;garlic;spring_potato;red_pepper,0.162654301060466,-0.160973861889451,0.486282464010384,0.33957,5.27355936696949e-16,0.342
annual,Leave out Corn,Leave out Corn,ln_production,Log production,7,after nationwide availability,0.138140366372784,0.219717741675906,-0.269546810876139,0.545827543621708,0.5482,6,10,15,21,soybean;onion;sweet_potato;garlic;spring_potato;red_pepper,0.138140366372784,-0.268453774377152,0.54473450712272,0.54424,4.71844785465692e-16,0.548
annual,Leave out Corn,Leave out Corn,ln_production,Log production,8,after nationwide availability,-0.0222240009015211,0.213166734554928,-0.425152463608502,0.38070446180546,0.9218,6,10,14,20,soybean;onion;sweet_potato;garlic;spring_potato;red_pepper,-0.0222240009015206,-0.421161518681103,0.376713516878062,0.91932,5.03069808033274e-16,0.922
annual,Leave out Corn,Leave out Corn,ln_production,Log production,9,after nationwide availability,-0.0687706684315169,0.240173805783669,-0.516404046408109,0.378862709545075,0.7751,6,8,11,17,soybean;onion;sweet_potato;garlic;spring_potato;red_pepper,-0.0687706684315157,-0.517603972603122,0.380062635740091,0.77393,1.22124532708767e-15,0.775
annual,Leave out Corn,Leave out Corn,ln_yield,Log yield per 10a,-12,clean pre-pilot (placebo),-0.0544447802023966,0.0677100170554932,-0.180913201454052,0.0720236410492585,0.4391,6,22,27,28,soybean;onion;sweet_potato;garlic;spring_potato;red_pepper,-0.0544447802023964,-0.181474441791727,0.0725848813869341,0.436,1.38777878078145e-16,0.439
annual,Leave out Corn,Leave out Corn,ln_yield,Log yield per 10a,-11,clean pre-pilot (placebo),0.00799533741252044,0.0577792964372325,-0.0940043847203263,0.109995059545367,0.9142,6,22,27,28,soybean;onion;sweet_potato;garlic;spring_potato;red_pepper,0.00799533741252014,-0.0943566043940277,0.110347279219068,0.91068,3.03576608295941e-16,0.914
annual,Leave out Corn,Leave out Corn,ln_yield,Log yield per 10a,-10,clean pre-pilot (placebo),0.00431342662531725,0.0434084807461259,-0.0729274630037787,0.0815543162544132,0.9367,6,22,27,28,soybean;onion;sweet_potato;garlic;spring_potato;red_pepper,0.00431342662531723,-0.0730615045861304,0.0816883578367649,0.93761,2.51534904016637e-17,0.937
annual,Leave out Corn,Leave out Corn,ln_yield,Log yield per 10a,-9,clean pre-pilot (placebo),-0.0357494065218493,0.0609529665537905,-0.146727308856275,0.0752284958125767,0.561,6,22,27,28,soybean;onion;sweet_potato;garlic;spring_potato;red_pepper,-0.0357494065218492,-0.147705100439027,0.0762062873953283,0.56748,1.45716771982052e-16,0.561
annual,Leave out Corn,Leave out Corn,ln_yield,Log yield per 10a,-8,clean pre-pilot (placebo),-0.0173181419546597,0.0364238238570767,-0.0850606088520143,0.0504243249426948,0.6392,5,22,27,28,soybean;onion;sweet_potato;garlic;spring_potato,-0.0173181419546595,-0.0855553612365185,0.0509190773271995,0.64578,2.28983498828939e-16,0.639
annual,Leave out Corn,Leave out Corn,ln_yield,Log yield per 10a,-7,clean pre-pilot (placebo),0.0131197860468055,0.044409325606994,-0.0679327778191594,0.0941723499127704,0.7806,5,22,27,28,soybean;onion;sweet_potato;garlic;spring_potato,0.013119786046806,-0.0680389822687031,0.0942785543623151,0.77851,4.66640615037761e-16,0.781
annual,Leave out Corn,Leave out Corn,ln_yield,Log yield per 10a,-6,clean pre-pilot (placebo),0.00773918468229209,0.0528217082264532,-0.081101090782953,0.0965794601475372,0.9049,4,22,27,28,soybean;onion;sweet_potato;garlic,0.00773918468229234,-0.0815559161413645,0.0970342855059492,0.90619,2.46330733588707e-16,0.905
annual,Leave out Corn,Leave out Corn,ln_yield,Log yield per 10a,-5,clean pre-pilot (placebo),-0.00793854260881775,0.0297196417110016,-0.0618670066249456,0.0459899214073101,0.7975,2,22,24,25,onion;garlic,-0.00793854260881823,-0.0625628382582692,0.0466857530406327,0.79699,4.75314232417645e-16,0.797
annual,Leave out Corn,Leave out Corn,ln_yield,Log yield per 10a,0,after nationwide availability,0.00986180012088045,0.0361514701952784,-0.0595202617409886,0.0792438619827495,0.7799,6,22,22,28,soybean;onion;sweet_potato;garlic;spring_potato;red_pepper,0.00986180012088034,-0.0591317277603373,0.0788553280020979,0.78669,1.05818132034585e-16,0.780
annual,Leave out Corn,Leave out Corn,ln_yield,Log yield per 10a,1,after nationwide availability,0.0320640174462739,0.0589209126774427,-0.0741270602035236,0.138255095096071,0.6302,6,22,22,28,soybean;onion;sweet_potato;garlic;spring_potato;red_pepper,0.0320640174462737,-0.0745332469308237,0.138661281823371,0.63604,2.15105711021124e-16,0.630
annual,Leave out Corn,Leave out Corn,ln_yield,Log yield per 10a,2,after nationwide availability,-0.0580494479794268,0.0779792272383219,-0.197987752389528,0.0818888564306745,0.4965,6,20,22,28,soybean;onion;sweet_potato;garlic;spring_potato;red_pepper,-0.0580494479794266,-0.197746005399492,0.0816471094406385,0.49049,1.80411241501588e-16,0.496
annual,Leave out Corn,Leave out Corn,ln_yield,Log yield per 10a,3,after nationwide availability,-0.00597856405485638,0.0580901748324468,-0.114600165942594,0.102643037832881,0.9221,6,20,22,28,soybean;onion;sweet_potato;garlic;spring_potato;red_pepper,-0.00597856405485621,-0.114348557954924,0.102391429845211,0.92188,1.6826817716975e-16,0.922
annual,Leave out Corn,Leave out Corn,ln_yield,Log yield per 10a,4,after nationwide availability,-0.0981131553138277,0.0565355525432616,-0.204345810250962,0.00811949962330651,0.0739,6,15,22,28,soybean;onion;sweet_potato;garlic;spring_potato;red_pepper,-0.0981131553138272,-0.205443176322814,0.00921686569515925,0.07673,4.9960036108132e-16,0.074
annual,Leave out Corn,Leave out Corn,ln_yield,Log yield per 10a,5,after nationwide availability,-0.113446767315234,0.08139179681989,-0.259581619545084,0.0326880849146155,0.1781,6,14,20,26,soybean;onion;sweet_potato;garlic;spring_potato;red_pepper,-0.113446767315234,-0.260274219957224,0.033380685326756,0.18015,1.38777878078145e-16,0.178
annual,Leave out Corn,Leave out Corn,ln_yield,Log yield per 10a,6,after nationwide availability,-0.0322530722742415,0.0582554705541477,-0.140729519291506,0.0762233747430226,0.6011,6,11,20,26,soybean;onion;sweet_potato;garlic;spring_potato;red_pepper,-0.032253072274242,-0.141715808075063,0.077209663526579,0.59655,4.92661467177413e-16,0.601
annual,Leave out Corn,Leave out Corn,ln_yield,Log yield per 10a,7,after nationwide availability,-0.0455159328099092,0.0876849110812695,-0.210892733683122,0.119860868063304,0.6101,6,10,15,21,soybean;onion;sweet_potato;garlic;spring_potato;red_pepper,-0.0455159328099095,-0.211326947209682,0.120295081589863,0.61212,2.91433543964104e-16,0.610
annual,Leave out Corn,Leave out Corn,ln_yield,Log yield per 10a,8,after nationwide availability,-0.0612465941681289,0.0877113870580375,-0.22683019548979,0.104337007153532,0.4914,6,10,14,20,soybean;onion;sweet_potato;garlic;spring_potato;red_pepper,-0.0612465941681287,-0.227266561004663,0.104773372668406,0.49267,1.73472347597681e-16,0.491
annual,Leave out Corn,Leave out Corn,ln_yield,Log yield per 10a,9,after nationwide availability,-0.0659510303782406,0.111140654560585,-0.275187607649367,0.143285546892886,0.5536,6,8,11,17,soybean;onion;sweet_potato;garlic;spring_potato;red_pepper,-0.0659510303782399,-0.275722851813664,0.143820791057184,0.55212,7.21644966006352e-16,0.554
annual,Leave out Garlic,Leave out Garlic,ln_area,Log cultivated area,-12,clean pre-pilot (placebo),-0.277050522451774,0.133207875749891,-0.519888647669884,-0.0342123972336643,0.0183,6,24,27,28,soybean;onion;sweet_potato;corn;spring_potato;red_pepper,-0.277050522451775,-0.52177853389588,-0.0323225110076689,0.01814,7.21644966006352e-16,0.018
annual,Leave out Garlic,Leave out Garlic,ln_area,Log cultivated area,-11,clean pre-pilot (placebo),-0.17189864347087,0.0865963308575257,-0.332764896952217,-0.0110323899895234,0.033,6,24,27,28,soybean;onion;sweet_potato;corn;spring_potato;red_pepper,-0.17189864347087,-0.332863355470132,-0.0109339314716085,0.03238,3.05311331771918e-16,0.033
annual,Leave out Garlic,Leave out Garlic,ln_area,Log cultivated area,-10,clean pre-pilot (placebo),-0.190075637679345,0.0844844665309448,-0.346376304770807,-0.0337749705878843,0.0101,6,24,27,28,soybean;onion;sweet_potato;corn;spring_potato;red_pepper,-0.190075637679345,-0.346370449065198,-0.0337808262934931,0.01232,4.44089209850063e-16,0.010
annual,Leave out Garlic,Leave out Garlic,ln_area,Log cultivated area,-9,clean pre-pilot (placebo),-0.151660270902929,0.0731225795765616,-0.28800366668405,-0.0153168751218078,0.0254,6,24,27,28,soybean;onion;sweet_potato;corn;spring_potato;red_pepper,-0.151660270902929,-0.287088224805523,-0.0162323170003351,0.02243,8.32667268468867e-17,0.025
annual,Leave out Garlic,Leave out Garlic,ln_area,Log cultivated area,-8,clean pre-pilot (placebo),-0.0280636088543306,0.0999736202211734,-0.207418554825473,0.151291337116811,0.8024,5,24,27,28,soybean;onion;sweet_potato;corn;spring_potato,-0.0280636088543305,-0.210125055561814,0.153997837853153,0.79999,1.38777878078145e-16,0.802
annual,Leave out Garlic,Leave out Garlic,ln_area,Log cultivated area,-7,clean pre-pilot (placebo),-0.016229513744912,0.0906943528933747,-0.184589588960005,0.152130561470181,0.8576,5,24,27,28,soybean;onion;sweet_potato;corn;spring_potato,-0.0162295137449118,-0.185176730322854,0.15271770283303,0.86193,1.80411241501588e-16,0.858
annual,Leave out Garlic,Leave out Garlic,ln_area,Log cultivated area,-6,clean pre-pilot (placebo),0.0305108262721999,0.0500819871241563,-0.062432524127979,0.123454176672379,0.5588,4,24,27,28,soybean;onion;sweet_potato;corn,0.0305108262721989,-0.06212077543639,0.123142427980788,0.56717,9.5062846483529e-16,0.559
annual,Leave out Garlic,Leave out Garlic,ln_area,Log cultivated area,-5,clean pre-pilot (placebo),0.151367025301808,0.150444195235781,-0.0619314149390737,0.364665465542689,0.4169,1,24,24,25,onion,0.151367025301808,-0.0615763364003313,0.364310387003947,0.40926,4.9960036108132e-16,0.417
annual,Leave out Garlic,Leave out Garlic,ln_area,Log cultivated area,0,after nationwide availability,0.118256733534459,0.165158924958905,-0.195211848416757,0.431725315485674,0.4811,6,22,22,28,soybean;onion;sweet_potato;corn;spring_potato;red_pepper,0.118256733534459,-0.195964109316035,0.432477576384952,0.47921,1.2490009027033e-16,0.481
annual,Leave out Garlic,Leave out Garlic,ln_area,Log cultivated area,1,after nationwide availability,0.0280011339330167,0.148156752741233,-0.253644659958117,0.30964692782415,0.8556,6,22,22,28,soybean;onion;sweet_potato;corn;spring_potato;red_pepper,0.0280011339330166,-0.253706818133433,0.309709085999466,0.85193,1.31838984174237e-16,0.856
annual,Leave out Garlic,Leave out Garlic,ln_area,Log cultivated area,2,after nationwide availability,0.0184485862672802,0.165982155301215,-0.297024183398162,0.333921355932722,0.9134,6,20,22,28,soybean;onion;sweet_potato;corn;spring_potato;red_pepper,0.0184485862672802,-0.295837894904511,0.332735067439071,0.9141,3.46944695195361e-17,0.913
annual,Leave out Garlic,Leave out Garlic,ln_area,Log cultivated area,3,after nationwide availability,-0.0345124877129277,0.163624397963506,-0.347994225980022,0.278969250554167,0.8392,6,20,22,28,soybean;onion;sweet_potato;corn;spring_potato;red_pepper,-0.0345124877129277,-0.346297868322138,0.277272892896282,0.83518,2.77555756156289e-17,0.839
annual,Leave out Garlic,Leave out Garlic,ln_area,Log cultivated area,4,after nationwide availability,-7.75579914418928e-05,0.150694969027731,-0.288580401326661,0.288425285343777,0.9996,6,15,22,28,soybean;onion;sweet_potato;corn;spring_potato;red_pepper,-7.75579914410925e-05,-0.286801509508041,0.286646393525158,0.99951,8.00290281093019e-16,1.000
annual,Leave out Garlic,Leave out Garlic,ln_area,Log cultivated area,5,after nationwide availability,0.0179233571592977,0.147094333075216,-0.262727299244019,0.298574013562614,0.9023,6,14,20,26,soybean;onion;sweet_potato;corn;spring_potato;red_pepper,0.0179233571592977,-0.261140112688039,0.296986827006634,0.90446,0,0.902
annual,Leave out Garlic,Leave out Garlic,ln_area,Log cultivated area,6,after nationwide availability,0.152004946684744,0.184416024335953,-0.198257922666981,0.50226781603647,0.414,6,11,20,26,soybean;onion;sweet_potato;corn;spring_potato;red_pepper,0.152004946684743,-0.19765783799094,0.501667731360428,0.41518,1.2490009027033e-15,0.414
annual,Leave out Garlic,Leave out Garlic,ln_area,Log cultivated area,7,after nationwide availability,0.162901303483962,0.180787065000344,-0.180634412571605,0.506437019539528,0.3642,6,10,15,21,soybean;onion;sweet_potato;corn;spring_potato;red_pepper,0.162901303483961,-0.179099630413569,0.504902237381492,0.36694,5.82867087928207e-16,0.364
annual,Leave out Garlic,Leave out Garlic,ln_area,Log cultivated area,8,after nationwide availability,0.0443805765815361,0.176743448167258,-0.293278227436036,0.382039380599108,0.7947,6,10,14,20,soybean;onion;sweet_potato;corn;spring_potato;red_pepper,0.0443805765815361,-0.289841050442831,0.378602203605903,0.80116,4.16333634234434e-17,0.795
annual,Leave out Garlic,Leave out Garlic,ln_area,Log cultivated area,9,after nationwide availability,-0.0081992507856869,0.194858774835751,-0.380682853678737,0.364284352107364,0.9636,6,8,11,17,soybean;onion;sweet_potato;corn;spring_potato;red_pepper,-0.00819925078568585,-0.375227532169835,0.358829030598463,0.96599,1.04603825601401e-15,0.964
annual,Leave out Garlic,Leave out Garlic,ln_production,Log production,-12,clean pre-pilot (placebo),-0.328428698899251,0.142414940142839,-0.596471860988251,-0.0603855368102505,0.012,6,24,27,28,soybean;onion;sweet_potato;corn;spring_potato;red_pepper,-0.328428698899251,-0.595117465685784,-0.0617399321127179,0.01187,4.44089209850063e-16,0.012
annual,Leave out Garlic,Leave out Garlic,ln_production,Log production,-11,clean pre-pilot (placebo),-0.166706824331228,0.0745200220158888,-0.308471170604467,-0.0249424780579899,0.0173,6,24,27,28,soybean;onion;sweet_potato;corn;spring_potato;red_pepper,-0.166706824331228,-0.307512454199441,-0.0259011944630152,0.01769,2.77555756156289e-16,0.017
annual,Leave out Garlic,Leave out Garlic,ln_production,Log production,-10,clean pre-pilot (placebo),-0.185947508756474,0.0745959569688275,-0.3290454709606,-0.0428495465523485,0.0069,6,24,27,28,soybean;onion;sweet_potato;corn;spring_potato;red_pepper,-0.185947508756475,-0.327735191536424,-0.0441598259765255,0.00701,9.71445146547012e-16,0.007
annual,Leave out Garlic,Leave out Garlic,ln_production,Log production,-9,clean pre-pilot (placebo),-0.189045290601174,0.087509408873413,-0.354666556890726,-0.0234240243116214,0.0203,6,24,27,28,soybean;onion;sweet_potato;corn;spring_potato;red_pepper,-0.189045290601173,-0.354422982021742,-0.023667599180605,0.0197,6.38378239159465e-16,0.020
annual,Leave out Garlic,Leave out Garlic,ln_production,Log production,-8,clean pre-pilot (placebo),-0.0204812848028465,0.104714783626225,-0.214966960693843,0.17400439108815,0.8536,5,24,27,28,soybean;onion;sweet_potato;corn;spring_potato,-0.0204812848028471,-0.214070115721207,0.173107546115513,0.85851,6.00214322687975e-16,0.854
annual,Leave out Garlic,Leave out Garlic,ln_production,Log production,-7,clean pre-pilot (placebo),0.0189603082425157,0.113054637387594,-0.182733631548306,0.220654248033338,0.865,5,24,27,28,soybean;onion;sweet_potato;corn;spring_potato,0.0189603082425149,-0.183253926056238,0.221174542541267,0.86128,7.97972798949331e-16,0.865
annual,Leave out Garlic,Leave out Garlic,ln_production,Log production,-6,clean pre-pilot (placebo),0.0500537963473255,0.09501313015584,-0.113866495711097,0.213974088405748,0.6933,4,24,27,28,soybean;onion;sweet_potato;corn,0.0500537963473253,-0.11406292904562,0.21417052174027,0.68467,2.15105711021124e-16,0.693
annual,Leave out Garlic,Leave out Garlic,ln_production,Log production,-5,clean pre-pilot (placebo),0.188320530332882,0.184182973055238,-0.0704951058513155,0.44713616651708,0.3964,1,24,24,25,onion,0.188320530332882,-0.0708635351725586,0.447504595838323,0.39684,8.32667268468867e-17,0.396
annual,Leave out Garlic,Leave out Garlic,ln_production,Log production,0,after nationwide availability,0.126597643274753,0.165033186081116,-0.185967263231282,0.439162549780788,0.4481,6,22,22,28,soybean;onion;sweet_potato;corn;spring_potato;red_pepper,0.126597643274753,-0.187326113243908,0.440521399793414,0.44951,0,0.448
annual,Leave out Garlic,Leave out Garlic,ln_production,Log production,1,after nationwide availability,0.0615905086758722,0.164463779405061,-0.250634624581186,0.373815641932931,0.7167,6,22,22,28,soybean;onion;sweet_potato;corn;spring_potato;red_pepper,0.0615905086758716,-0.251681710301788,0.374862727653531,0.71236,6.03683769639929e-16,0.717
annual,Leave out Garlic,Leave out Garlic,ln_production,Log production,2,after nationwide availability,-0.0259788436490716,0.213783070914284,-0.421138661002823,0.36918097370468,0.9121,6,20,22,28,soybean;onion;sweet_potato;corn;spring_potato;red_pepper,-0.0259788436490714,-0.423991459392141,0.372033772093999,0.90973,2.04697370165263e-16,0.912
annual,Leave out Garlic,Leave out Garlic,ln_production,Log production,3,after nationwide availability,-0.0393637881422667,0.174742976772819,-0.373817677827079,0.295090101542546,0.8299,6,20,22,28,soybean;onion;sweet_potato;corn;spring_potato;red_pepper,-0.0393637881422664,-0.370531934657559,0.291804358373026,0.82619,2.84494650060196e-16,0.830
annual,Leave out Garlic,Leave out Garlic,ln_production,Log production,4,after nationwide availability,-0.0842601874054374,0.163884165242717,-0.396183972724216,0.227663597913341,0.6157,6,15,22,28,soybean;onion;sweet_potato;corn;spring_potato;red_pepper,-0.0842601874054363,-0.395176157821181,0.226655783010308,0.61265,1.0547118733939e-15,0.616
annual,Leave out Garlic,Leave out Garlic,ln_production,Log production,5,after nationwide availability,-0.0669842839098268,0.16635606525741,-0.380737025663835,0.246768457844181,0.7058,6,14,20,26,soybean;onion;sweet_potato;corn;spring_potato;red_pepper,-0.066984283909827,-0.379817200479089,0.245848632659435,0.69367,1.66533453693773e-16,0.706
annual,Leave out Garlic,Leave out Garlic,ln_production,Log production,6,after nationwide availability,0.122118046044064,0.175476395367597,-0.211161183094013,0.455397275182141,0.4917,6,11,20,26,soybean;onion;sweet_potato;corn;spring_potato;red_pepper,0.122118046044064,-0.211096785324269,0.455332877412397,0.48508,1.2490009027033e-16,0.492
annual,Leave out Garlic,Leave out Garlic,ln_production,Log production,7,after nationwide availability,0.139087816249208,0.224619042398761,-0.282891892827407,0.561067525325823,0.5515,6,10,15,21,soybean;onion;sweet_potato;corn;spring_potato;red_pepper,0.139087816249208,-0.2796188103692,0.557794442867615,0.54785,2.77555756156289e-17,0.551
annual,Leave out Garlic,Leave out Garlic,ln_production,Log production,8,after nationwide availability,0.0094521523223354,0.221848554326014,-0.409240665796872,0.428144970441543,0.9639,6,10,14,20,soybean;onion;sweet_potato;corn;spring_potato;red_pepper,0.00945215232233551,-0.407887105347187,0.426791409991858,0.96617,1.11022302462516e-16,0.964
annual,Leave out Garlic,Leave out Garlic,ln_production,Log production,9,after nationwide availability,-0.0224272523169787,0.245453304360929,-0.489312345230532,0.444457840596574,0.9286,6,8,11,17,soybean;onion;sweet_potato;corn;spring_potato;red_pepper,-0.0224272523169771,-0.484190138456877,0.439335633822922,0.92729,1.57512891618694e-15,0.929
annual,Leave out Garlic,Leave out Garlic,ln_yield,Log yield per 10a,-12,clean pre-pilot (placebo),-0.0526149619347979,0.0650587661761007,-0.174941422388794,0.0697114985191977,0.4411,6,24,27,28,soybean;onion;sweet_potato;corn;spring_potato;red_pepper,-0.0526149619347981,-0.174359594781989,0.0691296709123932,0.43751,1.73472347597681e-16,0.441
annual,Leave out Garlic,Leave out Garlic,ln_yield,Log yield per 10a,-11,clean pre-pilot (placebo),0.00389395960270669,0.056414207614516,-0.0960422265865929,0.103830145792006,0.9558,6,24,27,28,soybean;onion;sweet_potato;corn;spring_potato;red_pepper,0.00389395960270614,-0.0968454744192447,0.104633393624657,0.95455,5.52509427098613e-16,0.956
annual,Leave out Garlic,Leave out Garlic,ln_yield,Log yield per 10a,-10,clean pre-pilot (placebo),0.00360047369251862,0.0431292968058153,-0.0743136489248121,0.0815145963098493,0.9489,6,24,27,28,soybean;onion;sweet_potato;corn;spring_potato;red_pepper,0.00360047369251839,-0.0742582756929001,0.0814592230779369,0.94466,2.28549817959944e-16,0.949
annual,Leave out Garlic,Leave out Garlic,ln_yield,Log yield per 10a,-9,clean pre-pilot (placebo),-0.0371122604677867,0.0611863867834442,-0.150493620981809,0.0762691000462357,0.5548,6,24,27,28,soybean;onion;sweet_potato;corn;spring_potato;red_pepper,-0.0371122604677871,-0.149797934699997,0.0755734137644229,0.55973,3.53883589099269e-16,0.555
annual,Leave out Garlic,Leave out Garlic,ln_yield,Log yield per 10a,-8,clean pre-pilot (placebo),0.0076981174887891,0.0272027088913017,-0.04189740960638,0.0572936445839582,0.8101,5,24,27,28,soybean;onion;sweet_potato;corn;spring_potato,0.0076981174887892,-0.0418868669899787,0.0572831019675571,0.80558,1.0321604682062e-16,0.810
annual,Leave out Garlic,Leave out Garlic,ln_yield,Log yield per 10a,-7,clean pre-pilot (placebo),0.0350091066823883,0.037718878549149,-0.0304830257843873,0.100501239149164,0.42,5,24,27,28,soybean;onion;sweet_potato;corn;spring_potato,0.0350091066823883,-0.0304570277036834,0.10047524106846,0.41628,1.38777878078145e-17,0.420
annual,Leave out Garlic,Leave out Garlic,ln_yield,Log yield per 10a,-6,clean pre-pilot (placebo),0.0190872602988636,0.0521037233470164,-0.06819607099298,0.106370591590707,0.7565,4,24,27,28,soybean;onion;sweet_potato;corn,0.0190872602988634,-0.0677081297554888,0.105882650353216,0.74938,1.87350135405495e-16,0.756
annual,Leave out Garlic,Leave out Garlic,ln_yield,Log yield per 10a,-5,clean pre-pilot (placebo),0.0369806080162479,0.0361506795518348,-0.0199738500496616,0.0939350660821574,0.3827,1,24,24,25,onion,0.0369806080162478,-0.0203445068687832,0.0943057229012789,0.37546,6.24500451351651e-17,0.383
annual,Leave out Garlic,Leave out Garlic,ln_yield,Log yield per 10a,0,after nationwide availability,0.00882111883693954,0.0369731970029964,-0.0615156441404729,0.079157881814352,0.8117,6,22,22,28,soybean;onion;sweet_potato;corn;spring_potato;red_pepper,0.00882111883693922,-0.0619159915083133,0.0795582291821917,0.8151,3.20923843055709e-16,0.812
annual,Leave out Garlic,Leave out Garlic,ln_yield,Log yield per 10a,1,after nationwide availability,0.0340968274079027,0.0601568083237432,-0.0761093764999691,0.144303031315774,0.6117,6,22,22,28,soybean;onion;sweet_potato;corn;spring_potato;red_pepper,0.0340968274079021,-0.0751623623047858,0.14335601712059,0.61446,5.68989300120393e-16,0.612
annual,Leave out Garlic,Leave out Garlic,ln_yield,Log yield per 10a,2,after nationwide availability,-0.043629925733125,0.0811135334548591,-0.191715558446021,0.104455706979771,0.6145,6,20,22,28,soybean;onion;sweet_potato;corn;spring_potato;red_pepper,-0.043629925733125,-0.190744325975524,0.103484474509274,0.61291,6.93889390390723e-18,0.615
annual,Leave out Garlic,Leave out Garlic,ln_yield,Log yield per 10a,3,after nationwide availability,-0.0046697873587257,0.0592269593957192,-0.115601803410484,0.106262228693032,0.9371,6,20,22,28,soybean;onion;sweet_potato;corn;spring_potato;red_pepper,-0.00466978735872582,-0.114990973933505,0.105651399216053,0.94105,1.16226472890446e-16,0.937
annual,Leave out Garlic,Leave out Garlic,ln_yield,Log yield per 10a,4,after nationwide availability,-0.0840547939913804,0.0586147850316429,-0.196513684900843,0.0284040969180821,0.1481,6,15,22,28,soybean;onion;sweet_potato;corn;spring_potato;red_pepper,-0.0840547939913799,-0.195330878871361,0.0272212908886013,0.14928,4.71844785465692e-16,0.148
annual,Leave out Garlic,Leave out Garlic,ln_yield,Log yield per 10a,5,after nationwide availability,-0.084858486677673,0.0854801160054036,-0.243892775331808,0.0741758019764621,0.3369,6,14,20,26,soybean;onion;sweet_potato;corn;spring_potato;red_pepper,-0.0848584866776732,-0.243673234451135,0.0739562610957884,0.34409,2.22044604925031e-16,0.337
annual,Leave out Garlic,Leave out Garlic,ln_yield,Log yield per 10a,6,after nationwide availability,-0.0299654573105931,0.060385937719584,-0.144175097599756,0.0842441829785699,0.6317,6,11,20,26,soybean;onion;sweet_potato;corn;spring_potato;red_pepper,-0.0299654573105938,-0.143558296538389,0.0836273819172017,0.63171,7.21644966006352e-16,0.632
annual,Leave out Garlic,Leave out Garlic,ln_yield,Log yield per 10a,7,after nationwide availability,-0.0241688950206466,0.0971868769485949,-0.207181784773376,0.158843994732083,0.8092,6,10,15,21,soybean;onion;sweet_potato;corn;spring_potato;red_pepper,-0.024168895020647,-0.207294956545368,0.158957166504074,0.80555,4.37150315946155e-16,0.809
annual,Leave out Garlic,Leave out Garlic,ln_yield,Log yield per 10a,8,after nationwide availability,-0.0353607771226846,0.0959821342687021,-0.216586507543986,0.145864953298617,0.7198,6,10,14,20,soybean;onion;sweet_potato;corn;spring_potato;red_pepper,-0.0353607771226846,-0.216912362387758,0.146190808142389,0.71418,2.77555756156289e-17,0.720
annual,Leave out Garlic,Leave out Garlic,ln_yield,Log yield per 10a,9,after nationwide availability,-0.0151201927393944,0.112482135662672,-0.228052644088526,0.197812258609737,0.8973,6,8,11,17,soybean;onion;sweet_potato;corn;spring_potato;red_pepper,-0.0151201927393937,-0.227276283130092,0.197035897651304,0.89227,7.25114412958305e-16,0.897
annual,Leave out Onion,Leave out Onion,ln_area,Log cultivated area,-12,clean pre-pilot (placebo),-0.252836145348823,0.139272336874817,-0.507804018124061,0.00213172742641488,0.0519,6,22,27,28,soybean;sweet_potato;corn;garlic;spring_potato;red_pepper,-0.252836145348823,-0.509638599103402,0.00396630840575624,0.05561,1.11022302462516e-16,0.052
annual,Leave out Onion,Leave out Onion,ln_area,Log cultivated area,-11,clean pre-pilot (placebo),-0.172781005999454,0.0932562131553334,-0.344803424971307,-0.000758587027601426,0.0488,6,22,27,28,soybean;sweet_potato;corn;garlic;spring_potato;red_pepper,-0.172781005999454,-0.344933525467685,-0.000628486531222827,0.04886,1.38777878078145e-16,0.049
annual,Leave out Onion,Leave out Onion,ln_area,Log cultivated area,-10,clean pre-pilot (placebo),-0.159201985595113,0.0893137874105309,-0.324653564121911,0.00624959293168487,0.0611,6,22,27,28,soybean;sweet_potato;corn;garlic;spring_potato;red_pepper,-0.159201985595113,-0.323095981032662,0.00469200984243653,0.05909,1.94289029309402e-16,0.061
annual,Leave out Onion,Leave out Onion,ln_area,Log cultivated area,-9,clean pre-pilot (placebo),-0.0981663904878382,0.0583445198535432,-0.207238252037632,0.0109054710619561,0.0832,6,22,27,28,soybean;sweet_potato;corn;garlic;spring_potato;red_pepper,-0.0981663904878382,-0.206864450332185,0.0105316693565087,0.08243,0,0.083
annual,Leave out Onion,Leave out Onion,ln_area,Log cultivated area,-8,clean pre-pilot (placebo),0.0192679954863131,0.100291894637081,-0.162906545993983,0.201442536966609,0.8592,5,22,27,28,soybean;sweet_potato;corn;garlic;spring_potato,0.0192679954863131,-0.164693959871831,0.203229950844457,0.85828,1.04083408558608e-17,0.859
annual,Leave out Onion,Leave out Onion,ln_area,Log cultivated area,-7,clean pre-pilot (placebo),-0.0220539076958272,0.0931470069048836,-0.196185296649827,0.152077481258172,0.8178,5,22,27,28,soybean;sweet_potato;corn;garlic;spring_potato,-0.0220539076958273,-0.19617916673732,0.152071351345665,0.82049,5.20417042793042e-17,0.818
annual,Leave out Onion,Leave out Onion,ln_area,Log cultivated area,-6,clean pre-pilot (placebo),0.049133023720505,0.0512211339866382,-0.0464348300757406,0.144700877516751,0.3546,4,22,27,28,soybean;sweet_potato;corn;garlic,0.0491330237205048,-0.047133611399276,0.145399658840286,0.3515,1.87350135405495e-16,0.355
annual,Leave out Onion,Leave out Onion,ln_area,Log cultivated area,-5,clean pre-pilot (placebo),0.0798369495490694,0.0635788298697896,-0.0342230686015711,0.19389696769971,0.2282,1,22,22,23,garlic,0.0798369495490695,-0.0335776717964355,0.193251570894574,0.2375,5.55111512312578e-17,0.228
annual,Leave out Onion,Leave out Onion,ln_area,Log cultivated area,0,after nationwide availability,0.0743397784941936,0.151345156356044,-0.215306660377565,0.363986217365953,0.6349,6,22,22,28,soybean;sweet_potato;corn;garlic;spring_potato;red_pepper,0.0743397784941935,-0.212794729626284,0.361474286614671,0.63096,1.2490009027033e-16,0.635
annual,Leave out Onion,Leave out Onion,ln_area,Log cultivated area,1,after nationwide availability,-0.018279525425886,0.136329321665336,-0.279692704222236,0.243133653370464,0.8987,6,22,22,28,soybean;sweet_potato;corn;garlic;spring_potato;red_pepper,-0.0182795254258861,-0.277627081255494,0.241068030403722,0.8938,1.07552855510562e-16,0.899
annual,Leave out Onion,Leave out Onion,ln_area,Log cultivated area,2,after nationwide availability,-0.0951249352539938,0.137514913534781,-0.355170837005244,0.164920966497256,0.4903,6,20,22,28,soybean;sweet_potato;corn;garlic;spring_potato;red_pepper,-0.0951249352539935,-0.357480461846129,0.167230591338142,0.49411,2.63677968348475e-16,0.490
annual,Leave out Onion,Leave out Onion,ln_area,Log cultivated area,3,after nationwide availability,-0.0994479219093748,0.154661971422366,-0.39384895690956,0.194953113090811,0.5243,6,20,22,28,soybean;sweet_potato;corn;garlic;spring_potato;red_pepper,-0.0994479219093748,-0.393945209556451,0.195049365737701,0.52447,1.38777878078145e-17,0.524
annual,Leave out Onion,Leave out Onion,ln_area,Log cultivated area,4,after nationwide availability,-0.0494733661474561,0.133338457080028,-0.305059946990336,0.206113214695424,0.7085,6,15,22,28,soybean;sweet_potato;corn;garlic;spring_potato;red_pepper,-0.0494733661474561,-0.302418801133485,0.203472068838573,0.71232,0,0.709
annual,Leave out Onion,Leave out Onion,ln_area,Log cultivated area,5,after nationwide availability,-0.013667285839752,0.133323513204927,-0.268903803987423,0.241569232307919,0.9199,6,14,20,26,soybean;sweet_potato;corn;garlic;spring_potato;red_pepper,-0.0136672858397521,-0.266928149497703,0.239593577818199,0.91967,6.76542155630955e-17,0.920
annual,Leave out Onion,Leave out Onion,ln_area,Log cultivated area,6,after nationwide availability,0.0812477539543945,0.162589691099232,-0.229578407434864,0.392073915343653,0.6162,6,11,20,26,soybean;sweet_potato;corn;garlic;spring_potato;red_pepper,0.081247753954394,-0.226921585779514,0.389417093688302,0.62275,4.85722573273506e-16,0.616
annual,Leave out Onion,Leave out Onion,ln_area,Log cultivated area,7,after nationwide availability,0.104635033134915,0.163801035996332,-0.205959480810319,0.41522954708015,0.5171,6,10,15,21,soybean;sweet_potato;corn;garlic;spring_potato;red_pepper,0.104635033134915,-0.20551423587046,0.414784302140291,0.52631,4.16333634234434e-16,0.517
annual,Leave out Onion,Leave out Onion,ln_area,Log cultivated area,8,after nationwide availability,0.0124981901225511,0.175250597912443,-0.318293115739357,0.343289495984459,0.9413,6,10,14,20,soybean;sweet_potato;corn;garlic;spring_potato;red_pepper,0.0124981901225514,-0.319843619832009,0.344840000077112,0.94321,3.00107161343988e-16,0.941
annual,Leave out Onion,Leave out Onion,ln_area,Log cultivated area,9,after nationwide availability,-0.0690279860290257,0.179450892215633,-0.410874074741974,0.272818102683923,0.6952,6,8,11,17,soybean;sweet_potato;corn;garlic;spring_potato;red_pepper,-0.0690279860290254,-0.409011724622329,0.270955752564278,0.69898,3.19189119579733e-16,0.695
annual,Leave out Onion,Leave out Onion,ln_production,Log production,-12,clean pre-pilot (placebo),-0.310417675019568,0.144447346455388,-0.574925086839265,-0.0459102631998702,0.0174,6,22,27,28,soybean;sweet_potato;corn;garlic;spring_potato;red_pepper,-0.310417675019568,-0.580384937051629,-0.0404504129875062,0.02038,3.33066907387547e-16,0.017
annual,Leave out Onion,Leave out Onion,ln_production,Log production,-11,clean pre-pilot (placebo),-0.161166584181667,0.0795945641957318,-0.309021930501176,-0.013311237862157,0.0281,6,22,27,28,soybean;sweet_potato;corn;garlic;spring_potato;red_pepper,-0.161166584181666,-0.311624521037428,-0.010708647325905,0.03384,5.27355936696949e-16,0.028
annual,Leave out Onion,Leave out Onion,ln_production,Log production,-10,clean pre-pilot (placebo),-0.16420195043117,0.0778739697282385,-0.310759871989686,-0.0176440288726532,0.0251,6,22,27,28,soybean;sweet_potato;corn;garlic;spring_potato;red_pepper,-0.16420195043117,-0.311855428716256,-0.0165484721460845,0.02676,2.4980018054066e-16,0.025
annual,Leave out Onion,Leave out Onion,ln_production,Log production,-9,clean pre-pilot (placebo),-0.158375549431575,0.0816338575181685,-0.311042337581388,-0.0057087612817622,0.0389,6,22,27,28,soybean;sweet_potato;corn;garlic;spring_potato;red_pepper,-0.158375549431575,-0.311016825980726,-0.00573427288242379,0.04039,3.33066907387547e-16,0.039
annual,Leave out Onion,Leave out Onion,ln_production,Log production,-8,clean pre-pilot (placebo),0.0126354883549609,0.102120874111526,-0.177057721492046,0.202328698201968,0.9144,5,22,27,28,soybean;sweet_potato;corn;garlic;spring_potato,0.0126354883549604,-0.175714729474451,0.200985706184372,0.90854,4.87457296749483e-16,0.914
annual,Leave out Onion,Leave out Onion,ln_production,Log production,-7,clean pre-pilot (placebo),-0.00301638653639268,0.11674744886771,-0.214722182931635,0.20868940985885,0.9775,5,22,27,28,soybean;sweet_potato;corn;garlic;spring_potato,-0.00301638653639316,-0.215104937266663,0.209072164193877,0.97861,4.83987849797529e-16,0.978
annual,Leave out Onion,Leave out Onion,ln_production,Log production,-6,clean pre-pilot (placebo),0.0799669339854058,0.0894961307203474,-0.0718024045771798,0.231736272547991,0.4498,4,22,27,28,soybean;sweet_potato;corn;garlic,0.0799669339854062,-0.0717957711472523,0.231729639118065,0.45372,3.60822483003176e-16,0.450
annual,Leave out Onion,Leave out Onion,ln_production,Log production,-5,clean pre-pilot (placebo),0.0263334907752316,0.0454268722802268,-0.0579373824310019,0.110604363981465,0.569,1,22,22,23,garlic,0.0263334907752316,-0.0584954156277004,0.111162397178164,0.57975,3.81639164714898e-17,0.569
annual,Leave out Onion,Leave out Onion,ln_production,Log production,0,after nationwide availability,0.106709679526537,0.155141303481015,-0.185313257804566,0.398732616857639,0.4985,6,22,22,28,soybean;sweet_potato;corn;garlic;spring_potato;red_pepper,0.106709679526537,-0.187325869010423,0.400745228063497,0.49691,1.66533453693773e-16,0.498
annual,Leave out Onion,Leave out Onion,ln_production,Log production,1,after nationwide availability,0.0128748676471688,0.153916554380055,-0.278823421536095,0.304573156830433,0.929,6,22,22,28,soybean;sweet_potato;corn;garlic;spring_potato;red_pepper,0.0128748676471689,-0.279380456552336,0.305130191846674,0.93371,8.32667268468867e-17,0.929
annual,Leave out Onion,Leave out Onion,ln_production,Log production,2,after nationwide availability,-0.14113072957042,0.189595726404246,-0.492530155484163,0.210268696343324,0.4728,6,20,22,28,soybean;sweet_potato;corn;garlic;spring_potato;red_pepper,-0.141130729570419,-0.494357591253893,0.212096132113055,0.47877,5.27355936696949e-16,0.473
annual,Leave out Onion,Leave out Onion,ln_production,Log production,3,after nationwide availability,-0.0932758601270931,0.169601938512369,-0.410741387458833,0.224189667204647,0.588,6,20,22,28,soybean;sweet_potato;corn;garlic;spring_potato;red_pepper,-0.0932758601270922,-0.415332956125933,0.228781235871749,0.58564,8.74300631892311e-16,0.588
annual,Leave out Onion,Leave out Onion,ln_production,Log production,4,after nationwide availability,-0.160611836168048,0.13697751944219,-0.417001929828676,0.0957782574925807,0.2324,6,15,22,28,soybean;sweet_potato;corn;garlic;spring_potato;red_pepper,-0.160611836168047,-0.423086502854578,0.101862830518483,0.23657,6.38378239159465e-16,0.232
annual,Leave out Onion,Leave out Onion,ln_production,Log production,5,after nationwide availability,-0.100538099180892,0.153930054574345,-0.384901540729499,0.183825342367715,0.5264,6,14,20,26,soybean;sweet_potato;corn;garlic;spring_potato;red_pepper,-0.100538099180892,-0.388784833325266,0.187708634963482,0.52593,6.93889390390723e-17,0.526
annual,Leave out Onion,Leave out Onion,ln_production,Log production,6,after nationwide availability,0.0716795702904724,0.160882460073315,-0.233006277757092,0.376365418338037,0.6627,6,11,20,26,soybean;sweet_potato;corn;garlic;spring_potato;red_pepper,0.0716795702904733,-0.234595281862065,0.377954422443011,0.65539,9.0205620750794e-16,0.663
annual,Leave out Onion,Leave out Onion,ln_production,Log production,7,after nationwide availability,0.0804094387130999,0.205351376432942,-0.295230555423804,0.456049432850004,0.709,6,10,15,21,soybean;sweet_potato;corn;garlic;spring_potato;red_pepper,0.0804094387131002,-0.300592947913077,0.461411825339278,0.71018,2.63677968348475e-16,0.709
annual,Leave out Onion,Leave out Onion,ln_production,Log production,8,after nationwide availability,-0.0651251250058816,0.207384197457583,-0.452616256449865,0.322366006438102,0.7539,6,10,14,20,soybean;sweet_potato;corn;garlic;spring_potato;red_pepper,-0.0651251250058808,-0.45622263770309,0.325972387691328,0.75475,8.04911692853239e-16,0.754
annual,Leave out Onion,Leave out Onion,ln_production,Log production,9,after nationwide availability,-0.15493948725806,0.219402547483175,-0.562255185235663,0.252376210719543,0.4794,6,8,11,17,soybean;sweet_potato;corn;garlic;spring_potato;red_pepper,-0.154939487258059,-0.568522728419522,0.258643753903403,0.47492,8.04911692853239e-16,0.479
annual,Leave out Onion,Leave out Onion,ln_yield,Log yield per 10a,-12,clean pre-pilot (placebo),-0.0590973500323673,0.0689048547776914,-0.190043629184591,0.0718489291198564,0.4062,6,22,27,28,soybean;sweet_potato;corn;garlic;spring_potato;red_pepper,-0.059097350032367,-0.188073549588429,0.0698788495236952,0.40887,3.2612801348364e-16,0.406
annual,Leave out Onion,Leave out Onion,ln_yield,Log yield per 10a,-11,clean pre-pilot (placebo),0.0108469959943874,0.0576074700745702,-0.0913040324705818,0.112998024459357,0.8851,6,22,27,28,soybean;sweet_potato;corn;garlic;spring_potato;red_pepper,0.0108469959943875,-0.0904981168992892,0.112192108888064,0.88172,1.12757025938492e-16,0.885
annual,Leave out Onion,Leave out Onion,ln_yield,Log yield per 10a,-10,clean pre-pilot (placebo),-0.00538263517531971,0.0465352260581021,-0.0904367295903043,0.0796714592396649,0.9269,6,22,27,28,soybean;sweet_potato;corn;garlic;spring_potato;red_pepper,-0.00538263517531964,-0.0896224097157913,0.078857139365152,0.92281,7.37257477290143e-17,0.927
annual,Leave out Onion,Leave out Onion,ln_yield,Log yield per 10a,-9,clean pre-pilot (placebo),-0.0599549874359523,0.0644818942896805,-0.180963577553715,0.0610536026818102,0.3745,6,22,27,28,soybean;sweet_potato;corn;garlic;spring_potato;red_pepper,-0.0599549874359521,-0.180141163609825,0.0602311887379209,0.37135,1.59594559789866e-16,0.374
annual,Leave out Onion,Leave out Onion,ln_yield,Log yield per 10a,-8,clean pre-pilot (placebo),-0.00651350427205979,0.0356146578870844,-0.0722834222851992,0.0592564137410797,0.8486,5,22,27,28,soybean;sweet_potato;corn;garlic;spring_potato,-0.00651350427205985,-0.0725357314509056,0.0595087229067859,0.85663,5.89805981832114e-17,0.849
annual,Leave out Onion,Leave out Onion,ln_yield,Log yield per 10a,-7,clean pre-pilot (placebo),0.019105276634265,0.0429746502407492,-0.0582101769387798,0.0964207302073099,0.6587,5,22,27,28,soybean;sweet_potato;corn;garlic;spring_potato,0.019105276634265,-0.0585468230597115,0.0967573763282414,0.66795,4.85722573273506e-17,0.659
annual,Leave out Onion,Leave out Onion,ln_yield,Log yield per 10a,-6,clean pre-pilot (placebo),0.0305877803395148,0.0462763584457,-0.0402281858065286,0.101403746485558,0.7313,4,22,27,28,soybean;sweet_potato;corn;garlic,0.030587780339515,-0.0397988260777249,0.100974386756755,0.73058,2.08166817117217e-16,0.731
annual,Leave out Onion,Leave out Onion,ln_yield,Log yield per 10a,-5,clean pre-pilot (placebo),-0.0528389969323424,0.053015648361207,-0.14133391566715,0.0356559218024647,0.4194,1,22,22,23,garlic,-0.0528389969323424,-0.141684587149873,0.0360065932851879,0.41571,2.77555756156289e-17,0.419
annual,Leave out Onion,Leave out Onion,ln_yield,Log yield per 10a,0,after nationwide availability,0.0330581191307556,0.0352658357012222,-0.0347282670055002,0.100844505267011,0.3487,6,22,22,28,soybean;sweet_potato;corn;garlic;spring_potato;red_pepper,0.0330581191307555,-0.03421534233355,0.100331580595061,0.35027,6.93889390390723e-17,0.349
annual,Leave out Onion,Leave out Onion,ln_yield,Log yield per 10a,1,after nationwide availability,0.0317720456314378,0.0588792799815537,-0.0740168130801816,0.137560904343057,0.6366,6,22,22,28,soybean;sweet_potato;corn;garlic;spring_potato;red_pepper,0.0317720456314376,-0.075008789490613,0.138552880753488,0.63864,2.22044604925031e-16,0.637
annual,Leave out Onion,Leave out Onion,ln_yield,Log yield per 10a,2,after nationwide availability,-0.0450515207557922,0.0808372796513871,-0.192030320049598,0.101927278538013,0.6061,6,20,22,28,soybean;sweet_potato;corn;garlic;spring_potato;red_pepper,-0.045051520755792,-0.19244536127338,0.102342319761796,0.60113,2.15105711021124e-16,0.606
annual,Leave out Onion,Leave out Onion,ln_yield,Log yield per 10a,3,after nationwide availability,0.00632667027095923,0.0575410858431703,-0.101112625831038,0.113765966372956,0.9171,6,20,22,28,soybean;sweet_potato;corn;garlic;spring_potato;red_pepper,0.00632667027095936,-0.101595659408779,0.114248999950697,0.9164,1.30104260698261e-16,0.917
annual,Leave out Onion,Leave out Onion,ln_yield,Log yield per 10a,4,after nationwide availability,-0.110793328060262,0.0532702788494616,-0.211946348276692,-0.00964030784383187,0.028,6,15,22,28,soybean;sweet_potato;corn;garlic;spring_potato;red_pepper,-0.110793328060262,-0.211766608915699,-0.00982004720482482,0.02848,1.80411241501588e-16,0.028
annual,Leave out Onion,Leave out Onion,ln_yield,Log yield per 10a,5,after nationwide availability,-0.0866919402872958,0.0851279232785952,-0.243692331335667,0.0703084507610758,0.3293,6,14,20,26,soybean;sweet_potato;corn;garlic;spring_potato;red_pepper,-0.0866919402872959,-0.244349807865812,0.07096592729122,0.33089,1.2490009027033e-16,0.329
annual,Leave out Onion,Leave out Onion,ln_yield,Log yield per 10a,6,after nationwide availability,-0.0096756894676736,0.0569787315996825,-0.116536407734673,0.0971850287993257,0.8683,6,11,20,26,soybean;sweet_potato;corn;garlic;spring_potato;red_pepper,-0.00967568946767382,-0.117490213599841,0.0981388346644936,0.87107,2.23779328401008e-16,0.868
annual,Leave out Onion,Leave out Onion,ln_yield,Log yield per 10a,7,after nationwide availability,-0.024385234509973,0.0968597395311437,-0.207784217993857,0.159013748973911,0.801,6,10,15,21,soybean;sweet_potato;corn;garlic;spring_potato;red_pepper,-0.0243852345099734,-0.20789347056826,0.159123001548313,0.8058,3.98986399474666e-16,0.801
annual,Leave out Onion,Leave out Onion,ln_yield,Log yield per 10a,8,after nationwide availability,-0.0780424996855133,0.08016232746448,-0.23087743539203,0.0747924360210029,0.3294,6,10,14,20,soybean;sweet_potato;corn;garlic;spring_potato;red_pepper,-0.078042499685513,-0.230283387120479,0.0741983877494534,0.33115,3.05311331771918e-16,0.329
annual,Leave out Onion,Leave out Onion,ln_yield,Log yield per 10a,9,after nationwide availability,-0.0866368289085065,0.105067662661765,-0.281267160485028,0.107993502668015,0.4159,6,8,11,17,soybean;sweet_potato;corn;garlic;spring_potato;red_pepper,-0.0866368289085062,-0.28363970431815,0.110366046501138,0.41078,2.91433543964104e-16,0.416
annual,Leave out Red pepper,Leave out Red pepper,ln_area,Log cultivated area,-12,clean pre-pilot (placebo),-0.259231167234626,0.14331484964362,-0.525722849726942,0.00726051525768984,0.0593,6,22,27,28,soybean;onion;sweet_potato;corn;garlic;spring_potato,-0.259231167234625,-0.526951036256429,0.00848870178717892,0.06084,7.7715611723761e-16,0.059
annual,Leave out Red pepper,Leave out Red pepper,ln_area,Log cultivated area,-11,clean pre-pilot (placebo),-0.170079222691093,0.0940392246247064,-0.346021622963104,0.00586317758091909,0.0572,6,22,27,28,soybean;onion;sweet_potato;corn;garlic;spring_potato,-0.170079222691092,-0.346306883912144,0.006148438529961,0.06031,6.66133814775094e-16,0.057
annual,Leave out Red pepper,Leave out Red pepper,ln_area,Log cultivated area,-10,clean pre-pilot (placebo),-0.189035343395932,0.0871180621044576,-0.349814211214403,-0.0282564755774599,0.0168,6,22,27,28,soybean;onion;sweet_potato;corn;garlic;spring_potato,-0.18903534339593,-0.349589654610515,-0.0284810321813461,0.01577,1.47104550762833e-15,0.017
annual,Leave out Red pepper,Leave out Red pepper,ln_area,Log cultivated area,-9,clean pre-pilot (placebo),-0.140781395826989,0.0759304124031583,-0.279445495619995,-0.00211729603398256,0.0466,6,22,27,28,soybean;onion;sweet_potato;corn;garlic;spring_potato,-0.140781395826987,-0.280941447363868,-0.000621344290106629,0.04882,1.74860126378462e-15,0.047
annual,Leave out Red pepper,Leave out Red pepper,ln_area,Log cultivated area,-8,clean pre-pilot (placebo),-0.000321571068644298,0.0859096722606801,-0.157176799221787,0.156533657084498,0.9968,6,22,27,28,soybean;onion;sweet_potato;corn;garlic;spring_potato,-0.000321571068643708,-0.158028652222432,0.157385510085144,0.99744,5.90239662701109e-16,0.997
annual,Leave out Red pepper,Leave out Red pepper,ln_area,Log cultivated area,-7,clean pre-pilot (placebo),-0.00784755614312761,0.0783541230228011,-0.155058790326832,0.139363678040577,0.9239,6,22,27,28,soybean;onion;sweet_potato;corn;garlic;spring_potato,-0.00784755614312682,-0.154850331158538,0.139155218872285,0.92284,7.85829734617494e-16,0.924
annual,Leave out Red pepper,Leave out Red pepper,ln_area,Log cultivated area,-6,clean pre-pilot (placebo),0.0322285143493222,0.0446465705744907,-0.0519379936798084,0.116395022378453,0.4854,5,22,27,28,soybean;onion;sweet_potato;corn;garlic,0.0322285143493217,-0.0519481466496551,0.116405175348298,0.4814,5.34294830600857e-16,0.485
annual,Leave out Red pepper,Leave out Red pepper,ln_area,Log cultivated area,-5,clean pre-pilot (placebo),0.116459209164212,0.0814501906005347,-0.0156994793780992,0.248617897706524,0.1154,2,22,25,26,onion;garlic,0.116459209164212,-0.0154934230447369,0.248411841373161,0.1162,3.19189119579733e-16,0.115
annual,Leave out Red pepper,Leave out Red pepper,ln_area,Log cultivated area,0,after nationwide availability,0.210732460853012,0.132530361384184,-0.0474875250297176,0.468952446735741,0.1152,6,22,22,28,soybean;onion;sweet_potato;corn;garlic;spring_potato,0.210732460853011,-0.0424819816180106,0.463946903324033,0.10719,5.55111512312578e-16,0.115
annual,Leave out Red pepper,Leave out Red pepper,ln_area,Log cultivated area,1,after nationwide availability,0.11078729181661,0.113528260513146,-0.106350449795748,0.327925033428967,0.3281,6,22,22,28,soybean;onion;sweet_potato;corn;garlic;spring_potato,0.110787291816609,-0.105773810310808,0.327348393944027,0.3301,5.41233724504764e-16,0.328
annual,Leave out Red pepper,Leave out Red pepper,ln_area,Log cultivated area,2,after nationwide availability,0.0797574416090324,0.142038379732356,-0.19041478321414,0.349929666432205,0.5807,6,22,22,28,soybean;onion;sweet_potato;corn;garlic;spring_potato,0.0797574416090323,-0.191100395976264,0.350615279194328,0.58127,5.55111512312578e-17,0.581
annual,Leave out Red pepper,Leave out Red pepper,ln_area,Log cultivated area,3,after nationwide availability,0.0244584834961158,0.146918028871777,-0.256799055621145,0.305716022613376,0.8687,6,22,22,28,soybean;onion;sweet_potato;corn;garlic;spring_potato,0.0244584834961157,-0.25721044217739,0.306127409169621,0.86949,1.04083408558608e-16,0.869
annual,Leave out Red pepper,Leave out Red pepper,ln_area,Log cultivated area,4,after nationwide availability,0.0601737951060769,0.136323763848191,-0.199615752742861,0.319963342955015,0.6691,6,20,22,28,soybean;onion;sweet_potato;corn;garlic;spring_potato,0.0601737951060777,-0.199733022117874,0.32008061233003,0.66068,7.63278329429795e-16,0.669
annual,Leave out Red pepper,Leave out Red pepper,ln_area,Log cultivated area,5,after nationwide availability,0.0960871836889831,0.129501647359678,-0.146198209954393,0.33837257733236,0.468,6,20,20,26,soybean;onion;sweet_potato;corn;garlic;spring_potato,0.0960871836889825,-0.148646190698842,0.340820558076807,0.46593,5.82867087928207e-16,0.468
annual,Leave out Red pepper,Leave out Red pepper,ln_area,Log cultivated area,6,after nationwide availability,0.240606771803316,0.161900425355353,-0.062547677357336,0.543761220963968,0.1331,6,15,20,26,soybean;onion;sweet_potato;corn;garlic;spring_potato,0.240606771803315,-0.0665115266957461,0.547725070302377,0.13316,9.71445146547012e-16,0.133
annual,Leave out Red pepper,Leave out Red pepper,ln_area,Log cultivated area,7,after nationwide availability,0.265290193944117,0.142875408160775,-0.00737318458139802,0.537953572469631,0.0563,6,14,15,21,soybean;onion;sweet_potato;corn;garlic;spring_potato,0.265290193944116,-0.00639587606927128,0.536976263957503,0.0562,6.10622663543836e-16,0.056
annual,Leave out Red pepper,Leave out Red pepper,ln_area,Log cultivated area,8,after nationwide availability,0.123922076345424,0.151787596011789,-0.160078275953515,0.407922428644362,0.4124,6,11,14,20,soybean;onion;sweet_potato;corn;garlic;spring_potato,0.123922076345424,-0.161619859097109,0.409464011787957,0.41389,1.80411241501588e-16,0.412
annual,Leave out Red pepper,Leave out Red pepper,ln_area,Log cultivated area,9,after nationwide availability,0.0824692708926757,0.166757821175597,-0.229324691202802,0.394263232988153,0.6203,6,10,11,17,soybean;onion;sweet_potato;corn;garlic;spring_potato,0.0824692708926762,-0.230583646790063,0.395522188575416,0.61692,5.41233724504764e-16,0.620
annual,Leave out Red pepper,Leave out Red pepper,ln_production,Log production,-12,clean pre-pilot (placebo),-0.312740956669043,0.149047168972528,-0.590700041625272,-0.0347818717128135,0.0262,6,22,27,28,soybean;onion;sweet_potato;corn;garlic;spring_potato,-0.312740956669041,-0.592509735155748,-0.0329721781823335,0.02457,1.55431223447522e-15,0.026
annual,Leave out Red pepper,Leave out Red pepper,ln_production,Log production,-11,clean pre-pilot (placebo),-0.151847110277397,0.0790793136318738,-0.299552256902044,-0.00414196365274949,0.0423,6,22,27,28,soybean;onion;sweet_potato;corn;garlic;spring_potato,-0.151847110277395,-0.30112097765411,-0.00257324290068001,0.0455,1.77635683940025e-15,0.042
annual,Leave out Red pepper,Leave out Red pepper,ln_production,Log production,-10,clean pre-pilot (placebo),-0.181422417443192,0.077270294013039,-0.327577955748262,-0.0352668791381208,0.0114,6,22,27,28,soybean;onion;sweet_potato;corn;garlic;spring_potato,-0.18142241744319,-0.328618628976141,-0.0342262059102395,0.01216,1.60982338570648e-15,0.011
annual,Leave out Red pepper,Leave out Red pepper,ln_production,Log production,-9,clean pre-pilot (placebo),-0.155187756388556,0.0770764758029695,-0.300423338424374,-0.00995217435273896,0.0337,6,22,27,28,soybean;onion;sweet_potato;corn;garlic;spring_potato,-0.155187756388554,-0.300355767125118,-0.0100197456519902,0.03298,2.27595720048157e-15,0.034
annual,Leave out Red pepper,Leave out Red pepper,ln_production,Log production,-8,clean pre-pilot (placebo),-0.0153206816832522,0.0893456125161725,-0.180544822932521,0.149903459566016,0.8693,6,22,27,28,soybean;onion;sweet_potato;corn;garlic;spring_potato,-0.0153206816832505,-0.181014219129479,0.150372855762978,0.87313,1.67921232474555e-15,0.869
annual,Leave out Red pepper,Leave out Red pepper,ln_production,Log production,-7,clean pre-pilot (placebo),-0.00125818171034993,0.0989066399991481,-0.184528245845878,0.182011882425178,0.9891,6,22,27,28,soybean;onion;sweet_potato;corn;garlic;spring_potato,-0.00125818171034828,-0.182479570192599,0.179963206771902,0.98975,1.64885466391596e-15,0.989
annual,Leave out Red pepper,Leave out Red pepper,ln_production,Log production,-6,clean pre-pilot (placebo),0.0356446921536659,0.0789768985110804,-0.107028760510751,0.178318144818083,0.7027,5,22,27,28,soybean;onion;sweet_potato;corn;garlic,0.0356446921536649,-0.106200974850857,0.177490359158187,0.70187,9.78384040450919e-16,0.703
annual,Leave out Red pepper,Leave out Red pepper,ln_production,Log production,-5,clean pre-pilot (placebo),0.108284506074553,0.0983919487084543,-0.0429650270005456,0.259534039149651,0.3089,2,22,25,26,onion;garlic,0.108284506074552,-0.0431983691317741,0.259767381280878,0.30973,6.93889390390723e-16,0.309
annual,Leave out Red pepper,Leave out Red pepper,ln_production,Log production,0,after nationwide availability,0.230945409394161,0.128668623851282,-0.0158152612533376,0.47770608004166,0.068,6,22,22,28,soybean;onion;sweet_potato;corn;garlic;spring_potato,0.230945409394161,-0.0122500896263001,0.474140908414622,0.06507,2.77555756156289e-17,0.068
annual,Leave out Red pepper,Leave out Red pepper,ln_production,Log production,1,after nationwide availability,0.154290558955834,0.12176102575253,-0.0781294646180599,0.386710582529729,0.2013,6,22,22,28,soybean;onion;sweet_potato;corn;garlic;spring_potato,0.154290558955834,-0.0767952444724404,0.385376362384108,0.19995,3.05311331771918e-16,0.201
annual,Leave out Red pepper,Leave out Red pepper,ln_production,Log production,2,after nationwide availability,0.0997783534796374,0.14509054070925,-0.178638169641044,0.378194876600319,0.4948,6,22,22,28,soybean;onion;sweet_potato;corn;garlic;spring_potato,0.0997783534796372,-0.175055962033701,0.374612668992976,0.49347,1.66533453693773e-16,0.495
annual,Leave out Red pepper,Leave out Red pepper,ln_production,Log production,3,after nationwide availability,0.0481453956191141,0.142519202069886,-0.223040668040725,0.319331459278953,0.7374,6,22,22,28,soybean;onion;sweet_potato;corn;garlic;spring_potato,0.0481453956191144,-0.223250914972745,0.319541706210973,0.73346,2.70616862252382e-16,0.737
annual,Leave out Red pepper,Leave out Red pepper,ln_production,Log production,4,after nationwide availability,-0.0107446181088116,0.143320963765453,-0.286300628764405,0.264811392546782,0.9412,6,20,22,28,soybean;onion;sweet_potato;corn;garlic;spring_potato,-0.0107446181088105,-0.282743347355963,0.261254111138342,0.94088,1.13103970633688e-15,0.941
annual,Leave out Red pepper,Leave out Red pepper,ln_production,Log production,5,after nationwide availability,0.0532675148163735,0.109262053394288,-0.157914640872083,0.26444967050483,0.6266,6,20,20,26,soybean;onion;sweet_potato;corn;garlic;spring_potato,0.053267514816373,-0.154235103506232,0.260770133138978,0.62412,5.34294830600857e-16,0.627
annual,Leave out Red pepper,Leave out Red pepper,ln_production,Log production,6,after nationwide availability,0.231002144130429,0.140058588590482,-0.0386290506837625,0.50063333894462,0.0952,6,15,20,26,soybean;onion;sweet_potato;corn;garlic;spring_potato,0.231002144130429,-0.0349965895653294,0.497000877826188,0.09119,4.16333634234434e-16,0.095
annual,Leave out Red pepper,Leave out Red pepper,ln_production,Log production,7,after nationwide availability,0.311071750522302,0.142981596355557,0.0430270310220241,0.579116470022579,0.0235,6,14,15,21,soybean;onion;sweet_potato;corn;garlic;spring_potato,0.311071750522301,0.0399350693922759,0.582208431652326,0.02251,6.66133814775094e-16,0.024
annual,Leave out Red pepper,Leave out Red pepper,ln_production,Log production,8,after nationwide availability,0.134757179198137,0.164335093037809,-0.177014640372977,0.446528998769251,0.4092,6,11,14,20,soybean;onion;sweet_potato;corn;garlic;spring_potato,0.134757179198137,-0.17584675470998,0.445361113106254,0.40765,1.66533453693773e-16,0.409
annual,Leave out Red pepper,Leave out Red pepper,ln_production,Log production,9,after nationwide availability,0.0650335765727616,0.211629278059052,-0.330216962783187,0.46028411592871,0.7616,6,10,11,17,soybean;onion;sweet_potato;corn;garlic;spring_potato,0.0650335765727624,-0.333418319738574,0.463485472884099,0.75776,8.46545056276682e-16,0.762
annual,Leave out Red pepper,Leave out Red pepper,ln_yield,Log yield per 10a,-12,clean pre-pilot (placebo),-0.0553495712434887,0.0676770684031576,-0.181767670723312,0.0710685282363341,0.4333,6,22,27,28,soybean;onion;sweet_potato;corn;garlic;spring_potato,-0.0553495712434876,-0.182113336725659,0.0714141942386835,0.43232,1.10328413072125e-15,0.433
annual,Leave out Red pepper,Leave out Red pepper,ln_yield,Log yield per 10a,-11,clean pre-pilot (placebo),0.0173807821855332,0.0552163171626323,-0.0771402713874033,0.11190183575847,0.8293,6,22,27,28,soybean;onion;sweet_potato;corn;garlic;spring_potato,0.017380782185534,-0.0776383889103046,0.112399953281373,0.82973,8.43075609324728e-16,0.829
annual,Leave out Red pepper,Leave out Red pepper,ln_yield,Log yield per 10a,-10,clean pre-pilot (placebo),0.0074842604101042,0.0435187425688854,-0.0709758594309582,0.0859443802511666,0.8897,6,22,27,28,soybean;onion;sweet_potato;corn;garlic;spring_potato,0.00748426041010517,-0.0714386072216403,0.0864071280418507,0.88445,9.69710423071035e-16,0.890
annual,Leave out Red pepper,Leave out Red pepper,ln_yield,Log yield per 10a,-9,clean pre-pilot (placebo),-0.0139513285745995,0.0489837807664434,-0.10424699339047,0.0763443362412714,0.7938,6,22,27,28,soybean;onion;sweet_potato;corn;garlic;spring_potato,-0.0139513285745985,-0.104016670280029,0.0761140131308315,0.80098,9.74914593498966e-16,0.794
annual,Leave out Red pepper,Leave out Red pepper,ln_yield,Log yield per 10a,-8,clean pre-pilot (placebo),-0.0149421304910973,0.0309208115041245,-0.0728640715400655,0.0429798105578709,0.6338,6,22,27,28,soybean;onion;sweet_potato;corn;garlic;spring_potato,-0.0149421304910962,-0.0731067195973109,0.0432224586151186,0.64131,1.12410081243297e-15,0.634
annual,Leave out Red pepper,Leave out Red pepper,ln_yield,Log yield per 10a,-7,clean pre-pilot (placebo),0.00654504355179169,0.0369003722940835,-0.060941663279702,0.0740317503832854,0.8581,6,22,27,28,soybean;onion;sweet_potato;corn;garlic;spring_potato,0.00654504355179266,-0.060895447947376,0.0739855350509613,0.8625,9.6710833785707e-16,0.858
annual,Leave out Red pepper,Leave out Red pepper,ln_yield,Log yield per 10a,-6,clean pre-pilot (placebo),0.00319518970856443,0.0415499392382034,-0.0685302563880722,0.0749206358052011,0.9409,5,22,27,28,soybean;onion;sweet_potato;corn;garlic,0.0031951897085639,-0.0682701858537746,0.0746605652709024,0.94225,5.30391702779909e-16,0.941
annual,Leave out Red pepper,Leave out Red pepper,ln_yield,Log yield per 10a,-5,clean pre-pilot (placebo),-0.00782944054885646,0.0319619454078004,-0.0658199722680951,0.0501610911703822,0.8018,2,22,25,26,onion;garlic,-0.00782944054885679,-0.065948871239341,0.0502899901416274,0.80603,3.34801630863524e-16,0.802
annual,Leave out Red pepper,Leave out Red pepper,ln_yield,Log yield per 10a,0,after nationwide availability,0.0207737396682446,0.0367255685813365,-0.0498359313898414,0.0913834107263306,0.5704,6,22,22,28,soybean;onion;sweet_potato;corn;garlic;spring_potato,0.0207737396682445,-0.0498032037798858,0.0913506831163747,0.57197,1.00613961606655e-16,0.570
annual,Leave out Red pepper,Leave out Red pepper,ln_yield,Log yield per 10a,1,after nationwide availability,0.0442284049374249,0.0573173578059155,-0.0619282789987518,0.150385088873602,0.4762,6,22,22,28,soybean;onion;sweet_potato;corn;garlic;spring_potato,0.0442284049374245,-0.0604083195841753,0.148865129459024,0.47945,3.60822483003176e-16,0.476
annual,Leave out Red pepper,Leave out Red pepper,ln_yield,Log yield per 10a,2,after nationwide availability,0.0209760254759118,0.0504968665665924,-0.0749884137745759,0.1169404647264,0.6749,6,22,22,28,soybean;onion;sweet_potato;corn;garlic;spring_potato,0.0209760254759116,-0.0750720017434594,0.117024052695283,0.68564,2.28983498828939e-16,0.675
annual,Leave out Red pepper,Leave out Red pepper,ln_yield,Log yield per 10a,3,after nationwide availability,0.023865739115608,0.052887438051593,-0.0762319280216011,0.123963406252817,0.6612,6,22,22,28,soybean;onion;sweet_potato;corn;garlic;spring_potato,0.0238657391156077,-0.075726192728432,0.123457670959647,0.66421,2.74086309204336e-16,0.661
annual,Leave out Red pepper,Leave out Red pepper,ln_yield,Log yield per 10a,4,after nationwide availability,-0.0705066921212981,0.0554281856934221,-0.174541563096964,0.0335281788543673,0.2101,6,20,22,28,soybean;onion;sweet_potato;corn;garlic;spring_potato,-0.0705066921212975,-0.174792497721489,0.033779113478894,0.20502,6.24500451351651e-16,0.210
annual,Leave out Red pepper,Leave out Red pepper,ln_yield,Log yield per 10a,5,after nationwide availability,-0.0425468998041225,0.0638384217831734,-0.161775218996781,0.0766814193885362,0.5411,6,20,20,26,soybean;onion;sweet_potato;corn;garlic;spring_potato,-0.042546899804123,-0.160305296616872,0.0752114970086264,0.53695,5.27355936696949e-16,0.541
annual,Leave out Red pepper,Leave out Red pepper,ln_yield,Log yield per 10a,6,after nationwide availability,-0.00950560811226838,0.0548810118663963,-0.112974835957292,0.0939636197327549,0.8699,6,15,20,26,soybean;onion;sweet_potato;corn;garlic;spring_potato,-0.00950560811226896,-0.112836735564599,0.0938255193400611,0.86989,5.79397640976254e-16,0.870
annual,Leave out Red pepper,Leave out Red pepper,ln_yield,Log yield per 10a,7,after nationwide availability,0.0456039524466053,0.075803608841309,-0.0960889077903209,0.187296812683531,0.546,6,14,15,21,soybean;onion;sweet_potato;corn;garlic;spring_potato,0.0456039524466046,-0.0979814526152341,0.189189357508443,0.55055,6.66133814775094e-16,0.546
annual,Leave out Red pepper,Leave out Red pepper,ln_yield,Log yield per 10a,8,after nationwide availability,0.0103156500156934,0.0779802585521988,-0.134954200217872,0.155585500249258,0.8896,6,11,14,20,soybean;onion;sweet_potato;corn;garlic;spring_potato,0.0103156500156933,-0.13751555488446,0.158146854915847,0.89531,5.20417042793042e-17,0.890
annual,Leave out Red pepper,Leave out Red pepper,ln_yield,Log yield per 10a,9,after nationwide availability,-0.0181314819084844,0.110031407842239,-0.224534008878659,0.18827104506169,0.8684,6,10,11,17,soybean;onion;sweet_potato;corn;garlic;spring_potato,-0.0181314819084839,-0.225891777560896,0.189628813743928,0.86986,4.82253126321552e-16,0.868
annual,Leave out Soybean,Leave out Soybean,ln_area,Log cultivated area,-12,clean pre-pilot (placebo),-0.252963308244822,0.14028386505653,-0.513070604117214,0.0071439876275699,0.0604,6,22,27,28,onion;sweet_potato;corn;garlic;spring_potato;red_pepper,-0.252963308244821,-0.511079018603763,0.0051524021141201,0.05701,8.88178419700125e-16,0.060
annual,Leave out Soybean,Leave out Soybean,ln_area,Log cultivated area,-11,clean pre-pilot (placebo),-0.135725752573459,0.0862870430365434,-0.292223171357235,0.0207716662103175,0.1043,6,22,27,28,onion;sweet_potato;corn;garlic;spring_potato;red_pepper,-0.135725752573458,-0.291786884631297,0.0203353794843822,0.10376,5.82867087928207e-16,0.104
annual,Leave out Soybean,Leave out Soybean,ln_area,Log cultivated area,-10,clean pre-pilot (placebo),-0.157889293398788,0.0869017453036598,-0.317474949468741,0.00169636267116446,0.0532,6,22,27,28,onion;sweet_potato;corn;garlic;spring_potato;red_pepper,-0.157889293398787,-0.318088999832574,0.00231041303499888,0.05442,1.27675647831893e-15,0.053
annual,Leave out Soybean,Leave out Soybean,ln_area,Log cultivated area,-9,clean pre-pilot (placebo),-0.138860617042939,0.0764864293233407,-0.28012322694522,0.00240199285934178,0.0543,6,22,27,28,onion;sweet_potato;corn;garlic;spring_potato;red_pepper,-0.138860617042938,-0.279283982744094,0.00156274865821782,0.05384,9.71445146547012e-16,0.054
annual,Leave out Soybean,Leave out Soybean,ln_area,Log cultivated area,-8,clean pre-pilot (placebo),0.00337054500786913,0.103000980645612,-0.184075124229346,0.190816214245084,0.9773,5,22,27,28,onion;sweet_potato;corn;garlic;spring_potato,0.00337054500786974,-0.184844814268977,0.191585904284717,0.97657,6.08454259198865e-16,0.977
annual,Leave out Soybean,Leave out Soybean,ln_area,Log cultivated area,-7,clean pre-pilot (placebo),-0.0616589802073251,0.0781926510565981,-0.203440444421237,0.0801224840065864,0.475,5,22,27,28,onion;sweet_potato;corn;garlic;spring_potato,-0.0616589802073245,-0.203729896716492,0.0804119363018426,0.47064,5.68989300120393e-16,0.475
annual,Leave out Soybean,Leave out Soybean,ln_area,Log cultivated area,-6,clean pre-pilot (placebo),0.00571321268901219,0.0443788350047235,-0.0782567591793624,0.0896831845573868,0.9023,4,22,25,26,onion;sweet_potato;corn;garlic,0.00571321268901203,-0.0785125283724504,0.0899389537504745,0.89994,1.59594559789866e-16,0.902
annual,Leave out Soybean,Leave out Soybean,ln_area,Log cultivated area,-5,clean pre-pilot (placebo),0.116459209164212,0.0820809022111906,-0.0168852926164214,0.249803710944846,0.1184,2,22,25,26,onion;garlic,0.116459209164212,-0.0161250756649493,0.249043493993373,0.11981,3.19189119579733e-16,0.118
annual,Leave out Soybean,Leave out Soybean,ln_area,Log cultivated area,0,after nationwide availability,0.117746555783037,0.160065896692102,-0.18584920198223,0.421342313548305,0.4736,6,22,22,28,onion;sweet_potato;corn;garlic;spring_potato;red_pepper,0.117746555783037,-0.187065789351108,0.422558900917182,0.46716,2.63677968348475e-16,0.474
annual,Leave out Soybean,Leave out Soybean,ln_area,Log cultivated area,1,after nationwide availability,0.01925372648204,0.145241695020112,-0.254615603551829,0.293123056515909,0.894,6,22,22,28,onion;sweet_potato;corn;garlic;spring_potato;red_pepper,0.0192537264820397,-0.259246124806133,0.297753577770213,0.89717,2.70616862252382e-16,0.894
annual,Leave out Soybean,Leave out Soybean,ln_area,Log cultivated area,2,after nationwide availability,-0.016527567862842,0.167144929993685,-0.331680979307498,0.298625843581814,0.9251,6,20,22,28,onion;sweet_potato;corn;garlic;spring_potato;red_pepper,-0.0165275678628419,-0.334016899438316,0.300961763712632,0.92365,9.36750677027476e-17,0.925
annual,Leave out Soybean,Leave out Soybean,ln_area,Log cultivated area,3,after nationwide availability,-0.022095709215988,0.160930604984996,-0.327897233617533,0.283705815185557,0.8909,6,20,22,28,onion;sweet_potato;corn;garlic;spring_potato;red_pepper,-0.022095709215988,-0.329847212700603,0.285655794268627,0.89288,2.42861286636753e-17,0.891
annual,Leave out Soybean,Leave out Soybean,ln_area,Log cultivated area,4,after nationwide availability,0.0686092422659845,0.130090363865855,-0.181456118118634,0.318674602650603,0.5992,6,15,22,28,onion;sweet_potato;corn;garlic;spring_potato;red_pepper,0.0686092422659847,-0.180345400546891,0.317563885078861,0.60312,1.94289029309402e-16,0.599
annual,Leave out Soybean,Leave out Soybean,ln_area,Log cultivated area,5,after nationwide availability,0.111317129573713,0.1246630464359,-0.126646057781075,0.349280316928502,0.3823,6,14,20,26,onion;sweet_potato;corn;garlic;spring_potato;red_pepper,0.111317129573713,-0.126779986485562,0.349414245632988,0.37521,4.02455846426619e-16,0.382
annual,Leave out Soybean,Leave out Soybean,ln_area,Log cultivated area,6,after nationwide availability,0.238929185152873,0.166509997895881,-0.0787695087985593,0.556627879104306,0.1527,6,11,20,26,onion;sweet_potato;corn;garlic;spring_potato;red_pepper,0.238929185152872,-0.0787406219571037,0.556598992262849,0.14969,1.2490009027033e-15,0.153
annual,Leave out Soybean,Leave out Soybean,ln_area,Log cultivated area,7,after nationwide availability,0.202252930309682,0.1775365236528,-0.133932499018187,0.538438359637551,0.2605,6,10,15,21,onion;sweet_potato;corn;garlic;spring_potato;red_pepper,0.202252930309681,-0.133570419382537,0.5380762800019,0.25627,9.43689570931383e-16,0.261
annual,Leave out Soybean,Leave out Soybean,ln_area,Log cultivated area,8,after nationwide availability,0.0533651604263076,0.179621474522444,-0.290123584096344,0.396853904948959,0.7711,6,10,14,20,onion;sweet_potato;corn;garlic;spring_potato;red_pepper,0.0533651604263075,-0.28622216873339,0.392952489586005,0.76897,6.93889390390723e-17,0.771
annual,Leave out Soybean,Leave out Soybean,ln_area,Log cultivated area,9,after nationwide availability,0.00922617326063783,0.195523937235371,-0.360787464293627,0.379239810814903,0.9637,6,8,11,17,onion;sweet_potato;corn;garlic;spring_potato;red_pepper,0.00922617326063808,-0.359521656192608,0.377974002713885,0.96322,2.4459601011273e-16,0.964
annual,Leave out Soybean,Leave out Soybean,ln_production,Log production,-12,clean pre-pilot (placebo),-0.325230025161125,0.148059340738819,-0.604546591774591,-0.0459134585476586,0.0206,6,22,27,28,onion;sweet_potato;corn;garlic;spring_potato;red_pepper,-0.325230025161123,-0.602735471425032,-0.0477245788972152,0.01722,1.99840144432528e-15,0.021
annual,Leave out Soybean,Leave out Soybean,ln_production,Log production,-11,clean pre-pilot (placebo),-0.149815563213791,0.0763255385730914,-0.29521997608079,-0.00441115034679176,0.0432,6,22,27,28,onion;sweet_potato;corn;garlic;spring_potato;red_pepper,-0.149815563213789,-0.293088465118882,-0.00654266130869727,0.03904,2.02615701994091e-15,0.043
annual,Leave out Soybean,Leave out Soybean,ln_production,Log production,-10,clean pre-pilot (placebo),-0.166353979579747,0.0768524058731261,-0.312132563230928,-0.0205753959285652,0.0232,6,22,27,28,onion;sweet_potato;corn;garlic;spring_potato;red_pepper,-0.166353979579746,-0.312529723143749,-0.0201782360157427,0.02251,8.32667268468867e-16,0.023
annual,Leave out Soybean,Leave out Soybean,ln_production,Log production,-9,clean pre-pilot (placebo),-0.188138904588034,0.0901743936305729,-0.358859184888411,-0.0174186242876572,0.0251,6,22,27,28,onion;sweet_potato;corn;garlic;spring_potato;red_pepper,-0.188138904588032,-0.359238910580172,-0.0170388985958922,0.02637,1.83186799063151e-15,0.025
annual,Leave out Soybean,Leave out Soybean,ln_production,Log production,-8,clean pre-pilot (placebo),-0.033830181766206,0.106752391026322,-0.232009688510536,0.164349324978124,0.7779,5,22,27,28,onion;sweet_potato;corn;garlic;spring_potato,-0.0338301817662053,-0.230514053484789,0.162853689952379,0.77204,6.86950496486816e-16,0.778
annual,Leave out Soybean,Leave out Soybean,ln_production,Log production,-7,clean pre-pilot (placebo),-0.0841807615200593,0.0825882887713779,-0.235051093199784,0.0666895701596658,0.3388,5,22,27,28,onion;sweet_potato;corn;garlic;spring_potato,-0.0841807615200588,-0.235538656704347,0.0671771336642297,0.33528,5.13478148889135e-16,0.339
annual,Leave out Soybean,Leave out Soybean,ln_production,Log production,-6,clean pre-pilot (placebo),-0.0342324997176501,0.0614984625150521,-0.150551207480121,0.0820862080448209,0.5839,4,22,25,26,onion;sweet_potato;corn;garlic,-0.0342324997176495,-0.150424611995987,0.0819596125606878,0.58216,5.89805981832114e-16,0.584
annual,Leave out Soybean,Leave out Soybean,ln_production,Log production,-5,clean pre-pilot (placebo),0.108284506074553,0.0957290050525682,-0.0397589658578867,0.256327978006992,0.2815,2,22,25,26,onion;garlic,0.108284506074552,-0.0398518570653341,0.256420869214438,0.28702,6.93889390390723e-16,0.281
annual,Leave out Soybean,Leave out Soybean,ln_production,Log production,0,after nationwide availability,0.124156099733223,0.158040167828331,-0.174817789552563,0.423129989019008,0.4429,6,22,22,28,onion;sweet_potato;corn;garlic;spring_potato;red_pepper,0.124156099733223,-0.176298692602657,0.424610892069103,0.44113,4.71844785465692e-16,0.443
annual,Leave out Soybean,Leave out Soybean,ln_production,Log production,1,after nationwide availability,0.00529813702885956,0.150725776027717,-0.280764084702356,0.291360358760075,0.9731,6,22,22,28,onion;sweet_potato;corn;garlic;spring_potato;red_pepper,0.00529813702885933,-0.281205777529576,0.291802051587295,0.97285,2.31585584042904e-16,0.973
annual,Leave out Soybean,Leave out Soybean,ln_production,Log production,2,after nationwide availability,-0.0975480901287786,0.207693526842499,-0.484348904373929,0.289252724116371,0.6409,6,20,22,28,onion;sweet_potato;corn;garlic;spring_potato;red_pepper,-0.0975480901287784,-0.486521964446445,0.291425784188888,0.64978,2.08166817117217e-16,0.641
annual,Leave out Soybean,Leave out Soybean,ln_production,Log production,3,after nationwide availability,-0.0625507540887227,0.175403666695411,-0.397290781097841,0.272189272920396,0.7186,6,20,22,28,onion;sweet_potato;corn;garlic;spring_potato;red_pepper,-0.0625507540887221,-0.396003322892478,0.270901814715034,0.72634,6.10622663543836e-16,0.719
annual,Leave out Soybean,Leave out Soybean,ln_production,Log production,4,after nationwide availability,-0.048588564114378,0.155752136556609,-0.347344076697037,0.250166948468281,0.7563,6,15,22,28,onion;sweet_potato;corn;garlic;spring_potato;red_pepper,-0.0485885641143773,-0.344012631144678,0.246835502915923,0.76021,7.21644966006352e-16,0.756
annual,Leave out Soybean,Leave out Soybean,ln_production,Log production,5,after nationwide availability,-0.0329775746230375,0.162817712870797,-0.33854413958317,0.272588990337095,0.8446,6,14,20,26,onion;sweet_potato;corn;garlic;spring_potato;red_pepper,-0.0329775746230378,-0.336978233680586,0.27102308443451,0.84779,3.12250225675825e-16,0.845
annual,Leave out Soybean,Leave out Soybean,ln_production,Log production,6,after nationwide availability,0.179465531255372,0.171518494087177,-0.147857024652264,0.506788087163008,0.29,6,11,20,26,onion;sweet_potato;corn;garlic;spring_potato;red_pepper,0.179465531255372,-0.146253507525153,0.505184570035898,0.29829,5.55111512312578e-17,0.290
annual,Leave out Soybean,Leave out Soybean,ln_production,Log production,7,after nationwide availability,0.167279007299015,0.225469138547144,-0.252699567652898,0.587257582250928,0.4682,6,10,15,21,onion;sweet_potato;corn;garlic;spring_potato;red_pepper,0.167279007299014,-0.250924945938866,0.585482960536894,0.47356,8.04911692853239e-16,0.468
annual,Leave out Soybean,Leave out Soybean,ln_production,Log production,8,after nationwide availability,0.0127092011628149,0.222783839940499,-0.403513532182069,0.428931934507699,0.9526,6,10,14,20,onion;sweet_potato;corn;garlic;spring_potato;red_pepper,0.0127092011628154,-0.405525557886134,0.430943960211765,0.95456,5.23886489744996e-16,0.953
annual,Leave out Soybean,Leave out Soybean,ln_production,Log production,9,after nationwide availability,-0.0806166581115451,0.251127674277943,-0.554929917208804,0.393696600985714,0.7521,6,8,11,17,onion;sweet_potato;corn;garlic;spring_potato;red_pepper,-0.0806166581115447,-0.552931111607496,0.391697795384406,0.74722,4.44089209850063e-16,0.752
annual,Leave out Soybean,Leave out Soybean,ln_yield,Log yield per 10a,-12,clean pre-pilot (placebo),-0.0730723531867246,0.0710981186585111,-0.207274123614346,0.061129417240897,0.3187,6,22,27,28,onion;sweet_potato;corn;garlic;spring_potato;red_pepper,-0.0730723531867237,-0.206690360926372,0.0605456545529248,0.31554,9.43689570931383e-16,0.319
annual,Leave out Soybean,Leave out Soybean,ln_yield,Log yield per 10a,-11,clean pre-pilot (placebo),-0.0145048122451949,0.0585194909907825,-0.119034750227079,0.0900251257366888,0.8357,6,22,27,28,onion;sweet_potato;corn;garlic;spring_potato;red_pepper,-0.0145048122451941,-0.119004406415537,0.0899947819251483,0.83914,7.94503351997378e-16,0.836
annual,Leave out Soybean,Leave out Soybean,ln_yield,Log yield per 10a,-10,clean pre-pilot (placebo),-0.00821665666004087,0.0461829473753979,-0.091915181525439,0.0754818682053573,0.8736,6,22,27,28,onion;sweet_potato;corn;garlic;spring_potato;red_pepper,-0.00821665666004018,-0.0921342865136151,0.0757009731935348,0.8789,6.92154666914746e-16,0.874
annual,Leave out Soybean,Leave out Soybean,ln_yield,Log yield per 10a,-9,clean pre-pilot (placebo),-0.0492556636002057,0.0635143333081559,-0.168238161363376,0.0697268341629642,0.4651,6,22,27,28,onion;sweet_potato;corn;garlic;spring_potato;red_pepper,-0.0492556636002049,-0.167456170342059,0.068944843141649,0.45826,7.97972798949331e-16,0.465
annual,Leave out Soybean,Leave out Soybean,ln_yield,Log yield per 10a,-8,clean pre-pilot (placebo),-0.0374233009736011,0.0300974020911151,-0.0928057112397827,0.0179591092925805,0.2264,5,22,27,28,onion;sweet_potato;corn;garlic;spring_potato,-0.0374233009736011,-0.0924660631670015,0.0176194612197993,0.22446,1.38777878078145e-17,0.226
annual,Leave out Soybean,Leave out Soybean,ln_yield,Log yield per 10a,-7,clean pre-pilot (placebo),-0.022324842467174,0.0311291511637329,-0.0795074574671736,0.0348577725328257,0.5046,5,22,27,28,onion;sweet_potato;corn;garlic;spring_potato,-0.022324842467174,-0.0796975734373493,0.0350478885030013,0.50401,2.08166817117217e-17,0.505
annual,Leave out Soybean,Leave out Soybean,ln_yield,Log yield per 10a,-6,clean pre-pilot (placebo),-0.0394071109114629,0.0300144934439736,-0.0923281192545831,0.0135138974316573,0.21,4,22,25,26,onion;sweet_potato;corn;garlic,-0.0394071109114628,-0.0920042291004147,0.0131900072774891,0.20114,1.17961196366423e-16,0.210
annual,Leave out Soybean,Leave out Soybean,ln_yield,Log yield per 10a,-5,clean pre-pilot (placebo),-0.00782944054885646,0.0298890974622818,-0.0619909520044984,0.0463320709067855,0.8108,2,22,25,26,onion;garlic,-0.00782944054885679,-0.0622692955538148,0.0466104144561013,0.80987,3.34801630863524e-16,0.811
annual,Leave out Soybean,Leave out Soybean,ln_yield,Log yield per 10a,0,after nationwide availability,0.00684963735292968,0.0362680220325071,-0.0627186884945578,0.0764179632004172,0.8464,6,22,22,28,onion;sweet_potato;corn;garlic;spring_potato;red_pepper,0.00684963735292962,-0.0626723341969253,0.0763716089027845,0.85148,6.41847686111419e-17,0.846
annual,Leave out Soybean,Leave out Soybean,ln_yield,Log yield per 10a,1,after nationwide availability,-0.0135203353782502,0.0311312657311884,-0.0736269332119641,0.0465862624554636,0.6654,6,22,22,28,onion;sweet_potato;corn;garlic;spring_potato;red_pepper,-0.0135203353782505,-0.0731253278981506,0.0460846571416496,0.66278,2.8275992658422e-16,0.665
annual,Leave out Soybean,Leave out Soybean,ln_yield,Log yield per 10a,2,after nationwide availability,-0.0802213642202801,0.0671114034794523,-0.201658241753842,0.0412155133132815,0.2464,6,20,22,28,onion;sweet_potato;corn;garlic;spring_potato;red_pepper,-0.0802213642202799,-0.200318137770214,0.0398754093296538,0.24706,1.80411241501588e-16,0.246
annual,Leave out Soybean,Leave out Soybean,ln_yield,Log yield per 10a,3,after nationwide availability,-0.0403717682231019,0.0400009214749959,-0.117249828563005,0.0365062921168013,0.3156,6,20,22,28,onion;sweet_potato;corn;garlic;spring_potato;red_pepper,-0.0403717682231018,-0.116907163379265,0.0361636269330615,0.31167,8.32667268468867e-17,0.316
annual,Leave out Soybean,Leave out Soybean,ln_yield,Log yield per 10a,4,after nationwide availability,-0.116684766269398,0.0495366033271591,-0.211451592262129,-0.0219179402766668,0.0133,6,15,22,28,onion;sweet_potato;corn;garlic;spring_potato;red_pepper,-0.116684766269398,-0.21041060033555,-0.0229589322032448,0.01186,2.77555756156289e-17,0.013
annual,Leave out Soybean,Leave out Soybean,ln_yield,Log yield per 10a,5,after nationwide availability,-0.143872162452483,0.0630160734611618,-0.263345184544893,-0.0243991403600722,0.0118,6,14,20,26,onion;sweet_potato;corn;garlic;spring_potato;red_pepper,-0.143872162452483,-0.261700344725768,-0.0260439801791986,0.01163,2.22044604925031e-16,0.012
annual,Leave out Soybean,Leave out Soybean,ln_yield,Log yield per 10a,6,after nationwide availability,-0.0597332160192263,0.0456238253576596,-0.14644620256171,0.0269797705232577,0.1838,6,11,20,26,onion;sweet_potato;corn;garlic;spring_potato;red_pepper,-0.0597332160192269,-0.146650512755152,0.0271840807166985,0.18564,6.38378239159465e-16,0.184
annual,Leave out Soybean,Leave out Soybean,ln_yield,Log yield per 10a,7,after nationwide availability,-0.0349196757872661,0.0932281049455808,-0.212204102848047,0.142364751273515,0.7144,6,10,15,21,onion;sweet_potato;corn;garlic;spring_potato;red_pepper,-0.0349196757872664,-0.210801192426909,0.140961840852376,0.70938,3.46944695195361e-16,0.714
annual,Leave out Soybean,Leave out Soybean,ln_yield,Log yield per 10a,8,after nationwide availability,-0.0406592606436098,0.0924991994807091,-0.217798932221821,0.136480410934602,0.663,6,10,14,20,onion;sweet_potato;corn;garlic;spring_potato;red_pepper,-0.0406592606436095,-0.215026163935758,0.133707642648539,0.66158,2.98372437868011e-16,0.663
annual,Leave out Soybean,Leave out Soybean,ln_yield,Log yield per 10a,9,after nationwide availability,-0.0898873357900007,0.101243161138129,-0.281805839714589,0.102031168134587,0.3683,6,8,11,17,onion;sweet_potato;corn;garlic;spring_potato;red_pepper,-0.0898873357900005,-0.280534210035834,0.100759538455833,0.37378,1.66533453693773e-16,0.368
annual,Leave out Spring potato,Leave out Spring potato,ln_area,Log cultivated area,-12,clean pre-pilot (placebo),-0.255912074741447,0.140822027736264,-0.516073335357698,0.00424918587480455,0.0556,6,22,27,28,soybean;onion;sweet_potato;corn;garlic;red_pepper,-0.255912074741446,-0.514280434883646,0.00245628540075343,0.05303,8.88178419700125e-16,0.056
annual,Leave out Spring potato,Leave out Spring potato,ln_area,Log cultivated area,-11,clean pre-pilot (placebo),-0.164300521857703,0.0921393827525666,-0.335767985889145,0.00716694217373809,0.0632,6,22,27,28,soybean;onion;sweet_potato;corn;garlic;red_pepper,-0.164300521857702,-0.335191940291409,0.00659089657600484,0.06221,1.22124532708767e-15,0.063
annual,Leave out Spring potato,Leave out Spring potato,ln_area,Log cultivated area,-10,clean pre-pilot (placebo),-0.149985127363612,0.0850768699052934,-0.303635473667218,0.00366521893999344,0.0577,6,22,27,28,soybean;onion;sweet_potato;corn;garlic;red_pepper,-0.149985127363611,-0.304512763778005,0.00454250905078196,0.05996,1.33226762955019e-15,0.058
annual,Leave out Spring potato,Leave out Spring potato,ln_area,Log cultivated area,-9,clean pre-pilot (placebo),-0.154515662993281,0.0754026304837229,-0.292464967224359,-0.0165663587622022,0.0239,6,22,27,28,soybean;onion;sweet_potato;corn;garlic;red_pepper,-0.15451566299328,-0.293011158565459,-0.0160201674211,0.0229,7.7715611723761e-16,0.024
annual,Leave out Spring potato,Leave out Spring potato,ln_area,Log cultivated area,-8,clean pre-pilot (placebo),-0.0760422920217463,0.0685445095620444,-0.202878936422503,0.0507943523790099,0.28,5,22,27,28,soybean;onion;sweet_potato;corn;garlic,-0.0760422920217464,-0.204212320567896,0.0521277365244036,0.27895,6.93889390390723e-17,0.280
annual,Leave out Spring potato,Leave out Spring potato,ln_area,Log cultivated area,-7,clean pre-pilot (placebo),-0.0283992411836526,0.0931298091570771,-0.201181937360015,0.14438345499271,0.7735,5,22,27,28,soybean;onion;sweet_potato;corn;garlic,-0.0283992411836524,-0.201576152786225,0.14477767041892,0.76981,2.1163626406917e-16,0.773
annual,Leave out Spring potato,Leave out Spring potato,ln_area,Log cultivated area,-6,clean pre-pilot (placebo),0.0334940775714329,0.0451600535523421,-0.0521520837381365,0.119140238881002,0.4722,5,22,27,28,soybean;onion;sweet_potato;corn;garlic,0.0334940775714323,-0.0520496044648405,0.119037759607705,0.47569,5.96744875736022e-16,0.472
annual,Leave out Spring potato,Leave out Spring potato,ln_area,Log cultivated area,-5,clean pre-pilot (placebo),0.116459209164212,0.0824362915088273,-0.0168889665292276,0.249807384857652,0.123,2,22,25,26,onion;garlic,0.116459209164212,-0.0170620113748905,0.249980429703315,0.123,3.19189119579733e-16,0.123
annual,Leave out Spring potato,Leave out Spring potato,ln_area,Log cultivated area,0,after nationwide availability,0.0592556903607173,0.144554974889333,-0.21571065379571,0.334222034517145,0.6784,6,22,22,28,soybean;onion;sweet_potato;corn;garlic;red_pepper,0.0592556903607171,-0.215866945607425,0.334378326328859,0.68731,1.45716771982052e-16,0.678
annual,Leave out Spring potato,Leave out Spring potato,ln_area,Log cultivated area,1,after nationwide availability,-0.00793254324298905,0.1385633091744,-0.270027573650592,0.254162487164614,0.952,6,22,22,28,soybean;onion;sweet_potato;corn;garlic;red_pepper,-0.00793254324298923,-0.272153729589166,0.256288643103188,0.95589,1.83880688453542e-16,0.952
annual,Leave out Spring potato,Leave out Spring potato,ln_area,Log cultivated area,2,after nationwide availability,-0.0382270140547898,0.163029622458134,-0.342471185241092,0.266017157131512,0.8195,6,20,22,28,soybean;onion;sweet_potato;corn;garlic;red_pepper,-0.0382270140547896,-0.344756507071033,0.268302478961454,0.82005,2.08166817117217e-16,0.820
annual,Leave out Spring potato,Leave out Spring potato,ln_area,Log cultivated area,3,after nationwide availability,-0.0982008130475479,0.153949575572362,-0.388141431453613,0.191739805358517,0.5257,6,20,22,28,soybean;onion;sweet_potato;corn;garlic;red_pepper,-0.0982008130475478,-0.392157762052368,0.195756135957272,0.52623,1.38777878078145e-16,0.526
annual,Leave out Spring potato,Leave out Spring potato,ln_area,Log cultivated area,4,after nationwide availability,-0.0380221888356974,0.143725369149048,-0.312640024531559,0.236595646860164,0.8013,6,15,22,28,soybean;onion;sweet_potato;corn;garlic;red_pepper,-0.0380221888356971,-0.31207330969492,0.236028932023526,0.79367,3.05311331771918e-16,0.801
annual,Leave out Spring potato,Leave out Spring potato,ln_area,Log cultivated area,5,after nationwide availability,-0.0076389038077399,0.139648642390829,-0.275408883501048,0.260131075885568,0.9577,6,14,20,26,soybean;onion;sweet_potato;corn;garlic;red_pepper,-0.0076389038077397,-0.272877176322895,0.257599368707415,0.95729,1.98625837999344e-16,0.958
annual,Leave out Spring potato,Leave out Spring potato,ln_area,Log cultivated area,6,after nationwide availability,0.0999080549928079,0.171107992876145,-0.224363754735224,0.424179864720839,0.5796,6,11,20,26,soybean;onion;sweet_potato;corn;garlic;red_pepper,0.0999080549928073,-0.223989806749027,0.423805916734642,0.57034,6.38378239159465e-16,0.580
annual,Leave out Spring potato,Leave out Spring potato,ln_area,Log cultivated area,7,after nationwide availability,0.113085430230724,0.172091893952656,-0.212180629822471,0.438351490283918,0.5225,6,10,15,21,soybean;onion;sweet_potato;corn;garlic;red_pepper,0.113085430230723,-0.213295067812591,0.439465928274037,0.51431,8.04911692853239e-16,0.522
annual,Leave out Spring potato,Leave out Spring potato,ln_area,Log cultivated area,8,after nationwide availability,-0.00615434024124334,0.171940683201168,-0.32905728122988,0.316748600747393,0.9728,6,10,14,20,soybean;onion;sweet_potato;corn;garlic;red_pepper,-0.00615434024124358,-0.331986020136581,0.319677339654094,0.97188,2.41126563160776e-16,0.973
annual,Leave out Spring potato,Leave out Spring potato,ln_area,Log cultivated area,9,after nationwide availability,-0.0441586107209324,0.193906456862373,-0.408092177352795,0.319774955910931,0.8232,6,8,11,17,soybean;onion;sweet_potato;corn;garlic;red_pepper,-0.0441586107209317,-0.410605440873595,0.322288219431732,0.821,6.73072708679001e-16,0.823
annual,Leave out Spring potato,Leave out Spring potato,ln_production,Log production,-12,clean pre-pilot (placebo),-0.304733647594573,0.144475380857919,-0.57405014199763,-0.0354171531915156,0.0225,6,22,27,28,soybean;onion;sweet_potato;corn;garlic;red_pepper,-0.304733647594571,-0.574627652421102,-0.0348396427680407,0.02212,1.94289029309402e-15,0.022
annual,Leave out Spring potato,Leave out Spring potato,ln_production,Log production,-11,clean pre-pilot (placebo),-0.16547972509628,0.0794899015273456,-0.31542617743913,-0.0155332727534311,0.0298,6,22,27,28,soybean;onion;sweet_potato;corn;garlic;red_pepper,-0.165479725096279,-0.316148800364165,-0.0148106498283922,0.02889,1.33226762955019e-15,0.030
annual,Leave out Spring potato,Leave out Spring potato,ln_production,Log production,-10,clean pre-pilot (placebo),-0.150400826685781,0.0697335146378961,-0.283593194340368,-0.0172084590311943,0.0232,6,22,27,28,soybean;onion;sweet_potato;corn;garlic;red_pepper,-0.15040082668578,-0.282607294538264,-0.0181943588332954,0.0231,1.02695629777827e-15,0.023
annual,Leave out Spring potato,Leave out Spring potato,ln_production,Log production,-9,clean pre-pilot (placebo),-0.200473743166944,0.091030982086002,-0.37240949846511,-0.0285379878687776,0.0177,6,22,27,28,soybean;onion;sweet_potato;corn;garlic;red_pepper,-0.200473743166942,-0.372916027691828,-0.0280314586420551,0.0177,1.72084568816899e-15,0.018
annual,Leave out Spring potato,Leave out Spring potato,ln_production,Log production,-8,clean pre-pilot (placebo),-0.0924015481637081,0.0745514676769241,-0.23535017380824,0.0505470774808236,0.2206,5,22,27,28,soybean;onion;sweet_potato;corn;garlic,-0.092401548163708,-0.233595624941653,0.0487925286142368,0.21968,1.38777878078145e-16,0.221
annual,Leave out Spring potato,Leave out Spring potato,ln_production,Log production,-7,clean pre-pilot (placebo),-0.0235461331249052,0.117576419070146,-0.234507798864448,0.187415532614638,0.8418,5,22,27,28,soybean;onion;sweet_potato;corn;garlic,-0.0235461331249056,-0.233730567419483,0.186638301169672,0.84179,4.33680868994202e-16,0.842
annual,Leave out Spring potato,Leave out Spring potato,ln_production,Log production,-6,clean pre-pilot (placebo),0.0389569588668926,0.0804727049533346,-0.102930420346675,0.18084433808046,0.6946,5,22,27,28,soybean;onion;sweet_potato;corn;garlic,0.0389569588668917,-0.103691796021226,0.18160571375501,0.69711,9.29811783123569e-16,0.695
annual,Leave out Spring potato,Leave out Spring potato,ln_production,Log production,-5,clean pre-pilot (placebo),0.108284506074553,0.0987574617993065,-0.0425663427011117,0.259135354850217,0.3171,2,22,25,26,onion;garlic,0.108284506074552,-0.0431318907810715,0.259700902930176,0.31541,6.93889390390723e-16,0.317
annual,Leave out Spring potato,Leave out Spring potato,ln_production,Log production,0,after nationwide availability,0.0780642372865555,0.14448106989462,-0.195916312189036,0.352044786762147,0.5995,6,22,22,28,soybean;onion;sweet_potato;corn;garlic;red_pepper,0.0780642372865559,-0.196026179191671,0.352154653764783,0.5969,3.60822483003176e-16,0.600
annual,Leave out Spring potato,Leave out Spring potato,ln_production,Log production,1,after nationwide availability,0.0339244341248688,0.158468446041135,-0.265786964880799,0.333635833130537,0.8371,6,22,22,28,soybean;onion;sweet_potato;corn;garlic;red_pepper,0.0339244341248687,-0.266806256541962,0.3346551247917,0.83425,1.17961196366423e-16,0.837
annual,Leave out Spring potato,Leave out Spring potato,ln_production,Log production,2,after nationwide availability,-0.073851089002512,0.212009167018982,-0.470109652603772,0.322407474598748,0.7407,6,20,22,28,soybean;onion;sweet_potato;corn;garlic;red_pepper,-0.0738510890025117,-0.471296332556375,0.323594154551352,0.73993,3.46944695195361e-16,0.741
annual,Leave out Spring potato,Leave out Spring potato,ln_production,Log production,3,after nationwide availability,-0.0930550410857293,0.166743613837797,-0.411068205329035,0.224958123157576,0.5837,6,20,22,28,soybean;onion;sweet_potato;corn;garlic;red_pepper,-0.0930550410857284,-0.410778953897602,0.224668871726145,0.58356,9.0205620750794e-16,0.584
annual,Leave out Spring potato,Leave out Spring potato,ln_production,Log production,4,after nationwide availability,-0.0957260035145428,0.163586532512288,-0.4105081685074,0.219056161478314,0.5649,6,15,22,28,soybean;onion;sweet_potato;corn;garlic;red_pepper,-0.095726003514542,-0.40656578351579,0.215113776486706,0.56495,8.04911692853239e-16,0.565
annual,Leave out Spring potato,Leave out Spring potato,ln_production,Log production,5,after nationwide availability,-0.0938013876774214,0.160627894196492,-0.399297992637067,0.211695217282225,0.566,6,14,20,26,soybean;onion;sweet_potato;corn;garlic;red_pepper,-0.0938013876774213,-0.39708419456362,0.209481419208778,0.57061,1.38777878078145e-16,0.566
annual,Leave out Spring potato,Leave out Spring potato,ln_production,Log production,6,after nationwide availability,0.0917256928869683,0.167001989712931,-0.226735731130594,0.41018711690453,0.582,6,11,20,26,soybean;onion;sweet_potato;corn;garlic;red_pepper,0.0917256928869687,-0.225245596069901,0.408696981843839,0.58906,4.02455846426619e-16,0.582
annual,Leave out Spring potato,Leave out Spring potato,ln_production,Log production,7,after nationwide availability,0.132349505487806,0.222605694885973,-0.281340955432566,0.546039966408179,0.563,6,10,15,21,soybean;onion;sweet_potato;corn;garlic;red_pepper,0.132349505487806,-0.282291026192438,0.546990037168051,0.56791,3.33066907387547e-16,0.563
annual,Leave out Spring potato,Leave out Spring potato,ln_production,Log production,8,after nationwide availability,-0.0246146316446106,0.218542904523799,-0.435477677423297,0.386248414134076,0.9095,6,10,14,20,soybean;onion;sweet_potato;corn;garlic;red_pepper,-0.0246146316446105,-0.43555479594288,0.386325532653659,0.91171,1.14491749414469e-16,0.909
annual,Leave out Spring potato,Leave out Spring potato,ln_production,Log production,9,after nationwide availability,-0.0454520371231554,0.246971925820893,-0.504265692106569,0.413361617860258,0.8532,6,8,11,17,soybean;onion;sweet_potato;corn;garlic;red_pepper,-0.0454520371231538,-0.511032864037036,0.420128789790728,0.85318,1.58900670399476e-15,0.853
annual,Leave out Spring potato,Leave out Spring potato,ln_yield,Log yield per 10a,-12,clean pre-pilot (placebo),-0.0499861500587913,0.0660908070265353,-0.172971514563865,0.0729992144462824,0.4699,6,22,27,28,soybean;onion;sweet_potato;corn;garlic;red_pepper,-0.0499861500587904,-0.173237276630803,0.0732649765132226,0.4711,9.08995101411847e-16,0.470
annual,Leave out Spring potato,Leave out Spring potato,ln_yield,Log yield per 10a,-11,clean pre-pilot (placebo),-0.00235185453891533,0.0595007119644867,-0.108292017543386,0.103588308465555,0.9735,6,22,27,28,soybean;onion;sweet_potato;corn;garlic;red_pepper,-0.0023518545389145,-0.108409005256959,0.10370529617913,0.97533,8.29631502385908e-16,0.974
annual,Leave out Spring potato,Leave out Spring potato,ln_yield,Log yield per 10a,-10,clean pre-pilot (placebo),-0.000827697471435865,0.0451834593141544,-0.0819448271515897,0.080289432208718,0.9862,6,22,27,28,soybean;onion;sweet_potato;corn;garlic;red_pepper,-0.000827697471434958,-0.0823079681197581,0.0806525731768882,0.98758,9.06826697066876e-16,0.986
annual,Leave out Spring potato,Leave out Spring potato,ln_yield,Log yield per 10a,-9,clean pre-pilot (placebo),-0.0456225638242422,0.0640509797107167,-0.164795029578148,0.0735499019296636,0.4977,6,22,27,28,soybean;onion;sweet_potato;corn;garlic;red_pepper,-0.0456225638242413,-0.164728275696198,0.0734831480477158,0.49435,8.67361737988404e-16,0.498
annual,Leave out Spring potato,Leave out Spring potato,ln_yield,Log yield per 10a,-8,clean pre-pilot (placebo),-0.0161551691065992,0.0368667940053343,-0.0855129839884575,0.053202645775259,0.668,5,22,27,28,soybean;onion;sweet_potato;corn;garlic,-0.0161551691065993,-0.0851884109210987,0.0528780727079001,0.66887,7.97972798949331e-17,0.668
annual,Leave out Spring potato,Leave out Spring potato,ln_yield,Log yield per 10a,-7,clean pre-pilot (placebo),0.00477121124116051,0.0450984462411567,-0.0765166612703181,0.0860590837526392,0.9205,5,22,27,28,soybean;onion;sweet_potato;corn;garlic,0.00477121124116052,-0.0773759082783245,0.0869183307606456,0.92108,7.80625564189563e-18,0.920
annual,Leave out Spring potato,Leave out Spring potato,ln_yield,Log yield per 10a,-6,clean pre-pilot (placebo),0.0052496930653264,0.0426069234655819,-0.0671318736713362,0.077631259801989,0.9237,5,22,27,28,soybean;onion;sweet_potato;corn;garlic,0.00524969306532586,-0.0672502620617456,0.0777496481923973,0.92355,5.36896915814822e-16,0.924
annual,Leave out Spring potato,Leave out Spring potato,ln_yield,Log yield per 10a,-5,clean pre-pilot (placebo),-0.00782944054885646,0.0315140131697816,-0.0650441825917149,0.049385301494002,0.8099,2,22,25,26,onion;garlic,-0.00782944054885679,-0.0653854598441217,0.0497265787464081,0.8071,3.34801630863524e-16,0.810
annual,Leave out Spring potato,Leave out Spring potato,ln_yield,Log yield per 10a,0,after nationwide availability,0.0194203883047907,0.037097316468435,-0.052429276715215,0.0912700533247964,0.6081,6,22,22,28,soybean;onion;sweet_potato;corn;garlic;red_pepper,0.0194203883047907,-0.0516850479777238,0.0905258245873052,0.59972,3.46944695195361e-17,0.608
annual,Leave out Spring potato,Leave out Spring potato,ln_yield,Log yield per 10a,1,after nationwide availability,0.0424953382757901,0.0574117595288856,-0.0624765730463012,0.147467249597881,0.5084,6,22,22,28,soybean;onion;sweet_potato;corn;garlic;red_pepper,0.0424953382757899,-0.0617007298148349,0.146691406366415,0.50353,2.4980018054066e-16,0.508
annual,Leave out Spring potato,Leave out Spring potato,ln_yield,Log yield per 10a,2,after nationwide availability,-0.0347235370068695,0.0799839382522374,-0.177994388903438,0.108547314889699,0.6837,6,20,22,28,soybean;onion;sweet_potato;corn;garlic;red_pepper,-0.0347235370068692,-0.177874579015474,0.108427505001736,0.68872,2.91433543964104e-16,0.684
annual,Leave out Spring potato,Leave out Spring potato,ln_yield,Log yield per 10a,3,after nationwide availability,0.00544497862001492,0.0578489149451216,-0.103357020155632,0.114246977395662,0.9295,6,20,22,28,soybean;onion;sweet_potato;corn;garlic;red_pepper,0.00544497862001513,-0.102812345191151,0.113702302431181,0.92894,2.09034178855205e-16,0.929
annual,Leave out Spring potato,Leave out Spring potato,ln_yield,Log yield per 10a,4,after nationwide availability,-0.0574813507177419,0.0467140760649228,-0.146385556541117,0.0314228551056331,0.2194,6,15,22,28,soybean;onion;sweet_potato;corn;garlic;red_pepper,-0.0574813507177415,-0.146469108152122,0.0315064067166387,0.21606,3.95516952522712e-16,0.219
annual,Leave out Spring potato,Leave out Spring potato,ln_yield,Log yield per 10a,5,after nationwide availability,-0.0859677894215229,0.0844088394148658,-0.240935866978434,0.069000288135388,0.3286,6,14,20,26,soybean;onion;sweet_potato;corn;garlic;red_pepper,-0.0859677894215228,-0.241805459843245,0.0698698810001996,0.33411,5.55111512312578e-17,0.329
annual,Leave out Spring potato,Leave out Spring potato,ln_yield,Log yield per 10a,6,after nationwide availability,-0.00808018639894533,0.0557557568219345,-0.113530756836765,0.0973703840388744,0.8838,6,11,20,26,soybean;onion;sweet_potato;corn;garlic;red_pepper,-0.00808018639894581,-0.113021926517278,0.0968615537193867,0.88651,4.78783679369599e-16,0.884
annual,Leave out Spring potato,Leave out Spring potato,ln_yield,Log yield per 10a,7,after nationwide availability,0.0190749810863508,0.0917088583027216,-0.150279137189197,0.188429099361899,0.8433,6,10,15,21,soybean;onion;sweet_potato;corn;garlic;red_pepper,0.0190749810863506,-0.15202212520734,0.190172087380041,0.84122,1.70002900645727e-16,0.843
annual,Leave out Spring potato,Leave out Spring potato,ln_yield,Log yield per 10a,8,after nationwide availability,-0.0187127495842941,0.0919706793570464,-0.19002948163127,0.152603982462682,0.8361,6,10,14,20,soybean;onion;sweet_potato;corn;garlic;red_pepper,-0.0187127495842942,-0.192132865640579,0.154707366471991,0.84057,1.14491749414469e-16,0.836
annual,Leave out Spring potato,Leave out Spring potato,ln_yield,Log yield per 10a,9,after nationwide availability,-0.00198845377875059,0.104441324500582,-0.196598481782537,0.192621574225036,0.9849,6,8,11,17,soybean;onion;sweet_potato;corn;garlic;red_pepper,-0.0019884537787499,-0.19880860007832,0.19483169252082,0.98458,6.86083134748827e-16,0.985
annual,Leave out Sweet potato,Leave out Sweet potato,ln_area,Log cultivated area,-12,clean pre-pilot (placebo),-0.17574999875317,0.106735359670895,-0.3710373304846,0.0195373329782589,0.0892,6,22,27,28,soybean;onion;corn;garlic;spring_potato;red_pepper,-0.17574999875317,-0.371469077888518,0.0199690803821775,0.08877,3.33066907387547e-16,0.089
annual,Leave out Sweet potato,Leave out Sweet potato,ln_area,Log cultivated area,-11,clean pre-pilot (placebo),-0.108706951260668,0.0691931033034229,-0.239272990515747,0.0218590879944113,0.11,6,22,27,28,soybean;onion;corn;garlic;spring_potato;red_pepper,-0.108706951260668,-0.239716891640882,0.0223029891195467,0.11365,9.71445146547012e-17,0.110
annual,Leave out Sweet potato,Leave out Sweet potato,ln_area,Log cultivated area,-10,clean pre-pilot (placebo),-0.118512093287756,0.067663597246677,-0.247689981489056,0.010665794913544,0.0728,6,22,27,28,soybean;onion;corn;garlic;spring_potato;red_pepper,-0.118512093287756,-0.247271283730382,0.0102470971548705,0.07352,6.93889390390723e-17,0.073
annual,Leave out Sweet potato,Leave out Sweet potato,ln_area,Log cultivated area,-9,clean pre-pilot (placebo),-0.115796965489183,0.0683864827567829,-0.238791630523467,0.00719769954510058,0.069,6,22,27,28,soybean;onion;corn;garlic;spring_potato;red_pepper,-0.115796965489183,-0.237556507849942,0.00596257687157642,0.06656,0,0.069
annual,Leave out Sweet potato,Leave out Sweet potato,ln_area,Log cultivated area,-8,clean pre-pilot (placebo),0.024177128051174,0.0979937838703993,-0.152290797796599,0.200645053898947,0.8079,5,22,27,28,soybean;onion;corn;garlic;spring_potato,0.0241771280511749,-0.152526424995446,0.200880681097796,0.8103,8.70831184940357e-16,0.808
annual,Leave out Sweet potato,Leave out Sweet potato,ln_area,Log cultivated area,-7,clean pre-pilot (placebo),0.0203961105200712,0.0874445417543847,-0.138477543042168,0.17926976408231,0.804,5,22,27,28,soybean;onion;corn;garlic;spring_potato,0.0203961105200719,-0.137672043584987,0.178464264625131,0.80684,6.97358837342677e-16,0.804
annual,Leave out Sweet potato,Leave out Sweet potato,ln_area,Log cultivated area,-6,clean pre-pilot (placebo),0.0151639249367673,0.0454474679249694,-0.0688952723274019,0.0992231222009364,0.7548,4,22,27,28,soybean;onion;corn;garlic,0.0151639249367671,-0.068949027925032,0.0992768777985663,0.75693,1.75207071073658e-16,0.755
annual,Leave out Sweet potato,Leave out Sweet potato,ln_area,Log cultivated area,-5,clean pre-pilot (placebo),0.118366089572559,0.0846100897174958,-0.0227826486541725,0.25951482779929,0.1439,2,22,24,25,onion;garlic,0.118366089572558,-0.022183920836724,0.258916099981841,0.1413,7.91033905045424e-16,0.144
annual,Leave out Sweet potato,Leave out Sweet potato,ln_area,Log cultivated area,0,after nationwide availability,0.11487943318858,0.160816072096888,-0.194171331257626,0.423930197634785,0.4848,6,22,22,28,soybean;onion;corn;garlic;spring_potato;red_pepper,0.114879433188579,-0.191552014907116,0.421310881284274,0.4787,7.07767178198537e-16,0.485
annual,Leave out Sweet potato,Leave out Sweet potato,ln_area,Log cultivated area,1,after nationwide availability,0.0114977163018181,0.142579394526894,-0.262167105074392,0.285162537678028,0.9345,6,22,22,28,soybean;onion;corn;garlic;spring_potato;red_pepper,0.0114977163018182,-0.259803005565334,0.28279843816897,0.93645,5.55111512312578e-17,0.934
annual,Leave out Sweet potato,Leave out Sweet potato,ln_area,Log cultivated area,2,after nationwide availability,-0.02074091525039,0.164893216295088,-0.331807787015682,0.290325956514902,0.902,6,20,22,28,soybean;onion;corn;garlic;spring_potato;red_pepper,-0.0207409152503898,-0.331789774889707,0.290307944388927,0.90158,1.49186218934005e-16,0.902
annual,Leave out Sweet potato,Leave out Sweet potato,ln_area,Log cultivated area,3,after nationwide availability,-0.10255832491277,0.151247018107283,-0.390123482210155,0.185006832384615,0.4982,6,20,22,28,soybean;onion;corn;garlic;spring_potato;red_pepper,-0.10255832491277,-0.390557451098977,0.185440801273437,0.50075,1.11022302462516e-16,0.498
annual,Leave out Sweet potato,Leave out Sweet potato,ln_area,Log cultivated area,4,after nationwide availability,-0.0326871138754991,0.142668562602962,-0.304582161896853,0.239207934145855,0.8201,6,15,22,28,soybean;onion;corn;garlic;spring_potato;red_pepper,-0.0326871138754987,-0.303891673408258,0.238517445657261,0.81922,3.60822483003176e-16,0.820
annual,Leave out Sweet potato,Leave out Sweet potato,ln_area,Log cultivated area,5,after nationwide availability,0.0129462163921317,0.144172285247686,-0.262809879243171,0.288702312027434,0.9241,6,14,20,26,soybean;onion;corn;garlic;spring_potato;red_pepper,0.012946216392132,-0.260558880391561,0.286451313175825,0.92846,2.53269627492614e-16,0.924
annual,Leave out Sweet potato,Leave out Sweet potato,ln_area,Log cultivated area,6,after nationwide availability,0.139345301495968,0.1796347106115,-0.203593578890509,0.482284181882444,0.4429,6,11,20,26,soybean;onion;corn;garlic;spring_potato;red_pepper,0.139345301495967,-0.201026767171303,0.479717370163237,0.44034,5.82867087928207e-16,0.443
annual,Leave out Sweet potato,Leave out Sweet potato,ln_area,Log cultivated area,7,after nationwide availability,0.133890010719525,0.17312178157085,-0.194867117542032,0.462647138981082,0.4371,6,10,15,21,soybean;onion;corn;garlic;spring_potato;red_pepper,0.133890010719525,-0.192412533128757,0.460192554567806,0.4401,8.32667268468867e-17,0.437
annual,Leave out Sweet potato,Leave out Sweet potato,ln_area,Log cultivated area,8,after nationwide availability,-0.0124931229248364,0.161000546805843,-0.317302301460866,0.292316055611194,0.9384,6,10,14,20,soybean;onion;corn;garlic;spring_potato;red_pepper,-0.0124931229248363,-0.316739274236364,0.291753028386692,0.9382,1.11022302462516e-16,0.938
annual,Leave out Sweet potato,Leave out Sweet potato,ln_area,Log cultivated area,9,after nationwide availability,-0.047668373399647,0.182975316322729,-0.396085028836601,0.300748282037307,0.7874,6,8,11,17,soybean;onion;corn;garlic;spring_potato;red_pepper,-0.0476683733996461,-0.392223764805254,0.296887018005962,0.79335,8.81239525796218e-16,0.787
annual,Leave out Sweet potato,Leave out Sweet potato,ln_production,Log production,-12,clean pre-pilot (placebo),-0.295794826125447,0.14311112311266,-0.558105250692198,-0.0334844015586957,0.0232,6,22,27,28,soybean;onion;corn;garlic;spring_potato;red_pepper,-0.295794826125447,-0.561239664196926,-0.0303499880539687,0.02418,5.55111512312578e-17,0.023
annual,Leave out Sweet potato,Leave out Sweet potato,ln_production,Log production,-11,clean pre-pilot (placebo),-0.158549167149619,0.0791116169725458,-0.307961650887786,-0.00913668341145191,0.036,6,22,27,28,soybean;onion;corn;garlic;spring_potato;red_pepper,-0.158549167149619,-0.308109936902979,-0.00898839739625967,0.03596,8.32667268468867e-17,0.036
annual,Leave out Sweet potato,Leave out Sweet potato,ln_production,Log production,-10,clean pre-pilot (placebo),-0.158613004135557,0.0748923109127561,-0.300602584998693,-0.0166234232724219,0.0248,6,22,27,28,soybean;onion;corn;garlic;spring_potato;red_pepper,-0.158613004135558,-0.300228103984799,-0.016997904286316,0.02453,8.04911692853239e-16,0.025
annual,Leave out Sweet potato,Leave out Sweet potato,ln_production,Log production,-9,clean pre-pilot (placebo),-0.208120996834225,0.0930607275518681,-0.384278826072994,-0.0319631675954558,0.0169,6,22,27,28,soybean;onion;corn;garlic;spring_potato;red_pepper,-0.208120996834225,-0.384058550247212,-0.0321834434212374,0.01574,2.4980018054066e-16,0.017
annual,Leave out Sweet potato,Leave out Sweet potato,ln_production,Log production,-8,clean pre-pilot (placebo),0.00985766770497379,0.100726715331976,-0.175257779999959,0.194973115409907,0.9256,5,22,27,28,soybean;onion;corn;garlic;spring_potato,0.0098576677049746,-0.174840519940115,0.194555855350064,0.92786,8.11850586757146e-16,0.926
annual,Leave out Sweet potato,Leave out Sweet potato,ln_production,Log production,-7,clean pre-pilot (placebo),0.0185077231529164,0.114855667406789,-0.188867899453485,0.225883345759318,0.8597,5,22,27,28,soybean;onion;corn;garlic;spring_potato,0.018507723152917,-0.188741152290622,0.225756598596456,0.86599,6.07153216591883e-16,0.860
annual,Leave out Sweet potato,Leave out Sweet potato,ln_production,Log production,-6,clean pre-pilot (placebo),0.0215255666355471,0.0930463669262735,-0.139111136774109,0.182162270045204,0.869,4,22,27,28,soybean;onion;corn;garlic,0.0215255666355469,-0.138845467251805,0.181896600522899,0.86928,2.25514051876985e-16,0.869
annual,Leave out Sweet potato,Leave out Sweet potato,ln_production,Log production,-5,clean pre-pilot (placebo),0.110338161035704,0.0982490761413355,-0.0396448680411767,0.260321190112585,0.2895,2,22,24,25,onion;garlic,0.110338161035704,-0.0403527657633847,0.261029087834792,0.28936,1.38777878078145e-17,0.289
annual,Leave out Sweet potato,Leave out Sweet potato,ln_production,Log production,0,after nationwide availability,0.146481356573889,0.161027588225111,-0.162975600002602,0.45593831315038,0.3775,6,22,22,28,soybean;onion;corn;garlic;spring_potato;red_pepper,0.146481356573889,-0.159188665235541,0.452151378383319,0.36845,3.05311331771918e-16,0.378
annual,Leave out Sweet potato,Leave out Sweet potato,ln_production,Log production,1,after nationwide availability,0.0597813191562352,0.16064456868298,-0.249704347174325,0.369266985486795,0.7226,6,22,22,28,soybean;onion;corn;garlic;spring_potato;red_pepper,0.0597813191562349,-0.245203054045785,0.364765692358255,0.71645,2.56739074444567e-16,0.723
annual,Leave out Sweet potato,Leave out Sweet potato,ln_production,Log production,2,after nationwide availability,-0.0603108112988944,0.213041510381362,-0.459167466120671,0.338545843522882,0.7938,6,20,22,28,soybean;onion;corn;garlic;spring_potato;red_pepper,-0.0603108112988943,-0.457056760769104,0.336435138171316,0.78908,1.31838984174237e-16,0.794
annual,Leave out Sweet potato,Leave out Sweet potato,ln_production,Log production,3,after nationwide availability,-0.0924438247915969,0.166516974512729,-0.410853179704214,0.22596553012102,0.5907,6,20,22,28,soybean;onion;corn;garlic;spring_potato;red_pepper,-0.0924438247915966,-0.409303089781334,0.22441544019814,0.58481,3.33066907387547e-16,0.591
annual,Leave out Sweet potato,Leave out Sweet potato,ln_production,Log production,4,after nationwide availability,-0.118454533297174,0.157339540638,-0.417959791899684,0.181050725305337,0.4682,6,15,22,28,soybean;onion;corn;garlic;spring_potato;red_pepper,-0.118454533297173,-0.416339940878962,0.179430874284616,0.45742,7.07767178198537e-16,0.468
annual,Leave out Sweet potato,Leave out Sweet potato,ln_production,Log production,5,after nationwide availability,-0.0759936730570778,0.162933603854123,-0.384135701944544,0.232148355830389,0.6645,6,14,20,26,soybean;onion;corn;garlic;spring_potato;red_pepper,-0.0759936730570776,-0.381129360888003,0.229142014773848,0.65115,1.94289029309402e-16,0.664
annual,Leave out Sweet potato,Leave out Sweet potato,ln_production,Log production,6,after nationwide availability,0.111410276249034,0.16959684795697,-0.209070416012716,0.431890968510784,0.523,6,11,20,26,soybean;onion;corn;garlic;spring_potato;red_pepper,0.111410276249034,-0.211011973215917,0.433832525713985,0.51227,5.55111512312578e-17,0.523
annual,Leave out Sweet potato,Leave out Sweet potato,ln_production,Log production,7,after nationwide availability,0.135927804495712,0.220136249733901,-0.274097408558729,0.545953017550153,0.5583,6,10,15,21,soybean;onion;corn;garlic;spring_potato;red_pepper,0.135927804495712,-0.272162078666272,0.544017687657696,0.55269,2.77555756156289e-16,0.558
annual,Leave out Sweet potato,Leave out Sweet potato,ln_production,Log production,8,after nationwide availability,-0.0277415928484379,0.212865055243737,-0.428218799777051,0.372735614080175,0.8981,6,10,14,20,soybean;onion;corn;garlic;spring_potato;red_pepper,-0.0277415928484378,-0.427200317683651,0.371717131986776,0.8989,1.11022302462516e-16,0.898
annual,Leave out Sweet potato,Leave out Sweet potato,ln_production,Log production,9,after nationwide availability,-0.0756051920084572,0.240178701574444,-0.520699440147564,0.369489056130649,0.7532,6,8,11,17,soybean;onion;corn;garlic;spring_potato;red_pepper,-0.0756051920084559,-0.525826749009497,0.374616364992585,0.75429,1.27675647831893e-15,0.753
annual,Leave out Sweet potato,Leave out Sweet potato,ln_yield,Log yield per 10a,-12,clean pre-pilot (placebo),-0.121170583161866,0.0522658107010139,-0.220264662467494,-0.0220765038562374,0.0138,6,22,27,28,soybean;onion;corn;garlic;spring_potato;red_pepper,-0.121170583161866,-0.221089525754541,-0.021251640569191,0.01396,1.66533453693773e-16,0.014
annual,Leave out Sweet potato,Leave out Sweet potato,ln_yield,Log yield per 10a,-11,clean pre-pilot (placebo),-0.050995442450622,0.034647450169387,-0.116555813895834,0.01456492899459,0.1343,6,22,27,28,soybean;onion;corn;garlic;spring_potato;red_pepper,-0.0509954424506223,-0.116619979131654,0.0146290942304094,0.13781,3.12250225675825e-16,0.134
annual,Leave out Sweet potato,Leave out Sweet potato,ln_yield,Log yield per 10a,-10,clean pre-pilot (placebo),-0.0405748863622084,0.0278457240596665,-0.0939077450297627,0.0127579723053459,0.1407,6,22,27,28,soybean;onion;corn;garlic;spring_potato;red_pepper,-0.0405748863622085,-0.0936128750366844,0.0124631023122675,0.14003,1.45716771982052e-16,0.141
annual,Leave out Sweet potato,Leave out Sweet potato,ln_yield,Log yield per 10a,-9,clean pre-pilot (placebo),-0.0920412731934314,0.0517350756400751,-0.185291772217362,0.00120922583049958,0.0545,6,22,27,28,soybean;onion;corn;garlic;spring_potato;red_pepper,-0.0920412731934315,-0.185318355235946,0.00123580884908281,0.05384,8.32667268468867e-17,0.054
annual,Leave out Sweet potato,Leave out Sweet potato,ln_yield,Log yield per 10a,-8,clean pre-pilot (placebo),-0.014194133776235,0.0386052016436558,-0.0857719314289846,0.0573836638765146,0.7249,5,22,27,28,soybean;onion;corn;garlic;spring_potato,-0.0141941337762347,-0.0854950202965344,0.0571067527440649,0.71738,2.98372437868011e-16,0.725
annual,Leave out Sweet potato,Leave out Sweet potato,ln_yield,Log yield per 10a,-7,clean pre-pilot (placebo),-0.00194235738968957,0.0436766092787494,-0.0805806702201606,0.0766959554407815,0.9621,5,22,27,28,soybean;onion;corn;garlic;spring_potato,-0.00194235738968902,-0.0801618677664432,0.0762771529870652,0.9631,5.50991544057133e-16,0.962
annual,Leave out Sweet potato,Leave out Sweet potato,ln_yield,Log yield per 10a,-6,clean pre-pilot (placebo),0.00606613078490229,0.0535725809422767,-0.0855487279817517,0.0976809895515563,0.9265,4,22,27,28,soybean;onion;corn;garlic,0.00606613078490228,-0.0853635425177806,0.0974958040875852,0.92892,5.20417042793042e-18,0.926
annual,Leave out Sweet potato,Leave out Sweet potato,ln_yield,Log yield per 10a,-5,clean pre-pilot (placebo),-0.0076801835242195,0.0350446224019478,-0.070261885152745,0.054901518104306,0.8398,2,22,24,25,onion;garlic,-0.00768018352421995,-0.0699137695325225,0.0545534024840826,0.83716,4.53630188967935e-16,0.840
annual,Leave out Sweet potato,Leave out Sweet potato,ln_yield,Log yield per 10a,0,after nationwide availability,0.032151666523866,0.0335062441601752,-0.0322559678902808,0.0965593009380128,0.3458,6,22,22,28,soybean;onion;corn;garlic;spring_potato;red_pepper,0.0321516665238661,-0.0317339808298198,0.096037313877552,0.33906,6.93889390390723e-17,0.346
annual,Leave out Sweet potato,Leave out Sweet potato,ln_yield,Log yield per 10a,1,after nationwide availability,0.0488712335754245,0.0555145270034382,-0.049354477442431,0.14709694459328,0.426,6,22,22,28,soybean;onion;corn;garlic;spring_potato;red_pepper,0.0488712335754243,-0.0499734886453001,0.147715955796149,0.42741,2.08166817117217e-16,0.426
annual,Leave out Sweet potato,Leave out Sweet potato,ln_yield,Log yield per 10a,2,after nationwide availability,-0.0386612579536744,0.0800522809159744,-0.183698356831063,0.106375840923714,0.6523,6,20,22,28,soybean;onion;corn;garlic;spring_potato;red_pepper,-0.0386612579536741,-0.183427063283128,0.10610454737578,0.64206,2.4980018054066e-16,0.652
annual,Leave out Sweet potato,Leave out Sweet potato,ln_yield,Log yield per 10a,3,after nationwide availability,0.0103735644528063,0.0568481578698543,-0.0959019093814555,0.116649038287068,0.8678,6,20,22,28,soybean;onion;corn;garlic;spring_potato;red_pepper,0.0103735644528065,-0.0957442747992573,0.11649140370487,0.86345,2.23779328401008e-16,0.868
annual,Leave out Sweet potato,Leave out Sweet potato,ln_yield,Log yield per 10a,4,after nationwide availability,-0.0855982271795315,0.0579809472150395,-0.195250195698825,0.0240537413397616,0.135,6,15,22,28,soybean;onion;corn;garlic;spring_potato;red_pepper,-0.085598227179531,-0.195947241780512,0.0247507874214498,0.1373,4.71844785465692e-16,0.135
annual,Leave out Sweet potato,Leave out Sweet potato,ln_yield,Log yield per 10a,5,after nationwide availability,-0.0887566981929111,0.0847834848282677,-0.246439971589747,0.0689265752039248,0.3222,6,14,20,26,soybean;onion;corn;garlic;spring_potato;red_pepper,-0.088756698192911,-0.244889661071448,0.0673762646856255,0.3163,5.55111512312578e-17,0.322
annual,Leave out Sweet potato,Leave out Sweet potato,ln_yield,Log yield per 10a,6,after nationwide availability,-0.0279249787350084,0.058734444054961,-0.139174773525247,0.0833248160552303,0.651,6,11,20,26,soybean;onion;corn;garlic;spring_potato;red_pepper,-0.0279249787350088,-0.13786190379426,0.0820119463242422,0.65105,4.30211422042248e-16,0.651
annual,Leave out Sweet potato,Leave out Sweet potato,ln_yield,Log yield per 10a,7,after nationwide availability,0.00174672832839747,0.0947867408142083,-0.177667982386134,0.181161439042929,0.9874,6,10,15,21,soybean;onion;corn;garlic;spring_potato;red_pepper,0.00174672832839703,-0.177188814702587,0.180682271359381,0.98545,4.41920805505092e-16,0.987
annual,Leave out Sweet potato,Leave out Sweet potato,ln_yield,Log yield per 10a,8,after nationwide availability,-0.0156512101372486,0.0896674736657639,-0.183319324980021,0.152016904705524,0.8605,6,10,14,20,soybean;onion;corn;garlic;spring_potato;red_pepper,-0.0156512101372485,-0.185470924223056,0.154168503948559,0.86192,1.14491749414469e-16,0.861
annual,Leave out Sweet potato,Leave out Sweet potato,ln_yield,Log yield per 10a,9,after nationwide availability,-0.0287935286301825,0.11228723399003,-0.242229936039967,0.184642878779602,0.7972,6,8,11,17,soybean;onion;corn;garlic;spring_potato;red_pepper,-0.0287935286301818,-0.241375442737848,0.183788385477484,0.79842,7.21644966006352e-16,0.797
annual,Leave out cohort 2012,Leave out cohort 2012,ln_area,Log cultivated area,-12,clean pre-pilot (placebo),-0.277614558622324,0.166681281810794,-0.577047991560955,0.021818874316307,0.085,5,22,26,27,sweet_potato;corn;garlic;spring_potato;red_pepper,-0.277614558622324,-0.57887373986292,0.0236446226182718,0.08549,0,0.085
annual,Leave out cohort 2012,Leave out cohort 2012,ln_area,Log cultivated area,-11,clean pre-pilot (placebo),-0.163969993859356,0.106706454176465,-0.351032390144207,0.023092402425496,0.1115,5,22,26,27,sweet_potato;corn;garlic;spring_potato;red_pepper,-0.163969993859356,-0.351388467502353,0.023448479783642,0.11084,5.27355936696949e-16,0.112
annual,Leave out cohort 2012,Leave out cohort 2012,ln_area,Log cultivated area,-10,clean pre-pilot (placebo),-0.160489176016934,0.106265769283755,-0.351923695229931,0.0309453431960627,0.1275,5,22,26,27,sweet_potato;corn;garlic;spring_potato;red_pepper,-0.160489176016934,-0.352285780986575,0.0313074289527071,0.1269,2.77555756156289e-17,0.128
annual,Leave out cohort 2012,Leave out cohort 2012,ln_area,Log cultivated area,-9,clean pre-pilot (placebo),-0.0989747822377552,0.0676057135813416,-0.222597642919849,0.0246480784443385,0.137,5,22,26,27,sweet_potato;corn;garlic;spring_potato;red_pepper,-0.0989747822377551,-0.22194731122379,0.0239977467482794,0.13694,1.11022302462516e-16,0.137
annual,Leave out cohort 2012,Leave out cohort 2012,ln_area,Log cultivated area,-8,clean pre-pilot (placebo),0.0317011256233993,0.125489796153268,-0.196164439099998,0.259566690346797,0.8186,4,22,26,27,sweet_potato;corn;garlic;spring_potato,0.031701125623399,-0.197131021448209,0.260533272695007,0.81975,2.84494650060196e-16,0.819
annual,Leave out cohort 2012,Leave out cohort 2012,ln_area,Log cultivated area,-7,clean pre-pilot (placebo),-0.0918858934569158,0.0983021542375733,-0.267938304930324,0.0841665180164927,0.3955,4,22,26,27,sweet_potato;corn;garlic;spring_potato,-0.0918858934569162,-0.26898203978037,0.0852102528665376,0.3919,3.46944695195361e-16,0.396
annual,Leave out cohort 2012,Leave out cohort 2012,ln_area,Log cultivated area,-6,clean pre-pilot (placebo),0.0208295992859279,0.0543253502267835,-0.0824209312091334,0.124080129780989,0.7136,3,22,24,25,sweet_potato;corn;garlic,0.0208295992859276,-0.0819807703148927,0.123639968886748,0.70538,2.70616862252382e-16,0.714
annual,Leave out cohort 2012,Leave out cohort 2012,ln_area,Log cultivated area,-5,clean pre-pilot (placebo),0.0798369495490694,0.0635771238308272,-0.032839635161118,0.192513534259257,0.2417,1,22,22,23,garlic,0.0798369495490695,-0.03400798855645,0.193681887654589,0.23746,5.55111512312578e-17,0.242
annual,Leave out cohort 2012,Leave out cohort 2012,ln_area,Log cultivated area,0,after nationwide availability,0.0592730281902347,0.166721233530096,-0.254754896665413,0.373300953045882,0.7375,5,22,22,27,sweet_potato;corn;garlic;spring_potato;red_pepper,0.059273028190235,-0.256229001669716,0.374775058050186,0.72951,3.46944695195361e-16,0.738
annual,Leave out cohort 2012,Leave out cohort 2012,ln_area,Log cultivated area,1,after nationwide availability,-0.0365055192785891,0.149296600702309,-0.320275502786895,0.247264464229717,0.8099,5,22,22,27,sweet_potato;corn;garlic;spring_potato;red_pepper,-0.0365055192785892,-0.320270557273854,0.247259518716676,0.812,7.63278329429795e-17,0.810
annual,Leave out cohort 2012,Leave out cohort 2012,ln_area,Log cultivated area,2,after nationwide availability,-0.121156955800706,0.148519881681858,-0.401892327654767,0.159578416053355,0.4165,5,20,22,27,sweet_potato;corn;garlic;spring_potato;red_pepper,-0.121156955800705,-0.402599835521817,0.160285923920407,0.42146,6.5225602696728e-16,0.416
annual,Leave out cohort 2012,Leave out cohort 2012,ln_area,Log cultivated area,3,after nationwide availability,-0.0710181457677268,0.169483182581573,-0.392506309789176,0.250470018253722,0.6817,5,20,22,27,sweet_potato;corn;garlic;spring_potato;red_pepper,-0.0710181457677262,-0.39345316800584,0.251416876470388,0.68176,6.24500451351651e-16,0.682
annual,Leave out cohort 2012,Leave out cohort 2012,ln_area,Log cultivated area,4,after nationwide availability,0.0175890485948202,0.130061197038179,-0.230621213672593,0.265799310862233,0.8904,5,15,20,25,sweet_potato;corn;garlic;spring_potato;red_pepper,0.0175890485948204,-0.229257036312407,0.264435133502047,0.89437,2.25514051876985e-16,0.890
annual,Leave out cohort 2012,Leave out cohort 2012,ln_area,Log cultivated area,5,after nationwide availability,0.0630099002932308,0.12742881720177,-0.179127605030742,0.305147405617203,0.6345,5,14,20,25,sweet_potato;corn;garlic;spring_potato;red_pepper,0.0630099002932307,-0.176812835837795,0.302832636424256,0.62857,1.2490009027033e-16,0.634
annual,Leave out cohort 2012,Leave out cohort 2012,ln_area,Log cultivated area,6,after nationwide availability,0.154813749096461,0.168622159233857,-0.163296035287471,0.472923533480393,0.3686,5,11,15,20,sweet_potato;corn;garlic;spring_potato;red_pepper,0.154813749096461,-0.162562947006377,0.472190445199299,0.35948,1.66533453693773e-16,0.369
annual,Leave out cohort 2012,Leave out cohort 2012,ln_area,Log cultivated area,7,after nationwide availability,0.135206581256939,0.183154638455984,-0.20907982526399,0.479492987777867,0.4705,5,10,14,19,sweet_potato;corn;garlic;spring_potato;red_pepper,0.135206581256939,-0.207385549767091,0.47779871228097,0.46645,8.32667268468867e-17,0.470
annual,Leave out cohort 2012,Leave out cohort 2012,ln_area,Log cultivated area,8,after nationwide availability,0.0282077690987556,0.196964703736195,-0.341544642667117,0.397960180864628,0.8918,5,10,11,16,sweet_potato;corn;garlic;spring_potato;red_pepper,0.028207769098756,-0.342061822216264,0.398477360413776,0.88723,4.19803081186387e-16,0.892
annual,Leave out cohort 2012,Leave out cohort 2012,ln_area,Log cultivated area,9,after nationwide availability,-0.0555546086252395,0.198936554001443,-0.429546466669942,0.318437249419463,0.7822,5,8,10,15,sweet_potato;corn;garlic;spring_potato;red_pepper,-0.0555546086252393,-0.430390428101328,0.319281210850849,0.78167,1.45716771982052e-16,0.782
annual,Leave out cohort 2012,Leave out cohort 2012,ln_production,Log production,-12,clean pre-pilot (placebo),-0.341217976338839,0.16927984161565,-0.654815548362413,-0.0276204043152655,0.0279,5,22,26,27,sweet_potato;corn;garlic;spring_potato;red_pepper,-0.341217976338839,-0.653221490374641,-0.0292144623030371,0.02719,1.11022302462516e-16,0.028
annual,Leave out cohort 2012,Leave out cohort 2012,ln_production,Log production,-11,clean pre-pilot (placebo),-0.161695704347602,0.0906076943539467,-0.328425905335513,0.00503449664030836,0.0597,5,22,26,27,sweet_potato;corn;garlic;spring_potato;red_pepper,-0.161695704347602,-0.328436642097167,0.00504523340196325,0.05932,1.38777878078145e-16,0.060
annual,Leave out cohort 2012,Leave out cohort 2012,ln_production,Log production,-10,clean pre-pilot (placebo),-0.168218774818374,0.0911043698697721,-0.340575062552067,0.0041375129153185,0.0589,5,22,26,27,sweet_potato;corn;garlic;spring_potato;red_pepper,-0.168218774818374,-0.339198443215211,0.00276089357846254,0.0553,5.55111512312578e-17,0.059
annual,Leave out cohort 2012,Leave out cohort 2012,ln_production,Log production,-9,clean pre-pilot (placebo),-0.163203500596325,0.0921053433220363,-0.33024104555792,0.00383404436526913,0.0571,5,22,26,27,sweet_potato;corn;garlic;spring_potato;red_pepper,-0.163203500596325,-0.33311803426054,0.00671103306788923,0.06361,2.77555756156289e-16,0.057
annual,Leave out cohort 2012,Leave out cohort 2012,ln_production,Log production,-8,clean pre-pilot (placebo),-0.00175287543517197,0.126471587460289,-0.230607757288556,0.227102006418212,0.9903,4,22,26,27,sweet_potato;corn;garlic;spring_potato,-0.00175287543517217,-0.231873249262383,0.228367498392039,0.98981,2.0122792321331e-16,0.990
annual,Leave out cohort 2012,Leave out cohort 2012,ln_production,Log production,-7,clean pre-pilot (placebo),-0.108344458554637,0.103140655553938,-0.29454224133545,0.0778533242261767,0.3254,4,22,26,27,sweet_potato;corn;garlic;spring_potato,-0.108344458554637,-0.293678935612318,0.0769900185030447,0.32297,4.02455846426619e-16,0.325
annual,Leave out cohort 2012,Leave out cohort 2012,ln_production,Log production,-6,clean pre-pilot (placebo),0.00149920012955676,0.0631270678161877,-0.117104145809489,0.120102546068603,0.9828,3,22,24,25,sweet_potato;corn;garlic,0.00149920012955721,-0.118443924658399,0.121442324917513,0.9812,4.49727061146987e-16,0.983
annual,Leave out cohort 2012,Leave out cohort 2012,ln_production,Log production,-5,clean pre-pilot (placebo),0.0263334907752316,0.0454271027739413,-0.0570419133106213,0.109708894861084,0.5733,1,22,22,23,garlic,0.0263334907752316,-0.0585213570714591,0.111188338621922,0.58101,3.81639164714898e-17,0.573
annual,Leave out cohort 2012,Leave out cohort 2012,ln_production,Log production,0,after nationwide availability,0.0803701647737364,0.168682309173399,-0.240500714856461,0.401241044403934,0.6396,5,22,22,27,sweet_potato;corn;garlic;spring_potato;red_pepper,0.0803701647737368,-0.237930467447575,0.398670796995049,0.6453,3.60822483003176e-16,0.640
annual,Leave out cohort 2012,Leave out cohort 2012,ln_production,Log production,1,after nationwide availability,-0.0590873242277142,0.152253259434063,-0.347877561018785,0.229702912563356,0.7029,5,22,22,27,sweet_potato;corn;garlic;spring_potato;red_pepper,-0.0590873242277143,-0.348355452039188,0.23018080358376,0.70476,9.71445146547012e-17,0.703
annual,Leave out cohort 2012,Leave out cohort 2012,ln_production,Log production,2,after nationwide availability,-0.21653190014265,0.199681602535775,-0.585750829322595,0.152687029037296,0.2941,5,20,22,27,sweet_potato;corn;garlic;spring_potato;red_pepper,-0.216531900142649,-0.586777885683873,0.153714085398575,0.292,5.82867087928207e-16,0.294
annual,Leave out cohort 2012,Leave out cohort 2012,ln_production,Log production,3,after nationwide availability,-0.110875828635044,0.18783200753912,-0.466202248616624,0.244450591346536,0.5614,5,20,22,27,sweet_potato;corn;garlic;spring_potato;red_pepper,-0.110875828635044,-0.466392827430271,0.244641170160182,0.5626,1.2490009027033e-16,0.561
annual,Leave out cohort 2012,Leave out cohort 2012,ln_production,Log production,4,after nationwide availability,-0.131424494072536,0.14471706775116,-0.40613176454713,0.143282776402058,0.3699,5,15,20,25,sweet_potato;corn;garlic;spring_potato;red_pepper,-0.131424494072535,-0.406152341908768,0.143303353763697,0.36655,6.38378239159465e-16,0.370
annual,Leave out cohort 2012,Leave out cohort 2012,ln_production,Log production,5,after nationwide availability,-0.084884278312186,0.173118330094765,-0.405230713591585,0.235462156967213,0.6426,5,14,20,25,sweet_potato;corn;garlic;spring_potato;red_pepper,-0.0848842783121854,-0.405208589956967,0.235440033332596,0.6489,5.82867087928207e-16,0.643
annual,Leave out cohort 2012,Leave out cohort 2012,ln_production,Log production,6,after nationwide availability,0.107363009471653,0.179634492854185,-0.229281717098305,0.444007736041611,0.5481,5,11,15,20,sweet_potato;corn;garlic;spring_potato;red_pepper,0.107363009471653,-0.232080668063234,0.44680668700654,0.54982,2.77555756156289e-16,0.548
annual,Leave out cohort 2012,Leave out cohort 2012,ln_production,Log production,7,after nationwide availability,0.0763729973865521,0.23514200852443,-0.355182613644991,0.507928608418095,0.7655,5,10,14,19,sweet_potato;corn;garlic;spring_potato;red_pepper,0.0763729973865522,-0.354615618122174,0.507361612895278,0.76462,9.71445146547012e-17,0.765
annual,Leave out cohort 2012,Leave out cohort 2012,ln_production,Log production,8,after nationwide availability,-0.0663417450682461,0.235464119081378,-0.500548226505549,0.367864736369056,0.7858,5,10,11,16,sweet_potato;corn;garlic;spring_potato;red_pepper,-0.0663417450682461,-0.504531981938375,0.371848491801883,0.78275,1.38777878078145e-17,0.786
annual,Leave out cohort 2012,Leave out cohort 2012,ln_production,Log production,9,after nationwide availability,-0.206111830708136,0.238469546620607,-0.649883031649249,0.237659370232977,0.3792,5,8,10,15,sweet_potato;corn;garlic;spring_potato;red_pepper,-0.206111830708136,-0.652795333639417,0.240571672223145,0.37892,1.38777878078145e-16,0.379
annual,Leave out cohort 2012,Leave out cohort 2012,ln_yield,Log yield per 10a,-12,clean pre-pilot (placebo),-0.0646024364963458,0.0836637079037346,-0.219197054330764,0.0899921813380721,0.4546,5,22,26,27,sweet_potato;corn;garlic;spring_potato;red_pepper,-0.0646024364963459,-0.221488906768275,0.092284033775583,0.45983,6.93889390390723e-17,0.455
annual,Leave out cohort 2012,Leave out cohort 2012,ln_yield,Log yield per 10a,-11,clean pre-pilot (placebo),0.00222369033841013,0.0695958816660056,-0.118300361798648,0.122747742475469,0.979,5,22,26,27,sweet_potato;corn;garlic;spring_potato;red_pepper,0.0022236903384101,-0.119060118141199,0.123507498818019,0.98083,3.38271077815477e-17,0.979
annual,Leave out cohort 2012,Leave out cohort 2012,ln_yield,Log yield per 10a,-10,clean pre-pilot (placebo),-0.00743977593260526,0.0565129174120599,-0.109045635713191,0.0941660838479804,0.9205,5,22,26,27,sweet_potato;corn;garlic;spring_potato;red_pepper,-0.00743977593260503,-0.108912678020283,0.094033126155073,0.91425,2.29850860566927e-16,0.920
annual,Leave out cohort 2012,Leave out cohort 2012,ln_yield,Log yield per 10a,-9,clean pre-pilot (placebo),-0.0642649225525669,0.07756553793699,-0.207554181045734,0.0790243359406005,0.4281,5,22,26,27,sweet_potato;corn;garlic;spring_potato;red_pepper,-0.0642649225525668,-0.208582309209412,0.0800524641042786,0.428,8.32667268468867e-17,0.428
annual,Leave out cohort 2012,Leave out cohort 2012,ln_yield,Log yield per 10a,-8,clean pre-pilot (placebo),-0.0336962148430318,0.0352694370767364,-0.0954235603986567,0.0280311307125931,0.3909,4,22,26,27,sweet_potato;corn;garlic;spring_potato,-0.033696214843032,-0.0953944590454182,0.0280020293593542,0.39197,2.08166817117217e-16,0.391
annual,Leave out cohort 2012,Leave out cohort 2012,ln_yield,Log yield per 10a,-7,clean pre-pilot (placebo),-0.0160792403031415,0.036775487232292,-0.0818253100090981,0.0496668294028151,0.7153,4,22,26,27,sweet_potato;corn;garlic;spring_potato,-0.0160792403031417,-0.081376272350881,0.0492177917445977,0.71074,2.0122792321331e-16,0.715
annual,Leave out cohort 2012,Leave out cohort 2012,ln_yield,Log yield per 10a,-6,clean pre-pilot (placebo),-0.0185831568001588,0.0226998402660526,-0.0590266900262945,0.0218603764259769,0.4724,3,22,24,25,sweet_potato;corn;garlic,-0.0185831568001588,-0.0590915265249951,0.0219252129246774,0.46789,1.73472347597681e-17,0.472
annual,Leave out cohort 2012,Leave out cohort 2012,ln_yield,Log yield per 10a,-5,clean pre-pilot (placebo),-0.0528389969323424,0.0530099580766875,-0.141953176271602,0.0362751824069175,0.4199,1,22,22,23,garlic,-0.0528389969323424,-0.141642885438657,0.0359648915739725,0.41569,2.77555756156289e-17,0.420
annual,Leave out cohort 2012,Leave out cohort 2012,ln_yield,Log yield per 10a,0,after nationwide availability,0.021702013792741,0.0381183612054063,-0.0512541133121692,0.0946581408976511,0.577,5,22,22,27,sweet_potato;corn;garlic;spring_potato;red_pepper,0.021702013792741,-0.0513999519646408,0.0948039795501228,0.57023,4.5102810375397e-17,0.577
annual,Leave out cohort 2012,Leave out cohort 2012,ln_yield,Log yield per 10a,1,after nationwide availability,-0.0220994540753755,0.0316306253951374,-0.0826858805039077,0.0384869723531567,0.48,5,22,22,27,sweet_potato;corn;garlic;spring_potato;red_pepper,-0.0220994540753758,-0.0828053236888607,0.0386064155381091,0.4821,3.05311331771918e-16,0.480
annual,Leave out cohort 2012,Leave out cohort 2012,ln_yield,Log yield per 10a,2,after nationwide availability,-0.0944552563366353,0.0771233725338985,-0.232565290910999,0.0436547782377282,0.2356,5,20,22,27,sweet_potato;corn;garlic;spring_potato;red_pepper,-0.0944552563366352,-0.231992313281957,0.0430818006086861,0.23575,1.52655665885959e-16,0.236
annual,Leave out cohort 2012,Leave out cohort 2012,ln_yield,Log yield per 10a,3,after nationwide availability,-0.039852284107112,0.0433292751195121,-0.122925162274725,0.043220594060501,0.3556,5,20,22,27,sweet_potato;corn;garlic;spring_potato;red_pepper,-0.0398522841071119,-0.122427221372092,0.0427226531578687,0.35729,1.38777878078145e-16,0.356
annual,Leave out cohort 2012,Leave out cohort 2012,ln_yield,Log yield per 10a,4,after nationwide availability,-0.148327250464904,0.0465443057973153,-0.236696319333738,-0.0599581815960693,3e-04,5,15,20,25,sweet_potato;corn;garlic;spring_potato;red_pepper,-0.148327250464904,-0.236300812708061,-0.0603536882217469,0.00017,2.4980018054066e-16,p < 0.001
annual,Leave out cohort 2012,Leave out cohort 2012,ln_yield,Log yield per 10a,5,after nationwide availability,-0.147448774457486,0.0727821557269044,-0.283679633568379,-0.0112179153465937,0.0306,5,14,20,25,sweet_potato;corn;garlic;spring_potato;red_pepper,-0.147448774457486,-0.282694338518072,-0.0122032103969007,0.02775,2.77555756156289e-16,0.031
annual,Leave out cohort 2012,Leave out cohort 2012,ln_yield,Log yield per 10a,6,after nationwide availability,-0.047863044920689,0.0486911240298143,-0.139739146966228,0.0440130571248501,0.3184,5,11,15,20,sweet_potato;corn;garlic;spring_potato;red_pepper,-0.0478630449206889,-0.139931719117034,0.0442056292756561,0.3227,8.32667268468867e-17,0.318
annual,Leave out cohort 2012,Leave out cohort 2012,ln_yield,Log yield per 10a,7,after nationwide availability,-0.0586530771033989,0.104499748486015,-0.25493470877757,0.137628554570772,0.5743,5,10,14,19,sweet_potato;corn;garlic;spring_potato;red_pepper,-0.058653077103399,-0.255194920681778,0.13788876647498,0.57897,9.0205620750794e-17,0.574
annual,Leave out cohort 2012,Leave out cohort 2012,ln_yield,Log yield per 10a,8,after nationwide availability,-0.0945706241297901,0.087305338319968,-0.256597981486183,0.0674567332266025,0.2734,5,10,11,16,sweet_potato;corn;garlic;spring_potato;red_pepper,-0.09457062412979,-0.258562541490078,0.0694212932304983,0.27597,5.55111512312578e-17,0.273
annual,Leave out cohort 2012,Leave out cohort 2012,ln_yield,Log yield per 10a,9,after nationwide availability,-0.150527227211497,0.0914705197923514,-0.31942066795261,0.0183662135296163,0.086,5,8,10,15,sweet_potato;corn;garlic;spring_potato;red_pepper,-0.150527227211497,-0.321331731103776,0.0202772766807827,0.09013,1.11022302462516e-16,0.086
annual,Leave out cohort 2013,Leave out cohort 2013,ln_area,Log cultivated area,-12,clean pre-pilot (placebo),-0.148806086114356,0.092927215887998,-0.326861654722914,0.0292494824942025,0.1108,3,22,24,25,soybean;onion;red_pepper,-0.148806086114356,-0.324763279724726,0.0271511074960137,0.10343,3.05311331771918e-16,0.111
annual,Leave out cohort 2013,Leave out cohort 2013,ln_area,Log cultivated area,-11,clean pre-pilot (placebo),-0.124097425643912,0.100167268836172,-0.294854477953632,0.0466596266658088,0.2279,3,22,24,25,soybean;onion;red_pepper,-0.124097425643912,-0.293127094624722,0.044932243336897,0.22023,1.94289029309402e-16,0.228
annual,Leave out cohort 2013,Leave out cohort 2013,ln_area,Log cultivated area,-10,clean pre-pilot (placebo),-0.117299988925572,0.0981416970720034,-0.294505818926451,0.0599058410753073,0.2673,3,22,24,25,soybean;onion;red_pepper,-0.117299988925572,-0.294345039428095,0.0597450615769502,0.26801,3.05311331771918e-16,0.267
annual,Leave out cohort 2013,Leave out cohort 2013,ln_area,Log cultivated area,-9,clean pre-pilot (placebo),-0.1941557565001,0.12863726963188,-0.402443041230648,0.0141315282304481,0.0837,3,22,24,25,soybean;onion;red_pepper,-0.1941557565001,-0.402417092248781,0.0141055792485796,0.0823,1.66533453693773e-16,0.084
annual,Leave out cohort 2013,Leave out cohort 2013,ln_area,Log cultivated area,-8,clean pre-pilot (placebo),-0.0799383815152254,0.0759551040674193,-0.217113247108704,0.0572364840782531,0.3177,2,22,24,25,soybean;onion,-0.0799383815152246,-0.216223499954861,0.0563467369244123,0.3196,7.91033905045424e-16,0.318
annual,Leave out cohort 2013,Leave out cohort 2013,ln_area,Log cultivated area,-7,clean pre-pilot (placebo),0.152191160658828,0.136941340838829,-0.0488530428194785,0.353235364137135,0.2875,2,22,24,25,soybean;onion,0.152191160658828,-0.0493132750920398,0.353695596409696,0.29597,2.77555756156289e-17,0.287
annual,Leave out cohort 2013,Leave out cohort 2013,ln_area,Log cultivated area,-6,clean pre-pilot (placebo),0.0373040966674074,0.0732106604643785,-0.0895016112398018,0.164109804574617,0.7052,2,22,24,25,soybean;onion,0.0373040966674079,-0.0893110620290529,0.163919255363869,0.70223,5.13478148889135e-16,0.705
annual,Leave out cohort 2013,Leave out cohort 2013,ln_area,Log cultivated area,-5,clean pre-pilot (placebo),0.152284426472644,0.150758261621441,-0.0635744244198703,0.368143277365158,0.397,1,22,22,23,onion,0.152284426472644,-0.064340025744341,0.368908878689629,0.4032,1.11022302462516e-16,0.397
annual,Leave out cohort 2013,Leave out cohort 2013,ln_area,Log cultivated area,0,after nationwide availability,0.0505152744517248,0.225026137050835,-0.368784115173744,0.469814664077194,0.8313,3,22,22,25,soybean;onion;red_pepper,0.0505152744517245,-0.369578908668526,0.470609457571975,0.82615,3.12250225675825e-16,0.831
annual,Leave out cohort 2013,Leave out cohort 2013,ln_area,Log cultivated area,1,after nationwide availability,-0.0351501830156585,0.212940059861972,-0.432400966389314,0.362100600357997,0.8779,3,22,22,25,soybean;onion;red_pepper,-0.0351501830156584,-0.432323953774786,0.362023587743469,0.87153,1.45716771982052e-16,0.878
annual,Leave out cohort 2013,Leave out cohort 2013,ln_area,Log cultivated area,2,after nationwide availability,-0.000340116681880859,0.267305506234313,-0.478317479964598,0.477637246600836,0.9987,3,20,22,25,soybean;onion;red_pepper,-0.000340116681880304,-0.477015631303563,0.476335397939802,0.99874,5.54732041552208e-16,0.999
annual,Leave out cohort 2013,Leave out cohort 2013,ln_area,Log cultivated area,3,after nationwide availability,-0.180000762655052,0.205544367954075,-0.553595648895321,0.193594123585216,0.4143,3,20,22,25,soybean;onion;red_pepper,-0.180000762655051,-0.553878285970786,0.193876760660683,0.41413,1.16573417585641e-15,0.414
annual,Leave out cohort 2013,Leave out cohort 2013,ln_area,Log cultivated area,4,after nationwide availability,-0.131749328712143,0.218440942556836,-0.523588347229754,0.260089689805469,0.5926,3,15,22,25,soybean;onion;red_pepper,-0.131749328712143,-0.528717252964842,0.265218595540555,0.59286,3.88578058618805e-16,0.593
annual,Leave out cohort 2013,Leave out cohort 2013,ln_area,Log cultivated area,5,after nationwide availability,-0.116624493908276,0.220216332688437,-0.507190472334609,0.273941484518058,0.6459,3,14,20,23,soybean;onion;red_pepper,-0.116624493908275,-0.511584238127614,0.278335250311064,0.64453,5.55111512312578e-16,0.646
annual,Leave out cohort 2013,Leave out cohort 2013,ln_area,Log cultivated area,6,after nationwide availability,0.0254254673401285,0.277796083112304,-0.462466825244783,0.51331775992504,0.9394,3,11,20,23,soybean;onion;red_pepper,0.0254254673401285,-0.468169654459917,0.519020589140174,0.94089,1.73472347597681e-17,0.939
annual,Leave out cohort 2013,Leave out cohort 2013,ln_area,Log cultivated area,7,after nationwide availability,0.0209385596054585,0.26476228919549,-0.451651774385587,0.493528893596504,0.9328,3,10,15,18,soybean;onion;red_pepper,0.0209385596054584,-0.45298790652517,0.494865025736087,0.93365,1.11022302462516e-16,0.933
annual,Leave out cohort 2013,Leave out cohort 2013,ln_area,Log cultivated area,8,after nationwide availability,-0.125429595989192,0.198333409463102,-0.493717538952936,0.242858346974552,0.5346,3,10,14,17,soybean;onion;red_pepper,-0.125429595989192,-0.493576238232514,0.24271704625413,0.53678,2.77555756156289e-17,0.535
annual,Leave out cohort 2013,Leave out cohort 2013,ln_area,Log cultivated area,9,after nationwide availability,-0.126372749732705,0.266878646013608,-0.608080242292357,0.355334742826946,0.6422,3,8,11,14,soybean;onion;red_pepper,-0.126372749732705,-0.608513606777296,0.355768107311886,0.64523,3.33066907387547e-16,0.642
annual,Leave out cohort 2013,Leave out cohort 2013,ln_production,Log production,-12,clean pre-pilot (placebo),-0.239448868337503,0.144178049850171,-0.511196892282597,0.0322991556075905,0.0906,3,22,24,25,soybean;onion;red_pepper,-0.239448868337504,-0.511766954694785,0.032869218019777,0.0929,8.88178419700125e-16,0.091
annual,Leave out cohort 2013,Leave out cohort 2013,ln_production,Log production,-11,clean pre-pilot (placebo),-0.181237560105253,0.11085987080979,-0.389492764386466,0.0270176441759608,0.095,3,22,24,25,soybean;onion;red_pepper,-0.181237560105254,-0.391518782888704,0.0290436626781965,0.09791,1.33226762955019e-15,0.095
annual,Leave out cohort 2013,Leave out cohort 2013,ln_production,Log production,-10,clean pre-pilot (placebo),-0.143159102071581,0.0967796998081906,-0.318774958777489,0.0324567546343269,0.1379,3,22,24,25,soybean;onion;red_pepper,-0.143159102071582,-0.320109996534477,0.0337917923913135,0.14333,1.08246744900953e-15,0.138
annual,Leave out cohort 2013,Leave out cohort 2013,ln_production,Log production,-9,clean pre-pilot (placebo),-0.28262042496466,0.164086847066823,-0.575713951373101,0.0104731014437815,0.0674,3,22,24,25,soybean;onion;red_pepper,-0.282620424964661,-0.578119228422939,0.0128783784936176,0.07009,1.11022302462516e-15,0.067
annual,Leave out cohort 2013,Leave out cohort 2013,ln_production,Log production,-8,clean pre-pilot (placebo),-0.0536012433730027,0.106288013375265,-0.240625459715547,0.133422972969541,0.6701,2,22,24,25,soybean;onion,-0.0536012433730021,-0.24132654921058,0.134124062464576,0.67218,6.31439345255558e-16,0.670
annual,Leave out cohort 2013,Leave out cohort 2013,ln_production,Log production,-7,clean pre-pilot (placebo),0.205326525431888,0.218857002011293,-0.0976813102972541,0.50833436116103,0.512,2,22,24,25,soybean;onion,0.205326525431888,-0.0985211808530913,0.509174231716867,0.50533,1.94289029309402e-16,0.512
annual,Leave out cohort 2013,Leave out cohort 2013,ln_production,Log production,-6,clean pre-pilot (placebo),0.0806184048386694,0.17204065971679,-0.198701666219001,0.35993847589634,0.7518,2,22,24,25,soybean;onion,0.0806184048386701,-0.198101198395258,0.359338008072598,0.7532,6.80011602582908e-16,0.752
annual,Leave out cohort 2013,Leave out cohort 2013,ln_production,Log production,-5,clean pre-pilot (placebo),0.189242453160874,0.187418189217591,-0.0752515605487092,0.453736466870458,0.4014,1,22,22,23,onion,0.189242453160874,-0.0764859656834069,0.454970872005155,0.40673,2.22044604925031e-16,0.401
annual,Leave out cohort 2013,Leave out cohort 2013,ln_production,Log production,0,after nationwide availability,0.0597214743820317,0.22554114419137,-0.35979264975919,0.479235598523254,0.8052,3,22,22,25,soybean;onion;red_pepper,0.0597214743820319,-0.363542809803751,0.482985758567815,0.80057,1.66533453693773e-16,0.805
annual,Leave out cohort 2013,Leave out cohort 2013,ln_production,Log production,1,after nationwide availability,0.0595475219310171,0.261555671204475,-0.423877850400501,0.542972894262535,0.8337,3,22,22,25,soybean;onion;red_pepper,0.0595475219310161,-0.426407342233722,0.545502386095754,0.83325,9.64506252643105e-16,0.834
annual,Leave out cohort 2013,Leave out cohort 2013,ln_production,Log production,2,after nationwide availability,-0.0716124850428202,0.37801211949817,-0.747464523924552,0.604239553838912,0.852,3,20,22,25,soybean;onion;red_pepper,-0.0716124850428197,-0.750425673113809,0.60720070302817,0.85286,5.13478148889135e-16,0.852
annual,Leave out cohort 2013,Leave out cohort 2013,ln_production,Log production,3,after nationwide availability,-0.165218104926265,0.237748200085778,-0.601722838263331,0.271286628410802,0.5048,3,20,22,25,soybean;onion;red_pepper,-0.165218104926264,-0.604552048602593,0.274115838750065,0.50503,6.66133814775094e-16,0.505
annual,Leave out cohort 2013,Leave out cohort 2013,ln_production,Log production,4,after nationwide availability,-0.158189894549401,0.254679137076704,-0.614149225868126,0.297769436769324,0.5612,3,15,22,25,soybean;onion;red_pepper,-0.158189894549402,-0.618829129378182,0.302449340279378,0.56766,9.15933995315754e-16,0.561
annual,Leave out cohort 2013,Leave out cohort 2013,ln_production,Log production,5,after nationwide availability,-0.216176333287539,0.25655157168486,-0.680544350531017,0.248191683955939,0.4161,3,14,20,23,soybean;onion;red_pepper,-0.216176333287539,-0.683551646515198,0.251198979940121,0.42256,0,0.416
annual,Leave out cohort 2013,Leave out cohort 2013,ln_production,Log production,6,after nationwide availability,0.0057610705642575,0.253750010755602,-0.442235422463719,0.453757563592234,0.9835,3,11,20,23,soybean;onion;red_pepper,0.00576107056425821,-0.44565048690482,0.457172628033336,0.98201,7.14706072102445e-16,0.984
annual,Leave out cohort 2013,Leave out cohort 2013,ln_production,Log production,7,after nationwide availability,-0.0132547039289052,0.368420810522622,-0.663943336340812,0.637433928483002,0.9693,3,10,15,18,soybean;onion;red_pepper,-0.0132547039289052,-0.670262700486382,0.643753292628572,0.96615,1.90819582357449e-17,0.969
annual,Leave out cohort 2013,Leave out cohort 2013,ln_production,Log production,8,after nationwide availability,-0.147469328427305,0.323815942576563,-0.727111655907517,0.432172999052907,0.6399,3,10,14,17,soybean;onion;red_pepper,-0.147469328427305,-0.73210684272344,0.43716818586883,0.63824,4.16333634234434e-16,0.640
annual,Leave out cohort 2013,Leave out cohort 2013,ln_production,Log production,9,after nationwide availability,-0.0417325810832615,0.36987434607753,-0.70155203140399,0.618086869237467,0.9062,3,8,11,14,soybean;onion;red_pepper,-0.0417325810832609,-0.709246309985485,0.625781147818963,0.90504,6.24500451351651e-16,0.906
annual,Leave out cohort 2013,Leave out cohort 2013,ln_yield,Log yield per 10a,-12,clean pre-pilot (placebo),-0.091383756979232,0.061832846443281,-0.20311033730551,0.0203428233470463,0.1478,3,22,24,25,soybean;onion;red_pepper,-0.0913837569792322,-0.202651127352454,0.0198836133939892,0.1478,1.66533453693773e-16,0.148
annual,Leave out cohort 2013,Leave out cohort 2013,ln_yield,Log yield per 10a,-11,clean pre-pilot (placebo),-0.0601273429249021,0.0590985046773496,-0.167927077804106,0.0476723919543017,0.3452,3,22,24,25,soybean;onion;red_pepper,-0.0601273429249025,-0.167161774953836,0.0469070891040311,0.34186,4.02455846426619e-16,0.345
annual,Leave out cohort 2013,Leave out cohort 2013,ln_yield,Log yield per 10a,-10,clean pre-pilot (placebo),-0.0276092584728165,0.0353335246506945,-0.0855715055960077,0.0303529886503747,0.5521,3,22,24,25,soybean;onion;red_pepper,-0.0276092584728167,-0.0858234549780037,0.0306049380323702,0.55466,1.94289029309402e-16,0.552
annual,Leave out cohort 2013,Leave out cohort 2013,ln_yield,Log yield per 10a,-9,clean pre-pilot (placebo),-0.0880863350052039,0.0879302070506112,-0.221904849912249,0.0457321799018412,0.3988,3,22,24,25,soybean;onion;red_pepper,-0.0880863350052042,-0.221334986690396,0.045162316679988,0.40505,3.19189119579733e-16,0.399
annual,Leave out cohort 2013,Leave out cohort 2013,ln_yield,Log yield per 10a,-8,clean pre-pilot (placebo),0.0269768300788987,0.0638872114372203,-0.0805405177623148,0.134494177920112,0.7629,2,22,24,25,soybean;onion,0.0269768300788995,-0.07961645480605,0.133570114963849,0.75465,7.84095011141517e-16,0.763
annual,Leave out cohort 2013,Leave out cohort 2013,ln_yield,Log yield per 10a,-7,clean pre-pilot (placebo),0.0521469250992281,0.0894481528028928,-0.0886561886284045,0.192950038826861,0.7345,2,22,24,25,soybean;onion,0.0521469250992281,-0.0882353809385638,0.19252923113702,0.72621,6.93889390390723e-18,0.735
annual,Leave out cohort 2013,Leave out cohort 2013,ln_yield,Log yield per 10a,-6,clean pre-pilot (placebo),0.0416655767080549,0.102348275264433,-0.123484744751558,0.206815898167667,0.7679,2,22,24,25,soybean;onion,0.0416655767080555,-0.123198364377634,0.206529517793745,0.76509,6.38378239159465e-16,0.768
annual,Leave out cohort 2013,Leave out cohort 2013,ln_yield,Log yield per 10a,-5,clean pre-pilot (placebo),0.0370500817738687,0.0394004065060413,-0.0249365833309613,0.0990367468786987,0.4435,1,22,22,23,onion,0.0370500817738686,-0.0252035337285856,0.0993036972763228,0.4446,1.04083408558608e-16,0.444
annual,Leave out cohort 2013,Leave out cohort 2013,ln_yield,Log yield per 10a,0,after nationwide availability,0.00957347763454665,0.0463313969725359,-0.0777018575083324,0.0968488127774257,0.8423,3,22,22,25,soybean;onion;red_pepper,0.00957347763454675,-0.077513062593363,0.0966600178624565,0.84107,1.02348685082632e-16,0.842
annual,Leave out cohort 2013,Leave out cohort 2013,ln_yield,Log yield per 10a,1,after nationwide availability,0.0950473015147787,0.0927223230202704,-0.0707603905114688,0.260854993541026,0.3454,3,22,22,25,soybean;onion;red_pepper,0.0950473015147785,-0.0706982965037895,0.260792899533347,0.3494,1.66533453693773e-16,0.345
annual,Leave out cohort 2013,Leave out cohort 2013,ln_yield,Log yield per 10a,2,after nationwide availability,-0.0707673091729353,0.146580297951233,-0.320961823466815,0.179427205120945,0.5575,3,20,22,25,soybean;onion;red_pepper,-0.0707673091729347,-0.321677499130081,0.180142880784211,0.56882,5.55111512312578e-16,0.557
annual,Leave out cohort 2013,Leave out cohort 2013,ln_yield,Log yield per 10a,3,after nationwide availability,0.0153495504957739,0.0992165661278435,-0.163362280420688,0.194061381412236,0.88,3,20,22,25,soybean;onion;red_pepper,0.0153495504957743,-0.164027180131094,0.194726281122643,0.87775,4.02455846426619e-16,0.880
annual,Leave out cohort 2013,Leave out cohort 2013,ln_yield,Log yield per 10a,4,after nationwide availability,-0.0272627407515223,0.0758170336883281,-0.167273961184924,0.112748479681879,0.729,3,15,22,25,soybean;onion;red_pepper,-0.0272627407515228,-0.166788596924585,0.112263115421539,0.73541,4.61436444609831e-16,0.729
annual,Leave out cohort 2013,Leave out cohort 2013,ln_yield,Log yield per 10a,5,after nationwide availability,-0.0999187390634392,0.152812538288736,-0.362023072833439,0.16218559470656,0.5032,3,14,20,23,soybean;onion;red_pepper,-0.0999187390634391,-0.362082544809187,0.162245066682308,0.51547,6.93889390390723e-17,0.503
annual,Leave out cohort 2013,Leave out cohort 2013,ln_yield,Log yield per 10a,6,after nationwide availability,-0.0193091811196207,0.0929792416335567,-0.186455194621158,0.147836832381916,0.8651,3,11,20,23,soybean;onion;red_pepper,-0.0193091811196207,-0.186246847687417,0.147628485448175,0.86322,3.12250225675825e-17,0.865
annual,Leave out cohort 2013,Leave out cohort 2013,ln_yield,Log yield per 10a,7,after nationwide availability,-0.0351621605651739,0.137848379718297,-0.286066936925447,0.215742615795099,0.8052,3,10,15,18,soybean;onion;red_pepper,-0.0351621605651737,-0.284995227309602,0.214670906179254,0.80913,1.80411241501588e-16,0.805
annual,Leave out cohort 2013,Leave out cohort 2013,ln_yield,Log yield per 10a,8,after nationwide availability,-0.0225852206989266,0.143881042308137,-0.285391896191876,0.240221454794023,0.8746,3,10,14,17,soybean;onion;red_pepper,-0.0225852206989269,-0.285736003941188,0.240565562543334,0.87583,2.70616862252382e-16,0.875
annual,Leave out cohort 2013,Leave out cohort 2013,ln_yield,Log yield per 10a,9,after nationwide availability,0.0828024410804252,0.139494334305502,-0.174039777191461,0.339644659352311,0.5595,3,8,11,14,soybean;onion;red_pepper,0.0828024410804254,-0.172591135468673,0.338196017629524,0.56843,2.35922392732846e-16,0.559
annual,Leave out cohort 2015,Leave out cohort 2015,ln_area,Log cultivated area,-12,clean pre-pilot (placebo),-0.259231167234626,0.14331484964362,-0.527127664487603,0.00866533001835168,0.0608,6,22,27,28,soybean;onion;sweet_potato;corn;garlic;spring_potato,-0.259231167234625,-0.526288804538214,0.00782647006896398,0.05962,7.7715611723761e-16,0.061
annual,Leave out cohort 2015,Leave out cohort 2015,ln_area,Log cultivated area,-11,clean pre-pilot (placebo),-0.170079222691093,0.0940392246247064,-0.344524850186641,0.00436640480445569,0.0597,6,22,27,28,soybean;onion;sweet_potato;corn;garlic;spring_potato,-0.170079222691092,-0.345777483592421,0.00561903821023751,0.05949,6.66133814775094e-16,0.060
annual,Leave out cohort 2015,Leave out cohort 2015,ln_area,Log cultivated area,-10,clean pre-pilot (placebo),-0.189035343395932,0.0871180621044576,-0.349478942465295,-0.0285917443265676,0.0167,6,22,27,28,soybean;onion;sweet_potato;corn;garlic;spring_potato,-0.18903534339593,-0.349452831200879,-0.0286178555909818,0.01556,1.47104550762833e-15,0.017
annual,Leave out cohort 2015,Leave out cohort 2015,ln_area,Log cultivated area,-9,clean pre-pilot (placebo),-0.140781395826989,0.0759304124031583,-0.280365074553598,-0.00119771710037922,0.0476,6,22,27,28,soybean;onion;sweet_potato;corn;garlic;spring_potato,-0.140781395826987,-0.281033765499861,-0.000529026154114265,0.04884,1.74860126378462e-15,0.048
annual,Leave out cohort 2015,Leave out cohort 2015,ln_area,Log cultivated area,-8,clean pre-pilot (placebo),-0.000321571068644298,0.0859096722606801,-0.157180141659861,0.156536999522573,0.9976,6,22,27,28,soybean;onion;sweet_potato;corn;garlic;spring_potato,-0.000321571068643708,-0.158174549697366,0.157531407560079,0.99718,5.90239662701109e-16,0.998
annual,Leave out cohort 2015,Leave out cohort 2015,ln_area,Log cultivated area,-7,clean pre-pilot (placebo),-0.00784755614312761,0.0783541230228011,-0.155548072809947,0.139852960523692,0.9252,6,22,27,28,soybean;onion;sweet_potato;corn;garlic;spring_potato,-0.00784755614312682,-0.154715393048075,0.139020280761821,0.92357,7.85829734617494e-16,0.925
annual,Leave out cohort 2015,Leave out cohort 2015,ln_area,Log cultivated area,-6,clean pre-pilot (placebo),0.0322285143493222,0.0446465705744907,-0.0517403318690155,0.11619736056766,0.4897,5,22,27,28,soybean;onion;sweet_potato;corn;garlic,0.0322285143493217,-0.0517922879154741,0.116249316614117,0.48112,5.34294830600857e-16,0.490
annual,Leave out cohort 2015,Leave out cohort 2015,ln_area,Log cultivated area,-5,clean pre-pilot (placebo),0.116459209164212,0.0814501906005347,-0.0142366132494154,0.24715503157784,0.1136,2,22,25,26,onion;garlic,0.116459209164212,-0.0160871938640955,0.24900561219252,0.11808,3.19189119579733e-16,0.114
annual,Leave out cohort 2015,Leave out cohort 2015,ln_area,Log cultivated area,0,after nationwide availability,0.210732460853012,0.132530361384184,-0.045585691814642,0.467050613520665,0.1136,6,22,22,28,soybean;onion;sweet_potato;corn;garlic;spring_potato,0.210732460853011,-0.0426429342474083,0.464107855953431,0.10827,5.55111512312578e-16,0.114
annual,Leave out cohort 2015,Leave out cohort 2015,ln_area,Log cultivated area,1,after nationwide availability,0.11078729181661,0.113528260513146,-0.108506697017644,0.330081280650864,0.3303,6,22,22,28,soybean;onion;sweet_potato;corn;garlic;spring_potato,0.110787291816609,-0.105813086312512,0.327387669945731,0.33197,5.41233724504764e-16,0.330
annual,Leave out cohort 2015,Leave out cohort 2015,ln_area,Log cultivated area,2,after nationwide availability,0.0797574416090324,0.142038379732356,-0.193296147266334,0.352811030484399,0.5866,6,22,22,28,soybean;onion;sweet_potato;corn;garlic;spring_potato,0.0797574416090323,-0.190070192274878,0.349585075492943,0.58447,5.55111512312578e-17,0.587
annual,Leave out cohort 2015,Leave out cohort 2015,ln_area,Log cultivated area,3,after nationwide availability,0.0244584834961158,0.146918028871777,-0.257258675481598,0.306175642473829,0.8658,6,22,22,28,soybean;onion;sweet_potato;corn;garlic;spring_potato,0.0244584834961157,-0.256736021984457,0.305652988976688,0.86897,1.04083408558608e-16,0.866
annual,Leave out cohort 2015,Leave out cohort 2015,ln_area,Log cultivated area,4,after nationwide availability,0.0601737951060769,0.136323763848191,-0.199861416018716,0.32020900623087,0.6589,6,20,22,28,soybean;onion;sweet_potato;corn;garlic;spring_potato,0.0601737951060777,-0.200268348152113,0.320615938364268,0.66131,7.63278329429795e-16,0.659
annual,Leave out cohort 2015,Leave out cohort 2015,ln_area,Log cultivated area,5,after nationwide availability,0.0960871836889831,0.129501647359678,-0.147670873157721,0.339845240535687,0.4594,6,20,20,26,soybean;onion;sweet_potato;corn;garlic;spring_potato,0.0960871836889825,-0.148725128098066,0.340899495476031,0.46524,5.82867087928207e-16,0.459
annual,Leave out cohort 2015,Leave out cohort 2015,ln_area,Log cultivated area,6,after nationwide availability,0.240606771803316,0.161900425355353,-0.0663009214083859,0.547514465015018,0.13,6,15,20,26,soybean;onion;sweet_potato;corn;garlic;spring_potato,0.240606771803315,-0.0665063493886834,0.547719892995314,0.13362,9.71445146547012e-16,0.130
annual,Leave out cohort 2015,Leave out cohort 2015,ln_area,Log cultivated area,7,after nationwide availability,0.265290193944117,0.142875408160775,-0.00586151233784304,0.536441900226076,0.056,6,14,15,21,soybean;onion;sweet_potato;corn;garlic;spring_potato,0.265290193944116,-0.00600921292386786,0.5365896008121,0.05548,6.10622663543836e-16,0.056
annual,Leave out cohort 2015,Leave out cohort 2015,ln_area,Log cultivated area,8,after nationwide availability,0.123922076345424,0.151787596011789,-0.162407615470311,0.410251768161159,0.423,6,11,14,20,soybean;onion;sweet_potato;corn;garlic;spring_potato,0.123922076345424,-0.161868093500108,0.409712246190956,0.41668,1.80411241501588e-16,0.423
annual,Leave out cohort 2015,Leave out cohort 2015,ln_area,Log cultivated area,9,after nationwide availability,0.0824692708926757,0.166757821175597,-0.230595485911794,0.395534027697146,0.622,6,10,11,17,soybean;onion;sweet_potato;corn;garlic;spring_potato,0.0824692708926762,-0.232166430682911,0.397104972468263,0.61853,5.41233724504764e-16,0.622
annual,Leave out cohort 2015,Leave out cohort 2015,ln_production,Log production,-12,clean pre-pilot (placebo),-0.312740956669043,0.149047168972528,-0.59390011897329,-0.031581794364795,0.0253,6,22,27,28,soybean;onion;sweet_potato;corn;garlic;spring_potato,-0.312740956669041,-0.592250653422346,-0.0332312599157359,0.0252,1.55431223447522e-15,0.025
annual,Leave out cohort 2015,Leave out cohort 2015,ln_production,Log production,-11,clean pre-pilot (placebo),-0.151847110277397,0.0790793136318738,-0.302528333279044,-0.00116588727574951,0.0485,6,22,27,28,soybean;onion;sweet_potato;corn;garlic;spring_potato,-0.151847110277395,-0.301197848157011,-0.00249637239777881,0.04553,1.77635683940025e-15,0.049
annual,Leave out cohort 2015,Leave out cohort 2015,ln_production,Log production,-10,clean pre-pilot (placebo),-0.181422417443192,0.077270294013039,-0.329529038951225,-0.0333157959351586,0.0125,6,22,27,28,soybean;onion;sweet_potato;corn;garlic;spring_potato,-0.18142241744319,-0.328537092645768,-0.0343077422406124,0.01209,1.60982338570648e-15,0.013
annual,Leave out cohort 2015,Leave out cohort 2015,ln_production,Log production,-9,clean pre-pilot (placebo),-0.155187756388556,0.0770764758029695,-0.300118972030755,-0.0102565407463574,0.0338,6,22,27,28,soybean;onion;sweet_potato;corn;garlic;spring_potato,-0.155187756388554,-0.300316822735508,-0.0100586900416007,0.03297,2.27595720048157e-15,0.034
annual,Leave out cohort 2015,Leave out cohort 2015,ln_production,Log production,-8,clean pre-pilot (placebo),-0.0153206816832522,0.0893456125161725,-0.180810068865271,0.150168705498767,0.8814,6,22,27,28,soybean;onion;sweet_potato;corn;garlic;spring_potato,-0.0153206816832505,-0.181305735067606,0.150664371701105,0.87206,1.67921232474555e-15,0.881
annual,Leave out cohort 2015,Leave out cohort 2015,ln_production,Log production,-7,clean pre-pilot (placebo),-0.00125818171034993,0.0989066399991481,-0.184212876867711,0.181696513447011,0.9903,6,22,27,28,soybean;onion;sweet_potato;corn;garlic;spring_potato,-0.00125818171034828,-0.182077129412506,0.179560765991809,0.99038,1.64885466391596e-15,0.990
annual,Leave out cohort 2015,Leave out cohort 2015,ln_production,Log production,-6,clean pre-pilot (placebo),0.0356446921536659,0.0789768985110804,-0.106705305388258,0.17799468969559,0.7071,5,22,27,28,soybean;onion;sweet_potato;corn;garlic,0.0356446921536649,-0.106111416772393,0.177400801079723,0.70464,9.78384040450919e-16,0.707
annual,Leave out cohort 2015,Leave out cohort 2015,ln_production,Log production,-5,clean pre-pilot (placebo),0.108284506074553,0.0983919487084543,-0.0427646617918841,0.25933367394099,0.3096,2,22,25,26,onion;garlic,0.108284506074552,-0.0421529883531979,0.258722000502302,0.31251,6.93889390390723e-16,0.310
annual,Leave out cohort 2015,Leave out cohort 2015,ln_production,Log production,0,after nationwide availability,0.230945409394161,0.128668623851282,-0.00949837612497234,0.471389194913294,0.0635,6,22,22,28,soybean;onion;sweet_potato;corn;garlic;spring_potato,0.230945409394161,-0.0134563953595632,0.475347214147885,0.06639,2.77555756156289e-17,0.064
annual,Leave out cohort 2015,Leave out cohort 2015,ln_production,Log production,1,after nationwide availability,0.154290558955834,0.12176102575253,-0.0771140544030519,0.385695172314721,0.2011,6,22,22,28,soybean;onion;sweet_potato;corn;garlic;spring_potato,0.154290558955834,-0.0779535028478089,0.386534620759477,0.20104,3.05311331771918e-16,0.201
annual,Leave out cohort 2015,Leave out cohort 2015,ln_production,Log production,2,after nationwide availability,0.0997783534796374,0.14509054070925,-0.175180725747505,0.374737432706779,0.4922,6,22,22,28,soybean;onion;sweet_potato;corn;garlic;spring_potato,0.0997783534796372,-0.177006020715591,0.376562727674865,0.4955,1.66533453693773e-16,0.492
annual,Leave out cohort 2015,Leave out cohort 2015,ln_production,Log production,3,after nationwide availability,0.0481453956191141,0.142519202069886,-0.223894771127983,0.320185562366212,0.7433,6,22,22,28,soybean;onion;sweet_potato;corn;garlic;spring_potato,0.0481453956191144,-0.224281139845335,0.320571931083564,0.73847,2.70616862252382e-16,0.743
annual,Leave out cohort 2015,Leave out cohort 2015,ln_production,Log production,4,after nationwide availability,-0.0107446181088116,0.143320963765453,-0.28563984871218,0.264150612494557,0.9447,6,20,22,28,soybean;onion;sweet_potato;corn;garlic;spring_potato,-0.0107446181088105,-0.284305650712529,0.262816414494908,0.94131,1.13103970633688e-15,0.945
annual,Leave out cohort 2015,Leave out cohort 2015,ln_production,Log production,5,after nationwide availability,0.0532675148163735,0.109262053394288,-0.159542544020725,0.266077573653472,0.6313,6,20,20,26,soybean;onion;sweet_potato;corn;garlic;spring_potato,0.053267514816373,-0.15536003580012,0.261895065432866,0.62587,5.34294830600857e-16,0.631
annual,Leave out cohort 2015,Leave out cohort 2015,ln_production,Log production,6,after nationwide availability,0.231002144130429,0.140058588590482,-0.0394862636995057,0.501490551960363,0.0976,6,15,20,26,soybean;onion;sweet_potato;corn;garlic;spring_potato,0.231002144130429,-0.0365940729841869,0.498598361245045,0.09229,4.16333634234434e-16,0.098
annual,Leave out cohort 2015,Leave out cohort 2015,ln_production,Log production,7,after nationwide availability,0.311071750522302,0.142981596355557,0.038758690364195,0.583384810680408,0.0263,6,14,15,21,soybean;onion;sweet_potato;corn;garlic;spring_potato,0.311071750522301,0.0406227172133689,0.581520783831233,0.02267,6.66133814775094e-16,0.026
annual,Leave out cohort 2015,Leave out cohort 2015,ln_production,Log production,8,after nationwide availability,0.134757179198137,0.164335093037809,-0.175942215949371,0.445456574345645,0.4053,6,11,14,20,soybean;onion;sweet_potato;corn;garlic;spring_potato,0.134757179198137,-0.176439875911655,0.445954234307929,0.40824,1.66533453693773e-16,0.405
annual,Leave out cohort 2015,Leave out cohort 2015,ln_production,Log production,9,after nationwide availability,0.0650335765727616,0.211629278059052,-0.331347026777358,0.461414179922881,0.7572,6,10,11,17,soybean;onion;sweet_potato;corn;garlic;spring_potato,0.0650335765727624,-0.333938578922892,0.464005732068417,0.7593,8.46545056276682e-16,0.757
annual,Leave out cohort 2015,Leave out cohort 2015,ln_yield,Log yield per 10a,-12,clean pre-pilot (placebo),-0.0553495712434887,0.0676770684031576,-0.182819083318186,0.072119940831209,0.4331,6,22,27,28,soybean;onion;sweet_potato;corn;garlic;spring_potato,-0.0553495712434876,-0.182388033006876,0.0716888905199003,0.43333,1.10328413072125e-15,0.433
annual,Leave out cohort 2015,Leave out cohort 2015,ln_yield,Log yield per 10a,-11,clean pre-pilot (placebo),0.0173807821855332,0.0552163171626323,-0.0786707867159586,0.113432351087025,0.8276,6,22,27,28,soybean;onion;sweet_potato;corn;garlic;spring_potato,0.017380782185534,-0.0777825829844133,0.112544147355481,0.83133,8.43075609324728e-16,0.828
annual,Leave out cohort 2015,Leave out cohort 2015,ln_yield,Log yield per 10a,-10,clean pre-pilot (placebo),0.0074842604101042,0.0435187425688854,-0.0704650294364287,0.0854335502566371,0.8844,6,22,27,28,soybean;onion;sweet_potato;corn;garlic;spring_potato,0.00748426041010517,-0.0713258553142041,0.0862943761344145,0.88642,9.69710423071035e-16,0.884
annual,Leave out cohort 2015,Leave out cohort 2015,ln_yield,Log yield per 10a,-9,clean pre-pilot (placebo),-0.0139513285745995,0.0489837807664434,-0.103091383090388,0.0751887259411891,0.7981,6,22,27,28,soybean;onion;sweet_potato;corn;garlic;spring_potato,-0.0139513285745985,-0.104099629215809,0.0761969720666117,0.79912,9.74914593498966e-16,0.798
annual,Leave out cohort 2015,Leave out cohort 2015,ln_yield,Log yield per 10a,-8,clean pre-pilot (placebo),-0.0149421304910973,0.0309208115041245,-0.0747941730433718,0.0449099120611771,0.6448,6,22,27,28,soybean;onion;sweet_potato;corn;garlic;spring_potato,-0.0149421304910962,-0.0732961765288784,0.043411915546686,0.64009,1.12410081243297e-15,0.645
annual,Leave out cohort 2015,Leave out cohort 2015,ln_yield,Log yield per 10a,-7,clean pre-pilot (placebo),0.00654504355179169,0.0369003722940835,-0.0612765123409105,0.0743665994444938,0.8647,6,22,27,28,soybean;onion;sweet_potato;corn;garlic;spring_potato,0.00654504355179266,-0.0609672390609765,0.0740573261645618,0.86293,9.6710833785707e-16,0.865
annual,Leave out cohort 2015,Leave out cohort 2015,ln_yield,Log yield per 10a,-6,clean pre-pilot (placebo),0.00319518970856443,0.0415499392382034,-0.0684482191209122,0.074838598538041,0.9382,5,22,27,28,soybean;onion;sweet_potato;corn;garlic,0.0031951897085639,-0.0682527115435538,0.0746430909606816,0.94247,5.30391702779909e-16,0.938
annual,Leave out cohort 2015,Leave out cohort 2015,ln_yield,Log yield per 10a,-5,clean pre-pilot (placebo),-0.00782944054885646,0.0319619454078004,-0.0662081314295016,0.0505492503317887,0.8097,2,22,25,26,onion;garlic,-0.00782944054885679,-0.0661631464794654,0.0505042653817519,0.80862,3.34801630863524e-16,0.810
annual,Leave out cohort 2015,Leave out cohort 2015,ln_yield,Log yield per 10a,0,after nationwide availability,0.0207737396682446,0.0367255685813365,-0.048971221157351,0.0905187004938402,0.5625,6,22,22,28,soybean;onion;sweet_potato;corn;garlic;spring_potato,0.0207737396682445,-0.0494982525166612,0.0910457318531501,0.57312,1.00613961606655e-16,0.562
annual,Leave out cohort 2015,Leave out cohort 2015,ln_yield,Log yield per 10a,1,after nationwide availability,0.0442284049374249,0.0573173578059155,-0.0607755634528588,0.149232373327709,0.4766,6,22,22,28,soybean;onion;sweet_potato;corn;garlic;spring_potato,0.0442284049374245,-0.060018212455999,0.148475022330848,0.4802,3.60822483003176e-16,0.477
annual,Leave out cohort 2015,Leave out cohort 2015,ln_yield,Log yield per 10a,2,after nationwide availability,0.0209760254759118,0.0504968665665924,-0.0750914230445144,0.117043473996338,0.6823,6,22,22,28,soybean;onion;sweet_potato;corn;garlic;spring_potato,0.0209760254759116,-0.07461957045357,0.116571621405393,0.68522,2.28983498828939e-16,0.682
annual,Leave out cohort 2015,Leave out cohort 2015,ln_yield,Log yield per 10a,3,after nationwide availability,0.023865739115608,0.052887438051593,-0.0764887085841939,0.12422018681541,0.6589,6,22,22,28,soybean;onion;sweet_potato;corn;garlic;spring_potato,0.0238657391156077,-0.0754363313584242,0.12316780958964,0.6663,2.74086309204336e-16,0.659
annual,Leave out cohort 2015,Leave out cohort 2015,ln_yield,Log yield per 10a,4,after nationwide availability,-0.0705066921212981,0.0554281856934221,-0.174709844339803,0.0336964600972066,0.2159,6,20,22,28,soybean;onion;sweet_potato;corn;garlic;spring_potato,-0.0705066921212975,-0.175233231006598,0.0342198467640034,0.20486,6.24500451351651e-16,0.216
annual,Leave out cohort 2015,Leave out cohort 2015,ln_yield,Log yield per 10a,5,after nationwide availability,-0.0425468998041225,0.0638384217831734,-0.160477935502683,0.0753841358944384,0.5287,6,20,20,26,soybean;onion;sweet_potato;corn;garlic;spring_potato,-0.042546899804123,-0.160530371447803,0.0754365718395567,0.53822,5.27355936696949e-16,0.529
annual,Leave out cohort 2015,Leave out cohort 2015,ln_yield,Log yield per 10a,6,after nationwide availability,-0.00950560811226838,0.0548810118663963,-0.113438156622851,0.0944269403983145,0.8602,6,15,20,26,soybean;onion;sweet_potato;corn;garlic;spring_potato,-0.00950560811226896,-0.113290474020798,0.0942792577962602,0.86708,5.79397640976254e-16,0.860
annual,Leave out cohort 2015,Leave out cohort 2015,ln_yield,Log yield per 10a,7,after nationwide availability,0.0456039524466053,0.075803608841309,-0.0955407099191058,0.186748614812316,0.5552,6,14,15,21,soybean;onion;sweet_potato;corn;garlic;spring_potato,0.0456039524466046,-0.0983844044604258,0.189592309353635,0.54788,6.66133814775094e-16,0.555
annual,Leave out cohort 2015,Leave out cohort 2015,ln_yield,Log yield per 10a,8,after nationwide availability,0.0103156500156934,0.0779802585521988,-0.137065366771169,0.157696666802556,0.9037,6,11,14,20,soybean;onion;sweet_potato;corn;garlic;spring_potato,0.0103156500156933,-0.13723102609624,0.157862326127626,0.89543,5.20417042793042e-17,0.904
annual,Leave out cohort 2015,Leave out cohort 2015,ln_yield,Log yield per 10a,9,after nationwide availability,-0.0181314819084844,0.110031407842239,-0.22360024316004,0.187337279343071,0.8692,6,10,11,17,soybean;onion;sweet_potato;corn;garlic;spring_potato,-0.0181314819084839,-0.226004206244663,0.189741242427695,0.86967,4.82253126321552e-16,0.869
fruit,Adding Peach and Grape (nationwide 2004),Adding Peach and Grape (nationwide 2004),ln_area_harmonized,Log orchard area (fruit) / cultivated area (controls),-12,clean pre-pilot (placebo),-0.363697048453353,0.238611046567708,-0.804103419273473,0.0767093223667664,0.118,6,29,32,35,apple;pear;tangerine;plum;peach;grape,-0.363697048453354,-0.806412510060443,0.0790184131537357,0.1256,5.55111512312578e-16,0.118
fruit,Adding Peach and Grape (nationwide 2004),Adding Peach and Grape (nationwide 2004),ln_area_harmonized,Log orchard area (fruit) / cultivated area (controls),-11,clean pre-pilot (placebo),-0.325658183937182,0.222211711593046,-0.737267541830948,0.085951173956585,0.1378,6,29,32,35,apple;pear;tangerine;plum;peach;grape,-0.325658183937182,-0.741473888520109,0.0901575206457457,0.14477,3.33066907387547e-16,0.138
fruit,Adding Peach and Grape (nationwide 2004),Adding Peach and Grape (nationwide 2004),ln_area_harmonized,Log orchard area (fruit) / cultivated area (controls),-10,clean pre-pilot (placebo),-0.310130688810705,0.194814597453616,-0.676795805633763,0.0565344280123534,0.107,7,28,32,36,apple;pear;tangerine;astringent_persimmon;plum;peach;grape,-0.310130688810705,-0.676059115899563,0.0557977382781529,0.10901,2.22044604925031e-16,0.107
fruit,Adding Peach and Grape (nationwide 2004),Adding Peach and Grape (nationwide 2004),ln_area_harmonized,Log orchard area (fruit) / cultivated area (controls),-9,clean pre-pilot (placebo),-0.231834984072261,0.174479445007623,-0.566919330531795,0.103249362387273,0.1869,7,28,32,36,apple;pear;tangerine;astringent_persimmon;plum;peach;grape,-0.231834984072261,-0.565464511904966,0.101794543760445,0.18482,5.55111512312578e-17,0.187
fruit,Adding Peach and Grape (nationwide 2004),Adding Peach and Grape (nationwide 2004),ln_area_harmonized,Log orchard area (fruit) / cultivated area (controls),-8,clean pre-pilot (placebo),-0.183095714899074,0.142613297993113,-0.45889487599394,0.0927034461957924,0.201,7,29,32,36,apple;pear;tangerine;astringent_persimmon;plum;peach;grape,-0.183095714899074,-0.456037392096926,0.0898459622987777,0.20012,2.77555756156289e-17,0.201
fruit,Adding Peach and Grape (nationwide 2004),Adding Peach and Grape (nationwide 2004),ln_area_harmonized,Log orchard area (fruit) / cultivated area (controls),-7,clean pre-pilot (placebo),-0.114194756754355,0.111276823511366,-0.32830870473039,0.0999191912216796,0.3138,7,29,32,36,apple;pear;tangerine;astringent_persimmon;plum;peach;grape,-0.114194756754355,-0.327399051731048,0.0990095382223369,0.31451,2.35922392732846e-16,0.314
fruit,Adding Peach and Grape (nationwide 2004),Adding Peach and Grape (nationwide 2004),ln_area_harmonized,Log orchard area (fruit) / cultivated area (controls),-6,clean pre-pilot (placebo),-0.0806255845763136,0.072112907453547,-0.218653279831195,0.0574021106785682,0.266,8,29,32,37,apple;pear;tangerine;sweet_persimmon;astringent_persimmon;plum;peach;grape,-0.0806255845763131,-0.218827401419437,0.0575762322668105,0.26611,5.13478148889135e-16,0.266
fruit,Adding Peach and Grape (nationwide 2004),Adding Peach and Grape (nationwide 2004),ln_area_harmonized,Log orchard area (fruit) / cultivated area (controls),-5,clean pre-pilot (placebo),-0.0621869962751589,0.0548952050206385,-0.166882726090825,0.0425087335405071,0.2518,7,30,34,37,apple;pear;tangerine;sweet_persimmon;astringent_persimmon;peach;grape,-0.062186996275159,-0.167336210811102,0.0429622182607841,0.2567,9.0205620750794e-17,0.252
fruit,Adding Peach and Grape (nationwide 2004),Adding Peach and Grape (nationwide 2004),ln_area_harmonized,Log orchard area (fruit) / cultivated area (controls),-4,clean pre-pilot (placebo),-0.0195916284463641,0.03140350843228,-0.078475515885634,0.0392922589929059,0.5563,7,30,34,37,apple;pear;tangerine;sweet_persimmon;astringent_persimmon;peach;grape,-0.0195916284463646,-0.078278390327141,0.0390951334344118,0.5539,5.10008701937181e-16,0.556
fruit,Adding Peach and Grape (nationwide 2004),Adding Peach and Grape (nationwide 2004),ln_area_harmonized,Log orchard area (fruit) / cultivated area (controls),0,after nationwide availability,0.0560712530502578,0.0813411055837673,-0.0949565012125207,0.207099007313036,0.5081,8,22,31,37,apple;pear;tangerine;sweet_persimmon;astringent_persimmon;plum;peach;grape,0.0560712530502579,-0.0963672560332001,0.208509762133716,0.50697,1.38777878078145e-16,0.508
fruit,Adding Peach and Grape (nationwide 2004),Adding Peach and Grape (nationwide 2004),ln_area_harmonized,Log orchard area (fruit) / cultivated area (controls),1,after nationwide availability,0.0550239850493228,0.0895142244151511,-0.109112774792799,0.219160744891444,0.5588,8,22,31,37,apple;pear;tangerine;sweet_persimmon;astringent_persimmon;plum;peach;grape,0.0550239850493228,-0.110904388378276,0.220952358476921,0.56363,2.77555756156289e-17,0.559
fruit,Adding Peach and Grape (nationwide 2004),Adding Peach and Grape (nationwide 2004),ln_area_harmonized,Log orchard area (fruit) / cultivated area (controls),2,after nationwide availability,0.0661025526869299,0.0981873794920785,-0.111313367614896,0.243518472988756,0.5435,8,22,31,37,apple;pear;tangerine;sweet_persimmon;astringent_persimmon;plum;peach;grape,0.0661025526869298,-0.112109788870227,0.244314894244086,0.54669,9.71445146547012e-17,0.543
fruit,Adding Peach and Grape (nationwide 2004),Adding Peach and Grape (nationwide 2004),ln_area_harmonized,Log orchard area (fruit) / cultivated area (controls),3,after nationwide availability,0.0868806834918382,0.102901590632738,-0.103019274779165,0.276780641762842,0.4276,8,22,30,37,apple;pear;tangerine;sweet_persimmon;astringent_persimmon;plum;peach;grape,0.0868806834918383,-0.103554287746483,0.277315654730159,0.42749,1.2490009027033e-16,0.428
fruit,Adding Peach and Grape (nationwide 2004),Adding Peach and Grape (nationwide 2004),ln_area_harmonized,Log orchard area (fruit) / cultivated area (controls),4,after nationwide availability,0.131181419250228,0.122943513114008,-0.0950229110179647,0.357385749518421,0.3029,8,22,30,37,apple;pear;tangerine;sweet_persimmon;astringent_persimmon;plum;peach;grape,0.131181419250228,-0.0984606459897008,0.360823484490157,0.30625,5.55111512312578e-17,0.303
fruit,Adding Peach and Grape (nationwide 2004),Adding Peach and Grape (nationwide 2004),ln_area_harmonized,Log orchard area (fruit) / cultivated area (controls),5,after nationwide availability,0.141780050254109,0.125770501870234,-0.0931860349666219,0.376746135474839,0.2667,8,20,26,34,apple;pear;tangerine;sweet_persimmon;astringent_persimmon;plum;peach;grape,0.141780050254109,-0.0979201948189466,0.381480295327164,0.26606,2.77555756156289e-16,0.267
fruit,Adding Peach and Grape (nationwide 2004),Adding Peach and Grape (nationwide 2004),ln_area_harmonized,Log orchard area (fruit) / cultivated area (controls),6,after nationwide availability,0.152756678834335,0.151259784403249,-0.128364120001827,0.433877477670497,0.3251,8,20,23,31,apple;pear;tangerine;sweet_persimmon;astringent_persimmon;plum;peach;grape,0.152756678834335,-0.13126424065169,0.436777598320359,0.32558,8.32667268468867e-17,0.325
fruit,Adding Peach and Grape (nationwide 2004),Adding Peach and Grape (nationwide 2004),ln_area_harmonized,Log orchard area (fruit) / cultivated area (controls),7,after nationwide availability,0.12143400961673,0.17464922991966,-0.205655719177241,0.448523738410701,0.5028,8,15,22,30,apple;pear;tangerine;sweet_persimmon;astringent_persimmon;plum;peach;grape,0.12143400961673,-0.20732904444433,0.45019706367779,0.50305,2.35922392732846e-16,0.503
fruit,Adding Peach and Grape (nationwide 2004),Adding Peach and Grape (nationwide 2004),ln_area_harmonized,Log orchard area (fruit) / cultivated area (controls),8,after nationwide availability,0.177312156205256,0.180481532840592,-0.161061272307318,0.51568558471783,0.3299,8,14,22,30,apple;pear;tangerine;sweet_persimmon;astringent_persimmon;plum;peach;grape,0.177312156205256,-0.165314560892029,0.519938873302542,0.33413,1.38777878078145e-16,0.330
fruit,Adding Peach and Grape (nationwide 2004),Adding Peach and Grape (nationwide 2004),ln_area_harmonized,Log orchard area (fruit) / cultivated area (controls),9,after nationwide availability,0.158064444527821,0.173056733907248,-0.166477724804818,0.482606613860461,0.3631,8,11,22,30,apple;pear;tangerine;sweet_persimmon;astringent_persimmon;plum;peach;grape,0.158064444527821,-0.172414997006497,0.48854388606214,0.36476,3.88578058618805e-16,0.363
fruit,Adding Peach and Grape (nationwide 2004),Adding Peach and Grape (nationwide 2004),ln_production,Log production,-12,clean pre-pilot (placebo),-0.356637035495565,0.216352379070059,-0.748377147970424,0.0351030769792932,0.0872,6,29,32,35,apple;pear;tangerine;plum;peach;grape,-0.356637035495565,-0.753747180461783,0.0404731094706527,0.08987,1.11022302462516e-16,0.087
fruit,Adding Peach and Grape (nationwide 2004),Adding Peach and Grape (nationwide 2004),ln_production,Log production,-11,clean pre-pilot (placebo),-0.310371346692247,0.20034413674394,-0.677670299641163,0.0569276062566699,0.1197,6,29,32,35,apple;pear;tangerine;plum;peach;grape,-0.310371346692247,-0.680121427171296,0.059378733786802,0.11986,2.22044604925031e-16,0.120
fruit,Adding Peach and Grape (nationwide 2004),Adding Peach and Grape (nationwide 2004),ln_production,Log production,-10,clean pre-pilot (placebo),-0.354334018189737,0.206369936151562,-0.739720356446205,0.0310523200667298,0.0794,7,28,32,36,apple;pear;tangerine;astringent_persimmon;plum;peach;grape,-0.354334018189737,-0.737596335949122,0.0289282995696473,0.07822,4.44089209850063e-16,0.079
fruit,Adding Peach and Grape (nationwide 2004),Adding Peach and Grape (nationwide 2004),ln_production,Log production,-9,clean pre-pilot (placebo),-0.278867281374322,0.183616875270917,-0.621625249521018,0.0638906867723733,0.1282,7,28,32,36,apple;pear;tangerine;astringent_persimmon;plum;peach;grape,-0.278867281374322,-0.6210390399072,0.0633044771585548,0.12718,3.88578058618805e-16,0.128
fruit,Adding Peach and Grape (nationwide 2004),Adding Peach and Grape (nationwide 2004),ln_production,Log production,-8,clean pre-pilot (placebo),-0.309298379758632,0.177857441626394,-0.637806391013339,0.0192096314960745,0.0747,7,29,32,36,apple;pear;tangerine;astringent_persimmon;plum;peach;grape,-0.309298379758632,-0.638986525331055,0.0203897658137905,0.07292,2.22044604925031e-16,0.075
fruit,Adding Peach and Grape (nationwide 2004),Adding Peach and Grape (nationwide 2004),ln_production,Log production,-7,clean pre-pilot (placebo),-0.172241992652061,0.13210564288779,-0.411985857544258,0.067501872240136,0.2163,7,29,32,36,apple;pear;tangerine;astringent_persimmon;plum;peach;grape,-0.172241992652061,-0.413502867732223,0.0690188824281003,0.21064,0,0.216
fruit,Adding Peach and Grape (nationwide 2004),Adding Peach and Grape (nationwide 2004),ln_production,Log production,-6,clean pre-pilot (placebo),-0.122622990959138,0.0893933130695886,-0.291809226370688,0.0465632444524129,0.1801,8,29,32,37,apple;pear;tangerine;sweet_persimmon;astringent_persimmon;plum;peach;grape,-0.122622990959138,-0.290576371543632,0.045330389625356,0.17204,3.7470027081099e-16,0.180
fruit,Adding Peach and Grape (nationwide 2004),Adding Peach and Grape (nationwide 2004),ln_production,Log production,-5,clean pre-pilot (placebo),-0.114327476372049,0.0701955246884497,-0.247174768752625,0.0185198160085264,0.0999,7,30,34,37,apple;pear;tangerine;sweet_persimmon;astringent_persimmon;peach;grape,-0.114327476372049,-0.245948392685684,0.0172934399415862,0.09719,1.80411241501588e-16,0.100
fruit,Adding Peach and Grape (nationwide 2004),Adding Peach and Grape (nationwide 2004),ln_production,Log production,-4,clean pre-pilot (placebo),-0.0504622994164714,0.061286775528624,-0.167022192098579,0.0660975932656359,0.4313,7,30,34,37,apple;pear;tangerine;sweet_persimmon;astringent_persimmon;peach;grape,-0.0504622994164716,-0.166686263480711,0.0657616646477676,0.4236,2.28983498828939e-16,0.431
fruit,Adding Peach and Grape (nationwide 2004),Adding Peach and Grape (nationwide 2004),ln_production,Log production,0,after nationwide availability,0.0204569767918205,0.105241728004136,-0.1785160997431,0.219430053326741,0.8519,8,22,31,37,apple;pear;tangerine;sweet_persimmon;astringent_persimmon;plum;peach;grape,0.0204569767918205,-0.179268015823885,0.220181969407526,0.8518,1.38777878078145e-17,0.852
fruit,Adding Peach and Grape (nationwide 2004),Adding Peach and Grape (nationwide 2004),ln_production,Log production,1,after nationwide availability,0.0188258175576944,0.115764172041503,-0.201572099041472,0.23922373415686,0.8758,8,22,31,37,apple;pear;tangerine;sweet_persimmon;astringent_persimmon;plum;peach;grape,0.0188258175576942,-0.203880392842928,0.241532027958317,0.87199,2.25514051876985e-16,0.876
fruit,Adding Peach and Grape (nationwide 2004),Adding Peach and Grape (nationwide 2004),ln_production,Log production,2,after nationwide availability,0.0297200938364547,0.108312324761741,-0.175009415150093,0.234449602823002,0.7862,8,22,31,37,apple;pear;tangerine;sweet_persimmon;astringent_persimmon;plum;peach;grape,0.0297200938364544,-0.178294436723499,0.237734624396408,0.78732,2.74086309204336e-16,0.786
fruit,Adding Peach and Grape (nationwide 2004),Adding Peach and Grape (nationwide 2004),ln_production,Log production,3,after nationwide availability,0.106118986494301,0.103089863400233,-0.0899043870128975,0.302142360001499,0.3049,8,22,30,37,apple;pear;tangerine;sweet_persimmon;astringent_persimmon;plum;peach;grape,0.106118986494301,-0.092448423389052,0.304686396377654,0.30747,3.19189119579733e-16,0.305
fruit,Adding Peach and Grape (nationwide 2004),Adding Peach and Grape (nationwide 2004),ln_production,Log production,4,after nationwide availability,0.172875952543187,0.103321844449804,-0.0218492081771015,0.367601113263476,0.0882,8,22,30,37,apple;pear;tangerine;sweet_persimmon;astringent_persimmon;plum;peach;grape,0.172875952543187,-0.024654674251244,0.370406579337618,0.09069,1.94289029309402e-16,0.088
fruit,Adding Peach and Grape (nationwide 2004),Adding Peach and Grape (nationwide 2004),ln_production,Log production,5,after nationwide availability,0.118523278416264,0.117106657374515,-0.101226881391698,0.338273438224225,0.3201,8,20,26,34,apple;pear;tangerine;sweet_persimmon;astringent_persimmon;plum;peach;grape,0.118523278416264,-0.104407256821575,0.341453813654103,0.32317,1.2490009027033e-16,0.320
fruit,Adding Peach and Grape (nationwide 2004),Adding Peach and Grape (nationwide 2004),ln_production,Log production,6,after nationwide availability,0.136465471201022,0.147915528935747,-0.136474659164274,0.409405601566318,0.3803,8,20,23,31,apple;pear;tangerine;sweet_persimmon;astringent_persimmon;plum;peach;grape,0.136465471201022,-0.139436316994648,0.412367259396693,0.37908,1.66533453693773e-16,0.380
fruit,Adding Peach and Grape (nationwide 2004),Adding Peach and Grape (nationwide 2004),ln_production,Log production,7,after nationwide availability,0.0559498641712262,0.17102115119609,-0.260632161983312,0.372531890325764,0.7572,8,15,22,30,apple;pear;tangerine;sweet_persimmon;astringent_persimmon;plum;peach;grape,0.0559498641712263,-0.264888574555783,0.376788302898236,0.76007,1.38777878078145e-16,0.757
fruit,Adding Peach and Grape (nationwide 2004),Adding Peach and Grape (nationwide 2004),ln_production,Log production,8,after nationwide availability,0.1297795777118,0.179246433062475,-0.20571330074965,0.465272456173249,0.4883,8,14,22,30,apple;pear;tangerine;sweet_persimmon;astringent_persimmon;plum;peach;grape,0.1297795777118,-0.20650899990299,0.46606815532659,0.48988,3.88578058618805e-16,0.488
fruit,Adding Peach and Grape (nationwide 2004),Adding Peach and Grape (nationwide 2004),ln_production,Log production,9,after nationwide availability,0.0346440734525761,0.177388341278792,-0.301925534855941,0.371213681761093,0.8462,8,11,22,30,apple;pear;tangerine;sweet_persimmon;astringent_persimmon;plum;peach;grape,0.0346440734525762,-0.304138784682719,0.373426931587871,0.8469,9.71445146547012e-17,0.846
fruit,Adding Peach and Grape (nationwide 2010),Adding Peach and Grape (nationwide 2010),ln_area_harmonized,Log orchard area (fruit) / cultivated area (controls),-12,clean pre-pilot (placebo),-0.239364595979264,0.214088894237961,-0.622148932608219,0.143419740649692,0.2973,6,29,32,37,apple;pear;tangerine;plum;peach;grape,-0.239364595979264,-0.622074422189471,0.143345230230943,0.30144,1.66533453693773e-16,0.297
fruit,Adding Peach and Grape (nationwide 2010),Adding Peach and Grape (nationwide 2010),ln_area_harmonized,Log orchard area (fruit) / cultivated area (controls),-11,clean pre-pilot (placebo),-0.181716258966717,0.198490168141767,-0.536485356434911,0.173052838501477,0.415,6,29,32,37,apple;pear;tangerine;plum;peach;grape,-0.181716258966717,-0.537388084686162,0.173955566752728,0.41625,0,0.415
fruit,Adding Peach and Grape (nationwide 2010),Adding Peach and Grape (nationwide 2010),ln_area_harmonized,Log orchard area (fruit) / cultivated area (controls),-10,clean pre-pilot (placebo),-0.201422651652269,0.181615028644426,-0.536904400912803,0.134059097608264,0.283,7,28,34,37,apple;pear;tangerine;astringent_persimmon;plum;peach;grape,-0.201422651652269,-0.536666086477553,0.133820783173014,0.28851,8.32667268468867e-17,0.283
fruit,Adding Peach and Grape (nationwide 2010),Adding Peach and Grape (nationwide 2010),ln_area_harmonized,Log orchard area (fruit) / cultivated area (controls),-9,clean pre-pilot (placebo),-0.195108797132699,0.222892575298257,-0.615098952973639,0.224881358708241,0.3756,5,28,32,36,apple;pear;tangerine;astringent_persimmon;plum,-0.195108797132699,-0.614945961159971,0.224728366894573,0.37996,8.32667268468867e-17,0.376
fruit,Adding Peach and Grape (nationwide 2010),Adding Peach and Grape (nationwide 2010),ln_area_harmonized,Log orchard area (fruit) / cultivated area (controls),-8,clean pre-pilot (placebo),-0.152233477802252,0.178826496967231,-0.485184998268088,0.180718042663583,0.391,5,29,32,36,apple;pear;tangerine;astringent_persimmon;plum,-0.152233477802252,-0.48584592536998,0.181378969765476,0.39112,4.16333634234434e-16,0.391
fruit,Adding Peach and Grape (nationwide 2010),Adding Peach and Grape (nationwide 2010),ln_area_harmonized,Log orchard area (fruit) / cultivated area (controls),-7,clean pre-pilot (placebo),-0.0964277861315396,0.139722531828626,-0.360777418690952,0.167921846427873,0.4981,5,29,32,36,apple;pear;tangerine;astringent_persimmon;plum,-0.0964277861315396,-0.361213497550913,0.168357925287834,0.4983,2.77555756156289e-17,0.498
fruit,Adding Peach and Grape (nationwide 2010),Adding Peach and Grape (nationwide 2010),ln_area_harmonized,Log orchard area (fruit) / cultivated area (controls),-6,clean pre-pilot (placebo),-0.069100067326332,0.0846411917588941,-0.230504870538091,0.0923047358854272,0.4259,6,29,32,37,apple;pear;tangerine;sweet_persimmon;astringent_persimmon;plum,-0.0691000673263319,-0.230151205957883,0.0919510713052193,0.42812,1.38777878078145e-16,0.426
fruit,Adding Peach and Grape (nationwide 2010),Adding Peach and Grape (nationwide 2010),ln_area_harmonized,Log orchard area (fruit) / cultivated area (controls),-5,clean pre-pilot (placebo),-0.0644596268623525,0.0628030041160568,-0.183667346418363,0.0547480926936575,0.3125,5,30,34,37,apple;pear;tangerine;sweet_persimmon;astringent_persimmon,-0.0644596268623523,-0.184119810956786,0.0552005572320817,0.31137,2.35922392732846e-16,0.312
fruit,Adding Peach and Grape (nationwide 2010),Adding Peach and Grape (nationwide 2010),ln_area_harmonized,Log orchard area (fruit) / cultivated area (controls),-4,clean pre-pilot (placebo),-0.0344444393231439,0.0380614483418367,-0.102948951821376,0.0340600731750881,0.4094,5,30,34,37,apple;pear;tangerine;sweet_persimmon;astringent_persimmon,-0.0344444393231444,-0.102624962045652,0.0337360833993632,0.41673,4.78783679369599e-16,0.409
fruit,Adding Peach and Grape (nationwide 2010),Adding Peach and Grape (nationwide 2010),ln_area_harmonized,Log orchard area (fruit) / cultivated area (controls),0,after nationwide availability,0.0590852359425357,0.101861301943568,-0.131945032767231,0.250115504652302,0.5892,8,22,31,37,apple;pear;tangerine;sweet_persimmon;astringent_persimmon;plum;peach;grape,0.0590852359425357,-0.130300320050293,0.248470791935364,0.58111,3.46944695195361e-17,0.589
fruit,Adding Peach and Grape (nationwide 2010),Adding Peach and Grape (nationwide 2010),ln_area_harmonized,Log orchard area (fruit) / cultivated area (controls),1,after nationwide availability,0.0419330820351924,0.112722405887451,-0.168512930520389,0.252379094590774,0.7301,8,22,31,37,apple;pear;tangerine;sweet_persimmon;astringent_persimmon;plum;peach;grape,0.0419330820351923,-0.168347756239067,0.252213920309452,0.71554,7.63278329429795e-17,0.730
fruit,Adding Peach and Grape (nationwide 2010),Adding Peach and Grape (nationwide 2010),ln_area_harmonized,Log orchard area (fruit) / cultivated area (controls),2,after nationwide availability,0.111696323032471,0.11890767710149,-0.112139560515371,0.335532206580313,0.3695,8,22,31,37,apple;pear;tangerine;sweet_persimmon;astringent_persimmon;plum;peach;grape,0.111696323032471,-0.113248670958186,0.336641317023128,0.36143,3.46944695195361e-16,0.369
fruit,Adding Peach and Grape (nationwide 2010),Adding Peach and Grape (nationwide 2010),ln_area_harmonized,Log orchard area (fruit) / cultivated area (controls),3,after nationwide availability,0.112858627254707,0.120264978505161,-0.113333284892581,0.339050539401995,0.3715,8,22,30,37,apple;pear;tangerine;sweet_persimmon;astringent_persimmon;plum;peach;grape,0.112858627254707,-0.114998064869217,0.34071531937863,0.35904,4.16333634234434e-17,0.371
fruit,Adding Peach and Grape (nationwide 2010),Adding Peach and Grape (nationwide 2010),ln_area_harmonized,Log orchard area (fruit) / cultivated area (controls),4,after nationwide availability,0.173242241507465,0.139823419114093,-0.0930044882804702,0.439488971295401,0.2277,8,22,30,37,apple;pear;tangerine;sweet_persimmon;astringent_persimmon;plum;peach;grape,0.173242241507465,-0.0930196134208201,0.439504096435751,0.22049,3.60822483003176e-16,0.228
fruit,Adding Peach and Grape (nationwide 2010),Adding Peach and Grape (nationwide 2010),ln_area_harmonized,Log orchard area (fruit) / cultivated area (controls),5,after nationwide availability,0.170516904201581,0.145475263261533,-0.106767874830596,0.447801683233759,0.251,8,20,26,34,apple;pear;tangerine;sweet_persimmon;astringent_persimmon;plum;peach;grape,0.170516904201581,-0.107764063215365,0.448797871618527,0.24266,3.05311331771918e-16,0.251
fruit,Adding Peach and Grape (nationwide 2010),Adding Peach and Grape (nationwide 2010),ln_area_harmonized,Log orchard area (fruit) / cultivated area (controls),6,after nationwide availability,0.193773286300127,0.170913809922164,-0.130806590086593,0.518353162686848,0.2666,8,20,23,31,apple;pear;tangerine;sweet_persimmon;astringent_persimmon;plum;peach;grape,0.193773286300127,-0.131673238129121,0.519219810729376,0.25884,2.4980018054066e-16,0.267
fruit,Adding Peach and Grape (nationwide 2010),Adding Peach and Grape (nationwide 2010),ln_area_harmonized,Log orchard area (fruit) / cultivated area (controls),7,after nationwide availability,0.19817366109708,0.180099040906723,-0.144615213954334,0.540962536148495,0.2789,8,15,22,30,apple;pear;tangerine;sweet_persimmon;astringent_persimmon;plum;peach;grape,0.19817366109708,-0.146250161787372,0.542597483981533,0.26878,3.60822483003176e-16,0.279
fruit,Adding Peach and Grape (nationwide 2010),Adding Peach and Grape (nationwide 2010),ln_area_harmonized,Log orchard area (fruit) / cultivated area (controls),8,after nationwide availability,0.213146437441795,0.184920276675244,-0.136638078587145,0.562930953470735,0.2516,8,14,22,30,apple;pear;tangerine;sweet_persimmon;astringent_persimmon;plum;peach;grape,0.213146437441795,-0.140495563757134,0.566788438640724,0.24725,5.55111512312578e-17,0.252
fruit,Adding Peach and Grape (nationwide 2010),Adding Peach and Grape (nationwide 2010),ln_area_harmonized,Log orchard area (fruit) / cultivated area (controls),9,after nationwide availability,0.220319314898773,0.184731238828763,-0.134418157349121,0.575056787146667,0.2378,8,11,22,30,apple;pear;tangerine;sweet_persimmon;astringent_persimmon;plum;peach;grape,0.220319314898773,-0.132928151823669,0.573566781621216,0.2302,3.05311331771918e-16,0.238
fruit,Adding Peach and Grape (nationwide 2010),Adding Peach and Grape (nationwide 2010),ln_production,Log production,-12,clean pre-pilot (placebo),-0.150538771574827,0.130571750274195,-0.386932264044241,0.0858547208945869,0.2752,6,29,32,37,apple;pear;tangerine;plum;peach;grape,-0.150538771574827,-0.385279324196062,0.0842017810464077,0.27079,1.38777878078145e-16,0.275
fruit,Adding Peach and Grape (nationwide 2010),Adding Peach and Grape (nationwide 2010),ln_production,Log production,-11,clean pre-pilot (placebo),-0.108697997368943,0.130612133621248,-0.344739686241879,0.127343691503994,0.4529,6,29,32,37,apple;pear;tangerine;plum;peach;grape,-0.108697997368943,-0.344192870108499,0.126796875370613,0.44919,3.33066907387547e-16,0.453
fruit,Adding Peach and Grape (nationwide 2010),Adding Peach and Grape (nationwide 2010),ln_production,Log production,-10,clean pre-pilot (placebo),-0.197528336265714,0.183589640454548,-0.519261645947848,0.12420497341642,0.3445,7,28,34,37,apple;pear;tangerine;astringent_persimmon;plum;peach;grape,-0.197528336265714,-0.520488564198207,0.125431891666779,0.34701,1.11022302462516e-16,0.344
fruit,Adding Peach and Grape (nationwide 2010),Adding Peach and Grape (nationwide 2010),ln_production,Log production,-9,clean pre-pilot (placebo),-0.233710696364525,0.232644529027275,-0.654709718573464,0.187288325844414,0.3578,5,28,32,36,apple;pear;tangerine;astringent_persimmon;plum,-0.233710696364525,-0.653546492825824,0.186125100096775,0.36121,3.05311331771918e-16,0.358
fruit,Adding Peach and Grape (nationwide 2010),Adding Peach and Grape (nationwide 2010),ln_production,Log production,-8,clean pre-pilot (placebo),-0.309048626011784,0.233853731908881,-0.733391816563946,0.115294564540377,0.2126,5,29,32,36,apple;pear;tangerine;astringent_persimmon;plum,-0.309048626011784,-0.731412894772667,0.113315642749098,0.22169,1.66533453693773e-16,0.213
fruit,Adding Peach and Grape (nationwide 2010),Adding Peach and Grape (nationwide 2010),ln_production,Log production,-7,clean pre-pilot (placebo),-0.175173900501674,0.175379096470741,-0.484072222373188,0.133724421369839,0.3749,5,29,32,36,apple;pear;tangerine;astringent_persimmon;plum,-0.175173900501674,-0.485672955796292,0.135325154792945,0.37819,5.55111512312578e-17,0.375
fruit,Adding Peach and Grape (nationwide 2010),Adding Peach and Grape (nationwide 2010),ln_production,Log production,-6,clean pre-pilot (placebo),-0.129084525710807,0.115164276101732,-0.34486790948271,0.0866988580610948,0.2755,6,29,32,37,apple;pear;tangerine;sweet_persimmon;astringent_persimmon;plum,-0.129084525710808,-0.342781814088477,0.0846127626668612,0.28232,5.27355936696949e-16,0.276
fruit,Adding Peach and Grape (nationwide 2010),Adding Peach and Grape (nationwide 2010),ln_production,Log production,-5,clean pre-pilot (placebo),-0.142590953872787,0.0909076654100663,-0.308980640711563,0.023798732965989,0.1117,5,30,34,37,apple;pear;tangerine;sweet_persimmon;astringent_persimmon,-0.142590953872787,-0.309066733151107,0.0238848254055323,0.11218,1.38777878078145e-16,0.112
fruit,Adding Peach and Grape (nationwide 2010),Adding Peach and Grape (nationwide 2010),ln_production,Log production,-4,clean pre-pilot (placebo),-0.100708952975041,0.0836699754736525,-0.259833933623903,0.0584160276738202,0.2382,5,30,34,37,apple;pear;tangerine;sweet_persimmon;astringent_persimmon,-0.100708952975042,-0.259168084214853,0.0577501782647677,0.24014,5.68989300120393e-16,0.238
fruit,Adding Peach and Grape (nationwide 2010),Adding Peach and Grape (nationwide 2010),ln_production,Log production,0,after nationwide availability,-0.00408003013176336,0.121746863608788,-0.232114916460047,0.223954856196521,0.9763,8,22,31,37,apple;pear;tangerine;sweet_persimmon;astringent_persimmon;plum;peach;grape,-0.00408003013176334,-0.233307058009132,0.225146997745606,0.97386,2.25514051876985e-17,0.976
fruit,Adding Peach and Grape (nationwide 2010),Adding Peach and Grape (nationwide 2010),ln_production,Log production,1,after nationwide availability,-0.0726616444248241,0.131251173539712,-0.323749181708094,0.178425892858446,0.5876,8,22,31,37,apple;pear;tangerine;sweet_persimmon;astringent_persimmon;plum;peach;grape,-0.0726616444248243,-0.323719505348607,0.178396216498958,0.58693,2.22044604925031e-16,0.588
fruit,Adding Peach and Grape (nationwide 2010),Adding Peach and Grape (nationwide 2010),ln_production,Log production,2,after nationwide availability,0.00627117823840754,0.12612345152485,-0.234736770667742,0.247279127144557,0.9624,8,22,31,37,apple;pear;tangerine;sweet_persimmon;astringent_persimmon;plum;peach;grape,0.00627117823840692,-0.234443410830969,0.246985767307782,0.96191,6.1929628092372e-16,0.962
fruit,Adding Peach and Grape (nationwide 2010),Adding Peach and Grape (nationwide 2010),ln_production,Log production,3,after nationwide availability,0.0502549886703769,0.128470717798347,-0.196429109136786,0.296939086477539,0.7006,8,22,30,37,apple;pear;tangerine;sweet_persimmon;astringent_persimmon;plum;peach;grape,0.0502549886703763,-0.195371916455127,0.295881893795879,0.69866,5.68989300120393e-16,0.701
fruit,Adding Peach and Grape (nationwide 2010),Adding Peach and Grape (nationwide 2010),ln_production,Log production,4,after nationwide availability,0.112967953505817,0.135300413803028,-0.146342266184663,0.372278173196298,0.4159,8,22,30,37,apple;pear;tangerine;sweet_persimmon;astringent_persimmon;plum;peach;grape,0.112967953505817,-0.145436793657037,0.371372700668672,0.41362,3.7470027081099e-16,0.416
fruit,Adding Peach and Grape (nationwide 2010),Adding Peach and Grape (nationwide 2010),ln_production,Log production,5,after nationwide availability,0.133596038194044,0.135089987903977,-0.123565253880075,0.390757330268162,0.3347,8,20,26,34,apple;pear;tangerine;sweet_persimmon;astringent_persimmon;plum;peach;grape,0.133596038194043,-0.123148868270804,0.39034094465889,0.32995,9.15933995315754e-16,0.335
fruit,Adding Peach and Grape (nationwide 2010),Adding Peach and Grape (nationwide 2010),ln_production,Log production,6,after nationwide availability,0.183416562747717,0.165683056240143,-0.131614092359837,0.49844721785527,0.2766,8,20,23,31,apple;pear;tangerine;sweet_persimmon;astringent_persimmon;plum;peach;grape,0.183416562747717,-0.128682314105228,0.495515439600661,0.2751,3.33066907387547e-16,0.277
fruit,Adding Peach and Grape (nationwide 2010),Adding Peach and Grape (nationwide 2010),ln_production,Log production,7,after nationwide availability,0.145937770894095,0.170196278029605,-0.179699604737672,0.471575146525863,0.3937,8,15,22,30,apple;pear;tangerine;sweet_persimmon;astringent_persimmon;plum;peach;grape,0.145937770894096,-0.17775796643899,0.469633508227181,0.39578,5.55111512312578e-16,0.394
fruit,Adding Peach and Grape (nationwide 2010),Adding Peach and Grape (nationwide 2010),ln_production,Log production,8,after nationwide availability,0.156627211838733,0.182518859349031,-0.193081606769343,0.506336030446808,0.3948,8,14,22,30,apple;pear;tangerine;sweet_persimmon;astringent_persimmon;plum;peach;grape,0.156627211838733,-0.191002977432121,0.504257401109587,0.39639,2.4980018054066e-16,0.395
fruit,Adding Peach and Grape (nationwide 2010),Adding Peach and Grape (nationwide 2010),ln_production,Log production,9,after nationwide availability,0.0973417922471137,0.190217623384058,-0.267774502501736,0.462458086995964,0.616,8,11,22,30,apple;pear;tangerine;sweet_persimmon;astringent_persimmon;plum;peach;grape,0.0973417922471138,-0.26665400452509,0.461337589019317,0.61251,6.93889390390723e-17,0.616
fruit,Apple and Pear dated 2001,Apple and Pear dated 2001,ln_area_harmonized,Log orchard area (fruit) / cultivated area (controls),-12,clean pre-pilot (placebo),-0.347240555946498,0.251473286861433,-0.770861723259466,0.0763806113664702,0.1822,2,28,29,31,tangerine;plum,-0.347240555946498,-0.770142733207482,0.0756616213144858,0.17969,5.55111512312578e-17,0.182
fruit,Apple and Pear dated 2001,Apple and Pear dated 2001,ln_area_harmonized,Log orchard area (fruit) / cultivated area (controls),-11,clean pre-pilot (placebo),-0.319864491971812,0.215832449133026,-0.693197896344393,0.0534689124007684,0.1546,2,28,29,31,tangerine;plum,-0.319864491971813,-0.691792996449843,0.0520640125062172,0.1534,5.55111512312578e-16,0.155
fruit,Apple and Pear dated 2001,Apple and Pear dated 2001,ln_area_harmonized,Log orchard area (fruit) / cultivated area (controls),-10,clean pre-pilot (placebo),-0.327968635213892,0.273868831284743,-0.825931074611777,0.169993804183993,0.2484,5,28,30,34,apple;pear;tangerine;astringent_persimmon;plum,-0.327968635213892,-0.824374797249719,0.168437526821935,0.25418,2.77555756156289e-16,0.248
fruit,Apple and Pear dated 2001,Apple and Pear dated 2001,ln_area_harmonized,Log orchard area (fruit) / cultivated area (controls),-9,clean pre-pilot (placebo),-0.250147930622861,0.253821265271842,-0.713574054386234,0.213278193140511,0.3457,5,28,30,34,apple;pear;tangerine;astringent_persimmon;plum,-0.250147930622861,-0.714827397166569,0.214531535920846,0.34628,3.88578058618805e-16,0.346
fruit,Apple and Pear dated 2001,Apple and Pear dated 2001,ln_area_harmonized,Log orchard area (fruit) / cultivated area (controls),-8,clean pre-pilot (placebo),-0.214836033010913,0.233795715002237,-0.631680331663327,0.202008265641502,0.4012,5,28,30,34,apple;pear;tangerine;astringent_persimmon;plum,-0.214836033010912,-0.630195873930491,0.200523807908666,0.40446,4.9960036108132e-16,0.401
fruit,Apple and Pear dated 2001,Apple and Pear dated 2001,ln_area_harmonized,Log orchard area (fruit) / cultivated area (controls),-7,clean pre-pilot (placebo),-0.126026862384651,0.205094947112898,-0.502173367646702,0.250119642877401,0.5609,5,28,30,34,apple;pear;tangerine;astringent_persimmon;plum,-0.12602686238465,-0.500790695890919,0.248736971121618,0.56637,6.93889390390723e-16,0.561
fruit,Apple and Pear dated 2001,Apple and Pear dated 2001,ln_area_harmonized,Log orchard area (fruit) / cultivated area (controls),-6,clean pre-pilot (placebo),-0.124635466931297,0.140585024090179,-0.380607887501856,0.131336953639261,0.4033,6,29,30,35,apple;pear;tangerine;sweet_persimmon;astringent_persimmon;plum,-0.124635466931297,-0.380896269955766,0.131625336093171,0.41045,4.30211422042248e-16,0.403
fruit,Apple and Pear dated 2001,Apple and Pear dated 2001,ln_area_harmonized,Log orchard area (fruit) / cultivated area (controls),-5,clean pre-pilot (placebo),-0.0919180252550169,0.122360963705309,-0.316546609059849,0.132710558549815,0.4705,5,30,30,35,apple;pear;tangerine;sweet_persimmon;astringent_persimmon,-0.0919180252550169,-0.316482012411118,0.132645961901084,0.47882,1.38777878078145e-17,0.470
fruit,Apple and Pear dated 2001,Apple and Pear dated 2001,ln_area_harmonized,Log orchard area (fruit) / cultivated area (controls),-4,clean pre-pilot (placebo),-0.0168939363746022,0.0795629490561227,-0.164764717468291,0.130976844719087,0.8499,5,30,32,35,apple;pear;tangerine;sweet_persimmon;astringent_persimmon,-0.0168939363746021,-0.16477709161636,0.130989218867156,0.8493,1.45716771982052e-16,0.850
fruit,Apple and Pear dated 2001,Apple and Pear dated 2001,ln_area_harmonized,Log orchard area (fruit) / cultivated area (controls),-3,clean pre-pilot (placebo),-0.0103493439800244,0.0973561569489937,-0.191962534393369,0.17126384643332,0.9209,2,32,32,33,apple;pear,-0.0103493439800237,-0.192291124782264,0.171592436822217,0.91987,6.50521303491303e-16,0.921
fruit,Apple and Pear dated 2001,Apple and Pear dated 2001,ln_area_harmonized,Log orchard area (fruit) / cultivated area (controls),-2,clean pre-pilot (placebo),-0.027445837487989,0.0532443192337482,-0.127272899565918,0.0723812245899403,0.61,2,32,32,33,apple;pear,-0.0274458374879878,-0.12792556880333,0.0730338938273546,0.61687,1.15532583500055e-15,0.610
fruit,Apple and Pear dated 2001,Apple and Pear dated 2001,ln_area_harmonized,Log orchard area (fruit) / cultivated area (controls),0,after nationwide availability,0.0333946535143794,0.0932006838884049,-0.132854791454927,0.199644098483685,0.7803,6,22,33,35,apple;pear;tangerine;sweet_persimmon;astringent_persimmon;plum,0.0333946535143796,-0.131191415168158,0.197980722196917,0.78163,1.94289029309402e-16,0.780
fruit,Apple and Pear dated 2001,Apple and Pear dated 2001,ln_area_harmonized,Log orchard area (fruit) / cultivated area (controls),1,after nationwide availability,0.0459009321271456,0.108798852156811,-0.143931440210117,0.235733304464408,0.7573,6,22,31,35,apple;pear;tangerine;sweet_persimmon;astringent_persimmon;plum,0.0459009321271456,-0.142641128000465,0.234442992254757,0.755,6.93889390390723e-18,0.757
fruit,Apple and Pear dated 2001,Apple and Pear dated 2001,ln_area_harmonized,Log orchard area (fruit) / cultivated area (controls),2,after nationwide availability,0.0890679209794435,0.119680972190102,-0.121517654392263,0.29965349635115,0.5338,6,22,31,35,apple;pear;tangerine;sweet_persimmon;astringent_persimmon;plum,0.0890679209794435,-0.120505724398414,0.298641566357301,0.52893,2.77555756156289e-17,0.534
fruit,Apple and Pear dated 2001,Apple and Pear dated 2001,ln_area_harmonized,Log orchard area (fruit) / cultivated area (controls),3,after nationwide availability,0.0886194692373231,0.122322226891494,-0.133690735643301,0.310929674117947,0.518,6,22,31,35,apple;pear;tangerine;sweet_persimmon;astringent_persimmon;plum,0.0886194692373233,-0.130757778369508,0.307996716844155,0.51744,2.08166817117217e-16,0.518
fruit,Apple and Pear dated 2001,Apple and Pear dated 2001,ln_area_harmonized,Log orchard area (fruit) / cultivated area (controls),4,after nationwide availability,0.15250083731507,0.140290448636745,-0.106627966156246,0.411629640786387,0.3081,6,22,31,35,apple;pear;tangerine;sweet_persimmon;astringent_persimmon;plum,0.15250083731507,-0.102740488308481,0.407742162938622,0.30246,5.55111512312578e-17,0.308
fruit,Apple and Pear dated 2001,Apple and Pear dated 2001,ln_area_harmonized,Log orchard area (fruit) / cultivated area (controls),5,after nationwide availability,0.171595717035419,0.133003301982801,-0.0794722121906503,0.422663646261489,0.207,6,20,30,35,apple;pear;tangerine;sweet_persimmon;astringent_persimmon;plum,0.171595717035419,-0.0770511218184585,0.420242555889297,0.20322,8.32667268468867e-17,0.207
fruit,Apple and Pear dated 2001,Apple and Pear dated 2001,ln_area_harmonized,Log orchard area (fruit) / cultivated area (controls),6,after nationwide availability,0.183193480030889,0.140689381197277,-0.0854085003845641,0.451795460446342,0.2006,6,20,30,35,apple;pear;tangerine;sweet_persimmon;astringent_persimmon;plum,0.183193480030889,-0.0830709464471491,0.449457906508927,0.196,5.55111512312578e-17,0.201
fruit,Apple and Pear dated 2001,Apple and Pear dated 2001,ln_area_harmonized,Log orchard area (fruit) / cultivated area (controls),7,after nationwide availability,0.159486323531831,0.162957065519531,-0.154448369637606,0.473421016701269,0.3365,6,15,26,32,apple;pear;tangerine;sweet_persimmon;astringent_persimmon;plum,0.159486323531831,-0.150337850778975,0.469310497842638,0.33418,3.60822483003176e-16,0.337
fruit,Apple and Pear dated 2001,Apple and Pear dated 2001,ln_area_harmonized,Log orchard area (fruit) / cultivated area (controls),8,after nationwide availability,0.21338757228426,0.171240553930845,-0.118663545180168,0.545438689748687,0.2147,6,14,23,29,apple;pear;tangerine;sweet_persimmon;astringent_persimmon;plum,0.21338757228426,-0.112362811173031,0.53913795574155,0.21161,4.44089209850063e-16,0.215
fruit,Apple and Pear dated 2001,Apple and Pear dated 2001,ln_area_harmonized,Log orchard area (fruit) / cultivated area (controls),9,after nationwide availability,0.162773330254899,0.182551835790616,-0.189798542565399,0.515345203075197,0.3779,6,11,22,28,apple;pear;tangerine;sweet_persimmon;astringent_persimmon;plum,0.1627733302549,-0.184097081760553,0.509643742270352,0.37734,1.0547118733939e-15,0.378
fruit,Apple and Pear dated 2001,Apple and Pear dated 2001,ln_production,Log production,-12,clean pre-pilot (placebo),-0.124286635011582,0.186759941513141,-0.439316144171103,0.190742874147939,0.6313,2,28,29,31,tangerine;plum,-0.124286635011582,-0.439421032622869,0.190847762599705,0.62815,3.60822483003176e-16,0.631
fruit,Apple and Pear dated 2001,Apple and Pear dated 2001,ln_production,Log production,-11,clean pre-pilot (placebo),-0.171404193001572,0.134681198120242,-0.392929194973343,0.0501208089701992,0.201,2,28,29,31,tangerine;plum,-0.171404193001572,-0.392903329726736,0.050094943723591,0.20126,0,0.201
fruit,Apple and Pear dated 2001,Apple and Pear dated 2001,ln_production,Log production,-10,clean pre-pilot (placebo),-0.334987731302245,0.250259718898197,-0.76644534197355,0.0964698793690608,0.2147,5,28,30,34,apple;pear;tangerine;astringent_persimmon;plum,-0.334987731302245,-0.768747705087328,0.0987722424828389,0.21438,3.88578058618805e-16,0.215
fruit,Apple and Pear dated 2001,Apple and Pear dated 2001,ln_production,Log production,-9,clean pre-pilot (placebo),-0.248347030486468,0.237894627965609,-0.67907888741595,0.182384826443014,0.3354,5,28,30,34,apple;pear;tangerine;astringent_persimmon;plum,-0.248347030486468,-0.682609937993349,0.185915877020412,0.33525,8.32667268468867e-17,0.335
fruit,Apple and Pear dated 2001,Apple and Pear dated 2001,ln_production,Log production,-8,clean pre-pilot (placebo),-0.339133523847301,0.232823741759657,-0.756195835920871,0.0779287882262684,0.1609,5,28,30,34,apple;pear;tangerine;astringent_persimmon;plum,-0.339133523847302,-0.75863178584182,0.0803647381472166,0.16485,7.7715611723761e-16,0.161
fruit,Apple and Pear dated 2001,Apple and Pear dated 2001,ln_production,Log production,-7,clean pre-pilot (placebo),-0.198987147280628,0.196603487750799,-0.553331155695154,0.155356861133897,0.3576,5,28,30,34,apple;pear;tangerine;astringent_persimmon;plum,-0.198987147280629,-0.555855667924317,0.157881373363059,0.35941,6.10622663543836e-16,0.358
fruit,Apple and Pear dated 2001,Apple and Pear dated 2001,ln_production,Log production,-6,clean pre-pilot (placebo),-0.203081549176398,0.160804304341418,-0.496983306513841,0.0908202081610439,0.2287,6,29,30,35,apple;pear;tangerine;sweet_persimmon;astringent_persimmon;plum,-0.203081549176399,-0.497547515877962,0.091384417525165,0.23056,6.38378239159465e-16,0.229
fruit,Apple and Pear dated 2001,Apple and Pear dated 2001,ln_production,Log production,-5,clean pre-pilot (placebo),-0.148065940589023,0.132895300028525,-0.391825842757239,0.0956939615791936,0.2952,5,30,30,35,apple;pear;tangerine;sweet_persimmon;astringent_persimmon,-0.148065940589023,-0.392799992928871,0.0966681117508255,0.29582,3.05311331771918e-16,0.295
fruit,Apple and Pear dated 2001,Apple and Pear dated 2001,ln_production,Log production,-4,clean pre-pilot (placebo),-0.0545031829155678,0.0985380506254874,-0.242191568250297,0.133185202419161,0.5864,5,30,32,35,apple;pear;tangerine;sweet_persimmon;astringent_persimmon,-0.0545031829155679,-0.242526297184917,0.133519931353782,0.5934,6.93889390390723e-17,0.586
fruit,Apple and Pear dated 2001,Apple and Pear dated 2001,ln_production,Log production,-3,clean pre-pilot (placebo),-0.169987478502818,0.128172156194525,-0.386106238533531,0.0461312815278958,0.1783,2,32,32,33,apple;pear,-0.169987478502818,-0.387620127978215,0.047645170972579,0.1815,2.4980018054066e-16,0.178
fruit,Apple and Pear dated 2001,Apple and Pear dated 2001,ln_production,Log production,-2,clean pre-pilot (placebo),-0.174492310107235,0.140524663017641,-0.396713100910385,0.0477284806959159,0.204,2,32,32,33,apple;pear,-0.174492310107236,-0.396631789616808,0.0476471694023362,0.21029,1.36002320516582e-15,0.204
fruit,Apple and Pear dated 2001,Apple and Pear dated 2001,ln_production,Log production,0,after nationwide availability,0.031668380627438,0.121832211596327,-0.192820044260273,0.256156805515149,0.8119,6,22,33,35,apple;pear;tangerine;sweet_persimmon;astringent_persimmon;plum,0.0316683806274384,-0.194154735304873,0.25749149655975,0.81401,3.67761376907083e-16,0.812
fruit,Apple and Pear dated 2001,Apple and Pear dated 2001,ln_production,Log production,1,after nationwide availability,-0.0245124334685153,0.0996942845899842,-0.213825737470359,0.164800870533328,0.806,6,22,31,35,apple;pear;tangerine;sweet_persimmon;astringent_persimmon;plum,-0.024512433468515,-0.214468641171583,0.165443774234553,0.80946,2.56739074444567e-16,0.806
fruit,Apple and Pear dated 2001,Apple and Pear dated 2001,ln_production,Log production,2,after nationwide availability,-0.0299869173727926,0.101940940457872,-0.223463361366853,0.163489526621268,0.773,6,22,31,35,apple;pear;tangerine;sweet_persimmon;astringent_persimmon;plum,-0.0299869173727926,-0.225423568312746,0.165449733567161,0.77456,3.46944695195361e-18,0.773
fruit,Apple and Pear dated 2001,Apple and Pear dated 2001,ln_production,Log production,3,after nationwide availability,0.0696695180077369,0.123564274374977,-0.166353050262539,0.305692086278012,0.5784,6,22,31,35,apple;pear;tangerine;sweet_persimmon;astringent_persimmon;plum,0.0696695180077371,-0.167084855147051,0.306423891162525,0.58278,2.4980018054066e-16,0.578
fruit,Apple and Pear dated 2001,Apple and Pear dated 2001,ln_production,Log production,4,after nationwide availability,0.140293936719881,0.110438812435294,-0.0677151443288188,0.34830301776858,0.209,6,22,31,35,apple;pear;tangerine;sweet_persimmon;astringent_persimmon;plum,0.140293936719881,-0.0692094226411754,0.349797296080937,0.21173,2.22044604925031e-16,0.209
fruit,Apple and Pear dated 2001,Apple and Pear dated 2001,ln_production,Log production,5,after nationwide availability,0.158323903446561,0.0994110657008945,-0.0328922748449953,0.349540081738117,0.1114,6,20,30,35,apple;pear;tangerine;sweet_persimmon;astringent_persimmon;plum,0.158323903446561,-0.0321733407774317,0.348821147670554,0.10853,0,0.111
fruit,Apple and Pear dated 2001,Apple and Pear dated 2001,ln_production,Log production,6,after nationwide availability,0.181199169379635,0.123832974603513,-0.0548724799085273,0.417270818667797,0.1434,6,20,30,35,apple;pear;tangerine;sweet_persimmon;astringent_persimmon;plum,0.181199169379635,-0.0551829944611793,0.417581333220449,0.14223,1.94289029309402e-16,0.143
fruit,Apple and Pear dated 2001,Apple and Pear dated 2001,ln_production,Log production,7,after nationwide availability,0.173629908540048,0.13112937643482,-0.0755390822739654,0.422798899354062,0.1881,6,15,26,32,apple;pear;tangerine;sweet_persimmon;astringent_persimmon;plum,0.173629908540049,-0.0756153372162579,0.422875154296355,0.18649,6.66133814775094e-16,0.188
fruit,Apple and Pear dated 2001,Apple and Pear dated 2001,ln_production,Log production,8,after nationwide availability,0.2775720482556,0.147052394191641,-0.000904851318685285,0.556048947829886,0.0504,6,14,23,29,apple;pear;tangerine;sweet_persimmon;astringent_persimmon;plum,0.277572048255601,-0.000451555710523355,0.555595652221725,0.05055,6.10622663543836e-16,0.050
fruit,Apple and Pear dated 2001,Apple and Pear dated 2001,ln_production,Log production,9,after nationwide availability,0.194575041441315,0.159723826473621,-0.109564207094761,0.498714289977392,0.2212,6,11,22,28,apple;pear;tangerine;sweet_persimmon;astringent_persimmon;plum,0.194575041441316,-0.110770733040113,0.499920815922745,0.22287,6.10622663543836e-16,0.221
fruit,CS-A (preferred),"Custom group-time DiD, final clean pre-pilot year (preferred)",ln_area_harmonized,Log orchard area (fruit) / cultivated area (controls),-12,clean pre-pilot (placebo),-0.32582604541389,0.319176867540908,-0.889661102109144,0.238009011281365,0.3568,4,28,30,33,apple;pear;tangerine;plum,-0.325826045413889,-0.88788869957723,0.236236608749452,0.35545,4.9960036108132e-16,0.357
fruit,CS-A (preferred),"Custom group-time DiD, final clean pre-pilot year (preferred)",ln_area_harmonized,Log orchard area (fruit) / cultivated area (controls),-11,clean pre-pilot (placebo),-0.26921145472441,0.298452547088714,-0.799683117683803,0.261260208234983,0.4259,4,28,30,33,apple;pear;tangerine;plum,-0.26921145472441,-0.798652285742979,0.260229376294158,0.42507,3.33066907387547e-16,0.426
fruit,CS-A (preferred),"Custom group-time DiD, final clean pre-pilot year (preferred)",ln_area_harmonized,Log orchard area (fruit) / cultivated area (controls),-10,clean pre-pilot (placebo),-0.307130282823014,0.255716457376879,-0.777805325432138,0.16354475978611,0.2619,5,28,30,34,apple;pear;tangerine;astringent_persimmon;plum,-0.307130282823014,-0.776458708351,0.162198142704971,0.25352,1.11022302462516e-16,0.262
fruit,CS-A (preferred),"Custom group-time DiD, final clean pre-pilot year (preferred)",ln_area_harmonized,Log orchard area (fruit) / cultivated area (controls),-9,clean pre-pilot (placebo),-0.209567523521085,0.223286803411343,-0.629309563324327,0.210174516282158,0.3603,5,28,30,34,apple;pear;tangerine;astringent_persimmon;plum,-0.209567523521085,-0.630521567259978,0.211386520217808,0.35329,2.77555756156289e-16,0.360
fruit,CS-A (preferred),"Custom group-time DiD, final clean pre-pilot year (preferred)",ln_area_harmonized,Log orchard area (fruit) / cultivated area (controls),-8,clean pre-pilot (placebo),-0.16474608278042,0.178716975676655,-0.496550258011844,0.167058092451005,0.374,5,28,30,34,apple;pear;tangerine;astringent_persimmon;plum,-0.164746082780419,-0.497244732124427,0.167752566563588,0.36502,8.32667268468867e-16,0.374
fruit,CS-A (preferred),"Custom group-time DiD, final clean pre-pilot year (preferred)",ln_area_harmonized,Log orchard area (fruit) / cultivated area (controls),-7,clean pre-pilot (placebo),-0.10592465247825,0.138874779176118,-0.368783944762908,0.156934639806408,0.4656,5,28,30,34,apple;pear;tangerine;astringent_persimmon;plum,-0.10592465247825,-0.368518583391071,0.156669278434571,0.45295,3.19189119579733e-16,0.466
fruit,CS-A (preferred),"Custom group-time DiD, final clean pre-pilot year (preferred)",ln_area_harmonized,Log orchard area (fruit) / cultivated area (controls),-6,clean pre-pilot (placebo),-0.0755696964636245,0.0851738695766918,-0.238294512600222,0.0871551196729732,0.3945,6,29,30,35,apple;pear;tangerine;sweet_persimmon;astringent_persimmon;plum,-0.0755696964636243,-0.237902952272769,0.0867635593455205,0.38691,1.66533453693773e-16,0.395
fruit,CS-A (preferred),"Custom group-time DiD, final clean pre-pilot year (preferred)",ln_area_harmonized,Log orchard area (fruit) / cultivated area (controls),-5,clean pre-pilot (placebo),-0.0693170128644003,0.0636926700135391,-0.191620079740408,0.0529860540116071,0.2813,5,30,32,35,apple;pear;tangerine;sweet_persimmon;astringent_persimmon,-0.0693170128644002,-0.191009552275478,0.0523755265466778,0.28073,1.38777878078145e-16,0.281
fruit,CS-A (preferred),"Custom group-time DiD, final clean pre-pilot year (preferred)",ln_area_harmonized,Log orchard area (fruit) / cultivated area (controls),-4,clean pre-pilot (placebo),-0.035914884599863,0.0384849538739827,-0.105098352868628,0.0332685836689018,0.3941,5,30,32,35,apple;pear;tangerine;sweet_persimmon;astringent_persimmon,-0.0359148845998631,-0.105676699624054,0.0338469304243277,0.39442,1.11022302462516e-16,0.394
fruit,CS-A (preferred),"Custom group-time DiD, final clean pre-pilot year (preferred)",ln_area_harmonized,Log orchard area (fruit) / cultivated area (controls),0,after nationwide availability,0.055871727567074,0.0952263997631654,-0.120134987865024,0.231878442999172,0.589,6,22,31,35,apple;pear;tangerine;sweet_persimmon;astringent_persimmon;plum,0.0558717275670741,-0.118506469211064,0.230249924345212,0.58982,1.45716771982052e-16,0.589
fruit,CS-A (preferred),"Custom group-time DiD, final clean pre-pilot year (preferred)",ln_area_harmonized,Log orchard area (fruit) / cultivated area (controls),1,after nationwide availability,0.0507555661079897,0.110884328887279,-0.149124863848419,0.250635996064398,0.7068,6,22,31,35,apple;pear;tangerine;sweet_persimmon;astringent_persimmon;plum,0.0507555661079898,-0.146464966079857,0.247976098295837,0.70262,8.32667268468867e-17,0.707
fruit,CS-A (preferred),"Custom group-time DiD, final clean pre-pilot year (preferred)",ln_area_harmonized,Log orchard area (fruit) / cultivated area (controls),2,after nationwide availability,0.0912247254816256,0.118324932846834,-0.12058373725829,0.303033188221541,0.5091,6,22,31,35,apple;pear;tangerine;sweet_persimmon;astringent_persimmon;plum,0.0912247254816254,-0.118711890854338,0.301161341817588,0.50791,1.66533453693773e-16,0.509
fruit,CS-A (preferred),"Custom group-time DiD, final clean pre-pilot year (preferred)",ln_area_harmonized,Log orchard area (fruit) / cultivated area (controls),3,after nationwide availability,0.114035086915905,0.122131172876494,-0.109345357980051,0.337415531811861,0.3943,6,22,30,35,apple;pear;tangerine;sweet_persimmon;astringent_persimmon;plum,0.114035086915905,-0.107523402558457,0.335593576390267,0.39017,1.38777878078145e-17,0.394
fruit,CS-A (preferred),"Custom group-time DiD, final clean pre-pilot year (preferred)",ln_area_harmonized,Log orchard area (fruit) / cultivated area (controls),4,after nationwide availability,0.179787242399143,0.144667062972194,-0.0882847626278393,0.447859247426125,0.2275,6,22,30,35,apple;pear;tangerine;sweet_persimmon;astringent_persimmon;plum,0.179787242399143,-0.0868971154508293,0.446471600249116,0.22568,1.11022302462516e-16,0.228
fruit,CS-A (preferred),"Custom group-time DiD, final clean pre-pilot year (preferred)",ln_area_harmonized,Log orchard area (fruit) / cultivated area (controls),5,after nationwide availability,0.174416082378855,0.143398774027106,-0.0993536091360668,0.448185773893776,0.2294,6,20,26,32,apple;pear;tangerine;sweet_persimmon;astringent_persimmon;plum,0.174416082378855,-0.0968490879231823,0.445681252680892,0.22965,4.9960036108132e-16,0.229
fruit,CS-A (preferred),"Custom group-time DiD, final clean pre-pilot year (preferred)",ln_area_harmonized,Log orchard area (fruit) / cultivated area (controls),6,after nationwide availability,0.180766984756139,0.159808531501798,-0.124786971446153,0.486320940958431,0.2684,6,20,23,29,apple;pear;tangerine;sweet_persimmon;astringent_persimmon;plum,0.18076698475614,-0.122770575335351,0.48430454484763,0.26344,6.38378239159465e-16,0.268
fruit,CS-A (preferred),"Custom group-time DiD, final clean pre-pilot year (preferred)",ln_area_harmonized,Log orchard area (fruit) / cultivated area (controls),7,after nationwide availability,0.156756802883373,0.18821445542524,-0.203655300968326,0.517168906735073,0.4144,6,15,22,28,apple;pear;tangerine;sweet_persimmon;astringent_persimmon;plum,0.156756802883374,-0.20094559464607,0.514459200412818,0.41343,7.21644966006352e-16,0.414
fruit,CS-A (preferred),"Custom group-time DiD, final clean pre-pilot year (preferred)",ln_area_harmonized,Log orchard area (fruit) / cultivated area (controls),8,after nationwide availability,0.178712503045339,0.19648080550607,-0.200461126574412,0.55788613266509,0.3671,6,14,22,28,apple;pear;tangerine;sweet_persimmon;astringent_persimmon;plum,0.178712503045339,-0.195222047228459,0.552647053319137,0.36819,3.60822483003176e-16,0.367
fruit,CS-A (preferred),"Custom group-time DiD, final clean pre-pilot year (preferred)",ln_area_harmonized,Log orchard area (fruit) / cultivated area (controls),9,after nationwide availability,0.174309509946724,0.19048783502912,-0.190283122889056,0.538902142782505,0.3687,6,11,22,28,apple;pear;tangerine;sweet_persimmon;astringent_persimmon;plum,0.174309509946725,-0.188201061435925,0.536820081329375,0.36499,7.21644966006352e-16,0.369
fruit,CS-A (preferred),"Custom group-time DiD, final clean pre-pilot year (preferred)",ln_production,Log production,-12,clean pre-pilot (placebo),-0.210392176410666,0.196572735412009,-0.553684522706195,0.132900169884863,0.3243,4,28,30,33,apple;pear;tangerine;plum,-0.210392176410666,-0.554478887907139,0.133694535085806,0.32585,1.66533453693773e-16,0.324
fruit,CS-A (preferred),"Custom group-time DiD, final clean pre-pilot year (preferred)",ln_production,Log production,-11,clean pre-pilot (placebo),-0.178362655264084,0.197520357985457,-0.525577027293732,0.168851716765564,0.4293,4,28,30,33,apple;pear;tangerine;plum,-0.178362655264085,-0.5265920910539,0.169866780525731,0.42727,9.71445146547012e-16,0.429
fruit,CS-A (preferred),"Custom group-time DiD, final clean pre-pilot year (preferred)",ln_production,Log production,-10,clean pre-pilot (placebo),-0.331949316629745,0.257765063167656,-0.779911390118368,0.116012756858879,0.253,5,28,30,34,apple;pear;tangerine;astringent_persimmon;plum,-0.331949316629745,-0.780009070823955,0.116110437564465,0.24762,1.11022302462516e-16,0.253
fruit,CS-A (preferred),"Custom group-time DiD, final clean pre-pilot year (preferred)",ln_production,Log production,-9,clean pre-pilot (placebo),-0.253510591410525,0.232697514142561,-0.673049674809002,0.166028491987951,0.3197,5,28,30,34,apple;pear;tangerine;astringent_persimmon;plum,-0.253510591410526,-0.673120733545626,0.166099550724574,0.32094,6.10622663543836e-16,0.320
fruit,CS-A (preferred),"Custom group-time DiD, final clean pre-pilot year (preferred)",ln_production,Log production,-8,clean pre-pilot (placebo),-0.325622341488484,0.233761832401477,-0.751784217676827,0.100539534699859,0.1912,5,28,30,34,apple;pear;tangerine;astringent_persimmon;plum,-0.325622341488484,-0.748267838555261,0.0970231555782932,0.18917,5.55111512312578e-17,0.191
fruit,CS-A (preferred),"Custom group-time DiD, final clean pre-pilot year (preferred)",ln_production,Log production,-7,clean pre-pilot (placebo),-0.187578561092835,0.174213633527585,-0.497277406664012,0.122120284478343,0.3435,5,28,30,34,apple;pear;tangerine;astringent_persimmon;plum,-0.187578561092835,-0.495904929854744,0.120747807669075,0.34387,4.16333634234434e-16,0.344
fruit,CS-A (preferred),"Custom group-time DiD, final clean pre-pilot year (preferred)",ln_production,Log production,-6,clean pre-pilot (placebo),-0.136751411872305,0.11587195142316,-0.355546988867782,0.0820441651231717,0.2517,6,29,30,35,apple;pear;tangerine;sweet_persimmon;astringent_persimmon;plum,-0.136751411872305,-0.351562092646913,0.0780592689023026,0.25166,0,0.252
fruit,CS-A (preferred),"Custom group-time DiD, final clean pre-pilot year (preferred)",ln_production,Log production,-5,clean pre-pilot (placebo),-0.148177510243248,0.092468343050439,-0.321039551204227,0.0246845307177306,0.1082,5,30,32,35,apple;pear;tangerine;sweet_persimmon;astringent_persimmon,-0.148177510243248,-0.318135720746804,0.0217807002603081,0.10218,0,0.108
fruit,CS-A (preferred),"Custom group-time DiD, final clean pre-pilot year (preferred)",ln_production,Log production,-4,clean pre-pilot (placebo),-0.101846781630792,0.0846109342175139,-0.263145221645333,0.0594516583837502,0.2403,5,30,32,35,apple;pear;tangerine;sweet_persimmon;astringent_persimmon,-0.101846781630791,-0.261302795623794,0.0576092323622109,0.23843,5.27355936696949e-16,0.240
fruit,CS-A (preferred),"Custom group-time DiD, final clean pre-pilot year (preferred)",ln_production,Log production,0,after nationwide availability,0.0130809641811512,0.122860515816009,-0.212729889494877,0.238891817857179,0.9255,6,22,31,35,apple;pear;tangerine;sweet_persimmon;astringent_persimmon;plum,0.0130809641811514,-0.215116821867319,0.241278750229621,0.92421,2.4980018054066e-16,0.925
fruit,CS-A (preferred),"Custom group-time DiD, final clean pre-pilot year (preferred)",ln_production,Log production,1,after nationwide availability,-0.0251171598821108,0.124657695362806,-0.259789737675546,0.209555417911324,0.8417,6,22,31,35,apple;pear;tangerine;sweet_persimmon;astringent_persimmon;plum,-0.0251171598821108,-0.262759674316773,0.212525354552551,0.84719,1.73472347597681e-17,0.842
fruit,CS-A (preferred),"Custom group-time DiD, final clean pre-pilot year (preferred)",ln_production,Log production,2,after nationwide availability,0.0117821493291311,0.118553785341195,-0.212579699865757,0.236143998524019,0.9196,6,22,31,35,apple;pear;tangerine;sweet_persimmon;astringent_persimmon;plum,0.0117821493291311,-0.214632671329062,0.238196969987324,0.92328,2.08166817117217e-17,0.920
fruit,CS-A (preferred),"Custom group-time DiD, final clean pre-pilot year (preferred)",ln_production,Log production,3,after nationwide availability,0.122961490666484,0.109475339482575,-0.0854744230387802,0.331397404371748,0.262,6,22,30,35,apple;pear;tangerine;sweet_persimmon;astringent_persimmon;plum,0.122961490666485,-0.0860221481998203,0.331945129532789,0.26465,8.88178419700125e-16,0.262
fruit,CS-A (preferred),"Custom group-time DiD, final clean pre-pilot year (preferred)",ln_production,Log production,4,after nationwide availability,0.204286072720719,0.103854406635624,0.0117414104528261,0.396830734988611,0.0361,6,22,30,35,apple;pear;tangerine;sweet_persimmon;astringent_persimmon;plum,0.204286072720719,0.00844569786200367,0.400126447579434,0.04004,3.33066907387547e-16,0.036
fruit,CS-A (preferred),"Custom group-time DiD, final clean pre-pilot year (preferred)",ln_production,Log production,5,after nationwide availability,0.192980799527136,0.104147010181578,-0.00181256652661371,0.387774165580886,0.0526,6,20,26,32,apple;pear;tangerine;sweet_persimmon;astringent_persimmon;plum,0.192980799527137,-0.00418605973987582,0.390147658794149,0.05572,6.38378239159465e-16,0.053
fruit,CS-A (preferred),"Custom group-time DiD, final clean pre-pilot year (preferred)",ln_production,Log production,6,after nationwide availability,0.200474965958199,0.131642447896969,-0.0415931412238674,0.442543073140265,0.1178,6,20,23,29,apple;pear;tangerine;sweet_persimmon;astringent_persimmon;plum,0.200474965958199,-0.0457805555703254,0.446730487486723,0.12225,2.4980018054066e-16,0.118
fruit,CS-A (preferred),"Custom group-time DiD, final clean pre-pilot year (preferred)",ln_production,Log production,7,after nationwide availability,0.14636485157929,0.150422030505143,-0.132276400126112,0.425006103284692,0.3458,6,15,22,28,apple;pear;tangerine;sweet_persimmon;astringent_persimmon;plum,0.14636485157929,-0.13281568273812,0.4255453858967,0.34675,3.05311331771918e-16,0.346
fruit,CS-A (preferred),"Custom group-time DiD, final clean pre-pilot year (preferred)",ln_production,Log production,8,after nationwide availability,0.176460015293655,0.173771605907737,-0.146067227211135,0.498987257798445,0.3096,6,14,22,28,apple;pear;tangerine;sweet_persimmon;astringent_persimmon;plum,0.176460015293655,-0.152028096067722,0.504948126655032,0.31923,8.32667268468867e-17,0.310
fruit,CS-A (preferred),"Custom group-time DiD, final clean pre-pilot year (preferred)",ln_production,Log production,9,after nationwide availability,0.102146937042751,0.180863387908767,-0.239798972734843,0.444092846820345,0.5719,6,11,22,28,apple;pear;tangerine;sweet_persimmon;astringent_persimmon;plum,0.102146937042751,-0.24287830485632,0.447172178941823,0.57662,1.2490009027033e-16,0.572
fruit,CS-B (mean of all clean-pre years),"Custom group-time DiD, mean of all clean pre-pilot years",ln_area_harmonized,Log orchard area (fruit) / cultivated area (controls),-12,clean pre-pilot (placebo),-0.0816227745842257,0.152083434468337,-0.335467859373925,0.172222310205473,0.7212,4,27,30,31,apple;pear;tangerine;plum,-0.0816227745842267,-0.336075688867677,0.172830139699223,0.72718,9.85322934354826e-16,0.721
fruit,CS-B (mean of all clean-pre years),"Custom group-time DiD, mean of all clean pre-pilot years",ln_area_harmonized,Log orchard area (fruit) / cultivated area (controls),-11,clean pre-pilot (placebo),-0.0265459878017392,0.146337307440301,-0.291588573963283,0.238496598359805,0.8722,4,27,30,31,apple;pear;tangerine;plum,-0.02654598780174,-0.296110607698473,0.243018632094993,0.87417,7.59808882477842e-16,0.872
fruit,CS-B (mean of all clean-pre years),"Custom group-time DiD, mean of all clean pre-pilot years",ln_area_harmonized,Log orchard area (fruit) / cultivated area (controls),-10,clean pre-pilot (placebo),-0.0483165465739683,0.140612501253692,-0.31044488984105,0.213811796693113,0.7531,5,27,30,32,apple;pear;tangerine;astringent_persimmon;plum,-0.048316546573968,-0.312759482545188,0.216126389397252,0.7585,3.40005801291454e-16,0.753
fruit,CS-B (mean of all clean-pre years),"Custom group-time DiD, mean of all clean pre-pilot years",ln_area_harmonized,Log orchard area (fruit) / cultivated area (controls),-9,clean pre-pilot (placebo),0.0485721690785341,0.138898980489659,-0.19756519153657,0.294709529693638,0.7906,5,27,30,32,apple;pear;tangerine;astringent_persimmon;plum,0.0485721690785346,-0.199034072612443,0.296178410769512,0.78805,5.13478148889135e-16,0.791
fruit,CS-B (mean of all clean-pre years),"Custom group-time DiD, mean of all clean pre-pilot years",ln_area_harmonized,Log orchard area (fruit) / cultivated area (controls),-8,clean pre-pilot (placebo),0.0994145001393933,0.125682962713086,-0.0971731501176609,0.296002150396448,0.5994,5,27,30,32,apple;pear;tangerine;astringent_persimmon;plum,0.0994145001393936,-0.0978767185593769,0.296705718838164,0.59658,2.63677968348475e-16,0.599
fruit,CS-B (mean of all clean-pre years),"Custom group-time DiD, mean of all clean pre-pilot years",ln_area_harmonized,Log orchard area (fruit) / cultivated area (controls),-7,clean pre-pilot (placebo),0.154724357433246,0.131166024406285,-0.0401332227278529,0.349581937594346,0.2331,5,27,30,32,apple;pear;tangerine;astringent_persimmon;plum,0.154724357433247,-0.0395446284225316,0.348993343289026,0.2358,5.82867087928207e-16,0.233
fruit,CS-B (mean of all clean-pre years),"Custom group-time DiD, mean of all clean pre-pilot years",ln_area_harmonized,Log orchard area (fruit) / cultivated area (controls),-6,clean pre-pilot (placebo),0.138054701524467,0.108246143850331,-0.0416455990782882,0.317755002127222,0.2469,6,27,30,33,apple;pear;tangerine;sweet_persimmon;astringent_persimmon;plum,0.138054701524466,-0.0414204474502434,0.317529850499176,0.24909,1.02695629777827e-15,0.247
fruit,CS-B (mean of all clean-pre years),"Custom group-time DiD, mean of all clean pre-pilot years",ln_area_harmonized,Log orchard area (fruit) / cultivated area (controls),-5,clean pre-pilot (placebo),0.151796141588616,0.120877324372782,-0.0680353462011138,0.371627629378346,0.2444,6,27,30,33,apple;pear;tangerine;sweet_persimmon;astringent_persimmon;plum,0.151796141588615,-0.0671759756708332,0.370768258848063,0.24345,1.02695629777827e-15,0.244
fruit,CS-B (mean of all clean-pre years),"Custom group-time DiD, mean of all clean pre-pilot years",ln_area_harmonized,Log orchard area (fruit) / cultivated area (controls),-4,clean pre-pilot (placebo),0.112687324134721,0.121499345854866,-0.107350626638563,0.332725274908006,0.3932,5,28,30,33,apple;pear;tangerine;sweet_persimmon;astringent_persimmon,0.112687324134722,-0.108245149315648,0.333619797585093,0.39648,6.5225602696728e-16,0.393
fruit,CS-B (mean of all clean-pre years),"Custom group-time DiD, mean of all clean pre-pilot years",ln_area_harmonized,Log orchard area (fruit) / cultivated area (controls),-3,clean pre-pilot (placebo),0.146182592474196,0.145385763723082,-0.122399878928197,0.414765063876588,0.3312,5,28,30,33,apple;pear;tangerine;sweet_persimmon;astringent_persimmon,0.146182592474196,-0.124184356168751,0.416549541117143,0.3326,4.9960036108132e-16,0.331
fruit,CS-B (mean of all clean-pre years),"Custom group-time DiD, mean of all clean pre-pilot years",ln_area_harmonized,Log orchard area (fruit) / cultivated area (controls),0,after nationwide availability,0.289901609239958,0.184925747315422,-0.0611834915393461,0.640986710019261,0.1127,6,20,29,33,apple;pear;tangerine;sweet_persimmon;astringent_persimmon;plum,0.289901609239957,-0.0606912881002465,0.64049450658016,0.11326,4.9960036108132e-16,0.113
fruit,CS-B (mean of all clean-pre years),"Custom group-time DiD, mean of all clean pre-pilot years",ln_area_harmonized,Log orchard area (fruit) / cultivated area (controls),1,after nationwide availability,0.29216386193026,0.190829238835932,-0.0693826681196699,0.653710391980189,0.1223,6,20,29,33,apple;pear;tangerine;sweet_persimmon;astringent_persimmon;plum,0.292163861930259,-0.0688960583332403,0.653223782193759,0.1235,4.9960036108132e-16,0.122
fruit,CS-B (mean of all clean-pre years),"Custom group-time DiD, mean of all clean pre-pilot years",ln_area_harmonized,Log orchard area (fruit) / cultivated area (controls),2,after nationwide availability,0.327758686022501,0.191448456797933,-0.0361698126551187,0.691687184700122,0.0824,6,20,28,33,apple;pear;tangerine;sweet_persimmon;astringent_persimmon;plum,0.327758686022501,-0.0337503147720045,0.689267686817007,0.08064,4.44089209850063e-16,0.082
fruit,CS-B (mean of all clean-pre years),"Custom group-time DiD, mean of all clean pre-pilot years",ln_area_harmonized,Log orchard area (fruit) / cultivated area (controls),3,after nationwide availability,0.34336608161822,0.18641562355916,-0.0123379684823141,0.699070131718755,0.061,6,20,28,33,apple;pear;tangerine;sweet_persimmon;astringent_persimmon;plum,0.343366081618221,-0.00919782089995891,0.6959299841364,0.05743,5.55111512312578e-16,0.061
fruit,CS-B (mean of all clean-pre years),"Custom group-time DiD, mean of all clean pre-pilot years",ln_area_harmonized,Log orchard area (fruit) / cultivated area (controls),4,after nationwide availability,0.410587628109288,0.209157969469806,0.0111347592335818,0.810040496984993,0.0432,6,20,28,33,apple;pear;tangerine;sweet_persimmon;astringent_persimmon;plum,0.410587628109288,0.0147005863589142,0.806474669859662,0.04129,4.44089209850063e-16,0.043
fruit,CS-B (mean of all clean-pre years),"Custom group-time DiD, mean of all clean pre-pilot years",ln_area_harmonized,Log orchard area (fruit) / cultivated area (controls),5,after nationwide availability,0.426327999476915,0.209057947175456,0.0256046383568973,0.827051360596933,0.0359,6,18,24,30,apple;pear;tangerine;sweet_persimmon;astringent_persimmon;plum,0.426327999476915,0.0286603086263785,0.823995690327451,0.03379,0,0.036
fruit,CS-B (mean of all clean-pre years),"Custom group-time DiD, mean of all clean pre-pilot years",ln_area_harmonized,Log orchard area (fruit) / cultivated area (controls),6,after nationwide availability,0.436465445201842,0.216711302668692,0.0207399562456138,0.85219093415807,0.0382,6,18,21,27,apple;pear;tangerine;sweet_persimmon;astringent_persimmon;plum,0.436465445201841,0.0255307690104888,0.847400121393193,0.03591,7.21644966006352e-16,0.038
fruit,CS-B (mean of all clean-pre years),"Custom group-time DiD, mean of all clean pre-pilot years",ln_area_harmonized,Log orchard area (fruit) / cultivated area (controls),7,after nationwide availability,0.411227478093896,0.2432439636401,-0.0543218476837476,0.876776803871539,0.0866,6,15,20,26,apple;pear;tangerine;sweet_persimmon;astringent_persimmon;plum,0.411227478093896,-0.0498485538259328,0.872303510013725,0.08417,5.55111512312578e-17,0.087
fruit,CS-B (mean of all clean-pre years),"Custom group-time DiD, mean of all clean pre-pilot years",ln_area_harmonized,Log orchard area (fruit) / cultivated area (controls),8,after nationwide availability,0.428816779109399,0.247652058736454,-0.0487637168174397,0.906397275036238,0.0803,6,14,20,26,apple;pear;tangerine;sweet_persimmon;astringent_persimmon;plum,0.428816779109399,-0.0415135367287193,0.899147094947518,0.07706,3.33066907387547e-16,0.080
fruit,CS-B (mean of all clean-pre years),"Custom group-time DiD, mean of all clean pre-pilot years",ln_area_harmonized,Log orchard area (fruit) / cultivated area (controls),9,after nationwide availability,0.431300585141951,0.231628193324993,-0.0153756216099047,0.877976791893807,0.0578,6,11,20,26,apple;pear;tangerine;sweet_persimmon;astringent_persimmon;plum,0.431300585141952,-0.00776565818487585,0.870366828468779,0.05466,1.0547118733939e-15,0.058
fruit,CS-B (mean of all clean-pre years),"Custom group-time DiD, mean of all clean pre-pilot years",ln_production,Log production,-12,clean pre-pilot (placebo),0.0544148643586836,0.106085141934096,-0.151751153585352,0.260580882302719,0.6189,4,27,30,31,apple;pear;tangerine;plum,0.0544148643586831,-0.151774791591757,0.260604520309123,0.61537,4.57966997657877e-16,0.619
fruit,CS-B (mean of all clean-pre years),"Custom group-time DiD, mean of all clean pre-pilot years",ln_production,Log production,-11,clean pre-pilot (placebo),0.0835573683887956,0.111105032506326,-0.126007052380003,0.293121789157595,0.482,4,27,30,31,apple;pear;tangerine;plum,0.0835573683887953,-0.125034521847981,0.292149258625571,0.48815,2.63677968348475e-16,0.482
fruit,CS-B (mean of all clean-pre years),"Custom group-time DiD, mean of all clean pre-pilot years",ln_production,Log production,-10,clean pre-pilot (placebo),-0.012259423771682,0.167306202058023,-0.309756437799589,0.285237590256225,0.9372,5,27,30,32,apple;pear;tangerine;astringent_persimmon;plum,-0.0122594237716807,-0.30874980064255,0.284230953099188,0.93876,1.271552307891e-15,0.937
fruit,CS-B (mean of all clean-pre years),"Custom group-time DiD, mean of all clean pre-pilot years",ln_production,Log production,-9,clean pre-pilot (placebo),0.0660311486761484,0.171013710590942,-0.215854403274155,0.347916700626452,0.8124,5,27,30,32,apple;pear;tangerine;astringent_persimmon;plum,0.0660311486761495,-0.215181495612275,0.347243792964574,0.81886,1.11022302462516e-15,0.812
fruit,CS-B (mean of all clean-pre years),"Custom group-time DiD, mean of all clean pre-pilot years",ln_production,Log production,-8,clean pre-pilot (placebo),0.00194936404592009,0.148972563777164,-0.263750797357196,0.267649525449036,0.992,5,27,30,32,apple;pear;tangerine;astringent_persimmon;plum,0.00194936404592129,-0.26561485447263,0.269513582564473,0.99121,1.20303073058992e-15,0.992
fruit,CS-B (mean of all clean-pre years),"Custom group-time DiD, mean of all clean pre-pilot years",ln_production,Log production,-7,clean pre-pilot (placebo),0.134193920789335,0.137800629593978,-0.0720514981003272,0.340439339678998,0.4454,5,27,30,32,apple;pear;tangerine;astringent_persimmon;plum,0.134193920789337,-0.0711960724997894,0.339583914078463,0.44323,1.74860126378462e-15,0.445
fruit,CS-B (mean of all clean-pre years),"Custom group-time DiD, mean of all clean pre-pilot years",ln_production,Log production,-6,clean pre-pilot (placebo),0.113777616873562,0.10173979603027,-0.0553307770723472,0.282886010819471,0.3005,6,27,30,33,apple;pear;tangerine;sweet_persimmon;astringent_persimmon;plum,0.113777616873561,-0.0558388455369822,0.283394079284105,0.30369,8.60422844084496e-16,0.300
fruit,CS-B (mean of all clean-pre years),"Custom group-time DiD, mean of all clean pre-pilot years",ln_production,Log production,-5,clean pre-pilot (placebo),0.123078776964526,0.111371483494061,-0.0780413969862817,0.324198950915335,0.3025,6,27,30,33,apple;pear;tangerine;sweet_persimmon;astringent_persimmon;plum,0.123078776964526,-0.0780832293163047,0.324240783245356,0.29823,4.30211422042248e-16,0.302
fruit,CS-B (mean of all clean-pre years),"Custom group-time DiD, mean of all clean pre-pilot years",ln_production,Log production,-4,clean pre-pilot (placebo),0.0909977500041694,0.0893048710165278,-0.0753712629962905,0.257366763004629,0.3217,5,28,30,33,apple;pear;tangerine;sweet_persimmon;astringent_persimmon,0.0909977500041714,-0.0754551539755057,0.257450653983849,0.32688,2.04003480774873e-15,0.322
fruit,CS-B (mean of all clean-pre years),"Custom group-time DiD, mean of all clean pre-pilot years",ln_production,Log production,-3,clean pre-pilot (placebo),0.187295607873933,0.153236440918144,-0.0877013070083564,0.462292522756223,0.2775,5,28,30,33,apple;pear;tangerine;sweet_persimmon;astringent_persimmon,0.187295607873935,-0.0851860536638868,0.459777269411756,0.27313,1.80411241501588e-15,0.278
fruit,CS-B (mean of all clean-pre years),"Custom group-time DiD, mean of all clean pre-pilot years",ln_production,Log production,0,after nationwide availability,0.282373501141747,0.209897041343602,-0.111692148166563,0.676439150450058,0.1929,6,20,29,33,apple;pear;tangerine;sweet_persimmon;astringent_persimmon;plum,0.282373501141747,-0.108787929605931,0.673534931889426,0.18811,3.88578058618805e-16,0.193
fruit,CS-B (mean of all clean-pre years),"Custom group-time DiD, mean of all clean pre-pilot years",ln_production,Log production,1,after nationwide availability,0.249130772695277,0.175559771760693,-0.078424684242352,0.576686229632906,0.1685,6,20,29,33,apple;pear;tangerine;sweet_persimmon;astringent_persimmon;plum,0.249130772695277,-0.0778769574783467,0.576138502868901,0.1658,8.32667268468867e-17,0.169
fruit,CS-B (mean of all clean-pre years),"Custom group-time DiD, mean of all clean pre-pilot years",ln_production,Log production,2,after nationwide availability,0.281059653000484,0.17918695442667,-0.0597140639384244,0.621833369939393,0.1181,6,20,28,33,apple;pear;tangerine;sweet_persimmon;astringent_persimmon;plum,0.281059653000485,-0.0579676334378614,0.620086939438831,0.11636,7.7715611723761e-16,0.118
fruit,CS-B (mean of all clean-pre years),"Custom group-time DiD, mean of all clean pre-pilot years",ln_production,Log production,3,after nationwide availability,0.381853751335047,0.16819678009496,0.0607133186177699,0.702994184052325,0.0164,6,20,28,33,apple;pear;tangerine;sweet_persimmon;astringent_persimmon;plum,0.381853751335049,0.061196340547321,0.702511162122776,0.01454,1.60982338570648e-15,0.016
fruit,CS-B (mean of all clean-pre years),"Custom group-time DiD, mean of all clean pre-pilot years",ln_production,Log production,4,after nationwide availability,0.46158652278257,0.191915000135941,0.0945714285278619,0.828601617037279,0.0116,6,20,28,33,apple;pear;tangerine;sweet_persimmon;astringent_persimmon;plum,0.461586522782571,0.0943636601002087,0.828809385464934,0.01051,8.32667268468867e-16,0.012
fruit,CS-B (mean of all clean-pre years),"Custom group-time DiD, mean of all clean pre-pilot years",ln_production,Log production,5,after nationwide availability,0.470732700110864,0.183795216854201,0.116432637900648,0.825032762321081,0.0065,6,18,24,30,apple;pear;tangerine;sweet_persimmon;astringent_persimmon;plum,0.470732700110865,0.119617658625869,0.821847741595861,0.00521,6.10622663543836e-16,0.006
fruit,CS-B (mean of all clean-pre years),"Custom group-time DiD, mean of all clean pre-pilot years",ln_production,Log production,6,after nationwide availability,0.481796368636461,0.20102917048322,0.0922960586661772,0.871296678606745,0.0125,6,18,21,27,apple;pear;tangerine;sweet_persimmon;astringent_persimmon;plum,0.481796368636461,0.0992437032528907,0.864349034020031,0.01135,1.11022302462516e-16,0.013
fruit,CS-B (mean of all clean-pre years),"Custom group-time DiD, mean of all clean pre-pilot years",ln_production,Log production,7,after nationwide availability,0.426814600808574,0.213299119676865,0.0160698075074165,0.837559394109731,0.0419,6,15,20,26,apple;pear;tangerine;sweet_persimmon;astringent_persimmon;plum,0.426814600808576,0.0210867915930014,0.83254241002415,0.03748,2.05391259555654e-15,0.042
fruit,CS-B (mean of all clean-pre years),"Custom group-time DiD, mean of all clean pre-pilot years",ln_production,Log production,8,after nationwide availability,0.448679710186362,0.236849558102572,-0.00558528142667164,0.902944701799396,0.0525,6,14,20,26,apple;pear;tangerine;sweet_persimmon;astringent_persimmon;plum,0.448679710186363,-0.0030259762870522,0.900385396659778,0.05179,7.7715611723761e-16,0.052
fruit,CS-B (mean of all clean-pre years),"Custom group-time DiD, mean of all clean pre-pilot years",ln_production,Log production,9,after nationwide availability,0.379633023539668,0.225958140259699,-0.0482288754528984,0.807494922532235,0.0891,6,11,20,26,apple;pear;tangerine;sweet_persimmon;astringent_persimmon;plum,0.379633023539669,-0.0468198063097347,0.806085853389074,0.08634,7.21644966006352e-16,0.089
fruit,Controls: field crops only,Controls: field crops only,ln_area_harmonized,Log orchard area (fruit) / cultivated area (controls),-12,clean pre-pilot (placebo),-0.313815351749783,0.322534338519039,-0.875187550310895,0.247556846811328,0.3781,4,15,18,19,apple;pear;tangerine;plum,-0.313815351749784,-0.875805888838351,0.248175185338783,0.375,5.55111512312578e-16,0.378
fruit,Controls: field crops only,Controls: field crops only,ln_area_harmonized,Log orchard area (fruit) / cultivated area (controls),-11,clean pre-pilot (placebo),-0.256077329444497,0.301334838584149,-0.787185303912368,0.275030645023374,0.4537,4,15,18,19,apple;pear;tangerine;plum,-0.256077329444497,-0.78446027117645,0.272305612287455,0.44563,1.11022302462516e-16,0.454
fruit,Controls: field crops only,Controls: field crops only,ln_area_harmonized,Log orchard area (fruit) / cultivated area (controls),-10,clean pre-pilot (placebo),-0.281915659687116,0.252093184162639,-0.742734260516766,0.178902941142534,0.2877,5,15,18,20,apple;pear;tangerine;astringent_persimmon;plum,-0.281915659687117,-0.738973233458137,0.175141914083904,0.28066,8.32667268468867e-16,0.288
fruit,Controls: field crops only,Controls: field crops only,ln_area_harmonized,Log orchard area (fruit) / cultivated area (controls),-9,clean pre-pilot (placebo),-0.176440306400436,0.222165438506098,-0.590891792136183,0.238011179335311,0.4396,5,15,18,20,apple;pear;tangerine;astringent_persimmon;plum,-0.176440306400436,-0.589572594038866,0.236691981237994,0.43575,1.66533453693773e-16,0.440
fruit,Controls: field crops only,Controls: field crops only,ln_area_harmonized,Log orchard area (fruit) / cultivated area (controls),-8,clean pre-pilot (placebo),-0.141887771959513,0.17869943527094,-0.473691570392442,0.189916026473415,0.4508,5,15,18,20,apple;pear;tangerine;astringent_persimmon;plum,-0.141887771959513,-0.469863387083712,0.186087843164686,0.44887,3.33066907387547e-16,0.451
fruit,Controls: field crops only,Controls: field crops only,ln_area_harmonized,Log orchard area (fruit) / cultivated area (controls),-7,clean pre-pilot (placebo),-0.0982157112979779,0.138189630427353,-0.356442752493145,0.160011329897189,0.4961,5,15,18,20,apple;pear;tangerine;astringent_persimmon;plum,-0.098215711297978,-0.355070294588629,0.158638871992673,0.49412,1.52655665885959e-16,0.496
fruit,Controls: field crops only,Controls: field crops only,ln_area_harmonized,Log orchard area (fruit) / cultivated area (controls),-6,clean pre-pilot (placebo),-0.0645998842628596,0.0908771123783175,-0.236808972950372,0.107609204424653,0.4865,6,15,18,21,apple;pear;tangerine;sweet_persimmon;astringent_persimmon;plum,-0.0645998842628592,-0.23575472615013,0.106554957624412,0.48078,3.60822483003176e-16,0.486
fruit,Controls: field crops only,Controls: field crops only,ln_area_harmonized,Log orchard area (fruit) / cultivated area (controls),-5,clean pre-pilot (placebo),-0.0704877774302199,0.0616341652861266,-0.18801015785895,0.0470346029985102,0.2481,5,16,20,21,apple;pear;tangerine;sweet_persimmon;astringent_persimmon,-0.0704877774302202,-0.186918840005264,0.0459432851448236,0.24861,2.91433543964104e-16,0.248
fruit,Controls: field crops only,Controls: field crops only,ln_area_harmonized,Log orchard area (fruit) / cultivated area (controls),-4,clean pre-pilot (placebo),-0.0326765583930648,0.0378416948103852,-0.104175445257032,0.0388223284709021,0.3951,5,16,20,21,apple;pear;tangerine;sweet_persimmon;astringent_persimmon,-0.0326765583930648,-0.103941131369061,0.0385880145829317,0.39017,6.93889390390723e-18,0.395
fruit,Controls: field crops only,Controls: field crops only,ln_area_harmonized,Log orchard area (fruit) / cultivated area (controls),0,after nationwide availability,0.0209412033171058,0.138761050554464,-0.23028897763338,0.272171384267592,0.8785,6,8,17,21,apple;pear;tangerine;sweet_persimmon;astringent_persimmon;plum,0.020941203317106,-0.23124334970026,0.273125756334472,0.88038,1.66533453693773e-16,0.878
fruit,Controls: field crops only,Controls: field crops only,ln_area_harmonized,Log orchard area (fruit) / cultivated area (controls),1,after nationwide availability,-0.0172976102622038,0.149622513476593,-0.289957584081135,0.255362363556727,0.9036,6,8,17,21,apple;pear;tangerine;sweet_persimmon;astringent_persimmon;plum,-0.0172976102622035,-0.288757511138573,0.254162290614166,0.90294,3.12250225675825e-16,0.904
fruit,Controls: field crops only,Controls: field crops only,ln_area_harmonized,Log orchard area (fruit) / cultivated area (controls),2,after nationwide availability,0.00623159844967885,0.1552568025733,-0.275014244732562,0.287477441631919,0.9699,6,8,17,21,apple;pear;tangerine;sweet_persimmon;astringent_persimmon;plum,0.00623159844967881,-0.276204888059405,0.288668084958763,0.96722,4.0766001685455e-17,0.970
fruit,Controls: field crops only,Controls: field crops only,ln_area_harmonized,Log orchard area (fruit) / cultivated area (controls),3,after nationwide availability,0.0477673273014022,0.187702086694195,-0.296710532105102,0.392245186707907,0.7991,6,8,16,21,apple;pear;tangerine;sweet_persimmon;astringent_persimmon;plum,0.0477673273014025,-0.296881134398344,0.392415789001149,0.79799,2.91433543964104e-16,0.799
fruit,Controls: field crops only,Controls: field crops only,ln_area_harmonized,Log orchard area (fruit) / cultivated area (controls),4,after nationwide availability,0.0721965312454264,0.208761053632423,-0.312530645977109,0.456923708467962,0.7244,6,8,16,21,apple;pear;tangerine;sweet_persimmon;astringent_persimmon;plum,0.0721965312454265,-0.31287524892477,0.457268311415623,0.73235,1.52655665885959e-16,0.724
fruit,Controls: field crops only,Controls: field crops only,ln_area_harmonized,Log orchard area (fruit) / cultivated area (controls),5,after nationwide availability,0.08218004368986,0.220821679299513,-0.330621717684534,0.494981805064254,0.7095,6,7,12,18,apple;pear;tangerine;sweet_persimmon;astringent_persimmon;plum,0.0821800436898601,-0.328886868552625,0.493246955932345,0.71416,1.38777878078145e-16,0.710
fruit,Controls: field crops only,Controls: field crops only,ln_area_harmonized,Log orchard area (fruit) / cultivated area (controls),6,after nationwide availability,0.024568493444505,0.288625013335611,-0.488701011064468,0.537837997953478,0.9433,6,7,9,15,apple;pear;tangerine;sweet_persimmon;astringent_persimmon;plum,0.0245684934445056,-0.492061472883167,0.541198459772178,0.94144,5.58580959264532e-16,0.943
fruit,Controls: field crops only,Controls: field crops only,ln_area_harmonized,Log orchard area (fruit) / cultivated area (controls),7,after nationwide availability,0.0108439990075323,0.349220043057278,-0.600893902693662,0.622581900708727,0.9788,6,7,8,14,apple;pear;tangerine;sweet_persimmon;astringent_persimmon;plum,0.0108439990075325,-0.600030968358574,0.621718966373639,0.97969,1.71737624121704e-16,0.979
fruit,Controls: field crops only,Controls: field crops only,ln_area_harmonized,Log orchard area (fruit) / cultivated area (controls),8,after nationwide availability,0.0910910107572988,0.36896628848087,-0.567370742055523,0.749552763570121,0.8182,6,6,8,14,apple;pear;tangerine;sweet_persimmon;astringent_persimmon;plum,0.091091010757299,-0.568065292782221,0.750247314296819,0.82117,1.94289029309402e-16,0.818
fruit,Controls: field crops only,Controls: field crops only,ln_area_harmonized,Log orchard area (fruit) / cultivated area (controls),9,after nationwide availability,0.0726331689627786,0.341473637924211,-0.553532662812348,0.698799000737905,0.8382,6,4,8,14,apple;pear;tangerine;sweet_persimmon;astringent_persimmon;plum,0.0726331689627792,-0.555944406016971,0.70121074394253,0.83595,5.68989300120393e-16,0.838
fruit,Controls: field crops only,Controls: field crops only,ln_production,Log production,-12,clean pre-pilot (placebo),-0.222459865914515,0.213643179143593,-0.593858413039066,0.148938681210035,0.3386,4,15,18,19,apple;pear;tangerine;plum,-0.222459865914515,-0.593902984004187,0.148983252175157,0.34095,3.33066907387547e-16,0.339
fruit,Controls: field crops only,Controls: field crops only,ln_production,Log production,-11,clean pre-pilot (placebo),-0.194432629314242,0.217730858067592,-0.569059079175273,0.180193820546788,0.4368,4,15,18,19,apple;pear;tangerine;plum,-0.194432629314242,-0.568988878237581,0.180123619609097,0.43506,4.16333634234434e-16,0.437
fruit,Controls: field crops only,Controls: field crops only,ln_production,Log production,-10,clean pre-pilot (placebo),-0.323465492374571,0.261976036962432,-0.789077248692551,0.14214626394341,0.2431,5,15,18,20,apple;pear;tangerine;astringent_persimmon;plum,-0.32346549237457,-0.790646035932912,0.143715051183771,0.24768,7.21644966006352e-16,0.243
fruit,Controls: field crops only,Controls: field crops only,ln_production,Log production,-9,clean pre-pilot (placebo),-0.24752390525957,0.248535778759298,-0.703764269117578,0.208716458598438,0.3229,5,15,18,20,apple;pear;tangerine;astringent_persimmon;plum,-0.247523905259569,-0.704579450264746,0.209531639745607,0.33139,6.93889390390723e-16,0.323
fruit,Controls: field crops only,Controls: field crops only,ln_production,Log production,-8,clean pre-pilot (placebo),-0.334090341659625,0.239359908969239,-0.77160636266356,0.103425679344311,0.1746,5,15,18,20,apple;pear;tangerine;astringent_persimmon;plum,-0.334090341659625,-0.770536872917377,0.102356189598127,0.17383,2.77555756156289e-16,0.175
fruit,Controls: field crops only,Controls: field crops only,ln_production,Log production,-7,clean pre-pilot (placebo),-0.204540547692707,0.176842149081722,-0.524624553506702,0.115543458121289,0.275,5,15,18,20,apple;pear;tangerine;astringent_persimmon;plum,-0.204540547692707,-0.523797895966311,0.114716800580897,0.27985,4.44089209850063e-16,0.275
fruit,Controls: field crops only,Controls: field crops only,ln_production,Log production,-6,clean pre-pilot (placebo),-0.142768749223833,0.123854984525865,-0.374187604286433,0.0886501058387675,0.2474,6,15,18,21,apple;pear;tangerine;sweet_persimmon;astringent_persimmon;plum,-0.142768749223833,-0.374903085610387,0.0893655871627218,0.25287,2.4980018054066e-16,0.247
fruit,Controls: field crops only,Controls: field crops only,ln_production,Log production,-5,clean pre-pilot (placebo),-0.163055210978654,0.0899790396403155,-0.33224100538933,0.00613058343202108,0.0597,5,16,20,21,apple;pear;tangerine;sweet_persimmon;astringent_persimmon,-0.163055210978654,-0.332401139490806,0.0062907175334978,0.0608,3.88578058618805e-16,0.060
fruit,Controls: field crops only,Controls: field crops only,ln_production,Log production,-4,clean pre-pilot (placebo),-0.106985138959289,0.0924166812373598,-0.279428863826296,0.0654585859077179,0.2523,5,16,20,21,apple;pear;tangerine;sweet_persimmon;astringent_persimmon,-0.106985138959289,-0.27790330929785,0.0639330313792729,0.25581,2.35922392732846e-16,0.252
fruit,Controls: field crops only,Controls: field crops only,ln_production,Log production,0,after nationwide availability,-0.0174234310265246,0.159332829007678,-0.307496854446038,0.272649992392989,0.9162,6,8,17,21,apple;pear;tangerine;sweet_persimmon;astringent_persimmon;plum,-0.0174234310265244,-0.309726505321721,0.274879643268672,0.91396,1.90819582357449e-16,0.916
fruit,Controls: field crops only,Controls: field crops only,ln_production,Log production,1,after nationwide availability,-0.0957353490641136,0.152318663347872,-0.382267713721966,0.190797015593739,0.5482,6,8,17,21,apple;pear;tangerine;sweet_persimmon;astringent_persimmon;plum,-0.0957353490641136,-0.379529702642308,0.188059004514081,0.54438,4.16333634234434e-17,0.548
fruit,Controls: field crops only,Controls: field crops only,ln_production,Log production,2,after nationwide availability,-0.0662186796665677,0.173325841627207,-0.391491985977385,0.259054626644249,0.7197,6,8,17,21,apple;pear;tangerine;sweet_persimmon;astringent_persimmon;plum,-0.0662186796665677,-0.390576787970364,0.258139428637229,0.7111,1.38777878078145e-17,0.720
fruit,Controls: field crops only,Controls: field crops only,ln_production,Log production,3,after nationwide availability,0.0659135762438072,0.174032683633109,-0.256316425187329,0.388143577674944,0.7186,6,8,16,21,apple;pear;tangerine;sweet_persimmon;astringent_persimmon;plum,0.0659135762438079,-0.257088525815264,0.38891567830288,0.72027,7.35522753814166e-16,0.719
fruit,Controls: field crops only,Controls: field crops only,ln_production,Log production,4,after nationwide availability,0.0869970344775436,0.194141519292355,-0.269211651310361,0.443205720265448,0.6811,6,8,16,21,apple;pear;tangerine;sweet_persimmon;astringent_persimmon;plum,0.0869970344775439,-0.267935332519846,0.441929401474934,0.68542,3.33066907387547e-16,0.681
fruit,Controls: field crops only,Controls: field crops only,ln_production,Log production,5,after nationwide availability,0.0947383366802184,0.201939009322986,-0.275077545197562,0.464554218557999,0.6594,6,7,12,18,apple;pear;tangerine;sweet_persimmon;astringent_persimmon;plum,0.0947383366802188,-0.272831154599579,0.462307827960016,0.66582,3.60822483003176e-16,0.659
fruit,Controls: field crops only,Controls: field crops only,ln_production,Log production,6,after nationwide availability,0.0482706029551401,0.296404873760713,-0.479756314002045,0.576297519912325,0.8835,6,7,9,15,apple;pear;tangerine;sweet_persimmon;astringent_persimmon;plum,0.0482706029551403,-0.475851763090479,0.572392969000759,0.89173,1.73472347597681e-16,0.883
fruit,Controls: field crops only,Controls: field crops only,ln_production,Log production,7,after nationwide availability,0.00301212682548407,0.362099219471958,-0.635531143204348,0.641555396855317,0.9948,6,7,8,14,apple;pear;tangerine;sweet_persimmon;astringent_persimmon;plum,0.00301212682548458,-0.630746202011078,0.636770455662047,0.99486,5.06105574116234e-16,0.995
fruit,Controls: field crops only,Controls: field crops only,ln_production,Log production,8,after nationwide availability,0.0968473367148893,0.396602543558436,-0.613283916728152,0.806978590157931,0.8174,6,6,8,14,apple;pear;tangerine;sweet_persimmon;astringent_persimmon;plum,0.0968473367148893,-0.607346270125567,0.801040943555346,0.82759,1.38777878078145e-17,0.817
fruit,Controls: field crops only,Controls: field crops only,ln_production,Log production,9,after nationwide availability,-0.00882225601209111,0.365552667598892,-0.684159763070659,0.666515251046477,0.9815,6,4,8,14,apple;pear;tangerine;sweet_persimmon;astringent_persimmon;plum,-0.00882225601209107,-0.684056354849513,0.66641184282533,0.98159,3.6429192995513e-17,0.982
price,"Approximate matches included (+ all-potato, pooled vegetable items)","Approximate matches included (+ all-potato, pooled vegetable items)",ln_real_linked,Log relative farm-gate price index (linked),-12,clean pre-pilot (placebo),-0.229140087697583,0.225933362425322,-0.655215412640217,0.196935237245051,0.3072,5,12,16,17,onion;sweet_potato;garlic;red_pepper;potato,-0.229140087697583,-0.656092365923792,0.197812190528625,0.30683,0,0.307
price,"Approximate matches included (+ all-potato, pooled vegetable items)","Approximate matches included (+ all-potato, pooled vegetable items)",ln_real_linked,Log relative farm-gate price index (linked),-11,clean pre-pilot (placebo),-0.339837222322968,0.212096676446264,-0.738374076473763,0.058699631827827,0.1053,5,12,16,17,onion;sweet_potato;garlic;red_pepper;potato,-0.339837222322968,-0.737614428902209,0.057939984256272,0.10019,1.66533453693773e-16,0.105
price,"Approximate matches included (+ all-potato, pooled vegetable items)","Approximate matches included (+ all-potato, pooled vegetable items)",ln_real_linked,Log relative farm-gate price index (linked),-10,clean pre-pilot (placebo),-0.330489334015171,0.21617917799707,-0.739164499659741,0.078185831629398,0.1212,5,12,16,17,onion;sweet_potato;garlic;red_pepper;potato,-0.330489334015172,-0.737111499096872,0.0761328310665287,0.11953,6.66133814775094e-16,0.121
price,"Approximate matches included (+ all-potato, pooled vegetable items)","Approximate matches included (+ all-potato, pooled vegetable items)",ln_real_linked,Log relative farm-gate price index (linked),-9,clean pre-pilot (placebo),-0.0623870042334552,0.167238689079093,-0.378608128624158,0.253834120157247,0.7094,5,12,16,17,onion;sweet_potato;garlic;red_pepper;potato,-0.0623870042334554,-0.377629725551888,0.252855717084977,0.71362,1.94289029309402e-16,0.709
price,"Approximate matches included (+ all-potato, pooled vegetable items)","Approximate matches included (+ all-potato, pooled vegetable items)",ln_real_linked,Log relative farm-gate price index (linked),-8,clean pre-pilot (placebo),-0.25353806775489,0.148104501648594,-0.53229589480682,0.0252197592970403,0.08,4,12,16,17,onion;sweet_potato;garlic;potato,-0.253538067754889,-0.531864836493391,0.0247887009836122,0.07841,6.66133814775094e-16,0.080
price,"Approximate matches included (+ all-potato, pooled vegetable items)","Approximate matches included (+ all-potato, pooled vegetable items)",ln_real_linked,Log relative farm-gate price index (linked),-7,clean pre-pilot (placebo),-0.195322318963348,0.110680719590163,-0.402386277926833,0.0117416400001372,0.0659,4,12,16,17,onion;sweet_potato;garlic;potato,-0.195322318963347,-0.401452993232031,0.0108083553053366,0.06676,7.21644966006352e-16,0.066
price,"Approximate matches included (+ all-potato, pooled vegetable items)","Approximate matches included (+ all-potato, pooled vegetable items)",ln_real_linked,Log relative farm-gate price index (linked),-6,clean pre-pilot (placebo),-0.0805716742702798,0.108312441058166,-0.283839377332132,0.122696028791573,0.4637,3,12,14,15,onion;sweet_potato;garlic,-0.08057167427028,-0.28248127624183,0.12133792770127,0.45976,1.66533453693773e-16,0.464
price,"Approximate matches included (+ all-potato, pooled vegetable items)","Approximate matches included (+ all-potato, pooled vegetable items)",ln_real_linked,Log relative farm-gate price index (linked),-5,clean pre-pilot (placebo),-0.341283319774126,0.272952273661712,-0.763935358204298,0.0813687186560456,0.2155,2,12,14,15,onion;garlic,-0.341283319774127,-0.765314939903281,0.0827483003550278,0.22062,5.55111512312578e-16,0.215
price,"Approximate matches included (+ all-potato, pooled vegetable items)","Approximate matches included (+ all-potato, pooled vegetable items)",ln_real_linked,Log relative farm-gate price index (linked),0,after nationwide availability,-0.227151243625854,0.0938665019628177,-0.402641970379258,-0.0516605168724507,0.0083,5,7,12,17,onion;sweet_potato;garlic;red_pepper;potato,-0.227151243625854,-0.402897274149797,-0.0514052131019116,0.0084,2.4980018054066e-16,0.008
price,"Approximate matches included (+ all-potato, pooled vegetable items)","Approximate matches included (+ all-potato, pooled vegetable items)",ln_real_linked,Log relative farm-gate price index (linked),1,after nationwide availability,-0.220870357402033,0.10846169320264,-0.424032388069723,-0.0177083267343426,0.0302,5,7,10,15,onion;sweet_potato;garlic;red_pepper;potato,-0.220870357402033,-0.423819639838095,-0.01792107496597,0.03102,3.33066907387547e-16,0.030
price,"Approximate matches included (+ all-potato, pooled vegetable items)","Approximate matches included (+ all-potato, pooled vegetable items)",ln_real_linked,Log relative farm-gate price index (linked),2,after nationwide availability,0.00669280649623205,0.119175420990517,-0.215150506188093,0.228536119180557,0.953,5,6,8,13,onion;sweet_potato;garlic;red_pepper;potato,0.00669280649623197,-0.215035801722396,0.22842141471486,0.95677,8.06646416329215e-17,0.953
price,"Approximate matches included (+ all-potato, pooled vegetable items)","Approximate matches included (+ all-potato, pooled vegetable items)",ln_real_linked,Log relative farm-gate price index (linked),3,after nationwide availability,0.0649771284925705,0.139649073862139,-0.196390656741504,0.326344913726645,0.6335,5,6,7,12,onion;sweet_potato;garlic;red_pepper;potato,0.0649771284925706,-0.196262036109187,0.326216293094328,0.63808,6.93889390390723e-17,0.633
price,"Approximate matches included (+ all-potato, pooled vegetable items)","Approximate matches included (+ all-potato, pooled vegetable items)",ln_real_linked,Log relative farm-gate price index (linked),4,after nationwide availability,0.0370777819558016,0.113118015260152,-0.171697418196734,0.245852982108338,0.748,5,5,7,12,onion;sweet_potato;garlic;red_pepper;potato,0.0370777819558016,-0.172378454504026,0.246534018415629,0.74983,6.93889390390723e-18,0.748
price,"Approximate matches included (+ all-potato, pooled vegetable items)","Approximate matches included (+ all-potato, pooled vegetable items)",ln_real_linked,Log relative farm-gate price index (linked),5,after nationwide availability,0.0954996690470162,0.138202366910585,-0.160181584699839,0.351180922793872,0.4782,5,4,6,11,onion;sweet_potato;garlic;red_pepper;potato,0.0954996690470161,-0.160098250623868,0.351097588717901,0.48552,1.11022302462516e-16,0.478
price,"Approximate matches included (+ all-potato, pooled vegetable items)","Approximate matches included (+ all-potato, pooled vegetable items)",ln_real_linked,Log relative farm-gate price index (linked),6,after nationwide availability,-0.3532116694283,0.200336431721896,-0.723969401126396,0.0175460622697958,0.0636,5,4,6,11,onion;sweet_potato;garlic;red_pepper;potato,-0.353211669428301,-0.724728553415049,0.0183052145584481,0.06456,7.21644966006352e-16,0.064
price,"Approximate matches included (+ all-potato, pooled vegetable items)","Approximate matches included (+ all-potato, pooled vegetable items)",ln_real_linked,Log relative farm-gate price index (linked),7,after nationwide availability,-0.396911308190659,0.225658972540195,-0.80703728484481,0.013214668463493,0.058,5,4,5,10,onion;sweet_potato;garlic;red_pepper;potato,-0.396911308190658,-0.811285710805121,0.0174630944238051,0.06179,4.9960036108132e-16,0.058
price,"Approximate matches included (+ all-potato, pooled vegetable items)","Approximate matches included (+ all-potato, pooled vegetable items)",ln_real_linked,Log relative farm-gate price index (linked),8,after nationwide availability,-0.230537033208947,0.145339352631968,-0.494013814553657,0.0329397481357637,0.0915,5,4,4,9,onion;sweet_potato;garlic;red_pepper;potato,-0.230537033208947,-0.497242007422669,0.0361679410047753,0.09464,2.22044604925031e-16,0.091
price,"Approximate matches included (+ all-potato, pooled vegetable items)","Approximate matches included (+ all-potato, pooled vegetable items)",ln_real_linked,Log relative farm-gate price index (linked),9,after nationwide availability,-0.226776615428106,0.145775358493934,-0.491121628570666,0.0375683977144539,0.0993,5,4,4,9,onion;sweet_potato;garlic;red_pepper;potato,-0.226776615428105,-0.492891669386291,0.0393384385300799,0.10091,9.15933995315754e-16,0.099
price,"CS-A main (exact match, annual linking rule)","Custom group-time DiD, final clean pre-pilot year: main price sample",ln_real_linked,Log relative farm-gate price index (linked),-12,clean pre-pilot (placebo),-0.183649171519658,0.178778494408941,-0.514395554005023,0.147097210965708,0.2944,4,7,10,11,onion;sweet_potato;garlic;red_pepper,-0.183649171519658,-0.513688039522304,0.146389696482988,0.2934,1.94289029309402e-16,0.294
price,"CS-A main (exact match, annual linking rule)","Custom group-time DiD, final clean pre-pilot year: main price sample",ln_real_linked,Log relative farm-gate price index (linked),-11,clean pre-pilot (placebo),-0.189459238058419,0.145628487514644,-0.456669151946647,0.0777506758298102,0.1871,4,7,10,11,onion;sweet_potato;garlic;red_pepper,-0.189459238058419,-0.455064526670936,0.0761460505540985,0.18296,4.44089209850063e-16,0.187
price,"CS-A main (exact match, annual linking rule)","Custom group-time DiD, final clean pre-pilot year: main price sample",ln_real_linked,Log relative farm-gate price index (linked),-10,clean pre-pilot (placebo),-0.162926441415559,0.154635891772951,-0.448913676474648,0.123060793643529,0.2929,4,7,10,11,onion;sweet_potato;garlic;red_pepper,-0.16292644141556,-0.447742459736221,0.121889576905102,0.28801,5.27355936696949e-16,0.293
price,"CS-A main (exact match, annual linking rule)","Custom group-time DiD, final clean pre-pilot year: main price sample",ln_real_linked,Log relative farm-gate price index (linked),-9,clean pre-pilot (placebo),0.000360330191130909,0.152525948970305,-0.27916414156111,0.279884801943372,0.9987,4,7,10,11,onion;sweet_potato;garlic;red_pepper,0.000360330191130903,-0.277746632050047,0.278467292432309,0.99809,5.6920614055489e-18,0.999
price,"CS-A main (exact match, annual linking rule)","Custom group-time DiD, final clean pre-pilot year: main price sample",ln_real_linked,Log relative farm-gate price index (linked),-8,clean pre-pilot (placebo),-0.146333445344901,0.151622266078668,-0.428048956409922,0.13538206572012,0.3327,3,7,9,10,onion;sweet_potato;garlic,-0.146333445344901,-0.423484303175638,0.130817412485836,0.33318,2.77555756156289e-17,0.333
price,"CS-A main (exact match, annual linking rule)","Custom group-time DiD, final clean pre-pilot year: main price sample",ln_real_linked,Log relative farm-gate price index (linked),-7,clean pre-pilot (placebo),-0.0886957076994919,0.0965608690356584,-0.265106673021767,0.0877152576227828,0.3709,3,7,9,10,onion;sweet_potato;garlic,-0.088695707699492,-0.262638863730481,0.0852474483314969,0.37084,1.38777878078145e-16,0.371
price,"CS-A main (exact match, annual linking rule)","Custom group-time DiD, final clean pre-pilot year: main price sample",ln_real_linked,Log relative farm-gate price index (linked),-6,clean pre-pilot (placebo),0.0433856110933926,0.112167682508637,-0.154484373360344,0.241255595547129,0.7246,3,7,9,10,onion;sweet_potato;garlic,0.0433856110933923,-0.154865908026502,0.241637130213287,0.7244,2.63677968348475e-16,0.725
price,"CS-A main (exact match, annual linking rule)","Custom group-time DiD, final clean pre-pilot year: main price sample",ln_real_linked,Log relative farm-gate price index (linked),-5,clean pre-pilot (placebo),-0.291972305961773,0.239592793764157,-0.683756676707907,0.0998120647843601,0.2457,2,7,9,10,onion;garlic,-0.291972305961774,-0.683414245423013,0.0994696334994658,0.24643,5.55111512312578e-16,0.246
price,"CS-A main (exact match, annual linking rule)","Custom group-time DiD, final clean pre-pilot year: main price sample",ln_real_linked,Log relative farm-gate price index (linked),0,after nationwide availability,-0.171685355923177,0.0979446561532712,-0.353321192178083,0.0099504803317276,0.0653,4,7,7,11,onion;sweet_potato;garlic;red_pepper,-0.171685355923177,-0.35384738469977,0.0104766728534154,0.06624,4.9960036108132e-16,0.065
price,"CS-A main (exact match, annual linking rule)","Custom group-time DiD, final clean pre-pilot year: main price sample",ln_real_linked,Log relative farm-gate price index (linked),1,after nationwide availability,-0.196588011729926,0.102193279315607,-0.383854253528454,-0.00932176993139827,0.037,4,7,7,11,onion;sweet_potato;garlic;red_pepper,-0.196588011729926,-0.385674007042314,-0.00750201641753814,0.04063,2.22044604925031e-16,0.037
price,"CS-A main (exact match, annual linking rule)","Custom group-time DiD, final clean pre-pilot year: main price sample",ln_real_linked,Log relative farm-gate price index (linked),2,after nationwide availability,0.0113439088793657,0.0997135483820277,-0.173841889208951,0.196529706967682,0.9126,4,6,7,11,onion;sweet_potato;garlic;red_pepper,0.0113439088793657,-0.173010836105818,0.19569865386455,0.90953,5.20417042793042e-18,0.913
price,"CS-A main (exact match, annual linking rule)","Custom group-time DiD, final clean pre-pilot year: main price sample",ln_real_linked,Log relative farm-gate price index (linked),3,after nationwide availability,0.130329789859453,0.13986417055851,-0.126427034073556,0.387086613792462,0.3397,4,6,7,11,onion;sweet_potato;garlic;red_pepper,0.130329789859453,-0.127229188638889,0.387888768357795,0.34529,2.77555756156289e-17,0.340
price,"CS-A main (exact match, annual linking rule)","Custom group-time DiD, final clean pre-pilot year: main price sample",ln_real_linked,Log relative farm-gate price index (linked),4,after nationwide availability,0.0444532440831546,0.121106449333335,-0.175502292608063,0.264408780774373,0.7133,4,5,7,11,onion;sweet_potato;garlic;red_pepper,0.0444532440831544,-0.178660060214433,0.267566548380741,0.71173,1.66533453693773e-16,0.713
price,"CS-A main (exact match, annual linking rule)","Custom group-time DiD, final clean pre-pilot year: main price sample",ln_real_linked,Log relative farm-gate price index (linked),5,after nationwide availability,0.0620554940375343,0.131921165130732,-0.178659784909346,0.302770772984415,0.6309,4,4,6,10,onion;sweet_potato;garlic;red_pepper,0.0620554940375341,-0.179545277798257,0.303656265873325,0.63189,2.0122792321331e-16,0.631
price,"CS-A main (exact match, annual linking rule)","Custom group-time DiD, final clean pre-pilot year: main price sample",ln_real_linked,Log relative farm-gate price index (linked),6,after nationwide availability,-0.300066887479106,0.172807341794846,-0.617004361936104,0.0168705869778914,0.0645,4,4,6,10,onion;sweet_potato;garlic;red_pepper,-0.300066887479107,-0.619601277421625,0.0194675024634122,0.06731,6.66133814775094e-16,0.065
price,"CS-A main (exact match, annual linking rule)","Custom group-time DiD, final clean pre-pilot year: main price sample",ln_real_linked,Log relative farm-gate price index (linked),7,after nationwide availability,-0.36053344649148,0.235906902236328,-0.788332617035559,0.0672657240525984,0.1078,4,4,5,9,onion;sweet_potato;garlic;red_pepper,-0.36053344649148,-0.789169658872625,0.0681027658896641,0.10679,3.88578058618805e-16,0.108
price,"CS-A main (exact match, annual linking rule)","Custom group-time DiD, final clean pre-pilot year: main price sample",ln_real_linked,Log relative farm-gate price index (linked),8,after nationwide availability,-0.149378573454334,0.119870123736812,-0.364326530600007,0.0655693836913401,0.1907,4,4,4,8,onion;sweet_potato;garlic;red_pepper,-0.149378573454333,-0.368137768834527,0.0693806219258603,0.19757,4.9960036108132e-16,0.191
price,"CS-A main (exact match, annual linking rule)","Custom group-time DiD, final clean pre-pilot year: main price sample",ln_real_linked,Log relative farm-gate price index (linked),9,after nationwide availability,-0.250550350764662,0.135769940237086,-0.49481754771558,-0.00628315381374373,0.0447,4,4,4,8,onion;sweet_potato;garlic;red_pepper,-0.250550350764662,-0.496060246151926,-0.00504045537739822,0.04495,5.55111512312578e-17,0.045
price,CS-B main,"Custom group-time DiD, mean of all clean pre-pilot years: main price sample",ln_real_linked,Log relative farm-gate price index (linked),-12,clean pre-pilot (placebo),-0.0617410064515494,0.137350701337637,-0.312413919194099,0.188931906291,0.6449,4,6,9,10,onion;sweet_potato;garlic;red_pepper,-0.0617410064515494,-0.313766113618326,0.190284100715227,0.64981,6.93889390390723e-18,0.645
price,CS-B main,"Custom group-time DiD, mean of all clean pre-pilot years: main price sample",ln_real_linked,Log relative farm-gate price index (linked),-11,clean pre-pilot (placebo),-0.0744748419023415,0.0861053022995966,-0.230632251288984,0.0816825674843009,0.3713,4,6,9,10,onion;sweet_potato;garlic;red_pepper,-0.0744748419023417,-0.232354675377939,0.0834049915732557,0.37992,2.4980018054066e-16,0.371
price,CS-B main,"Custom group-time DiD, mean of all clean pre-pilot years: main price sample",ln_real_linked,Log relative farm-gate price index (linked),-10,clean pre-pilot (placebo),-0.0840296310099789,0.129419541250794,-0.314002441082854,0.145943179062896,0.5219,4,6,9,10,onion;sweet_potato;garlic;red_pepper,-0.0840296310099788,-0.316600489237568,0.14854122721761,0.52412,1.11022302462516e-16,0.522
price,CS-B main,"Custom group-time DiD, mean of all clean pre-pilot years: main price sample",ln_real_linked,Log relative farm-gate price index (linked),-9,clean pre-pilot (placebo),0.0940190932755604,0.140196544787014,-0.141851270682212,0.329889457233332,0.5748,4,6,9,10,onion;sweet_potato;garlic;red_pepper,0.0940190932755604,-0.141223807268142,0.329261993819263,0.57636,4.16333634234434e-17,0.575
price,CS-B main,"Custom group-time DiD, mean of all clean pre-pilot years: main price sample",ln_real_linked,Log relative farm-gate price index (linked),-8,clean pre-pilot (placebo),0.0270364922497934,0.107479613990747,-0.17117882849476,0.225251812994347,0.8004,4,6,9,10,onion;sweet_potato;garlic;red_pepper,0.0270364922497933,-0.169137532242432,0.223210516742019,0.80075,9.71445146547012e-17,0.800
price,CS-B main,"Custom group-time DiD, mean of all clean pre-pilot years: main price sample",ln_real_linked,Log relative farm-gate price index (linked),-7,clean pre-pilot (placebo),0.0471905853468841,0.174720234224105,-0.253485603107056,0.347866773800824,0.8121,3,6,8,9,onion;sweet_potato;garlic,0.0471905853468834,-0.250249565565228,0.344630736258995,0.80945,6.80011602582908e-16,0.812
price,CS-B main,"Custom group-time DiD, mean of all clean pre-pilot years: main price sample",ln_real_linked,Log relative farm-gate price index (linked),-6,clean pre-pilot (placebo),0.152435941230667,0.184874302001372,-0.170291380172363,0.475163262633697,0.4324,3,6,8,9,onion;sweet_potato;garlic,0.152435941230666,-0.167776731122606,0.472648613583938,0.42956,7.49400541621981e-16,0.432
price,CS-B main,"Custom group-time DiD, mean of all clean pre-pilot years: main price sample",ln_real_linked,Log relative farm-gate price index (linked),-5,clean pre-pilot (placebo),-0.0890583183388176,0.224074484663607,-0.498488398851457,0.320371762173822,0.6935,3,6,8,9,onion;sweet_potato;garlic,-0.0890583183388181,-0.492757097639479,0.314640460961842,0.69121,5.41233724504764e-16,0.694
price,CS-B main,"Custom group-time DiD, mean of all clean pre-pilot years: main price sample",ln_real_linked,Log relative farm-gate price index (linked),-4,clean pre-pilot (placebo),-0.0257529021319702,0.122371334120498,-0.245080195149883,0.193574390885943,0.8292,2,6,8,9,onion;garlic,-0.0257529021319705,-0.246600364970235,0.195094560706294,0.83432,3.08780778723872e-16,0.829
price,CS-B main,"Custom group-time DiD, mean of all clean pre-pilot years: main price sample",ln_real_linked,Log relative farm-gate price index (linked),0,after nationwide availability,-0.0383489852853456,0.217969840701171,-0.436180799292819,0.359482828722128,0.8544,4,6,6,10,onion;sweet_potato;garlic;red_pepper,-0.038348985285346,-0.43479883075607,0.358100860185378,0.85425,4.44089209850063e-16,0.854
price,CS-B main,"Custom group-time DiD, mean of all clean pre-pilot years: main price sample",ln_real_linked,Log relative farm-gate price index (linked),1,after nationwide availability,-0.0677012835833009,0.225734863260359,-0.489545588957032,0.35414302179043,0.7589,4,6,6,10,onion;sweet_potato;garlic;red_pepper,-0.0677012835833014,-0.481362357128369,0.345959789961766,0.76352,4.57966997657877e-16,0.759
price,CS-B main,"Custom group-time DiD, mean of all clean pre-pilot years: main price sample",ln_real_linked,Log relative farm-gate price index (linked),2,after nationwide availability,0.155859122660011,0.196299816369691,-0.207177314462926,0.518895559782949,0.4222,4,5,6,10,onion;sweet_potato;garlic;red_pepper,0.155859122660011,-0.201630361816351,0.513348607136374,0.41441,2.77555756156289e-16,0.422
price,CS-B main,"Custom group-time DiD, mean of all clean pre-pilot years: main price sample",ln_real_linked,Log relative farm-gate price index (linked),3,after nationwide availability,0.290512259624625,0.134256735685825,0.0444893776309536,0.536535141618297,0.0123,4,5,6,10,onion;sweet_potato;garlic;red_pepper,0.290512259624625,0.0441975055528641,0.536827013696386,0.01068,1.66533453693773e-16,0.012
price,CS-B main,"Custom group-time DiD, mean of all clean pre-pilot years: main price sample",ln_real_linked,Log relative farm-gate price index (linked),4,after nationwide availability,0.106324172329843,0.179620815487565,-0.226219116249714,0.438867460909399,0.5604,4,4,6,10,onion;sweet_potato;garlic;red_pepper,0.106324172329843,-0.223116279786362,0.435764624446048,0.55589,2.77555756156289e-16,0.560
price,CS-B main,"Custom group-time DiD, mean of all clean pre-pilot years: main price sample",ln_real_linked,Log relative farm-gate price index (linked),5,after nationwide availability,0.145474075432134,0.214598045211885,-0.245726908747468,0.536675059611736,0.4909,4,3,5,9,onion;sweet_potato;garlic;red_pepper,0.145474075432134,-0.24448439171377,0.535432542578037,0.48728,2.22044604925031e-16,0.491
price,CS-B main,"Custom group-time DiD, mean of all clean pre-pilot years: main price sample",ln_real_linked,Log relative farm-gate price index (linked),6,after nationwide availability,-0.202104366329978,0.244763596458487,-0.645695828016715,0.24148709535676,0.408,4,3,5,9,onion;sweet_potato;garlic;red_pepper,-0.202104366329978,-0.644755719495165,0.240546986835209,0.39878,3.05311331771918e-16,0.408
price,CS-B main,"Custom group-time DiD, mean of all clean pre-pilot years: main price sample",ln_real_linked,Log relative farm-gate price index (linked),7,after nationwide availability,-0.265172581635141,0.347800984334936,-0.900481516404817,0.370136353134534,0.4332,4,3,4,8,onion;sweet_potato;garlic;red_pepper,-0.265172581635141,-0.893138046873725,0.362792883603442,0.42801,2.77555756156289e-16,0.433
price,CS-B main,"Custom group-time DiD, mean of all clean pre-pilot years: main price sample",ln_real_linked,Log relative farm-gate price index (linked),8,after nationwide availability,-0.0748990170628359,0.266756229570013,-0.541942269863723,0.392144235738051,0.7843,4,3,3,7,onion;sweet_potato;garlic;red_pepper,-0.0748990170628363,-0.542212342164219,0.392414308038546,0.78304,4.16333634234434e-16,0.784
price,CS-B main,"Custom group-time DiD, mean of all clean pre-pilot years: main price sample",ln_real_linked,Log relative farm-gate price index (linked),9,after nationwide availability,-0.240574736134614,0.236265357909915,-0.622590974974177,0.141441502704949,0.3755,4,3,3,7,onion;sweet_potato;garlic;red_pepper,-0.240574736134615,-0.621412780630164,0.140263308360935,0.37015,9.15933995315754e-16,0.376
price,Leave out Garlic,Leave out Garlic,ln_real_linked,Log relative farm-gate price index (linked),-12,clean pre-pilot (placebo),-0.165796895992338,0.209691869281434,-0.549714836424374,0.218121044439697,0.4197,3,8,9,10,onion;sweet_potato;red_pepper,-0.165796895992339,-0.549136381699131,0.217542589714454,0.42706,6.10622663543836e-16,0.420
price,Leave out Garlic,Leave out Garlic,ln_real_linked,Log relative farm-gate price index (linked),-11,clean pre-pilot (placebo),-0.186611575896332,0.164059409276017,-0.477339674503604,0.104116522710939,0.2511,3,8,9,10,onion;sweet_potato;red_pepper,-0.186611575896333,-0.477384529151039,0.104161377358374,0.25144,7.7715611723761e-16,0.251
price,Leave out Garlic,Leave out Garlic,ln_real_linked,Log relative farm-gate price index (linked),-10,clean pre-pilot (placebo),-0.109015018793804,0.115737915107279,-0.321024846270453,0.102994808682845,0.3365,3,8,9,10,onion;sweet_potato;red_pepper,-0.109015018793804,-0.322568110694198,0.10453807310659,0.33646,4.16333634234434e-17,0.337
price,Leave out Garlic,Leave out Garlic,ln_real_linked,Log relative farm-gate price index (linked),-9,clean pre-pilot (placebo),0.0551593871971783,0.173282160963444,-0.247557532640418,0.357876307034775,0.7665,3,8,9,10,onion;sweet_potato;red_pepper,0.0551593871971782,-0.249710562827,0.360029337221357,0.76749,4.85722573273506e-17,0.766
price,Leave out Garlic,Leave out Garlic,ln_real_linked,Log relative farm-gate price index (linked),-8,clean pre-pilot (placebo),-0.0975260958140701,0.184494916117119,-0.418756991043255,0.223704799415114,0.615,2,8,8,9,onion;sweet_potato,-0.0975260958140701,-0.418898380844967,0.223846189216827,0.62381,2.77555756156289e-17,0.615
price,Leave out Garlic,Leave out Garlic,ln_real_linked,Log relative farm-gate price index (linked),-7,clean pre-pilot (placebo),-0.0696636748135751,0.099242602341009,-0.247233203103331,0.107905853476181,0.4758,2,8,8,9,onion;sweet_potato,-0.0696636748135751,-0.249244413783008,0.109917064155857,0.48485,2.77555756156289e-17,0.476
price,Leave out Garlic,Leave out Garlic,ln_real_linked,Log relative farm-gate price index (linked),-6,clean pre-pilot (placebo),0.124803887651458,0.143674634729116,-0.0948334363645298,0.344441211667446,0.47,2,8,8,9,onion;sweet_potato,0.124803887651458,-0.0963100524354535,0.345917827738369,0.47875,1.11022302462516e-16,0.470
price,Leave out Garlic,Leave out Garlic,ln_real_linked,Log relative farm-gate price index (linked),-5,clean pre-pilot (placebo),-0.414160135114149,0.396934799260875,-0.923577554672251,0.0952572844439533,0.319,1,8,8,9,onion,-0.414160135114149,-0.922808648660046,0.0944883784317488,0.32089,3.88578058618805e-16,0.319
price,Leave out Garlic,Leave out Garlic,ln_real_linked,Log relative farm-gate price index (linked),0,after nationwide availability,-0.119652283909167,0.112836075602019,-0.326285139379226,0.0869805715608925,0.2804,3,7,7,10,onion;sweet_potato;red_pepper,-0.119652283909167,-0.326215568333259,0.0869110005149255,0.28089,6.93889390390723e-17,0.280
price,Leave out Garlic,Leave out Garlic,ln_real_linked,Log relative farm-gate price index (linked),1,after nationwide availability,-0.177640177463216,0.133577236090324,-0.428905238757972,0.0736248838315402,0.1701,3,7,7,10,onion;sweet_potato;red_pepper,-0.177640177463216,-0.42427101526548,0.0689906603390473,0.16627,1.38777878078145e-16,0.170
price,Leave out Garlic,Leave out Garlic,ln_real_linked,Log relative farm-gate price index (linked),2,after nationwide availability,-0.020434511809811,0.122678195565389,-0.246214801113168,0.205345777493546,0.8595,3,6,7,10,onion;sweet_potato;red_pepper,-0.0204345118098108,-0.246334608827252,0.20546558520763,0.86618,1.56125112837913e-16,0.860
price,Leave out Garlic,Leave out Garlic,ln_real_linked,Log relative farm-gate price index (linked),3,after nationwide availability,0.0304089594616142,0.153016876538997,-0.247437339176962,0.308255258100191,0.8466,3,6,7,10,onion;sweet_potato;red_pepper,0.0304089594616142,-0.247555687871874,0.308373606795103,0.84451,2.42861286636753e-17,0.847
price,Leave out Garlic,Leave out Garlic,ln_real_linked,Log relative farm-gate price index (linked),4,after nationwide availability,-0.0569657516390401,0.137714763183225,-0.310810190234178,0.196878686956098,0.6791,3,5,7,10,onion;sweet_potato;red_pepper,-0.05696575163904,-0.308373070052483,0.194441566774403,0.6777,1.04083408558608e-16,0.679
price,Leave out Garlic,Leave out Garlic,ln_real_linked,Log relative farm-gate price index (linked),5,after nationwide availability,0.068186648090133,0.161221167776379,-0.23256191274313,0.368935208923396,0.6615,3,4,6,9,onion;sweet_potato;red_pepper,0.0681866480901331,-0.227013334090586,0.363386630270852,0.66797,1.2490009027033e-16,0.661
price,Leave out Garlic,Leave out Garlic,ln_real_linked,Log relative farm-gate price index (linked),6,after nationwide availability,-0.268411332301641,0.168965382545152,-0.572571819108239,0.0357491545049565,0.0909,3,4,6,9,onion;sweet_potato;red_pepper,-0.268411332301641,-0.574507210499458,0.0376845458961764,0.09191,1.11022302462516e-16,0.091
price,Leave out Garlic,Leave out Garlic,ln_real_linked,Log relative farm-gate price index (linked),7,after nationwide availability,-0.349197809215792,0.295625116450862,-0.871394707241516,0.172999088809933,0.2152,3,4,5,8,onion;sweet_potato;red_pepper,-0.349197809215792,-0.881781770154519,0.183386151722936,0.22302,2.22044604925031e-16,0.215
price,Leave out Garlic,Leave out Garlic,ln_real_linked,Log relative farm-gate price index (linked),8,after nationwide availability,-0.187692379911703,0.170476686954374,-0.486268409888333,0.110883650064927,0.2463,3,4,4,7,onion;sweet_potato;red_pepper,-0.187692379911703,-0.490773536523896,0.115388776700491,0.2531,1.66533453693773e-16,0.246
price,Leave out Garlic,Leave out Garlic,ln_real_linked,Log relative farm-gate price index (linked),9,after nationwide availability,-0.379962962333958,0.136487222757814,-0.623355024759677,-0.136570899908238,1e-04,3,4,4,7,onion;sweet_potato;red_pepper,-0.379962962333958,-0.622838100023903,-0.137087824644013,1e-05,3.88578058618805e-16,p < 0.001
price,Leave out Onion,Leave out Onion,ln_real_linked,Log relative farm-gate price index (linked),-12,clean pre-pilot (placebo),-0.325414035642582,0.21121810807174,-0.703472774491661,0.0526447032064968,0.1026,3,7,9,10,sweet_potato;garlic;red_pepper,-0.325414035642583,-0.708179780105262,0.0573517088200968,0.10508,7.7715611723761e-16,0.103
price,Leave out Onion,Leave out Onion,ln_real_linked,Log relative farm-gate price index (linked),-11,clean pre-pilot (placebo),-0.27187707364012,0.19158427208128,-0.609578370662702,0.0658242233824619,0.132,3,7,9,10,sweet_potato;garlic;red_pepper,-0.271877073640121,-0.613131556433129,0.0693774091528875,0.14001,9.43689570931383e-16,0.132
price,Leave out Onion,Leave out Onion,ln_real_linked,Log relative farm-gate price index (linked),-10,clean pre-pilot (placebo),-0.211746422747935,0.179213935874683,-0.536502176554325,0.113009331058454,0.2222,3,7,9,10,sweet_potato;garlic;red_pepper,-0.211746422747936,-0.539385012770176,0.115892167274304,0.23067,6.10622663543836e-16,0.222
price,Leave out Onion,Leave out Onion,ln_real_linked,Log relative farm-gate price index (linked),-9,clean pre-pilot (placebo),-0.137230625735986,0.131105973263343,-0.372397707643652,0.0979364561716803,0.2846,3,7,9,10,sweet_potato;garlic;red_pepper,-0.137230625735986,-0.374059843640465,0.0995985921684932,0.28986,0,0.285
price,Leave out Onion,Leave out Onion,ln_real_linked,Log relative farm-gate price index (linked),-8,clean pre-pilot (placebo),-0.298852356154883,0.218286931311209,-0.672877999353875,0.0751732870441095,0.1706,2,7,8,9,sweet_potato;garlic,-0.298852356154883,-0.67182014163328,0.0741154293235152,0.17059,4.9960036108132e-16,0.171
price,Leave out Onion,Leave out Onion,ln_real_linked,Log relative farm-gate price index (linked),-7,clean pre-pilot (placebo),-0.0658629672371618,0.120282323520718,-0.269636014892161,0.137910080417838,0.6314,2,7,8,9,sweet_potato;garlic,-0.0658629672371616,-0.272551422841618,0.140825488367294,0.62801,1.52655665885959e-16,0.631
price,Leave out Onion,Leave out Onion,ln_real_linked,Log relative farm-gate price index (linked),-6,clean pre-pilot (placebo),-0.0716498087307462,0.118009455337932,-0.281454276838528,0.138154659377036,0.5443,2,7,8,9,sweet_potato;garlic,-0.0716498087307462,-0.283093153742197,0.139793536280704,0.54664,0,0.544
price,Leave out Onion,Leave out Onion,ln_real_linked,Log relative farm-gate price index (linked),-5,clean pre-pilot (placebo),-0.162765857561782,0.24494273851884,-0.562026514127689,0.236494799004125,0.592,1,7,7,8,garlic,-0.162765857561782,-0.558708577194611,0.233176862071047,0.59209,8.32667268468867e-17,0.592
price,Leave out Onion,Leave out Onion,ln_real_linked,Log relative farm-gate price index (linked),0,after nationwide availability,-0.161636194049184,0.123627270821864,-0.389891463866423,0.0666190757680556,0.1813,3,7,7,10,sweet_potato;garlic;red_pepper,-0.161636194049183,-0.388046632050026,0.0647742439516594,0.17608,5.55111512312578e-16,0.181
price,Leave out Onion,Leave out Onion,ln_real_linked,Log relative farm-gate price index (linked),1,after nationwide availability,-0.228462563488465,0.100615666039553,-0.414707509533422,-0.0422176174435084,0.013,3,7,7,10,sweet_potato;garlic;red_pepper,-0.228462563488465,-0.413079044115602,-0.0438460828613288,0.01183,2.22044604925031e-16,0.013
price,Leave out Onion,Leave out Onion,ln_real_linked,Log relative farm-gate price index (linked),2,after nationwide availability,0.0795372612969274,0.0810982413149163,-0.0695890266895858,0.228663549283441,0.322,3,6,7,10,sweet_potato;garlic;red_pepper,0.0795372612969274,-0.0681359639847488,0.227210486578604,0.32003,2.77555756156289e-17,0.322
price,Leave out Onion,Leave out Onion,ln_real_linked,Log relative farm-gate price index (linked),3,after nationwide availability,0.128162718093172,0.164030371787553,-0.169430444973552,0.425755881159896,0.4369,3,6,7,10,sweet_potato;garlic;red_pepper,0.128162718093172,-0.167291305338368,0.423616741524713,0.43972,0,0.437
price,Leave out Onion,Leave out Onion,ln_real_linked,Log relative farm-gate price index (linked),4,after nationwide availability,0.0453446595742957,0.146108375345096,-0.218033775478143,0.308723094626734,0.7508,3,5,6,9,sweet_potato;garlic;red_pepper,0.0453446595742956,-0.222477475579825,0.313166794728416,0.75446,1.04083408558608e-16,0.751
price,Leave out Onion,Leave out Onion,ln_real_linked,Log relative farm-gate price index (linked),5,after nationwide availability,-0.00141865444936015,0.136488789472799,-0.250285741915599,0.247448433016879,0.9903,3,4,6,9,sweet_potato;garlic;red_pepper,-0.00141865444936053,-0.251301396136178,0.248464087237457,0.99134,3.78386558197441e-16,0.990
price,Leave out Onion,Leave out Onion,ln_real_linked,Log relative farm-gate price index (linked),6,after nationwide availability,-0.28003909205945,0.203078983133677,-0.649009521933134,0.0889313378142331,0.1528,3,4,5,8,sweet_potato;garlic;red_pepper,-0.28003909205945,-0.644709345512791,0.0846311613938904,0.14497,1.66533453693773e-16,0.153
price,Leave out Onion,Leave out Onion,ln_real_linked,Log relative farm-gate price index (linked),7,after nationwide availability,-0.193413014432766,0.186917701164592,-0.524988413599152,0.138162384733619,0.2968,3,4,4,7,sweet_potato;garlic;red_pepper,-0.193413014432766,-0.520986405323924,0.134160376458392,0.28871,1.38777878078145e-16,0.297
price,Leave out Onion,Leave out Onion,ln_real_linked,Log relative farm-gate price index (linked),8,after nationwide availability,-0.0900328621367969,0.112612287568485,-0.291795501520815,0.111729777247221,0.4191,3,4,4,7,sweet_potato;garlic;red_pepper,-0.0900328621367968,-0.289161626578887,0.109095902305293,0.42027,4.16333634234434e-17,0.419
price,Leave out Onion,Leave out Onion,ln_real_linked,Log relative farm-gate price index (linked),9,after nationwide availability,-0.206993718591518,0.16203350691381,-0.48845460549195,0.0744671683089148,0.1844,3,4,4,7,sweet_potato;garlic;red_pepper,-0.206993718591518,-0.48780612698663,0.0738186898035948,0.18361,2.77555756156289e-16,0.184
price,Leave out Red pepper,Leave out Red pepper,ln_real_linked,Log relative farm-gate price index (linked),-12,clean pre-pilot (placebo),-0.146345230905641,0.218853292516665,-0.544652399827174,0.251961938015893,0.5025,3,7,9,10,onion;sweet_potato;garlic,-0.146345230905641,-0.546570741390911,0.253880279579629,0.50415,2.4980018054066e-16,0.502
price,Leave out Red pepper,Leave out Red pepper,ln_real_linked,Log relative farm-gate price index (linked),-11,clean pre-pilot (placebo),-0.201874975396758,0.195025067784718,-0.547547254990132,0.143797304196616,0.3013,3,7,9,10,onion;sweet_potato;garlic,-0.201874975396758,-0.551401201855258,0.147651251061741,0.30426,0,0.301
price,Leave out Red pepper,Leave out Red pepper,ln_real_linked,Log relative farm-gate price index (linked),-10,clean pre-pilot (placebo),-0.202705894066712,0.224864529005595,-0.611703994013512,0.206292205880088,0.3576,3,7,9,10,onion;sweet_potato;garlic,-0.202705894066713,-0.616418810028236,0.211007021894811,0.36397,7.21644966006352e-16,0.358
price,Leave out Red pepper,Leave out Red pepper,ln_real_linked,Log relative farm-gate price index (linked),-9,clean pre-pilot (placebo),-0.00372522843747181,0.215740106823007,-0.391854353313135,0.384403896438192,0.9871,3,7,9,10,onion;sweet_potato;garlic,-0.00372522843747199,-0.393736420558864,0.38628596368392,0.9864,1.84314369322536e-16,0.987
price,Leave out Red pepper,Leave out Red pepper,ln_real_linked,Log relative farm-gate price index (linked),-8,clean pre-pilot (placebo),-0.146333445344901,0.149919677484798,-0.417836150832744,0.125169260142942,0.3246,3,7,9,10,onion;sweet_potato;garlic,-0.146333445344901,-0.419210483650241,0.126543592960439,0.32672,2.77555756156289e-17,0.325
price,Leave out Red pepper,Leave out Red pepper,ln_real_linked,Log relative farm-gate price index (linked),-7,clean pre-pilot (placebo),-0.0886957076994919,0.0954611013307071,-0.259717618193306,0.0823262027943219,0.3579,3,7,9,10,onion;sweet_potato;garlic,-0.088695707699492,-0.260981373233572,0.083589957834588,0.36348,1.38777878078145e-16,0.358
price,Leave out Red pepper,Leave out Red pepper,ln_real_linked,Log relative farm-gate price index (linked),-6,clean pre-pilot (placebo),0.0433856110933926,0.113083411534475,-0.155439583865769,0.242210806052554,0.732,3,7,9,10,onion;sweet_potato;garlic,0.0433856110933923,-0.155207665348943,0.241978887535728,0.7281,2.63677968348475e-16,0.732
price,Leave out Red pepper,Leave out Red pepper,ln_real_linked,Log relative farm-gate price index (linked),-5,clean pre-pilot (placebo),-0.291972305961773,0.237911122634405,-0.680420420046262,0.0964758081227153,0.2412,2,7,9,10,onion;garlic,-0.291972305961774,-0.681317832732897,0.0973732208093498,0.24315,5.55111512312578e-16,0.241
price,Leave out Red pepper,Leave out Red pepper,ln_real_linked,Log relative farm-gate price index (linked),0,after nationwide availability,-0.232278062164232,0.0849109151515646,-0.389406163889224,-0.0751499604392396,0.0012,3,7,7,10,onion;sweet_potato;garlic,-0.232278062164232,-0.388717023979955,-0.0758391003485081,0.00195,4.44089209850063e-16,0.001
price,Leave out Red pepper,Leave out Red pepper,ln_real_linked,Log relative farm-gate price index (linked),1,after nationwide availability,-0.153655390049872,0.0926959429083918,-0.326066472530671,0.018755692430927,0.0841,3,7,7,10,onion;sweet_potato;garlic,-0.153655390049872,-0.323736266769357,0.0164254866696126,0.07877,1.94289029309402e-16,0.084
price,Leave out Red pepper,Leave out Red pepper,ln_real_linked,Log relative farm-gate price index (linked),2,after nationwide availability,-0.0288920260882756,0.12655097784757,-0.259136455290009,0.201352403113458,0.8107,3,7,7,10,onion;sweet_potato;garlic,-0.0288920260882756,-0.258798122735519,0.201014070558968,0.81838,3.46944695195361e-18,0.811
price,Leave out Red pepper,Leave out Red pepper,ln_real_linked,Log relative farm-gate price index (linked),3,after nationwide availability,0.133372663186319,0.162765463145087,-0.159806250747368,0.426551577120006,0.4194,3,7,7,10,onion;sweet_potato;garlic,0.133372663186319,-0.161264817708702,0.42801014408134,0.41719,1.66533453693773e-16,0.419
price,Leave out Red pepper,Leave out Red pepper,ln_real_linked,Log relative farm-gate price index (linked),4,after nationwide availability,0.090496248634763,0.110216297083362,-0.108181680658413,0.289174177927939,0.4247,3,6,7,10,onion;sweet_potato;garlic,0.0904962486347629,-0.108117840808883,0.289110338078408,0.41771,9.71445146547012e-17,0.425
price,Leave out Red pepper,Leave out Red pepper,ln_real_linked,Log relative farm-gate price index (linked),5,after nationwide availability,0.131395286803155,0.11169922550947,-0.0729483751813171,0.335738948787628,0.2264,3,6,6,9,onion;sweet_potato;garlic,0.131395286803155,-0.070608759629423,0.333399333235733,0.22506,4.16333634234434e-16,0.226
price,Leave out Red pepper,Leave out Red pepper,ln_real_linked,Log relative farm-gate price index (linked),6,after nationwide availability,-0.365762369160016,0.188880744929355,-0.713303028020504,-0.018221710299527,0.0354,3,5,6,9,onion;sweet_potato;garlic,-0.365762369160016,-0.711670120741556,-0.0198546175784757,0.03331,2.77555756156289e-16,0.035
price,Leave out Red pepper,Leave out Red pepper,ln_real_linked,Log relative farm-gate price index (linked),7,after nationwide availability,-0.44657560527237,0.276101372252551,-0.944325540001459,0.0511743294567195,0.0803,3,4,5,8,onion;sweet_potato;garlic,-0.44657560527237,-0.943728953302456,0.0505777427577164,0.08193,2.77555756156289e-16,0.080
price,Leave out Red pepper,Leave out Red pepper,ln_real_linked,Log relative farm-gate price index (linked),8,after nationwide availability,-0.177330231704033,0.102955752519193,-0.364907267209018,0.0102468038009527,0.0717,3,4,4,7,onion;sweet_potato;garlic,-0.177330231704033,-0.365395873647097,0.010735410239031,0.07085,3.33066907387547e-16,0.072
price,Leave out Red pepper,Leave out Red pepper,ln_real_linked,Log relative farm-gate price index (linked),9,after nationwide availability,-0.271499651852936,0.170903818379642,-0.582216770751876,0.0392174670460044,0.0952,3,4,4,7,onion;sweet_potato;garlic,-0.271499651852936,-0.579290468870337,0.036291165164465,0.0896,3.33066907387547e-16,0.095
price,Leave out Sweet potato,Leave out Sweet potato,ln_real_linked,Log relative farm-gate price index (linked),-12,clean pre-pilot (placebo),-0.113985484130255,0.190730269592784,-0.462056452362838,0.234085484102328,0.5404,3,7,9,10,onion;garlic;red_pepper,-0.113985484130255,-0.462444504821772,0.234473536561262,0.54161,1.38777878078145e-16,0.540
price,Leave out Sweet potato,Leave out Sweet potato,ln_real_linked,Log relative farm-gate price index (linked),-11,clean pre-pilot (placebo),-0.115498696386992,0.125115554554012,-0.343976781316819,0.112979388542835,0.3433,3,7,9,10,onion;garlic;red_pepper,-0.115498696386992,-0.345140455520046,0.114143062746062,0.34357,1.66533453693773e-16,0.343
price,Leave out Sweet potato,Leave out Sweet potato,ln_real_linked,Log relative farm-gate price index (linked),-10,clean pre-pilot (placebo),-0.144597453534395,0.162723116685409,-0.433526768122235,0.144331861053444,0.3913,3,7,9,10,onion;garlic;red_pepper,-0.144597453534395,-0.431213492248249,0.142018585179458,0.39046,1.66533453693773e-16,0.391
price,Leave out Sweet potato,Leave out Sweet potato,ln_real_linked,Log relative farm-gate price index (linked),-9,clean pre-pilot (placebo),0.0907676694138099,0.171665574535353,-0.212966955719238,0.394502294546858,0.6233,3,7,9,10,onion;garlic;red_pepper,0.09076766941381,-0.209899635933104,0.391434974760724,0.62277,1.2490009027033e-16,0.623
price,Leave out Sweet potato,Leave out Sweet potato,ln_real_linked,Log relative farm-gate price index (linked),-8,clean pre-pilot (placebo),-0.0707343688034705,0.148699733101104,-0.329620228866047,0.188151491259106,0.6642,2,7,8,9,onion;garlic,-0.0707343688034706,-0.330916079474769,0.189447341867828,0.65967,6.93889390390723e-17,0.664
price,Leave out Sweet potato,Leave out Sweet potato,ln_real_linked,Log relative farm-gate price index (linked),-7,clean pre-pilot (placebo),-0.13953289489731,0.121870042812591,-0.357830689312344,0.0787648995177233,0.2549,2,7,8,9,onion;garlic,-0.13953289489731,-0.357611553824663,0.0785457640300425,0.25161,3.88578058618805e-16,0.255
price,Leave out Sweet potato,Leave out Sweet potato,ln_real_linked,Log relative farm-gate price index (linked),-6,clean pre-pilot (placebo),0.0612480783705504,0.129485904716091,-0.164360893816266,0.286857050557367,0.6502,2,7,8,9,onion;garlic,0.0612480783705503,-0.162565929778745,0.285062086519845,0.66152,1.04083408558608e-16,0.650
price,Leave out Sweet potato,Leave out Sweet potato,ln_real_linked,Log relative farm-gate price index (linked),-5,clean pre-pilot (placebo),-0.294176023927587,0.233193437954222,-0.664303914813077,0.0759518669579038,0.1905,2,7,8,9,onion;garlic,-0.294176023927587,-0.666693828466976,0.0783417806118026,0.19533,4.9960036108132e-16,0.191
price,Leave out Sweet potato,Leave out Sweet potato,ln_real_linked,Log relative farm-gate price index (linked),0,after nationwide availability,-0.173174883570129,0.103990423783531,-0.363060524459749,0.0167107573194916,0.0789,3,7,7,10,onion;garlic;red_pepper,-0.173174883570128,-0.363573262550333,0.0172234954100765,0.07985,4.9960036108132e-16,0.079
price,Leave out Sweet potato,Leave out Sweet potato,ln_real_linked,Log relative farm-gate price index (linked),1,after nationwide availability,-0.226593915918151,0.101187162513078,-0.411454055779158,-0.0417337760571438,0.0136,3,7,7,10,onion;garlic;red_pepper,-0.226593915918151,-0.411643915219709,-0.0415439166165934,0.01303,8.32667268468867e-17,0.014
price,Leave out Sweet potato,Leave out Sweet potato,ln_real_linked,Log relative farm-gate price index (linked),2,after nationwide availability,0.0151649121186218,0.108851861393372,-0.176293425792249,0.206623250029493,0.9033,3,6,7,10,onion;garlic;red_pepper,0.015164912118622,-0.176428138928533,0.206757963165777,0.89973,1.6306400674182e-16,0.903
price,Leave out Sweet potato,Leave out Sweet potato,ln_real_linked,Log relative farm-gate price index (linked),3,after nationwide availability,0.229374818696707,0.131023177223517,-0.0126288985415331,0.471378535934946,0.0637,3,6,7,10,onion;garlic;red_pepper,0.229374818696707,-0.0109783097773005,0.469727947170714,0.06379,5.27355936696949e-16,0.064
price,Leave out Sweet potato,Leave out Sweet potato,ln_real_linked,Log relative farm-gate price index (linked),4,after nationwide availability,0.0989378197625989,0.155635475818659,-0.182009029005966,0.379884668531163,0.5303,3,5,7,10,onion;garlic;red_pepper,0.0989378197625989,-0.183371942906581,0.381247582431779,0.52883,1.38777878078145e-17,0.530
price,Leave out Sweet potato,Leave out Sweet potato,ln_real_linked,Log relative farm-gate price index (linked),5,after nationwide availability,0.0500586957062092,0.151482016711958,-0.225610019028931,0.32572741044135,0.7414,3,4,6,9,onion;garlic;red_pepper,0.0500586957062089,-0.225424558320932,0.32554194973335,0.73698,2.63677968348475e-16,0.741
price,Leave out Sweet potato,Leave out Sweet potato,ln_real_linked,Log relative farm-gate price index (linked),6,after nationwide availability,-0.286054756395319,0.167265497344564,-0.587970824582798,0.0158613117921593,0.0652,3,4,6,9,onion;garlic;red_pepper,-0.286054756395319,-0.589593149430849,0.0174836366402107,0.06766,2.22044604925031e-16,0.065
price,Leave out Sweet potato,Leave out Sweet potato,ln_real_linked,Log relative farm-gate price index (linked),7,after nationwide availability,-0.452947357044994,0.254554304166542,-0.90032135349151,-0.0055733605984794,0.0466,3,4,5,8,onion;garlic;red_pepper,-0.452947357044994,-0.901681325920474,-0.00421338816951439,0.04733,4.44089209850063e-16,0.047
price,Leave out Sweet potato,Leave out Sweet potato,ln_real_linked,Log relative farm-gate price index (linked),8,after nationwide availability,-0.142458820064802,0.14691917816918,-0.404599868051603,0.119682227922,0.3094,3,4,4,7,onion;garlic;red_pepper,-0.142458820064802,-0.406363874607013,0.12144623447741,0.31153,1.38777878078145e-16,0.309
price,Leave out Sweet potato,Leave out Sweet potato,ln_real_linked,Log relative farm-gate price index (linked),9,after nationwide availability,-0.143745070280236,0.141438409058332,-0.393758915957681,0.106268775397208,0.2925,3,4,4,7,onion;garlic;red_pepper,-0.143745070280236,-0.393203913784375,0.105713773223903,0.29233,3.05311331771918e-16,0.292
price,Link window 2005-2006,Link window 2005-2006,ln_real_linked,Log relative farm-gate price index (linked),-12,clean pre-pilot (placebo),-0.180864224968283,0.179328261514572,-0.509524001261565,0.147795551325,0.3014,4,7,10,11,onion;sweet_potato;garlic;red_pepper,-0.180864224968283,-0.512090020248818,0.150361570312253,0.30314,4.16333634234434e-16,0.301
price,Link window 2005-2006,Link window 2005-2006,ln_real_linked,Log relative farm-gate price index (linked),-11,clean pre-pilot (placebo),-0.186674291507044,0.146332708259566,-0.452701795504417,0.0793532124903295,0.1902,4,7,10,11,onion;sweet_potato;garlic;red_pepper,-0.186674291507044,-0.45234636070631,0.0789977776922226,0.19261,5.55111512312578e-17,0.190
price,Link window 2005-2006,Link window 2005-2006,ln_real_linked,Log relative farm-gate price index (linked),-10,clean pre-pilot (placebo),-0.161710006514191,0.154642183056386,-0.442364074226791,0.11894406119841,0.2923,4,7,10,11,onion;sweet_potato;garlic;red_pepper,-0.161710006514191,-0.445731755436106,0.122311742407724,0.2896,2.4980018054066e-16,0.292
price,Link window 2005-2006,Link window 2005-2006,ln_real_linked,Log relative farm-gate price index (linked),-9,clean pre-pilot (placebo),0.00157676509249971,0.153965810212103,-0.277504642692508,0.280658172877508,0.991,4,7,10,11,onion;sweet_potato;garlic;red_pepper,0.00157676509249966,-0.27889513286677,0.282048663051769,0.99221,5.00901403688303e-17,0.991
price,Link window 2005-2006,Link window 2005-2006,ln_real_linked,Log relative farm-gate price index (linked),-8,clean pre-pilot (placebo),-0.144056544077851,0.152146061477884,-0.422374134799946,0.134261046644245,0.3461,3,7,9,10,onion;sweet_potato;garlic,-0.144056544077851,-0.420387804560565,0.132274716404863,0.33905,4.16333634234434e-16,0.346
price,Link window 2005-2006,Link window 2005-2006,ln_real_linked,Log relative farm-gate price index (linked),-7,clean pre-pilot (placebo),-0.0886957076994919,0.096437458040541,-0.261782280575102,0.0843908651761179,0.3679,3,7,9,10,onion;sweet_potato;garlic,-0.088695707699492,-0.261922746140084,0.0845313307410996,0.36689,1.38777878078145e-16,0.368
price,Link window 2005-2006,Link window 2005-2006,ln_real_linked,Log relative farm-gate price index (linked),-6,clean pre-pilot (placebo),0.0433856110933926,0.112265862335786,-0.154216569855735,0.24098779204252,0.722,3,7,9,10,onion;sweet_potato;garlic,0.0433856110933923,-0.154510181953477,0.241281404140262,0.72408,2.63677968348475e-16,0.722
price,Link window 2005-2006,Link window 2005-2006,ln_real_linked,Log relative farm-gate price index (linked),-5,clean pre-pilot (placebo),-0.291972305961773,0.239431553807716,-0.683867811443215,0.0999231995196678,0.2406,2,7,9,10,onion;garlic,-0.291972305961774,-0.683290629102889,0.0993460171793414,0.24507,5.55111512312578e-16,0.241
price,Link window 2005-2006,Link window 2005-2006,ln_real_linked,Log relative farm-gate price index (linked),0,after nationwide availability,-0.171685355923177,0.0978920613499856,-0.353893883869512,0.0105231720231574,0.0665,4,7,7,11,onion;sweet_potato;garlic;red_pepper,-0.171685355923177,-0.353189128303679,0.00981841645732356,0.06497,4.9960036108132e-16,0.067
price,Link window 2005-2006,Link window 2005-2006,ln_real_linked,Log relative farm-gate price index (linked),1,after nationwide availability,-0.196588011729926,0.102234987620343,-0.387490498013699,-0.00568552544615333,0.0433,4,7,7,11,onion;sweet_potato;garlic;red_pepper,-0.196588011729926,-0.385404023007792,-0.00777200045206006,0.04073,2.22044604925031e-16,0.043
price,Link window 2005-2006,Link window 2005-2006,ln_real_linked,Log relative farm-gate price index (linked),2,after nationwide availability,0.0113439088793657,0.0996389986458437,-0.175081029849865,0.197768847608597,0.9085,4,6,7,11,onion;sweet_potato;garlic;red_pepper,0.0113439088793657,-0.173134266543235,0.195822084301966,0.90888,5.20417042793042e-18,0.908
price,Link window 2005-2006,Link window 2005-2006,ln_real_linked,Log relative farm-gate price index (linked),3,after nationwide availability,0.130329789859453,0.1398172235995,-0.12597364031332,0.386633220032226,0.3377,4,6,7,11,onion;sweet_potato;garlic;red_pepper,0.130329789859453,-0.127688263028987,0.388347842747893,0.3447,2.77555756156289e-17,0.338
price,Link window 2005-2006,Link window 2005-2006,ln_real_linked,Log relative farm-gate price index (linked),4,after nationwide availability,0.0444532440831546,0.121283493956425,-0.178623382166159,0.267529870332469,0.7122,4,5,7,11,onion;sweet_potato;garlic;red_pepper,0.0444532440831544,-0.179850812974668,0.268757301140977,0.71217,1.66533453693773e-16,0.712
price,Link window 2005-2006,Link window 2005-2006,ln_real_linked,Log relative farm-gate price index (linked),5,after nationwide availability,0.0620554940375343,0.132033651138825,-0.179272194197871,0.303383182272939,0.6443,4,4,6,10,onion;sweet_potato;garlic;red_pepper,0.0620554940375341,-0.179524916564671,0.303635904639739,0.63388,2.0122792321331e-16,0.644
price,Link window 2005-2006,Link window 2005-2006,ln_real_linked,Log relative farm-gate price index (linked),6,after nationwide availability,-0.300066887479106,0.172981950385787,-0.620786571196538,0.0206527962383254,0.0699,4,4,6,10,onion;sweet_potato;garlic;red_pepper,-0.300066887479107,-0.618325040265377,0.0181912653071645,0.06628,6.66133814775094e-16,0.070
price,Link window 2005-2006,Link window 2005-2006,ln_real_linked,Log relative farm-gate price index (linked),7,after nationwide availability,-0.36053344649148,0.236052881733204,-0.788050047010011,0.0669831540270501,0.1078,4,4,5,9,onion;sweet_potato;garlic;red_pepper,-0.36053344649148,-0.789696616537942,0.0686297235549809,0.10789,3.88578058618805e-16,0.108
price,Link window 2005-2006,Link window 2005-2006,ln_real_linked,Log relative farm-gate price index (linked),8,after nationwide availability,-0.149378573454334,0.119895305544874,-0.368465705504478,0.0697085585958111,0.202,4,4,4,8,onion;sweet_potato;garlic;red_pepper,-0.149378573454333,-0.367738033996928,0.0689808870882613,0.19742,4.9960036108132e-16,0.202
price,Link window 2005-2006,Link window 2005-2006,ln_real_linked,Log relative farm-gate price index (linked),9,after nationwide availability,-0.250550350764662,0.135768426028409,-0.496971265658383,-0.00412943587094075,0.0459,4,4,4,8,onion;sweet_potato;garlic;red_pepper,-0.250550350764662,-0.496970466879236,-0.00413023465008788,0.04592,5.55111512312578e-17,0.046
price,Link window 2010-2012,Link window 2010-2012,ln_real_linked,Log relative farm-gate price index (linked),-12,clean pre-pilot (placebo),-0.188283657214057,0.177921003937283,-0.517569982537031,0.141002668108916,0.2777,4,7,10,11,onion;sweet_potato;garlic;red_pepper,-0.188283657214058,-0.516892159383888,0.140324844955772,0.27724,4.9960036108132e-16,0.278
price,Link window 2010-2012,Link window 2010-2012,ln_real_linked,Log relative farm-gate price index (linked),-11,clean pre-pilot (placebo),-0.194093723752818,0.144574538354184,-0.456923915096098,0.068736467590461,0.1703,4,7,10,11,onion;sweet_potato;garlic;red_pepper,-0.194093723752819,-0.458202769346515,0.0700153218408774,0.16829,5.82867087928207e-16,0.170
price,Link window 2010-2012,Link window 2010-2012,ln_real_linked,Log relative farm-gate price index (linked),-10,clean pre-pilot (placebo),-0.165047855191186,0.154711606182922,-0.449940538017749,0.119844827635378,0.2858,4,7,10,11,onion;sweet_potato;garlic;red_pepper,-0.165047855191186,-0.448126265296834,0.118030554914462,0.2822,1.94289029309402e-16,0.286
price,Link window 2010-2012,Link window 2010-2012,ln_real_linked,Log relative farm-gate price index (linked),-9,clean pre-pilot (placebo),-0.00176108358449514,0.150164627112356,-0.272934270479805,0.269412103310815,0.9905,4,7,10,11,onion;sweet_potato;garlic;red_pepper,-0.0017610835844953,-0.274774517210763,0.271252350041773,0.9913,1.56558793706907e-16,0.991
price,Link window 2010-2012,Link window 2010-2012,ln_real_linked,Log relative farm-gate price index (linked),-8,clean pre-pilot (placebo),-0.150238662932015,0.150770269296306,-0.426414234530214,0.125936908666185,0.3178,3,7,9,10,onion;sweet_potato;garlic,-0.150238662932015,-0.424951392387846,0.124474066523816,0.31756,2.77555756156289e-16,0.318
price,Link window 2010-2012,Link window 2010-2012,ln_real_linked,Log relative farm-gate price index (linked),-7,clean pre-pilot (placebo),-0.0886957076994919,0.0967823021618881,-0.262384748594274,0.0849933331952899,0.3723,3,7,9,10,onion;sweet_potato;garlic,-0.088695707699492,-0.263615271457245,0.086223856058261,0.36959,1.38777878078145e-16,0.372
price,Link window 2010-2012,Link window 2010-2012,ln_real_linked,Log relative farm-gate price index (linked),-6,clean pre-pilot (placebo),0.0433856110933926,0.112021844949951,-0.15553827504887,0.242309497235655,0.7229,3,7,9,10,onion;sweet_potato;garlic,0.0433856110933923,-0.153683355295869,0.240454577482654,0.72157,2.63677968348475e-16,0.723
price,Link window 2010-2012,Link window 2010-2012,ln_real_linked,Log relative farm-gate price index (linked),-5,clean pre-pilot (placebo),-0.291972305961773,0.239873003780517,-0.685899672940286,0.101955061016739,0.2491,2,7,9,10,onion;garlic,-0.291972305961774,-0.684185404662329,0.100240792738782,0.24962,5.55111512312578e-16,0.249
price,Link window 2010-2012,Link window 2010-2012,ln_real_linked,Log relative farm-gate price index (linked),0,after nationwide availability,-0.171685355923177,0.0980458644478961,-0.354726780933659,0.0113560690873044,0.066,4,7,7,11,onion;sweet_potato;garlic;red_pepper,-0.171685355923177,-0.352901059100277,0.00953034725392163,0.06529,4.9960036108132e-16,0.066
price,Link window 2010-2012,Link window 2010-2012,ln_real_linked,Log relative farm-gate price index (linked),1,after nationwide availability,-0.196588011729926,0.102136692397032,-0.385837720736442,-0.0073383027234103,0.0402,4,7,7,11,onion;sweet_potato;garlic;red_pepper,-0.196588011729926,-0.38593159600589,-0.00724442745396212,0.04115,2.22044604925031e-16,0.040
price,Link window 2010-2012,Link window 2010-2012,ln_real_linked,Log relative farm-gate price index (linked),2,after nationwide availability,0.0113439088793657,0.0998404790753673,-0.174022457345787,0.196710275104519,0.9115,4,6,7,11,onion;sweet_potato;garlic;red_pepper,0.0113439088793657,-0.172293805946661,0.194981623705393,0.90833,5.20417042793042e-18,0.911
price,Link window 2010-2012,Link window 2010-2012,ln_real_linked,Log relative farm-gate price index (linked),3,after nationwide availability,0.130329789859453,0.13993326841961,-0.128531803730722,0.389191383449628,0.3549,4,6,7,11,onion;sweet_potato;garlic;red_pepper,0.130329789859453,-0.12687510314813,0.387534682867036,0.34447,2.77555756156289e-17,0.355
price,Link window 2010-2012,Link window 2010-2012,ln_real_linked,Log relative farm-gate price index (linked),4,after nationwide availability,0.0444532440831546,0.120802818609438,-0.178912602026337,0.267819090192647,0.7169,4,5,7,11,onion;sweet_potato;garlic;red_pepper,0.0444532440831544,-0.178048379953087,0.266954868119396,0.71003,1.66533453693773e-16,0.717
price,Link window 2010-2012,Link window 2010-2012,ln_real_linked,Log relative farm-gate price index (linked),5,after nationwide availability,0.0620554940375343,0.131743562495963,-0.178897185718905,0.303008173793974,0.6272,4,4,6,10,onion;sweet_potato;garlic;red_pepper,0.0620554940375341,-0.178927721077012,0.30303870915208,0.63131,2.0122792321331e-16,0.627
price,Link window 2010-2012,Link window 2010-2012,ln_real_linked,Log relative farm-gate price index (linked),6,after nationwide availability,-0.300066887479106,0.172518277379852,-0.618554769490223,0.0184209945320107,0.0667,4,4,6,10,onion;sweet_potato;garlic;red_pepper,-0.300066887479107,-0.617879197371564,0.0177454224133512,0.06543,6.66133814775094e-16,0.067
price,Link window 2010-2012,Link window 2010-2012,ln_real_linked,Log relative farm-gate price index (linked),7,after nationwide availability,-0.36053344649148,0.235662640022373,-0.790177444637614,0.0691105516546529,0.1093,4,4,5,9,onion;sweet_potato;garlic;red_pepper,-0.36053344649148,-0.786760032804474,0.0656931398215129,0.10389,3.88578058618805e-16,0.109
price,Link window 2010-2012,Link window 2010-2012,ln_real_linked,Log relative farm-gate price index (linked),8,after nationwide availability,-0.149378573454334,0.119828962371387,-0.370335204539092,0.0715780576304253,0.1955,4,4,4,8,onion;sweet_potato;garlic;red_pepper,-0.149378573454333,-0.365869686997734,0.067112540089067,0.19445,4.9960036108132e-16,0.196
price,Link window 2010-2012,Link window 2010-2012,ln_real_linked,Log relative farm-gate price index (linked),9,after nationwide availability,-0.250550350764662,0.135759826167301,-0.497557333922417,-0.00354336760690704,0.0459,4,4,4,8,onion;sweet_potato;garlic;red_pepper,-0.250550350764662,-0.495651082798646,-0.00544961873067754,0.04473,5.55111512312578e-17,0.046
price,New series only 2005-2024 (6 exact crops),New series only 2005-2024 (6 exact crops),ln_real_new,Log relative farm-gate price index (2005-2024 series),-10,clean pre-pilot (placebo),-0.0870508115984064,0.117000515365568,-0.2989790463573,0.124877423160488,0.4772,1,12,12,13,red_pepper,-0.0870508115984065,-0.298568412143821,0.124466788947008,0.47866,5.55111512312578e-17,0.477
price,New series only 2005-2024 (6 exact crops),New series only 2005-2024 (6 exact crops),ln_real_new,Log relative farm-gate price index (2005-2024 series),-9,clean pre-pilot (placebo),0.0112155884528863,0.064278151738044,-0.100142091412667,0.12257326831844,0.8818,1,12,12,13,red_pepper,0.0112155884528863,-0.102016267586417,0.124447444492189,0.88461,1.73472347597681e-17,0.882
price,New series only 2005-2024 (6 exact crops),New series only 2005-2024 (6 exact crops),ln_real_new,Log relative farm-gate price index (2005-2024 series),-8,clean pre-pilot (placebo),-0.185737931766927,0.141856370731916,-0.440878723308463,0.0694028597746095,0.1925,3,7,10,11,sweet_potato;corn;garlic,-0.185737931766927,-0.440498132046797,0.0690222685129425,0.18759,0,0.193
price,New series only 2005-2024 (6 exact crops),New series only 2005-2024 (6 exact crops),ln_real_new,Log relative farm-gate price index (2005-2024 series),-7,clean pre-pilot (placebo),0.0433597006667661,0.112975251417553,-0.148633496069631,0.235352897403163,0.7597,5,7,12,13,soybean;onion;sweet_potato;corn;garlic,0.0433597006667662,-0.149618789671576,0.236338191005109,0.76761,9.71445146547012e-17,0.760
price,New series only 2005-2024 (6 exact crops),New series only 2005-2024 (6 exact crops),ln_real_new,Log relative farm-gate price index (2005-2024 series),-6,clean pre-pilot (placebo),0.0260313906079426,0.0661083962244129,-0.0907652620397529,0.142828043255638,0.7038,5,7,12,13,soybean;onion;sweet_potato;corn;garlic,0.0260313906079427,-0.0906848150881517,0.142747596304037,0.70583,5.89805981832114e-17,0.704
price,New series only 2005-2024 (6 exact crops),New series only 2005-2024 (6 exact crops),ln_real_new,Log relative farm-gate price index (2005-2024 series),-5,clean pre-pilot (placebo),-0.289354504303191,0.221736285672641,-0.652752167747805,0.0740431591414217,0.1886,2,7,10,11,onion;garlic,-0.289354504303192,-0.650293204306493,0.0715841957001099,0.18688,6.10622663543836e-16,0.189
price,New series only 2005-2024 (6 exact crops),New series only 2005-2024 (6 exact crops),ln_real_new,Log relative farm-gate price index (2005-2024 series),0,after nationwide availability,-0.122637028602585,0.129376761253249,-0.359963321392818,0.114689264187647,0.3411,6,7,7,13,soybean;onion;sweet_potato;corn;garlic;red_pepper,-0.122637028602585,-0.361940242987397,0.116666185782226,0.34407,2.4980018054066e-16,0.341
price,New series only 2005-2024 (6 exact crops),New series only 2005-2024 (6 exact crops),ln_real_new,Log relative farm-gate price index (2005-2024 series),1,after nationwide availability,-0.141858903745085,0.143037136824299,-0.40539755258593,0.12167974509576,0.3116,6,7,7,13,soybean;onion;sweet_potato;corn;garlic;red_pepper,-0.141858903745085,-0.408205619478505,0.124487811988335,0.31992,1.38777878078145e-16,0.312
price,New series only 2005-2024 (6 exact crops),New series only 2005-2024 (6 exact crops),ln_real_new,Log relative farm-gate price index (2005-2024 series),2,after nationwide availability,-0.0709823328755594,0.155292750951662,-0.361798714648459,0.21983404889734,0.6516,6,6,7,13,soybean;onion;sweet_potato;corn;garlic;red_pepper,-0.0709823328755592,-0.357532892928611,0.215568227177493,0.65694,1.52655665885959e-16,0.652
price,New series only 2005-2024 (6 exact crops),New series only 2005-2024 (6 exact crops),ln_real_new,Log relative farm-gate price index (2005-2024 series),3,after nationwide availability,-0.0200392027468936,0.196659859278318,-0.378376365703608,0.338297960209821,0.9232,6,6,7,13,soybean;onion;sweet_potato;corn;garlic;red_pepper,-0.0200392027468936,-0.379055171575116,0.338976766081328,0.92559,6.93889390390723e-18,0.923
price,New series only 2005-2024 (6 exact crops),New series only 2005-2024 (6 exact crops),ln_real_new,Log relative farm-gate price index (2005-2024 series),4,after nationwide availability,-0.0416171435729675,0.150495568686103,-0.316992815186157,0.233758528040222,0.7848,6,5,7,13,soybean;onion;sweet_potato;corn;garlic;red_pepper,-0.0416171435729675,-0.317756034203372,0.234521747057437,0.79042,5.55111512312578e-17,0.785
price,New series only 2005-2024 (6 exact crops),New series only 2005-2024 (6 exact crops),ln_real_new,Log relative farm-gate price index (2005-2024 series),5,after nationwide availability,-0.0392875608447515,0.182172191095184,-0.369986431548859,0.291411309859356,0.8356,6,4,6,12,soybean;onion;sweet_potato;corn;garlic;red_pepper,-0.0392875608447516,-0.372657048065823,0.29408192637632,0.83842,9.71445146547012e-17,0.836
price,New series only 2005-2024 (6 exact crops),New series only 2005-2024 (6 exact crops),ln_real_new,Log relative farm-gate price index (2005-2024 series),6,after nationwide availability,-0.320819896700956,0.219405625867647,-0.734218402432685,0.0925786090307733,0.1347,6,4,6,12,soybean;onion;sweet_potato;corn;garlic;red_pepper,-0.320819896700956,-0.728962207795841,0.0873224143939291,0.13428,0,0.135
price,New series only 2005-2024 (6 exact crops),New series only 2005-2024 (6 exact crops),ln_real_new,Log relative farm-gate price index (2005-2024 series),7,after nationwide availability,-0.355127967513322,0.227090191131509,-0.780301252478967,0.0700453174523229,0.1041,6,4,5,11,soybean;onion;sweet_potato;corn;garlic;red_pepper,-0.355127967513322,-0.776581366065158,0.0663254310385138,0.10427,0,0.104
price,New series only 2005-2024 (6 exact crops),New series only 2005-2024 (6 exact crops),ln_real_new,Log relative farm-gate price index (2005-2024 series),8,after nationwide availability,-0.249206429996407,0.179128908953833,-0.576526227845898,0.0781133678530841,0.1507,6,4,4,10,soybean;onion;sweet_potato;corn;garlic;red_pepper,-0.249206429996407,-0.576207116511683,0.077794256518869,0.14972,8.32667268468867e-17,0.151
price,New series only 2005-2024 (6 exact crops),New series only 2005-2024 (6 exact crops),ln_real_new,Log relative farm-gate price index (2005-2024 series),9,after nationwide availability,-0.296752554677068,0.176609385272152,-0.626107837711123,0.0326027283569872,0.0799,6,4,4,10,soybean;onion;sweet_potato;corn;garlic;red_pepper,-0.296752554677068,-0.620973685111404,0.0274685757572681,0.07715,1.11022302462516e-16,0.080
price,New series only 2005-2024 (main 4 crops),New series only 2005-2024 (main 4 crops),ln_real_new,Log relative farm-gate price index (2005-2024 series),-10,clean pre-pilot (placebo),-0.0435880834621014,0.0955305447394934,-0.215251297900547,0.128075130976344,0.6529,1,10,10,11,red_pepper,-0.0435880834621013,-0.216744919379217,0.129568752455015,0.659,1.11022302462516e-16,0.653
price,New series only 2005-2024 (main 4 crops),New series only 2005-2024 (main 4 crops),ln_real_new,Log relative farm-gate price index (2005-2024 series),-9,clean pre-pilot (placebo),0.0126170060769394,0.0775531806007796,-0.121788168748321,0.1470221809022,0.8883,1,10,10,11,red_pepper,0.0126170060769396,-0.122758832922671,0.147992845076551,0.89143,2.15105711021124e-16,0.888
price,New series only 2005-2024 (main 4 crops),New series only 2005-2024 (main 4 crops),ln_real_new,Log relative farm-gate price index (2005-2024 series),-8,clean pre-pilot (placebo),-0.290646685913756,0.197617682139634,-0.631987221891717,0.0506938500642052,0.1283,2,7,9,10,sweet_potato;garlic,-0.290646685913755,-0.630784717790034,0.0494913459625232,0.12403,7.21644966006352e-16,0.128
price,New series only 2005-2024 (main 4 crops),New series only 2005-2024 (main 4 crops),ln_real_new,Log relative farm-gate price index (2005-2024 series),-7,clean pre-pilot (placebo),-0.0886957076994919,0.0858361952135178,-0.248141278963967,0.070749863564983,0.2988,3,7,9,10,onion;sweet_potato;garlic,-0.088695707699492,-0.247676701210991,0.0702852858120067,0.29696,1.38777878078145e-16,0.299
price,New series only 2005-2024 (main 4 crops),New series only 2005-2024 (main 4 crops),ln_real_new,Log relative farm-gate price index (2005-2024 series),-6,clean pre-pilot (placebo),0.0433856110933926,0.108595859207909,-0.142798434277656,0.229569656464441,0.708,3,7,9,10,onion;sweet_potato;garlic,0.0433856110933923,-0.1434545954972,0.230225817683984,0.71379,2.63677968348475e-16,0.708
price,New series only 2005-2024 (main 4 crops),New series only 2005-2024 (main 4 crops),ln_real_new,Log relative farm-gate price index (2005-2024 series),-5,clean pre-pilot (placebo),-0.291972305961773,0.229326731385544,-0.665315681445355,0.0813710695218086,0.208,2,7,9,10,onion;garlic,-0.291972305961774,-0.661998998504566,0.0780543865810186,0.20076,5.55111512312578e-16,0.208
price,New series only 2005-2024 (main 4 crops),New series only 2005-2024 (main 4 crops),ln_real_new,Log relative farm-gate price index (2005-2024 series),0,after nationwide availability,-0.171685355923177,0.0929506862354221,-0.344641263390233,0.00127055154387801,0.0515,4,7,7,11,onion;sweet_potato;garlic;red_pepper,-0.171685355923177,-0.342803173377811,-0.000567538468544154,0.04922,4.9960036108132e-16,0.051
price,New series only 2005-2024 (main 4 crops),New series only 2005-2024 (main 4 crops),ln_real_new,Log relative farm-gate price index (2005-2024 series),1,after nationwide availability,-0.196588011729926,0.100822747961596,-0.382909368640527,-0.0102666548193257,0.0372,4,7,7,11,onion;sweet_potato;garlic;red_pepper,-0.196588011729926,-0.383433698835336,-0.00974232462451646,0.03832,2.22044604925031e-16,0.037
price,New series only 2005-2024 (main 4 crops),New series only 2005-2024 (main 4 crops),ln_real_new,Log relative farm-gate price index (2005-2024 series),2,after nationwide availability,0.0113439088793657,0.107425619372607,-0.184447141499369,0.2071349592581,0.9135,4,6,7,11,onion;sweet_potato;garlic;red_pepper,0.0113439088793657,-0.186439336732191,0.209127154490922,0.9132,5.20417042793042e-18,0.913
price,New series only 2005-2024 (main 4 crops),New series only 2005-2024 (main 4 crops),ln_real_new,Log relative farm-gate price index (2005-2024 series),3,after nationwide availability,0.130329789859453,0.145963824666513,-0.142635623790109,0.403295203509015,0.3698,4,6,7,11,onion;sweet_potato;garlic;red_pepper,0.130329789859453,-0.139710074178764,0.40036965389767,0.36774,2.77555756156289e-17,0.370
price,New series only 2005-2024 (main 4 crops),New series only 2005-2024 (main 4 crops),ln_real_new,Log relative farm-gate price index (2005-2024 series),4,after nationwide availability,0.0444532440831546,0.12140943458198,-0.178392485467016,0.267298973633325,0.7168,4,5,7,11,onion;sweet_potato;garlic;red_pepper,0.0444532440831544,-0.178829096047974,0.267735584214283,0.71834,1.66533453693773e-16,0.717
price,New series only 2005-2024 (main 4 crops),New series only 2005-2024 (main 4 crops),ln_real_new,Log relative farm-gate price index (2005-2024 series),5,after nationwide availability,0.0620554940375343,0.129426763877365,-0.177233072792326,0.301344060867395,0.6362,4,4,6,10,onion;sweet_potato;garlic;red_pepper,0.0620554940375341,-0.175498504216135,0.299609492291204,0.62715,2.0122792321331e-16,0.636
price,New series only 2005-2024 (main 4 crops),New series only 2005-2024 (main 4 crops),ln_real_new,Log relative farm-gate price index (2005-2024 series),6,after nationwide availability,-0.300066887479106,0.162003626854689,-0.595931132835752,-0.00420264212246047,0.0456,4,4,6,10,onion;sweet_potato;garlic;red_pepper,-0.300066887479107,-0.593655212049288,-0.00647856290892551,0.04419,6.66133814775094e-16,0.046
price,New series only 2005-2024 (main 4 crops),New series only 2005-2024 (main 4 crops),ln_real_new,Log relative farm-gate price index (2005-2024 series),7,after nationwide availability,-0.36053344649148,0.226354084499558,-0.76581900696055,0.0447521139775891,0.0858,4,4,5,9,onion;sweet_potato;garlic;red_pepper,-0.36053344649148,-0.772728115450257,0.0516612224672965,0.09144,3.88578058618805e-16,0.086
price,New series only 2005-2024 (main 4 crops),New series only 2005-2024 (main 4 crops),ln_real_new,Log relative farm-gate price index (2005-2024 series),8,after nationwide availability,-0.149378573454334,0.118387188245499,-0.362807038293964,0.0640498913852968,0.1835,4,4,4,8,onion;sweet_potato;garlic;red_pepper,-0.149378573454333,-0.363533286906299,0.0647761399976322,0.18467,4.9960036108132e-16,0.183
price,New series only 2005-2024 (main 4 crops),New series only 2005-2024 (main 4 crops),ln_real_new,Log relative farm-gate price index (2005-2024 series),9,after nationwide availability,-0.250550350764662,0.140158467055409,-0.506244629842964,0.00514392831363991,0.056,4,4,4,8,onion;sweet_potato;garlic;red_pepper,-0.250550350764662,-0.504755059950206,0.00365435842088196,0.05484,5.55111512312578e-17,0.056
price,Strict sample (both linking rules),Strict sample (both linking rules),ln_real_linked,Log relative farm-gate price index (linked),-12,clean pre-pilot (placebo),-0.243677149829949,0.200032257239642,-0.59831685256475,0.110962552904852,0.2191,2,5,6,7,sweet_potato;garlic,-0.243677149829948,-0.59548205977222,0.108127760112323,0.22123,7.49400541621981e-16,0.219
price,Strict sample (both linking rules),Strict sample (both linking rules),ln_real_linked,Log relative farm-gate price index (linked),-11,clean pre-pilot (placebo),-0.31644588810933,0.270879781038401,-0.793085679423005,0.160193903204344,0.2326,2,5,6,7,sweet_potato;garlic,-0.31644588810933,-0.789999797011634,0.157108020792973,0.23504,3.33066907387547e-16,0.233
price,Strict sample (both linking rules),Strict sample (both linking rules),ln_real_linked,Log relative farm-gate price index (linked),-10,clean pre-pilot (placebo),-0.313562748884219,0.329572954939769,-0.883341927133328,0.25621642936489,0.359,2,5,6,7,sweet_potato;garlic,-0.313562748884219,-0.878984178949001,0.251858681180563,0.35154,5.55111512312578e-17,0.359
price,Strict sample (both linking rules),Strict sample (both linking rules),ln_real_linked,Log relative farm-gate price index (linked),-9,clean pre-pilot (placebo),-0.24343865744344,0.225328214431181,-0.649170773630828,0.162293458743948,0.255,2,5,6,7,sweet_potato;garlic,-0.243438657443439,-0.645708111798799,0.15883079691192,0.25435,7.7715611723761e-16,0.255
price,Strict sample (both linking rules),Strict sample (both linking rules),ln_real_linked,Log relative farm-gate price index (linked),-8,clean pre-pilot (placebo),-0.279743390756479,0.209970645852232,-0.642342589551761,0.0828558080388031,0.1837,2,5,6,7,sweet_potato;garlic,-0.279743390756479,-0.640550248825866,0.0810634673129078,0.18642,5.55111512312578e-17,0.184
price,Strict sample (both linking rules),Strict sample (both linking rules),ln_real_linked,Log relative farm-gate price index (linked),-7,clean pre-pilot (placebo),-0.082711235843467,0.160152844317294,-0.343185392119334,0.1777629204324,0.676,2,5,6,7,sweet_potato;garlic,-0.0827112358434666,-0.341252762528173,0.17583029084124,0.67692,4.16333634234434e-16,0.676
price,Strict sample (both linking rules),Strict sample (both linking rules),ln_real_linked,Log relative farm-gate price index (linked),-6,clean pre-pilot (placebo),-0.152193300147705,0.174489569950308,-0.437567359613795,0.133180759318384,0.4273,2,5,6,7,sweet_potato;garlic,-0.152193300147705,-0.436565967004459,0.132179366709049,0.42222,3.33066907387547e-16,0.427
price,Strict sample (both linking rules),Strict sample (both linking rules),ln_real_linked,Log relative farm-gate price index (linked),-5,clean pre-pilot (placebo),-0.292842220571748,0.352723644329532,-0.789189502010441,0.203505060866944,0.53,1,5,5,6,garlic,-0.292842220571748,-0.787973377312368,0.202288936168872,0.52273,2.22044604925031e-16,0.530
price,Strict sample (both linking rules),Strict sample (both linking rules),ln_real_linked,Log relative farm-gate price index (linked),0,after nationwide availability,-0.213375628938484,0.149965148346999,-0.484614287142936,0.0578630292659678,0.1304,2,5,5,7,sweet_potato;garlic,-0.213375628938484,-0.480214852542132,0.0534635946651645,0.13012,5.55111512312578e-17,0.130
price,Strict sample (both linking rules),Strict sample (both linking rules),ln_real_linked,Log relative farm-gate price index (linked),1,after nationwide availability,-0.133888888634107,0.142747776682644,-0.398294655583375,0.13051687831516,0.3445,2,5,5,7,sweet_potato;garlic,-0.133888888634107,-0.398223871443614,0.130446094175399,0.34018,4.16333634234434e-16,0.344
price,Strict sample (both linking rules),Strict sample (both linking rules),ln_real_linked,Log relative farm-gate price index (linked),2,after nationwide availability,0.131033388611403,0.0969073112306868,-0.0281881390176747,0.290254916240481,0.1778,2,5,5,7,sweet_potato;garlic,0.131033388611403,-0.0284400217950696,0.290506799017876,0.17986,1.11022302462516e-16,0.178
price,Strict sample (both linking rules),Strict sample (both linking rules),ln_real_linked,Log relative farm-gate price index (linked),3,after nationwide availability,0.197112160531045,0.186059402384757,-0.116758263094524,0.510982584156615,0.321,2,5,5,7,sweet_potato;garlic,0.197112160531045,-0.117637385224453,0.511861706286544,0.31649,1.94289029309402e-16,0.321
price,Strict sample (both linking rules),Strict sample (both linking rules),ln_real_linked,Log relative farm-gate price index (linked),4,after nationwide availability,0.0840241232188013,0.174886812089753,-0.219728880105029,0.387777126542631,0.6326,2,4,4,6,sweet_potato;garlic,0.0840241232188013,-0.218208668159177,0.386256914596779,0.62951,4.16333634234434e-17,0.633
price,Strict sample (both linking rules),Strict sample (both linking rules),ln_real_linked,Log relative farm-gate price index (linked),5,after nationwide availability,0.209252967349281,0.150351327802842,-0.0308328112299377,0.4493387459285,0.1268,2,4,4,6,sweet_potato;garlic,0.209252967349281,-0.0319078646703891,0.450413799368951,0.12402,3.33066907387547e-16,0.127
price,Strict sample (both linking rules),Strict sample (both linking rules),ln_real_linked,Log relative farm-gate price index (linked),6,after nationwide availability,-0.191247438670594,0.190820782908093,-0.529619518192066,0.147124640850877,0.2936,2,4,4,6,sweet_potato;garlic,-0.191247438670594,-0.528447736385944,0.145952859044755,0.2889,4.71844785465692e-16,0.294
price,Strict sample (both linking rules),Strict sample (both linking rules),ln_real_linked,Log relative farm-gate price index (linked),7,after nationwide availability,-0.144510201346759,0.275745154731747,-0.602755613370174,0.313735210676657,0.6007,2,3,3,5,sweet_potato;garlic,-0.144510201346759,-0.601154788869021,0.312134386175503,0.59978,1.38777878078145e-16,0.601
price,Strict sample (both linking rules),Strict sample (both linking rules),ln_real_linked,Log relative farm-gate price index (linked),8,after nationwide availability,-0.169513084221505,0.154658069267299,-0.442210075167923,0.103183906724912,0.2257,2,3,3,5,sweet_potato;garlic,-0.169513084221505,-0.440796788945904,0.101770620502893,0.2249,4.71844785465692e-16,0.226
price,Strict sample (both linking rules),Strict sample (both linking rules),ln_real_linked,Log relative farm-gate price index (linked),9,after nationwide availability,-0.283244642840686,0.215505706708097,-0.65233175235984,0.0858424666784689,0.1564,2,3,3,5,sweet_potato;garlic,-0.283244642840686,-0.650335651353876,0.0838463656725046,0.15216,2.77555756156289e-16,0.156
