crop_id,crop_en_display,crop_ko_official,crop_form,crop_group,perennial,role,year,source_file,table_id,kosis_production_label_original,kosis_price_label_original,apfs_label_original,insurance_product_variant,area_ha,yield_kg10a,production_t,total_orchard_area_ha,bearing_area_ha,yield_per_bearing_area_kg10a,prod_per_total_orchard_kg10a,ln_area,ln_yield,ln_production,ln_total_orchard_area,ln_area_harmonized,ln_bearing_area,ln_yield_per_bearing_area,identity_gap,pilot_year,national_year,national_year_alt_table,fullscale_year,timing_confidence,clean_pre,transition,national_treatment,event_time,event_time_pilot,treatment_cohort,price_unit,old_price_index,new_price_index,link_factor,link_period,linked_price_index,relative_price_index,ln_rel_price_linked,ln_rel_price_new,ln_rel_price_old,price_definition_match,linkable_quarterly_rule,linkable_annual_rule,price_sample_main,price_sample_strict
apple,Apple,사과,total,fruit,1,baseline_treated,1980,01_fruit_total.xls; 02_fruit_bearing.xlsx,DT_1ET0292,사과,DT_1J49: 사과(후지) | DT_1J60: 사과,사과,적과전종합 (2024 records: 적과전종합Ⅱ),"","",410046.5,46132.1,"","",888.8528811825172,"","",12.924025846883683,10.739264299036188,10.739264299036188,"","","",2001,2003,2001,2003,medium,1,0,0,-23,-21,2003,apple,64.75,"",0.6813075954565384,2005Q1-2012Q4,44.11466680581086,199.30825482447068,5.294852645450168,"",5.678594038239061,incompatible,FALSE,FALSE,FALSE,FALSE
apple,Apple,사과,total,fruit,1,baseline_treated,1981,01_fruit_total.xls; 02_fruit_bearing.xlsx,DT_1ET0292,사과,DT_1J49: 사과(후지) | DT_1J60: 사과,사과,적과전종합 (2024 records: 적과전종합Ⅱ),"","",523145,46685,"","",1120.584770268823,"","",13.167613951275229,10.751178192918026,10.751178192918026,"","","",2001,2003,2001,2003,medium,1,0,0,-22,-20,2003,apple,75.97500000000001,"",0.6813075954565384,2005Q1-2012Q4,51.762344564810505,177.07011023305,5.176545757157323,"",5.560287149946217,incompatible,FALSE,FALSE,FALSE,FALSE
apple,Apple,사과,total,fruit,1,baseline_treated,1982,01_fruit_total.xls; 02_fruit_bearing.xlsx,DT_1ET0292,사과,DT_1J49: 사과(후지) | DT_1J60: 사과,사과,적과전종합 (2024 records: 적과전종합Ⅱ),"","",527141,42740,"","",1233.3668694431444,"","",13.17522334391996,10.662890528873138,10.662890528873138,"","","",2001,2003,2001,2003,medium,1,0,0,-21,-19,2003,apple,61.575,"",0.6813075954565384,2005Q1-2012Q4,41.95151519023636,135.93916080205966,4.912207438602834,"",5.295948831391727,incompatible,FALSE,FALSE,FALSE,FALSE
apple,Apple,사과,total,fruit,1,baseline_treated,1983,01_fruit_total.xls; 02_fruit_bearing.xlsx,DT_1ET0292,사과,DT_1J49: 사과(후지) | DT_1J60: 사과,사과,적과전종합 (2024 records: 적과전종합Ⅱ),"","",586023,41297,"","",1419.0449669467516,"","",13.28111431693568,10.628545137085586,10.628545137085586,"","","",2001,2003,2001,2003,medium,1,0,0,-20,-18,2003,apple,60.725,"",0.6813075954565384,2005Q1-2012Q4,41.37240373409829,129.7976828763927,4.865976952619068,"",5.249718345407962,incompatible,FALSE,FALSE,FALSE,FALSE
apple,Apple,사과,total,fruit,1,baseline_treated,1984,01_fruit_total.xls; 02_fruit_bearing.xlsx,DT_1ET0292,사과,DT_1J49: 사과(후지) | DT_1J60: 사과,사과,적과전종합 (2024 records: 적과전종합Ⅱ),"","",528175,39189,"","",1347.7634029957385,"","",13.177182947168436,10.576151374154673,10.576151374154673,"","","",2001,2003,2001,2003,medium,1,0,0,-19,-17,2003,apple,52.775,"",0.6813075954565384,2005Q1-2012Q4,35.95600835021881,115.5772372572014,4.749939027309268,"",5.133680420098162,incompatible,FALSE,FALSE,FALSE,FALSE
apple,Apple,사과,total,fruit,1,baseline_treated,1985,01_fruit_total.xls; 02_fruit_bearing.xlsx,DT_1ET0292,사과,DT_1J49: 사과(후지) | DT_1J60: 사과,사과,적과전종합 (2024 records: 적과전종합Ⅱ),"","",532571,37698,"","",1412.7301183086636,"","",13.185471501010952,10.537362321631004,10.537362321631004,"","","",2001,2003,2001,2003,medium,1,0,0,-18,-16,2003,apple,71.625,"",0.6813075954565384,2005Q1-2012Q4,48.79865652457456,150.82680601109507,5.016132198470915,"",5.3998735912598095,incompatible,FALSE,FALSE,FALSE,FALSE
apple,Apple,사과,total,fruit,1,baseline_treated,1986,01_fruit_total.xls; 02_fruit_bearing.xlsx,DT_1ET0292,사과,DT_1J49: 사과(후지) | DT_1J60: 사과,사과,적과전종합 (2024 records: 적과전종합Ⅱ),"","",537737,36443,"","",1475.556348269901,"","",13.195124872035343,10.503504675098268,10.503504675098268,"","","",2001,2003,2001,2003,medium,1,0,0,-17,-15,2003,apple,59.400000000000006,"",0.6813075954565384,2005Q1-2012Q4,40.46967117011838,130.48052794099573,4.871224004449543,"",5.254965397238437,incompatible,FALSE,FALSE,FALSE,FALSE
apple,Apple,사과,total,fruit,1,baseline_treated,1987,01_fruit_total.xls; 02_fruit_bearing.xlsx,DT_1ET0292,사과,DT_1J49: 사과(후지) | DT_1J60: 사과,사과,적과전종합 (2024 records: 적과전종합Ⅱ),"","",556160,38976,"","",1426.9293924466338,"","",13.22881130161911,10.57070135106957,10.57070135106957,"","","",2001,2003,2001,2003,medium,1,0,0,-16,-14,2003,apple,82.42500000000001,"",0.6813075954565384,2005Q1-2012Q4,56.156778555505184,175.9426509654358,5.170158095151256,"",5.553899487940149,incompatible,FALSE,FALSE,FALSE,FALSE
apple,Apple,사과,total,fruit,1,baseline_treated,1988,01_fruit_total.xls; 02_fruit_bearing.xlsx,DT_1ET0292,사과,DT_1J49: 사과(후지) | DT_1J60: 사과,사과,적과전종합 (2024 records: 적과전종합Ⅱ),"","",640333,43190,"","",1482.595508219495,"","",13.369743632520242,10.673364265954747,10.673364265954747,"","","",2001,2003,2001,2003,medium,1,0,0,-15,-13,2003,apple,66.075,"",0.6813075954565384,2005Q1-2012Q4,45.01739936979077,123.4897972088377,4.816158538961711,"",5.199899931750605,incompatible,FALSE,FALSE,FALSE,FALSE
apple,Apple,사과,total,fruit,1,baseline_treated,1989,01_fruit_total.xls; 02_fruit_bearing.xlsx,DT_1ET0292,사과,DT_1J49: 사과(후지) | DT_1J60: 사과,사과,적과전종합 (2024 records: 적과전종합Ⅱ),"","",676016,46884,"","",1441.8906236669227,"","",13.423972023384056,10.75543174484307,10.75543174484307,"","","",2001,2003,2001,2003,medium,1,0,0,-14,-12,2003,apple,75.325,"",0.6813075954565384,2005Q1-2012Q4,51.31949462776375,133.78347991547702,4.896222671577074,"",5.279964064365967,incompatible,FALSE,FALSE,FALSE,FALSE
apple,Apple,사과,total,fruit,1,baseline_treated,1990,01_fruit_total.xls; 02_fruit_bearing.xlsx,DT_1ET0292,사과,DT_1J49: 사과(후지) | DT_1J60: 사과,사과,적과전종합 (2024 records: 적과전종합Ⅱ),"","",628947,48833,"","",1287.95486658612,"","",13.351802271401125,10.796161592809286,10.796161592809286,"","","",2001,2003,2001,2003,medium,1,0,0,-13,-11,2003,apple,58.375,"",0.6813075954565384,2005Q1-2012Q4,39.77133088477543,92.81128383736151,4.530568225475332,"",4.914309618264227,incompatible,FALSE,FALSE,FALSE,FALSE
apple,Apple,사과,total,fruit,1,baseline_treated,1991,01_fruit_total.xls; 02_fruit_bearing.xlsx,DT_1ET0292,사과,DT_1J49: 사과(후지) | DT_1J60: 사과,사과,적과전종합 (2024 records: 적과전종합Ⅱ),"","",542015,50595,"","",1071.2817472082222,"","",13.203048955315582,10.83160803616386,10.83160803616386,"","","",2001,2003,2001,2003,medium,1,0,0,-12,-10,2003,apple,75.75,"",0.6813075954565384,2005Q1-2012Q4,51.60905035583279,110.03757113068411,4.700821863209027,"",5.084563255997921,incompatible,FALSE,FALSE,FALSE,FALSE
apple,Apple,사과,total,fruit,1,baseline_treated,1992,01_fruit_total.xls; 02_fruit_bearing.xlsx,DT_1ET0292,사과,DT_1J49: 사과(후지) | DT_1J60: 사과,사과,적과전종합 (2024 records: 적과전종합Ⅱ),"","",694766,52985,"","",1311.2503538737378,"","",13.451330377206425,10.877764133608936,10.877764133608936,"","","",2001,2003,2001,2003,medium,1,0,0,-11,-9,2003,apple,80.94999999999999,"",0.6813075954565384,2005Q1-2012Q4,55.15184985220678,112.17920386451496,4.720097627108269,"",5.103839019897164,incompatible,FALSE,FALSE,FALSE,FALSE
apple,Apple,사과,total,fruit,1,baseline_treated,1993,01_fruit_total.xls; 02_fruit_bearing.xlsx,DT_1ET0292,사과,DT_1J49: 사과(후지) | DT_1J60: 사과,사과,적과전종합 (2024 records: 적과전종합Ⅱ),"","",615991,52297,"","",1177.8706235539323,"","",13.330987632019314,10.864694287031115,10.864694287031115,"","","",2001,2003,2001,2003,medium,1,0,0,-10,-8,2003,apple,65.525,"",0.6813075954565384,2005Q1-2012Q4,44.64268019228968,91.9453607203382,4.521194495403765,"",4.904935888192658,incompatible,FALSE,FALSE,FALSE,FALSE
apple,Apple,사과,total,fruit,1,baseline_treated,1994,01_fruit_total.xls; 02_fruit_bearing.xlsx,DT_1ET0292,사과,DT_1J49: 사과(후지) | DT_1J60: 사과,사과,적과전종합 (2024 records: 적과전종합Ⅱ),"","",616505,52098,"","",1183.3563668470958,"","",13.33182171185373,10.8608818392887,10.8608818392887,"","","",2001,2003,2001,2003,medium,1,0,0,-9,-7,2003,apple,89.8,"",0.6813075954565384,2005Q1-2012Q4,61.18142207199715,116.93291432378388,4.76160038850352,"",5.145341781292414,incompatible,FALSE,FALSE,FALSE,FALSE
apple,Apple,사과,total,fruit,1,baseline_treated,1995,01_fruit_total.xls; 02_fruit_bearing.xlsx,DT_1ET0292,사과,DT_1J49: 사과(후지) | DT_1J60: 사과,사과,적과전종합 (2024 records: 적과전종합Ⅱ),"","",715982,50103,"","",1429.0202183501983,"","",13.48141030596197,10.821836165519729,10.821836165519729,"","","",2001,2003,2001,2003,medium,1,0,0,-8,-6,2003,apple,124.7,"",0.6813075954565384,2005Q1-2012Q4,84.95905715343034,145.71621456317297,4.981660994333638,"",5.365402387122532,incompatible,FALSE,FALSE,FALSE,FALSE
apple,Apple,사과,total,fruit,1,baseline_treated,1996,01_fruit_total.xls; 02_fruit_bearing.xlsx,DT_1ET0292,사과,DT_1J49: 사과(후지) | DT_1J60: 사과,사과,적과전종합 (2024 records: 적과전종합Ⅱ),"","",651406,43857,"","",1485.2953918416672,"","",13.386888382712154,10.688689620179726,10.688689620179726,"","","",2001,2003,2001,2003,medium,1,0,0,-7,-5,2003,apple,76.725,"",0.6813075954565384,2005Q1-2012Q4,52.27332526140291,85.75791327288626,4.451528364853958,"",4.835269757642852,incompatible,FALSE,FALSE,FALSE,FALSE
apple,Apple,사과,total,fruit,1,baseline_treated,1997,01_fruit_total.xls; 02_fruit_bearing.xlsx,DT_1ET0292,사과,DT_1J49: 사과(후지) | DT_1J60: 사과,사과,적과전종합 (2024 records: 적과전종합Ⅱ),"","",651778,39995,"","",1629.6487060882612,"","",13.38745929213109,10.596509725282925,10.596509725282925,"","","",2001,2003,2001,2003,medium,1,0,0,-6,-4,2003,apple,85.85,"",0.6813075954565384,2005Q1-2012Q4,58.49025706994382,98.5507460921217,4.590571604266385,"",4.974312997055279,incompatible,FALSE,FALSE,FALSE,FALSE
apple,Apple,사과,total,fruit,1,baseline_treated,1998,01_fruit_total.xls; 02_fruit_bearing.xlsx,DT_1ET0292,사과,DT_1J49: 사과(후지) | DT_1J60: 사과,사과,적과전종합 (2024 records: 적과전종합Ⅱ),"","",459010,34692,"","",1323.1004266113223,"","",13.036827275297735,10.454264391804346,10.454264391804346,"","","",2001,2003,2001,2003,medium,1,0,0,-5,-3,2003,apple,104.875,"",0.6813075954565384,2005Q1-2012Q4,71.45213407350447,121.43957111236034,4.799416781957621,"",5.183158174746515,incompatible,FALSE,FALSE,FALSE,FALSE
apple,Apple,사과,total,fruit,1,baseline_treated,1999,01_fruit_total.xls; 02_fruit_bearing.xlsx,DT_1ET0292,사과,DT_1J49: 사과(후지) | DT_1J60: 사과,사과,적과전종합 (2024 records: 적과전종합Ⅱ),"","",490152,31079,"","",1577.1163808359345,"","",13.102470826065105,10.34428762893178,10.34428762893178,"","","",2001,2003,2001,2003,medium,1,0,0,-4,-2,2003,apple,132.05,"",0.6813075954565384,2005Q1-2012Q4,89.9666679800359,143.008206682544,4.962902018001619,"",5.346643410790513,incompatible,FALSE,FALSE,FALSE,FALSE
apple,Apple,사과,total,fruit,1,baseline_treated,2000,01_fruit_total.xls; 02_fruit_bearing.xlsx,DT_1ET0292,사과,DT_1J49: 사과(후지) | DT_1J60: 사과,사과,적과전종합 (2024 records: 적과전종합Ⅱ),"","",488960,29063,"","",1682.414065994563,"","",13.100035965520238,10.277221166482796,10.277221166482796,"","","",2001,2003,2001,2003,medium,1,0,0,-3,-1,2003,apple,83.675,"",0.6813075954565384,2005Q1-2012Q4,57.00841304982585,86.36446156767927,4.458576266744748,"",4.842317659533642,incompatible,FALSE,FALSE,FALSE,FALSE
apple,Apple,사과,total,fruit,1,baseline_treated,2001,01_fruit_total.xls; 02_fruit_bearing.xlsx,DT_1ET0292,사과,DT_1J49: 사과(후지) | DT_1J60: 사과,사과,적과전종합 (2024 records: 적과전종합Ⅱ),"","",403583,26328,"","",1532.9041324825282,"","",12.908137445662687,10.178388290623175,10.178388290623175,"","","",2001,2003,2001,2003,medium,0,1,0,-2,0,2003,apple,89.975,"",0.6813075954565384,2005Q1-2012Q4,61.30065090120204,89.94450699936533,4.499192891265216,"",4.88293428405411,incompatible,FALSE,FALSE,FALSE,FALSE
apple,Apple,사과,total,fruit,1,baseline_treated,2002,01_fruit_total.xls; 02_fruit_bearing.xlsx,DT_1ET0292,사과,DT_1J49: 사과(후지) | DT_1J60: 사과,사과,적과전종합 (2024 records: 적과전종합Ⅱ),"","",433165,26163,"","",1655.639643771739,"","",12.978873996754466,10.172101477895096,10.172101477895096,"","","",2001,2003,2001,2003,medium,0,1,0,-1,1,2003,apple,127.4,"",0.6813075954565384,2005Q1-2012Q4,86.798587661163,123.07964466713229,4.8128316634422985,"",5.196573056231192,incompatible,FALSE,FALSE,FALSE,FALSE
apple,Apple,사과,total,fruit,1,baseline_treated,2003,01_fruit_total.xls; 02_fruit_bearing.xlsx,DT_1ET0292,사과,DT_1J49: 사과(후지) | DT_1J60: 사과,사과,적과전종합 (2024 records: 적과전종합Ⅱ),"","",365354,26398,"","",1384.0215167815743,"","",12.80862202556507,10.1810435286889,10.1810435286889,"","","",2001,2003,2001,2003,medium,0,0,1,0,2,2003,apple,90.3,"",0.6813075954565384,2005Q1-2012Q4,61.52207586972542,82.1206949026087,4.408190054153517,"",4.79193144694241,incompatible,FALSE,FALSE,FALSE,FALSE
apple,Apple,사과,total,fruit,1,baseline_treated,2004,01_fruit_total.xls; 02_fruit_bearing.xlsx,DT_1ET0292,사과,DT_1J49: 사과(후지) | DT_1J60: 사과,사과,적과전종합 (2024 records: 적과전종합Ⅱ),"","",357180,26676,"","",1338.9563652721547,"","",12.78599513537549,10.191519563752196,10.191519563752196,"","","",2001,2003,2001,2003,medium,0,0,1,1,3,2003,apple,107.725,"",0.6813075954565384,2005Q1-2012Q4,73.39386072055561,96.21621735379551,4.566597923025007,"",4.950339315813901,incompatible,FALSE,FALSE,FALSE,FALSE
apple,Apple,사과,total,fruit,1,baseline_treated,2005,01_fruit_total.xls; 02_fruit_bearing.xlsx,DT_1ET0292,사과,DT_1J49: 사과(후지) | DT_1J60: 사과,사과,적과전종합 (2024 records: 적과전종합Ⅱ),"","",367517,26907,"","",1365.8787676069426,"","",12.814524855068536,10.200141754786111,10.200141754786111,"","","",2001,2003,2001,2003,medium,0,0,1,2,4,2003,apple,100,68.175,0.6813075954565384,2005Q1-2012Q4,68.175,93.9955312785876,4.543247241550468,4.543247241550468,4.926327904765727,incompatible,FALSE,FALSE,FALSE,FALSE
apple,Apple,사과,total,fruit,1,baseline_treated,2006,01_fruit_total.xls; 02_fruit_bearing.xlsx,DT_1ET0292,사과,DT_1J49: 사과(후지) | DT_1J60: 사과,사과,적과전종합 (2024 records: 적과전종합Ⅱ),"","",407621,28312,"","",1439.7463972873693,"","",12.918093100102658,10.2510410220253,10.2510410220253,"","","",2001,2003,2001,2003,medium,0,0,1,3,5,2003,apple,86.55000000000001,59,0.6813075954565384,2005Q1-2012Q4,59,83.47481392562648,4.424544956724227,4.424544956724227,4.807742221152296,incompatible,FALSE,FALSE,FALSE,FALSE
apple,Apple,사과,total,fruit,1,baseline_treated,2007,01_fruit_total.xls; 02_fruit_bearing.xlsx,DT_1ET0292,사과,DT_1J49: 사과(후지) | DT_1J60: 사과,사과,적과전종합 (2024 records: 적과전종합Ⅱ),"","",435686,29358,"","",1484.0452346890115,"","",12.984677079388227,10.287320360517178,10.287320360517178,"","","",2001,2003,2001,2003,medium,0,0,1,4,6,2003,apple,73.675,50.25,0.6813075954565384,2005Q1-2012Q4,50.25,69.44449562866969,4.240527809452754,4.240527809452754,4.6231873875633225,incompatible,FALSE,FALSE,FALSE,FALSE
apple,Apple,사과,total,fruit,1,baseline_treated,2008,01_fruit_total.xls; 02_fruit_bearing.xlsx,DT_1ET0292,사과,DT_1J49: 사과(후지) | DT_1J60: 사과,사과,적과전종합 (2024 records: 적과전종합Ⅱ),"","",470865,30006,"","",1569.236152769446,"","",13.062326707710165,10.30915264064696,10.30915264064696,"","","",2001,2003,2001,2003,medium,0,0,1,5,7,2003,apple,95.625,65.2,0.6813075954565384,2005Q1-2012Q4,65.2,91.36144178447312,4.5148235271368655,4.5148235271368655,4.897805260053365,incompatible,FALSE,FALSE,FALSE,FALSE
apple,Apple,사과,total,fruit,1,baseline_treated,2009,01_fruit_total.xls; 02_fruit_bearing.xlsx,DT_1ET0292,사과,DT_1J49: 사과(후지) | DT_1J60: 사과,사과,적과전종합 (2024 records: 적과전종합Ⅱ),"","",494491,30451,19179,2578.293967360133,1623.8908410232834,"","",13.111284229677054,10.323874113321294,10.323874113321294,9.861571209434835,7.854883206230308,"",2001,2003,2001,2003,medium,0,0,1,6,8,2003,apple,106.575,72.675,0.6813075954565384,2005Q1-2012Q4,72.675,101.40131035546712,4.619086013711329,4.619086013711329,5.00194854949334,incompatible,FALSE,FALSE,FALSE,FALSE
apple,Apple,사과,total,fruit,1,baseline_treated,2010,01_fruit_total.xls; 02_fruit_bearing.xlsx,DT_1ET0292,사과,DT_1J49: 사과(후지) | DT_1J60: 사과,사과,적과전종합 (2024 records: 적과전종합Ⅱ),"","",460285,30992,20582,2236.3472937518222,1485.1735931853382,"","",13.039601141831378,10.341484385646778,10.341484385646778,9.932172186396038,7.712599141423433,"",2001,2003,2001,2003,medium,0,0,1,7,9,2003,apple,101.44999999999999,69.175,0.6813075954565384,2005Q1-2012Q4,69.175,90.89673408041986,4.509724071829729,4.509724071829729,4.892552981454528,incompatible,FALSE,FALSE,FALSE,FALSE
apple,Apple,사과,total,fruit,1,baseline_treated,2011,01_fruit_total.xls; 02_fruit_bearing.xlsx,DT_1ET0292,사과,DT_1J49: 사과(후지) | DT_1J60: 사과,사과,적과전종합 (2024 records: 적과전종합Ⅱ),"","",379541,31167,21395,1773.970553867726,1217.7655853948086,"","",12.846717906872902,10.34711512173864,10.34711512173864,9.970912528850915,7.480975564010077,"",2001,2003,2001,2003,medium,0,0,1,8,10,2003,apple,103.15,70.5,0.6813075954565384,2005Q1-2012Q4,70.5,86.00777043980935,4.4544376461231066,4.4544376461231066,4.835150713104856,incompatible,FALSE,FALSE,FALSE,FALSE
apple,Apple,사과,total,fruit,1,baseline_treated,2012,01_fruit_total.xls; 02_fruit_bearing.xlsx,DT_1ET0292,사과,DT_1J49: 사과(후지) | DT_1J60: 사과,사과,적과전종합 (2024 records: 적과전종합Ⅱ),"","",394596,30734,21629,1824.3839289842344,1283.9070735992711,"","",12.885617735671833,10.333124812615278,10.333124812615278,9.981790285793302,7.508997635866623,"",2001,2003,2001,2003,medium,0,0,1,9,11,2003,apple,165.55,110.67500000000001,0.6813075954565384,2005Q1-2012Q4,110.675,126.0380965188074,4.836584214575791,4.836584214575791,5.239976921116068,incompatible,FALSE,FALSE,FALSE,FALSE
apple,Apple,사과,total,fruit,1,baseline_treated,2013,01_fruit_total.xls; 02_fruit_bearing.xlsx,DT_1ET0292,사과,DT_1J49: 사과(후지) | DT_1J60: 사과,사과,적과전종합 (2024 records: 적과전종합Ⅱ),"","",493701,30449,21602,2285.441162855291,1621.4030017406155,"","",13.109685349766474,10.323808431876278,10.323808431876278,9.98054118197842,7.734314353776146,"",2001,2003,2001,2003,medium,0,0,1,10,12,2003,apple,"",92.075,0.6813075954565384,2005Q1-2012Q4,92.075,107.20265048012855,4.6747209729591175,4.6747209729591175,"",incompatible,FALSE,FALSE,FALSE,FALSE
apple,Apple,사과,total,fruit,1,baseline_treated,2014,01_fruit_total.xls; 02_fruit_bearing.xlsx,DT_1ET0292,사과,DT_1J49: 사과(후지) | DT_1J60: 사과,사과,적과전종합 (2024 records: 적과전종합Ⅱ),"","",474712,30702,21399,2218.384036637226,1546.1924304605564,"","",13.070463583343557,10.332083078033149,10.332083078033149,9.971099470946148,7.704534298385498,"",2001,2003,2001,2003,medium,0,0,1,11,13,2003,apple,"",84.9,0.6813075954565384,2005Q1-2012Q4,84.9,101.22674771927454,4.617363027457241,4.617363027457241,"",incompatible,FALSE,FALSE,FALSE,FALSE
apple,Apple,사과,total,fruit,1,baseline_treated,2015,01_fruit_total.xls; 02_fruit_bearing.xlsx,DT_1ET0292,사과,DT_1J49: 사과(후지) | DT_1J60: 사과,사과,적과전종합 (2024 records: 적과전종합Ⅱ),"","",582846,31620,21965,2653.5215114955613,1843.2827324478176,"","",13.275678279495228,10.361545110763464,10.361545110763464,9.99720555640988,7.88364290907344,"",2001,2003,2001,2003,medium,0,0,1,12,14,2003,apple,"",95.35,0.6813075954565384,2005Q1-2012Q4,95.35,111.8479769756398,4.717140600831485,4.717140600831485,"",incompatible,FALSE,FALSE,FALSE,FALSE
apple,Apple,사과,total,fruit,1,baseline_treated,2016,01_fruit_total.xls; 02_fruit_bearing.xlsx,DT_1ET0292,사과,DT_1J49: 사과(후지) | DT_1J60: 사과,사과,적과전종합 (2024 records: 적과전종합Ⅱ),"","",576369,33300,23880,2413.6055276381912,1730.837837837838,"","",13.26450335956543,10.413312675968536,10.413312675968536,10.08079656750654,7.788876978046981,"",2001,2003,2001,2003,medium,0,0,1,13,15,2003,apple,"",75.625,0.6813075954565384,2005Q1-2012Q4,75.625,87.1343834854039,4.467451564691969,4.467451564691969,"",incompatible,FALSE,FALSE,FALSE,FALSE
apple,Apple,사과,total,fruit,1,baseline_treated,2017,01_fruit_total.xls; 02_fruit_bearing.xlsx,DT_1ET0292,사과,DT_1J49: 사과(후지) | DT_1J60: 사과,사과,적과전종합 (2024 records: 적과전종합Ⅱ),"","",545349,33600.6824,23355,2335.041746949262,1623.029537042974,"","",13.209181235670416,10.42230165526887,10.42230165526887,10.058566372936207,7.755785048722301,"",2001,2003,2001,2003,medium,0,0,1,14,16,2003,apple,"",78.1,0.6813075954565384,2005Q1-2012Q4,78.1,85.24160614333599,4.445489649654211,4.445489649654211,"",incompatible,FALSE,FALSE,FALSE,FALSE
apple,Apple,사과,total,fruit,1,baseline_treated,2018,01_fruit_total.xls; 02_fruit_bearing.xlsx,DT_1ET0292,사과,DT_1J49: 사과(후지) | DT_1J60: 사과,사과,적과전종합 (2024 records: 적과전종합Ⅱ),"","",475303,33234.0913,23600,2013.9957627118645,1430.1669803741556,"","",13.071707774385253,10.411331474444,10.411331474444,10.0690019910137,7.607875969359643,"",2001,2003,2001,2003,medium,0,0,1,15,17,2003,apple,"",78.15,0.6813075954565384,2005Q1-2012Q4,78.15,84.55307031904769,4.437379388334557,4.437379388334557,"",incompatible,FALSE,FALSE,FALSE,FALSE
apple,Apple,사과,total,fruit,1,baseline_treated,2019,01_fruit_total.xls; 02_fruit_bearing.xlsx,DT_1ET0292,사과,DT_1J49: 사과(후지) | DT_1J60: 사과,사과,적과전종합 (2024 records: 적과전종합Ⅱ),"","",535324,32953.5377,23911,2238.818953619673,1624.4811251327349,"","",13.190627450048575,10.402853899872984,10.402853899872984,10.0820938830826,7.713703752954065,"",2001,2003,2001,2003,medium,0,0,1,16,18,2003,apple,"",77.175,0.6813075954565384,2005Q1-2012Q4,77.175,84.18046943754135,4.432962939919194,4.432962939919194,"",incompatible,FALSE,FALSE,FALSE,FALSE
apple,Apple,사과,total,fruit,1,baseline_treated,2020,01_fruit_total.xls; 02_fruit_bearing.xlsx,DT_1ET0292,사과,DT_1J49: 사과(후지) | DT_1J60: 사과,사과,적과전종합 (2024 records: 적과전종합Ⅱ),"","",422115,31597.751,23330,1809.322760394342,1335.9020393571682,"","",12.95303306774188,10.36084122615616,10.36084122615616,10.057495365015477,7.500707888714497,"",2001,2003,2001,2003,medium,0,0,1,17,19,2003,apple,"",100.025,0.6813075954565384,2005Q1-2012Q4,100.025,99.53948288742149,4.600554378394024,4.600554378394024,"",incompatible,FALSE,FALSE,FALSE,FALSE
apple,Apple,사과,total,fruit,1,baseline_treated,2021,01_fruit_total.xls; 02_fruit_bearing.xlsx,DT_1ET0292,사과,DT_1J49: 사과(후지) | DT_1J60: 사과,사과,적과전종합 (2024 records: 적과전종합Ⅱ),"","",515931,34358.649,26302,1961.565660406053,1501.6044431781938,"","",13.153728314592026,10.444609056349629,10.444609056349629,10.17740026090191,7.581498239678208,"",2001,2003,2001,2003,medium,0,0,1,18,20,2003,apple,"",100.44999999999999,0.6813075954565384,2005Q1-2012Q4,100.45,88.87322922748564,4.487210963620955,4.487210963620955,"",incompatible,FALSE,FALSE,FALSE,FALSE
apple,Apple,사과,total,fruit,1,baseline_treated,2022,01_fruit_total.xls; 02_fruit_bearing.xlsx,DT_1ET0292,사과,DT_1J49: 사과(후지) | DT_1J60: 사과,사과,적과전종합 (2024 records: 적과전종합Ⅱ),"","",566041,34603.2895,25767,2196.7671828307525,1635.8011280979515,"","",13.246421792724346,10.451704028781071,10.451704028781071,10.156849882434337,7.694742096278104,"",2001,2003,2001,2003,medium,0,0,1,19,21,2003,apple,"",92.3,0.6813075954565384,2005Q1-2012Q4,92.3,84.4758237257451,4.436465383671428,4.436465383671428,"",incompatible,FALSE,FALSE,FALSE,FALSE
apple,Apple,사과,total,fruit,1,baseline_treated,2023,01_fruit_total.xls; 02_fruit_bearing.xlsx,DT_1ET0292,사과,DT_1J49: 사과(후지) | DT_1J60: 사과,사과,적과전종합 (2024 records: 적과전종합Ⅱ),"","",394428.0482,33788.9204,24687,1597.71559201199,1167.3295374065874,"","",12.885192015307746,10.427888228916766,10.427888228916766,10.114032068273822,7.376330133022015,"",2001,2003,2001,2003,medium,0,0,1,20,22,2003,apple,"",134.4,0.6813075954565384,2005Q1-2012Q4,134.4,121.90152397563978,4.803213538260102,4.803213538260102,"",incompatible,FALSE,FALSE,FALSE,FALSE
apple,Apple,사과,total,fruit,1,baseline_treated,2024,01_fruit_total.xls; 02_fruit_bearing.xlsx,DT_1ET0292,사과,DT_1J49: 사과(후지) | DT_1J60: 사과,사과,적과전종합 (2024 records: 적과전종합Ⅱ),"","",460088.4145,33313.288,24066,1911.777671819164,1381.0957792578145,"","",13.039173955430964,10.413711635412673,10.413711635412673,10.088555334998109,7.555788806420946,"",2001,2003,2001,2003,medium,0,0,1,21,23,2003,apple,"",178.875,0.6813075954565384,2005Q1-2012Q4,178.875,152.30322689846489,5.025873447453841,5.025873447453841,"",incompatible,FALSE,FALSE,FALSE,FALSE
astringent_persimmon,Astringent persimmon,떫은감,total,fruit,1,baseline_treated,1980,01_fruit_total.xls; 02_fruit_bearing.xlsx,DT_1ET0292,떫은감,"",떫은감,적과전종합 (2024 records: 적과전종합Ⅱ),"","","","","","","","","","","","","","","",2006,2008,2008,2008,high,1,0,0,-28,-26,2008,"","","","","","","","","","","","","","",""
astringent_persimmon,Astringent persimmon,떫은감,total,fruit,1,baseline_treated,1981,01_fruit_total.xls; 02_fruit_bearing.xlsx,DT_1ET0292,떫은감,"",떫은감,적과전종합 (2024 records: 적과전종합Ⅱ),"","","","","","","","","","","","","","","",2006,2008,2008,2008,high,1,0,0,-27,-25,2008,"","","","","","","","","","","","","","",""
astringent_persimmon,Astringent persimmon,떫은감,total,fruit,1,baseline_treated,1982,01_fruit_total.xls; 02_fruit_bearing.xlsx,DT_1ET0292,떫은감,"",떫은감,적과전종합 (2024 records: 적과전종합Ⅱ),"","","","","","","","","","","","","","","",2006,2008,2008,2008,high,1,0,0,-26,-24,2008,"","","","","","","","","","","","","","",""
astringent_persimmon,Astringent persimmon,떫은감,total,fruit,1,baseline_treated,1983,01_fruit_total.xls; 02_fruit_bearing.xlsx,DT_1ET0292,떫은감,"",떫은감,적과전종합 (2024 records: 적과전종합Ⅱ),"","","","","","","","","","","","","","","",2006,2008,2008,2008,high,1,0,0,-25,-23,2008,"","","","","","","","","","","","","","",""
astringent_persimmon,Astringent persimmon,떫은감,total,fruit,1,baseline_treated,1984,01_fruit_total.xls; 02_fruit_bearing.xlsx,DT_1ET0292,떫은감,"",떫은감,적과전종합 (2024 records: 적과전종합Ⅱ),"","","","","","","","","","","","","","","",2006,2008,2008,2008,high,1,0,0,-24,-22,2008,"","","","","","","","","","","","","","",""
astringent_persimmon,Astringent persimmon,떫은감,total,fruit,1,baseline_treated,1985,01_fruit_total.xls; 02_fruit_bearing.xlsx,DT_1ET0292,떫은감,"",떫은감,적과전종합 (2024 records: 적과전종합Ⅱ),"","","","","","","","","","","","","","","",2006,2008,2008,2008,high,1,0,0,-23,-21,2008,"","","","","","","","","","","","","","",""
astringent_persimmon,Astringent persimmon,떫은감,total,fruit,1,baseline_treated,1986,01_fruit_total.xls; 02_fruit_bearing.xlsx,DT_1ET0292,떫은감,"",떫은감,적과전종합 (2024 records: 적과전종합Ⅱ),"","","","","","","","","","","","","","","",2006,2008,2008,2008,high,1,0,0,-22,-20,2008,"","","","","","","","","","","","","","",""
astringent_persimmon,Astringent persimmon,떫은감,total,fruit,1,baseline_treated,1987,01_fruit_total.xls; 02_fruit_bearing.xlsx,DT_1ET0292,떫은감,"",떫은감,적과전종합 (2024 records: 적과전종합Ⅱ),"","","","","","","","","","","","","","","",2006,2008,2008,2008,high,1,0,0,-21,-19,2008,"","","","","","","","","","","","","","",""
astringent_persimmon,Astringent persimmon,떫은감,total,fruit,1,baseline_treated,1988,01_fruit_total.xls; 02_fruit_bearing.xlsx,DT_1ET0292,떫은감,"",떫은감,적과전종합 (2024 records: 적과전종합Ⅱ),"","","","","","","","","","","","","","","",2006,2008,2008,2008,high,1,0,0,-20,-18,2008,"","","","","","","","","","","","","","",""
astringent_persimmon,Astringent persimmon,떫은감,total,fruit,1,baseline_treated,1989,01_fruit_total.xls; 02_fruit_bearing.xlsx,DT_1ET0292,떫은감,"",떫은감,적과전종합 (2024 records: 적과전종합Ⅱ),"","","","","","","","","","","","","","","",2006,2008,2008,2008,high,1,0,0,-19,-17,2008,"","","","","","","","","","","","","","",""
astringent_persimmon,Astringent persimmon,떫은감,total,fruit,1,baseline_treated,1990,01_fruit_total.xls; 02_fruit_bearing.xlsx,DT_1ET0292,떫은감,"",떫은감,적과전종합 (2024 records: 적과전종합Ⅱ),"","","","","","","","","","","","","","","",2006,2008,2008,2008,high,1,0,0,-18,-16,2008,"","","","","","","","","","","","","","",""
astringent_persimmon,Astringent persimmon,떫은감,total,fruit,1,baseline_treated,1991,01_fruit_total.xls; 02_fruit_bearing.xlsx,DT_1ET0292,떫은감,"",떫은감,적과전종합 (2024 records: 적과전종합Ⅱ),"","","","","","","","","","","","","","","",2006,2008,2008,2008,high,1,0,0,-17,-15,2008,"","","","","","","","","","","","","","",""
astringent_persimmon,Astringent persimmon,떫은감,total,fruit,1,baseline_treated,1992,01_fruit_total.xls; 02_fruit_bearing.xlsx,DT_1ET0292,떫은감,"",떫은감,적과전종합 (2024 records: 적과전종합Ⅱ),"","","","","","","","","","","","","","","",2006,2008,2008,2008,high,1,0,0,-16,-14,2008,"","","","","","","","","","","","","","",""
astringent_persimmon,Astringent persimmon,떫은감,total,fruit,1,baseline_treated,1993,01_fruit_total.xls; 02_fruit_bearing.xlsx,DT_1ET0292,떫은감,"",떫은감,적과전종합 (2024 records: 적과전종합Ⅱ),"","","","","","","","","","","","","","","",2006,2008,2008,2008,high,1,0,0,-15,-13,2008,"","","","","","","","","","","","","","",""
astringent_persimmon,Astringent persimmon,떫은감,total,fruit,1,baseline_treated,1994,01_fruit_total.xls; 02_fruit_bearing.xlsx,DT_1ET0292,떫은감,"",떫은감,적과전종합 (2024 records: 적과전종합Ⅱ),"","","","","","","","","","","","","","","",2006,2008,2008,2008,high,1,0,0,-14,-12,2008,"","","","","","","","","","","","","","",""
astringent_persimmon,Astringent persimmon,떫은감,total,fruit,1,baseline_treated,1995,01_fruit_total.xls; 02_fruit_bearing.xlsx,DT_1ET0292,떫은감,"",떫은감,적과전종합 (2024 records: 적과전종합Ⅱ),"","","","","","","","","","","","","","","",2006,2008,2008,2008,high,1,0,0,-13,-11,2008,"","","","","","","","","","","","","","",""
astringent_persimmon,Astringent persimmon,떫은감,total,fruit,1,baseline_treated,1996,01_fruit_total.xls; 02_fruit_bearing.xlsx,DT_1ET0292,떫은감,"",떫은감,적과전종합 (2024 records: 적과전종합Ⅱ),"","","","","","","","","","","","","","","",2006,2008,2008,2008,high,1,0,0,-12,-10,2008,"","","","","","","","","","","","","","",""
astringent_persimmon,Astringent persimmon,떫은감,total,fruit,1,baseline_treated,1997,01_fruit_total.xls; 02_fruit_bearing.xlsx,DT_1ET0292,떫은감,"",떫은감,적과전종합 (2024 records: 적과전종합Ⅱ),"","","","","","","","","","","","","","","",2006,2008,2008,2008,high,1,0,0,-11,-9,2008,"","","","","","","","","","","","","","",""
astringent_persimmon,Astringent persimmon,떫은감,total,fruit,1,baseline_treated,1998,01_fruit_total.xls; 02_fruit_bearing.xlsx,DT_1ET0292,떫은감,"",떫은감,적과전종합 (2024 records: 적과전종합Ⅱ),"","",50586,6517,"","",776.2160503299065,"","",10.83143013715073,8.78216942633238,8.78216942633238,"","","",2006,2008,2008,2008,high,1,0,0,-10,-8,2008,"","","","","","","","","","","","","","",""
astringent_persimmon,Astringent persimmon,떫은감,total,fruit,1,baseline_treated,1999,01_fruit_total.xls; 02_fruit_bearing.xlsx,DT_1ET0292,떫은감,"",떫은감,적과전종합 (2024 records: 적과전종합Ⅱ),"","",60023,6914,"","",868.1371131038472,"","",11.00248310108412,8.84130362048157,8.84130362048157,"","","",2006,2008,2008,2008,high,1,0,0,-9,-7,2008,"","","","","","","","","","","","","","",""
astringent_persimmon,Astringent persimmon,떫은감,total,fruit,1,baseline_treated,2000,01_fruit_total.xls; 02_fruit_bearing.xlsx,DT_1ET0292,떫은감,"",떫은감,적과전종합 (2024 records: 적과전종합Ⅱ),"","",60453,7377,"","",819.4794631964212,"","",11.009621482603084,8.906122330884303,8.906122330884303,"","","",2006,2008,2008,2008,high,1,0,0,-8,-6,2008,"","","","","","","","","","","","","","",""
astringent_persimmon,Astringent persimmon,떫은감,total,fruit,1,baseline_treated,2001,01_fruit_total.xls; 02_fruit_bearing.xlsx,DT_1ET0292,떫은감,"",떫은감,적과전종합 (2024 records: 적과전종합Ⅱ),"","",72755,7682,"","",947.0840926841968,"","",11.19485291119438,8.94663520890585,8.94663520890585,"","","",2006,2008,2008,2008,high,1,0,0,-7,-5,2008,"","","","","","","","","","","","","","",""
astringent_persimmon,Astringent persimmon,떫은감,total,fruit,1,baseline_treated,2002,01_fruit_total.xls; 02_fruit_bearing.xlsx,DT_1ET0292,떫은감,"",떫은감,적과전종합 (2024 records: 적과전종합Ⅱ),"","",81274,7946,"","",1022.8290964007048,"","",11.305581441189922,8.980423936374544,8.980423936374544,"","","",2006,2008,2008,2008,high,1,0,0,-6,-4,2008,"","","","","","","","","","","","","","",""
astringent_persimmon,Astringent persimmon,떫은감,total,fruit,1,baseline_treated,2003,01_fruit_total.xls; 02_fruit_bearing.xlsx,DT_1ET0292,떫은감,"",떫은감,적과전종합 (2024 records: 적과전종합Ⅱ),"","",86203,8323,"","",1035.720293163523,"","",11.364460258830404,9.026778045746097,9.026778045746097,"","","",2006,2008,2008,2008,high,1,0,0,-5,-3,2008,"","","","","","","","","","","","","","",""
astringent_persimmon,Astringent persimmon,떫은감,total,fruit,1,baseline_treated,2004,01_fruit_total.xls; 02_fruit_bearing.xlsx,DT_1ET0292,떫은감,"",떫은감,적과전종합 (2024 records: 적과전종합Ⅱ),"","",103685,8626,"","",1202.0055645722236,"","",11.54911273573194,9.062536177207788,9.062536177207788,"","","",2006,2008,2008,2008,high,1,0,0,-4,-2,2008,"","","","","","","","","","","","","","",""
astringent_persimmon,Astringent persimmon,떫은감,total,fruit,1,baseline_treated,2005,01_fruit_total.xls; 02_fruit_bearing.xlsx,DT_1ET0292,떫은감,"",떫은감,적과전종합 (2024 records: 적과전종합Ⅱ),"","",127968,9632,"","",1328.571428571429,"","",11.759535511646543,9.172846167548602,9.172846167548602,"","","",2006,2008,2008,2008,high,1,0,0,-3,-1,2008,"","","","","","","","","","","","","","",""
astringent_persimmon,Astringent persimmon,떫은감,total,fruit,1,baseline_treated,2006,01_fruit_total.xls; 02_fruit_bearing.xlsx,DT_1ET0292,떫은감,"",떫은감,적과전종합 (2024 records: 적과전종합Ⅱ),"","",146233,11132,"","",1313.6273805246135,"","",11.892956519021553,9.317579122645782,9.317579122645782,"","","",2006,2008,2008,2008,high,0,1,0,-2,0,2008,"","","","","","","","","","","","","","",""
astringent_persimmon,Astringent persimmon,떫은감,total,fruit,1,baseline_treated,2007,01_fruit_total.xls; 02_fruit_bearing.xlsx,DT_1ET0292,떫은감,"",떫은감,적과전종합 (2024 records: 적과전종합Ⅱ),"","",188142,12530,"","",1501.5323224261772,"","",12.144952275851072,9.435881047890112,9.435881047890112,"","","",2006,2008,2008,2008,high,0,1,0,-1,1,2008,"","","","","","","","","","","","","","",""
astringent_persimmon,Astringent persimmon,떫은감,total,fruit,1,baseline_treated,2008,01_fruit_total.xls; 02_fruit_bearing.xlsx,DT_1ET0292,떫은감,"",떫은감,적과전종합 (2024 records: 적과전종합Ⅱ),"","",214491,14410,"","",1488.4871616932685,"","",12.276023058427988,9.575677688993569,9.575677688993569,"","","",2006,2008,2008,2008,high,0,0,1,0,2,2008,"","","","","","","","","","","","","","",""
astringent_persimmon,Astringent persimmon,떫은감,total,fruit,1,baseline_treated,2009,01_fruit_total.xls; 02_fruit_bearing.xlsx,DT_1ET0292,떫은감,"",떫은감,적과전종합 (2024 records: 적과전종합Ⅱ),"","",106112,15562,7526,1409.938878554345,681.8660840508932,"","",11.572250419054912,9.652587324176876,9.652587324176876,8.926118971153382,7.251301633889621,"",2006,2008,2008,2008,high,0,0,1,1,3,2008,"","","","","","","","","","","","","","",""
astringent_persimmon,Astringent persimmon,떫은감,total,fruit,1,baseline_treated,2010,01_fruit_total.xls; 02_fruit_bearing.xlsx,DT_1ET0292,떫은감,"",떫은감,적과전종합 (2024 records: 적과전종합Ⅱ),"","",109083,16564,8424,1294.9074074074074,658.554696933108,"","",11.599864339331608,9.714986944665458,9.714986944665458,9.03884005381381,7.166194471505886,"",2006,2008,2008,2008,high,0,0,1,2,4,2008,"","","","","","","","","","","","","","",""
astringent_persimmon,Astringent persimmon,떫은감,total,fruit,1,baseline_treated,2011,01_fruit_total.xls; 02_fruit_bearing.xlsx,DT_1ET0292,떫은감,"",떫은감,적과전종합 (2024 records: 적과전종합Ⅱ),"","",120606,17040,9061,1331.0451385056836,707.7816901408451,"","",11.70028431328145,9.743318800383308,9.743318800383308,9.11173476822206,7.193719731047482,"",2006,2008,2008,2008,high,0,0,1,3,5,2008,"","","","","","","","","","","","","","",""
astringent_persimmon,Astringent persimmon,떫은감,total,fruit,1,baseline_treated,2012,01_fruit_total.xls; 02_fruit_bearing.xlsx,DT_1ET0292,떫은감,"",떫은감,적과전종합 (2024 records: 적과전종합Ⅱ),"","",129052,16874,9390,1374.3556975505858,764.7979139504563,"","",11.767970702895711,9.733529254725571,9.733529254725571,9.147400572202308,7.225740316681495,"",2006,2008,2008,2008,high,0,0,1,4,6,2008,"","","","","","","","","","","","","","",""
astringent_persimmon,Astringent persimmon,떫은감,total,fruit,1,baseline_treated,2013,01_fruit_total.xls; 02_fruit_bearing.xlsx,DT_1ET0292,떫은감,"",떫은감,적과전종합 (2024 records: 적과전종합Ⅱ),"","",119921,16248,9922,1208.637371497682,738.0662235352044,"","",11.694588471634306,9.69572510326022,9.69572510326022,9.202509792860994,7.097248864761403,"",2006,2008,2008,2008,high,0,0,1,5,7,2008,"","","","","","","","","","","","","","",""
astringent_persimmon,Astringent persimmon,떫은감,total,fruit,1,baseline_treated,2014,01_fruit_total.xls; 02_fruit_bearing.xlsx,DT_1ET0292,떫은감,"",떫은감,적과전종합 (2024 records: 적과전종합Ⅱ),"","",153414,15537,9899,1549.7929083745832,987.4106970457616,"","",11.940895428418465,9.650979555092,9.650979555092,9.200189020919808,7.345876593486746,"",2006,2008,2008,2008,high,0,0,1,6,8,2008,"","","","","","","","","","","","","","",""
astringent_persimmon,Astringent persimmon,떫은감,total,fruit,1,baseline_treated,2015,01_fruit_total.xls; 02_fruit_bearing.xlsx,DT_1ET0292,떫은감,"",떫은감,적과전종합 (2024 records: 적과전종합Ⅱ),"","",145536,15185,10300,1412.9708737864078,958.4194929206454,"","",11.888178757670154,9.62806337747985,9.62806337747985,9.239899174217728,7.253449769440517,"",2006,2008,2008,2008,high,0,0,1,7,9,2008,"","","","","","","","","","","","","","",""
astringent_persimmon,Astringent persimmon,떫은감,total,fruit,1,baseline_treated,2016,01_fruit_total.xls; 02_fruit_bearing.xlsx,DT_1ET0292,떫은감,"",떫은감,적과전종합 (2024 records: 적과전종합Ⅱ),"","",162368,15058,11107,1461.85288556766,1078.2839686545358,"","",11.997620642958951,9.619664690410069,9.619664690410069,9.31533081916712,7.287460009779925,"",2006,2008,2008,2008,high,0,0,1,8,10,2008,"","","","","","","","","","","","","","",""
astringent_persimmon,Astringent persimmon,떫은감,total,fruit,1,baseline_treated,2017,01_fruit_total.xls; 02_fruit_bearing.xlsx,DT_1ET0292,떫은감,"",떫은감,적과전종합 (2024 records: 적과전종합Ⅱ),"","",184052,15163.5795,11379,1617.470779506108,1213.7767339169488,"","",12.12297360536046,9.626651746101382,9.626651746101382,9.339524830357009,7.3886189609915425,"",2006,2008,2008,2008,high,0,0,1,9,11,2008,"","","","","","","","","","","","","","",""
astringent_persimmon,Astringent persimmon,떫은감,total,fruit,1,baseline_treated,2018,01_fruit_total.xls; 02_fruit_bearing.xlsx,DT_1ET0292,떫은감,"",떫은감,적과전종합 (2024 records: 적과전종합Ⅱ),"","",158668,14809.9426,11382,1394.0256545422596,1071.3613434261383,"","",11.974569247871484,9.603054031494713,9.603054031494713,9.339788439163067,7.239950994696506,"",2006,2008,2008,2008,high,0,0,1,10,12,2008,"","","","","","","","","","","","","","",""
astringent_persimmon,Astringent persimmon,떫은감,total,fruit,1,baseline_treated,2019,01_fruit_total.xls; 02_fruit_bearing.xlsx,DT_1ET0292,떫은감,"",떫은감,적과전종합 (2024 records: 적과전종합Ⅱ),"","",162603,14360.9712,11360,1431.3644366197184,1132.2562919700028,"","",11.999066926110146,9.572269472627232,9.572269472627232,9.337853692275145,7.266383419823096,"",2006,2008,2008,2008,high,0,0,1,11,13,2008,"","","","","","","","","","","","","","",""
astringent_persimmon,Astringent persimmon,떫은감,total,fruit,1,baseline_treated,2020,01_fruit_total.xls; 02_fruit_bearing.xlsx,DT_1ET0292,떫은감,"",떫은감,적과전종합 (2024 records: 적과전종합Ⅱ),"","",109463.6619706407,13577.743,10990,996.0296812615168,806.1992480682591,"","",11.60334791901352,9.516187187005336,9.516187187005336,9.304741047397666,6.903777057603944,"",2006,2008,2008,2008,high,0,0,1,12,14,2008,"","","","","","","","","","","","","","",""
astringent_persimmon,Astringent persimmon,떫은감,total,fruit,1,baseline_treated,2021,01_fruit_total.xls; 02_fruit_bearing.xlsx,DT_1ET0292,떫은감,"",떫은감,적과전종합 (2024 records: 적과전종합Ⅱ),"","",100692,11983.1111,10113,995.668940967072,840.2826207628168,"","",11.51982163165807,9.39125352910745,9.39125352910745,9.221577003902173,6.903414813743991,"",2006,2008,2008,2008,high,0,0,1,13,15,2008,"","","","","","","","","","","","","","",""
astringent_persimmon,Astringent persimmon,떫은감,total,fruit,1,baseline_treated,2022,01_fruit_total.xls; 02_fruit_bearing.xlsx,DT_1ET0292,떫은감,"",떫은감,적과전종합 (2024 records: 적과전종합Ⅱ),"","",114002,12787.9276,10661,1069.3368351936963,891.4814312836742,"","",11.643971271082387,9.456256848605996,9.456256848605996,9.274347501950476,6.974793955120006,"",2006,2008,2008,2008,high,0,0,1,14,16,2008,"","","","","","","","","","","","","","",""
astringent_persimmon,Astringent persimmon,떫은감,total,fruit,1,baseline_treated,2023,01_fruit_total.xls; 02_fruit_bearing.xlsx,DT_1ET0292,떫은감,"",떫은감,적과전종합 (2024 records: 적과전종합Ⅱ),"","",101735,12590.9118,10253,992.2461718521408,808.0034362563003,"","",11.530126672290002,9.440730546973592,9.440730546973592,9.235325624670091,6.899971233608003,"",2006,2008,2008,2008,high,0,0,1,15,17,2008,"","","","","","","","","","","","","","",""
astringent_persimmon,Astringent persimmon,떫은감,total,fruit,1,baseline_treated,2024,01_fruit_total.xls; 02_fruit_bearing.xlsx,DT_1ET0292,떫은감,"",떫은감,적과전종합 (2024 records: 적과전종합Ⅱ),"","",112859,12734.3322,10235,1102.6770884220812,886.2577026222074,"","",11.6338945309487,9.452056947876084,9.452056947876084,9.23356849809539,7.005496218841402,"",2006,2008,2008,2008,high,0,0,1,16,18,2008,"","","","","","","","","","","","","","",""
autumn_napa,Autumn Napa cabbage,가을배추,autumn,vegetable,0,control_pool,1980,09_vegetables_leafy.xls,DT_1ET0028,노지가을배추,DT_1J49: 배추 | DT_1J60: 배추,가을배추,종합 (see Yearbook 2025 pp.44–51),28703.8,8490,2436830.5,"","","","",10.264784797164236,9.046644279305394,14.706208777459675,"",10.264784797164236,"","",-0.00005011302186375133,2022,"","","",high,1,0,0,"",-42,0,napa_cabbage,44.675,"",1.6918478281364864,2005Q1-2012Q4,75.58330172199753,346.90130945240463,5.849040328694451,"",5.323219007644459,approximate,TRUE,TRUE,FALSE,FALSE
autumn_napa,Autumn Napa cabbage,가을배추,autumn,vegetable,0,control_pool,1981,09_vegetables_leafy.xls,DT_1ET0028,노지가을배추,DT_1J49: 배추 | DT_1J60: 배추,가을배추,종합 (see Yearbook 2025 pp.44–51),32911,8907,2931288,"","","","",10.401562227376685,9.09459276343187,14.890952474845363,"",10.401562227376685,"","",-0.000032329975100608976,2022,"","","",high,1,0,0,"",-41,0,napa_cabbage,44.3,"",1.6918478281364864,2005Q1-2012Q4,74.94885878644635,256.711875261864,5.547954348053138,"",5.022133027003146,approximate,TRUE,TRUE,FALSE,FALSE
autumn_napa,Autumn Napa cabbage,가을배추,autumn,vegetable,0,control_pool,1982,09_vegetables_leafy.xls,DT_1ET0028,노지가을배추,DT_1J49: 배추 | DT_1J60: 배추,가을배추,종합 (see Yearbook 2025 pp.44–51),31911,8996,2870870,"","","","",10.370706056919774,9.104535313079204,14.870125677687906,"",10.370706056919774,"","",0.00005449367701615415,2022,"","","",high,1,0,0,"",-40,0,napa_cabbage,33.925,"",1.6918478281364864,2005Q1-2012Q4,57.395937569530304,185.99897373804905,5.225741156160609,"",4.699919835110617,approximate,TRUE,TRUE,FALSE,FALSE
autumn_napa,Autumn Napa cabbage,가을배추,autumn,vegetable,0,control_pool,1983,09_vegetables_leafy.xls,DT_1ET0028,노지가을배추,DT_1J49: 배추 | DT_1J60: 배추,가을배추,종합 (see Yearbook 2025 pp.44–51),26483,9282,2458159,"","","","",10.184258296685131,9.13583231980112,14.714923253753206,"",10.184258296685131,"","",0.000002823255044859252,2022,"","","",high,1,0,0,"",-39,0,napa_cabbage,41.5,"",1.6918478281364864,2005Q1-2012Q4,70.21168486766419,222.61405577895133,5.405439580509024,"",4.879618259459033,approximate,TRUE,TRUE,FALSE,FALSE
autumn_napa,Autumn Napa cabbage,가을배추,autumn,vegetable,0,control_pool,1984,09_vegetables_leafy.xls,DT_1ET0028,노지가을배추,DT_1J49: 배추 | DT_1J60: 배추,가을배추,종합 (see Yearbook 2025 pp.44–51),29705,9477,2815235,"","","","",10.29907066078984,9.156623089470196,14.850556297421464,"",10.29907066078984,"","",0.00003273314951890427,2022,"","","",high,1,0,0,"",-38,0,napa_cabbage,37.325,"",1.6918478281364864,2005Q1-2012Q4,63.14822018519435,203.35795670788667,5.314967759730785,"",4.789146438680794,approximate,TRUE,TRUE,FALSE,FALSE
autumn_napa,Autumn Napa cabbage,가을배추,autumn,vegetable,0,control_pool,1985,09_vegetables_leafy.xls,DT_1ET0028,노지가을배추,DT_1J49: 배추 | DT_1J60: 배추,가을배추,종합 (see Yearbook 2025 pp.44–51),24372,9180,2237232,"","","","",10.101190211368383,9.124782483614537,14.620749945421052,"",10.101190211368383,"","",-0.00005256357377803056,2022,"","","",high,1,0,0,"",-37,0,napa_cabbage,40.025,"",1.6918478281364864,2005Q1-2012Q4,67.71620932116286,211.0215940147406,5.351960469541641,"",4.826139148491649,approximate,TRUE,TRUE,FALSE,FALSE
autumn_napa,Autumn Napa cabbage,가을배추,autumn,vegetable,0,control_pool,1986,09_vegetables_leafy.xls,DT_1ET0028,노지가을배추,DT_1J49: 배추 | DT_1J60: 배추,가을배추,종합 (see Yearbook 2025 pp.44–51),26853,10122,2718161,"","","","",10.198132825539048,9.222466551774025,14.81546610667034,"",10.198132825539048,"","",0.00003691534535832375,2022,"","","",high,1,0,0,"",-36,0,napa_cabbage,46.525,"",1.6918478281364864,2005Q1-2012Q4,78.71322020405003,251.94115868117652,5.529195562949766,"",5.003374241899775,approximate,TRUE,TRUE,FALSE,FALSE
autumn_napa,Autumn Napa cabbage,가을배추,autumn,vegetable,0,control_pool,1987,09_vegetables_leafy.xls,DT_1ET0028,노지가을배추,DT_1J49: 배추 | DT_1J60: 배추,가을배추,종합 (see Yearbook 2025 pp.44–51),18913,9874,1867455,"","","","",9.847604795288454,9.197660318818809,14.440087099313244,"",9.847604795288454,"","",-0.000007828805927090343,2022,"","","",high,1,0,0,"",-35,0,napa_cabbage,47.6,"",1.6918478281364864,2005Q1-2012Q4,80.53195661929675,250.04072727155,5.521623813680202,"",4.995802492630211,approximate,TRUE,TRUE,FALSE,FALSE
autumn_napa,Autumn Napa cabbage,가을배추,autumn,vegetable,0,control_pool,1988,09_vegetables_leafy.xls,DT_1ET0028,노지가을배추,DT_1J49: 배추 | DT_1J60: 배추,가을배추,종합 (see Yearbook 2025 pp.44–51),18310,9417,1724205,"","","","",9.815202637668555,9.150271845510064,14.36027663264936,"",9.815202637668555,"","",-0.00002766454116631678,2022,"","","",high,1,0,0,"",-34,0,napa_cabbage,80.8,"",1.6918478281364864,2005Q1-2012Q4,136.7013045134281,376.7075303943132,5.931469104926417,"",5.405647783876424,approximate,TRUE,TRUE,FALSE,FALSE
autumn_napa,Autumn Napa cabbage,가을배추,autumn,vegetable,0,control_pool,1989,09_vegetables_leafy.xls,DT_1ET0028,노지가을배추,DT_1J49: 배추 | DT_1J60: 배추,가을배추,종합 (see Yearbook 2025 pp.44–51),19012,10651,2024982,"","","","",9.8528256377339,9.273409063443166,14.52107136959438,"",9.8528256377339,"","",0.0000068544054059316295,2022,"","","",high,1,0,0,"",-33,0,napa_cabbage,70.55,"",1.6918478281364864,2005Q1-2012Q4,119.35986427502912,310.91439242350015,5.739517608767435,"",5.213696287717443,approximate,TRUE,TRUE,FALSE,FALSE
autumn_napa,Autumn Napa cabbage,가을배추,autumn,vegetable,0,control_pool,1990,09_vegetables_leafy.xls,DT_1ET0028,노지가을배추,DT_1J49: 배추 | DT_1J60: 배추,가을배추,종합 (see Yearbook 2025 pp.44–51),22953,11105,2548961,"","","","",10.041203925899962,9.315150736328528,14.751196383123512,"",10.041203925899962,"","",0.000011906883113255162,2022,"","","",high,1,0,0,"",-32,0,napa_cabbage,71.1,"",1.6918478281364864,2005Q1-2012Q4,120.29038058050418,280.66578729360214,5.637164592411121,"",5.11134327136113,approximate,TRUE,TRUE,FALSE,FALSE
autumn_napa,Autumn Napa cabbage,가을배추,autumn,vegetable,0,control_pool,1991,09_vegetables_leafy.xls,DT_1ET0028,노지가을배추,DT_1J49: 배추 | DT_1J60: 배추,가을배추,종합 (see Yearbook 2025 pp.44–51),17268,10721,1851320,"","","","",9.756610356675369,9.27995971385624,14.431409456138272,"",9.756610356675369,"","",0.000009571594755897196,2022,"","","",high,1,0,0,"",-31,0,napa_cabbage,40.9,"",1.6918478281364864,2005Q1-2012Q4,69.1965761707823,147.11413863788314,4.991208738813736,"",4.465387417763744,approximate,TRUE,TRUE,FALSE,FALSE
autumn_napa,Autumn Napa cabbage,가을배추,autumn,vegetable,0,control_pool,1992,09_vegetables_leafy.xls,DT_1ET0028,노지가을배추,DT_1J49: 배추 | DT_1J60: 배추,가을배추,종합 (see Yearbook 2025 pp.44–51),13956,11266,1572225,"","","","",9.543664802306663,9.32954461945466,14.268002371500192,"",9.543664802306663,"","",-0.00003686427303861706,2022,"","","",high,1,0,0,"",-30,0,napa_cabbage,36.625,"",1.6918478281364864,2005Q1-2012Q4,61.96392670549881,126.4651637865888,4.839966885155884,"",4.314145564105893,approximate,TRUE,TRUE,FALSE,FALSE
autumn_napa,Autumn Napa cabbage,가을배추,autumn,vegetable,0,control_pool,1993,09_vegetables_leafy.xls,DT_1ET0028,노지가을배추,DT_1J49: 배추 | DT_1J60: 배추,가을배추,종합 (see Yearbook 2025 pp.44–51),20874,11594,2420176,"","","","",9.946259644379998,9.35824300189968,14.699350822761096,"",9.946259644379998,"","",0.00001836246951292253,2022,"","","",high,1,0,0,"",-29,0,napa_cabbage,30.900000000000002,"",1.6918478281364864,2005Q1-2012Q4,52.27809788941743,108.06976992728995,4.682777036389795,"",4.156955715339803,approximate,TRUE,TRUE,FALSE,FALSE
autumn_napa,Autumn Napa cabbage,가을배추,autumn,vegetable,0,control_pool,1994,09_vegetables_leafy.xls,DT_1ET0028,노지가을배추,DT_1J49: 배추 | DT_1J60: 배추,가을배추,종합 (see Yearbook 2025 pp.44–51),15976,11153,1781778,"","","","",9.67884287509565,9.319463798994535,14.393122300127688,"",9.67884287509565,"","",-0.000014187974409551884,2022,"","","",high,1,0,0,"",-28,0,napa_cabbage,41.05,"",1.6918478281364864,2005Q1-2012Q4,69.45035334500277,131.32643107953533,4.877686064016785,"",4.351864742966793,approximate,TRUE,TRUE,FALSE,FALSE
autumn_napa,Autumn Napa cabbage,가을배추,autumn,vegetable,0,control_pool,1995,09_vegetables_leafy.xls,DT_1ET0028,노지가을배추,DT_1J49: 배추 | DT_1J60: 배추,가을배추,종합 (see Yearbook 2025 pp.44–51),16010,10737,1719073,"","","","",9.68096880599076,9.281450999434137,14.357295750013629,"",9.68096880599076,"","",0.00004613057682334443,2022,"","","",high,1,0,0,"",-27,0,napa_cabbage,77.5,"",1.6918478281364864,2005Q1-2012Q4,131.11820668057769,225.63417163641063,5.41891497817303,"",4.893093657123037,approximate,TRUE,TRUE,FALSE,FALSE
autumn_napa,Autumn Napa cabbage,가을배추,autumn,vegetable,0,control_pool,1996,09_vegetables_leafy.xls,DT_1ET0028,노지가을배추,DT_1J49: 배추 | DT_1J60: 배추,가을배추,종합 (see Yearbook 2025 pp.44–51),14999,11850,1777325,"","","","",9.61573881119536,9.380083146563278,14.390619982929469,"",9.61573881119536,"","",-0.000031788841079460894,2022,"","","",high,1,0,0,"",-26,0,napa_cabbage,105.925,"",1.6918478281364864,2005Q1-2012Q4,179.20898119535732,293.72498461042574,5.682643903059136,"",5.156822582009144,approximate,TRUE,TRUE,FALSE,FALSE
autumn_napa,Autumn Napa cabbage,가을배추,autumn,vegetable,0,control_pool,1997,09_vegetables_leafy.xls,DT_1ET0028,노지가을배추,DT_1J49: 배추 | DT_1J60: 배추,가을배추,종합 (see Yearbook 2025 pp.44–51),13418,11036,1480744,"","","","",9.504352368122833,9.308917935337176,14.208055222130326,"",9.504352368122833,"","",-0.000044895341591910665,2022,"","","",high,1,0,0,"",-25,0,napa_cabbage,96.95,"",1.6918478281364864,2005Q1-2012Q4,164.02464693783236,276.56421451298576,5.62244303455202,"",5.096621713502029,approximate,TRUE,TRUE,FALSE,FALSE
autumn_napa,Autumn Napa cabbage,가을배추,autumn,vegetable,0,control_pool,1998,09_vegetables_leafy.xls,DT_1ET0028,노지가을배추,DT_1J49: 배추 | DT_1J60: 배추,가을배추,종합 (see Yearbook 2025 pp.44–51),14931,10048,1500196,"","","","",9.611194867526663,9.21512888870798,14.22110632420296,"",9.611194867526663,"","",-0.00004724604359118701,2022,"","","",high,1,0,0,"",-24,0,napa_cabbage,106.075,"",1.6918478281364864,2005Q1-2012Q4,179.46275836957778,304.1611130277208,5.717557538082848,"",5.191736217032855,approximate,TRUE,TRUE,FALSE,FALSE
autumn_napa,Autumn Napa cabbage,가을배추,autumn,vegetable,0,control_pool,1999,09_vegetables_leafy.xls,DT_1ET0028,노지가을배추,DT_1J49: 배추 | DT_1J60: 배추,가을배추,종합 (see Yearbook 2025 pp.44–51),12929,9297,1201997,"","","","",9.467228129254554,9.137447046455858,13.999494898233907,"",9.467228129254554,"","",-0.00001009148841113472,2022,"","","",high,1,0,0,"",-23,0,napa_cabbage,113.675,"",1.6918478281364864,2005Q1-2012Q4,192.32080186341508,304.6701040361339,5.719229565116708,"",5.193408244066715,approximate,TRUE,TRUE,FALSE,FALSE
autumn_napa,Autumn Napa cabbage,가을배추,autumn,vegetable,0,control_pool,2000,09_vegetables_leafy.xls,DT_1ET0028,노지가을배추,DT_1J49: 배추 | DT_1J60: 배추,가을배추,종합 (see Yearbook 2025 pp.44–51),16413,9849,1616515,"","","","",9.705828982731935,9.195125206169704,14.295783155411716,"",9.705828982731935,"","",-8.475018287157354e-7,2022,"","","",high,1,0,0,"",-22,0,napa_cabbage,88.025,"",1.6918478281364864,2005Q1-2012Q4,148.9249050717142,225.35808121289733,5.417690609212103,"",4.891869288162112,approximate,TRUE,TRUE,FALSE,FALSE
autumn_napa,Autumn Napa cabbage,가을배추,autumn,vegetable,0,control_pool,2001,09_vegetables_leafy.xls,DT_1ET0028,노지가을배추,DT_1J49: 배추 | DT_1J60: 배추,가을배추,종합 (see Yearbook 2025 pp.44–51),14169,10213,1447140,"","","","",9.558811758564229,9.2314166975781,14.185099752833942,"",9.558811758564229,"","",0.00004148267970727204,2022,"","","",high,1,0,0,"",-21,0,napa_cabbage,104.825,"",1.6918478281364864,2005Q1-2012Q4,177.3479485844072,258.7204450077686,5.555748115863529,"",5.029926794813536,approximate,TRUE,TRUE,FALSE,FALSE
autumn_napa,Autumn Napa cabbage,가을배추,autumn,vegetable,0,control_pool,2002,09_vegetables_leafy.xls,DT_1ET0028,노지가을배추,DT_1J49: 배추 | DT_1J60: 배추,가을배추,종합 (see Yearbook 2025 pp.44–51),11293,9557,1079219,"","","","",9.331938343723673,9.16502914926618,13.891748189354509,"",9.331938343723673,"","",-0.00004911764724901957,2022,"","","",high,1,0,0,"",-20,0,napa_cabbage,134.2,"",1.6918478281364864,2005Q1-2012Q4,227.04597853591648,321.69750016111044,5.77361166350018,"",5.247790342450188,approximate,TRUE,TRUE,FALSE,FALSE
autumn_napa,Autumn Napa cabbage,가을배추,autumn,vegetable,0,control_pool,2003,09_vegetables_leafy.xls,DT_1ET0028,노지가을배추,DT_1J49: 배추 | DT_1J60: 배추,가을배추,종합 (see Yearbook 2025 pp.44–51),12596,9183,1156652,"","","","",9.441134582220917,9.125109227613525,13.961040183059264,"",9.441134582220917,"","",-0.000033440787081673307,2022,"","","",high,1,0,0,"",-19,0,napa_cabbage,208.3,"",1.6918478281364864,2005Q1-2012Q4,352.4119026008301,468.5377592108766,6.149616694398516,"",5.623795373348524,approximate,TRUE,TRUE,FALSE,FALSE
autumn_napa,Autumn Napa cabbage,가을배추,autumn,vegetable,0,control_pool,2004,09_vegetables_leafy.xls,DT_1ET0028,노지가을배추,DT_1J49: 배추 | DT_1J60: 배추,가을배추,종합 (see Yearbook 2025 pp.44–51),13858,10212,1415161,"","","","",9.536617962187329,9.231318778361375,14.162753863505646,"",9.536617962187329,"","",-0.00001269105496426448,2022,"","","",high,1,0,0,"",-18,0,napa_cabbage,125.95,"",1.6918478281364864,2005Q1-2012Q4,213.08823395379045,274.98010919481203,5.616698764849932,"",5.090877443799941,approximate,TRUE,TRUE,FALSE,FALSE
autumn_napa,Autumn Napa cabbage,가을배추,autumn,vegetable,0,control_pool,2005,09_vegetables_leafy.xls,DT_1ET0028,노지가을배추,DT_1J49: 배추 | DT_1J60: 배추,가을배추,종합 (see Yearbook 2025 pp.44–51),11001,10134,1114821,"","","","",9.305741456739437,9.223651386035854,13.92420441187214,"",9.305741456739437,"","",-0.00001824491505786341,2022,"","","",high,1,0,0,"",-17,0,napa_cabbage,73.125,123.6,1.6918478281364864,2005Q1-2012Q4,123.6,175.64180923335658,5.168446746445272,5.168446746445272,4.643564674147318,approximate,TRUE,TRUE,FALSE,FALSE
autumn_napa,Autumn Napa cabbage,가을배추,autumn,vegetable,0,control_pool,2006,09_vegetables_leafy.xls,DT_1ET0028,노지가을배추,DT_1J49: 배추 | DT_1J60: 배추,가을배추,종합 (see Yearbook 2025 pp.44–51),14368,9896,1421858,"","","","",9.57275879054198,9.199885914072324,14.167475025006022,"",9.57275879054198,"","",5.063798091953231e-7,2022,"","","",high,1,0,0,"",-16,0,napa_cabbage,49.025,82.875,1.6918478281364864,2005Q1-2012Q4,82.875,116.85404424394538,4.760925670946016,4.760925670946016,4.235921921643941,approximate,TRUE,TRUE,FALSE,FALSE
autumn_napa,Autumn Napa cabbage,가을배추,autumn,vegetable,0,control_pool,2007,09_vegetables_leafy.xls,DT_1ET0028,노지가을배추,DT_1J49: 배추 | DT_1J60: 배추,가을배추,종합 (see Yearbook 2025 pp.44–51),12178,9351,1138757,"","","","",9.40738632416852,9.143238568435446,13.94544787462852,"",9.40738632416852,"","",-0.0000068319873545164,2022,"","","",high,1,0,0,"",-15,0,napa_cabbage,49.375,83.475,1.6918478281364864,2005Q1-2012Q4,83.475,116.83218660111493,4.760738602646654,4.760738602646654,4.235634622301297,approximate,TRUE,TRUE,FALSE,FALSE
autumn_napa,Autumn Napa cabbage,가을배추,autumn,vegetable,0,control_pool,2008,09_vegetables_leafy.xls,DT_1ET0028,노지가을배추,DT_1J49: 배추 | DT_1J60: 배추,가을배추,종합 (see Yearbook 2025 pp.44–51),14693,10241,1504639,"","","","",9.595126468875948,9.234154550075438,14.224063560282762,"",9.595126468875948,"","",-0.000047272680530952016,2022,"","","",high,1,0,0,"",-14,0,napa_cabbage,31.05,52.475,1.6918478281364864,2005Q1-2012Q4,52.475,73.0157726280673,4.290675481208239,4.290675481208239,3.765935879661278,approximate,TRUE,TRUE,FALSE,FALSE
autumn_napa,Autumn Napa cabbage,가을배추,autumn,vegetable,0,control_pool,2009,09_vegetables_leafy.xls,DT_1ET0028,노지가을배추,DT_1J49: 배추 | DT_1J60: 배추,가을배추,종합 (see Yearbook 2025 pp.44–51),14462,10946,1582966,"","","","",9.579279798734897,9.300729371703865,14.274810860426552,"",9.579279798734897,"","",-0.000028124024117559543,2022,"","","",high,1,0,0,"",-13,0,napa_cabbage,23.875,40.375,1.6918478281364864,2005Q1-2012Q4,40.375,56.4389097960124,4.033158810639521,4.033158810639521,3.507788699230241,approximate,TRUE,TRUE,FALSE,FALSE
autumn_napa,Autumn Napa cabbage,가을배추,autumn,vegetable,0,control_pool,2010,09_vegetables_leafy.xls,DT_1ET0028,노지가을배추,DT_1J49: 배추 | DT_1J60: 배추,가을배추,종합 (see Yearbook 2025 pp.44–51),13540,8773,1187840,"","","","",9.513403546466266,9.079434102128385,13.987647089699864,"",9.513403546466266,"","",-0.00002037290669498759,2022,"","","",high,1,0,0,"",-12,0,napa_cabbage,32.225,54.475,1.6918478281364864,2005Q1-2012Q4,54.475,71.32982977098864,4.2673146097875705,4.2673146097875705,3.7422093813818087,approximate,TRUE,TRUE,FALSE,FALSE
autumn_napa,Autumn Napa cabbage,가을배추,autumn,vegetable,0,control_pool,2011,09_vegetables_leafy.xls,DT_1ET0028,노지가을배추,DT_1J49: 배추 | DT_1J60: 배추,가을배추,종합 (see Yearbook 2025 pp.44–51),17326,10948,1896828,"","","","",9.759963542450086,9.30091207016057,14.455693575328302,"",9.759963542450086,"","",-0.000011851294260623035,2022,"","","",high,1,0,0,"",-11,0,napa_cabbage,37.9,64.575,1.6918478281364864,2005Q1-2012Q4,64.575,78.86093840566076,4.367686028019319,4.367686028019319,3.834685858953634,approximate,TRUE,TRUE,FALSE,FALSE
autumn_napa,Autumn Napa cabbage,가을배추,autumn,vegetable,0,control_pool,2012,09_vegetables_leafy.xls,DT_1ET0028,노지가을배추,DT_1J49: 배추 | DT_1J60: 배추,가을배추,종합 (see Yearbook 2025 pp.44–51),13408,9681,1298084,"","","","",9.503606822721864,9.177920480720072,14.07639988909832,"",9.503606822721864,"","",0.00004277164447685777,2022,"","","",high,1,0,0,"",-10,0,napa_cabbage,33.875,56.849999999999994,1.6918478281364864,2005Q1-2012Q4,56.85,65.03368293695662,4.174905334706987,4.174905334706987,3.65738158566276,approximate,TRUE,TRUE,FALSE,FALSE
autumn_napa,Autumn Napa cabbage,가을배추,autumn,vegetable,0,control_pool,2013,09_vegetables_leafy.xls,DT_1ET0028,노지가을배추,DT_1J49: 배추 | DT_1J60: 배추,가을배추,종합 (see Yearbook 2025 pp.44–51),15095,10174,1535802,"","","","",9.62211884214094,9.22759072538271,14.244563278130627,"",9.62211884214094,"","",0.00002389659507073816,2022,"","","",high,1,0,0,"",-9,0,napa_cabbage,"",82.475,1.6918478281364864,2005Q1-2012Q4,82.475,96.14028955278992,4.565808474243991,4.565808474243991,"",approximate,TRUE,TRUE,FALSE,FALSE
autumn_napa,Autumn Napa cabbage,가을배추,autumn,vegetable,0,control_pool,2014,09_vegetables_leafy.xls,DT_1ET0028,노지가을배추,DT_1J49: 배추 | DT_1J60: 배추,가을배추,종합 (see Yearbook 2025 pp.44–51),15233,11150,1698463,"","","","",9.6312194061367,9.319194776888263,14.345234282418508,"",9.6312194061367,"","",-0.00000971461836662968,2022,"","","",high,1,0,0,"",-8,0,napa_cabbage,"",55.45,1.6918478281364864,2005Q1-2012Q4,55.45,66.2856583968459,4.193973560019555,4.193973560019555,"",approximate,TRUE,TRUE,FALSE,FALSE
autumn_napa,Autumn Napa cabbage,가을배추,autumn,vegetable,0,control_pool,2015,09_vegetables_leafy.xls,DT_1ET0028,노지가을배추,DT_1J49: 배추 | DT_1J60: 배추,가을배추,종합 (see Yearbook 2025 pp.44–51),12724,11286,1436075,"","","","",9.451245252869034,9.331318298529084,14.177424255638709,"",9.451245252869034,"","",0.00003089022867897029,2022,"","","",high,1,0,0,"",-7,0,napa_cabbage,"",68.65,1.6918478281364864,2005Q1-2012Q4,68.65,80.43134528931955,4.387403966989195,4.387403966989195,"",approximate,TRUE,TRUE,FALSE,FALSE
autumn_napa,Autumn Napa cabbage,가을배추,autumn,vegetable,0,control_pool,2016,09_vegetables_leafy.xls,DT_1ET0028,노지가을배추,DT_1J49: 배추 | DT_1J60: 배추,가을배추,종합 (see Yearbook 2025 pp.44–51),11429,9871,1128121,"","","","",9.343909263897595,9.197356444417888,13.936063974790724,"",9.343909263897595,"","",-0.00003154753667011789,2022,"","","",high,1,0,0,"",-6,0,napa_cabbage,"",91.15,1.6918478281364864,2005Q1-2012Q4,91.15,105.53291725882464,4.659022916182508,4.659022916182508,"",approximate,TRUE,TRUE,FALSE,FALSE
autumn_napa,Autumn Napa cabbage,가을배추,autumn,vegetable,0,control_pool,2017,09_vegetables_leafy.xls,DT_1ET0028,노지가을배추,DT_1J49: 배추 | DT_1J60: 배추,가을배추,종합 (see Yearbook 2025 pp.44–51),13673.566,9965,1362621,"","","","",9.523219758903204,9.206834232646894,14.124920608915849,"",9.523219758903204,"","",0.00003680335384181888,2022,"","","",high,1,0,0,"",-5,0,napa_cabbage,"",79.2,1.6918478281364864,2005Q1-2012Q4,79.2,86.48564530729551,4.459978449961898,4.459978449961898,"",approximate,TRUE,TRUE,FALSE,FALSE
autumn_napa,Autumn Napa cabbage,가을배추,autumn,vegetable,0,control_pool,2018,09_vegetables_leafy.xls,DT_1ET0028,노지가을배추,DT_1J49: 배추 | DT_1J60: 배추,가을배추,종합 (see Yearbook 2025 pp.44–51),13313.0866,10547,1404150,"","","","",9.496502785330764,9.263596738276616,14.154942695468,"",9.496502785330764,"","",0.00001335784871336898,2022,"","","",high,1,0,0,"",-4,0,napa_cabbage,"",77.825,1.6918478281364864,2005Q1-2012Q4,77.825,84.32624808173023,4.434693181688822,4.434693181688822,"",approximate,TRUE,TRUE,FALSE,FALSE
autumn_napa,Autumn Napa cabbage,가을배추,autumn,vegetable,0,control_pool,2019,09_vegetables_leafy.xls,DT_1ET0028,노지가을배추,DT_1J49: 배추 | DT_1J60: 배추,가을배추,종합 (see Yearbook 2025 pp.44–51),10968.112,9663.6954,1059924.9345,"","","","",9.302747432714447,9.176131400638123,13.873708647071208,"",9.302747432714447,"","",-2.9327473782814195e-10,2022,"","","",high,1,0,0,"",-3,0,napa_cabbage,"",65.425,1.6918478281364864,2005Q1-2012Q4,65.425,71.77617044940887,4.2735525330759625,4.2735525330759625,"",approximate,TRUE,TRUE,FALSE,FALSE
autumn_napa,Autumn Napa cabbage,가을배추,autumn,vegetable,0,control_pool,2020,09_vegetables_leafy.xls,DT_1ET0028,노지가을배추,DT_1J49: 배추 | DT_1J60: 배추,가을배추,종합 (see Yearbook 2025 pp.44–51),13854.0851,9670.37809,1339742.41037,"","","","",9.536335421193971,9.176822686959095,14.10798792238117,"",9.536335421193971,"","",2.1619506185288626e-10,2022,"","","",high,1,0,0,"",-2,0,napa_cabbage,"",99.975,1.6918478281364864,2005Q1-2012Q4,99.975,99.22607366268056,4.597400819096157,4.597400819096157,"",approximate,TRUE,TRUE,FALSE,FALSE
autumn_napa,Autumn Napa cabbage,가을배추,autumn,vegetable,0,control_pool,2021,09_vegetables_leafy.xls,DT_1ET0028,노지가을배추,DT_1J49: 배추 | DT_1J60: 배추,가을배추,종합 (see Yearbook 2025 pp.44–51),13345.2791,8598.285,1147465.1277,"","","","",9.49891797582,9.059318043750414,13.953065830651136,"",9.49891797582,"","",-2.931187736976426e-9,2022,"","","",high,1,0,0,"",-1,0,napa_cabbage,"",70.375,1.6918478281364864,2005Q1-2012Q4,70.375,62.72905668482546,4.138824764291543,4.138824764291543,"",approximate,TRUE,TRUE,FALSE,FALSE
autumn_napa,Autumn Napa cabbage,가을배추,autumn,vegetable,0,control_pool,2022,09_vegetables_leafy.xls,DT_1ET0028,노지가을배추,DT_1J49: 배추 | DT_1J60: 배추,가을배추,종합 (see Yearbook 2025 pp.44–51),13953.264,9691.9676,1352345.8205,"","","","",9.543468738375436,9.17905273896756,14.117351287271289,"",9.543468738375436,"","",-4.083618776462572e-9,2022,"","","",high,0,1,0,"",0,0,napa_cabbage,"",99.725,1.6918478281364864,2005Q1-2012Q4,99.725,90.71501185661512,4.507722854523933,4.507722854523933,"",approximate,TRUE,TRUE,FALSE,FALSE
autumn_napa,Autumn Napa cabbage,가을배추,autumn,vegetable,0,control_pool,2023,09_vegetables_leafy.xls,DT_1ET0028,노지가을배추,DT_1J49: 배추 | DT_1J60: 배추,가을배추,종합 (see Yearbook 2025 pp.44–51),13151.6771,9446.7665,1242408.2289,"","","","",9.484304565595544,9.153427792622344,14.032562174184893,"",9.484304565595544,"","",1.955097417294382e-9,2022,"","","",high,0,1,0,"",1,0,napa_cabbage,"",76.725,1.6918478281364864,2005Q1-2012Q4,76.725,69.66529864795456,4.243702326471669,4.243702326471669,"",approximate,TRUE,TRUE,FALSE,FALSE
autumn_napa,Autumn Napa cabbage,가을배추,autumn,vegetable,0,control_pool,2024,09_vegetables_leafy.xls,DT_1ET0028,노지가을배추,DT_1J49: 배추 | DT_1J60: 배추,가을배추,종합 (see Yearbook 2025 pp.44–51),13076.304,8901.5599,1163995.0384,"","","","",9.478557016273763,9.09398181002522,13.96736864472148,"",9.478557016273763,"","",4.410589227177297e-9,2022,"","","",high,0,1,0,"",2,0,napa_cabbage,"",124.825,1.6918478281364864,2005Q1-2012Q4,124.825,107.81539301219782,4.6804204406019885,4.6804204406019885,"",approximate,TRUE,TRUE,FALSE,FALSE
autumn_potato,Autumn potato,가을감자,autumn,tuber,0,robustness_treated,1980,06_potatoes.xlsx,DT_1ET0026,가을감자,DT_1J49: 감자 | DT_1J60: 감자,가을감자,종합 (see Yearbook 2025 pp.44–51),"","","","","","","","","","","","","","","",2008,2012,2011,2012,low,1,0,0,-32,-28,2012,potato,53.8,"",0.7711582109176423,2005Q1-2012Q4,41.48831174736915,188.65908169061024,5.239941585673607,"",5.4998033099157,approximate,TRUE,TRUE,FALSE,FALSE
autumn_potato,Autumn potato,가을감자,autumn,tuber,0,robustness_treated,1981,06_potatoes.xlsx,DT_1ET0026,가을감자,DT_1J49: 감자 | DT_1J60: 감자,가을감자,종합 (see Yearbook 2025 pp.44–51),"","","","","","","","","","","","","","","",2008,2012,2011,2012,low,1,0,0,-31,-27,2012,potato,55.5,"",0.7711582109176423,2005Q1-2012Q4,42.79928070592915,148.38730722348166,4.9998257962362365,"",5.259687520478331,approximate,TRUE,TRUE,FALSE,FALSE
autumn_potato,Autumn potato,가을감자,autumn,tuber,0,robustness_treated,1982,06_potatoes.xlsx,DT_1ET0026,가을감자,DT_1J49: 감자 | DT_1J60: 감자,가을감자,종합 (see Yearbook 2025 pp.44–51),"","","","","","","","","","","","","","","",2008,2012,2011,2012,low,1,0,0,-30,-26,2012,potato,46.375,"",0.7711582109176423,2005Q1-2012Q4,35.76246203130566,116.08588407951504,4.754330297156122,"",5.014192021398217,approximate,TRUE,TRUE,FALSE,FALSE
autumn_potato,Autumn potato,가을감자,autumn,tuber,0,robustness_treated,1983,06_potatoes.xlsx,DT_1ET0026,가을감자,DT_1J49: 감자 | DT_1J60: 감자,가을감자,종합 (see Yearbook 2025 pp.44–51),"","","","","","","","","","","","","","","",2008,2012,2011,2012,low,1,0,0,-29,-25,2012,potato,51.575,"",0.7711582109176423,2005Q1-2012Q4,39.7724847280774,125.8087001719051,4.834762500634166,"",5.094624224876259,approximate,TRUE,TRUE,FALSE,FALSE
autumn_potato,Autumn potato,가을감자,autumn,tuber,0,robustness_treated,1984,06_potatoes.xlsx,DT_1ET0026,가을감자,DT_1J49: 감자 | DT_1J60: 감자,가을감자,종합 (see Yearbook 2025 pp.44–51),"","","","","","","","","","","","","","","",2008,2012,2011,2012,low,1,0,0,-28,-24,2012,potato,53.75,"",0.7711582109176423,2005Q1-2012Q4,41.44975383682327,133.38924453500707,4.893271504556489,"",5.153133228798583,approximate,TRUE,TRUE,FALSE,FALSE
autumn_potato,Autumn potato,가을감자,autumn,tuber,0,robustness_treated,1985,06_potatoes.xlsx,DT_1ET0026,가을감자,DT_1J49: 감자 | DT_1J60: 감자,가을감자,종합 (see Yearbook 2025 pp.44–51),"","","","","","","","","","","","","","","",2008,2012,2011,2012,low,1,0,0,-27,-23,2012,potato,74.275,"",0.7711582109176423,2005Q1-2012Q4,57.27777611590788,177.4885830504694,5.178906286004371,"",5.438768010246465,approximate,TRUE,TRUE,FALSE,FALSE
autumn_potato,Autumn potato,가을감자,autumn,tuber,0,robustness_treated,1986,06_potatoes.xlsx,DT_1ET0026,가을감자,DT_1J49: 감자 | DT_1J60: 감자,가을감자,종합 (see Yearbook 2025 pp.44–51),"","","","","","","","","","","","","","","",2008,2012,2011,2012,low,1,0,0,-26,-22,2012,potato,64.125,"",0.7711582109176423,2005Q1-2012Q4,49.45052027509381,159.0900953517666,5.069470679174355,"",5.329332403416449,approximate,TRUE,TRUE,FALSE,FALSE
autumn_potato,Autumn potato,가을감자,autumn,tuber,0,robustness_treated,1987,06_potatoes.xlsx,DT_1ET0026,가을감자,DT_1J49: 감자 | DT_1J60: 감자,가을감자,종합 (see Yearbook 2025 pp.44–51),"","","","","","","","","","","","","","","",2008,2012,2011,2012,low,1,0,0,-25,-21,2012,potato,82.8,"",0.7711582109176423,2005Q1-2012Q4,63.851899863980776,199.68127437438025,5.296722467243932,"",5.556584191486025,approximate,TRUE,TRUE,FALSE,FALSE
autumn_potato,Autumn potato,가을감자,autumn,tuber,0,robustness_treated,1988,06_potatoes.xlsx,DT_1ET0026,가을감자,DT_1J49: 감자 | DT_1J60: 감자,가을감자,종합 (see Yearbook 2025 pp.44–51),"","","","","","","","","","","","","","","",2008,2012,2011,2012,low,1,0,0,-24,-20,2012,potato,120.65,"",0.7711582109176423,2005Q1-2012Q4,93.04023814721351,254.61811118238583,5.53976481942354,"",5.799626543665633,approximate,TRUE,TRUE,FALSE,FALSE
autumn_potato,Autumn potato,가을감자,autumn,tuber,0,robustness_treated,1989,06_potatoes.xlsx,DT_1ET0026,가을감자,DT_1J49: 감자 | DT_1J60: 감자,가을감자,종합 (see Yearbook 2025 pp.44–51),"","","","","","","","","","","","","","","",2008,2012,2011,2012,low,1,0,0,-23,-19,2012,potato,92.825,"",0.7711582109176423,2005Q1-2012Q4,71.58276092843015,185.60749568030812,5.223634205745156,"",5.48349592998725,approximate,TRUE,TRUE,FALSE,FALSE
autumn_potato,Autumn potato,가을감자,autumn,tuber,0,robustness_treated,1990,06_potatoes.xlsx,DT_1ET0026,가을감자,DT_1J49: 감자 | DT_1J60: 감자,가을감자,종합 (see Yearbook 2025 pp.44–51),"","","","","","","","","","","","","","","",2008,2012,2011,2012,low,1,0,0,-22,-18,2012,potato,123.3,"",0.7711582109176423,2005Q1-2012Q4,95.0838074061453,219.2604963785805,5.39026050412498,"",5.650122228367073,approximate,TRUE,TRUE,FALSE,FALSE
autumn_potato,Autumn potato,가을감자,autumn,tuber,0,robustness_treated,1991,06_potatoes.xlsx,DT_1ET0026,가을감자,DT_1J49: 감자 | DT_1J60: 감자,가을감자,종합 (see Yearbook 2025 pp.44–51),3512,1716,60276,"","","","",8.163940954755008,7.447751280047908,11.006689293538043,"",8.163940954755008,"","",0.0001672447232223,2008,2012,2011,2012,low,1,0,0,-21,-17,2012,potato,162.5,"",0.7711582109176423,2005Q1-2012Q4,125.31320927411689,267.2224211677574,5.588081349698091,"",5.847943073940185,approximate,TRUE,TRUE,FALSE,FALSE
autumn_potato,Autumn potato,가을감자,autumn,tuber,0,robustness_treated,1992,06_potatoes.xlsx,DT_1ET0026,가을감자,DT_1J49: 감자 | DT_1J60: 감자,가을감자,종합 (see Yearbook 2025 pp.44–51),8520,1732,147584,"","","","",9.05017161982336,7.4570320891223805,11.902152784188676,"",9.05017161982336,"","",0.0001192612310259,2008,2012,2011,2012,low,1,0,0,-20,-16,2012,potato,158.525,"",0.7711582109176423,2005Q1-2012Q4,122.24785538571923,249.4684134251065,5.519332307678609,"",5.779194031920703,approximate,TRUE,TRUE,FALSE,FALSE
autumn_potato,Autumn potato,가을감자,autumn,tuber,0,robustness_treated,1993,06_potatoes.xlsx,DT_1ET0026,가을감자,DT_1J49: 감자 | DT_1J60: 감자,가을감자,종합 (see Yearbook 2025 pp.44–51),4200,1936,81306,"","","","",8.34283980427146,7.568379267836522,11.305975093550767,"",8.34283980427146,"","",-0.0000737925691218777,2008,2012,2011,2012,low,1,0,0,-19,-15,2012,potato,119.825,"",0.7711582109176423,2005Q1-2012Q4,92.40403262320648,190.6339339249904,5.25035501275523,"",5.510216736997323,approximate,TRUE,TRUE,FALSE,FALSE
autumn_potato,Autumn potato,가을감자,autumn,tuber,0,robustness_treated,1994,06_potatoes.xlsx,DT_1ET0026,가을감자,DT_1J49: 감자 | DT_1J60: 감자,가을감자,종합 (see Yearbook 2025 pp.44–51),3548,1608,57069,"","","","",8.17413934342947,7.382746449738912,10.95201634103625,"",8.17413934342947,"","",0.0003007338559601,2008,2012,2011,2012,low,1,0,0,-18,-14,2012,potato,140.575,"",0.7711582109176423,2005Q1-2012Q4,108.40556549974757,207.75103954738512,5.336340437561234,"",5.596202161803328,approximate,TRUE,TRUE,FALSE,FALSE
autumn_potato,Autumn potato,가을감자,autumn,tuber,0,robustness_treated,1995,06_potatoes.xlsx,DT_1ET0026,가을감자,DT_1J49: 감자 | DT_1J60: 감자,가을감자,종합 (see Yearbook 2025 pp.44–51),4821,1833,88369,"","","","",8.480736654405622,7.513709247839705,11.389276508390536,"",8.480736654405622,"","",7.92133301175113e-7,2008,2012,2011,2012,low,1,0,0,-17,-13,2012,potato,177.77499999999998,"",0.7711582109176423,2005Q1-2012Q4,137.09265094588386,235.5549287179313,5.461944129223176,"",5.72180585346527,approximate,TRUE,TRUE,FALSE,FALSE
autumn_potato,Autumn potato,가을감자,autumn,tuber,0,robustness_treated,1996,06_potatoes.xlsx,DT_1ET0026,가을감자,DT_1J49: 감자 | DT_1J60: 감자,가을감자,종합 (see Yearbook 2025 pp.44–51),7397,1704,126076,"","","","",8.908829791587868,7.440733707389261,11.744640178700104,"",8.908829791587868,"","",0.0002468657110661,2008,2012,2011,2012,low,1,0,0,-16,-12,2012,potato,199.3,"",0.7711582109176423,2005Q1-2012Q4,153.69183143588612,252.03351889620097,5.52956209015904,"",5.789423814401134,approximate,TRUE,TRUE,FALSE,FALSE
autumn_potato,Autumn potato,가을감자,autumn,tuber,0,robustness_treated,1997,06_potatoes.xlsx,DT_1ET0026,가을감자,DT_1J49: 감자 | DT_1J60: 감자,가을감자,종합 (see Yearbook 2025 pp.44–51),4998,1668,83342,"","","","",8.516793111394898,7.419380582918692,11.33070790276865,"",8.516793111394898,"","",-0.0002956055568485,2008,2012,2011,2012,low,1,0,0,-15,-11,2012,potato,166.575,"",0.7711582109176423,2005Q1-2012Q4,128.45567898360625,216.26979726225392,5.376526689655267,"",5.636388413897361,approximate,TRUE,TRUE,FALSE,FALSE
autumn_potato,Autumn potato,가을감자,autumn,tuber,0,robustness_treated,1998,06_potatoes.xlsx,DT_1ET0026,가을감자,DT_1J49: 감자 | DT_1J60: 감자,가을감자,종합 (see Yearbook 2025 pp.44–51),4839,1579,76398,"","","","",8.48446336679332,7.364547014255642,11.24371179680149,"",8.48446336679332,"","",-0.0001283982593793,2008,2012,2011,2012,low,1,0,0,-14,-10,2012,potato,177.4,"",0.7711582109176423,2005Q1-2012Q4,136.80346661678973,232.3853161145853,5.448396839309403,"",5.708258563551498,approximate,TRUE,TRUE,FALSE,FALSE
autumn_potato,Autumn potato,가을감자,autumn,tuber,0,robustness_treated,1999,06_potatoes.xlsx,DT_1ET0026,가을감자,DT_1J49: 감자 | DT_1J60: 감자,가을감자,종합 (see Yearbook 2025 pp.44–51),6179,1531,94581,"","","","",8.72891172506098,7.333676395657684,11.457211889201815,"",8.72891172506098,"","",-0.0002060455287562,2008,2012,2011,2012,low,1,0,0,-13,-9,2012,potato,193.2,"",0.7711582109176423,2005Q1-2012Q4,148.98776634928848,238.11150629906865,5.472739077814757,"",5.732600802056851,approximate,TRUE,TRUE,FALSE,FALSE
autumn_potato,Autumn potato,가을감자,autumn,tuber,0,robustness_treated,2000,06_potatoes.xlsx,DT_1ET0026,가을감자,DT_1J49: 감자 | DT_1J60: 감자,가을감자,종합 (see Yearbook 2025 pp.44–51),5420,1435,77791,"","","","",8.597851094433691,7.268920128193722,11.26178102224096,"",8.597851094433691,"","",0.0001799856016386,2008,2012,2011,2012,low,1,0,0,-12,-8,2012,potato,159.6,"",0.7711582109176423,2005Q1-2012Q4,123.07685046245572,184.6383922562757,5.218399275830978,"",5.478261000073072,approximate,TRUE,TRUE,FALSE,FALSE
autumn_potato,Autumn potato,가을감자,autumn,tuber,0,robustness_treated,2001,06_potatoes.xlsx,DT_1ET0026,가을감자,DT_1J49: 감자 | DT_1J60: 감자,가을감자,종합 (see Yearbook 2025 pp.44–51),4850,2126,103092,"","","","",8.48673398393153,7.661997558901893,11.543377072426058,"",8.48673398393153,"","",-0.0001842844192729,2008,2012,2011,2012,low,1,0,0,-11,-7,2012,potato,155.525,"",0.7711582109176423,2005Q1-2012Q4,119.93438075296632,175.76450564550217,5.169145062963426,"",5.42900678720552,approximate,TRUE,TRUE,FALSE,FALSE
autumn_potato,Autumn potato,가을감자,autumn,tuber,0,robustness_treated,2002,06_potatoes.xlsx,DT_1ET0026,가을감자,DT_1J49: 감자 | DT_1J60: 감자,가을감자,종합 (see Yearbook 2025 pp.44–51),5084,1825,92758,"","","","",8.533853632309345,7.509335266016592,11.437749230119346,"",8.533853632309345,"","",-0.0002694822184992,2008,2012,2011,2012,low,1,0,0,-10,-6,2012,potato,103.775,"",0.7711582109176423,2005Q1-2012Q4,80.02694333797832,113.72848983763114,4.733813939620821,"",4.9936756638629145,approximate,TRUE,TRUE,FALSE,FALSE
autumn_potato,Autumn potato,가을감자,autumn,tuber,0,robustness_treated,2003,06_potatoes.xlsx,DT_1ET0026,가을감자,DT_1J49: 감자 | DT_1J60: 감자,가을감자,종합 (see Yearbook 2025 pp.44–51),3943,1666,65687,"","","","",8.279697133877628,7.418180822726788,11.09265631579205,"",8.279697133877628,"","",-0.00005145482427337811,2008,2012,2011,2012,low,1,0,0,-9,-5,2012,potato,151.07500000000002,"",0.7711582109176423,2005Q1-2012Q4,116.5027267143828,154.2216017899852,5.038390540746838,"",5.298252264988932,approximate,TRUE,TRUE,FALSE,FALSE
autumn_potato,Autumn potato,가을감자,autumn,tuber,0,robustness_treated,2004,06_potatoes.xlsx,DT_1ET0026,가을감자,DT_1J49: 감자 | DT_1J60: 감자,가을감자,종합 (see Yearbook 2025 pp.44–51),6131,2101,128809,"","","","",8.721113147762688,7.650168700845001,11.766085965987587,"",8.721113147762688,"","",-0.00002569663200802097,2008,2012,2011,2012,low,1,0,0,-8,-4,2012,potato,211.275,"",0.7711582109176423,2005Q1-2012Q4,162.92645101162486,212.5587282268316,5.359218318308102,"",5.619080042550196,approximate,TRUE,TRUE,FALSE,FALSE
autumn_potato,Autumn potato,가을감자,autumn,tuber,0,robustness_treated,2005,06_potatoes.xlsx,DT_1ET0026,가을감자,DT_1J49: 감자 | DT_1J60: 감자,가을감자,종합 (see Yearbook 2025 pp.44–51),8308,2233,185519,"","","","",9.024974184996005,7.711101251840158,12.130912581660466,"",9.024974184996005,"","",0.000007330812396233455,2008,2012,2011,2012,low,1,0,0,-7,-3,2012,potato,95.625,73.525,0.7711582109176423,2005Q1-2012Q4,73.525,100.65799777875804,4.61172861021812,4.61172861021812,4.87453876853076,approximate,TRUE,TRUE,FALSE,FALSE
autumn_potato,Autumn potato,가을감자,autumn,tuber,0,robustness_treated,2006,06_potatoes.xlsx,DT_1ET0026,가을감자,DT_1J49: 감자 | DT_1J60: 감자,가을감자,종합 (see Yearbook 2025 pp.44–51),5026,2328,116985,"","","","",8.522379718103538,7.752764808851328,11.669801000432708,"",8.522379718103538,"","",-0.0001733405340669,2008,2012,2011,2012,low,1,0,0,-6,-2,2012,potato,102.275,78.625,0.7711582109176423,2005Q1-2012Q4,78.625,111.56174337397172,4.714578189868914,4.714578189868914,4.977553061757051,approximate,TRUE,TRUE,FALSE,FALSE
autumn_potato,Autumn potato,가을감자,autumn,tuber,0,robustness_treated,2007,06_potatoes.xlsx,DT_1ET0026,가을감자,DT_1J49: 감자 | DT_1J60: 감자,가을감자,종합 (see Yearbook 2025 pp.44–51),4186,2259,94542,"","","","",8.339500903005945,7.7226775164680035,11.4567994591901,"",8.339500903005945,"","",-0.0002087742957552,2008,2012,2011,2012,low,1,0,0,-5,-1,2012,potato,122.6,94.225,0.7711582109176423,2005Q1-2012Q4,94.225,130.4210153457002,4.870767797134109,4.870767797134109,5.1340033960210905,approximate,TRUE,TRUE,FALSE,FALSE
autumn_potato,Autumn potato,가을감자,autumn,tuber,0,robustness_treated,2008,06_potatoes.xlsx,DT_1ET0026,가을감자,DT_1J49: 감자 | DT_1J60: 감자,가을감자,종합 (see Yearbook 2025 pp.44–51),4128,2409,99442,"","","","",8.325548307161398,7.786967002614872,11.50732983861307,"",8.325548307161398,"","",-0.000015285175109625015,2008,2012,2011,2012,low,0,1,0,-4,0,2012,potato,137.025,105.35,0.7711582109176423,2005Q1-2012Q4,105.35,146.2798763343577,4.985521747877198,4.985521747877198,5.248400401370723,approximate,TRUE,TRUE,FALSE,FALSE
autumn_potato,Autumn potato,가을감자,autumn,tuber,0,robustness_treated,2009,06_potatoes.xlsx,DT_1ET0026,가을감자,DT_1J49: 감자 | DT_1J60: 감자,가을감자,종합 (see Yearbook 2025 pp.44–51),3876,2084,80793,"","","","",8.262558973010657,7.642044402873258,11.299645607092907,"",8.262558973010657,"","",0.0002124171970852,2008,2012,2011,2012,low,0,1,0,-3,1,2012,potato,104.675,80.425,0.7711582109176423,2005Q1-2012Q4,80.425,112.40271211676544,4.722088066321205,4.722088066321205,4.985629640542959,approximate,TRUE,TRUE,FALSE,FALSE
autumn_potato,Autumn potato,가을감자,autumn,tuber,0,robustness_treated,2010,06_potatoes.xlsx,DT_1ET0026,가을감자,DT_1J49: 감자 | DT_1J60: 감자,가을감자,종합 (see Yearbook 2025 pp.44–51),4810,1739,83652,"","","","",8.478452363099807,7.461065514354283,11.334420615274398,"",8.478452363099807,"","",0.00007292380839984958,2008,2012,2011,2012,low,0,1,0,-2,2,2012,potato,135.85,104.35,0.7711582109176423,2005Q1-2012Q4,104.35,137.25465708905514,4.921838011246078,4.921838011246078,5.185290346311216,approximate,TRUE,TRUE,FALSE,FALSE
autumn_potato,Autumn potato,가을감자,autumn,tuber,0,robustness_treated,2011,06_potatoes.xlsx,DT_1ET0026,가을감자,DT_1J49: 감자 | DT_1J60: 감자,가을감자,종합 (see Yearbook 2025 pp.44–51),3894,1789,69674,"","","","",8.267192185932146,7.489412083508719,11.151582499896955,"",8.267192185932146,"","",0.0001484164441816,2008,2012,2011,2012,low,0,1,0,-1,3,2012,potato,140.425,109.725,0.7711582109176423,2005Q1-2012Q4,109.725,133.89157747994955,4.897030349150029,4.897030349150029,5.143892555712122,approximate,TRUE,TRUE,FALSE,FALSE
autumn_potato,Autumn potato,가을감자,autumn,tuber,0,robustness_treated,2012,06_potatoes.xlsx,DT_1ET0026,가을감자,DT_1J49: 감자 | DT_1J60: 감자,가을감자,종합 (see Yearbook 2025 pp.44–51),3713,1716,63730,"","","","",8.21959545417708,7.447751280047908,11.06241068830834,"",8.21959545417708,"","",0.0002341400714431,2008,2012,2011,2012,low,0,0,1,0,4,2012,potato,152,117.9,0.7711582109176423,2005Q1-2012Q4,117.9,133.88470278288173,4.896979002577714,4.896979002577714,5.151042636539394,approximate,TRUE,TRUE,FALSE,FALSE
autumn_potato,Autumn potato,가을감자,autumn,tuber,0,robustness_treated,2013,06_potatoes.xlsx,DT_1ET0026,가을감자,DT_1J49: 감자 | DT_1J60: 감자,가을감자,종합 (see Yearbook 2025 pp.44–51),2702,1676,45289,"","","","",7.901747518520144,7.424165281042028,10.72081945637715,"",7.901747518520144,"","",0.00007684280306818891,2008,2012,2011,2012,low,0,0,1,1,5,2012,potato,"",89.44999999999999,0.7711582109176423,2005Q1-2012Q4,89.44999999999999,103.39429255906232,4.638549762862895,4.638549762862895,"",approximate,TRUE,TRUE,FALSE,FALSE
autumn_potato,Autumn potato,가을감자,autumn,tuber,0,robustness_treated,2014,06_potatoes.xlsx,DT_1ET0026,가을감자,DT_1J49: 감자 | DT_1J60: 감자,가을감자,종합 (see Yearbook 2025 pp.44–51),2901,1713,49690,"","","","",7.972810784121404,7.44600149832412,10.813558984596366,"",7.972810784121404,"","",-0.00008311186106624291,2008,2012,2011,2012,low,0,0,1,2,6,2012,potato,"",78.475,0.7711582109176423,2005Q1-2012Q4,78.475,93.65849729377146,4.539655159357749,4.539655159357749,"",approximate,TRUE,TRUE,FALSE,FALSE
autumn_potato,Autumn potato,가을감자,autumn,tuber,0,robustness_treated,2015,06_potatoes.xlsx,DT_1ET0026,가을감자,DT_1J49: 감자 | DT_1J60: 감자,가을감자,종합 (see Yearbook 2025 pp.44–51),2286,1685,38508,"","","","",7.734558844354756,7.429520842786462,10.558621290897856,"",7.734558844354756,"","",-0.0002882102552685,2008,2012,2011,2012,low,0,0,1,3,7,2012,potato,"",111,0.7711582109176423,2005Q1-2012Q4,111,130.2584519796396,4.869520568966875,4.869520568966875,"",approximate,TRUE,TRUE,FALSE,FALSE
autumn_potato,Autumn potato,가을감자,autumn,tuber,0,robustness_treated,2016,06_potatoes.xlsx,DT_1ET0026,가을감자,DT_1J49: 감자 | DT_1J60: 감자,가을감자,종합 (see Yearbook 2025 pp.44–51),3162,1267,40073,"","","","",8.058960017769417,7.144407180321139,10.598458069806934,"",8.058960017769417,"","",0.0002610577044688,2008,2012,2011,2012,low,0,0,1,4,8,2012,potato,"",99,0.7711582109176423,2005Q1-2012Q4,99,114.26720985383578,4.738539651724226,4.738539651724226,"",approximate,TRUE,TRUE,FALSE,FALSE
autumn_potato,Autumn potato,가을감자,autumn,tuber,0,robustness_treated,2017,06_potatoes.xlsx,DT_1ET0026,가을감자,DT_1J49: 감자 | DT_1J60: 감자,가을감자,종합 (see Yearbook 2025 pp.44–51),2787,1663,46342,"","","","",7.932721027481948,7.416378479192928,10.743803956312696,"",7.932721027481948,"","",-0.0001253643740906,2008,2012,2011,2012,low,0,0,1,5,9,2012,potato,"",125.5,0.7711582109176423,2005Q1-2012Q4,125.5,136.6057145812061,4.917098780677512,4.917098780677512,"",approximate,TRUE,TRUE,FALSE,FALSE
autumn_potato,Autumn potato,가을감자,autumn,tuber,0,robustness_treated,2018,06_potatoes.xlsx,DT_1ET0026,가을감자,DT_1J49: 감자 | DT_1J60: 감자,가을감자,종합 (see Yearbook 2025 pp.44–51),4121,1723,71010,"","","","",8.323851131338817,7.45182223652793,11.17057599117614,"",8.323851131338817,"","",0.00007280929748354481,2008,2012,2011,2012,low,0,0,1,6,10,2012,potato,"",176.8,0.7711582109176423,2005Q1-2012Q4,176.8,191.88686326746023,5.256905944534211,5.256905944534211,"",approximate,TRUE,TRUE,FALSE,FALSE
autumn_potato,Autumn potato,가을감자,autumn,tuber,0,robustness_treated,2019,06_potatoes.xlsx,DT_1ET0026,가을감자,DT_1J49: 감자 | DT_1J60: 감자,가을감자,종합 (see Yearbook 2025 pp.44–51),4835,1754,84794,"","","","",8.483636407887394,7.469654172932128,11.34798006455978,"",8.483636407887394,"","",-0.0001403302716518,2008,2012,2011,2012,low,0,0,1,7,11,2012,potato,"",96.925,0.7711582109176423,2005Q1-2012Q4,96.925,104.93879426650663,4.653377268450864,4.653377268450864,"",approximate,TRUE,TRUE,FALSE,FALSE
autumn_potato,Autumn potato,가을감자,autumn,tuber,0,robustness_treated,2020,06_potatoes.xlsx,DT_1ET0026,가을감자,DT_1J49: 감자 | DT_1J60: 감자,가을감자,종합 (see Yearbook 2025 pp.44–51),3870,1483,57405,"","","","",8.261009786023827,7.301822342137932,10.957886686527912,"",8.261009786023827,"","",0.0002247443542433,2008,2012,2011,2012,low,0,0,1,8,12,2012,potato,"",99.975,0.7711582109176423,2005Q1-2012Q4,99.975,100.19942571818392,4.60716245727889,4.60716245727889,"",approximate,TRUE,TRUE,FALSE,FALSE
autumn_potato,Autumn potato,가을감자,autumn,tuber,0,robustness_treated,2021,06_potatoes.xlsx,DT_1ET0026,가을감자,DT_1J49: 감자 | DT_1J60: 감자,가을감자,종합 (see Yearbook 2025 pp.44–51),3591,1591,57137,"","","","",8.186185994226083,7.372118028337787,10.953207171781322,"",8.186185994226083,"","",0.00007333520554375639,2008,2012,2011,2012,low,0,0,1,9,13,2012,potato,"",110.35,0.7711582109176423,2005Q1-2012Q4,110.35,98.10680335716408,4.5860567154119325,4.5860567154119325,"",approximate,TRUE,TRUE,FALSE,FALSE
autumn_potato,Autumn potato,가을감자,autumn,tuber,0,robustness_treated,2022,06_potatoes.xlsx,DT_1ET0026,가을감자,DT_1J49: 감자 | DT_1J60: 감자,가을감자,종합 (see Yearbook 2025 pp.44–51),3576,1479,52906,"","","","",8.182000136293405,7.2991214627108,10.876272032964748,"",8.182000136293405,"","",0.0003206199486349,2008,2012,2011,2012,low,0,0,1,10,14,2012,potato,"",159.725,0.7711582109176423,2005Q1-2012Q4,159.725,146.3193785227367,4.985791756689341,4.985791756689341,"",approximate,TRUE,TRUE,FALSE,FALSE
autumn_potato,Autumn potato,가을감자,autumn,tuber,0,robustness_treated,2023,06_potatoes.xlsx,DT_1ET0026,가을감자,DT_1J49: 감자 | DT_1J60: 감자,가을감자,종합 (see Yearbook 2025 pp.44–51),3992,1643,65568,"","","","",8.292047637431354,7.404279118037268,11.090843051038629,"",8.292047637431354,"","",-0.0003135184419047,2008,2012,2011,2012,low,0,0,1,11,15,2012,potato,"",170.575,0.7711582109176423,2005Q1-2012Q4,170.575,156.85231329902356,5.055304683007519,5.055304683007519,"",approximate,TRUE,TRUE,FALSE,FALSE
autumn_potato,Autumn potato,가을감자,autumn,tuber,0,robustness_treated,2024,06_potatoes.xlsx,DT_1ET0026,가을감자,DT_1J49: 감자 | DT_1J60: 감자,가을감자,종합 (see Yearbook 2025 pp.44–51),4520,1527,69005,"","","","",8.416267272826277,7.331060305218632,11.14193424472214,"",8.416267272826277,"","",-0.0002231473346778,2008,2012,2011,2012,low,0,0,1,12,16,2012,potato,"",137,0.7711582109176423,2005Q1-2012Q4,137,116.29138299485656,4.756098963872094,4.756098963872094,"",approximate,TRUE,TRUE,FALSE,FALSE
autumn_radish,Autumn Radish,가을무,autumn,vegetable,0,control_pool,1980,08_vegetables_root.xls,DT_1ET0029,노지가을무,DT_1J49: 무 | DT_1J60: 무,가을무,종합 (see Yearbook 2025 pp.44–51),30955.5,4751,1470674.2,"","","","",10.340305968302289,8.46611040118692,14.201231493067771,"",10.340305968302289,"","",-0.0000146904333444553,2024,"","","",high,1,0,0,"",-44,0,radish,33.775,"",0.4219656412156498,2005Q1-2012Q4,14.251889532058572,65.1834354118499,4.17720537855392,"",5.040036765735006,approximate,FALSE,TRUE,FALSE,FALSE
autumn_radish,Autumn Radish,가을무,autumn,vegetable,0,control_pool,1981,08_vegetables_root.xls,DT_1ET0029,노지가을무,DT_1J49: 무 | DT_1J60: 무,가을무,종합 (see Yearbook 2025 pp.44–51),33888,4768,1615844,"","","","",10.430816248401133,8.469682208745185,14.295367978749942,"",10.430816248401133,"","",0.000039707591714233104,2024,"","","",high,1,0,0,"",-43,0,radish,38.425,"",0.4219656412156498,2005Q1-2012Q4,16.214029763711345,55.5571102958383,4.01741150601948,"",4.880242893200566,approximate,FALSE,TRUE,FALSE,FALSE
autumn_radish,Autumn Radish,가을무,autumn,vegetable,0,control_pool,1982,08_vegetables_root.xls,DT_1ET0029,노지가을무,DT_1J49: 무 | DT_1J60: 무,가을무,종합 (see Yearbook 2025 pp.44–51),30784,4646,1430087,"","","","",10.334750353465433,8.443761913330354,14.173245839546302,"",10.334750353465433,"","",-0.00009624126139406997,2024,"","","",high,1,0,0,"",-42,0,radish,24.35,"",0.4219656412156498,2005Q1-2012Q4,10.274863363601074,33.36569139536152,3.507528168315648,"",4.370359555496735,approximate,FALSE,TRUE,FALSE,FALSE
autumn_radish,Autumn Radish,가을무,autumn,vegetable,0,control_pool,1983,08_vegetables_root.xls,DT_1ET0029,노지가을무,DT_1J49: 무 | DT_1J60: 무,가을무,종합 (see Yearbook 2025 pp.44–51),23286,4963,1155699,"","","","",10.05560760059696,8.50976567558744,13.960215913686705,"",10.05560760059696,"","",0.00001282349039222197,2024,"","","",high,1,0,0,"",-41,0,radish,25.375,"",0.4219656412156498,2005Q1-2012Q4,10.707378145847116,34.05663069179283,3.5280247476106803,"",4.390856134791767,approximate,FALSE,TRUE,FALSE,FALSE
autumn_radish,Autumn Radish,가을무,autumn,vegetable,0,control_pool,1984,08_vegetables_root.xls,DT_1ET0029,노지가을무,DT_1J49: 무 | DT_1J60: 무,가을무,종합 (see Yearbook 2025 pp.44–51),25083,5110,1281618,"","","","",10.129945604818168,8.53895468319775,14.063633900141422,"",10.129945604818168,"","",-0.00009620188640369064,2024,"","","",high,1,0,0,"",-40,0,radish,29.65,"",0.4219656412156498,2005Q1-2012Q4,12.511281262044015,40.23133155323984,3.6946460839284905,"",4.557477471109577,approximate,FALSE,TRUE,FALSE,FALSE
autumn_radish,Autumn Radish,가을무,autumn,vegetable,0,control_pool,1985,08_vegetables_root.xls,DT_1ET0029,노지가을무,DT_1J49: 무 | DT_1J60: 무,가을무,종합 (see Yearbook 2025 pp.44–51),22703,5037,1143661,"","","","",10.030252353327626,8.52456594574565,13.949745078336536,"",10.030252353327626,"","",0.00009696525135183264,2024,"","","",high,1,0,0,"",-39,0,radish,27.525,"",0.4219656412156498,2005Q1-2012Q4,11.614604274460762,36.16338835324815,3.5880472355932835,"",4.45087862277437,approximate,FALSE,TRUE,FALSE,FALSE
autumn_radish,Autumn Radish,가을무,autumn,vegetable,0,control_pool,1986,08_vegetables_root.xls,DT_1ET0029,노지가을무,DT_1J49: 무 | DT_1J60: 무,가을무,종합 (see Yearbook 2025 pp.44–51),21805,5727,1248721,"","","","",9.989894580276866,8.652947112393857,14.037630385452012,"",9.989894580276866,"","",-0.00004112123061972284,2024,"","","",high,1,0,0,"",-38,0,radish,34.75,"",0.4219656412156498,2005Q1-2012Q4,14.663306032243831,47.112963983878686,3.8525482069688217,"",4.715379594149908,approximate,FALSE,TRUE,FALSE,FALSE
autumn_radish,Autumn Radish,가을무,autumn,vegetable,0,control_pool,1987,08_vegetables_root.xls,DT_1ET0029,노지가을무,DT_1J49: 무 | DT_1J60: 무,가을무,종합 (see Yearbook 2025 pp.44–51),20663,5511,1138835,"","","","",9.936099940263604,8.614501373883236,13.945516368019812,"",9.936099940263604,"","",0.00008523986106467873,2024,"","","",high,1,0,0,"",-37,0,radish,36.375,"",0.4219656412156498,2005Q1-2012Q4,15.349000199219262,47.78253076070419,3.866660107441473,"",4.729491494622559,approximate,FALSE,TRUE,FALSE,FALSE
autumn_radish,Autumn Radish,가을무,autumn,vegetable,0,control_pool,1988,08_vegetables_root.xls,DT_1ET0029,노지가을무,DT_1J49: 무 | DT_1J60: 무,가을무,종합 (see Yearbook 2025 pp.44–51),22369,5114,1144025,"","","","",10.015431350758112,8.539737155851132,13.950063303829957,"",10.015431350758112,"","",0.00006498320880332642,2024,"","","",high,1,0,0,"",-36,0,radish,58.3,"",0.4219656412156498,2005Q1-2012Q4,24.600596882872384,67.53654439585527,4.21266884983233,"",5.075500237013417,approximate,FALSE,TRUE,FALSE,FALSE
autumn_radish,Autumn Radish,가을무,autumn,vegetable,0,control_pool,1989,08_vegetables_root.xls,DT_1ET0029,노지가을무,DT_1J49: 무 | DT_1J60: 무,가을무,종합 (see Yearbook 2025 pp.44–51),20983,6126,1285379,"","","","",9.951467865054695,8.72029728739272,14.066564174458966,"",9.951467865054695,"","",-0.00003079200035749352,2024,"","","",high,1,0,0,"",-35,0,radish,44.175,"",0.4219656412156498,2005Q1-2012Q4,18.64033220070133,48.56308653643879,3.8828637060253537,"",4.74569509320644,approximate,FALSE,TRUE,FALSE,FALSE
autumn_radish,Autumn Radish,가을무,autumn,vegetable,0,control_pool,1990,08_vegetables_root.xls,DT_1ET0029,노지가을무,DT_1J49: 무 | DT_1J60: 무,가을무,종합 (see Yearbook 2025 pp.44–51),20052,6259,1255111,"","","","",9.906084178383392,8.7417757069247,14.042734572852025,"",9.906084178383392,"","",0.00004487353202087263,2024,"","","",high,1,0,0,"",-34,0,radish,34.525,"",0.4219656412156498,2005Q1-2012Q4,14.56836376297031,33.84984237584125,3.521934342799178,"",4.3847657299802645,approximate,FALSE,TRUE,FALSE,FALSE
autumn_radish,Autumn Radish,가을무,autumn,vegetable,0,control_pool,1991,08_vegetables_root.xls,DT_1ET0029,노지가을무,DT_1J49: 무 | DT_1J60: 무,가을무,종합 (see Yearbook 2025 pp.44–51),17315,5765,998210,"","","","",9.759328456836522,8.65956043270316,13.813718953999924,"",9.759328456836522,"","",2.504483340715069e-7,2024,"","","",high,1,0,0,"",-33,0,radish,21.975,"",0.4219656412156498,2005Q1-2012Q4,9.272694965713905,19.754808443214813,2.983396927193452,"",3.8462283143745375,approximate,FALSE,TRUE,FALSE,FALSE
autumn_radish,Autumn Radish,가을무,autumn,vegetable,0,control_pool,1992,08_vegetables_root.xls,DT_1ET0029,노지가을무,DT_1J49: 무 | DT_1J60: 무,가을무,종합 (see Yearbook 2025 pp.44–51),14826,6490,962144,"","","","",9.604137675216665,8.778017809698136,13.77691940659538,"",9.604137675216665,"","",-0.00006589233132991978,2024,"","","",high,1,0,0,"",-32,0,radish,26.325,"",0.4219656412156498,2005Q1-2012Q4,11.108245505001982,22.63271053029944,3.119396228447222,"",3.9822276156283087,approximate,FALSE,TRUE,FALSE,FALSE
autumn_radish,Autumn Radish,가을무,autumn,vegetable,0,control_pool,1993,08_vegetables_root.xls,DT_1ET0029,노지가을무,DT_1J49: 무 | DT_1J60: 무,가을무,종합 (see Yearbook 2025 pp.44–51),15709,6272,985218,"","","","",9.66198907549994,8.743850562030243,13.800618215463569,"",9.66198907549994,"","",-0.00005123607852475232,2024,"","","",high,1,0,0,"",-31,0,radish,22.625,"",0.4219656412156498,2005Q1-2012Q4,9.546972632504076,19.71107200870401,2.981180508762411,"",3.8440118959434977,approximate,FALSE,TRUE,FALSE,FALSE
autumn_radish,Autumn Radish,가을무,autumn,vegetable,0,control_pool,1994,08_vegetables_root.xls,DT_1ET0029,노지가을무,DT_1J49: 무 | DT_1J60: 무,가을무,종합 (see Yearbook 2025 pp.44–51),16308,5708,930858,"","","","",9.699411063939143,8.649623978596727,13.743862020458648,"",9.699411063939143,"","",-0.00000283608913242972,2024,"","","",high,1,0,0,"",-30,0,radish,28.700000000000003,"",0.4219656412156498,2005Q1-2012Q4,12.11041390288915,23.06269732712303,3.1382164779537582,"",4.001047865134845,approximate,FALSE,TRUE,FALSE,FALSE
autumn_radish,Autumn Radish,가을무,autumn,vegetable,0,control_pool,1995,08_vegetables_root.xls,DT_1ET0029,노지가을무,DT_1J49: 무 | DT_1J60: 무,가을무,종합 (see Yearbook 2025 pp.44–51),14524,5535,803844,"","","","",9.583557732534226,8.618846845142738,13.597160499484133,"",9.583557732534226,"","",-0.0000738922047407442,2024,"","","",high,1,0,0,"",-29,0,radish,38.45,"",0.4219656412156498,2005Q1-2012Q4,16.224578904741737,27.921176828330704,3.329385427017729,"",4.192216814198816,approximate,FALSE,TRUE,FALSE,FALSE
autumn_radish,Autumn Radish,가을무,autumn,vegetable,0,control_pool,1996,08_vegetables_root.xls,DT_1ET0029,노지가을무,DT_1J49: 무 | DT_1J60: 무,가을무,종합 (see Yearbook 2025 pp.44–51),15627,6379,996785,"","","","",9.6567554664133,8.760766624241956,13.812290378748008,"",9.6567554664133,"","",-0.0000615259191576456,2024,"","","",high,1,0,0,"",-28,0,radish,61.375,"",0.4219656412156498,2005Q1-2012Q4,25.89814122961051,42.48091508229842,3.7490549181870367,"",4.611886305368123,approximate,FALSE,TRUE,FALSE,FALSE
autumn_radish,Autumn Radish,가을무,autumn,vegetable,0,control_pool,1997,08_vegetables_root.xls,DT_1ET0029,노지가을무,DT_1J49: 무 | DT_1J60: 무,가을무,종합 (see Yearbook 2025 pp.44–51),13381,5684,760527,"","","","",9.50159106930499,8.64541048921699,13.54176689300985,"",9.50159106930499,"","",-0.00006447952403831891,2024,"","","",high,1,0,0,"",-27,0,radish,86.575,"",0.4219656412156498,2005Q1-2012Q4,36.531675388244885,61.60409087192866,4.120728278592993,"",4.983559665774079,approximate,FALSE,TRUE,FALSE,FALSE
autumn_radish,Autumn Radish,가을무,autumn,vegetable,0,control_pool,1998,08_vegetables_root.xls,DT_1ET0029,노지가을무,DT_1J49: 무 | DT_1J60: 무,가을무,종합 (see Yearbook 2025 pp.44–51),15131,5905,892949,"","","","",9.62450089845157,8.683554728631462,13.702284747365487,"",9.62450089845157,"","",-0.0006006937294547,2024,"","","",high,1,0,0,"",-26,0,radish,123.55,"",0.4219656412156498,2005Q1-2012Q4,52.13385497219354,88.08731885694125,4.478328582251892,"",5.3411599694329785,approximate,FALSE,TRUE,FALSE,FALSE
autumn_radish,Autumn Radish,가을무,autumn,vegetable,0,control_pool,1999,08_vegetables_root.xls,DT_1ET0029,노지가을무,DT_1J49: 무 | DT_1J60: 무,가을무,종합 (see Yearbook 2025 pp.44–51),11875,5648,670741,"","","","",9.382190628902842,8.639056779173078,13.416138350381972,"",9.382190628902842,"","",0.0000611282941438418,2024,"","","",high,1,0,0,"",-25,0,radish,71.6,"",0.4219656412156498,2005Q1-2012Q4,30.21273991104053,47.97292915668203,3.870636875911204,"",4.73346826309229,approximate,FALSE,TRUE,FALSE,FALSE
autumn_radish,Autumn Radish,가을무,autumn,vegetable,0,control_pool,2000,08_vegetables_root.xls,DT_1ET0029,노지가을무,DT_1J49: 무 | DT_1J60: 무,가을무,종합 (see Yearbook 2025 pp.44–51),14627,6033,882404,"","","","",9.590624414887088,8.704999678440762,13.690405280002723,"",9.590624414887088,"","",-0.000048627337035256346,2024,"","","",high,1,0,0,"",-24,0,radish,46.425,"",0.4219656412156498,2005Q1-2012Q4,19.58975489343654,29.709123560406397,3.3914541892213603,"",4.254285576402447,approximate,FALSE,TRUE,FALSE,FALSE
autumn_radish,Autumn Radish,가을무,autumn,vegetable,0,control_pool,2001,08_vegetables_root.xls,DT_1ET0029,노지가을무,DT_1J49: 무 | DT_1J60: 무,가을무,종합 (see Yearbook 2025 pp.44–51),13689,6440,881526,"","","","",9.524347869595513,8.770283819098399,13.68940977556376,"",9.524347869595513,"","",-0.00005172714205947671,2024,"","","",high,1,0,0,"",-23,0,radish,28.325000000000003,"",0.4219656412156498,2005Q1-2012Q4,11.95217678743328,17.4968255081079,2.862019464937891,"",3.7248508521189776,approximate,FALSE,TRUE,FALSE,FALSE
autumn_radish,Autumn Radish,가을무,autumn,vegetable,0,control_pool,2002,08_vegetables_root.xls,DT_1ET0029,노지가을무,DT_1J49: 무 | DT_1J60: 무,가을무,종합 (see Yearbook 2025 pp.44–51),11372,6022,684843,"","","","",9.33890947277089,8.70317470904168,13.436944893894406,"",9.33890947277089,"","",0.00003089806992839783,2024,"","","",high,1,0,0,"",-22,0,radish,51.425,"",0.4219656412156498,2005Q1-2012Q4,21.699583099514797,30.83902943780184,3.428781077311513,"",4.2916124644926,approximate,FALSE,TRUE,FALSE,FALSE
autumn_radish,Autumn Radish,가을무,autumn,vegetable,0,control_pool,2003,08_vegetables_root.xls,DT_1ET0029,노지가을무,DT_1J49: 무 | DT_1J60: 무,가을무,종합 (see Yearbook 2025 pp.44–51),11345,5688,645350,"","","","",9.336532397213942,8.646113971483077,13.377548084263331,"",9.336532397213942,"","",0.00007190155440639501,2024,"","","",high,1,0,0,"",-21,0,radish,109.825,"",0.4219656412156498,2005Q1-2012Q4,46.342376546508746,61.34823366593351,4.11656637964112,"",4.979397766822207,approximate,FALSE,TRUE,FALSE,FALSE
autumn_radish,Autumn Radish,가을무,autumn,vegetable,0,control_pool,2004,08_vegetables_root.xls,DT_1ET0029,노지가을무,DT_1J49: 무 | DT_1J60: 무,가을무,종합 (see Yearbook 2025 pp.44–51),11629,6729,782469,"","","","",9.361257257293044,8.814181823188319,13.570209583998269,"",9.361257257293044,"","",-0.00005931049500063068,2024,"","","",high,1,0,0,"",-20,0,radish,120.525,"",0.4219656412156498,2005Q1-2012Q4,50.8574089075162,65.82379143612036,4.186981344957389,"",5.049812732138476,approximate,FALSE,TRUE,FALSE,FALSE
autumn_radish,Autumn Radish,가을무,autumn,vegetable,0,control_pool,2005,08_vegetables_root.xls,DT_1ET0029,노지가을무,DT_1J49: 무 | DT_1J60: 무,가을무,종합 (see Yearbook 2025 pp.44–51),8854,6542,579212,"","","","",9.088624613292088,8.785998208098329,13.269423838071068,"",9.088624613292088,"","",-0.000028797331255603357,2024,"","","",high,1,0,0,"",-19,0,radish,95.525,40,0.4219656412156498,2005Q1-2012Q4,40,55.674647152053446,4.01952487548623,4.01952487548623,4.890029780933596,approximate,FALSE,TRUE,FALSE,FALSE
autumn_radish,Autumn Radish,가을무,autumn,vegetable,0,control_pool,2006,08_vegetables_root.xls,DT_1ET0029,노지가을무,DT_1J49: 무 | DT_1J60: 무,가을무,종합 (see Yearbook 2025 pp.44–51),9758,6838,667218,"","","","",9.185842740375785,8.830250570199247,13.41087210808003,"",9.185842740375785,"","",-0.00005101650690875204,2024,"","","",high,1,0,0,"",-18,0,radish,151.925,63.6,0.4219656412156498,2005Q1-2012Q4,63.6,89.78107896360152,4.497374251143028,4.497374251143028,5.368150778918081,approximate,FALSE,TRUE,FALSE,FALSE
autumn_radish,Autumn Radish,가을무,autumn,vegetable,0,control_pool,2007,08_vegetables_root.xls,DT_1ET0029,노지가을무,DT_1J49: 무 | DT_1J60: 무,가을무,종합 (see Yearbook 2025 pp.44–51),7162,6409,459048,"","","","",8.876544550558378,8.765458531504226,13.03691005873848,"",8.876544550558378,"","",0.00007716266396684546,2024,"","","",high,1,0,0,"",-17,0,radish,174.25,72.95,0.4219656412156498,2005Q1-2012Q4,72.95,101.89796167730664,4.623971936861848,4.623971936861848,5.494682587079523,approximate,FALSE,TRUE,FALSE,FALSE
autumn_radish,Autumn Radish,가을무,autumn,vegetable,0,control_pool,2008,08_vegetables_root.xls,DT_1ET0029,노지가을무,DT_1J49: 무 | DT_1J60: 무,가을무,종합 (see Yearbook 2025 pp.44–51),8948,7544,675013,"","","","",9.09918532261002,8.928507824313293,13.42248722892847,"",9.09918532261002,"","",-0.0000357320067525535,2024,"","","",high,1,0,0,"",-16,0,radish,120.125,50.3,0.4219656412156498,2005Q1-2012Q4,50.3,70.25797684142725,4.252173851111777,4.252173851111777,5.122687518933916,approximate,FALSE,TRUE,FALSE,FALSE
autumn_radish,Autumn Radish,가을무,autumn,vegetable,0,control_pool,2009,08_vegetables_root.xls,DT_1ET0029,노지가을무,DT_1J49: 무 | DT_1J60: 무,가을무,종합 (see Yearbook 2025 pp.44–51),7771,8034,624297,"","","","",8.958154135209242,8.991437814919227,13.34438149565626,"",8.958154135209242,"","",-0.0000402684841169787,2024,"","","",high,1,0,0,"",-15,0,radish,111.225,46.599999999999994,0.4219656412156498,2005Q1-2012Q4,46.6,65.14161588651574,4.1765636059038735,4.1765636059038735,5.046511260052036,approximate,FALSE,TRUE,FALSE,FALSE
autumn_radish,Autumn Radish,가을무,autumn,vegetable,0,control_pool,2010,08_vegetables_root.xls,DT_1ET0029,노지가을무,DT_1J49: 무 | DT_1J60: 무,가을무,종합 (see Yearbook 2025 pp.44–51),7473,6333,473230,"","","","",8.91905180393029,8.753529336516431,13.067336807217114,"",8.91905180393029,"","",-0.00007414724151466601,2024,"","","",high,1,0,0,"",-14,0,radish,170.8,71.525,0.4219656412156498,2005Q1-2012Q4,71.525,93.28443706989222,4.535653288686724,4.535653288686724,5.40553692884156,approximate,FALSE,TRUE,FALSE,FALSE
autumn_radish,Autumn Radish,가을무,autumn,vegetable,0,control_pool,2011,08_vegetables_root.xls,DT_1ET0029,노지가을무,DT_1J49: 무 | DT_1J60: 무,가을무,종합 (see Yearbook 2025 pp.44–51),9748,7354,716854,"","","","",9.184817414745098,8.902999661861218,13.482627472626762,"",9.184817414745098,"","",-0.00001941799146187861,2024,"","","",high,1,0,0,"",-13,0,radish,264.85,114.9,0.4219656412156498,2005Q1-2012Q4,114.9,140.60653735020333,4.945965474385295,4.945965474385295,5.779836126222903,approximate,FALSE,TRUE,FALSE,FALSE
autumn_radish,Autumn Radish,가을무,autumn,vegetable,0,control_pool,2012,08_vegetables_root.xls,DT_1ET0029,노지가을무,DT_1J49: 무 | DT_1J60: 무,가을무,종합 (see Yearbook 2025 pp.44–51),6826,7324,499956,"","","","",8.828494129466652,8.898911905794401,13.1222753735321,"",8.828494129466652,"","",0.00003952425913844593,2024,"","","",high,1,0,0,"",-12,0,radish,172.85,73.375,0.4219656412156498,2005Q1-2012Q4,73.375,83.6384085606642,4.4265028471276695,4.4265028471276695,5.283524491507021,approximate,FALSE,TRUE,FALSE,FALSE
autumn_radish,Autumn Radish,가을무,autumn,vegetable,0,control_pool,2013,08_vegetables_root.xls,DT_1ET0029,노지가을무,DT_1J49: 무 | DT_1J60: 무,가을무,종합 (see Yearbook 2025 pp.44–51),7532,8483,638902,"","","","",8.926915889777042,9.045819439807737,13.367506356965876,"",8.926915889777042,"","",-0.00005878663081126945,2024,"","","",high,1,0,0,"",-11,0,radish,"",79.1,0.4219656412156498,2005Q1-2012Q4,79.1,92.21909485440897,4.524167211662173,4.524167211662173,"",approximate,FALSE,TRUE,FALSE,FALSE
autumn_radish,Autumn Radish,가을무,autumn,vegetable,0,control_pool,2014,08_vegetables_root.xls,DT_1ET0029,노지가을무,DT_1J49: 무 | DT_1J60: 무,가을무,종합 (see Yearbook 2025 pp.44–51),5498,8771,482238,"","","","",8.612139668725192,9.079206103951382,13.086193047099126,"",8.612139668725192,"","",0.000017460410644432045,2024,"","","",high,1,0,0,"",-10,0,radish,"",58.05,0.4219656412156498,2005Q1-2012Q4,58.05,69.25217642981721,4.237754573162999,4.237754573162999,"",approximate,FALSE,TRUE,FALSE,FALSE
autumn_radish,Autumn Radish,가을무,autumn,vegetable,0,control_pool,2015,08_vegetables_root.xls,DT_1ET0029,노지가을무,DT_1J49: 무 | DT_1J60: 무,가을무,종합 (see Yearbook 2025 pp.44–51),5769,8999,519178,"","","","",8.660254034256889,9.104868739033948,13.160002070592906,"",8.660254034256889,"","",0.0000494832901587472,2024,"","","",high,1,0,0,"",-9,0,radish,"",70.075,0.4219656412156498,2005Q1-2012Q4,70.075,82.35193351656366,4.411001935601977,4.411001935601977,"",approximate,FALSE,TRUE,FALSE,FALSE
autumn_radish,Autumn Radish,가을무,autumn,vegetable,0,control_pool,2016,08_vegetables_root.xls,DT_1ET0029,노지가을무,DT_1J49: 무 | DT_1J60: 무,가을무,종합 (see Yearbook 2025 pp.44–51),5414,7401,400686,"","","","",8.596743470174246,8.909370405197466,12.90093335715686,"",8.596743470174246,"","",-0.000010332226763054564,2024,"","","",high,1,0,0,"",-8,0,radish,"",90.775,0.4219656412156498,2005Q1-2012Q4,90.775,105.16641410701772,4.655543991792218,4.655543991792218,"",approximate,FALSE,TRUE,FALSE,FALSE
autumn_radish,Autumn Radish,가을무,autumn,vegetable,0,control_pool,2017,08_vegetables_root.xls,DT_1ET0029,노지가을무,DT_1J49: 무 | DT_1J60: 무,가을무,종합 (see Yearbook 2025 pp.44–51),6002.5517,7626,457752,"","","","",8.6999399411362,8.939318740417509,13.034082831724373,"",8.6999399411362,"","",-0.000005663841244896162,2024,"","","",high,1,0,0,"",-7,0,radish,"",101.25,0.4219656412156498,2005Q1-2012Q4,101.25,109.63579807997812,4.697163946000961,4.697163946000961,"",approximate,FALSE,TRUE,FALSE,FALSE
autumn_radish,Autumn Radish,가을무,autumn,vegetable,0,control_pool,2018,08_vegetables_root.xls,DT_1ET0029,노지가을무,DT_1J49: 무 | DT_1J60: 무,가을무,종합 (see Yearbook 2025 pp.44–51),6095.3142,7663,467104,"","","","",8.715275591037882,8.944158830970403,13.054307209930304,"",8.715275591037882,"","",0.00004297391010865681,2024,"","","",high,1,0,0,"",-6,0,radish,"",89.6,0.4219656412156498,2005Q1-2012Q4,89.6,97.34570500776223,4.57826861176699,4.57826861176699,"",approximate,FALSE,TRUE,FALSE,FALSE
autumn_radish,Autumn Radish,가을무,autumn,vegetable,0,control_pool,2019,08_vegetables_root.xls,DT_1ET0029,노지가을무,DT_1J49: 무 | DT_1J60: 무,가을무,종합 (see Yearbook 2025 pp.44–51),5343.6303,7575.44727,404803.8959,"","","","",8.583660532434186,8.932667674179005,12.911158021167973,"",8.583660532434186,"","",5.428724136891104e-10,2024,"","","",high,1,0,0,"",-5,0,radish,"",73.525,0.4219656412156498,2005Q1-2012Q4,73.525,80.11596980826029,4.383475207588602,4.383475207588602,"",approximate,FALSE,TRUE,FALSE,FALSE
autumn_radish,Autumn Radish,가을무,autumn,vegetable,0,control_pool,2020,08_vegetables_root.xls,DT_1ET0029,노지가을무,DT_1J49: 무 | DT_1J60: 무,가을무,종합 (see Yearbook 2025 pp.44–51),5147.468,7704.8572803,396605,"","","","",8.546260222272617,8.94960622458461,12.89069610214923,"",8.546260222272617,"","",-1.5871990477478448e-7,2024,"","","",high,1,0,0,"",-4,0,radish,"",100.025,0.4219656412156498,2005Q1-2012Q4,100.025,99.53265270667784,4.600485758235547,4.600485758235547,"",approximate,FALSE,TRUE,FALSE,FALSE
autumn_radish,Autumn Radish,가을무,autumn,vegetable,0,control_pool,2021,08_vegetables_root.xls,DT_1ET0029,노지가을무,DT_1J49: 무 | DT_1J60: 무,가을무,종합 (see Yearbook 2025 pp.44–51),5918.5584,7359.079,435551.3879,"","","","",8.685848184710308,8.903690068023211,12.984368065787708,"",8.685848184710308,"","",-9.57719237248966e-10,2024,"","","",high,1,0,0,"",-3,0,radish,"",66.825,0.4219656412156498,2005Q1-2012Q4,66.825,59.34982867342345,4.083449234335815,4.083449234335815,"",approximate,FALSE,TRUE,FALSE,FALSE
autumn_radish,Autumn Radish,가을무,autumn,vegetable,0,control_pool,2022,08_vegetables_root.xls,DT_1ET0029,노지가을무,DT_1J49: 무 | DT_1J60: 무,가을무,종합 (see Yearbook 2025 pp.44–51),6340.1524,7631.0368,483819.3639,"","","","",8.754658084997256,8.93997899971281,13.089466900954042,"",8.754658084997256,"","",2.23206519933683e-9,2024,"","","",high,1,0,0,"",-2,0,radish,"",121.35,0.4219656412156498,2005Q1-2012Q4,121.35,111.29842249271977,4.712215084710433,4.712215084710433,"",approximate,FALSE,TRUE,FALSE,FALSE
autumn_radish,Autumn Radish,가을무,autumn,vegetable,0,control_pool,2023,08_vegetables_root.xls,DT_1ET0029,노지가을무,DT_1J49: 무 | DT_1J60: 무,가을무,종합 (see Yearbook 2025 pp.44–51),6207.4509,7840.5412,486697.7473,"","","","",8.73350560756449,8.967063141574195,13.09539856729224,"",8.73350560756449,"","",4.1416452489784206e-9,2024,"","","",high,1,0,0,"",-1,0,radish,"",92.575,0.4219656412156498,2005Q1-2012Q4,92.575,84.44184514892933,4.436063074339309,4.436063074339309,"",approximate,FALSE,TRUE,FALSE,FALSE
autumn_radish,Autumn Radish,가을무,autumn,vegetable,0,control_pool,2024,08_vegetables_root.xls,DT_1ET0029,노지가을무,DT_1J49: 무 | DT_1J60: 무,가을무,종합 (see Yearbook 2025 pp.44–51),5307.5655,7243.4151,384448.9989,"","","","",8.57688853452811,8.887848073059837,12.859566416477223,"",8.57688853452811,"","",-5.122631208109851e-9,2024,"","","",high,0,1,0,"",0,0,radish,"",129.25,0.4219656412156498,2005Q1-2012Q4,129.25,111.44255775944016,4.713509281105504,4.713509281105504,"",approximate,FALSE,TRUE,FALSE,FALSE
barley,Barley,보리,hulled+naked,grain,0,control_pool,1980,07_barely.xlsx,DT_1ET0231,"겉보리,쌀보리",DT_1J49: 쌀보리 | DT_1J60: 쌀보리(조곡),보리,종합 (see Yearbook 2025 pp.44–51),296794,244,723685,"","","","",12.6007935744376,5.497168225293202,13.49211149381891,"",12.6007935744376,"","",-0.0006801199237997,2021,2025,2024,2025,medium,1,0,0,-45,-41,0,barley,20.875,"",1.020406881477409,2005Q1-2012Q4,21.300993650840912,94.50810384500468,4.5486855857965445,"",4.528484134631952,approximate,FALSE,FALSE,FALSE,FALSE
barley,Barley,보리,hulled+naked,grain,0,control_pool,1981,07_barely.xlsx,DT_1ET0231,"겉보리,쌀보리",DT_1J49: 쌀보리 | DT_1J60: 쌀보리(조곡),보리,종합 (see Yearbook 2025 pp.44–51),320209,241,770709,"","","","",12.6767291865826,5.484796933490655,13.555066149393502,"",12.6767291865826,"","",-0.0012897846916608,2021,2025,2024,2025,medium,1,0,0,-44,-40,0,barley,28.15,"",1.020406881477409,2005Q1-2012Q4,28.724453713589064,97.96119825384092,4.584571464081848,"",4.564370012917257,approximate,FALSE,FALSE,FALSE,FALSE
barley,Barley,보리,hulled+naked,grain,0,control_pool,1982,07_barely.xlsx,DT_1ET0231,"겉보리,쌀보리",DT_1J49: 쌀보리 | DT_1J60: 쌀보리(조곡),보리,종합 (see Yearbook 2025 pp.44–51),286991,233,669851,"","","","",12.56720613536504,5.4510384535657,13.414810578575556,"",12.56720613536504,"","",0.0017361756329066,2021,2025,2024,2025,medium,1,0,0,-43,-39,0,barley,31.125,"",1.020406881477409,2005Q1-2012Q4,31.76016418598435,102.65478829289364,4.631371789166042,"",4.611170338001451,approximate,FALSE,FALSE,FALSE,FALSE
barley,Barley,보리,hulled+naked,grain,0,control_pool,1983,07_barely.xlsx,DT_1ET0231,"겉보리,쌀보리",DT_1J49: 쌀보리 | DT_1J60: 쌀보리(조곡),보리,종합 (see Yearbook 2025 pp.44–51),289220,255,736215,"","","","",12.574942923168782,5.541263545158426,13.509277474617615,"",12.574942923168782,"","",-0.0017588077215009,2021,2025,2024,2025,medium,1,0,0,-42,-38,0,barley,37.175,"",1.020406881477409,2005Q1-2012Q4,37.93362581892268,120.55473804606216,4.792103907430611,"",4.771902456266019,approximate,FALSE,FALSE,FALSE,FALSE
barley,Barley,보리,hulled+naked,grain,0,control_pool,1984,07_barely.xlsx,DT_1ET0231,"겉보리,쌀보리",DT_1J49: 쌀보리 | DT_1J60: 쌀보리(조곡),보리,종합 (see Yearbook 2025 pp.44–51),287121,234,671894,"","","","",12.567659008679732,5.455321115357702,13.417855868968086,"",12.567659008679732,"","",0.0000459309187448298,2021,2025,2024,2025,medium,1,0,0,-41,-37,0,barley,40.325,"",1.020406881477409,2005Q1-2012Q4,41.14790749557652,132.3092026020268,4.88514162729613,"",4.8649401761315385,approximate,FALSE,FALSE,FALSE,FALSE
barley,Barley,보리,hulled+naked,grain,0,control_pool,1985,07_barely.xlsx,DT_1ET0231,"겉보리,쌀보리",DT_1J49: 쌀보리 | DT_1J60: 쌀보리(조곡),보리,종합 (see Yearbook 2025 pp.44–51),164861,235,386788,"","","","",12.012857973601582,5.459585514144159,12.865632018295129,"",12.012857973601582,"","",-0.0016412834625221,2021,2025,2024,2025,medium,1,0,0,-40,-36,0,barley,42.675,"",1.020406881477409,2005Q1-2012Q4,43.54586366704843,135.18388196327592,4.906635940254083,"",4.886434489089491,approximate,FALSE,FALSE,FALSE,FALSE
barley,Barley,보리,hulled+naked,grain,0,control_pool,1986,07_barely.xlsx,DT_1ET0231,"겉보리,쌀보리",DT_1J49: 쌀보리 | DT_1J60: 쌀보리(조곡),보리,종합 (see Yearbook 2025 pp.44–51),140724,224,315548,"","","","",11.854555804249063,5.41164605185504,12.662066088852544,"",11.854555804249063,"","",0.0010344187365305,2021,2025,2024,2025,medium,1,0,0,-39,-35,0,barley,50.2,"",1.020406881477409,2005Q1-2012Q4,51.22442545016593,165.33303348340954,5.107961824446763,"",5.087760373282172,approximate,FALSE,FALSE,FALSE,FALSE
barley,Barley,보리,hulled+naked,grain,0,control_pool,1987,07_barely.xlsx,DT_1ET0231,"겉보리,쌀보리",DT_1J49: 쌀보리 | DT_1J60: 쌀보리(조곡),보리,종합 (see Yearbook 2025 pp.44–51),160433,242,387602,"","","","",11.98563168891472,5.488937726156687,12.867734318944157,"",11.98563168891472,"","",-0.0016649101391585,2021,2025,2024,2025,medium,1,0,0,-38,-34,0,barley,51.525,"",1.020406881477409,2005Q1-2012Q4,52.5764645681235,165.21311773279305,5.10723626309664,"",5.087034811932049,approximate,FALSE,FALSE,FALSE,FALSE
barley,Barley,보리,hulled+naked,grain,0,control_pool,1988,07_barely.xlsx,DT_1ET0231,"겉보리,쌀보리",DT_1J49: 쌀보리 | DT_1J60: 쌀보리(조곡),보리,종합 (see Yearbook 2025 pp.44–51),150413,278,417874,"","","","",11.921140122932698,5.627621113690637,12.94293523065941,"",11.921140122932698,"","",-0.0006558199758348,2021,2025,2024,2025,medium,1,0,0,-37,-33,0,barley,53.65,"",1.020406881477409,2005Q1-2012Q4,54.744829191262994,150.02386981868432,5.010794413560644,"",4.990592962396053,approximate,FALSE,FALSE,FALSE,FALSE
barley,Barley,보리,hulled+naked,grain,0,control_pool,1989,07_barely.xlsx,DT_1ET0231,"겉보리,쌀보리",DT_1J49: 쌀보리 | DT_1J60: 쌀보리(조곡),보리,종합 (see Yearbook 2025 pp.44–51),133704,280,374171,"","","","",11.80338368036876,5.634789603169249,12.832468191155131,"",11.80338368036876,"","",-0.0005349063947868,2021,2025,2024,2025,medium,1,0,0,-36,-32,0,barley,56.975,"",1.020406881477409,2005Q1-2012Q4,58.13768207217538,151.74703740161135,5.022214906860146,"",5.002013455695555,approximate,FALSE,FALSE,FALSE,FALSE
barley,Barley,보리,hulled+naked,grain,0,control_pool,1990,07_barely.xlsx,DT_1ET0231,"겉보리,쌀보리",DT_1J49: 쌀보리 | DT_1J60: 쌀보리(조곡),보리,종합 (see Yearbook 2025 pp.44–51),115034,249,286065,"","","","",11.652983015822809,5.517452896464707,12.563974336706728,"",11.652983015822809,"","",-0.001291389592696,2021,2025,2024,2025,medium,1,0,0,-35,-31,0,barley,62.15,"",1.020406881477409,2005Q1-2012Q4,63.41828768382096,147.90664242453343,4.996581280300777,"",4.976379829136186,approximate,FALSE,FALSE,FALSE,FALSE
barley,Barley,보리,hulled+naked,grain,0,control_pool,1991,07_barely.xlsx,DT_1ET0231,"겉보리,쌀보리",DT_1J49: 쌀보리 | DT_1J60: 쌀보리(조곡),보리,종합 (see Yearbook 2025 pp.44–51),83213,250,207984,"","","","",11.32915886460354,5.521460917862246,12.2452164326478,"",11.32915886460354,"","",-0.0002331638298951,2021,2025,2024,2025,medium,1,0,0,-34,-30,0,barley,68.35,"",1.020406881477409,2005Q1-2012Q4,69.7448103489809,148.72893840694232,5.002125443859288,"",4.981923992694696,approximate,FALSE,FALSE,FALSE,FALSE
barley,Barley,보리,hulled+naked,grain,0,control_pool,1992,07_barely.xlsx,DT_1ET0231,"겉보리,쌀보리",DT_1J49: 쌀보리 | DT_1J60: 쌀보리(조곡),보리,종합 (see Yearbook 2025 pp.44–51),66093,287,189385,"","","","",11.098818120080674,5.659482215759621,12.15153725913215,"",11.098818120080674,"","",-0.0015928907200546,2021,2025,2024,2025,medium,1,0,0,-33,-29,0,barley,74.15,"",1.020406881477409,2005Q1-2012Q4,75.66317026154988,154.380905289961,5.039422959541054,"",5.019221508376463,approximate,FALSE,FALSE,FALSE,FALSE
barley,Barley,보리,hulled+naked,grain,0,control_pool,1993,07_barely.xlsx,DT_1ET0231,"겉보리,쌀보리",DT_1J49: 쌀보리 | DT_1J60: 쌀보리(조곡),보리,종합 (see Yearbook 2025 pp.44–51),69252,256,177442,"","","","",11.145507304498969,5.545177444479562,12.08639907393636,"",11.145507304498969,"","",0.000884510945923,2021,2025,2024,2025,medium,1,0,0,-32,-28,0,barley,78.55000000000001,"",1.020406881477409,2005Q1-2012Q4,80.15296054005049,165.4172408680176,5.108471014569689,"",5.088269563405098,approximate,FALSE,FALSE,FALSE,FALSE
barley,Barley,보리,hulled+naked,grain,0,control_pool,1994,07_barely.xlsx,DT_1ET0231,"겉보리,쌀보리",DT_1J49: 쌀보리 | DT_1J60: 쌀보리(조곡),보리,종합 (see Yearbook 2025 pp.44–51),45974,239,110027,"","","","",10.735831298284362,5.476463551931511,11.60848106920097,"",10.735831298284362,"","",0.0013564049731886,2021,2025,2024,2025,medium,1,0,0,-31,-27,0,barley,82.4,"",1.020406881477409,2005Q1-2012Q4,84.0815270337385,160.8333279376482,5.080368598562629,"",5.060167147398038,approximate,FALSE,FALSE,FALSE,FALSE
barley,Barley,보리,hulled+naked,grain,0,control_pool,1995,07_barely.xlsx,DT_1ET0231,"겉보리,쌀보리",DT_1J49: 쌀보리 | DT_1J60: 쌀보리(조곡),보리,종합 (see Yearbook 2025 pp.44–51),45775,310,142000,"","","","",10.731493369542711,5.736572297479192,11.8635823365834,"",10.731493369542711,"","",0.0006868555495866,2021,2025,2024,2025,medium,1,0,0,-30,-26,0,barley,84.4,"",1.020406881477409,2005Q1-2012Q4,86.12234079669332,148.07606623492634,4.997726102778174,"",4.977524651613583,approximate,FALSE,FALSE,FALSE,FALSE
barley,Barley,보리,hulled+naked,grain,0,control_pool,1996,07_barely.xlsx,DT_1ET0231,"겉보리,쌀보리",DT_1J49: 쌀보리 | DT_1J60: 쌀보리(조곡),보리,종합 (see Yearbook 2025 pp.44–51),49565,301,149024,"","","","",10.811040218466998,5.707110264748875,11.911862645782104,"",10.811040218466998,"","",-0.0011176514456785,2021,2025,2024,2025,medium,1,0,0,-29,-25,0,barley,84.4,"",1.020406881477409,2005Q1-2012Q4,86.12234079669332,141.27461796948666,4.950705641350061,"",4.93050419018547,approximate,FALSE,FALSE,FALSE,FALSE
barley,Barley,보리,hulled+naked,grain,0,control_pool,1997,07_barely.xlsx,DT_1ET0231,"겉보리,쌀보리",DT_1J49: 쌀보리 | DT_1J60: 쌀보리(조곡),보리,종합 (see Yearbook 2025 pp.44–51),32934,255,83832,"","","","",10.402260837777945,5.541263545158426,11.336570075154778,"",10.402260837777945,"","",-0.0017841217935004,2021,2025,2024,2025,medium,1,0,0,-28,-24,0,barley,84.4,"",1.020406881477409,2005Q1-2012Q4,86.12234079669332,145.12003265325933,4.977561211375479,"",4.957359760210887,approximate,FALSE,FALSE,FALSE,FALSE
barley,Barley,보리,hulled+naked,grain,0,control_pool,1998,07_barely.xlsx,DT_1ET0231,"겉보리,쌀보리",DT_1J49: 쌀보리 | DT_1J60: 쌀보리(조곡),보리,종합 (see Yearbook 2025 pp.44–51),47589,197,93788,"","","","",10.770356921076566,5.2832037287379885,11.448792195040626,"",10.770356921076566,"","",0.0004017312141648,2021,2025,2024,2025,medium,1,0,0,-27,-23,0,barley,87.15,"",1.020406881477409,2005Q1-2012Q4,88.9284597207562,151.14977709686198,5.018271246509606,"",4.998069795345015,approximate,FALSE,FALSE,FALSE,FALSE
barley,Barley,보리,hulled+naked,grain,0,control_pool,1999,07_barely.xlsx,DT_1ET0231,"겉보리,쌀보리",DT_1J49: 쌀보리 | DT_1J60: 쌀보리(조곡),보리,종합 (see Yearbook 2025 pp.44–51),45683,302,138098,"","","","",10.729481516429123,5.71042701737487,11.835718857033282,"",10.729481516429123,"","",0.0009805092173795,2021,2025,2024,2025,medium,1,0,0,-26,-22,0,barley,91.35,"",1.020406881477409,2005Q1-2012Q4,93.2141686229613,148.2369021287442,4.998811684084326,"",4.978610232919735,approximate,FALSE,FALSE,FALSE,FALSE
barley,Barley,보리,hulled+naked,grain,0,control_pool,2000,07_barely.xlsx,DT_1ET0231,"겉보리,쌀보리",DT_1J49: 쌀보리 | DT_1J60: 쌀보리(조곡),보리,종합 (see Yearbook 2025 pp.44–51),39457,233,91965,"","","","",10.582966750330652,5.4510384535657,11.4291633488649,"",10.582966750330652,"","",0.0003283309566359,2021,2025,2024,2025,medium,1,0,0,-25,-21,0,barley,95.44999999999999,"",1.020406881477409,2005Q1-2012Q4,97.39783683701867,148.8351927335604,5.002839604741023,"",4.982638153576432,approximate,FALSE,FALSE,FALSE,FALSE
barley,Barley,보리,hulled+naked,grain,0,control_pool,2001,07_barely.xlsx,DT_1ET0231,"겉보리,쌀보리",DT_1J49: 쌀보리 | DT_1J60: 쌀보리(조곡),보리,종합 (see Yearbook 2025 pp.44–51),61630,293,180320,"","","","",11.028904043956288,5.680172609017068,12.102488329273603,"",11.028904043956288,"","",-0.0014181377116617,2021,2025,2024,2025,medium,1,0,0,-24,-20,0,barley,99.575,"",1.020406881477409,2005Q1-2012Q4,101.607015223113,149.28405214158056,5.005850881301772,"",4.9856494301371805,approximate,FALSE,FALSE,FALSE,FALSE
barley,Barley,보리,hulled+naked,grain,0,control_pool,2002,07_barely.xlsx,DT_1ET0231,"겉보리,쌀보리",DT_1J49: 쌀보리 | DT_1J60: 쌀보리(조곡),보리,종합 (see Yearbook 2025 pp.44–51),48773,253,123177,"","","","",10.79493216003758,5.53338948872752,11.721377624341436,"",10.79493216003758,"","",-0.0017738384355734,2021,2025,2024,2025,medium,1,0,0,-23,-19,0,barley,101.2,"",1.020406881477409,2005Q1-2012Q4,103.2651764055138,146.6393420900912,4.987976116956268,"",4.967774665791676,approximate,FALSE,FALSE,FALSE,FALSE
barley,Barley,보리,hulled+naked,grain,0,control_pool,2003,07_barely.xlsx,DT_1ET0231,"겉보리,쌀보리",DT_1J49: 쌀보리 | DT_1J60: 쌀보리(조곡),보리,종합 (see Yearbook 2025 pp.44–51),32794,245,80409,"","","","",10.398000850809812,5.501258210544727,11.294881389200718,"",10.398000850809812,"","",0.0007925138342681,2021,2025,2024,2025,medium,1,0,0,-22,-18,0,barley,101.2,"",1.020406881477409,2005Q1-2012Q4,103.2651764055138,138.08646520264497,4.927880048390247,"",4.907678597225656,approximate,FALSE,FALSE,FALSE,FALSE
barley,Barley,보리,hulled+naked,grain,0,control_pool,2004,07_barely.xlsx,DT_1ET0231,"겉보리,쌀보리",DT_1J49: 쌀보리 | DT_1J60: 쌀보리(조곡),보리,종합 (see Yearbook 2025 pp.44–51),35111,296,103810,"","","","",10.46626975067086,5.69035945432406,11.55031758418729,"",10.46626975067086,"","",-0.0011414348195391,2021,2025,2024,2025,medium,1,0,0,-21,-17,0,barley,101.2,"",1.020406881477409,2005Q1-2012Q4,103.2651764055138,135.922191388925,4.912082599871473,"",4.891881148706881,approximate,FALSE,FALSE,FALSE,FALSE
barley,Barley,보리,hulled+naked,grain,0,control_pool,2005,07_barely.xlsx,DT_1ET0231,"겉보리,쌀보리",DT_1J49: 쌀보리 | DT_1J60: 쌀보리(조곡),보리,종합 (see Yearbook 2025 pp.44–51),36122,328,118313,"","","","",10.494657376983607,5.793013608384144,11.681088934038891,"",10.494657376983607,"","",-0.001411865340767,2021,2025,2024,2025,medium,1,0,0,-20,-16,0,barley,100.5,100.7,1.020406881477409,2005Q1-2012Q4,100.7,139.774946668135,4.94003360535753,4.94003360535753,4.938044942544117,approximate,FALSE,FALSE,FALSE,FALSE
barley,Barley,보리,hulled+naked,grain,0,control_pool,2006,07_barely.xlsx,DT_1ET0231,"겉보리,쌀보리",DT_1J49: 쌀보리 | DT_1J60: 쌀보리(조곡),보리,종합 (see Yearbook 2025 pp.44–51),33024,255,84307,"","","","",10.404989848841234,5.541263545158426,11.342220177316014,"",10.404989848841234,"","",0.0011369693044436,2021,2025,2024,2025,medium,1,0,0,-19,-15,0,barley,101.5,101.7,1.020406881477409,2005Q1-2012Q4,101.7,143.84116923305692,4.968709699396174,4.968709699396174,4.966741381611468,approximate,FALSE,FALSE,FALSE,FALSE
barley,Barley,보리,hulled+naked,grain,0,control_pool,2007,07_barely.xlsx,DT_1ET0231,"겉보리,쌀보리",DT_1J49: 쌀보리 | DT_1J60: 쌀보리(조곡),보리,종합 (see Yearbook 2025 pp.44–51),31922,311,99232,"","","","",10.371050706242505,5.739792912179234,11.505215821900176,"",10.371050706242505,"","",-0.0004576105334699,2021,2025,2024,2025,medium,1,0,0,-18,-14,0,barley,98.92500000000001,99.125,1.020406881477409,2005Q1-2012Q4,99.125,137.5500570079949,4.923987901823387,4.923987901823387,4.921967274711619,approximate,FALSE,FALSE,FALSE,FALSE
barley,Barley,보리,hulled+naked,grain,0,control_pool,2008,07_barely.xlsx,DT_1ET0231,"겉보리,쌀보리",DT_1J49: 쌀보리 | DT_1J60: 쌀보리(조곡),보리,종합 (see Yearbook 2025 pp.44–51),34409,303,104155,"","","","",10.446073437049854,5.713732805509369,11.553635453218016,"",10.446073437049854,"","",-0.0010006033531162,2021,2025,2024,2025,medium,1,0,0,-17,-13,0,barley,94.975,95.25,1.020406881477409,2005Q1-2012Q4,95.25,133.18503594286247,4.891739409024064,4.891739409024064,4.888840525066853,approximate,FALSE,FALSE,FALSE,FALSE
barley,Barley,보리,hulled+naked,grain,0,control_pool,2009,07_barely.xlsx,DT_1ET0231,"겉보리,쌀보리",DT_1J49: 쌀보리 | DT_1J60: 쌀보리(조곡),보리,종합 (see Yearbook 2025 pp.44–51),31726,300,95074,"","","","",10.3648918129684,5.703782474656201,11.46241081472905,"",10.3648918129684,"","",-0.0010932869074586,2021,2025,2024,2025,medium,1,0,0,-16,-12,0,barley,89.80000000000001,90.02499999999999,1.020406881477409,2005Q1-2012Q4,90.02499999999999,125.79791204311968,4.83467674669712,4.83467674669712,4.832177776715816,approximate,FALSE,FALSE,FALSE,FALSE
barley,Barley,보리,hulled+naked,grain,0,control_pool,2010,07_barely.xlsx,DT_1ET0231,"겉보리,쌀보리",DT_1J49: 쌀보리 | DT_1J60: 쌀보리(조곡),보리,종합 (see Yearbook 2025 pp.44–51),26538,207,55028,"","","","",10.186332947096382,5.332718793265369,10.915597425580886,"",10.186332947096382,"","",0.0017158712072262,2021,2025,2024,2025,medium,1,0,0,-15,-11,0,barley,84.425,84.6,1.020406881477409,2005Q1-2012Q4,84.6,111.2440044521482,4.711726027029133,4.711726027029133,4.709222495496998,approximate,FALSE,FALSE,FALSE,FALSE
barley,Barley,보리,hulled+naked,grain,0,control_pool,2011,07_barely.xlsx,DT_1ET0231,"겉보리,쌀보리",DT_1J49: 쌀보리 | DT_1J60: 쌀보리(조곡),보리,종합 (see Yearbook 2025 pp.44–51),22060,251,55347,"","","","",10.001521292807494,5.525452939131784,10.921377736125876,"",10.001521292807494,"","",-0.0004263098253112,2021,2025,2024,2025,medium,1,0,0,-14,-10,0,barley,79.35,80.125,1.020406881477409,2005Q1-2012Q4,80.125,97.8801630146584,4.583743904027298,4.583743904027298,4.573678996918216,approximate,FALSE,FALSE,FALSE,FALSE
barley,Barley,보리,hulled+naked,grain,0,control_pool,2012,07_barely.xlsx,DT_1ET0231,"겉보리,쌀보리",DT_1J49: 쌀보리 | DT_1J60: 쌀보리(조곡),보리,종합 (see Yearbook 2025 pp.44–51),17452,270,47108,"","","","",9.7672095342435,5.598421958998375,10.76019811696144,"",9.7672095342435,"","",-0.0002631902923457,2021,2025,2024,2025,medium,1,0,0,-13,-9,0,barley,78.1,89,1.020406881477409,2005Q1-2012Q4,89,101.4455531516405,4.619522232404682,4.619522232404682,4.486225098900022,approximate,FALSE,FALSE,FALSE,FALSE
barley,Barley,보리,hulled+naked,grain,0,control_pool,2013,07_barely.xlsx,DT_1ET0231,"겉보리,쌀보리",DT_1J49: 쌀보리 | DT_1J60: 쌀보리(조곡),보리,종합 (see Yearbook 2025 pp.44–51),21194,228,48415,"","","","",9.961473401734782,5.429345628954441,10.787564962045632,"",9.961473401734782,"","",0.0019161173445017,2021,2025,2024,2025,medium,1,0,0,-12,-8,0,barley,"",96.5,1.020406881477409,2005Q1-2012Q4,96.5,112.57088607554908,4.723583121665121,4.723583121665121,"",approximate,FALSE,FALSE,FALSE,FALSE
barley,Barley,보리,hulled+naked,grain,0,control_pool,2014,07_barely.xlsx,DT_1ET0231,"겉보리,쌀보리",DT_1J49: 쌀보리 | DT_1J60: 쌀보리(조곡),보리,종합 (see Yearbook 2025 pp.44–51),24757,282,69902,"","","","",10.116863556291284,5.641907070938114,11.154849540115867,"",10.116863556291284,"","",0.0012490988745597,2021,2025,2024,2025,medium,1,0,0,-11,-7,0,barley,"",111.375,1.020406881477409,2005Q1-2012Q4,111.375,133.17462923534097,4.891661268758196,4.891661268758196,"",approximate,FALSE,FALSE,FALSE,FALSE
barley,Barley,보리,hulled+naked,grain,0,control_pool,2015,07_barely.xlsx,DT_1ET0231,"겉보리,쌀보리",DT_1J49: 쌀보리 | DT_1J60: 쌀보리(조곡),보리,종합 (see Yearbook 2025 pp.44–51),26186,212,55417,"","","","",10.172980195787698,5.356586274672012,10.922641684869497,"",10.172980195787698,"","",-0.0017545996021244,2021,2025,2024,2025,medium,1,0,0,-10,-6,0,barley,"",124.85,1.020406881477409,2005Q1-2012Q4,124.85,146.6011182068948,4.987715417028474,4.987715417028474,"",approximate,FALSE,FALSE,FALSE,FALSE
barley,Barley,보리,hulled+naked,grain,0,control_pool,2016,07_barely.xlsx,DT_1ET0231,"겉보리,쌀보리",DT_1J49: 쌀보리 | DT_1J60: 쌀보리(조곡),보리,종합 (see Yearbook 2025 pp.44–51),27398,192,52475,"","","","",10.218225297011337,5.2574953720277815,10.868092144688834,"",10.218225297011337,"","",-0.0024583383621905,2021,2025,2024,2025,medium,1,0,0,-9,-5,0,barley,"",120.6,1.020406881477409,2005Q1-2012Q4,120.6,139.1601328169822,4.935625304702532,4.935625304702532,"",approximate,FALSE,FALSE,FALSE,FALSE
barley,Barley,보리,hulled+naked,grain,0,control_pool,2017,07_barely.xlsx,DT_1ET0231,"겉보리,쌀보리",DT_1J49: 쌀보리 | DT_1J60: 쌀보리(조곡),보리,종합 (see Yearbook 2025 pp.44–51),20941,247,51781,"","","","",9.949464238776152,5.5093883366279774,10.854778565594904,"",9.949464238776152,"","",0.0010961761788657,2021,2025,2024,2025,medium,1,0,0,-8,-4,0,barley,"",111.82499999999999,1.020406881477409,2005Q1-2012Q4,111.825,121.74057378010328,4.801892336214712,4.801892336214712,"",approximate,FALSE,FALSE,FALSE,FALSE
barley,Barley,보리,hulled+naked,grain,0,control_pool,2018,07_barely.xlsx,DT_1ET0231,"겉보리,쌀보리",DT_1J49: 쌀보리 | DT_1J60: 쌀보리(조곡),보리,종합 (see Yearbook 2025 pp.44–51),36538,214,78112,"","","","",10.506108093896517,5.365976015021851,11.265898973192687,"",10.506108093896517,"","",-0.0010149497375877,2021,2025,2024,2025,medium,1,0,0,-7,-3,0,barley,"",110.6,1.020406881477409,2005Q1-2012Q4,110.6,119.78125239298036,4.78566718255875,4.78566718255875,"",approximate,FALSE,FALSE,FALSE,FALSE
barley,Barley,보리,hulled+naked,grain,0,control_pool,2019,07_barely.xlsx,DT_1ET0231,"겉보리,쌀보리",DT_1J49: 쌀보리 | DT_1J60: 쌀보리(조곡),보리,종합 (see Yearbook 2025 pp.44–51),33085,305,100778,"","","","",10.40683528644616,5.720311776607412,11.520675356830289,"",10.40683528644616,"","",-0.0013015202351915,2021,2025,2024,2025,medium,1,0,0,-6,-2,0,barley,"",107.375,1.020406881477409,2005Q1-2012Q4,107.375,117.16334999765589,4.763569114907321,4.763569114907321,"",approximate,FALSE,FALSE,FALSE,FALSE
barley,Barley,보리,hulled+naked,grain,0,control_pool,2020,07_barely.xlsx,DT_1ET0231,"겉보리,쌀보리",DT_1J49: 쌀보리 | DT_1J60: 쌀보리(조곡),보리,종합 (see Yearbook 2025 pp.44–51),26808,278,74547,"","","","",10.196455629417146,5.627621113690637,11.219185077934483,"",10.196455629417146,"","",0.0002785208147919,2021,2025,2024,2025,medium,1,0,0,-5,-1,0,barley,"",100.025,1.020406881477409,2005Q1-2012Q4,100.025,100.24801645595264,4.607647280015399,4.607647280015399,"",approximate,FALSE,FALSE,FALSE,FALSE
barley,Barley,보리,hulled+naked,grain,0,control_pool,2021,07_barely.xlsx,DT_1ET0231,"겉보리,쌀보리",DT_1J49: 쌀보리 | DT_1J60: 쌀보리(조곡),보리,종합 (see Yearbook 2025 pp.44–51),21648,302,65393,"","","","",9.982668350410568,5.71042701737487,11.088170498077638,"",9.982668350410568,"","",0.0002453162802904,2021,2025,2024,2025,medium,0,1,0,-4,0,0,barley,"",92.225,1.020406881477409,2005Q1-2012Q4,92.225,82.00881717351282,4.406826767989947,4.406826767989947,"",approximate,FALSE,FALSE,FALSE,FALSE
barley,Barley,보리,hulled+naked,grain,0,control_pool,2022,07_barely.xlsx,DT_1ET0231,"겉보리,쌀보리",DT_1J49: 쌀보리 | DT_1J60: 쌀보리(조곡),보리,종합 (see Yearbook 2025 pp.44–51),17599,285,50190,"","","","",9.775597361230211,5.652489180268651,10.82357108264898,"",9.775597361230211,"","",0.0006547271382082,2021,2025,2024,2025,medium,0,1,0,-3,1,0,barley,"",90.8,1.020406881477409,2005Q1-2012Q4,90.8,83.26090101848615,4.421979063453244,4.421979063453244,"",approximate,FALSE,FALSE,FALSE,FALSE
barley,Barley,보리,hulled+naked,grain,0,control_pool,2023,07_barely.xlsx,DT_1ET0231,"겉보리,쌀보리",DT_1J49: 쌀보리 | DT_1J60: 쌀보리(조곡),보리,종합 (see Yearbook 2025 pp.44–51),19301,263,50799,"","","","",9.867912187022208,5.572154032177765,10.83563194833345,"",9.867912187022208,"","",0.0007359151215684,2021,2025,2024,2025,medium,0,1,0,-2,2,0,barley,"",90.8,1.020406881477409,2005Q1-2012Q4,90.8,82.9872858381181,4.418687413389658,4.418687413389658,"",approximate,FALSE,FALSE,FALSE,FALSE
barley,Barley,보리,hulled+naked,grain,0,control_pool,2024,07_barely.xlsx,DT_1ET0231,"겉보리,쌀보리",DT_1J49: 쌀보리 | DT_1J60: 쌀보리(조곡),보리,종합 (see Yearbook 2025 pp.44–51),17830,206,36817,"","","","",9.788637710857186,5.327876168789581,10.513714974009698,"",9.788637710857186,"","",0.0023712803510225,2021,2025,2024,2025,medium,0,1,0,-1,3,0,barley,"",99.27499999999999,1.020406881477409,2005Q1-2012Q4,99.275,84.97444211233329,4.4423505302453385,4.4423505302453385,"",approximate,FALSE,FALSE,FALSE,FALSE
cabbage,Cabbage,양배추,all,vegetable,0,control_pool,1980,09_vegetables_leafy.xls,DT_1ET0028,양배추,DT_1J49: 양배추 | DT_1J60: 양배추,양배추,종합 (see Yearbook 2025 pp.44–51),2200.4,3326,73195.3,"","","","",7.696394441001303,8.109525659752872,11.20088649023773,"",7.696394441001303,"","",0.0001365754716449,2017,"","","",medium,1,0,0,"",-37,0,cabbage,49.475,"",0.9231312219148928,2005Q1-2012Q4,45.67191720423932,210.0534766524873,5.347362149025606,"",5.427346034688057,exact,TRUE,TRUE,TRUE,TRUE
cabbage,Cabbage,양배추,all,vegetable,0,control_pool,1981,09_vegetables_leafy.xls,DT_1ET0028,양배추,DT_1J49: 양배추 | DT_1J60: 양배추,양배추,종합 (see Yearbook 2025 pp.44–51),1961,2988,58597,"","","","",7.581209826196346,8.002359546252707,10.97843877971537,"",7.581209826196346,"","",0.00003959325440661132,2017,"","","",medium,1,0,0,"",-36,0,cabbage,48.05,"",0.9231312219148928,2005Q1-2012Q4,44.3564552130106,151.29985364317636,5.0192636534652,"",5.099247539127651,exact,TRUE,TRUE,TRUE,TRUE
cabbage,Cabbage,양배추,all,vegetable,0,control_pool,1982,09_vegetables_leafy.xls,DT_1ET0028,양배추,DT_1J49: 양배추 | DT_1J60: 양배추,양배추,종합 (see Yearbook 2025 pp.44–51),3695,3490,128947,"","","","",8.214735833382303,8.157657015196472,11.767156746207531,"",8.214735833382303,"","",-0.00006591638315178727,2017,"","","",medium,1,0,0,"",-35,0,cabbage,38.725,"",0.9231312219148928,2005Q1-2012Q4,35.74825656865422,116.55391732328604,4.758353975584345,"",4.838337861246797,exact,TRUE,TRUE,TRUE,TRUE
cabbage,Cabbage,양배추,all,vegetable,0,control_pool,1983,09_vegetables_leafy.xls,DT_1ET0028,양배추,DT_1J49: 양배추 | DT_1J60: 양배추,양배추,종합 (see Yearbook 2025 pp.44–51),1724,3647,62866,"","","","",7.452402451223638,8.20166019080868,11.048760756003286,"",7.452402451223638,"","",-0.0001317000409404,2017,"","","",medium,1,0,0,"",-34,0,cabbage,40.150000000000006,"",0.9231312219148928,2005Q1-2012Q4,37.06371855988294,118.48453728678828,4.7747824650296895,"",4.854766350692141,exact,TRUE,TRUE,TRUE,TRUE
cabbage,Cabbage,양배추,all,vegetable,0,control_pool,1984,09_vegetables_leafy.xls,DT_1ET0028,양배추,DT_1J49: 양배추 | DT_1J60: 양배추,양배추,종합 (see Yearbook 2025 pp.44–51),2622,3706,97161,"","","","",7.871692664323645,8.217708406845306,11.484124675364502,"",7.871692664323645,"","",-0.0001062098163568,2017,"","","",medium,1,0,0,"",-33,0,cabbage,62.65,"",0.9231312219148928,2005Q1-2012Q4,57.83417105296803,186.30940850993923,5.2274087782644045,"",5.307392663926855,exact,TRUE,TRUE,TRUE,TRUE
cabbage,Cabbage,양배추,all,vegetable,0,control_pool,1985,09_vegetables_leafy.xls,DT_1ET0028,양배추,DT_1J49: 양배추 | DT_1J60: 양배추,양배추,종합 (see Yearbook 2025 pp.44–51),3713,3518,130615,"","","","",8.21959545417708,8.165647925297504,11.780009343746803,"",8.21959545417708,"","",-0.00006384973968920349,2017,"","","",medium,1,0,0,"",-32,0,cabbage,37.5,"",0.9231312219148928,2005Q1-2012Q4,34.61742082180848,107.77988513043816,4.680091046726699,"",4.76007493238915,exact,TRUE,TRUE,TRUE,TRUE
cabbage,Cabbage,양배추,all,vegetable,0,control_pool,1986,09_vegetables_leafy.xls,DT_1ET0028,양배추,DT_1J49: 양배추 | DT_1J60: 양배추,양배추,종합 (see Yearbook 2025 pp.44–51),4052,3494,141580,"","","","",8.306965865368573,8.158802490694002,11.86062020732818,"",8.306965865368573,"","",0.000022037253696538528,2017,"","","",medium,1,0,0,"",-31,0,cabbage,53.45,"",0.9231312219148928,2005Q1-2012Q4,49.341363811351016,158.8166557342558,5.067750428289413,"",5.147734313951863,exact,TRUE,TRUE,TRUE,TRUE
cabbage,Cabbage,양배추,all,vegetable,0,control_pool,1987,09_vegetables_leafy.xls,DT_1ET0028,양배추,DT_1J49: 양배추 | DT_1J60: 양배추,양배추,종합 (see Yearbook 2025 pp.44–51),2785,3613,100628,"","","","",7.932003152361385,8.19229373114764,11.519185827941042,"",7.932003152361385,"","",0.00005913042010874392,2017,"","","",medium,1,0,0,"",-30,0,cabbage,57.025000000000006,"",0.9231312219148928,2005Q1-2012Q4,52.64155792969676,164.04414163125955,5.100135547896311,"",5.180119433558763,exact,TRUE,TRUE,TRUE,TRUE
cabbage,Cabbage,양배추,all,vegetable,0,control_pool,1988,09_vegetables_leafy.xls,DT_1ET0028,양배추,DT_1J49: 양배추 | DT_1J60: 양배추,양배추,종합 (see Yearbook 2025 pp.44–51),3726,3570,133019,"","","","",8.223090551161533,8.180320874773685,11.798247254143638,"",8.223090551161533,"","",0.000006014196509696035,2017,"","","",medium,1,0,0,"",-29,0,cabbage,71.025,"",0.9231312219148928,2005Q1-2012Q4,65.56539503650525,180.8626544271571,5.197737927900183,"",5.277721813562633,exact,TRUE,TRUE,TRUE,TRUE
cabbage,Cabbage,양배추,all,vegetable,0,control_pool,1989,09_vegetables_leafy.xls,DT_1ET0028,양배추,DT_1J49: 양배추 | DT_1J60: 양배추,양배추,종합 (see Yearbook 2025 pp.44–51),3920,3674,144014,"","","","",8.273846932784508,8.20903626577507,11.877665796054586,"",8.273846932784508,"","",-0.00004721651690076101,2017,"","","",medium,1,0,0,"",-28,0,cabbage,69.2,"",0.9231312219148928,2005Q1-2012Q4,63.88068055651058,166.04272836311958,5.112245155012733,"",5.192229040675183,exact,TRUE,TRUE,TRUE,TRUE
cabbage,Cabbage,양배추,all,vegetable,0,control_pool,1990,09_vegetables_leafy.xls,DT_1ET0028,양배추,DT_1J49: 양배추 | DT_1J60: 양배추,양배추,종합 (see Yearbook 2025 pp.44–51),3933,3670,144334,"","","","",8.27715777243181,8.207946941048617,11.879885337243495,"",8.27715777243181,"","",-0.00004919024883953682,2017,"","","",medium,1,0,0,"",-27,0,cabbage,94.275,"",0.9231312219148928,2005Q1-2012Q4,87.0281959460265,201.4622079438365,5.305601810167754,"",5.385585695830204,exact,TRUE,TRUE,TRUE,TRUE
cabbage,Cabbage,양배추,all,vegetable,0,control_pool,1991,09_vegetables_leafy.xls,DT_1ET0028,양배추,DT_1J49: 양배추 | DT_1J60: 양배추,양배추,종합 (see Yearbook 2025 pp.44–51),5449,3647,198718,"","","","",8.603187384583098,8.20166019080868,12.199642013264366,"",8.603187384583098,"","",-0.000035376139321030564,2017,"","","",medium,1,0,0,"",-26,0,cabbage,59.45,"",0.9231312219148928,2005Q1-2012Q4,54.880151142840376,117.05101139998064,4.762609834651239,"",4.8425937203136895,exact,TRUE,TRUE,TRUE,TRUE
cabbage,Cabbage,양배추,all,vegetable,0,control_pool,1992,09_vegetables_leafy.xls,DT_1ET0028,양배추,DT_1J49: 양배추 | DT_1J60: 양배추,양배추,종합 (see Yearbook 2025 pp.44–51),4635,3807,176448,"","","","",8.441391477999955,8.244596756382498,12.08078149438347,"",8.441391477999955,"","",-0.00003655401089197596,2017,"","","",medium,1,0,0,"",-25,0,cabbage,62.025000000000006,"",0.9231312219148928,2005Q1-2012Q4,57.25721403927122,116.8669001441177,4.761035681627505,"",4.8410195672899565,exact,TRUE,TRUE,TRUE,TRUE
cabbage,Cabbage,양배추,all,vegetable,0,control_pool,1993,09_vegetables_leafy.xls,DT_1ET0028,양배추,DT_1J49: 양배추 | DT_1J60: 양배추,양배추,종합 (see Yearbook 2025 pp.44–51),3882,3770,146332,"","","","",8.264105763728956,8.234830280442056,11.893633291730376,"",8.264105763728956,"","",-0.0001325664525442,2017,"","","",medium,1,0,0,"",-24,0,cabbage,64.275,"",0.9231312219148928,2005Q1-2012Q4,59.33425928857973,122.44874991193528,4.807692574378611,"",4.887676460041062,exact,TRUE,TRUE,TRUE,TRUE
cabbage,Cabbage,양배추,all,vegetable,0,control_pool,1994,09_vegetables_leafy.xls,DT_1ET0028,양배추,DT_1J49: 양배추 | DT_1J60: 양배추,양배추,종합 (see Yearbook 2025 pp.44–51),4210,4012,168916,"","","","",8.345217926676428,8.297045149081827,12.03715682891906,"",8.345217926676428,"","",0.00006393914889635255,2017,"","","",medium,1,0,0,"",-23,0,cabbage,100.175,"",0.9231312219148928,2005Q1-2012Q4,92.47467015532438,175.718493136832,5.168883243705638,"",5.248867129368089,exact,TRUE,TRUE,TRUE,TRUE
cabbage,Cabbage,양배추,all,vegetable,0,control_pool,1995,09_vegetables_leafy.xls,DT_1ET0028,양배추,DT_1J49: 양배추 | DT_1J60: 양배추,양배추,종합 (see Yearbook 2025 pp.44–51),6651,3936,261787,"","","","",8.802522498284421,8.277920258172143,12.4752864749989,"",8.802522498284421,"","",0.000013904530424824202,2017,"","","",medium,1,0,0,"",-22,0,cabbage,81.85,"",0.9231312219148928,2005Q1-2012Q4,75.55829051373397,129.9589707525893,4.867218791044925,"",4.947202676707376,exact,TRUE,TRUE,TRUE,TRUE
cabbage,Cabbage,양배추,all,vegetable,0,control_pool,1996,09_vegetables_leafy.xls,DT_1ET0028,양배추,DT_1J49: 양배추 | DT_1J60: 양배추,양배추,종합 (see Yearbook 2025 pp.44–51),5893,4551,268217,"","","","",8.681520484837913,8.423102268016642,12.49955163335412,"",8.681520484837913,"","",0.00009906648765678484,2017,"","","",medium,1,0,0,"",-21,0,cabbage,79.225,"",0.9231312219148928,2005Q1-2012Q4,73.13507105620738,119.9832490416883,4.787352141719007,"",4.867336027381458,exact,TRUE,TRUE,TRUE,TRUE
cabbage,Cabbage,양배추,all,vegetable,0,control_pool,1997,09_vegetables_leafy.xls,DT_1ET0028,양배추,DT_1J49: 양배추 | DT_1J60: 양배추,양배추,종합 (see Yearbook 2025 pp.44–51),4572,4121,188432,"","","","",8.427706024914702,8.323851131338817,12.14649247808133,"",8.427706024914702,"","",0.0001055078159026,2017,"","","",medium,1,0,0,"",-20,0,cabbage,83.65,"",0.9231312219148928,2005Q1-2012Q4,77.21992671318077,130.13800596653155,4.868595471731314,"",4.948579357393765,exact,TRUE,TRUE,TRUE,TRUE
cabbage,Cabbage,양배추,all,vegetable,0,control_pool,1998,09_vegetables_leafy.xls,DT_1ET0028,양배추,DT_1J49: 양배추 | DT_1J60: 양배추,양배추,종합 (see Yearbook 2025 pp.44–51),4440,4266,189392,"","","","",8.39840965542627,8.358431899031295,12.151574220193677,"",8.39840965542627,"","",-0.00009714827580076246,2017,"","","",medium,1,0,0,"",-19,0,cabbage,116.575,"",0.9231312219148928,2005Q1-2012Q4,107.61402219472862,181.9710567179539,5.203847645408108,"",5.283831531070559,exact,TRUE,TRUE,TRUE,TRUE
cabbage,Cabbage,양배추,all,vegetable,0,control_pool,1999,09_vegetables_leafy.xls,DT_1ET0028,양배추,DT_1J49: 양배추 | DT_1J60: 양배추,양배추,종합 (see Yearbook 2025 pp.44–51),4709,4560,214728,"","","","",8.457230850243555,8.425077902508432,12.277127389895542,"",8.457230850243555,"","",-0.000011176868353501844,2017,"","","",medium,1,0,0,"",-18,0,cabbage,156.7,"",0.9231312219148928,2005Q1-2012Q4,144.65466247406368,231.09308961769335,5.442820614702982,"",5.522804500365433,exact,TRUE,TRUE,TRUE,TRUE
cabbage,Cabbage,양배추,all,vegetable,0,control_pool,2000,09_vegetables_leafy.xls,DT_1ET0028,양배추,DT_1J49: 양배추 | DT_1J60: 양배추,양배추,종합 (see Yearbook 2025 pp.44–51),5998,4518,270986,"","","","",8.699181359308954,8.415824697027949,12.509822438010785,"",8.699181359308954,"","",-0.00001343233802941768,2017,"","","",medium,1,0,0,"",-17,0,cabbage,125.3,"",0.9231312219148928,2005Q1-2012Q4,115.66834210593603,175.61026782545247,5.168267152301642,"",5.248251037964093,exact,TRUE,TRUE,TRUE,TRUE
cabbage,Cabbage,양배추,all,vegetable,0,control_pool,2001,09_vegetables_leafy.xls,DT_1ET0028,양배추,DT_1J49: 양배추 | DT_1J60: 양배추,양배추,종합 (see Yearbook 2025 pp.44–51),5992,5630,337345,"","","","",8.698180525197055,8.635864721133736,12.728861424543627,"",8.698180525197055,"","",-0.00001363579907120993,2017,"","","",medium,1,0,0,"",-16,0,cabbage,85.55,"",0.9231312219148928,2005Q1-2012Q4,78.97387603481907,115.57084390822848,4.749883709099899,"",4.82986759476235,exact,TRUE,TRUE,TRUE,TRUE
cabbage,Cabbage,양배추,all,vegetable,0,control_pool,2002,09_vegetables_leafy.xls,DT_1ET0028,양배추,DT_1J49: 양배추 | DT_1J60: 양배추,양배추,종합 (see Yearbook 2025 pp.44–51),5173,5009,259094,"","","","",8.551208070003515,8.518991573357617,12.464946209199864,"",8.551208070003515,"","",-0.00008324817317628685,2017,"","","",medium,1,0,0,"",-15,0,cabbage,113.325,"",0.9231312219148928,2005Q1-2012Q4,104.61384572350522,148.90475782638117,5.003306892345228,"",5.08329077800768,exact,TRUE,TRUE,TRUE,TRUE
cabbage,Cabbage,양배추,all,vegetable,0,control_pool,2003,09_vegetables_leafy.xls,DT_1ET0028,양배추,DT_1J49: 양배추 | DT_1J60: 양배추,양배추,종합 (see Yearbook 2025 pp.44–51),5401,5214,281584,"","","","",8.594339400592892,8.559102594493448,12.548186083469991,"",8.594339400592892,"","",-0.00008572562825470698,2017,"","","",medium,1,0,0,"",-14,0,cabbage,210.65,"",0.9231312219148928,2005Q1-2012Q4,194.45759189637212,259.5318790651597,5.558879543096039,"",5.63886342875849,exact,TRUE,TRUE,TRUE,TRUE
cabbage,Cabbage,양배추,all,vegetable,0,control_pool,2004,09_vegetables_leafy.xls,DT_1ET0028,양배추,DT_1J49: 양배추 | DT_1J60: 양배추,양배추,종합 (see Yearbook 2025 pp.44–51),5214,5254,273922,"","","","",8.559102594493448,8.566744970245486,12.520598673310728,"",8.559102594493448,"","",-0.00007870544011367997,2017,"","","",medium,1,0,0,"",-13,0,cabbage,135.725,"",0.9231312219148928,2005Q1-2012Q4,125.2919850943988,162.50357030581418,5.090699972641134,"",5.170683858303584,exact,TRUE,TRUE,TRUE,TRUE
cabbage,Cabbage,양배추,all,vegetable,0,control_pool,2005,09_vegetables_leafy.xls,DT_1ET0028,양배추,DT_1J49: 양배추 | DT_1J60: 양배추,양배추,종합 (see Yearbook 2025 pp.44–51),4921,5635,277283,"","","","",8.501267040865978,8.636752426473876,12.532793924279249,"",8.501267040865978,"","",-0.00005535707251524968,2017,"","","",medium,1,0,0,"",-12,0,cabbage,84.325,77.675,0.9231312219148928,2005Q1-2012Q4,77.675,109.17877164054777,4.692986645516807,4.692986645516807,4.775124757923567,exact,TRUE,TRUE,TRUE,TRUE
cabbage,Cabbage,양배추,all,vegetable,0,control_pool,2006,09_vegetables_leafy.xls,DT_1ET0028,양배추,DT_1J49: 양배추 | DT_1J60: 양배추,양배추,종합 (see Yearbook 2025 pp.44–51),5780,5515,318749,"","","","",8.662158961666423,8.615226931687603,12.67215923819495,"",8.662158961666423,"","",-0.0000564691709836751,2017,"","","",medium,1,0,0,"",-11,0,cabbage,83.425,76.8,0.9231312219148928,2005Q1-2012Q4,76.8,108.28712446690692,4.684786259283725,4.684786259283725,4.7675357619977135,exact,TRUE,TRUE,TRUE,TRUE
cabbage,Cabbage,양배추,all,vegetable,0,control_pool,2007,09_vegetables_leafy.xls,DT_1ET0028,양배추,DT_1J49: 양배추 | DT_1J60: 양배추,양배추,종합 (see Yearbook 2025 pp.44–51),5786,5539,320466,"","","","",8.66319648553608,8.619569258033104,12.67753146547216,"",8.66319648553608,"","",-0.00006409210893210116,2017,"","","",medium,1,0,0,"",-10,0,cabbage,100.69999999999999,92.775,0.9231312219148928,2005Q1-2012Q4,92.775,128.8938157591917,4.858988931751473,4.858988931751473,4.940958769324513,exact,TRUE,TRUE,TRUE,TRUE
cabbage,Cabbage,양배추,all,vegetable,0,control_pool,2008,09_vegetables_leafy.xls,DT_1ET0028,양배추,DT_1J49: 양배추 | DT_1J60: 양배추,양배추,종합 (see Yearbook 2025 pp.44–51),5859,5411,317031,"","","","",8.675734219544788,8.596189197642735,12.66675483987622,"",8.675734219544788,"","",0.0000016086767864464946,2017,"","","",medium,1,0,0,"",-9,0,cabbage,77.275,71.175,0.9231312219148928,2005Q1-2012Q4,71.175,98.88769662944132,4.593984828761074,4.593984828761074,4.676213938907783,exact,TRUE,TRUE,TRUE,TRUE
cabbage,Cabbage,양배추,all,vegetable,0,control_pool,2009,09_vegetables_leafy.xls,DT_1ET0028,양배추,DT_1J49: 양배추 | DT_1J60: 양배추,양배추,종합 (see Yearbook 2025 pp.44–51),5773,5526,319043,"","","","",8.660947155060933,8.617219505483362,12.67308116892103,"",8.660947155060933,"","",0.00008469436482627657,2017,"","","",medium,1,0,0,"",-8,0,cabbage,53.875,49.65,0.9231312219148928,2005Q1-2012Q4,49.65,69.34792781130618,4.239136266160219,4.239136266160219,4.3208098601321225,exact,TRUE,TRUE,TRUE,TRUE
cabbage,Cabbage,양배추,all,vegetable,0,control_pool,2010,09_vegetables_leafy.xls,DT_1ET0028,양배추,DT_1J49: 양배추 | DT_1J60: 양배추,양배추,종합 (see Yearbook 2025 pp.44–51),4524,5585,252685,"","","","",8.41715183723601,8.6278397115033,12.43989893269085,"",8.41715183723601,"","",0.00007756993962892977,2017,"","","",medium,1,0,0,"",-7,0,cabbage,73.125,67.375,0.9231312219148928,2005Q1-2012Q4,67.375,87.96838185723462,4.476977452838667,4.476977452838667,4.559738342391578,exact,TRUE,TRUE,TRUE,TRUE
cabbage,Cabbage,양배추,all,vegetable,0,control_pool,2011,09_vegetables_leafy.xls,DT_1ET0028,양배추,DT_1J49: 양배추 | DT_1J60: 양배추,양배추,종합 (see Yearbook 2025 pp.44–51),6767,5445,368486,"","","","",8.819813136232225,8.602453035367061,12.817157998030932,"",8.819813136232225,"","",0.00006201241973791127,2017,"","","",medium,1,0,0,"",-6,0,cabbage,88.75,81.4,0.9231312219148928,2005Q1-2012Q4,81.4,99.378546228751,4.598936257658555,4.598936257658555,4.685083752431856,exact,TRUE,TRUE,TRUE,TRUE
cabbage,Cabbage,양배추,all,vegetable,0,control_pool,2012,09_vegetables_leafy.xls,DT_1ET0028,양배추,DT_1J49: 양배추 | DT_1J60: 양배추,양배추,종합 (see Yearbook 2025 pp.44–51),5867,5163,302909,"","","","",8.67709870892586,8.54927308487965,12.621187709350409,"",8.67709870892586,"","",-0.00001389846701016495,2017,"","","",medium,1,0,0,"",-5,0,cabbage,84.825,80.075,0.9231312219148928,2005Q1-2012Q4,80.075,91.2374640033378,4.513465602239657,4.513465602239657,4.570669452593674,exact,TRUE,TRUE,TRUE,TRUE
cabbage,Cabbage,양배추,all,vegetable,0,control_pool,2013,09_vegetables_leafy.xls,DT_1ET0028,양배추,DT_1J49: 양배추 | DT_1J60: 양배추,양배추,종합 (see Yearbook 2025 pp.44–51),6016,5220,314022,"","","","",8.702177865629675,8.560252680876685,12.657218326130312,"",8.702177865629675,"","",-0.00004203438795613579,2017,"","","",medium,1,0,0,"",-4,0,cabbage,"",77.6,0.9231312219148928,2005Q1-2012Q4,77.6,89.90157560460585,4.498715467515382,4.498715467515382,"",exact,TRUE,TRUE,TRUE,TRUE
cabbage,Cabbage,양배추,all,vegetable,0,control_pool,2014,09_vegetables_leafy.xls,DT_1ET0028,양배추,DT_1J49: 양배추 | DT_1J60: 양배추,양배추,종합 (see Yearbook 2025 pp.44–51),7342,5172,379706,"","","","",8.90136656405678,8.551014739891748,12.847152548043953,"",8.90136656405678,"","",-0.00005856991648478527,2017,"","","",medium,1,0,0,"",-3,0,cabbage,"",52.6,0.9231312219148928,2005Q1-2012Q4,52.6,62.60791145235218,4.136891651148634,4.136891651148634,"",exact,TRUE,TRUE,TRUE,TRUE
cabbage,Cabbage,양배추,all,vegetable,0,control_pool,2015,09_vegetables_leafy.xls,DT_1ET0028,양배추,DT_1J49: 양배추 | DT_1J60: 양배추,양배추,종합 (see Yearbook 2025 pp.44–51),6425,4952,318168,"","","","",8.76795190976342,8.507546814364431,12.670334824146796,"",8.76795190976342,"","",0.000006286007034006502,2017,"","","",medium,1,0,0,"",-2,0,cabbage,"",59.95,0.9231312219148928,2005Q1-2012Q4,59.95,70.48393704676133,4.255384840549644,4.255384840549644,"",exact,TRUE,TRUE,TRUE,TRUE
cabbage,Cabbage,양배추,all,vegetable,0,control_pool,2016,09_vegetables_leafy.xls,DT_1ET0028,양배추,DT_1J49: 양배추 | DT_1J60: 양배추,양배추,종합 (see Yearbook 2025 pp.44–51),6765,5013,339107,"","","","",8.819517540604888,8.519789817263504,12.734070970778877,"",8.819517540604888,"","",-0.00006620110142563362,2017,"","","",medium,1,0,0,"",-1,0,cabbage,"",81.875,0.9231312219148928,2005Q1-2012Q4,81.875,94.98507256369724,4.553719748345737,4.553719748345737,"",exact,TRUE,TRUE,TRUE,TRUE
cabbage,Cabbage,양배추,all,vegetable,0,control_pool,2017,09_vegetables_leafy.xls,DT_1ET0028,양배추,DT_1J49: 양배추 | DT_1J60: 양배추,양배추,종합 (see Yearbook 2025 pp.44–51),6853.944,4828,330886,"","","","",8.832579531989738,8.482187582217422,12.70952918416002,"",8.832579531989738,"","",-0.00006774405904863556,2017,"","","",medium,0,1,0,"",0,0,cabbage,"",71.25,0.9231312219148928,2005Q1-2012Q4,71.25,77.52000896214412,4.350536083193238,4.350536083193238,"",exact,TRUE,TRUE,TRUE,TRUE
cabbage,Cabbage,양배추,all,vegetable,0,control_pool,2018,09_vegetables_leafy.xls,DT_1ET0028,양배추,DT_1J49: 양배추 | DT_1J60: 양배추,양배추,종합 (see Yearbook 2025 pp.44–51),7906.0816,4701,371651,"","","","",8.975387565078348,8.45553053102413,12.82571052085344,"",8.975387565078348,"","",-0.00003738926094776218,2017,"","","",medium,0,1,0,"",1,0,cabbage,"",67.075,0.9231312219148928,2005Q1-2012Q4,67.075,72.50834037380496,4.283701594882766,4.283701594882766,"",exact,TRUE,TRUE,TRUE,TRUE
cabbage,Cabbage,양배추,all,vegetable,0,control_pool,2019,09_vegetables_leafy.xls,DT_1ET0028,양배추,DT_1J49: 양배추 | DT_1J60: 양배추,양배추,종합 (see Yearbook 2025 pp.44–51),6979.9024,4702,328198,"","","","",8.850790212850635,8.455743229100015,12.701372363774343,"",8.850790212850635,"","",0.000009107811784758724,2017,"","","",medium,0,1,0,"",2,0,cabbage,"",49.474999999999994,0.9231312219148928,2005Q1-2012Q4,49.475,54.03623650426889,3.98965486788868,3.98965486788868,"",exact,TRUE,TRUE,TRUE,TRUE
cabbage,Cabbage,양배추,all,vegetable,0,control_pool,2020,09_vegetables_leafy.xls,DT_1ET0028,양배추,DT_1J49: 양배추 | DT_1J60: 양배추,양배추,종합 (see Yearbook 2025 pp.44–51),7091.456,4417,313236,"","","","",8.86664595810426,8.393216011596527,12.654712179022134,"",8.86664595810426,"","",0.000020395309439535936,2017,"","","",medium,0,1,0,"",3,0,cabbage,"",100.025,0.9231312219148928,2005Q1-2012Q4,100.025,100.10151326822036,4.606184803771544,4.606184803771544,"",exact,TRUE,TRUE,TRUE,TRUE
cabbage,Cabbage,양배추,all,vegetable,0,control_pool,2021,09_vegetables_leafy.xls,DT_1ET0028,양배추,DT_1J49: 양배추 | DT_1J60: 양배추,양배추,종합 (see Yearbook 2025 pp.44–51),8674.5874,4449,385940,"","","","",9.0681530417243,8.400434630806041,12.863437195950349,"",9.0681530417243,"","",0.000019709408096701964,2017,"","","",medium,0,1,0,"",4,0,cabbage,"",52.55,0.9231312219148928,2005Q1-2012Q4,52.55,46.56921595583826,3.840939721032039,3.840939721032039,"",exact,TRUE,TRUE,TRUE,TRUE
cabbage,Cabbage,양배추,all,vegetable,0,control_pool,2022,09_vegetables_leafy.xls,DT_1ET0028,양배추,DT_1J49: 양배추 | DT_1J60: 양배추,양배추,종합 (see Yearbook 2025 pp.44–51),7236.6504,4410,319123,"","","","",8.886913726389633,8.391629968440892,12.673331887387445,"",8.886913726389633,"","",-0.00004162145499009284,2017,"","","",medium,0,1,0,"",5,0,cabbage,"",81.2,0.9231312219148928,2005Q1-2012Q4,81.2,74.41011521557654,4.309591889796313,4.309591889796313,"",exact,TRUE,TRUE,TRUE,TRUE
cabbage,Cabbage,양배추,all,vegetable,0,control_pool,2023,09_vegetables_leafy.xls,DT_1ET0028,양배추,DT_1J49: 양배추 | DT_1J60: 양배추,양배추,종합 (see Yearbook 2025 pp.44–51),6436.3814,4074,262217,"","","","",8.769721766766638,8.31238059678675,12.476927684213026,"",8.769721766766638,"","",-0.000004493352271595086,2017,"","","",medium,0,1,0,"",6,0,cabbage,"",84.75,0.9231312219148928,2005Q1-2012Q4,84.75,76.98847233064583,4.343655700654412,4.343655700654412,"",exact,TRUE,TRUE,TRUE,TRUE
cabbage,Cabbage,양배추,all,vegetable,0,control_pool,2024,09_vegetables_leafy.xls,DT_1ET0028,양배추,DT_1J49: 양배추 | DT_1J60: 양배추,양배추,종합 (see Yearbook 2025 pp.44–51),8346.9461,4084,340852,"","","","",9.02965101442004,8.314832179284556,12.739203644457447,"",9.02965101442004,"","",-0.0001093632590549,2017,"","","",medium,0,1,0,"",7,0,cabbage,"",98.25,0.9231312219148928,2005Q1-2012Q4,98.25,84.45009995375942,4.436160826838182,4.436160826838182,"",exact,TRUE,TRUE,TRUE,TRUE
carrot,Carrot,당근,all,vegetable,0,control_pool,1980,08_vegetables_root.xls,DT_1ET0029,당근,DT_1J49: 당근 | DT_1J60: 당근,당근,종합 (see Yearbook 2025 pp.44–51),3977.5,1889,75132.2,"","","","",8.288408760211942,7.543802867501509,11.227004507511348,"",8.288408760211942,"","",-0.0000369342140125184,2019,"","","",medium,1,0,0,"",-39,0,carrot,53.725,"",0.4204672815305238,2005Q1-2012Q4,22.589604700227397,101.83739871458695,4.623377411057519,"",5.489766022142539,exact,FALSE,TRUE,TRUE,FALSE
carrot,Carrot,당근,all,vegetable,0,control_pool,1981,08_vegetables_root.xls,DT_1ET0029,당근,DT_1J49: 당근 | DT_1J60: 당근,당근,종합 (see Yearbook 2025 pp.44–51),3952,1767,69821,"","","","",8.281977058867758,7.477038472319696,11.153690103100145,"",8.281977058867758,"","",-0.0001552420992183,2019,"","","",medium,1,0,0,"",-38,0,carrot,66.7,"",0.4204672815305238,2005Q1-2012Q4,28.04516767808594,95.11593787816834,4.55509654623691,"",5.4214851573219285,exact,FALSE,TRUE,TRUE,FALSE
carrot,Carrot,당근,all,vegetable,0,control_pool,1982,08_vegetables_root.xls,DT_1ET0029,당근,DT_1J49: 당근 | DT_1J60: 당근,당근,종합 (see Yearbook 2025 pp.44–51),6841,1714,117287,"","","","",8.830689198760998,7.446585099157725,11.672379201560336,"",8.830689198760998,"","",0.0002750896297047,2019,"","","",medium,1,0,0,"",-37,0,carrot,58.55,"",0.4204672815305238,2005Q1-2012Q4,24.61835933361217,80.29049789410779,4.385651281374374,"",5.2520398924593925,exact,FALSE,TRUE,TRUE,FALSE
carrot,Carrot,당근,all,vegetable,0,control_pool,1983,08_vegetables_root.xls,DT_1ET0029,당근,DT_1J49: 당근 | DT_1J60: 당근,당근,종합 (see Yearbook 2025 pp.44–51),3368,1768,59561,"","","","",8.122074375362217,7.477604243197589,10.994756276448804,"",8.122074375362217,"","",0.0002478438770889,2019,"","","",medium,1,0,0,"",-36,0,carrot,46.05,"",0.4204672815305238,2005Q1-2012Q4,19.362518314480624,63.05884920696815,4.144068404774503,"",5.010457015859522,exact,FALSE,TRUE,TRUE,FALSE
carrot,Carrot,당근,all,vegetable,0,control_pool,1984,08_vegetables_root.xls,DT_1ET0029,당근,DT_1J49: 당근 | DT_1J60: 당근,당근,종합 (see Yearbook 2025 pp.44–51),4539,1718,77960,"","","","",8.420462002456466,7.4489161025442,11.263951153621496,"",8.420462002456466,"","",-0.0002567653910787,2019,"","","",medium,1,0,0,"",-35,0,carrot,64.225,"",0.4204672815305238,2005Q1-2012Q4,27.00451115629789,87.0102884913603,4.466026370183979,"",5.332414981268998,exact,FALSE,TRUE,TRUE,FALSE
carrot,Carrot,당근,all,vegetable,0,control_pool,1985,08_vegetables_root.xls,DT_1ET0029,당근,DT_1J49: 당근 | DT_1J60: 당근,당근,종합 (see Yearbook 2025 pp.44–51),4619,1759,81270,"","","","",8.437933510430605,7.472500744737558,11.305532223747251,"",8.437933510430605,"","",0.0002681545671787,2019,"","","",medium,1,0,0,"",-34,0,carrot,68.45,"",0.4204672815305238,2005Q1-2012Q4,28.780985420764356,89.51385287072992,4.494393393982063,"",5.360782005067082,exact,FALSE,TRUE,TRUE,FALSE
carrot,Carrot,당근,all,vegetable,0,control_pool,1986,08_vegetables_root.xls,DT_1ET0029,당근,DT_1J49: 당근 | DT_1J60: 당근,당근,종합 (see Yearbook 2025 pp.44–51),5105,1796,91679,"","","","",8.537975730598767,7.493317248862145,11.426048624384716,"",8.537975730598767,"","",-0.00007416908810320422,2019,"","","",medium,1,0,0,"",-33,0,carrot,78.975,"",0.4204672815305238,2005Q1-2012Q4,33.20640355887312,107.16226207998648,4.67434415382265,"",5.540732764907669,exact,FALSE,TRUE,TRUE,FALSE
carrot,Carrot,당근,all,vegetable,0,control_pool,1987,08_vegetables_root.xls,DT_1ET0029,당근,DT_1J49: 당근 | DT_1J60: 당근,당근,종합 (see Yearbook 2025 pp.44–51),5689,1906,108442,"","","","",8.646289764750648,7.552762084214147,11.593970746821352,"",8.646289764750648,"","",0.0000890838446494513,2019,"","","",medium,1,0,0,"",-32,0,carrot,92.325,"",0.4204672815305238,2005Q1-2012Q4,38.81964176730561,121.46356945521008,4.799614377944827,"",5.666002989029845,exact,FALSE,TRUE,TRUE,FALSE
carrot,Carrot,당근,all,vegetable,0,control_pool,1988,08_vegetables_root.xls,DT_1ET0029,당근,DT_1J49: 당근 | DT_1J60: 당근,당근,종합 (see Yearbook 2025 pp.44–51),4923,1935,95236,"","","","",8.5016733797582,7.567862605463882,11.464113300558791,"",8.5016733797582,"","",-0.0002524986751986,2019,"","","",medium,1,0,0,"",-31,0,carrot,94.225,"",0.4204672815305238,2005Q1-2012Q4,39.61852960221361,108.59494285967384,4.687624839745904,"",5.554013450830923,exact,FALSE,TRUE,TRUE,FALSE
carrot,Carrot,당근,all,vegetable,0,control_pool,1989,08_vegetables_root.xls,DT_1ET0029,당근,DT_1J49: 당근 | DT_1J60: 당근,당근,종합 (see Yearbook 2025 pp.44–51),4453,2083,92764,"","","","",8.401333305321703,7.641564441260972,11.4378139124751,"",8.401333305321703,"","",0.00008635188051719922,2019,"","","",medium,1,0,0,"",-30,0,carrot,90.1,"",0.4204672815305238,2005Q1-2012Q4,37.884102065900194,98.97983555783529,4.594916148154764,"",5.461304759239782,exact,FALSE,TRUE,TRUE,FALSE
carrot,Carrot,당근,all,vegetable,0,control_pool,1990,08_vegetables_root.xls,DT_1ET0029,당근,DT_1J49: 당근 | DT_1J60: 당근,당근,종합 (see Yearbook 2025 pp.44–51),4270,2028,86610,"","","","",8.35936910622267,7.614805364711073,11.36917056132509,"",8.35936910622267,"","",0.0001662763794367,2019,"","","",medium,1,0,0,"",-29,0,carrot,118.25,"",0.4204672815305238,2005Q1-2012Q4,49.720256040984445,115.08226698828008,4.745647237727068,"",5.612035848812087,exact,FALSE,TRUE,TRUE,FALSE
carrot,Carrot,당근,all,vegetable,0,control_pool,1991,08_vegetables_root.xls,DT_1ET0029,당근,DT_1J49: 당근 | DT_1J60: 당근,당근,종합 (see Yearbook 2025 pp.44–51),6002,2022,121389,"","","","",8.699848026000312,7.611842399580417,11.706755543947052,"",8.699848026000312,"","",0.0002353043544136,2019,"","","",medium,1,0,0,"",-28,0,carrot,125.2,"",0.4204672815305238,2005Q1-2012Q4,52.64250364762159,112.26532964299562,4.720865084273405,"",5.587253695358425,exact,FALSE,TRUE,TRUE,FALSE
carrot,Carrot,당근,all,vegetable,0,control_pool,1992,08_vegetables_root.xls,DT_1ET0029,당근,DT_1J49: 당근 | DT_1J60: 당근,당근,종합 (see Yearbook 2025 pp.44–51),5095,2264,115369,"","","","",8.536014945656826,7.724888439323074,11.655890966119186,"",8.536014945656826,"","",0.0001577671273782,2019,"","","",medium,1,0,0,"",-27,0,carrot,130.425,"",0.4204672815305238,2005Q1-2012Q4,54.839445193618566,111.88206275765656,4.71744530539705,"",5.583833916482069,exact,FALSE,TRUE,TRUE,FALSE
carrot,Carrot,당근,all,vegetable,0,control_pool,1993,08_vegetables_root.xls,DT_1ET0029,당근,DT_1J49: 당근 | DT_1J60: 당근,당근,종합 (see Yearbook 2025 pp.44–51),5933,2363,140181,"","","","",8.688285266258644,7.767687277186908,11.850689723714131,"",8.688285266258644,"","",-0.0001126337433259,2019,"","","",medium,1,0,0,"",-26,0,carrot,113.625,"",0.4204672815305238,2005Q1-2012Q4,47.775594863905766,98.6516932220296,4.591595396254722,"",5.457984007339742,exact,FALSE,TRUE,TRUE,FALSE
carrot,Carrot,당근,all,vegetable,0,control_pool,1994,08_vegetables_root.xls,DT_1ET0029,당근,DT_1J49: 당근 | DT_1J60: 당근,당근,종합 (see Yearbook 2025 pp.44–51),5820,2366,137683,"","","","",8.669055540725484,7.768956044538332,11.832709220305206,"",8.669055540725484,"","",-0.0001321789705173,2019,"","","",medium,1,0,0,"",-25,0,carrot,129.8,"",0.4204672815305238,2005Q1-2012Q4,54.57665314266199,104.27590759946096,4.647040343947896,"",5.513428955032915,exact,FALSE,TRUE,TRUE,FALSE
carrot,Carrot,당근,all,vegetable,0,control_pool,1995,08_vegetables_root.xls,DT_1ET0029,당근,DT_1J49: 당근 | DT_1J60: 당근,당근,종합 (see Yearbook 2025 pp.44–51),5890,2694,158694,"","","","",8.681011276645632,7.898782356970309,11.974733098616426,"",8.681011276645632,"","",0.0001096509885751,2019,"","","",medium,1,0,0,"",-24,0,carrot,126.625,"",0.4204672815305238,2005Q1-2012Q4,53.241669523802585,91.63949145217256,4.5178623081610425,"",5.384250919246061,exact,FALSE,TRUE,TRUE,FALSE
carrot,Carrot,당근,all,vegetable,0,control_pool,1996,08_vegetables_root.xls,DT_1ET0029,당근,DT_1J49: 당근 | DT_1J60: 당근,당근,종합 (see Yearbook 2025 pp.44–51),4993,3147,157129,"","","","",8.51579221050061,8.054204897064407,11.964822403006858,"",8.51579221050061,"","",-0.000004518570067446603,2019,"","","",medium,1,0,0,"",-23,0,carrot,137.1,"",0.4204672815305238,2005Q1-2012Q4,57.64606429783481,94.55038597359906,4.549132877312941,"",5.41552148839796,exact,FALSE,TRUE,TRUE,FALSE
carrot,Carrot,당근,all,vegetable,0,control_pool,1997,08_vegetables_root.xls,DT_1ET0029,당근,DT_1J49: 당근 | DT_1J60: 당근,당근,종합 (see Yearbook 2025 pp.44–51),5885,3651,214835,"","","","",8.680162019694377,8.202756381655638,12.277625570615076,"",8.680162019694377,"","",-0.0001226447468454,2019,"","","",medium,1,0,0,"",-22,0,carrot,137.375,"",0.4204672815305238,2005Q1-2012Q4,57.76169280025571,97.34751728209434,4.578287228484212,"",5.444675839569231,exact,FALSE,TRUE,TRUE,FALSE
carrot,Carrot,당근,all,vegetable,0,control_pool,1998,08_vegetables_root.xls,DT_1ET0029,당근,DT_1J49: 당근 | DT_1J60: 당근,당근,종합 (see Yearbook 2025 pp.44–51),5617,2590,145491,"","","","",8.633552992532433,7.859413154693583,11.88786950801044,"",8.633552992532433,"","",0.00007354677251569797,2019,"","","",medium,1,0,0,"",-21,0,carrot,156.7,"",0.4204672815305238,2005Q1-2012Q4,65.88722301583309,111.59827788625684,4.714905618701419,"",5.581294229786438,exact,FALSE,TRUE,TRUE,FALSE
carrot,Carrot,당근,all,vegetable,0,control_pool,1999,08_vegetables_root.xls,DT_1ET0029,당근,DT_1J49: 당근 | DT_1J60: 당근,당근,종합 (see Yearbook 2025 pp.44–51),5497,2752,151295,"","","","",8.61195776786066,7.920083199053234,11.92698685230375,"",8.61195776786066,"","",0.0001160713779473,2019,"","","",medium,1,0,0,"",-20,0,carrot,120.9,"",0.4204672815305238,2005Q1-2012Q4,50.834494337040326,81.16183371763955,4.396445108561908,"",5.262833719646928,exact,FALSE,TRUE,TRUE,FALSE
carrot,Carrot,당근,all,vegetable,0,control_pool,2000,08_vegetables_root.xls,DT_1ET0029,당근,DT_1J49: 당근 | DT_1J60: 당근,당근,종합 (see Yearbook 2025 pp.44–51),4383,3540,155137,"","","","",8.38548870041881,8.17188200612782,11.952063876485198,"",8.38548870041881,"","",-0.0001366440733399,2019,"","","",medium,1,0,0,"",-19,0,carrot,219.72500000000002,"",0.4204672815305238,2005Q1-2012Q4,92.38717343429434,141.66985059899386,4.953499354820179,"",5.819887965905199,exact,FALSE,TRUE,TRUE,FALSE
carrot,Carrot,당근,all,vegetable,0,control_pool,2001,08_vegetables_root.xls,DT_1ET0029,당근,DT_1J49: 당근 | DT_1J60: 당근,당근,종합 (see Yearbook 2025 pp.44–51),4298,3569,153405,"","","","",8.365905077202456,8.18004072349016,11.940836761908225,"",8.365905077202456,"","",0.00006114720369865267,2019,"","","",medium,1,0,0,"",-18,0,carrot,192.475,"",0.4204672815305238,2005Q1-2012Q4,80.92944001258758,118.23632531163388,4.772685378500055,"",5.639073989585074,exact,FALSE,TRUE,TRUE,FALSE
carrot,Carrot,당근,all,vegetable,0,control_pool,2002,08_vegetables_root.xls,DT_1ET0029,당근,DT_1J49: 당근 | DT_1J60: 당근,당근,종합 (see Yearbook 2025 pp.44–51),3760,3620,136109,"","","","",8.23217423638394,8.194229304819817,11.82121131430038,"",8.23217423638394,"","",-0.00002204091528668073,2019,"","","",medium,1,0,0,"",-17,0,carrot,193.5,"",0.4204672815305238,2005Q1-2012Q4,81.36041897615635,115.66635121393853,4.750709764018015,"",5.6170983751030334,exact,FALSE,TRUE,TRUE,FALSE
carrot,Carrot,당근,all,vegetable,0,control_pool,2003,08_vegetables_root.xls,DT_1ET0029,당근,DT_1J49: 당근 | DT_1J60: 당근,당근,종합 (see Yearbook 2025 pp.44–51),3340,3727,124475,"","","","",8.113726085970747,8.223358899479258,11.731860171510384,"",8.113726085970747,"","",-0.00005462795152944011,2019,"","","",medium,1,0,0,"",-16,0,carrot,260.875,"",0.4204672815305238,2005Q1-2012Q4,109.6894020692754,146.18634451414567,4.984882140177346,"",5.851270751262365,exact,FALSE,TRUE,TRUE,FALSE
carrot,Carrot,당근,all,vegetable,0,control_pool,2004,08_vegetables_root.xls,DT_1ET0029,당근,DT_1J49: 당근 | DT_1J60: 당근,당근,종합 (see Yearbook 2025 pp.44–51),2166,3692,79964,"","","","",7.680637427560936,8.213923595622743,11.289331812375634,"",7.680637427560936,"","",-0.00005902481995256892,2019,"","","",medium,1,0,0,"",-15,0,carrot,149.65,"",0.4204672815305238,2005Q1-2012Q4,62.92292868104289,82.70786825569397,4.415314739652576,"",5.281703350737595,exact,FALSE,TRUE,TRUE,FALSE
carrot,Carrot,당근,all,vegetable,0,control_pool,2005,08_vegetables_root.xls,DT_1ET0029,당근,DT_1J49: 당근 | DT_1J60: 당근,당근,종합 (see Yearbook 2025 pp.44–51),3037,3875,117687,"","","","",8.01862546504575,8.262300941787448,11.675783836850918,"",8.01862546504575,"","",0.00002761600581280277,2019,"","","",medium,1,0,0,"",-14,0,carrot,101.8,43,0.4204672815305238,2005Q1-2012Q4,43,59.54272270998133,4.086694083631461,4.086694083631461,4.948491234124441,exact,FALSE,TRUE,TRUE,FALSE
carrot,Carrot,당근,all,vegetable,0,control_pool,2006,08_vegetables_root.xls,DT_1ET0029,당근,DT_1J49: 당근 | DT_1J60: 당근,당근,종합 (see Yearbook 2025 pp.44–51),3266,3992,130363,"","","","",8.09132127353041,8.292047637431354,11.77807814588093,"",8.09132127353041,"","",-0.0001205790927443,2019,"","","",medium,1,0,0,"",-13,0,carrot,135.925,57.425,0.4204672815305238,2005Q1-2012Q4,57.425,81.4149117658416,4.399558447457586,4.399558447457586,5.261186818068302,exact,FALSE,TRUE,TRUE,FALSE
carrot,Carrot,당근,all,vegetable,0,control_pool,2007,08_vegetables_root.xls,DT_1ET0029,당근,DT_1J49: 당근 | DT_1J60: 당근,당근,종합 (see Yearbook 2025 pp.44–51),2090,3671,76730,"","","","",7.644919344958857,8.208219383496834,11.24804804517171,"",7.644919344958857,"","",0.00007950270411072324,2019,"","","",medium,1,0,0,"",-12,0,carrot,110.4,46.625,0.4204672815305238,2005Q1-2012Q4,46.625,64.8794268524065,4.1725305758039966,4.1725305758039966,5.034479594829223,exact,FALSE,TRUE,TRUE,FALSE
carrot,Carrot,당근,all,vegetable,0,control_pool,2008,08_vegetables_root.xls,DT_1ET0029,당근,DT_1J49: 당근 | DT_1J60: 당근,당근,종합 (see Yearbook 2025 pp.44–51),2558,3893,99581,"","","","",7.846980982138788,8.266935347610456,11.508726662322896,"",7.846980982138788,"","",-0.00001948143825813986,2019,"","","",medium,1,0,0,"",-11,0,carrot,117.775,49.75,0.4204672815305238,2005Q1-2012Q4,49.75,69.4764515463443,4.240987868484715,4.240987868484715,5.102757524720088,exact,FALSE,TRUE,TRUE,FALSE
carrot,Carrot,당근,all,vegetable,0,control_pool,2009,08_vegetables_root.xls,DT_1ET0029,당근,DT_1J49: 당근 | DT_1J60: 당근,당근,종합 (see Yearbook 2025 pp.44–51),2626,3763,98807,"","","","",7.873217054862741,8.232971790593437,11.500923731428632,"",7.873217054862741,"","",-0.00009492803945576612,2019,"","","",medium,1,0,0,"",-10,0,carrot,133.55,56.4,0.4204672815305238,2005Q1-2012Q4,56.4,78.94876240313913,4.368799064874405,4.368799064874405,5.23080625806521,exact,FALSE,TRUE,TRUE,FALSE
carrot,Carrot,당근,all,vegetable,0,control_pool,2010,08_vegetables_root.xls,DT_1ET0029,당근,DT_1J49: 당근 | DT_1J60: 당근,당근,종합 (see Yearbook 2025 pp.44–51),2711,3767,102116,"","","","",7.905072849498666,8.23403420769204,11.533864700983884,"",7.905072849498666,"","",-0.0000721702187309603,2019,"","","",medium,1,0,0,"",-9,0,carrot,139.5,58.925,0.4204672815305238,2005Q1-2012Q4,58.925,77.16516000514453,4.345948059896223,4.345948059896223,5.208910579935889,exact,FALSE,TRUE,TRUE,FALSE
carrot,Carrot,당근,all,vegetable,0,control_pool,2011,08_vegetables_root.xls,DT_1ET0029,당근,DT_1J49: 당근 | DT_1J60: 당근,당근,종합 (see Yearbook 2025 pp.44–51),2849,3289,93694,"","","","",7.954723334497908,8.098338846189057,11.447789432024692,"",7.954723334497908,"","",-0.0001025626741828,2019,"","","",medium,1,0,0,"",-8,0,carrot,184.79999999999998,80.55,0.4204672815305238,2005Q1-2012Q4,80.55,98.23909614843387,4.587404263913042,4.587404263913042,5.418287525081063,exact,FALSE,TRUE,TRUE,FALSE
carrot,Carrot,당근,all,vegetable,0,control_pool,2012,08_vegetables_root.xls,DT_1ET0029,당근,DT_1J49: 당근 | DT_1J60: 당근,당근,종합 (see Yearbook 2025 pp.44–51),2214,2881,63792,"","","","",7.7025561132685825,7.965892735084528,11.063383069621135,"",7.7025561132685825,"","",0.0001044072561153,2019,"","","",medium,1,0,0,"",-7,0,carrot,209.375,83.025,0.4204672815305238,2005Q1-2012Q4,83.025,94.36024643905311,4.547119866225902,4.547119866225902,5.473325028579211,exact,FALSE,TRUE,TRUE,FALSE
carrot,Carrot,당근,all,vegetable,0,control_pool,2013,08_vegetables_root.xls,DT_1ET0029,당근,DT_1J49: 당근 | DT_1J60: 당근,당근,종합 (see Yearbook 2025 pp.44–51),2549,3131,79800,"","","","",7.8434564043761155,8.049107721326406,11.2872787834379,"",7.8434564043761155,"","",-0.0001151562765304,2019,"","","",medium,1,0,0,"",-6,0,carrot,"",100.05,0.4204672815305238,2005Q1-2012Q4,100.05,115.82112429572406,4.752046969018048,4.752046969018048,"",exact,FALSE,TRUE,TRUE,FALSE
carrot,Carrot,당근,all,vegetable,0,control_pool,2014,08_vegetables_root.xls,DT_1ET0029,당근,DT_1J49: 당근 | DT_1J60: 당근,당근,종합 (see Yearbook 2025 pp.44–51),2397,3476,83316,"","","","",7.781973234434385,8.153637486385282,11.330395886541272,"",7.781973234434385,"","",-0.00004464829030226269,2019,"","","",medium,1,0,0,"",-5,0,carrot,"",73.675,0.4204672815305238,2005Q1-2012Q4,73.675,88.07965932587888,4.478241624626278,4.478241624626278,"",exact,FALSE,TRUE,TRUE,FALSE
carrot,Carrot,당근,all,vegetable,0,control_pool,2015,08_vegetables_root.xls,DT_1ET0029,당근,DT_1J49: 당근 | DT_1J60: 당근,당근,종합 (see Yearbook 2025 pp.44–51),3114,3808,118594,"","","","",8.043663352393944,8.244859395911256,11.68346117404681,"",8.043663352393944,"","",0.0001086117297024,2019,"","","",medium,1,0,0,"",-4,0,carrot,"",54.8,0.4204672815305238,2005Q1-2012Q4,54.8,64.51492722436743,4.166896626861128,4.166896626861128,"",exact,FALSE,TRUE,TRUE,FALSE
carrot,Carrot,당근,all,vegetable,0,control_pool,2016,08_vegetables_root.xls,DT_1ET0029,당근,DT_1J49: 당근 | DT_1J60: 당근,당근,종합 (see Yearbook 2025 pp.44–51),2230,3276,73061,"","","","",7.709756864454165,8.09437844497296,11.199049987635837,"",7.709756864454165,"","",0.00008486419680409085,2019,"","","",medium,1,0,0,"",-3,0,carrot,"",83.575,0.4204672815305238,2005Q1-2012Q4,83.575,96.75210344089813,4.572152072664754,4.572152072664754,"",exact,FALSE,TRUE,TRUE,FALSE
carrot,Carrot,당근,all,vegetable,0,control_pool,2017,08_vegetables_root.xls,DT_1ET0029,당근,DT_1J49: 당근 | DT_1J60: 당근,당근,종합 (see Yearbook 2025 pp.44–51),2206.8884,3354,74027,"","","","",7.699338838598513,8.117908942383155,11.212185170504174,"",7.699338838598513,"","",0.000107575510599,2019,"","","",medium,1,0,0,"",-2,0,carrot,"",79.5,0.4204672815305238,2005Q1-2012Q4,79.5,86.00088524236281,4.454357589716377,4.454357589716377,"",exact,FALSE,TRUE,TRUE,FALSE
carrot,Carrot,당근,all,vegetable,0,control_pool,2018,08_vegetables_root.xls,DT_1ET0029,당근,DT_1J49: 당근 | DT_1J60: 당근,당근,종합 (see Yearbook 2025 pp.44–51),2153.9285,3396,73143,"","","","",7.675048663107832,8.130353547431238,11.200171708089425,"",7.675048663107832,"","",-0.000060316461553355794,2019,"","","",medium,1,0,0,"",-1,0,carrot,"",91.75,0.4204672815305238,2005Q1-2012Q4,91.75,99.56714110271422,4.600832201551449,4.600832201551449,"",exact,FALSE,TRUE,TRUE,FALSE
carrot,Carrot,당근,all,vegetable,0,control_pool,2019,08_vegetables_root.xls,DT_1ET0029,당근,DT_1J49: 당근 | DT_1J60: 당근,당근,종합 (see Yearbook 2025 pp.44–51),2069.2463,3254,67327,"","","","",7.634939713676435,8.087640287778983,11.117316623885428,"",7.634939713676435,"","",-0.00009319158189846632,2019,"","","",medium,0,1,0,"",0,0,carrot,"",73.475,0.4204672815305238,2005Q1-2012Q4,73.475,80.17724419717693,4.384239736421359,4.384239736421359,"",exact,FALSE,TRUE,TRUE,FALSE
carrot,Carrot,당근,all,vegetable,0,control_pool,2020,08_vegetables_root.xls,DT_1ET0029,당근,DT_1J49: 당근 | DT_1J60: 당근,당근,종합 (see Yearbook 2025 pp.44–51),2954.2442,3415,100875,"","","","",7.990998127243947,8.13593277200489,11.52163740557225,"",7.990998127243947,"","",-0.0001233076884972,2019,"","","",medium,0,1,0,"",1,0,carrot,"",99.975,0.4204672815305238,2005Q1-2012Q4,99.975,99.63234371890292,4.60148684800875,4.60148684800875,"",exact,FALSE,TRUE,TRUE,FALSE
carrot,Carrot,당근,all,vegetable,0,control_pool,2021,08_vegetables_root.xls,DT_1ET0029,당근,DT_1J49: 당근 | DT_1J60: 당근,당근,종합 (see Yearbook 2025 pp.44–51),2976.1875,3767,112105,"","","","",7.99839839800057,8.23403420769204,11.627191211098571,"",7.99839839800057,"","",-0.0000712086059486694,2019,"","","",medium,0,1,0,"",2,0,carrot,"",64.35,0.4204672815305238,2005Q1-2012Q4,64.35,57.12271041468502,4.045201768143038,4.045201768143038,"",exact,FALSE,TRUE,TRUE,FALSE
carrot,Carrot,당근,all,vegetable,0,control_pool,2022,08_vegetables_root.xls,DT_1ET0029,당근,DT_1J49: 당근 | DT_1J60: 당근,당근,종합 (see Yearbook 2025 pp.44–51),2199.1721,3710,81588,"","","","",7.695836250339132,8.21878715560148,11.30943747131446,"",7.695836250339132,"","",-0.000015748638061197084,2019,"","","",medium,0,1,0,"",3,0,carrot,"",91.6,0.4204672815305238,2005Q1-2012Q4,91.6,84.11713309423939,4.432210269110588,4.432210269110588,"",exact,FALSE,TRUE,TRUE,FALSE
carrot,Carrot,당근,all,vegetable,0,control_pool,2023,08_vegetables_root.xls,DT_1ET0029,당근,DT_1J49: 당근 | DT_1J60: 당근,당근,종합 (see Yearbook 2025 pp.44–51),2485.5081,3543,88063,"","","","",7.818232384431046,8.172729104865471,11.38580774641058,"",7.818232384431046,"","",0.0000164431021545397,2019,"","","",medium,0,1,0,"",4,0,carrot,"",123.975,0.4204672815305238,2005Q1-2012Q4,123.975,112.91879231723,4.726668908298253,4.726668908298253,"",exact,FALSE,TRUE,TRUE,FALSE
carrot,Carrot,당근,all,vegetable,0,control_pool,2024,08_vegetables_root.xls,DT_1ET0029,당근,DT_1J49: 당근 | DT_1J60: 당근,당근,종합 (see Yearbook 2025 pp.44–51),3054.1428,3445,105204,"","","","",8.024254243035145,8.144679183447758,11.563656601376586,"",8.024254243035145,"","",-0.0001066391182273,2019,"","","",medium,0,1,0,"",5,0,carrot,"",167.5,0.4204672815305238,2005Q1-2012Q4,167.5,144.5894635043238,4.97389844057132,4.97389844057132,"",exact,FALSE,TRUE,TRUE,FALSE
corn,Corn,옥수수,all,grain,0,baseline_treated,1980,05_coarse_grains.xlsx,DT_1ET0024,옥수수,DT_1J49: 옥수수 | DT_1J60: 옥수수,옥수수,종합 (see Yearbook 2025 pp.44–51),35322,436,154071,"","","","",10.472261278256315,6.077642243349034,11.945168814110998,"",10.472261278256315,"","",0.0004354784937383,2009,2013,2012,2013,high,1,0,0,-33,-29,2013,corn,28.425,"",1.15566848663926,2005Q1-2012Q4,32.849876732720965,146.57546811143655,4.9875404365101055,"",4.842861483651712,exact,FALSE,FALSE,FALSE,FALSE
corn,Corn,옥수수,all,grain,0,baseline_treated,1981,05_coarse_grains.xlsx,DT_1ET0024,옥수수,DT_1J49: 옥수수 | DT_1J60: 옥수수,옥수수,종합 (see Yearbook 2025 pp.44–51),33161,438,145342,"","","","",10.409129765609965,6.082218910376446,11.886844864912606,"",10.409129765609965,"","",0.000666374914287,2009,2013,2012,2013,high,1,0,0,-32,-28,2013,corn,38.6,"",1.15566848663926,2005Q1-2012Q4,44.60880358427544,153.39215987810846,5.032997778618626,"",4.888318825760233,exact,FALSE,FALSE,FALSE,FALSE
corn,Corn,옥수수,all,grain,0,baseline_treated,1982,05_coarse_grains.xlsx,DT_1ET0024,옥수수,DT_1J49: 옥수수 | DT_1J60: 옥수수,옥수수,종합 (see Yearbook 2025 pp.44–51),28414,412,117048,"","","","",10.254637260432023,6.021023349349527,11.670339386057998,"",10.254637260432023,"","",-0.0001510377354598,2009,2013,2012,2013,high,1,0,0,-31,-27,2013,corn,35.25,"",1.15566848663926,2005Q1-2012Q4,40.73731415403391,131.8492896382308,4.881659525133897,"",4.736980572275503,exact,FALSE,FALSE,FALSE,FALSE
corn,Corn,옥수수,all,grain,0,baseline_treated,1983,05_coarse_grains.xlsx,DT_1ET0024,옥수수,DT_1J49: 옥수수 | DT_1J60: 옥수수,옥수수,종합 (see Yearbook 2025 pp.44–51),27525,366,100637,"","","","",10.22284996159088,5.902633333401366,11.519275262268978,"",10.22284996159088,"","",-0.0010378467351763,2009,2013,2012,2013,high,1,0,0,-30,-26,2013,corn,38.25,"",1.15566848663926,2005Q1-2012Q4,44.20431961395169,140.62380245671156,4.94608825705904,"",4.801409304200647,exact,FALSE,FALSE,FALSE,FALSE
corn,Corn,옥수수,all,grain,0,baseline_treated,1984,05_coarse_grains.xlsx,DT_1ET0024,옥수수,DT_1J49: 옥수수 | DT_1J60: 옥수수,옥수수,종합 (see Yearbook 2025 pp.44–51),30042,444,133400,"","","","",10.310351681558,6.095824562432225,11.80110741246366,"",10.310351681558,"","",0.0001013544615258,2009,2013,2012,2013,high,1,0,0,-29,-25,2013,corn,48.55,"",1.15566848663926,2005Q1-2012Q4,56.10770502633607,180.40830141931968,5.195222623306592,"",5.050543670448198,exact,FALSE,FALSE,FALSE,FALSE
corn,Corn,옥수수,all,grain,0,baseline_treated,1985,05_coarse_grains.xlsx,DT_1ET0024,옥수수,DT_1J49: 옥수수 | DT_1J60: 옥수수,옥수수,종합 (see Yearbook 2025 pp.44–51),26136,504,131770,"","","","",10.171068953280908,6.222576268071369,11.788813257539298,"",10.171068953280908,"","",0.0003382221751149,2009,2013,2012,2013,high,1,0,0,-28,-24,2013,corn,50.175,"",1.15566848663926,2005Q1-2012Q4,57.98566631712487,179.76705318300986,5.191661863772945,"",5.046982910914551,exact,FALSE,FALSE,FALSE,FALSE
corn,Corn,옥수수,all,grain,0,baseline_treated,1986,05_coarse_grains.xlsx,DT_1ET0024,옥수수,DT_1J49: 옥수수 | DT_1J60: 옥수수,옥수수,종합 (see Yearbook 2025 pp.44–51),23645,479,113270,"","","","",10.070906955077977,6.171700597410915,11.63752962819476,"",10.070906955077977,"","",0.00009226169395937234,2009,2013,2012,2013,high,1,0,0,-27,-23,2013,corn,50.5,"",1.15566848663926,2005Q1-2012Q4,58.36125857528263,188.3056316820052,5.238066343245638,"",5.093387390387244,exact,FALSE,FALSE,FALSE,FALSE
corn,Corn,옥수수,all,grain,0,baseline_treated,1987,05_coarse_grains.xlsx,DT_1ET0024,옥수수,DT_1J49: 옥수수 | DT_1J60: 옥수수,옥수수,종합 (see Yearbook 2025 pp.44–51),26270,485,127390,"","","","",10.176182882679583,6.184148890937483,11.755008526103833,"",10.176182882679583,"","",-0.000153061525145,2009,2013,2012,2013,high,1,0,0,-26,-22,2013,corn,52.05,"",1.15566848663926,2005Q1-2012Q4,60.15254472957348,189.0457718099564,5.241989164627728,"",5.097310211769334,exact,FALSE,FALSE,FALSE,FALSE
corn,Corn,옥수수,all,grain,0,baseline_treated,1988,05_coarse_grains.xlsx,DT_1ET0024,옥수수,DT_1J49: 옥수수 | DT_1J60: 옥수수,옥수수,종합 (see Yearbook 2025 pp.44–51),22060,480,105859,"","","","",10.001521292807494,6.173786103901937,11.569863298928668,"",10.001521292807494,"","",-0.0002739117926697,2009,2013,2012,2013,high,1,0,0,-25,-21,2013,corn,49.025,"",1.15566848663926,2005Q1-2012Q4,56.65664755748972,155.5986937974525,5.047280217091142,"",4.9026012642327474,exact,FALSE,FALSE,FALSE,FALSE
corn,Corn,옥수수,all,grain,0,baseline_treated,1989,05_coarse_grains.xlsx,DT_1ET0024,옥수수,DT_1J49: 옥수수 | DT_1J60: 옥수수,옥수수,종합 (see Yearbook 2025 pp.44–51),24727,488,120627,"","","","",10.115651043007174,6.190315405853148,11.700458418814716,"",10.115651043007174,"","",-0.0003378440575154,2009,2013,2012,2013,high,1,0,0,-24,-20,2013,corn,49.45,"",1.15566848663926,2005Q1-2012Q4,57.1478066643114,149.0292912635561,5.00414287228648,"",4.859463919428086,exact,FALSE,FALSE,FALSE,FALSE
corn,Corn,옥수수,all,grain,0,baseline_treated,1990,05_coarse_grains.xlsx,DT_1ET0024,옥수수,DT_1J49: 옥수수 | DT_1J60: 옥수수,옥수수,종합 (see Yearbook 2025 pp.44–51),25987,461,119868,"","","","",10.165351691961936,6.133398042996649,11.69414641632015,"",10.165351691961936,"","",0.0005668673496561,2009,2013,2012,2013,high,1,0,0,-23,-19,2013,corn,45.825,"",1.15566848663926,2005Q1-2012Q4,52.958508400244085,123.71303159127434,4.817964622202761,"",4.673285669344367,exact,FALSE,FALSE,FALSE,FALSE
corn,Corn,옥수수,all,grain,0,baseline_treated,1991,05_coarse_grains.xlsx,DT_1ET0024,옥수수,DT_1J49: 옥수수 | DT_1J60: 옥수수,옥수수,종합 (see Yearbook 2025 pp.44–51),21874,341,74606,"","","","",9.99305399589517,5.831882477283517,11.21997621191204,"",9.99305399589517,"","",0.0002099247214442,2009,2013,2012,2013,high,1,0,0,-22,-18,2013,corn,44.825,"",1.15566848663926,2005Q1-2012Q4,51.80283991360483,110.47862875618972,4.704822097331304,"",4.56014314447291,exact,FALSE,FALSE,FALSE,FALSE
corn,Corn,옥수수,all,grain,0,baseline_treated,1992,05_coarse_grains.xlsx,DT_1ET0024,옥수수,DT_1J49: 옥수수 | DT_1J60: 옥수수,옥수수,종합 (see Yearbook 2025 pp.44–51),20937,440,92203,"","","","",9.94927320768526,6.0867747269123065,11.43174794697629,"",9.94927320768526,"","",0.0008701983668135,2009,2013,2012,2013,high,1,0,0,-21,-17,2013,corn,45,"",1.15566848663926,2005Q1-2012Q4,52.0050818987667,106.11937418340054,4.664564631998103,"",4.519885679139709,exact,FALSE,FALSE,FALSE,FALSE
corn,Corn,옥수수,all,grain,0,baseline_treated,1993,05_coarse_grains.xlsx,DT_1ET0024,옥수수,DT_1J49: 옥수수 | DT_1J60: 옥수수,옥수수,종합 (see Yearbook 2025 pp.44–51),19622,418,82107,"","","","",9.884406664723336,6.035481432524756,11.315778553681694,"",9.884406664723336,"","",0.0010606424216934,2009,2013,2012,2013,high,1,0,0,-20,-16,2013,corn,44.8,"",1.15566848663926,2005Q1-2012Q4,51.77394820143884,106.8942577469175,4.671840100469598,"",4.527161147611205,exact,FALSE,FALSE,FALSE,FALSE
corn,Corn,옥수수,all,grain,0,baseline_treated,1994,05_coarse_grains.xlsx,DT_1ET0024,옥수수,DT_1J49: 옥수수 | DT_1J60: 옥수수,옥수수,종합 (see Yearbook 2025 pp.44–51),21667,409,88578,"","","","",9.983545644706709,6.013715156042802,11.391638798762145,"",9.983545644706709,"","",-0.0004518159992752,2009,2013,2012,2013,high,1,0,0,-19,-15,2013,corn,47.175,"",1.15566848663926,2005Q1-2012Q4,54.51866085720709,104.16301247727912,4.6459570996749004,"",4.501278146816507,exact,FALSE,FALSE,FALSE,FALSE
corn,Corn,옥수수,all,grain,0,baseline_treated,1995,05_coarse_grains.xlsx,DT_1ET0024,옥수수,DT_1J49: 옥수수 | DT_1J60: 옥수수,옥수수,종합 (see Yearbook 2025 pp.44–51),17541,425,74465,"","","","",9.77229627684378,6.052089168924417,11.218084495319967,"",9.77229627684378,"","",-0.0011307644601377,2009,2013,2012,2013,high,1,0,0,-18,-14,2013,corn,70.75,"",1.15566848663926,2005Q1-2012Q4,81.76354542972764,140.62234561142338,4.946077897128437,"",4.801398944270043,exact,FALSE,FALSE,FALSE,FALSE
corn,Corn,옥수수,all,grain,0,baseline_treated,1996,05_coarse_grains.xlsx,DT_1ET0024,옥수수,DT_1J49: 옥수수 | DT_1J60: 옥수수,옥수수,종합 (see Yearbook 2025 pp.44–51),17908,403,72168,"","","","",9.793002819360856,5.998936561946683,11.186752013336475,"",9.793002819360856,"","",-0.00001718198297240292,2009,2013,2012,2013,high,1,0,0,-17,-13,2013,corn,79.2,"",1.15566848663926,2005Q1-2012Q4,91.52894414182938,150.1542154785764,5.011662869150634,"",4.866983916292241,exact,FALSE,FALSE,FALSE,FALSE
corn,Corn,옥수수,all,grain,0,baseline_treated,1997,05_coarse_grains.xlsx,DT_1ET0024,옥수수,DT_1J49: 옥수수 | DT_1J60: 옥수수,옥수수,종합 (see Yearbook 2025 pp.44–51),21097,411,86763,"","","","",9.956886129260823,6.018593214496234,11.370935542489612,"",9.956886129260823,"","",0.0006263847206451,2009,2013,2012,2013,high,1,0,0,-16,-12,2013,corn,82.3,"",1.15566848663926,2005Q1-2012Q4,95.11151645041107,160.27671091277085,5.076901764673752,"",4.932222811815358,exact,FALSE,FALSE,FALSE,FALSE
corn,Corn,옥수수,all,grain,0,baseline_treated,1998,05_coarse_grains.xlsx,DT_1ET0024,옥수수,DT_1J49: 옥수수 | DT_1J60: 옥수수,옥수수,종합 (see Yearbook 2025 pp.44–51),20140,398,80203,"","","","",9.910463166272551,5.986452005284438,11.292316199638792,"",9.910463166272551,"","",0.0005712140698932,2009,2013,2012,2013,high,1,0,0,-15,-11,2013,corn,83.975,"",1.15566848663926,2005Q1-2012Q4,97.04726116553184,164.98308318572992,5.105842942497325,"",4.961163989638931,exact,FALSE,FALSE,FALSE,FALSE
corn,Corn,옥수수,all,grain,0,baseline_treated,1999,05_coarse_grains.xlsx,DT_1ET0024,옥수수,DT_1J49: 옥수수 | DT_1J60: 옥수수,옥수수,종합 (see Yearbook 2025 pp.44–51),20134,394,79333,"","","","",9.910165207289367,5.976350909297934,11.281409462296002,"",9.910165207289367,"","",0.00006353169679051973,2009,2013,2012,2013,high,1,0,0,-14,-10,2013,corn,88.30000000000001,"",1.15566848663926,2005Q1-2012Q4,102.04552737024665,162.32263181523294,5.089585909132008,"",4.944906956273615,exact,FALSE,FALSE,FALSE,FALSE
corn,Corn,옥수수,all,grain,0,baseline_treated,2000,05_coarse_grains.xlsx,DT_1ET0024,옥수수,DT_1J49: 옥수수 | DT_1J60: 옥수수,옥수수,종합 (see Yearbook 2025 pp.44–51),15808,406,64205,"","","","",9.668271419987647,6.0063531596017325,11.069836368265374,"",9.668271419987647,"","",0.0003819746640836,2009,2013,2012,2013,high,1,0,0,-13,-9,2013,corn,92.85,"",1.15566848663926,2005Q1-2012Q4,107.30381898445528,164.0420497166529,5.100122795670452,"",4.955443842812058,exact,FALSE,FALSE,FALSE,FALSE
corn,Corn,옥수수,all,grain,0,baseline_treated,2001,05_coarse_grains.xlsx,DT_1ET0024,옥수수,DT_1J49: 옥수수 | DT_1J60: 옥수수,옥수수,종합 (see Yearbook 2025 pp.44–51),14208,403,57218,"","","","",9.56156046523195,5.998936561946683,10.954623813179536,"",9.56156046523195,"","",-0.0007030280110065,2009,2013,2012,2013,high,1,0,0,-12,-8,2013,corn,97.775,"",1.15566848663926,2005Q1-2012Q4,112.99548628115365,166.0390011749198,5.112222707597724,"",4.96754375473933,exact,FALSE,FALSE,FALSE,FALSE
corn,Corn,옥수수,all,grain,0,baseline_treated,2002,05_coarse_grains.xlsx,DT_1ET0024,옥수수,DT_1J49: 옥수수 | DT_1J60: 옥수수,옥수수,종합 (see Yearbook 2025 pp.44–51),17344,422,73223,"","","","",9.761001904239372,6.045005314036012,11.20126485824679,"",9.761001904239372,"","",0.0004278259594965,2009,2013,2012,2013,high,1,0,0,-11,-7,2013,corn,100,"",1.15566848663926,2005Q1-2012Q4,115.566848663926,164.10804925132905,5.100525047784796,"",4.955846094926402,exact,FALSE,FALSE,FALSE,FALSE
corn,Corn,옥수수,all,grain,0,baseline_treated,2003,05_coarse_grains.xlsx,DT_1ET0024,옥수수,DT_1J49: 옥수수 | DT_1J60: 옥수수,옥수수,종합 (see Yearbook 2025 pp.44–51),16966,414,70242,"","","","",9.73896662036768,6.025865973825314,11.159701701707728,"",9.73896662036768,"","",0.00003929350282305677,2009,2013,2012,2013,high,1,0,0,-10,-6,2013,corn,100,"",1.15566848663926,2005Q1-2012Q4,115.566848663926,154.53629366732454,5.040428979218777,"",4.895750026360383,exact,FALSE,FALSE,FALSE,FALSE
corn,Corn,옥수수,all,grain,0,baseline_treated,2004,05_coarse_grains.xlsx,DT_1ET0024,옥수수,DT_1J49: 옥수수 | DT_1J60: 옥수수,옥수수,종합 (see Yearbook 2025 pp.44–51),18218,426,77616,"","","","",9.810165395304756,6.054439346269371,11.259528870484996,"",9.810165395304756,"","",0.00009431489896272184,2009,2013,2012,2013,high,1,0,0,-9,-5,2013,corn,100,"",1.15566848663926,2005Q1-2012Q4,115.566848663926,152.11419637369983,5.024631530700002,"",4.879952577841608,exact,FALSE,FALSE,FALSE,FALSE
corn,Corn,옥수수,all,grain,0,baseline_treated,2005,05_coarse_grains.xlsx,DT_1ET0024,옥수수,DT_1J49: 옥수수 | DT_1J60: 옥수수,옥수수,종합 (see Yearbook 2025 pp.44–51),15176,484,73470,"","","","",9.62747051161485,6.182084906716632,11.204632438614324,"",9.62747051161485,"","",0.0002472062709326,2009,2013,2012,2013,high,1,0,0,-8,-4,2013,corn,100,111.8,1.15566848663926,2005Q1-2012Q4,111.8,155.2281690238723,5.0448960927222,5.0448960927222,4.933354717989293,exact,FALSE,FALSE,FALSE,FALSE
corn,Corn,옥수수,all,grain,0,baseline_treated,2006,05_coarse_grains.xlsx,DT_1ET0024,옥수수,DT_1J49: 옥수수 | DT_1J60: 옥수수,옥수수,종합 (see Yearbook 2025 pp.44–51),13661,473,64623,"","","","",9.522300336887486,6.159095388491933,11.07632566355621,"",9.522300336887486,"","",0.0001001241648808,2009,2013,2012,2013,high,1,0,0,-7,-3,2013,corn,100,111.8,1.15566848663926,2005Q1-2012Q4,111.8,158.111290869992,5.063299157667904,5.063299157667904,4.951757782934997,exact,FALSE,FALSE,FALSE,FALSE
corn,Corn,옥수수,all,grain,0,baseline_treated,2007,05_coarse_grains.xlsx,DT_1ET0024,옥수수,DT_1J49: 옥수수 | DT_1J60: 옥수수,옥수수,종합 (see Yearbook 2025 pp.44–51),16981,492,83513,"","","","",9.739850350946302,6.198478716492308,11.332757587343483,"",9.739850350946302,"","",-0.0004012941070321,2009,2013,2012,2013,high,1,0,0,-6,-2,2013,corn,101.25,113.2,1.15566848663926,2005Q1-2012Q4,113.2,157.13585073778367,5.05711072252305,5.05711072252305,4.9455474633687455,exact,FALSE,FALSE,FALSE,FALSE
corn,Corn,옥수수,all,grain,0,baseline_treated,2008,05_coarse_grains.xlsx,DT_1ET0024,옥수수,DT_1J49: 옥수수 | DT_1J60: 옥수수,옥수수,종합 (see Yearbook 2025 pp.44–51),18366,505,92830,"","","","",9.818256408173468,6.22455842927536,11.438525142393978,"",9.818256408173468,"","",0.0008804909332411,2009,2013,2012,2013,high,1,0,0,-5,-1,2013,corn,105,117.4,1.15566848663926,2005Q1-2012Q4,117.4,164.19909852395782,5.101079706893378,5.101079706893378,4.989453149656905,exact,FALSE,FALSE,FALSE,FALSE
corn,Corn,옥수수,all,grain,0,baseline_treated,2009,05_coarse_grains.xlsx,DT_1ET0024,옥수수,DT_1J49: 옥수수 | DT_1J60: 옥수수,옥수수,종합 (see Yearbook 2025 pp.44–51),15326,502,76975,"","","","",9.637306011530349,6.218600119691729,11.2512359727927,"",9.637306011530349,"","",0.0005000275587132,2009,2013,2012,2013,high,0,1,0,-4,0,2013,corn,109.65,122.65,1.15566848663926,2005Q1-2012Q4,122.65,171.46184211435818,5.1443607468903085,5.1443607468903085,5.032317531293105,exact,FALSE,FALSE,FALSE,FALSE
corn,Corn,옥수수,all,grain,0,baseline_treated,2010,05_coarse_grains.xlsx,DT_1ET0024,옥수수,DT_1J49: 옥수수 | DT_1J60: 옥수수,옥수수,종합 (see Yearbook 2025 pp.44–51),15528,479,74339,"","","","",9.650400124848844,6.171700597410915,11.216390992052402,"",9.650400124848844,"","",-0.0005395442192686,2009,2013,2012,2013,high,0,1,0,-3,1,2013,corn,111.2,124.4,1.15566848663926,2005Q1-2012Q4,124.4,163.49124702927588,5.096759453915121,5.096759453915121,4.984587655426524,exact,FALSE,FALSE,FALSE,FALSE
corn,Corn,옥수수,all,grain,0,baseline_treated,2011,05_coarse_grains.xlsx,DT_1ET0024,옥수수,DT_1J49: 옥수수 | DT_1J60: 옥수수,옥수수,종합 (see Yearbook 2025 pp.44–51),15823,465,73612,"","","","",9.669219856718984,6.142037405587356,11.206563334905086,"",9.669219856718984,"","",0.000476258586838,2009,2013,2012,2013,high,0,1,0,-2,2,2013,corn,111.2,124.4,1.15566848663926,2005Q1-2012Q4,124.4,151.9549172601394,5.023583879879928,5.023583879879928,4.911412081391331,exact,FALSE,FALSE,FALSE,FALSE
corn,Corn,옥수수,all,grain,0,baseline_treated,2012,05_coarse_grains.xlsx,DT_1ET0024,옥수수,DT_1J49: 옥수수 | DT_1J60: 옥수수,옥수수,종합 (see Yearbook 2025 pp.44–51),17001,489,83210,"","","","",9.741027444837728,6.192362489474872,11.329122811894475,"",9.741027444837728,"","",0.0009030635699662,2009,2013,2012,2013,high,0,1,0,-1,3,2013,corn,111.2,157.6,1.15566848663926,2005Q1-2012Q4,157.6,179.16285908300688,5.18829521947816,5.18829521947816,4.839565423870863,exact,FALSE,FALSE,FALSE,FALSE
corn,Corn,옥수수,all,grain,0,baseline_treated,2013,05_coarse_grains.xlsx,DT_1ET0024,옥수수,DT_1J49: 옥수수 | DT_1J60: 옥수수,옥수수,종합 (see Yearbook 2025 pp.44–51),15905,506,80465,"","","","",9.674388804183245,6.226536669287466,11.295577586252596,"",9.674388804183245,"","",-0.0001777012300241,2009,2013,2012,2013,high,0,0,1,0,4,2013,corn,"",119.75,1.15566848663926,2005Q1-2012Q4,119.75,139.2102067779482,4.935985069766431,4.935985069766431,"",exact,FALSE,FALSE,FALSE,FALSE
corn,Corn,옥수수,all,grain,0,baseline_treated,2014,05_coarse_grains.xlsx,DT_1ET0024,옥수수,DT_1J49: 옥수수 | DT_1J60: 옥수수,옥수수,종합 (see Yearbook 2025 pp.44–51),15839,518,82008,"","","","",9.67023053206242,6.249975242259483,11.314572082463238,"",9.67023053206242,"","",-0.0004635058705737,2009,2013,2012,2013,high,0,0,1,1,5,2013,corn,"",92.775,1.15566848663926,2005Q1-2012Q4,92.775,110.51965133802553,4.705193345309247,4.705193345309247,"",exact,FALSE,FALSE,FALSE,FALSE
corn,Corn,옥수수,all,grain,0,baseline_treated,2015,05_coarse_grains.xlsx,DT_1ET0024,옥수수,DT_1J49: 옥수수 | DT_1J60: 옥수수,옥수수,종합 (see Yearbook 2025 pp.44–51),15356,510,78243,"","","","",9.639261556120688,6.234410725718371,11.267574647531886,"",9.639261556120688,"","",-0.0009274483190822,2009,2013,2012,2013,high,0,0,1,2,6,2013,corn,"",74.55,1.15566848663926,2005Q1-2012Q4,74.55,87.5112096767261,4.471766895749263,4.471766895749263,"",exact,FALSE,FALSE,FALSE,FALSE
corn,Corn,옥수수,all,grain,0,baseline_treated,2016,05_coarse_grains.xlsx,DT_1ET0024,옥수수,DT_1J49: 옥수수 | DT_1J60: 옥수수,옥수수,종합 (see Yearbook 2025 pp.44–51),15183,485,73681,"","","","",9.627931659882188,6.184148890937483,11.207500243041212,"",9.627931659882188,"","",0.0005898782096345,2009,2013,2012,2013,high,0,0,1,3,7,2013,corn,"",67.125,1.15566848663926,2005Q1-2012Q4,67.125,77.6481533552885,4.352187767667202,4.352187767667202,"",exact,FALSE,FALSE,FALSE,FALSE
corn,Corn,옥수수,all,grain,0,baseline_treated,2017,05_coarse_grains.xlsx,DT_1ET0024,옥수수,DT_1J49: 옥수수 | DT_1J60: 옥수수,옥수수,종합 (see Yearbook 2025 pp.44–51),15074,482,72587,"","","","",9.620726684403415,6.1779441140506,11.192541121418248,"",9.620726684403415,"","",-0.0009594910476753,2009,2013,2012,2013,high,0,0,1,4,8,2013,corn,"",78.125,1.15566848663926,2005Q1-2012Q4,78.125,85.22857247528643,4.445336735306603,4.445336735306603,"",exact,FALSE,FALSE,FALSE,FALSE
corn,Corn,옥수수,all,grain,0,baseline_treated,2018,05_coarse_grains.xlsx,DT_1ET0024,옥수수,DT_1J49: 옥수수 | DT_1J60: 옥수수,옥수수,종합 (see Yearbook 2025 pp.44–51),15472,504,78012,"","","","",9.646787217693076,6.222576268071369,11.264617939992467,"",9.646787217693076,"","",0.0004246402161154,2009,2013,2012,2013,high,0,0,1,5,9,2013,corn,"",77.875,1.15566848663926,2005Q1-2012Q4,77.875,84.54215061482257,4.437250233835926,4.437250233835926,"",exact,FALSE,FALSE,FALSE,FALSE
corn,Corn,옥수수,all,grain,0,baseline_treated,2019,05_coarse_grains.xlsx,DT_1ET0024,옥수수,DT_1J49: 옥수수 | DT_1J60: 옥수수,옥수수,종합 (see Yearbook 2025 pp.44–51),14840,514,76336,"","","","",9.605081516721372,6.2422232654551655,11.242899927755888,"",9.605081516721372,"","",0.0007653315674431,2009,2013,2012,2013,high,0,0,1,6,10,2013,corn,"",80.875,1.15566848663926,2005Q1-2012Q4,80.875,88.21368283241861,4.479762085135093,4.479762085135093,"",exact,FALSE,FALSE,FALSE,FALSE
corn,Corn,옥수수,all,grain,0,baseline_treated,2020,05_coarse_grains.xlsx,DT_1ET0024,옥수수,DT_1J49: 옥수수 | DT_1J60: 옥수수,옥수수,종합 (see Yearbook 2025 pp.44–51),15633,587,91766,"","","","",9.657139343577324,6.375024819828097,11.426997137634164,"",9.657139343577324,"","",0.000003160216836661789,2009,2013,2012,2013,high,0,0,1,7,11,2013,corn,"",100,1.15566848663926,2005Q1-2012Q4,100,99.74514820882858,4.602618415076544,4.602618415076544,"",exact,FALSE,FALSE,FALSE,FALSE
corn,Corn,옥수수,all,grain,0,baseline_treated,2021,05_coarse_grains.xlsx,DT_1ET0024,옥수수,DT_1J49: 옥수수 | DT_1J60: 옥수수,옥수수,종합 (see Yearbook 2025 pp.44–51),16145,589,95141,"","","","",9.689365683192376,6.3784261836515865,11.463115280757185,"",9.689365683192376,"","",0.0004935999013131,2009,2013,2012,2013,high,0,0,1,8,12,2013,corn,"",95.1,1.15566848663926,2005Q1-2012Q4,95.1,84.11173536094827,4.432146097802268,4.432146097802268,"",exact,FALSE,FALSE,FALSE,FALSE
corn,Corn,옥수수,all,grain,0,baseline_treated,2022,05_coarse_grains.xlsx,DT_1ET0024,옥수수,DT_1J49: 옥수수 | DT_1J60: 옥수수,옥수수,종합 (see Yearbook 2025 pp.44–51),15479,589,91211,"","","","",9.647239545573877,6.3784261836515865,11.420930782824222,"",9.647239545573877,"","",0.0004352395868494,2009,2013,2012,2013,high,0,0,1,9,13,2013,corn,"",92.625,1.15566848663926,2005Q1-2012Q4,92.625,85.02689422250384,4.442967609063256,4.442967609063256,"",exact,FALSE,FALSE,FALSE,FALSE
corn,Corn,옥수수,all,grain,0,baseline_treated,2023,05_coarse_grains.xlsx,DT_1ET0024,옥수수,DT_1J49: 옥수수 | DT_1J60: 옥수수,옥수수,종합 (see Yearbook 2025 pp.44–51),15481,596,92210,"","","","",9.647368744540463,6.39024066706535,11.431823863533188,"",9.647368744540463,"","",-0.0006153620845363,2009,2013,2012,2013,high,0,0,1,10,14,2013,corn,"",123.075,1.15566848663926,2005Q1-2012Q4,123.075,112.18997130654004,4.720193606799109,4.720193606799109,"",exact,FALSE,FALSE,FALSE,FALSE
corn,Corn,옥수수,all,grain,0,baseline_treated,2024,05_coarse_grains.xlsx,DT_1ET0024,옥수수,DT_1J49: 옥수수 | DT_1J60: 옥수수,옥수수,종합 (see Yearbook 2025 pp.44–51),15567,601,93515,"","","","",9.65290856803585,6.398594934535208,11.4458771302171,"",9.65290856803585,"","",-0.0004561863658647,2009,2013,2012,2013,high,0,0,1,11,15,2013,corn,"",121.7,1.15566848663926,2005Q1-2012Q4,121.7,103.4848470929939,4.6394251970885705,4.6394251970885705,"",exact,FALSE,FALSE,FALSE,FALSE
garlic,Garlic,마늘,all,vegetable,0,baseline_treated,1980,10_vegetables_spices.xls,DT_1ET0291,마늘,DT_1J49: 마늘 | DT_1J60: 마늘,마늘,종합 (see Yearbook 2025 pp.44–51),37079.8,682,252767.8,"","","","",10.520827625921989,6.525029657843462,12.440226559724437,"",10.520827625921989,"","",-0.0004605380529234,2010,2013,2012,2013,high,1,0,0,-33,-30,2013,garlic,38.525,"",0.666612728436438,2005Q1-2012Q4,25.681255363013776,111.6173411584176,4.715076424600116,"",5.120622443326799,exact,TRUE,TRUE,TRUE,TRUE
garlic,Garlic,마늘,all,vegetable,0,baseline_treated,1981,10_vegetables_spices.xls,DT_1ET0291,마늘,DT_1J49: 마늘 | DT_1J60: 마늘,마늘,종합 (see Yearbook 2025 pp.44–51),26198,586,153537,"","","","",10.173438350957596,6.373319789577012,11.941696859308626,"",10.173438350957596,"","",0.0001089047621114,2010,2013,2012,2013,high,1,0,0,-32,-29,2013,garlic,135.7,"",0.666612728436438,2005Q1-2012Q4,90.45934724882464,308.0016508276957,5.730105142789392,"",6.1356511615160745,exact,TRUE,TRUE,TRUE,TRUE
garlic,Garlic,마늘,all,vegetable,0,baseline_treated,1982,10_vegetables_spices.xls,DT_1ET0291,마늘,DT_1J49: 마늘 | DT_1J60: 마늘,마늘,종합 (see Yearbook 2025 pp.44–51),27873,667,185807,"","","","",10.235413757309422,6.502790045915623,12.13246377957146,"",10.235413757309422,"","",-0.000569837665493,2010,2013,2012,2013,high,1,0,0,-31,-28,2013,garlic,165.35,"",0.666612728436438,2005Q1-2012Q4,110.22441464696502,357.9164175093914,5.880299488498029,"",6.285845507224712,exact,TRUE,TRUE,TRUE,TRUE
garlic,Garlic,마늘,all,vegetable,0,baseline_treated,1983,10_vegetables_spices.xls,DT_1ET0291,마늘,DT_1J49: 마늘 | DT_1J60: 마늘,마늘,종합 (see Yearbook 2025 pp.44–51),33468,658,220183,"","","","",10.41834503741549,6.489204931325317,12.302214297747303,"",10.41834503741549,"","",-0.0001654850054109,2010,2013,2012,2013,high,1,0,0,-30,-27,2013,garlic,114.325,"",0.666612728436438,2005Q1-2012Q4,76.21050017849578,239.3996568956007,5.47813435993822,"",5.883680378664904,exact,TRUE,TRUE,TRUE,TRUE
garlic,Garlic,마늘,all,vegetable,0,baseline_treated,1984,10_vegetables_spices.xls,DT_1ET0291,마늘,DT_1J49: 마늘 | DT_1J60: 마늘,마늘,종합 (see Yearbook 2025 pp.44–51),39734,504,200189,"","","","",10.589962523328008,6.222576268071369,12.207017199298775,"",10.589962523328008,"","",-0.0003514061125091,2010,2013,2012,2013,high,1,0,0,-29,-26,2013,garlic,132.45,"",0.666612728436438,2005Q1-2012Q4,88.29285588140623,283.8285037795391,5.648370195833166,"",6.053916214559849,exact,TRUE,TRUE,TRUE,TRUE
garlic,Garlic,마늘,all,vegetable,0,baseline_treated,1985,10_vegetables_spices.xls,DT_1ET0291,마늘,DT_1J49: 마늘 | DT_1J60: 마늘,마늘,종합 (see Yearbook 2025 pp.44–51),39015,657,256201,"","","","",10.57170146655086,6.48768401848461,12.453717571637778,"",10.57170146655086,"","",-0.000497727409602,2010,2013,2012,2013,high,1,0,0,-28,-25,2013,garlic,154.5,"",0.666612728436438,2005Q1-2012Q4,102.99166654342967,319.0138279006121,5.765234449496184,"",6.170780468222867,exact,TRUE,TRUE,TRUE,TRUE
garlic,Garlic,마늘,all,vegetable,0,baseline_treated,1986,10_vegetables_spices.xls,DT_1ET0291,마늘,DT_1J49: 마늘 | DT_1J60: 마늘,마늘,종합 (see Yearbook 2025 pp.44–51),48240,767,369846,"","","","",10.783943831401068,6.642486801367256,12.82084198176218,"",10.783943831401068,"","",-0.0004184650180523,2010,2013,2012,2013,high,1,0,0,-27,-24,2013,garlic,87.25,"",0.666612728436438,2005Q1-2012Q4,58.16196055607922,186.07796598968932,5.226165757872743,"",5.631711776599427,exact,TRUE,TRUE,TRUE,TRUE
garlic,Garlic,마늘,all,vegetable,0,baseline_treated,1987,10_vegetables_spices.xls,DT_1ET0291,마늘,DT_1J49: 마늘 | DT_1J60: 마늘,마늘,종합 (see Yearbook 2025 pp.44–51),49198,815,400782,"","","","",10.803608251247644,6.703188113240863,12.90117291756466,"",10.803608251247644,"","",-0.0004532609357568,2010,2013,2012,2013,high,1,0,0,-26,-23,2013,garlic,48.55,"",0.666612728436438,2005Q1-2012Q4,32.364047965589066,101.639398439489,4.621431239893412,"",5.026977258620095,exact,TRUE,TRUE,TRUE,TRUE
garlic,Garlic,마늘,all,vegetable,0,baseline_treated,1988,10_vegetables_spices.xls,DT_1ET0291,마늘,DT_1J49: 마늘 | DT_1J60: 마늘,마늘,종합 (see Yearbook 2025 pp.44–51),36994,820,303304,"","","","",10.518511016314497,6.709304340258298,12.622490881852157,"",10.518511016314497,"","",-0.0001542887325474,2010,2013,2012,2013,high,1,0,0,-25,-22,2013,garlic,86.95,"",0.666612728436438,2005Q1-2012Q4,57.96197673754829,157.74722713461182,5.060993923673249,"",5.466539942399932,exact,TRUE,TRUE,TRUE,TRUE
garlic,Garlic,마늘,all,vegetable,0,baseline_treated,1989,10_vegetables_spices.xls,DT_1ET0291,마늘,DT_1J49: 마늘 | DT_1J60: 마늘,마늘,종합 (see Yearbook 2025 pp.44–51),38505,927,356954,"","","","",10.558543381973353,6.831953565565855,12.785362200919089,"",10.558543381973353,"","",0.00003543936797179015,2010,2013,2012,2013,high,1,0,0,-24,-21,2013,garlic,107.85,"",0.666612728436438,2005Q1-2012Q4,71.89418276186984,187.4160755927188,5.233331148370266,"",5.6388771670969495,exact,TRUE,TRUE,TRUE,TRUE
garlic,Garlic,마늘,all,vegetable,0,baseline_treated,1990,10_vegetables_spices.xls,DT_1ET0291,마늘,DT_1J49: 마늘 | DT_1J60: 마늘,마늘,종합 (see Yearbook 2025 pp.44–51),43643,955,416774,"","","","",10.683798181855538,6.86171134048073,12.940299387437191,"",10.683798181855538,"","",-0.00003994891098635378,2010,2013,2012,2013,high,1,0,0,-23,-20,2013,garlic,130.35,"",0.666612728436438,2005Q1-2012Q4,86.8929691516897,202.34746309304293,5.309986334020861,"",5.715532352747545,exact,TRUE,TRUE,TRUE,TRUE
garlic,Garlic,마늘,all,vegetable,0,baseline_treated,1991,10_vegetables_spices.xls,DT_1ET0291,마늘,DT_1J49: 마늘 | DT_1J60: 마늘,마늘,종합 (see Yearbook 2025 pp.44–51),49160,977,480513,"","","","",10.802835563679972,6.884486652042782,13.082609562177383,"",10.802835563679972,"","",0.0004575324427218,2010,2013,2012,2013,high,1,0,0,-22,-19,2013,garlic,119.975,"",0.666612728436438,2005Q1-2012Q4,79.97686209416165,170.75384117004313,5.140222994069281,"",5.545769012795963,exact,TRUE,TRUE,TRUE,TRUE
garlic,Garlic,마늘,all,vegetable,0,baseline_treated,1992,10_vegetables_spices.xls,DT_1ET0291,마늘,DT_1J49: 마늘 | DT_1J60: 마늘,마늘,종합 (see Yearbook 2025 pp.44–51),43494,1068,464649,"","","","",10.680378276528932,6.97354301952014,13.049037560825631,"",10.680378276528932,"","",0.0002864507646496,2010,2013,2012,2013,high,1,0,0,-21,-18,2013,garlic,110.875,"",0.666612728436438,2005Q1-2012Q4,73.91068626539007,150.84193135461905,5.016232476303274,"",5.421778495029957,exact,TRUE,TRUE,TRUE,TRUE
garlic,Garlic,마늘,all,vegetable,0,baseline_treated,1993,10_vegetables_spices.xls,DT_1ET0291,마늘,DT_1J49: 마늘 | DT_1J60: 마늘,마늘,종합 (see Yearbook 2025 pp.44–51),36241,1084,392908,"","","","",10.497946353595198,6.988413181999592,12.88133076675438,"",10.497946353595198,"","",0.000141417147681,2010,2013,2012,2013,high,1,0,0,-20,-17,2013,garlic,124.52499999999999,"",0.666612728436438,2005Q1-2012Q4,83.00995000854743,171.0809258887643,5.1421366953663,"",5.547682714092983,exact,TRUE,TRUE,TRUE,TRUE
garlic,Garlic,마늘,all,vegetable,0,baseline_treated,1994,10_vegetables_spices.xls,DT_1ET0291,마늘,DT_1J49: 마늘 | DT_1J60: 마늘,마늘,종합 (see Yearbook 2025 pp.44–51),34959,1036,362344,"","","","",10.461931225241374,6.943122422819428,12.80034931582437,"",10.461931225241374,"","",0.0004658537516597,2010,2013,2012,2013,high,1,0,0,-19,-16,2013,garlic,175.6,"",0.666612728436438,2005Q1-2012Q4,117.05719511343852,223.32420921828347,5.408624568635853,"",5.814170587362536,exact,TRUE,TRUE,TRUE,TRUE
garlic,Garlic,마늘,all,vegetable,0,baseline_treated,1995,10_vegetables_spices.xls,DT_1ET0291,마늘,DT_1J49: 마늘 | DT_1J60: 마늘,마늘,종합 (see Yearbook 2025 pp.44–51),39636,1165,461735,"","","","",10.58749307517879,7.060476365999801,13.042746412422844,"",10.58749307517879,"","",-0.00005284276765671336,2010,2013,2012,2013,high,1,0,0,-18,-15,2013,garlic,179.8,"",0.666612728436438,2005Q1-2012Q4,119.85696857287157,205.978163683246,5.327770161633381,"",5.733316180360063,exact,TRUE,TRUE,TRUE,TRUE
garlic,Garlic,마늘,all,vegetable,0,baseline_treated,1996,10_vegetables_spices.xls,DT_1ET0291,마늘,DT_1J49: 마늘 | DT_1J60: 마늘,마늘,종합 (see Yearbook 2025 pp.44–51),41973,1086,455955,"","","","",10.644781833401396,6.990256500493881,13.03014939941639,"",10.644781833401396,"","",0.0002812515092038,2010,2013,2012,2013,high,1,0,0,-17,-14,2013,garlic,116.9,"",0.666612728436438,2005Q1-2012Q4,77.92702795421961,127.852880819699,4.850880234292871,"",5.256426253019553,exact,TRUE,TRUE,TRUE,TRUE
garlic,Garlic,마늘,all,vegetable,0,baseline_treated,1997,10_vegetables_spices.xls,DT_1ET0291,마늘,DT_1J49: 마늘 | DT_1J60: 마늘,마늘,종합 (see Yearbook 2025 pp.44–51),36292,1085,393834,"","","","",10.49935261028952,6.98933526597456,12.883684779702994,"",10.49935261028952,"","",0.0001670894270056,2010,2013,2012,2013,high,1,0,0,-16,-13,2013,garlic,136.85000000000002,"",0.666612728436438,2005Q1-2012Q4,91.22595188652654,153.82863589178896,5.0358392288938685,"",5.441385247620552,exact,TRUE,TRUE,TRUE,TRUE
garlic,Garlic,마늘,all,vegetable,0,baseline_treated,1998,10_vegetables_spices.xls,DT_1ET0291,마늘,DT_1J49: 마늘 | DT_1J60: 마늘,마늘,종합 (see Yearbook 2025 pp.44–51),37337,1055,393903,"","","","",10.52774007107213,6.961296045910167,12.883859965076224,"",10.52774007107213,"","",-0.000005965917980077506,2010,2013,2012,2013,high,1,0,0,-15,-12,2013,garlic,176.95,"",0.666612728436438,2005Q1-2012Q4,117.9571222968277,200.34355211679323,5.30003365346865,"",5.705579672195333,exact,TRUE,TRUE,TRUE,TRUE
garlic,Garlic,마늘,all,vegetable,0,baseline_treated,1999,10_vegetables_spices.xls,DT_1ET0291,마늘,DT_1J49: 마늘 | DT_1J60: 마늘,마늘,종합 (see Yearbook 2025 pp.44–51),42416,1141,483778,"","","","",10.655280928528809,7.039660349862076,13.089381402788032,"",10.655280928528809,"","",-0.0003896896147601,2010,2013,2012,2013,high,1,0,0,-14,-11,2013,garlic,123.175,"",0.666612728436438,2005Q1-2012Q4,82.11002282515825,130.93695309802473,4.874715933290739,"",5.280261952017423,exact,TRUE,TRUE,TRUE,TRUE
garlic,Garlic,마늘,all,vegetable,0,baseline_treated,2000,10_vegetables_spices.xls,DT_1ET0291,마늘,DT_1J49: 마늘 | DT_1J60: 마늘,마늘,종합 (see Yearbook 2025 pp.44–51),44941,1056,474388,"","","","",10.71310579738316,6.962243464266207,13.069780831236114,"",10.71310579738316,"","",-0.0003982444251615,2010,2013,2012,2013,high,1,0,0,-13,-10,2013,garlic,87.675,"",0.666612728436438,2005Q1-2012Q4,58.445270965664704,89.63510844882688,4.495747078599827,"",4.901293097326509,exact,TRUE,TRUE,TRUE,TRUE
garlic,Garlic,마늘,all,vegetable,0,baseline_treated,2001,10_vegetables_spices.xls,DT_1ET0291,마늘,DT_1J49: 마늘 | DT_1J60: 마늘,마늘,종합 (see Yearbook 2025 pp.44–51),37118,1095,406385,"","","","",10.52185730613825,6.9985096422506015,12.91505626511642,"",10.52185730613825,"","",-0.0001404972843399,2010,2013,2012,2013,high,1,0,0,-12,-9,2013,garlic,101.975,"",0.666612728436438,2005Q1-2012Q4,67.97783298230577,99.91075727746404,4.604277360312479,"",5.009823379039162,exact,TRUE,TRUE,TRUE,TRUE
garlic,Garlic,마늘,all,vegetable,0,baseline_treated,2002,10_vegetables_spices.xls,DT_1ET0291,마늘,DT_1J49: 마늘 | DT_1J60: 마늘,마늘,종합 (see Yearbook 2025 pp.44–51),33153,1190,394482,"","","","",10.408888489256892,7.081708586105575,12.88532879085068,"",10.408888489256892,"","",-0.00009809852369535577,2010,2013,2012,2013,high,1,0,0,-11,-8,2013,garlic,101.25,"",0.666612728436438,2005Q1-2012Q4,67.49453875418935,95.82730492734127,4.562547664484683,"",4.968093683211365,exact,TRUE,TRUE,TRUE,TRUE
garlic,Garlic,마늘,all,vegetable,0,baseline_treated,2003,10_vegetables_spices.xls,DT_1ET0291,마늘,DT_1J49: 마늘 | DT_1J60: 마늘,마늘,종합 (see Yearbook 2025 pp.44–51),33140,1143,378846,"","","","",10.408496290980557,7.04141166379481,12.844885069035335,"",10.408496290980557,"","",0.0001473002480647,2010,2013,2012,2013,high,1,0,0,-10,-7,2013,garlic,108.95,"",0.666612728436438,2005Q1-2012Q4,72.62745676314992,96.97589926121368,4.574462486407178,"",4.980008505133861,exact,TRUE,TRUE,TRUE,TRUE
garlic,Garlic,마늘,all,vegetable,0,baseline_treated,2004,10_vegetables_spices.xls,DT_1ET0291,마늘,DT_1J49: 마늘 | DT_1J60: 마늘,마늘,종합 (see Yearbook 2025 pp.44–51),30237,1183,357824,"","","","",10.316821619022988,7.075808863978387,12.787796524386318,"",10.316821619022988,"","",0.0003362273730349,2010,2013,2012,2013,high,1,0,0,-9,-6,2013,garlic,128.45,"",0.666612728436438,2005Q1-2012Q4,85.62640496766048,112.29609591797546,4.721139096384751,"",5.126685115111433,exact,TRUE,TRUE,TRUE,TRUE
garlic,Garlic,마늘,all,vegetable,0,baseline_treated,2005,10_vegetables_spices.xls,DT_1ET0291,마늘,DT_1J49: 마늘 | DT_1J60: 마늘,마늘,종합 (see Yearbook 2025 pp.44–51),31766,1180,374980,"","","","",10.3661518143951,7.07326971745971,12.834627970196944,"",10.3661518143951,"","",0.0003766243302223,2010,2013,2012,2013,high,1,0,0,-8,-5,2013,garlic,104.75,70.225,0.666612728436438,2005Q1-2012Q4,70.225,97.14791580636935,4.576234722236342,4.576234722236342,4.976123693490776,exact,TRUE,TRUE,TRUE,TRUE
garlic,Garlic,마늘,all,vegetable,0,baseline_treated,2006,10_vegetables_spices.xls,DT_1ET0291,마늘,DT_1J49: 마늘 | DT_1J60: 마늘,마늘,종합 (see Yearbook 2025 pp.44–51),28594,1159,331379,"","","","",10.26095218458911,7.055312843339752,12.711018014435108,"",10.26095218458911,"","",-0.00007682750566218033,2010,2013,2012,2013,high,1,0,0,-7,-4,2013,garlic,111.025,74.475,0.666612728436438,2005Q1-2012Q4,74.475,105.28813640504316,4.656700748073345,4.656700748073345,5.055980946482516,exact,TRUE,TRUE,TRUE,TRUE
garlic,Garlic,마늘,all,vegetable,0,baseline_treated,2007,10_vegetables_spices.xls,DT_1ET0291,마늘,DT_1J49: 마늘 | DT_1J60: 마늘,마늘,종합 (see Yearbook 2025 pp.44–51),26986,1287.87395,347546,"","","","",10.203073491990732,7.160748036968384,12.758652309327026,"",10.203073491990732,"","",9.663559996653248e-7,2010,2013,2012,2013,high,1,0,0,-6,-3,2013,garlic,124.1,83.22500000000001,0.666612728436438,2005Q1-2012Q4,83.22500000000001,115.3884912159023,4.748304619602435,4.748304619602435,5.147839380243945,exact,TRUE,TRUE,TRUE,TRUE
garlic,Garlic,마늘,all,vegetable,0,baseline_treated,2008,10_vegetables_spices.xls,DT_1ET0291,마늘,DT_1J49: 마늘 | DT_1J60: 마늘,마늘,종합 (see Yearbook 2025 pp.44–51),28416,1321.31012,375463.48265,"","","","",10.254707645791896,7.18637903851443,12.835916495523824,"",10.254707645791896,"","",-2.794411813056285e-9,2010,2013,2012,2013,high,1,0,0,-5,-2,2013,garlic,115.5,77.375,0.666612728436438,2005Q1-2012Q4,77.375,108.1769829426464,4.683768616820188,4.683768616820188,5.084370795015288,exact,TRUE,TRUE,TRUE,TRUE
garlic,Garlic,마늘,all,vegetable,0,baseline_treated,2009,10_vegetables_spices.xls,DT_1ET0291,마늘,DT_1J49: 마늘 | DT_1J60: 마늘,마늘,종합 (see Yearbook 2025 pp.44–51),26323,1357.28517,357278.17429,"","","","",10.178198360706745,7.213241785140936,12.78626995703518,"",10.178198360706745,"","",-2.8244091510032372e-9,2010,2013,2012,2013,high,1,0,0,-4,-1,2013,garlic,139.35,93.425,0.666612728436438,2005Q1-2012Q4,93.425,130.6380806268599,4.872430756475743,4.872430756475743,5.272250795115236,exact,TRUE,TRUE,TRUE,TRUE
garlic,Garlic,마늘,all,vegetable,0,baseline_treated,2010,10_vegetables_spices.xls,DT_1ET0291,마늘,DT_1J49: 마늘 | DT_1J60: 마늘,마늘,종합 (see Yearbook 2025 pp.44–51),22414,1211.5661,271560.42613,"","","","",10.017441042611972,7.099669099230449,12.511939957607163,"",10.017441042611972,"","",1.752832545776073e-9,2010,2013,2012,2013,high,0,1,0,-3,0,2013,garlic,199.425,133.65,0.666612728436438,2005Q1-2012Q4,133.65,174.80189545059287,5.163653306701505,5.163653306701505,5.56388319558455,exact,TRUE,TRUE,TRUE,TRUE
garlic,Garlic,마늘,all,vegetable,0,baseline_treated,2011,10_vegetables_spices.xls,DT_1ET0291,마늘,DT_1J49: 마늘 | DT_1J60: 마늘,마늘,종합 (see Yearbook 2025 pp.44–51),24035,1227.38473,295001.921,"","","","",10.08726638032806,7.112640948945556,12.594737147165162,"",10.08726638032806,"","",3.879636167880562e-9,2010,2013,2012,2013,high,0,1,0,-2,1,2013,garlic,231.075,150.5,0.666612728436438,2005Q1-2012Q4,150.5,183.90278415250907,5.214407270987295,5.214407270987295,5.643121015674029,exact,TRUE,TRUE,TRUE,TRUE
garlic,Garlic,마늘,all,vegetable,0,baseline_treated,2012,10_vegetables_spices.xls,DT_1ET0291,마늘,DT_1J49: 마늘 | DT_1J60: 마늘,마늘,종합 (see Yearbook 2025 pp.44–51),28278,1199.21117,339112.93487,"","","","",10.249839396151788,7.089419261288037,12.734088472092816,"",10.249839396151788,"","",6.41085406982711e-10,2010,2013,2012,2013,high,0,1,0,-1,2,2013,garlic,205.475,135.7,0.666612728436438,2005Q1-2012Q4,135.7,154.25748162713415,5.038623164864579,5.038623164864579,5.453636319941879,exact,TRUE,TRUE,TRUE,TRUE
garlic,Garlic,마늘,all,vegetable,0,baseline_treated,2013,10_vegetables_spices.xls,DT_1ET0291,마늘,DT_1J49: 마늘 | DT_1J60: 마늘,마늘,종합 (see Yearbook 2025 pp.44–51),29352,1404.50522,412250.37265,"","","","",10.28711596603512,7.247440363162525,12.92938614436322,"",10.28711596603512,"","",1.1536673838463683e-9,2010,2013,2012,2013,high,0,0,1,0,3,2013,garlic,"",101.75,0.666612728436438,2005Q1-2012Q4,101.75,118.22756387820884,4.772611274724979,4.772611274724979,"",exact,TRUE,TRUE,TRUE,TRUE
garlic,Garlic,마늘,all,vegetable,0,baseline_treated,2014,10_vegetables_spices.xls,DT_1ET0291,마늘,DT_1J49: 마늘 | DT_1J60: 마늘,마늘,종합 (see Yearbook 2025 pp.44–51),25062,1411.54198,353760.65032,"","","","",10.129108033725233,7.252437988661125,12.776375834398042,"",10.129108033725233,"","",-2.000222210085667e-9,2010,2013,2012,2013,high,0,0,1,1,4,2013,garlic,"",87.275,0.666612728436438,2005Q1-2012Q4,87.275,104.19329865991466,4.646247814966255,4.646247814966255,"",exact,TRUE,TRUE,TRUE,TRUE
garlic,Garlic,마늘,all,vegetable,0,baseline_treated,2015,10_vegetables_spices.xls,DT_1ET0291,마늘,DT_1J49: 마늘 | DT_1J60: 마늘,마늘,종합 (see Yearbook 2025 pp.44–51),20638,1290.20087,266271.6555,"","","","",9.93488931567566,7.162553198411974,12.492272327909513,"",9.93488931567566,"","",-1.9003110196536002e-10,2010,2013,2012,2013,high,0,0,1,2,5,2013,garlic,"",123.17500000000001,0.666612728436438,2005Q1-2012Q4,123.175,145.14400334706244,4.97772637612815,4.97772637612815,"",exact,TRUE,TRUE,TRUE,TRUE
garlic,Garlic,마늘,all,vegetable,0,baseline_treated,2016,10_vegetables_spices.xls,DT_1ET0291,마늘,DT_1J49: 마늘 | DT_1J60: 마늘,마늘,종합 (see Yearbook 2025 pp.44–51),20759,1327.37135,275549.01847,"","","","",9.940735166562794,7.190955836932114,12.526520817229189,"",9.940735166562794,"","",-2.7762681042986515e-10,2010,2013,2012,2013,high,0,0,1,3,6,2013,garlic,"",181.85,0.666612728436438,2005Q1-2012Q4,181.85,209.81684139223623,5.346234966297341,5.346234966297341,"",exact,TRUE,TRUE,TRUE,TRUE
garlic,Garlic,마늘,all,vegetable,0,baseline_treated,2017,10_vegetables_spices.xls,DT_1ET0291,마늘,DT_1J49: 마늘 | DT_1J60: 마늘,마늘,종합 (see Yearbook 2025 pp.44–51),24863.8398,1220.96296,303578.27378,"","","","",10.121169810096424,7.107395137860229,12.62339475995347,"",10.121169810096424,"","",-2.015092093188286e-9,2010,2013,2012,2013,high,0,0,1,4,7,2013,garlic,"",156.075,0.666612728436438,2005Q1-2012Q4,156.075,169.47039378481583,5.132678243628095,5.132678243628095,"",exact,TRUE,TRUE,TRUE,TRUE
garlic,Garlic,마늘,all,vegetable,0,baseline_treated,2018,10_vegetables_spices.xls,DT_1ET0291,마늘,DT_1J49: 마늘 | DT_1J60: 마늘,마늘,종합 (see Yearbook 2025 pp.44–51),28351.4319,1170.10384,331741.19279,"","","","",10.252432815816924,7.064847775990316,12.71211040411033,"",10.252432815816924,"","",-1.7088179760094135e-9,2010,2013,2012,2013,high,0,0,1,5,8,2013,garlic,"",129.79999999999998,0.666612728436438,2005Q1-2012Q4,129.79999999999998,140.57438404358714,4.94573677247624,4.94573677247624,"",exact,TRUE,TRUE,TRUE,TRUE
garlic,Garlic,마늘,all,vegetable,0,baseline_treated,2019,10_vegetables_spices.xls,DT_1ET0291,마늘,DT_1J49: 마늘 | DT_1J60: 마늘,마늘,종합 (see Yearbook 2025 pp.44–51),27688.994,1400.08894,387670.54313,"","","","",10.228790284699684,7.244291042156925,12.867911142258192,"",10.228790284699684,"","",1.3896759298859251e-9,2010,2013,2012,2013,high,0,0,1,6,9,2013,garlic,"",102.2,0.666612728436438,2005Q1-2012Q4,102.2,111.31787159632842,4.712389816786875,4.712389816786875,"",exact,TRUE,TRUE,TRUE,TRUE
garlic,Garlic,마늘,all,vegetable,0,baseline_treated,2020,10_vegetables_spices.xls,DT_1ET0291,마늘,DT_1J49: 마늘 | DT_1J60: 마늘,마늘,종합 (see Yearbook 2025 pp.44–51),25372.0592,1432.4116,363432.3314,"","","","",10.141403816031849,7.267114736388052,12.803348400166652,"",10.141403816031849,"","",3.37348442513985e-8,2010,2013,2012,2013,high,0,0,1,7,10,2013,garlic,"",99.97500000000001,0.666612728436438,2005Q1-2012Q4,99.975,98.99156136441748,4.595034607758304,4.595034607758304,"",exact,TRUE,TRUE,TRUE,TRUE
garlic,Garlic,마늘,all,vegetable,0,baseline_treated,2021,10_vegetables_spices.xls,DT_1ET0291,마늘,DT_1J49: 마늘 | DT_1J60: 마늘,마늘,종합 (see Yearbook 2025 pp.44–51),21999.0665,1402.4765,308531.7404,"","","","",9.998755299622015,7.245994881463245,12.639580003258818,"",9.998755299622015,"","",8.161647357951551e-9,2010,2013,2012,2013,high,0,0,1,8,11,2013,garlic,"",157.375,0.666612728436438,2005Q1-2012Q4,157.375,140.72113799857243,4.946780187367698,4.946780187367698,"",exact,TRUE,TRUE,TRUE,TRUE
garlic,Garlic,마늘,all,vegetable,0,baseline_treated,2022,10_vegetables_spices.xls,DT_1ET0291,마늘,DT_1J49: 마늘 | DT_1J60: 마늘,마늘,종합 (see Yearbook 2025 pp.44–51),22361.8642,1219.7513,272759.1201,"","","","",10.0151122958868,7.106402264487549,12.516344340716495,"",10.0151122958868,"","",-3.366976208951655e-8,2010,2013,2012,2013,high,0,0,1,9,12,2013,garlic,"",178.3,0.666612728436438,2005Q1-2012Q4,178.3,163.2284361594763,5.095150668525038,5.095150668525038,"",exact,TRUE,TRUE,TRUE,TRUE
garlic,Garlic,마늘,all,vegetable,0,baseline_treated,2023,10_vegetables_spices.xls,DT_1ET0291,마늘,DT_1J49: 마늘 | DT_1J60: 마늘,마늘,종합 (see Yearbook 2025 pp.44–51),24700.3694,1288.3192,318219.5921,"","","","",10.114573477969824,7.161093702047443,12.670496964643416,"",10.114573477969824,"","",-2.93857596034286e-8,2010,2013,2012,2013,high,0,0,1,10,13,2013,garlic,"",134.825,0.666612728436438,2005Q1-2012Q4,134.825,123.50976731854576,4.816320240540334,4.816320240540334,"",exact,TRUE,TRUE,TRUE,TRUE
garlic,Garlic,마늘,all,vegetable,0,baseline_treated,2024,10_vegetables_spices.xls,DT_1ET0291,마늘,DT_1J49: 마늘 | DT_1J60: 마늘,마늘,종합 (see Yearbook 2025 pp.44–51),23289.6828,1223.4446,284936.3681,"","","","",10.05576574320642,7.109425601922945,12.560021164497808,"",10.05576574320642,"","",5.356532994937879e-9,2010,2013,2012,2013,high,0,0,1,11,14,2013,garlic,"",130.425,0.666612728436438,2005Q1-2012Q4,130.425,111.49595700478736,4.713988330196012,4.713988330196012,"",exact,TRUE,TRUE,TRUE,TRUE
ginger,Ginger,생강,all,vegetable,0,control_pool,1980,10_vegetables_spices.xls,DT_1ET0291,생강,DT_1J49: 생강 | DT_1J60: 생강,"","",1911.9,869,16620.2,"","","","",7.555852790988358,6.767343125265392,9.71837410203138,"",7.555852790988358,"","",0.0003483717657211,2025,"","","",high,1,0,0,"",-45,0,ginger,"","","","","","","","","",exact,FALSE,TRUE,TRUE,FALSE
ginger,Ginger,생강,all,vegetable,0,control_pool,1981,10_vegetables_spices.xls,DT_1ET0291,생강,DT_1J49: 생강 | DT_1J60: 생강,"","",1049,870,9126,"","","","",6.955592608396297,6.76849321164863,9.118882761487349,"",6.955592608396297,"","",-0.00003287256948780737,2025,"","","",high,1,0,0,"",-44,0,ginger,"","","","","","","","","",exact,FALSE,TRUE,TRUE,FALSE
ginger,Ginger,생강,all,vegetable,0,control_pool,1982,10_vegetables_spices.xls,DT_1ET0291,생강,DT_1J49: 생강 | DT_1J60: 생강,"","",1652,882,14572,"","","","",7.409741954080923,6.782192056006791,9.586857158128456,"",7.409741954080923,"","",0.00009333402883093812,2025,"","","",high,1,0,0,"",-43,0,ginger,"","","","","","","","","",exact,FALSE,TRUE,TRUE,FALSE
ginger,Ginger,생강,all,vegetable,0,control_pool,1983,10_vegetables_spices.xls,DT_1ET0291,생강,DT_1J49: 생강 | DT_1J60: 생강,"","",2296,881,20226,"","","","",7.738923757439457,6.78105762593618,9.914724184462116,"",7.738923757439457,"","",-0.00008701292542845351,2025,"","","",high,1,0,0,"",-42,0,ginger,"","","","","","","","","",exact,FALSE,TRUE,TRUE,FALSE
ginger,Ginger,생강,all,vegetable,0,control_pool,1984,10_vegetables_spices.xls,DT_1ET0291,생강,DT_1J49: 생강 | DT_1J60: 생강,"","",2937,918,26955,"","","","",7.98514393119862,6.822197390620491,10.20192408788577,"",7.98514393119862,"","",-0.0002470479452494,2025,"","","",high,1,0,0,"",-41,0,ginger,"","","","","","","","","",exact,FALSE,TRUE,TRUE,FALSE
ginger,Ginger,생강,all,vegetable,0,control_pool,1985,10_vegetables_spices.xls,DT_1ET0291,생강,DT_1J49: 생강 | DT_1J60: 생강,"","",2478,948,23486,"","","","",7.815207062189088,6.854354502255021,10.064159777925026,"",7.815207062189088,"","",-0.0002316005309914,2025,"","","",high,1,0,0,"",-40,0,ginger,"","","","","","","","","",exact,FALSE,TRUE,TRUE,FALSE
ginger,Ginger,생강,all,vegetable,0,control_pool,1986,10_vegetables_spices.xls,DT_1ET0291,생강,DT_1J49: 생강 | DT_1J60: 생강,"","",3445,974,33563,"","","","",8.144679183447758,6.881411303642535,10.421179548719396,"",8.144679183447758,"","",0.0002592476171923,2025,"","","",high,1,0,0,"",-39,0,ginger,"","","","","","","","","",exact,FALSE,TRUE,TRUE,FALSE
ginger,Ginger,생강,all,vegetable,0,control_pool,1987,10_vegetables_spices.xls,DT_1ET0291,생강,DT_1J49: 생강 | DT_1J60: 생강,"","",4402,855,37629,"","","","",8.389814262086407,6.75110146893676,10.535530308692785,"",8.389814262086407,"","",-0.0002152363422904,2025,"","","",high,1,0,0,"",-38,0,ginger,"","","","","","","","","",exact,FALSE,TRUE,TRUE,FALSE
ginger,Ginger,생강,all,vegetable,0,control_pool,1988,10_vegetables_spices.xls,DT_1ET0291,생강,DT_1J49: 생강 | DT_1J60: 생강,"","",4742,912,43227,"","","","",8.464214266625351,6.815639990074331,10.674220579001044,"",8.464214266625351,"","",-0.0004634917105459,2025,"","","",high,1,0,0,"",-37,0,ginger,"","","","","","","","","",exact,FALSE,TRUE,TRUE,FALSE
ginger,Ginger,생강,all,vegetable,0,control_pool,1989,10_vegetables_spices.xls,DT_1ET0291,생강,DT_1J49: 생강 | DT_1J60: 생강,"","",3679,926,34057,"","","","",8.210396255104774,6.83087423464618,10.435790870478348,"",8.210396255104774,"","",-0.0003094332845137,2025,"","","",high,1,0,0,"",-36,0,ginger,"","","","","","","","","",exact,FALSE,TRUE,TRUE,FALSE
ginger,Ginger,생강,all,vegetable,0,control_pool,1990,10_vegetables_spices.xls,DT_1ET0291,생강,DT_1J49: 생강 | DT_1J60: 생강,"","",3741,918,34326,"","","","",8.227108234348146,6.822197390620491,10.443658363496583,"",8.227108234348146,"","",-0.0004770754839622,2025,"","","",high,1,0,0,"",-35,0,ginger,"","","","","","","","","",exact,FALSE,TRUE,TRUE,FALSE
ginger,Ginger,생강,all,vegetable,0,control_pool,1991,10_vegetables_spices.xls,DT_1ET0291,생강,DT_1J49: 생강 | DT_1J60: 생강,"","",4130,899,37137,"","","","",8.326032685955079,6.80128303447162,10.52236905619992,"",8.326032685955079,"","",0.0002235217613133,2025,"","","",high,1,0,0,"",-34,0,ginger,"","","","","","","","","",exact,FALSE,TRUE,TRUE,FALSE
ginger,Ginger,생강,all,vegetable,0,control_pool,1992,10_vegetables_spices.xls,DT_1ET0291,생강,DT_1J49: 생강 | DT_1J60: 생강,"","",5264,908,47809,"","","","",8.568646473005153,6.811244378601294,10.77496918527507,"",8.568646473005153,"","",0.000248519656715,2025,"","","",high,1,0,0,"",-33,0,ginger,"","","","","","","","","",exact,FALSE,TRUE,TRUE,FALSE
ginger,Ginger,생강,all,vegetable,0,control_pool,1993,10_vegetables_spices.xls,DT_1ET0291,생강,DT_1J49: 생강 | DT_1J60: 생강,"","",4493,899,40396,"","","","",8.41027590907016,6.80128303447162,10.606486049146447,"",8.41027590907016,"","",0.0000972915927590634,2025,"","","",high,1,0,0,"",-32,0,ginger,"","","","","","","","","",exact,FALSE,TRUE,TRUE,FALSE
ginger,Ginger,생강,all,vegetable,0,control_pool,1994,10_vegetables_spices.xls,DT_1ET0291,생강,DT_1J49: 생강 | DT_1J60: 생강,"","",5858,783,45886,"","","","",8.675563527387679,6.663132695990803,10.733915338630108,"",8.675563527387679,"","",0.000389301239716,2025,"","","",high,1,0,0,"",-31,0,ginger,"","","","","","","","","",exact,FALSE,TRUE,TRUE,FALSE
ginger,Ginger,생강,all,vegetable,0,control_pool,1995,10_vegetables_spices.xls,DT_1ET0291,생강,DT_1J49: 생강 | DT_1J60: 생강,"","",6429,821,52752,"","","","",8.768574284141687,6.710523109452428,10.873356965311512,"",8.768574284141687,"","",-0.0005702422945113,2025,"","","",high,1,0,0,"",-30,0,ginger,103.775,"",0.3928901212873396,2005Q1-2012Q4,40.77217233659366,70.05891524234407,4.249336534382903,"",5.183561830187883,exact,FALSE,TRUE,TRUE,FALSE
ginger,Ginger,생강,all,vegetable,0,control_pool,1996,10_vegetables_spices.xls,DT_1ET0291,생강,DT_1J49: 생강 | DT_1J60: 생강,"","",3008,927,27890,"","","","",8.00903068506973,6.831953565565855,10.236023480621537,"",8.00903068506973,"","",0.0002094159740408,2025,"","","",high,1,0,0,"",-29,0,ginger,115.55,"",0.3928901212873396,2005Q1-2012Q4,45.39845351475209,74.48884985032456,4.310649447745778,"",5.244874743550758,exact,FALSE,TRUE,TRUE,FALSE
ginger,Ginger,생강,all,vegetable,0,control_pool,1997,10_vegetables_spices.xls,DT_1ET0291,생강,DT_1J49: 생강 | DT_1J60: 생강,"","",3625,902,32708,"","","","",8.195609567288775,6.804614520062624,10.395374975281868,"",8.195609567288775,"","",0.0003210739185597,2025,"","","",high,1,0,0,"",-28,0,ginger,154.225,"",0.3928901212873396,2005Q1-2012Q4,60.59347895553995,102.1641488667311,4.626580822359441,"",5.56080611816442,exact,FALSE,TRUE,TRUE,FALSE
ginger,Ginger,생강,all,vegetable,0,control_pool,1998,10_vegetables_spices.xls,DT_1ET0291,생강,DT_1J49: 생강 | DT_1J60: 생강,"","",5187,910,47203,"","","","",8.553910774351401,6.813444599510896,10.762212728875872,"",8.553910774351401,"","",0.00002754100166946216,2025,"","","",high,1,0,0,"",-27,0,ginger,131.8,"",0.3928901212873396,2005Q1-2012Q4,51.78291798567136,88.32806906177315,4.481057940015132,"",5.415283235820112,exact,FALSE,TRUE,TRUE,FALSE
ginger,Ginger,생강,all,vegetable,0,control_pool,1999,10_vegetables_spices.xls,DT_1ET0291,생강,DT_1J49: 생강 | DT_1J60: 생강,"","",4255,934,39745,"","","","",8.355850041007475,6.839476438228843,10.590239326007213,"",8.355850041007475,"","",0.00008303275898668971,2025,"","","",high,1,0,0,"",-26,0,ginger,38.1,"",0.3928901212873396,2005Q1-2012Q4,14.969113621047637,23.773579166767437,3.168574844995495,"",4.102800140800475,exact,FALSE,TRUE,TRUE,FALSE
ginger,Ginger,생강,all,vegetable,0,control_pool,2000,10_vegetables_spices.xls,DT_1ET0291,생강,DT_1J49: 생강 | DT_1J60: 생강,"","",1656,989,16385,"","","","",7.412160334945205,6.8966943316227125,9.704121561132917,"",7.412160334945205,"","",0.0004370805530893,2025,"","","",high,1,0,0,"",-25,0,ginger,75.725,"",0.3928901212873396,2005Q1-2012Q4,29.751604434483788,45.797833296366,3.824236782061477,"",4.758462077866456,exact,FALSE,TRUE,TRUE,FALSE
ginger,Ginger,생강,all,vegetable,0,control_pool,2001,10_vegetables_spices.xls,DT_1ET0291,생강,DT_1J49: 생강 | DT_1J60: 생강,"","",1926,1067,20550,"","","","",7.563200592358071,6.9726062513017535,9.93061621992438,"",7.563200592358071,"","",-0.00002043774735049908,2025,"","","",high,1,0,0,"",-24,0,ginger,164.32500000000002,"",0.3928901212873396,2005Q1-2012Q4,64.56166918054208,94.28733346304492,4.546346858910603,"",5.480572154715582,exact,FALSE,TRUE,TRUE,FALSE
ginger,Ginger,생강,all,vegetable,0,control_pool,2002,10_vegetables_spices.xls,DT_1ET0291,생강,DT_1J49: 생강 | DT_1J60: 생강,"","",2705,1104,29861,"","","","",7.902857191280582,7.00669522683704,10.304308560150634,"",7.902857191280582,"","",-0.00007367197889784904,2025,"","","",high,1,0,0,"",-23,0,ginger,79.25,"",0.3928901212873396,2005Q1-2012Q4,31.13654211202166,44.16878242158819,3.788018259495829,"",4.722243555300808,exact,FALSE,TRUE,TRUE,FALSE
ginger,Ginger,생강,all,vegetable,0,control_pool,2003,10_vegetables_spices.xls,DT_1ET0291,생강,DT_1J49: 생강 | DT_1J60: 생강,"","",1710,1122,19188,"","","","",7.444248649496705,7.022868086082641,9.862040362621954,"",7.444248649496705,"","",0.00009381303069844192,2025,"","","",high,1,0,0,"",-22,0,ginger,69.2,"",0.3928901212873396,2005Q1-2012Q4,27.1879963930839,36.36957755444297,3.5937326437112858,"",4.5279579395162655,exact,FALSE,TRUE,TRUE,FALSE
ginger,Ginger,생강,all,vegetable,0,control_pool,2004,10_vegetables_spices.xls,DT_1ET0291,생강,DT_1J49: 생강 | DT_1J60: 생강,"","",1662,1074,17844,"","","","",7.415776975415394,6.97914527506881,9.789422596248157,"",7.415776975415394,"","",-0.0003294682479566,2025,"","","",high,1,0,0,"",-21,0,ginger,123.225,"",0.3928901212873396,2005Q1-2012Q4,48.41388519563242,63.77490480736226,4.15535977139426,"",5.08958506719924,exact,FALSE,TRUE,TRUE,FALSE
ginger,Ginger,생강,all,vegetable,0,control_pool,2005,10_vegetables_spices.xls,DT_1ET0291,생강,DT_1J49: 생강 | DT_1J60: 생강,"","",2264,1272,28797,"","","","",7.724888439323074,7.148345743900068,10.268026494031648,"",7.724888439323074,"","",-0.00003750320340323299,2025,"","","",high,1,0,0,"",-20,0,ginger,150.475,59.05,0.3928901212873396,2005Q1-2012Q4,59.05,80.80161268160703,4.3919969242586525,4.3919969242586525,5.327404704234316,exact,FALSE,TRUE,TRUE,FALSE
ginger,Ginger,생강,all,vegetable,0,control_pool,2006,10_vegetables_spices.xls,DT_1ET0291,생강,DT_1J49: 생강 | DT_1J60: 생강,"","",1795,1285,23073,"","","","",7.492760300922379,7.158513997329321,10.046418381725164,"",7.492760300922379,"","",0.0003142694615547,2025,"","","",high,1,0,0,"",-19,0,ginger,81.95,32.15,0.3928901212873396,2005Q1-2012Q4,32.15,45.48117444269905,3.817298491827264,3.817298491827264,4.752991616215157,exact,FALSE,TRUE,TRUE,FALSE
ginger,Ginger,생강,all,vegetable,0,control_pool,2007,10_vegetables_spices.xls,DT_1ET0291,생강,DT_1J49: 생강 | DT_1J60: 생강,"","",2133,1347,28741,"","","","",7.665284718471351,7.205635176410364,10.266079953738895,"",7.665284718471351,"","",0.0003302448452746,2025,"","","",high,1,0,0,"",-18,0,ginger,84.27499999999999,33.1,0.3928901212873396,2005Q1-2012Q4,33.1,45.96107346859151,3.827794809291595,3.827794809291595,4.762310050582755,exact,FALSE,TRUE,TRUE,FALSE
ginger,Ginger,생강,all,vegetable,0,control_pool,2008,10_vegetables_spices.xls,DT_1ET0291,생강,DT_1J49: 생강 | DT_1J60: 생강,"","",1301,1367,17790,"","","","",7.170888478512505,7.220373836723949,9.786391780659882,"",7.170888478512505,"","",0.0002996514115185,2025,"","","",high,1,0,0,"",-17,0,ginger,83.15,32.65,0.3928901212873396,2005Q1-2012Q4,32.65,45.89639520066524,3.826386578049173,3.826386578049173,4.761200769197925,exact,FALSE,TRUE,TRUE,FALSE
ginger,Ginger,생강,all,vegetable,0,control_pool,2009,10_vegetables_spices.xls,DT_1ET0291,생강,DT_1J49: 생강 | DT_1J60: 생강,"","",1278,1271,16249,"","","","",7.15305163493748,7.147559271189454,9.695786647402777,"",7.15305163493748,"","",0.0003459272639343,2025,"","","",high,1,0,0,"",-16,0,ginger,148.52499999999998,58.325,0.3928901212873396,2005Q1-2012Q4,58.325,81.51196024048363,4.400749760896859,4.400749760896859,5.335465665236186,exact,FALSE,TRUE,TRUE,FALSE
ginger,Ginger,생강,all,vegetable,0,control_pool,2010,10_vegetables_spices.xls,DT_1ET0291,생강,DT_1J49: 생강 | DT_1J60: 생강,"","",2085,1198,24969,"","","","",7.642524134232902,7.088408778675395,10.125390334414204,"",7.642524134232902,"","",-0.0003723925060015,2025,"","","",high,1,0,0,"",-15,0,ginger,159.45,62.625,0.3928901212873396,2005Q1-2012Q4,62.625,82.54434660933747,4.413335683579268,4.413335683579268,5.347165216911839,exact,FALSE,TRUE,TRUE,FALSE
ginger,Ginger,생강,all,vegetable,0,control_pool,2011,10_vegetables_spices.xls,DT_1ET0291,생강,DT_1J49: 생강 | DT_1J60: 생강,"","",2074,1283,26603,"","","","",7.637234388789473,7.1569563646156364,10.188779270365272,"",7.637234388789473,"","",-0.0002412970517458,2025,"","","",high,1,0,0,"",-14,0,ginger,106.875,42.825,0.3928901212873396,2005Q1-2012Q4,42.825,52.30782953649437,3.957146064196978,3.957146064196978,4.872063612192982,exact,FALSE,TRUE,TRUE,FALSE
ginger,Ginger,생강,all,vegetable,0,control_pool,2012,10_vegetables_spices.xls,DT_1ET0291,생강,DT_1J49: 생강 | DT_1J60: 생강,"","",1657,1298,21513,"","","","",7.412764017426562,7.168579897264035,9.976412682550684,"",7.412764017426562,"","",0.0002389538481768,2025,"","","",high,1,0,0,"",-13,0,ginger,146.425,56.625,0.3928901212873396,2005Q1-2012Q4,56.625,64.6218396924516,4.168552429388376,4.168552429388376,5.119347260795162,exact,FALSE,TRUE,TRUE,FALSE
ginger,Ginger,생강,all,vegetable,0,control_pool,2013,10_vegetables_spices.xls,DT_1ET0291,생강,DT_1J49: 생강 | DT_1J60: 생강,"","",1787,1374,24549,"","","","",7.488293515159428,7.2254814727822945,10.10842639919549,"",7.488293515159428,"","",-0.0001784027581415,2025,"","","",high,1,0,0,"",-12,0,ginger,"",64.525,0.3928901212873396,2005Q1-2012Q4,64.525,75.10343879984863,4.31886634733361,4.31886634733361,"",exact,FALSE,TRUE,TRUE,FALSE
ginger,Ginger,생강,all,vegetable,0,control_pool,2014,10_vegetables_spices.xls,DT_1ET0291,생강,DT_1J49: 생강 | DT_1J60: 생강,"","",2178,1474,32102,"","","","",7.686162303492906,7.295735072749282,10.376673612473162,"",7.686162303492906,"","",-0.00005357778093362242,2025,"","","",high,1,0,0,"",-11,0,ginger,"",58.775000000000006,0.3928901212873396,2005Q1-2012Q4,58.775000000000006,70.18773149491946,4.25117353072894,4.25117353072894,"",exact,FALSE,TRUE,TRUE,FALSE
ginger,Ginger,생강,all,vegetable,0,control_pool,2015,10_vegetables_spices.xls,DT_1ET0291,생강,DT_1J49: 생강 | DT_1J60: 생강,"","",2751,1418,39007,"","","","",7.919719760924575,7.257002707092073,10.571496396185374,"",7.919719760924575,"","",-0.00005588584318161338,2025,"","","",high,1,0,0,"",-10,0,ginger,"",90.35000000000001,0.3928901212873396,2005Q1-2012Q4,90.35,106.00231744714829,4.663460956582028,4.663460956582028,"",exact,FALSE,TRUE,TRUE,FALSE
ginger,Ginger,생강,all,vegetable,0,control_pool,2016,10_vegetables_spices.xls,DT_1ET0291,생강,DT_1J49: 생강 | DT_1J60: 생강,"","",4091,1441,58947,"","","","",8.316544717929398,7.273092595999522,10.984394014085304,"",8.316544717929398,"","",-0.00007311385552455363,2025,"","","",high,1,0,0,"",-9,0,ginger,"",63.125,0.3928901212873396,2005Q1-2012Q4,63.125,72.74593620544522,4.286973044772424,4.286973044772424,"",exact,FALSE,TRUE,TRUE,FALSE
ginger,Ginger,생강,all,vegetable,0,control_pool,2017,10_vegetables_spices.xls,DT_1ET0291,생강,DT_1J49: 생강 | DT_1J60: 생강,"","",2572.5257,1599,41147,"","","","",7.852643457940129,7.377133712833954,10.62490629943787,"",7.852643457940129,"","",0.0002993146518779,2025,"","","",high,1,0,0,"",-8,0,ginger,"",39,0.3928901212873396,2005Q1-2012Q4,39,42.65776457619106,3.75320931073706,3.75320931073706,"",exact,FALSE,TRUE,TRUE,FALSE
ginger,Ginger,생강,all,vegetable,0,control_pool,2018,10_vegetables_spices.xls,DT_1ET0291,생강,DT_1J49: 생강 | DT_1J60: 생강,"","",2140.402,995,21305,"","","","",7.668748940841497,6.902742737158593,9.966697065934012,"",7.668748940841497,"","",0.0003755739220139,2025,"","","",high,1,0,0,"",-7,0,ginger,"",84.925,0.3928901212873396,2005Q1-2012Q4,84.925,91.8234017925374,4.5198671866268185,4.5198671866268185,"",exact,FALSE,TRUE,TRUE,FALSE
ginger,Ginger,생강,all,vegetable,0,control_pool,2019,10_vegetables_spices.xls,DT_1ET0291,생강,DT_1J49: 생강 | DT_1J60: 생강,"","",2324.1533,1074,24966,"","","","",7.751111079651704,6.97914527506881,10.125270178210997,"",7.751111079651704,"","",0.0001840094785734,2025,"","","",high,1,0,0,"",-6,0,ginger,"",150.15,0.3928901212873396,2005Q1-2012Q4,150.15,163.80485809584886,5.098675829683974,5.098675829683974,"",exact,FALSE,TRUE,TRUE,FALSE
ginger,Ginger,생강,all,vegetable,0,control_pool,2020,10_vegetables_spices.xls,DT_1ET0291,생강,DT_1J49: 생강 | DT_1J60: 생강,"","",2905.5714,1085,31538,"","","","",7.974385345296857,6.98933526597456,10.358948446965533,"",7.974385345296857,"","",0.0003980216822068,2025,"","","",high,1,0,0,"",-5,0,ginger,"",99.975,0.3928901212873396,2005Q1-2012Q4,99.975,100.18422769658837,4.60701076804311,4.60701076804311,"",exact,FALSE,TRUE,TRUE,FALSE
ginger,Ginger,생강,all,vegetable,0,control_pool,2021,10_vegetables_spices.xls,DT_1ET0291,생강,DT_1J49: 생강 | DT_1J60: 생강,"","",3231.2241,1109,35842,"","","","",8.080616322750727,7.011213987350367,10.486875669103334,"",8.080616322750727,"","",0.0002155449903309,2025,"","","",high,1,0,0,"",-4,0,ginger,"",69.22500000000001,0.3928901212873396,2005Q1-2012Q4,69.22500000000001,61.1762392526782,4.113758866625446,4.113758866625446,"",exact,FALSE,TRUE,TRUE,FALSE
ginger,Ginger,생강,all,vegetable,0,control_pool,2022,10_vegetables_spices.xls,DT_1ET0291,생강,DT_1J49: 생강 | DT_1J60: 생강,"","",1991.4851,1112,22137,"","","","",7.5966359207960705,7.013915474810528,10.005005695726476,"",7.5966359207960705,"","",-0.0003755138920311,2025,"","","",high,1,0,0,"",-3,0,ginger,"",64.5,0.3928901212873396,2005Q1-2012Q4,64.5,59.85144735509686,4.091865614754132,4.091865614754132,"",exact,FALSE,TRUE,TRUE,FALSE
ginger,Ginger,생강,all,vegetable,0,control_pool,2023,10_vegetables_spices.xls,DT_1ET0291,생강,DT_1J49: 생강 | DT_1J60: 생강,"","",2096.1811,1090,22848,"","","","",7.647872444380193,6.993932975223189,10.03661886513931,"",7.647872444380193,"","",-0.00001636847598085467,2025,"","","",high,1,0,0,"",-2,0,ginger,"",145.95,0.3928901212873396,2005Q1-2012Q4,145.95,133.3611570080642,4.893060914230221,4.893060914230221,"",exact,FALSE,TRUE,TRUE,FALSE
ginger,Ginger,생강,all,vegetable,0,control_pool,2024,10_vegetables_spices.xls,DT_1ET0291,생강,DT_1J49: 생강 | DT_1J60: 생강,"","",2491.012,1106,27550,"","","","",7.82044433259301,7.00850518208228,10.22375781458106,"",7.82044433259301,"","",-0.000021514106137487943,2025,"","","",high,1,0,0,"",-1,0,ginger,"",107.025,0.3928901212873396,2005Q1-2012Q4,107.025,91.12417981665868,4.512223189648082,4.512223189648082,"",exact,FALSE,TRUE,TRUE,FALSE
grape,Grape,포도,total,fruit,1,robustness_treated,1980,01_fruit_total.xls; 02_fruit_bearing.xlsx,DT_1ET0292,포도,DT_1J49: 포도 | DT_1J60: 포도,포도,종합; separate 농업수입안정 product exists,"","",56764.4,7653.6,"","",741.6692798160343,"","",10.946664647649351,8.942931404363957,8.942931404363957,"","","",2002,2004,2010,2017,low,1,0,0,-24,-22,2004,grape,48.375,"","",2005Q1-2012Q4,"","","","",5.38521268435151,approximate,FALSE,FALSE,FALSE,FALSE
grape,Grape,포도,total,fruit,1,robustness_treated,1981,01_fruit_total.xls; 02_fruit_bearing.xlsx,DT_1ET0292,포도,DT_1J49: 포도 | DT_1J60: 포도,포도,종합; separate 농업수입안정 product exists,"","",71724,9186,"","",780.7968647942522,"","",11.180580698612255,9.12543586488574,9.12543586488574,"","","",2002,2004,2010,2017,low,1,0,0,-23,-21,2004,grape,48.375,"","",2005Q1-2012Q4,"","","","",5.113028173813255,approximate,FALSE,FALSE,FALSE,FALSE
grape,Grape,포도,total,fruit,1,robustness_treated,1982,01_fruit_total.xls; 02_fruit_bearing.xlsx,DT_1ET0292,포도,DT_1J49: 포도 | DT_1J60: 포도,포도,종합; separate 농업수입안정 product exists,"","",94809,11162,"","",849.3907901809712,"","",11.45961962044577,9.320270431348378,9.320270431348378,"","","",2002,2004,2010,2017,low,1,0,0,-22,-20,2004,grape,56.9,"","",2005Q1-2012Q4,"","","","",5.21502135136877,approximate,FALSE,FALSE,FALSE,FALSE
grape,Grape,포도,total,fruit,1,robustness_treated,1983,01_fruit_total.xls; 02_fruit_bearing.xlsx,DT_1ET0292,포도,DT_1J49: 포도 | DT_1J60: 포도,포도,종합; separate 농업수입안정 product exists,"","",131111,14165,"","",925.5983056830216,"","",11.78379957164764,9.558529412264615,9.558529412264615,"","","",2002,2004,2010,2017,low,1,0,0,-21,-19,2004,grape,64.64999999999999,"","",2005Q1-2012Q4,"","","","",5.320953197631934,approximate,FALSE,FALSE,FALSE,FALSE
grape,Grape,포도,total,fruit,1,robustness_treated,1984,01_fruit_total.xls; 02_fruit_bearing.xlsx,DT_1ET0292,포도,DT_1J49: 포도 | DT_1J60: 포도,포도,종합; separate 농업수입안정 product exists,"","",124676,15514,"","",803.6354260667783,"","",11.733473651236377,9.649498121050817,9.649498121050817,"","","",2002,2004,2010,2017,low,1,0,0,-20,-18,2004,grape,61.725,"","",2005Q1-2012Q4,"","","","",5.290865246988743,approximate,FALSE,FALSE,FALSE,FALSE
grape,Grape,포도,total,fruit,1,robustness_treated,1985,01_fruit_total.xls; 02_fruit_bearing.xlsx,DT_1ET0292,포도,DT_1J49: 포도 | DT_1J60: 포도,포도,종합; separate 농업수입안정 product exists,"","",149912,16206,"","",925.0401086017524,"","",11.917803734255502,9.693136823020671,9.693136823020671,"","","",2002,2004,2010,2017,low,1,0,0,-19,-17,2004,grape,56.425,"","",2005Q1-2012Q4,"","","","",5.162539291647581,approximate,FALSE,FALSE,FALSE,FALSE
grape,Grape,포도,total,fruit,1,robustness_treated,1986,01_fruit_total.xls; 02_fruit_bearing.xlsx,DT_1ET0292,포도,DT_1J49: 포도 | DT_1J60: 포도,포도,종합; separate 농업수입안정 product exists,"","",165470,17037,"","",971.2390679110172,"","",12.01654518848589,9.743142728545545,9.743142728545545,"","","",2002,2004,2010,2017,low,1,0,0,-18,-16,2004,grape,49.175,"","",2005Q1-2012Q4,"","","","",5.066165933618151,approximate,FALSE,FALSE,FALSE,FALSE
grape,Grape,포도,total,fruit,1,robustness_treated,1987,01_fruit_total.xls; 02_fruit_bearing.xlsx,DT_1ET0292,포도,DT_1J49: 포도 | DT_1J60: 포도,포도,종합; separate 농업수입안정 product exists,"","",158158,16813,"","",940.6887527508476,"","",11.971349812342188,9.729907675678929,9.729907675678929,"","","",2002,2004,2010,2017,low,1,0,0,-17,-15,2004,grape,48.95,"","",2005Q1-2012Q4,"","","","",5.035836819043693,approximate,FALSE,FALSE,FALSE,FALSE
grape,Grape,포도,total,fruit,1,robustness_treated,1988,01_fruit_total.xls; 02_fruit_bearing.xlsx,DT_1ET0292,포도,DT_1J49: 포도 | DT_1J60: 포도,포도,종합; separate 농업수입안정 product exists,"","",156070,16119,"","",968.2362429431108,"","",11.9580599035366,9.68775397939693,9.68775397939693,"","","",2002,2004,2010,2017,low,1,0,0,-16,-14,2004,grape,55.625,"","",2005Q1-2012Q4,"","","","",5.024028685996707,approximate,FALSE,FALSE,FALSE,FALSE
grape,Grape,포도,total,fruit,1,robustness_treated,1989,01_fruit_total.xls; 02_fruit_bearing.xlsx,DT_1ET0292,포도,DT_1J49: 포도 | DT_1J60: 포도,포도,종합; separate 농업수입안정 product exists,"","",156879,15836,"","",990.6478908815355,"","",11.963230086551086,9.67004110822602,9.67004110822602,"","","",2002,2004,2010,2017,low,1,0,0,-15,-13,2004,grape,65.475,"","",2005Q1-2012Q4,"","","","",5.1396492826239655,approximate,FALSE,FALSE,FALSE,FALSE
grape,Grape,포도,total,fruit,1,robustness_treated,1990,01_fruit_total.xls; 02_fruit_bearing.xlsx,DT_1ET0292,포도,DT_1J49: 포도 | DT_1J60: 포도,포도,종합; separate 농업수입안정 product exists,"","",131324,14962,"","",877.7168827696831,"","",11.785422831096806,9.61326893243235,9.61326893243235,"","","",2002,2004,2010,2017,low,1,0,0,-14,-12,2004,grape,62.25,"","",2005Q1-2012Q4,"","","","",4.979122786345051,approximate,FALSE,FALSE,FALSE,FALSE
grape,Grape,포도,total,fruit,1,robustness_treated,1991,01_fruit_total.xls; 02_fruit_bearing.xlsx,DT_1ET0292,포도,DT_1J49: 포도 | DT_1J60: 포도,포도,종합; separate 농업수입안정 product exists,"","",147973,14802,"","",999.6824753411702,"","",11.904785103671,9.602517585757411,9.602517585757411,"","","",2002,2004,2010,2017,low,1,0,0,-13,-11,2004,grape,70.5,"","",2005Q1-2012Q4,"","","","",5.013098824432819,approximate,FALSE,FALSE,FALSE,FALSE
grape,Grape,포도,total,fruit,1,robustness_treated,1992,01_fruit_total.xls; 02_fruit_bearing.xlsx,DT_1ET0292,포도,DT_1J49: 포도 | DT_1J60: 포도,포도,종합; separate 농업수입안정 product exists,"","",146346,14957,"","",978.4448753092198,"","",11.89372896000753,9.612934696659329,9.612934696659329,"","","",2002,2004,2010,2017,low,1,0,0,-12,-10,2004,grape,81.9,"","",2005Q1-2012Q4,"","","","",5.118348982111449,approximate,FALSE,FALSE,FALSE,FALSE
grape,Grape,포도,total,fruit,1,robustness_treated,1993,01_fruit_total.xls; 02_fruit_bearing.xlsx,DT_1ET0292,포도,DT_1J49: 포도 | DT_1J60: 포도,포도,종합; separate 농업수입안정 product exists,"","",163780,16991,"","",963.9220763933848,"","",12.00627934282418,9.740439071085758,9.740439071085758,"","","",2002,2004,2010,2017,low,1,0,0,-11,-9,2004,grape,83,"","",2005Q1-2012Q4,"","","","",5.143433427816465,approximate,FALSE,FALSE,FALSE,FALSE
grape,Grape,포도,total,fruit,1,robustness_treated,1994,01_fruit_total.xls; 02_fruit_bearing.xlsx,DT_1ET0292,포도,DT_1J49: 포도 | DT_1J60: 포도,포도,종합; separate 농업수입안정 product exists,"","",211930,19773,"","",1071.8151014009002,"","",12.26401131045062,9.892072649720827,9.892072649720827,"","","",2002,2004,2010,2017,low,1,0,0,-10,-8,2004,grape,130.725,"","",2005Q1-2012Q4,"","","","",5.510904088692432,approximate,FALSE,FALSE,FALSE,FALSE
grape,Grape,포도,total,fruit,1,robustness_treated,1995,01_fruit_total.xls; 02_fruit_bearing.xlsx,DT_1ET0292,포도,DT_1J49: 포도 | DT_1J60: 포도,포도,종합; separate 농업수입안정 product exists,"","",316443,26030,"","",1215.6857472147522,"","",12.664898409560625,10.167004997988611,10.167004997988611,"","","",2002,2004,2010,2017,low,1,0,0,-9,-7,2004,grape,190.125,"","",2005Q1-2012Q4,"","","","",5.788240734436589,approximate,FALSE,FALSE,FALSE,FALSE
grape,Grape,포도,total,fruit,1,robustness_treated,1996,01_fruit_total.xls; 02_fruit_bearing.xlsx,DT_1ET0292,포도,DT_1J49: 포도 | DT_1J60: 포도,포도,종합; separate 농업수입안정 product exists,"","",357274,27196,"","",1313.7005441976762,"","",12.786258273381696,10.21082518264635,10.21082518264635,"","","",2002,2004,2010,2017,low,1,0,0,-8,-6,2004,grape,143.15,"","",2005Q1-2012Q4,"","","","",5.459038821138955,approximate,FALSE,FALSE,FALSE,FALSE
grape,Grape,포도,total,fruit,1,robustness_treated,1997,01_fruit_total.xls; 02_fruit_bearing.xlsx,DT_1ET0292,포도,DT_1J49: 포도 | DT_1J60: 포도,포도,종합; separate 농업수입안정 product exists,"","",393195,28290,"","",1389.8727465535526,"","",12.882060950999325,10.250263664295613,10.250263664295613,"","","",2002,2004,2010,2017,low,1,0,0,-7,-5,2004,grape,145.425,"","",2005Q1-2012Q4,"","","","",5.501103438062412,approximate,FALSE,FALSE,FALSE,FALSE
grape,Grape,포도,total,fruit,1,robustness_treated,1998,01_fruit_total.xls; 02_fruit_bearing.xlsx,DT_1ET0292,포도,DT_1J49: 포도 | DT_1J60: 포도,포도,종합; separate 농업수입안정 product exists,"","",387179,29044,"","",1333.077399807189,"","",12.86664239737657,10.276567200500136,10.276567200500136,"","","",2002,2004,2010,2017,low,1,0,0,-6,-4,2004,grape,134.85,"","",2005Q1-2012Q4,"","","","",5.436520198374181,approximate,FALSE,FALSE,FALSE,FALSE
grape,Grape,포도,total,fruit,1,robustness_treated,1999,01_fruit_total.xls; 02_fruit_bearing.xlsx,DT_1ET0292,포도,DT_1J49: 포도 | DT_1J60: 포도,포도,종합; separate 농업수입안정 product exists,"","",453119,29462,"","",1537.9777340302762,"","",13.0239100631241,10.290856576374884,10.290856576374884,"","","",2002,2004,2010,2017,low,1,0,0,-5,-3,2004,grape,113.175,"","",2005Q1-2012Q4,"","","","",5.192020960071583,approximate,FALSE,FALSE,FALSE,FALSE
grape,Grape,포도,total,fruit,1,robustness_treated,2000,01_fruit_total.xls; 02_fruit_bearing.xlsx,DT_1ET0292,포도,DT_1J49: 포도 | DT_1J60: 포도,포도,종합; separate 농업수입안정 product exists,"","",475594,29200,"","",1628.7465753424658,"","",13.072319828075788,10.281923988256374,10.281923988256374,"","","",2002,2004,2010,2017,low,1,0,0,-4,-2,2004,grape,107.625,"","",2005Q1-2012Q4,"","","","",5.099950050380536,approximate,FALSE,FALSE,FALSE,FALSE
grape,Grape,포도,total,fruit,1,robustness_treated,2001,01_fruit_total.xls; 02_fruit_bearing.xlsx,DT_1ET0292,포도,DT_1J49: 포도 | DT_1J60: 포도,포도,종합; separate 농업수입안정 product exists,"","",453578,26803,"","",1692.2657911427827,"","",13.02492252933764,10.196269100532607,10.196269100532607,"","","",2002,2004,2010,2017,low,1,0,0,-3,-1,2004,grape,80.925,"","",2005Q1-2012Q4,"","","","",4.772793028763738,approximate,FALSE,FALSE,FALSE,FALSE
grape,Grape,포도,total,fruit,1,robustness_treated,2002,01_fruit_total.xls; 02_fruit_bearing.xlsx,DT_1ET0292,포도,DT_1J49: 포도 | DT_1J60: 포도,포도,종합; separate 농업수입안정 product exists,"","",422036,26007,"","",1622.778482716192,"","",12.952845897436497,10.16612101153675,10.16612101153675,"","","",2002,2004,2010,2017,low,0,1,0,-2,0,2004,grape,94.05,"","",2005Q1-2012Q4,"","","","",4.894316293550824,approximate,FALSE,FALSE,FALSE,FALSE
grape,Grape,포도,total,fruit,1,robustness_treated,2003,01_fruit_total.xls; 02_fruit_bearing.xlsx,DT_1ET0292,포도,DT_1J49: 포도 | DT_1J60: 포도,포도,종합; separate 농업수입안정 product exists,"","",376430,24801,"","",1517.8017015442929,"","",12.838487385961498,10.118639253920785,10.118639253920785,"","","",2002,2004,2010,2017,low,0,1,0,-1,1,2004,grape,118.875,"","",2005Q1-2012Q4,"","","","",5.071864734200544,approximate,FALSE,FALSE,FALSE,FALSE
grape,Grape,포도,total,fruit,1,robustness_treated,2004,01_fruit_total.xls; 02_fruit_bearing.xlsx,DT_1ET0292,포도,DT_1J49: 포도 | DT_1J60: 포도,포도,종합; separate 농업수입안정 product exists,"","",367894,22909,"","",1605.8928805273038,"","",12.815550132180316,10.039285125433349,10.039285125433349,"","","",2002,2004,2010,2017,low,0,0,1,0,2,2004,grape,147.7,"","",2005Q1-2012Q4,"","","","",5.278884164388571,approximate,FALSE,FALSE,FALSE,FALSE
grape,Grape,포도,total,fruit,1,robustness_treated,2005,01_fruit_total.xls; 02_fruit_bearing.xlsx,DT_1ET0292,포도,DT_1J49: 포도 | DT_1J60: 포도,포도,종합; separate 농업수입안정 product exists,"","",381436,22057,"","",1729.3194904112074,"","",12.8516983567869,10.001385290812587,10.001385290812587,"","","",2002,2004,2010,2017,low,0,0,1,1,3,2004,grape,"",127.35,"",2005Q1-2012Q4,127.35,174.01347395159877,5.159132732719919,5.159132732719919,"",approximate,FALSE,FALSE,FALSE,FALSE
grape,Grape,포도,total,fruit,1,robustness_treated,2006,01_fruit_total.xls; 02_fruit_bearing.xlsx,DT_1ET0292,포도,DT_1J49: 포도 | DT_1J60: 포도,포도,종합; separate 농업수입안정 product exists,"","",330049,19248,"","",1714.718412302577,"","",12.706996407268363,9.86516243821446,9.86516243821446,"","","",2002,2004,2010,2017,low,0,0,1,2,4,2004,grape,"",105.925,"",2005Q1-2012Q4,105.925,150.33361839464823,5.01285694702777,5.01285694702777,"",approximate,FALSE,FALSE,FALSE,FALSE
grape,Grape,포도,total,fruit,1,robustness_treated,2007,01_fruit_total.xls; 02_fruit_bearing.xlsx,DT_1ET0292,포도,DT_1J49: 포도 | DT_1J60: 포도,포도,종합; separate 농업수입안정 product exists,"","",328680,18843,"","",1744.30823117338,"","",12.702839912045125,9.843896771122491,9.843896771122491,"","","",2002,2004,2010,2017,low,0,0,1,3,5,2004,grape,"",117.85,"",2005Q1-2012Q4,117.85,163.3349023071658,5.095802708352665,5.095802708352665,"",approximate,FALSE,FALSE,FALSE,FALSE
grape,Grape,포도,total,fruit,1,robustness_treated,2008,01_fruit_total.xls; 02_fruit_bearing.xlsx,DT_1ET0292,포도,DT_1J49: 포도 | DT_1J60: 포도,포도,종합; separate 농업수입안정 product exists,"","",333596,18240,"","",1828.9254385964916,"","",12.71768595898717,9.811372263628323,9.811372263628323,"","","",2002,2004,2010,2017,low,0,0,1,4,6,2004,grape,"",102.1,"",2005Q1-2012Q4,102.1,142.26361941327517,4.957681811223217,4.957681811223217,"",approximate,FALSE,FALSE,FALSE,FALSE
grape,Grape,포도,total,fruit,1,robustness_treated,2009,01_fruit_total.xls; 02_fruit_bearing.xlsx,DT_1ET0292,포도,DT_1J49: 포도 | DT_1J60: 포도,포도,종합; separate 농업수입안정 product exists,"","",279296,17996,15144,1844.268357105124,1551.989330962436,"","",12.540027430312634,9.797904789961065,9.797904789961065,9.62535969288916,7.519837923411566,"",2002,2004,2010,2017,low,0,0,1,5,7,2004,grape,"",69.85,"",2005Q1-2012Q4,69.85,97.4558739593595,4.579399700785128,4.579399700785128,"",approximate,FALSE,FALSE,FALSE,FALSE
grape,Grape,포도,total,fruit,1,robustness_treated,2010,01_fruit_total.xls; 02_fruit_bearing.xlsx,DT_1ET0292,포도,DT_1J49: 포도 | DT_1J60: 포도,포도,종합; separate 농업수입안정 product exists,"","",257128,17572,14850,1731.5016835016834,1463.2824948782152,"","",12.457329294364104,9.77406200509567,9.77406200509567,9.605755144230846,7.456744336121347,"",2002,2004,2010,2017,low,0,0,1,6,8,2004,grape,"",73.4,"",2005Q1-2012Q4,73.4,96.37374461214569,4.5682338057249385,4.5682338057249385,"",approximate,FALSE,FALSE,FALSE,FALSE
grape,Grape,포도,total,fruit,1,robustness_treated,2011,01_fruit_total.xls; 02_fruit_bearing.xlsx,DT_1ET0292,포도,DT_1J49: 포도 | DT_1J60: 포도,포도,종합; separate 농업수입안정 product exists,"","",226590,17445,14720,1539.3342391304348,1298.882201203783,"","",12.330897495975604,9.766808353620874,9.766808353620874,9.596962392282869,7.339105289680828,"",2002,2004,2010,2017,low,0,0,1,7,9,2004,grape,"",80.45,"",2005Q1-2012Q4,80.45,98.16824134783656,4.586682755189647,4.586682755189647,"",approximate,FALSE,FALSE,FALSE,FALSE
grape,Grape,포도,total,fruit,1,robustness_treated,2012,01_fruit_total.xls; 02_fruit_bearing.xlsx,DT_1ET0292,포도,DT_1J49: 포도 | DT_1J60: 포도,포도,종합; separate 농업수입안정 product exists,"","",235181,17181,14644,1605.9888008740782,1368.8434899016356,"","",12.368110709430615,9.751559401061966,9.751559401061966,9.591785974240128,7.381494921178581,"",2002,2004,2010,2017,low,0,0,1,8,10,2004,grape,"",88.95,"",2005Q1-2012Q4,88.95,101.0313400279214,4.61543076601516,4.61543076601516,"",approximate,FALSE,FALSE,FALSE,FALSE
grape,Grape,포도,total,fruit,1,robustness_treated,2013,01_fruit_total.xls; 02_fruit_bearing.xlsx,DT_1ET0292,포도,DT_1J49: 포도 | DT_1J60: 포도,포도,종합; separate 농업수입안정 product exists,"","",219680,16931,14368,1528.9532293986638,1297.501624239561,"","",12.299927221001798,9.736901540128232,9.736901540128232,9.57275879054198,7.332338616447909,"",2002,2004,2010,2017,low,0,0,1,9,11,2004,grape,"",81.575,"",2005Q1-2012Q4,81.575,95.2374820062902,4.556373582863976,4.556373582863976,"",approximate,FALSE,FALSE,FALSE,FALSE
grape,Grape,포도,total,fruit,1,robustness_treated,2014,01_fruit_total.xls; 02_fruit_bearing.xlsx,DT_1ET0292,포도,DT_1J49: 포도 | DT_1J60: 포도,포도,종합; separate 농업수입안정 product exists,"","",228971,16348,14019,1633.2905342749125,1400.6055786640568,"","",12.34135063696258,9.701860844684168,9.701860844684168,9.548168831368535,7.3983519915821345,"",2002,2004,2010,2017,low,0,0,1,10,12,2004,grape,"",70.7,"",2005Q1-2012Q4,70.7,84.387865371724,4.435423616048724,4.435423616048724,"",approximate,FALSE,FALSE,FALSE,FALSE
grape,Grape,포도,total,fruit,1,robustness_treated,2015,01_fruit_total.xls; 02_fruit_bearing.xlsx,DT_1ET0292,포도,DT_1J49: 포도 | DT_1J60: 포도,포도,종합; separate 농업수입안정 product exists,"","",223695,15397,13385,1671.2364587224506,1452.8479573942975,"","",12.318038795864991,9.641927964229918,9.641927964229918,9.501889955954454,7.421319025898631,"",2002,2004,2010,2017,low,0,0,1,11,13,2004,grape,"",62.725,"",2005Q1-2012Q4,62.725,73.69761109258815,4.299970384729488,4.299970384729488,"",approximate,FALSE,FALSE,FALSE,FALSE
grape,Grape,포도,total,fruit,1,robustness_treated,2016,01_fruit_total.xls; 02_fruit_bearing.xlsx,DT_1ET0292,포도,DT_1J49: 포도 | DT_1J60: 포도,포도,종합; separate 농업수입안정 product exists,"","",229284,14946,13747,1667.883901942242,1534.0826977117624,"","",12.342716688827476,9.612198984490236,9.612198984490236,9.52857589747142,7.419310977344147,"",2002,2004,2010,2017,low,0,0,1,12,14,2004,grape,"",64.475,"",2005Q1-2012Q4,64.475,74.74166604264767,4.314037714986946,4.314037714986946,"",approximate,FALSE,FALSE,FALSE,FALSE
grape,Grape,포도,total,fruit,1,robustness_treated,2017,01_fruit_total.xls; 02_fruit_bearing.xlsx,DT_1ET0292,포도,DT_1J49: 포도 | DT_1J60: 포도,포도,종합; separate 농업수입안정 product exists,"","",190265,13107.1092,11868,1603.1766093697338,1451.6168065495326,"","",12.156173116242744,9.480910049010795,9.480910049010795,9.381600981410712,7.379742320820123,"",2002,2004,2010,2017,low,0,0,1,13,15,2004,grape,"",74.725,"",2005Q1-2012Q4,74.725,81.44770285920575,4.399961131571221,4.399961131571221,"",approximate,FALSE,FALSE,FALSE,FALSE
grape,Grape,포도,total,fruit,1,robustness_treated,2018,01_fruit_total.xls; 02_fruit_bearing.xlsx,DT_1ET0292,포도,DT_1J49: 포도 | DT_1J60: 포도,포도,종합; separate 농업수입안정 product exists,"","",175399,12794.9188,11390,1539.9385425812118,1370.848871663023,"","",12.074818657649692,9.456803402344756,9.456803402344756,9.340491056441229,7.339497787196556,"",2002,2004,2010,2017,low,0,0,1,14,16,2004,grape,"",85.175,"",2005Q1-2012Q4,85.175,92.44943131798392,4.526661806575533,4.526661806575533,"",approximate,FALSE,FALSE,FALSE,FALSE
grape,Grape,포도,total,fruit,1,robustness_treated,2019,01_fruit_total.xls; 02_fruit_bearing.xlsx,DT_1ET0292,포도,DT_1J49: 포도 | DT_1J60: 포도,포도,종합; separate 농업수입안정 product exists,"","",166159,12675.9342,10595,1568.277489381784,1310.8225191008012,"","",12.020700440236263,9.44746052988538,9.44746052988538,9.2681374707024,7.357733155521957,"",2002,2004,2010,2017,low,0,0,1,15,17,2004,grape,"",93.05,"",2005Q1-2012Q4,93.05,101.40108060329491,4.619083747937527,4.619083747937527,"",approximate,FALSE,FALSE,FALSE,FALSE
grape,Grape,포도,total,fruit,1,robustness_treated,2020,01_fruit_total.xls; 02_fruit_bearing.xlsx,DT_1ET0292,포도,DT_1J49: 포도 | DT_1J60: 포도,포도,종합; separate 농업수입안정 product exists,"","",165905.6011065721,13183.3324,9988,1661.0492701899493,1258.449655009625,"","",12.01917423755299,9.486708613731228,9.486708613731228,9.209139651399664,7.415204772141418,"",2002,2004,2010,2017,low,0,0,1,16,18,2004,grape,"",100,"",2005Q1-2012Q4,100,101.4108427702134,4.619180016113122,4.619180016113122,"",approximate,FALSE,FALSE,FALSE,FALSE
grape,Grape,포도,total,fruit,1,robustness_treated,2021,01_fruit_total.xls; 02_fruit_bearing.xlsx,DT_1ET0292,포도,DT_1J49: 포도 | DT_1J60: 포도,포도,종합; separate 농업수입안정 product exists,"","",168150,13348.5199,10052,1672.8014325507363,1259.690222284495,"","",12.032611717168416,9.499160788768126,9.499160788768126,9.215526898663482,7.422255004493024,"",2002,2004,2010,2017,low,0,0,1,17,19,2004,grape,"",105.875,"",2005Q1-2012Q4,105.875,93.76373101383264,4.540778118273242,4.540778118273242,"",approximate,FALSE,FALSE,FALSE,FALSE
grape,Grape,포도,total,fruit,1,robustness_treated,2022,01_fruit_total.xls; 02_fruit_bearing.xlsx,DT_1ET0292,포도,DT_1J49: 포도 | DT_1J60: 포도,포도,종합; separate 농업수입안정 product exists,"","",188771,14654.5187,11121,1697.4282888229477,1288.141929901799,"","",12.148289919200671,9.592504010572243,9.592504010572243,9.31659049181884,7.436869613369923,"",2002,2004,2010,2017,low,0,0,1,18,20,2004,grape,"",109,"",2005Q1-2012Q4,109,99.2584645683512,4.597727201254151,4.597727201254151,"",approximate,FALSE,FALSE,FALSE,FALSE
grape,Grape,포도,total,fruit,1,robustness_treated,2023,01_fruit_total.xls; 02_fruit_bearing.xlsx,DT_1ET0292,포도,DT_1J49: 포도 | DT_1J60: 포도,포도,종합; separate 농업수입안정 product exists,"","",195747,14705.768,12098,1618.0112415275253,1331.0899505554555,"","",12.184578288065111,9.595995076757934,9.595995076757934,9.40079542866686,7.388953045386344,"",2002,2004,2010,2017,low,0,0,1,19,21,2004,grape,"",75.125,"",2005Q1-2012Q4,75.125,68.64118251469668,4.2288926828095255,4.2288926828095255,"",approximate,FALSE,FALSE,FALSE,FALSE
grape,Grape,포도,total,fruit,1,robustness_treated,2024,01_fruit_total.xls; 02_fruit_bearing.xlsx,DT_1ET0292,포도,DT_1J49: 포도 | DT_1J60: 포도,포도,종합; separate 농업수입안정 product exists,"","",216470,14648.6731,12796,1691.7005314160676,1477.744765838211,"","",12.2852072486939,9.592105036964355,9.592105036964355,9.45688790106941,7.433489533612584,"",2002,2004,2010,2017,low,0,0,1,20,22,2004,grape,"",71.6,"",2005Q1-2012Q4,71.6,60.81286382336798,4.107801342635304,4.107801342635304,"",approximate,FALSE,FALSE,FALSE,FALSE
green_plum,Green plum,매실,total,fruit,1,excluded,1980,01_fruit_total.xls; 02_fruit_bearing.xlsx,DT_1ET0292,매실,DT_1J49: 매실 | DT_1J60: 매실,매실,종합 (see Yearbook 2025 pp.44–51),"","","","","","","","","","","","","","","",2010,2013,2012,2013,high,1,0,0,-33,-30,2013,green_plum,"","","","","","","","","",no-overlap,FALSE,FALSE,FALSE,FALSE
green_plum,Green plum,매실,total,fruit,1,excluded,1981,01_fruit_total.xls; 02_fruit_bearing.xlsx,DT_1ET0292,매실,DT_1J49: 매실 | DT_1J60: 매실,매실,종합 (see Yearbook 2025 pp.44–51),"","","","","","","","","","","","","","","",2010,2013,2012,2013,high,1,0,0,-32,-29,2013,green_plum,"","","","","","","","","",no-overlap,FALSE,FALSE,FALSE,FALSE
green_plum,Green plum,매실,total,fruit,1,excluded,1982,01_fruit_total.xls; 02_fruit_bearing.xlsx,DT_1ET0292,매실,DT_1J49: 매실 | DT_1J60: 매실,매실,종합 (see Yearbook 2025 pp.44–51),"","","","","","","","","","","","","","","",2010,2013,2012,2013,high,1,0,0,-31,-28,2013,green_plum,"","","","","","","","","",no-overlap,FALSE,FALSE,FALSE,FALSE
green_plum,Green plum,매실,total,fruit,1,excluded,1983,01_fruit_total.xls; 02_fruit_bearing.xlsx,DT_1ET0292,매실,DT_1J49: 매실 | DT_1J60: 매실,매실,종합 (see Yearbook 2025 pp.44–51),"","","","","","","","","","","","","","","",2010,2013,2012,2013,high,1,0,0,-30,-27,2013,green_plum,"","","","","","","","","",no-overlap,FALSE,FALSE,FALSE,FALSE
green_plum,Green plum,매실,total,fruit,1,excluded,1984,01_fruit_total.xls; 02_fruit_bearing.xlsx,DT_1ET0292,매실,DT_1J49: 매실 | DT_1J60: 매실,매실,종합 (see Yearbook 2025 pp.44–51),"","","","","","","","","","","","","","","",2010,2013,2012,2013,high,1,0,0,-29,-26,2013,green_plum,"","","","","","","","","",no-overlap,FALSE,FALSE,FALSE,FALSE
green_plum,Green plum,매실,total,fruit,1,excluded,1985,01_fruit_total.xls; 02_fruit_bearing.xlsx,DT_1ET0292,매실,DT_1J49: 매실 | DT_1J60: 매실,매실,종합 (see Yearbook 2025 pp.44–51),"","","","","","","","","","","","","","","",2010,2013,2012,2013,high,1,0,0,-28,-25,2013,green_plum,"","","","","","","","","",no-overlap,FALSE,FALSE,FALSE,FALSE
green_plum,Green plum,매실,total,fruit,1,excluded,1986,01_fruit_total.xls; 02_fruit_bearing.xlsx,DT_1ET0292,매실,DT_1J49: 매실 | DT_1J60: 매실,매실,종합 (see Yearbook 2025 pp.44–51),"","","","","","","","","","","","","","","",2010,2013,2012,2013,high,1,0,0,-27,-24,2013,green_plum,"","","","","","","","","",no-overlap,FALSE,FALSE,FALSE,FALSE
green_plum,Green plum,매실,total,fruit,1,excluded,1987,01_fruit_total.xls; 02_fruit_bearing.xlsx,DT_1ET0292,매실,DT_1J49: 매실 | DT_1J60: 매실,매실,종합 (see Yearbook 2025 pp.44–51),"","","","","","","","","","","","","","","",2010,2013,2012,2013,high,1,0,0,-26,-23,2013,green_plum,"","","","","","","","","",no-overlap,FALSE,FALSE,FALSE,FALSE
green_plum,Green plum,매실,total,fruit,1,excluded,1988,01_fruit_total.xls; 02_fruit_bearing.xlsx,DT_1ET0292,매실,DT_1J49: 매실 | DT_1J60: 매실,매실,종합 (see Yearbook 2025 pp.44–51),"","","","","","","","","","","","","","","",2010,2013,2012,2013,high,1,0,0,-25,-22,2013,green_plum,"","","","","","","","","",no-overlap,FALSE,FALSE,FALSE,FALSE
green_plum,Green plum,매실,total,fruit,1,excluded,1989,01_fruit_total.xls; 02_fruit_bearing.xlsx,DT_1ET0292,매실,DT_1J49: 매실 | DT_1J60: 매실,매실,종합 (see Yearbook 2025 pp.44–51),"","","","","","","","","","","","","","","",2010,2013,2012,2013,high,1,0,0,-24,-21,2013,green_plum,"","","","","","","","","",no-overlap,FALSE,FALSE,FALSE,FALSE
green_plum,Green plum,매실,total,fruit,1,excluded,1990,01_fruit_total.xls; 02_fruit_bearing.xlsx,DT_1ET0292,매실,DT_1J49: 매실 | DT_1J60: 매실,매실,종합 (see Yearbook 2025 pp.44–51),"","","","","","","","","","","","","","","",2010,2013,2012,2013,high,1,0,0,-23,-20,2013,green_plum,"","","","","","","","","",no-overlap,FALSE,FALSE,FALSE,FALSE
green_plum,Green plum,매실,total,fruit,1,excluded,1991,01_fruit_total.xls; 02_fruit_bearing.xlsx,DT_1ET0292,매실,DT_1J49: 매실 | DT_1J60: 매실,매실,종합 (see Yearbook 2025 pp.44–51),"","","","","","","","","","","","","","","",2010,2013,2012,2013,high,1,0,0,-22,-19,2013,green_plum,"","","","","","","","","",no-overlap,FALSE,FALSE,FALSE,FALSE
green_plum,Green plum,매실,total,fruit,1,excluded,1992,01_fruit_total.xls; 02_fruit_bearing.xlsx,DT_1ET0292,매실,DT_1J49: 매실 | DT_1J60: 매실,매실,종합 (see Yearbook 2025 pp.44–51),"","","","","","","","","","","","","","","",2010,2013,2012,2013,high,1,0,0,-21,-18,2013,green_plum,"","","","","","","","","",no-overlap,FALSE,FALSE,FALSE,FALSE
green_plum,Green plum,매실,total,fruit,1,excluded,1993,01_fruit_total.xls; 02_fruit_bearing.xlsx,DT_1ET0292,매실,DT_1J49: 매실 | DT_1J60: 매실,매실,종합 (see Yearbook 2025 pp.44–51),"","","","","","","","","","","","","","","",2010,2013,2012,2013,high,1,0,0,-20,-17,2013,green_plum,"","","","","","","","","",no-overlap,FALSE,FALSE,FALSE,FALSE
green_plum,Green plum,매실,total,fruit,1,excluded,1994,01_fruit_total.xls; 02_fruit_bearing.xlsx,DT_1ET0292,매실,DT_1J49: 매실 | DT_1J60: 매실,매실,종합 (see Yearbook 2025 pp.44–51),"","","","","","","","","","","","","","","",2010,2013,2012,2013,high,1,0,0,-19,-16,2013,green_plum,"","","","","","","","","",no-overlap,FALSE,FALSE,FALSE,FALSE
green_plum,Green plum,매실,total,fruit,1,excluded,1995,01_fruit_total.xls; 02_fruit_bearing.xlsx,DT_1ET0292,매실,DT_1J49: 매실 | DT_1J60: 매실,매실,종합 (see Yearbook 2025 pp.44–51),"","","","","","","","","","","","","","","",2010,2013,2012,2013,high,1,0,0,-18,-15,2013,green_plum,"","","","","","","","","",no-overlap,FALSE,FALSE,FALSE,FALSE
green_plum,Green plum,매실,total,fruit,1,excluded,1996,01_fruit_total.xls; 02_fruit_bearing.xlsx,DT_1ET0292,매실,DT_1J49: 매실 | DT_1J60: 매실,매실,종합 (see Yearbook 2025 pp.44–51),"","","","","","","","","","","","","","","",2010,2013,2012,2013,high,1,0,0,-17,-14,2013,green_plum,"","","","","","","","","",no-overlap,FALSE,FALSE,FALSE,FALSE
green_plum,Green plum,매실,total,fruit,1,excluded,1997,01_fruit_total.xls; 02_fruit_bearing.xlsx,DT_1ET0292,매실,DT_1J49: 매실 | DT_1J60: 매실,매실,종합 (see Yearbook 2025 pp.44–51),"","","","","","","","","","","","","","","",2010,2013,2012,2013,high,1,0,0,-16,-13,2013,green_plum,"","","","","","","","","",no-overlap,FALSE,FALSE,FALSE,FALSE
green_plum,Green plum,매실,total,fruit,1,excluded,1998,01_fruit_total.xls; 02_fruit_bearing.xlsx,DT_1ET0292,매실,DT_1J49: 매실 | DT_1J60: 매실,매실,종합 (see Yearbook 2025 pp.44–51),"","","","","","","","","","","","","","","",2010,2013,2012,2013,high,1,0,0,-15,-12,2013,green_plum,"","","","","","","","","",no-overlap,FALSE,FALSE,FALSE,FALSE
green_plum,Green plum,매실,total,fruit,1,excluded,1999,01_fruit_total.xls; 02_fruit_bearing.xlsx,DT_1ET0292,매실,DT_1J49: 매실 | DT_1J60: 매실,매실,종합 (see Yearbook 2025 pp.44–51),"","","","","","","","","","","","","","","",2010,2013,2012,2013,high,1,0,0,-14,-11,2013,green_plum,"","","","","","","","","",no-overlap,FALSE,FALSE,FALSE,FALSE
green_plum,Green plum,매실,total,fruit,1,excluded,2000,01_fruit_total.xls; 02_fruit_bearing.xlsx,DT_1ET0292,매실,DT_1J49: 매실 | DT_1J60: 매실,매실,종합 (see Yearbook 2025 pp.44–51),"","","","","","","","","","","","","","","",2010,2013,2012,2013,high,1,0,0,-13,-10,2013,green_plum,138.35,"","",2005Q1-2012Q4,"","","","",5.353542279593174,no-overlap,FALSE,FALSE,FALSE,FALSE
green_plum,Green plum,매실,total,fruit,1,excluded,2001,01_fruit_total.xls; 02_fruit_bearing.xlsx,DT_1ET0292,매실,DT_1J49: 매실 | DT_1J60: 매실,매실,종합 (see Yearbook 2025 pp.44–51),"","","","","","","","","","","","","","","",2010,2013,2012,2013,high,1,0,0,-12,-9,2013,green_plum,167.75,"","",2005Q1-2012Q4,"","","","",5.506587484930112,no-overlap,FALSE,FALSE,FALSE,FALSE
green_plum,Green plum,매실,total,fruit,1,excluded,2002,01_fruit_total.xls; 02_fruit_bearing.xlsx,DT_1ET0292,매실,DT_1J49: 매실 | DT_1J60: 매실,매실,종합 (see Yearbook 2025 pp.44–51),"","","","","","","","","","","","","","","",2010,2013,2012,2013,high,1,0,0,-11,-8,2013,green_plum,137.45,"","",2005Q1-2012Q4,"","","","",5.274669945245513,no-overlap,FALSE,FALSE,FALSE,FALSE
green_plum,Green plum,매실,total,fruit,1,excluded,2003,01_fruit_total.xls; 02_fruit_bearing.xlsx,DT_1ET0292,매실,DT_1J49: 매실 | DT_1J60: 매실,매실,종합 (see Yearbook 2025 pp.44–51),"","","","","","","","","","","","","","","",2010,2013,2012,2013,high,1,0,0,-10,-7,2013,green_plum,121.27499999999999,"","",2005Q1-2012Q4,"","","","",5.085742507707185,no-overlap,FALSE,FALSE,FALSE,FALSE
green_plum,Green plum,매실,total,fruit,1,excluded,2004,01_fruit_total.xls; 02_fruit_bearing.xlsx,DT_1ET0292,매실,DT_1J49: 매실 | DT_1J60: 매실,매실,종합 (see Yearbook 2025 pp.44–51),"","","","","","","","","","","","","","","",2010,2013,2012,2013,high,1,0,0,-9,-6,2013,green_plum,117.875,"","",2005Q1-2012Q4,"","","","",5.039966296010233,no-overlap,FALSE,FALSE,FALSE,FALSE
green_plum,Green plum,매실,total,fruit,1,excluded,2005,01_fruit_total.xls; 02_fruit_bearing.xlsx,DT_1ET0292,매실,DT_1J49: 매실 | DT_1J60: 매실,매실,종합 (see Yearbook 2025 pp.44–51),"","","","","","","","","","","","","","","",2010,2013,2012,2013,high,1,0,0,-8,-5,2013,green_plum,97.85,"","",2005Q1-2012Q4,"","","","",4.909373579868981,no-overlap,FALSE,FALSE,FALSE,FALSE
green_plum,Green plum,매실,total,fruit,1,excluded,2006,01_fruit_total.xls; 02_fruit_bearing.xlsx,DT_1ET0292,매실,DT_1J49: 매실 | DT_1J60: 매실,매실,종합 (see Yearbook 2025 pp.44–51),"","","","","","","","","","","","","","","",2010,2013,2012,2013,high,1,0,0,-7,-4,2013,green_plum,106.55,"","",2005Q1-2012Q4,"","","","",5.016053923709163,no-overlap,FALSE,FALSE,FALSE,FALSE
green_plum,Green plum,매실,total,fruit,1,excluded,2007,01_fruit_total.xls; 02_fruit_bearing.xlsx,DT_1ET0292,매실,DT_1J49: 매실 | DT_1J60: 매실,매실,종합 (see Yearbook 2025 pp.44–51),"","","","","","","","","","","","","","","",2010,2013,2012,2013,high,1,0,0,-6,-3,2013,green_plum,128.375,"","",2005Q1-2012Q4,"","","","",5.185057193494985,no-overlap,FALSE,FALSE,FALSE,FALSE
green_plum,Green plum,매실,total,fruit,1,excluded,2008,01_fruit_total.xls; 02_fruit_bearing.xlsx,DT_1ET0292,매실,DT_1J49: 매실 | DT_1J60: 매실,매실,종합 (see Yearbook 2025 pp.44–51),"","","","","","","","","","","","","","","",2010,2013,2012,2013,high,1,0,0,-5,-2,2013,green_plum,155.70000000000002,"","",2005Q1-2012Q4,"","","","",5.384687554689871,no-overlap,FALSE,FALSE,FALSE,FALSE
green_plum,Green plum,매실,total,fruit,1,excluded,2009,01_fruit_total.xls; 02_fruit_bearing.xlsx,DT_1ET0292,매실,DT_1J49: 매실 | DT_1J60: 매실,매실,종합 (see Yearbook 2025 pp.44–51),"","","","","","","","","","","","","","","",2010,2013,2012,2013,high,1,0,0,-4,-1,2013,green_plum,158.55,"","",2005Q1-2012Q4,"","","","",5.400787358070792,no-overlap,FALSE,FALSE,FALSE,FALSE
green_plum,Green plum,매실,total,fruit,1,excluded,2010,01_fruit_total.xls; 02_fruit_bearing.xlsx,DT_1ET0292,매실,DT_1J49: 매실 | DT_1J60: 매실,매실,종합 (see Yearbook 2025 pp.44–51),"","","","","","","","","","","","","","","",2010,2013,2012,2013,high,0,1,0,-3,0,2013,green_plum,169.5,"","",2005Q1-2012Q4,"","","","",5.4056891529687485,no-overlap,FALSE,FALSE,FALSE,FALSE
green_plum,Green plum,매실,total,fruit,1,excluded,2011,01_fruit_total.xls; 02_fruit_bearing.xlsx,DT_1ET0292,매실,DT_1J49: 매실 | DT_1J60: 매실,매실,종합 (see Yearbook 2025 pp.44–51),"","","","","","","","","","","","","","","",2010,2013,2012,2013,high,0,1,0,-2,1,2013,green_plum,175.125,"","",2005Q1-2012Q4,"","","","",5.365349086464162,no-overlap,FALSE,FALSE,FALSE,FALSE
green_plum,Green plum,매실,total,fruit,1,excluded,2012,01_fruit_total.xls; 02_fruit_bearing.xlsx,DT_1ET0292,매실,DT_1J49: 매실 | DT_1J60: 매실,매실,종합 (see Yearbook 2025 pp.44–51),"","","","","","","","","","","","","","","",2010,2013,2012,2013,high,0,1,0,-1,2,2013,green_plum,325.925,"","",2005Q1-2012Q4,"","","","",5.922965774010756,no-overlap,FALSE,FALSE,FALSE,FALSE
green_plum,Green plum,매실,total,fruit,1,excluded,2013,01_fruit_total.xls; 02_fruit_bearing.xlsx,DT_1ET0292,매실,DT_1J49: 매실 | DT_1J60: 매실,매실,종합 (see Yearbook 2025 pp.44–51),"","","","","","","","","","","","","","","",2010,2013,2012,2013,high,0,0,1,0,3,2013,green_plum,"","","","","","","","","",no-overlap,FALSE,FALSE,FALSE,FALSE
green_plum,Green plum,매실,total,fruit,1,excluded,2014,01_fruit_total.xls; 02_fruit_bearing.xlsx,DT_1ET0292,매실,DT_1J49: 매실 | DT_1J60: 매실,매실,종합 (see Yearbook 2025 pp.44–51),"","","","","","","","","","","","","","","",2010,2013,2012,2013,high,0,0,1,1,4,2013,green_plum,"","","","","","","","","",no-overlap,FALSE,FALSE,FALSE,FALSE
green_plum,Green plum,매실,total,fruit,1,excluded,2015,01_fruit_total.xls; 02_fruit_bearing.xlsx,DT_1ET0292,매실,DT_1J49: 매실 | DT_1J60: 매실,매실,종합 (see Yearbook 2025 pp.44–51),"","","","","","","","","","","","","","","",2010,2013,2012,2013,high,0,0,1,2,5,2013,green_plum,"",78.69999999999999,"",2005Q1-2012Q4,78.69999999999999,92.53389784782816,4.527575040606898,4.527575040606898,"",no-overlap,FALSE,FALSE,FALSE,FALSE
green_plum,Green plum,매실,total,fruit,1,excluded,2016,01_fruit_total.xls; 02_fruit_bearing.xlsx,DT_1ET0292,매실,DT_1J49: 매실 | DT_1J60: 매실,매실,종합 (see Yearbook 2025 pp.44–51),"","","","","","","","","","","","","","","",2010,2013,2012,2013,high,0,0,1,3,6,2013,green_plum,"",76.525,"",2005Q1-2012Q4,76.525,88.23252432341718,4.479975651540106,4.479975651540106,"",no-overlap,FALSE,FALSE,FALSE,FALSE
green_plum,Green plum,매실,total,fruit,1,excluded,2017,01_fruit_total.xls; 02_fruit_bearing.xlsx,DT_1ET0292,매실,DT_1J49: 매실 | DT_1J60: 매실,매실,종합 (see Yearbook 2025 pp.44–51),"","","","","","","","","","","","","","","",2010,2013,2012,2013,high,0,0,1,4,7,2013,green_plum,"",66.45,"",2005Q1-2012Q4,66.45,72.2404886288662,4.280000673051333,4.280000673051333,"",no-overlap,FALSE,FALSE,FALSE,FALSE
green_plum,Green plum,매실,total,fruit,1,excluded,2018,01_fruit_total.xls; 02_fruit_bearing.xlsx,DT_1ET0292,매실,DT_1J49: 매실 | DT_1J60: 매실,매실,종합 (see Yearbook 2025 pp.44–51),"","","","","","","","","","","","","","","",2010,2013,2012,2013,high,0,0,1,5,8,2013,green_plum,"",63.05,"",2005Q1-2012Q4,63.05,68.28496739615008,4.223689645663042,4.223689645663042,"",no-overlap,FALSE,FALSE,FALSE,FALSE
green_plum,Green plum,매실,total,fruit,1,excluded,2019,01_fruit_total.xls; 02_fruit_bearing.xlsx,DT_1ET0292,매실,DT_1J49: 매실 | DT_1J60: 매실,매실,종합 (see Yearbook 2025 pp.44–51),"","",46723,9384.7937,8150,573.2883435582822,497.8585730659161,"","",10.751991827769352,9.146845966893016,9.146845966893016,9.005773206234908,6.351388807522535,"",2010,2013,2012,2013,high,0,0,1,6,9,2013,green_plum,"",72.275,"",2005Q1-2012Q4,72.275,79.10409844262914,4.370764686865336,4.370764686865336,"",no-overlap,FALSE,FALSE,FALSE,FALSE
green_plum,Green plum,매실,total,fruit,1,excluded,2020,01_fruit_total.xls; 02_fruit_bearing.xlsx,DT_1ET0292,매실,DT_1J49: 매실 | DT_1J60: 매실,매실,종합 (see Yearbook 2025 pp.44–51),"","",40122.3042954611,8486.6798,7487,535.8929383659823,472.767975710137,"","",10.599687675507823,9.04625313096762,9.04625313096762,8.920923462230686,6.28393439926523,"",2010,2013,2012,2013,high,0,0,1,7,10,2013,green_plum,"",100.025,"",2005Q1-2012Q4,100.025,99.537016287355,4.600529597969645,4.600529597969645,"",no-overlap,FALSE,FALSE,FALSE,FALSE
green_plum,Green plum,매실,total,fruit,1,excluded,2021,01_fruit_total.xls; 02_fruit_bearing.xlsx,DT_1ET0292,매실,DT_1J49: 매실 | DT_1J60: 매실,매실,종합 (see Yearbook 2025 pp.44–51),"","",30191,6256.4544,5594,539.7032534858777,482.55766077348864,"","",10.315299145703156,8.741368913858505,8.741368913858505,8.629449873761905,6.291019457929343,"",2010,2013,2012,2013,high,0,0,1,8,11,2013,green_plum,"",99.625,"",2005Q1-2012Q4,99.625,88.3171367641838,4.480934163119493,4.480934163119493,"",no-overlap,FALSE,FALSE,FALSE,FALSE
green_plum,Green plum,매실,total,fruit,1,excluded,2022,01_fruit_total.xls; 02_fruit_bearing.xlsx,DT_1ET0292,매실,DT_1J49: 매실 | DT_1J60: 매실,매실,종합 (see Yearbook 2025 pp.44–51),"","",30727,6392.2025,5840,526.1472602739726,480.6950343015572,"","",10.332897025887751,8.762834167169585,8.762834167169585,8.672486075822272,6.265581136053569,"",2010,2013,2012,2013,high,0,0,1,9,12,2013,green_plum,"",95.625,"",2005Q1-2012Q4,95.625,87.72716288187868,4.474231576416169,4.474231576416169,"",no-overlap,FALSE,FALSE,FALSE,FALSE
green_plum,Green plum,매실,total,fruit,1,excluded,2023,01_fruit_total.xls; 02_fruit_bearing.xlsx,DT_1ET0292,매실,DT_1J49: 매실 | DT_1J60: 매실,매실,종합 (see Yearbook 2025 pp.44–51),"","",26262,5926.9851,5404,485.9733530717986,443.0920536648557,"","",10.17587830641895,8.687270947865326,8.687270947865326,8.59489469908009,6.186153793326952,"",2010,2013,2012,2013,high,0,0,1,10,13,2013,green_plum,"",100.6,"",2005Q1-2012Q4,100.6,91.94684376550688,4.521210624909339,4.521210624909339,"",no-overlap,FALSE,FALSE,FALSE,FALSE
green_plum,Green plum,매실,total,fruit,1,excluded,2024,01_fruit_total.xls; 02_fruit_bearing.xlsx,DT_1ET0292,매실,DT_1J49: 매실 | DT_1J60: 매실,매실,종합 (see Yearbook 2025 pp.44–51),"","",23863,5566.4249,5015,475.8325024925225,428.6952654297016,"","",10.080084421193217,8.624508277655853,8.624508277655853,8.520188700396035,6.165065906785272,"",2010,2013,2012,2013,high,0,0,1,11,14,2013,green_plum,"",119.05000000000001,"",2005Q1-2012Q4,119.05,102.1099558741298,4.626050231426817,4.626050231426817,"",no-overlap,FALSE,FALSE,FALSE,FALSE
highland_napa,Highland Napa cabbage,고랭지배추,highland,vegetable,0,control_pool,1980,09_vegetables_leafy.xls,DT_1ET0028,고랭지배추,DT_1J49: 배추 | DT_1J60: 배추,고랭지배추,종합 (see Yearbook 2025 pp.44–51),"","","","","","","","","","","","","","","",2019,2024,"",2024,high,1,0,0,-44,-39,2024,napa_cabbage,44.675,"",1.6918478281364864,2005Q1-2012Q4,75.58330172199753,346.90130945240463,5.849040328694451,"",5.323219007644459,approximate,TRUE,TRUE,FALSE,FALSE
highland_napa,Highland Napa cabbage,고랭지배추,highland,vegetable,0,control_pool,1981,09_vegetables_leafy.xls,DT_1ET0028,고랭지배추,DT_1J49: 배추 | DT_1J60: 배추,고랭지배추,종합 (see Yearbook 2025 pp.44–51),"","","","","","","","","","","","","","","",2019,2024,"",2024,high,1,0,0,-43,-38,2024,napa_cabbage,44.3,"",1.6918478281364864,2005Q1-2012Q4,74.94885878644635,256.711875261864,5.547954348053138,"",5.022133027003146,approximate,TRUE,TRUE,FALSE,FALSE
highland_napa,Highland Napa cabbage,고랭지배추,highland,vegetable,0,control_pool,1982,09_vegetables_leafy.xls,DT_1ET0028,고랭지배추,DT_1J49: 배추 | DT_1J60: 배추,고랭지배추,종합 (see Yearbook 2025 pp.44–51),"","","","","","","","","","","","","","","",2019,2024,"",2024,high,1,0,0,-42,-37,2024,napa_cabbage,33.925,"",1.6918478281364864,2005Q1-2012Q4,57.395937569530304,185.99897373804905,5.225741156160609,"",4.699919835110617,approximate,TRUE,TRUE,FALSE,FALSE
highland_napa,Highland Napa cabbage,고랭지배추,highland,vegetable,0,control_pool,1983,09_vegetables_leafy.xls,DT_1ET0028,고랭지배추,DT_1J49: 배추 | DT_1J60: 배추,고랭지배추,종합 (see Yearbook 2025 pp.44–51),"","","","","","","","","","","","","","","",2019,2024,"",2024,high,1,0,0,-41,-36,2024,napa_cabbage,41.5,"",1.6918478281364864,2005Q1-2012Q4,70.21168486766419,222.61405577895133,5.405439580509024,"",4.879618259459033,approximate,TRUE,TRUE,FALSE,FALSE
highland_napa,Highland Napa cabbage,고랭지배추,highland,vegetable,0,control_pool,1984,09_vegetables_leafy.xls,DT_1ET0028,고랭지배추,DT_1J49: 배추 | DT_1J60: 배추,고랭지배추,종합 (see Yearbook 2025 pp.44–51),"","","","","","","","","","","","","","","",2019,2024,"",2024,high,1,0,0,-40,-35,2024,napa_cabbage,37.325,"",1.6918478281364864,2005Q1-2012Q4,63.14822018519435,203.35795670788667,5.314967759730785,"",4.789146438680794,approximate,TRUE,TRUE,FALSE,FALSE
highland_napa,Highland Napa cabbage,고랭지배추,highland,vegetable,0,control_pool,1985,09_vegetables_leafy.xls,DT_1ET0028,고랭지배추,DT_1J49: 배추 | DT_1J60: 배추,고랭지배추,종합 (see Yearbook 2025 pp.44–51),"","","","","","","","","","","","","","","",2019,2024,"",2024,high,1,0,0,-39,-34,2024,napa_cabbage,40.025,"",1.6918478281364864,2005Q1-2012Q4,67.71620932116286,211.0215940147406,5.351960469541641,"",4.826139148491649,approximate,TRUE,TRUE,FALSE,FALSE
highland_napa,Highland Napa cabbage,고랭지배추,highland,vegetable,0,control_pool,1986,09_vegetables_leafy.xls,DT_1ET0028,고랭지배추,DT_1J49: 배추 | DT_1J60: 배추,고랭지배추,종합 (see Yearbook 2025 pp.44–51),"","","","","","","","","","","","","","","",2019,2024,"",2024,high,1,0,0,-38,-33,2024,napa_cabbage,46.525,"",1.6918478281364864,2005Q1-2012Q4,78.71322020405003,251.94115868117652,5.529195562949766,"",5.003374241899775,approximate,TRUE,TRUE,FALSE,FALSE
highland_napa,Highland Napa cabbage,고랭지배추,highland,vegetable,0,control_pool,1987,09_vegetables_leafy.xls,DT_1ET0028,고랭지배추,DT_1J49: 배추 | DT_1J60: 배추,고랭지배추,종합 (see Yearbook 2025 pp.44–51),"","","","","","","","","","","","","","","",2019,2024,"",2024,high,1,0,0,-37,-32,2024,napa_cabbage,47.6,"",1.6918478281364864,2005Q1-2012Q4,80.53195661929675,250.04072727155,5.521623813680202,"",4.995802492630211,approximate,TRUE,TRUE,FALSE,FALSE
highland_napa,Highland Napa cabbage,고랭지배추,highland,vegetable,0,control_pool,1988,09_vegetables_leafy.xls,DT_1ET0028,고랭지배추,DT_1J49: 배추 | DT_1J60: 배추,고랭지배추,종합 (see Yearbook 2025 pp.44–51),"","","","","","","","","","","","","","","",2019,2024,"",2024,high,1,0,0,-36,-31,2024,napa_cabbage,80.8,"",1.6918478281364864,2005Q1-2012Q4,136.7013045134281,376.7075303943132,5.931469104926417,"",5.405647783876424,approximate,TRUE,TRUE,FALSE,FALSE
highland_napa,Highland Napa cabbage,고랭지배추,highland,vegetable,0,control_pool,1989,09_vegetables_leafy.xls,DT_1ET0028,고랭지배추,DT_1J49: 배추 | DT_1J60: 배추,고랭지배추,종합 (see Yearbook 2025 pp.44–51),"","","","","","","","","","","","","","","",2019,2024,"",2024,high,1,0,0,-35,-30,2024,napa_cabbage,70.55,"",1.6918478281364864,2005Q1-2012Q4,119.35986427502912,310.91439242350015,5.739517608767435,"",5.213696287717443,approximate,TRUE,TRUE,FALSE,FALSE
highland_napa,Highland Napa cabbage,고랭지배추,highland,vegetable,0,control_pool,1990,09_vegetables_leafy.xls,DT_1ET0028,고랭지배추,DT_1J49: 배추 | DT_1J60: 배추,고랭지배추,종합 (see Yearbook 2025 pp.44–51),"","","","","","","","","","","","","","","",2019,2024,"",2024,high,1,0,0,-34,-29,2024,napa_cabbage,71.1,"",1.6918478281364864,2005Q1-2012Q4,120.29038058050418,280.66578729360214,5.637164592411121,"",5.11134327136113,approximate,TRUE,TRUE,FALSE,FALSE
highland_napa,Highland Napa cabbage,고랭지배추,highland,vegetable,0,control_pool,1991,09_vegetables_leafy.xls,DT_1ET0028,고랭지배추,DT_1J49: 배추 | DT_1J60: 배추,고랭지배추,종합 (see Yearbook 2025 pp.44–51),8163,3806,310709,"","","","",9.007367027451355,8.244334047856094,12.64661206181066,"",9.007367027451355,"","",0.00008117249129924176,2019,2024,"",2024,high,1,0,0,-33,-28,2024,napa_cabbage,40.9,"",1.6918478281364864,2005Q1-2012Q4,69.1965761707823,147.11413863788314,4.991208738813736,"",4.465387417763744,approximate,TRUE,TRUE,FALSE,FALSE
highland_napa,Highland Napa cabbage,고랭지배추,highland,vegetable,0,control_pool,1992,09_vegetables_leafy.xls,DT_1ET0028,고랭지배추,DT_1J49: 배추 | DT_1J60: 배추,고랭지배추,종합 (see Yearbook 2025 pp.44–51),8957,3018,270319,"","","","",9.100190628475197,8.012349639327795,12.507358022062004,"",9.100190628475197,"","",-0.000012059752894089115,2019,2024,"",2024,high,1,0,0,-32,-27,2024,napa_cabbage,36.625,"",1.6918478281364864,2005Q1-2012Q4,61.96392670549881,126.4651637865888,4.839966885155884,"",4.314145564105893,approximate,TRUE,TRUE,FALSE,FALSE
highland_napa,Highland Napa cabbage,고랭지배추,highland,vegetable,0,control_pool,1993,09_vegetables_leafy.xls,DT_1ET0028,고랭지배추,DT_1J49: 배추 | DT_1J60: 배추,고랭지배추,종합 (see Yearbook 2025 pp.44–51),9841,3696,363707,"","","","",9.194312610898985,8.215006432761575,12.804103877421706,"",9.194312610898985,"","",-0.000044980250763160257,2019,2024,"",2024,high,1,0,0,-31,-26,2024,napa_cabbage,30.900000000000002,"",1.6918478281364864,2005Q1-2012Q4,52.27809788941743,108.06976992728995,4.682777036389795,"",4.156955715339803,approximate,TRUE,TRUE,FALSE,FALSE
highland_napa,Highland Napa cabbage,고랭지배추,highland,vegetable,0,control_pool,1994,09_vegetables_leafy.xls,DT_1ET0028,고랭지배추,DT_1J49: 배추 | DT_1J60: 배추,고랭지배추,종합 (see Yearbook 2025 pp.44–51),8619,3113,268338,"","","","",9.0617243476474,8.043342170441608,12.50000265888571,"",9.0617243476474,"","",0.0001063267847953,2019,2024,"",2024,high,1,0,0,-30,-25,2024,napa_cabbage,41.05,"",1.6918478281364864,2005Q1-2012Q4,69.45035334500277,131.32643107953533,4.877686064016785,"",4.351864742966793,approximate,TRUE,TRUE,FALSE,FALSE
highland_napa,Highland Napa cabbage,고랭지배추,highland,vegetable,0,control_pool,1995,09_vegetables_leafy.xls,DT_1ET0028,고랭지배추,DT_1J49: 배추 | DT_1J60: 배추,고랭지배추,종합 (see Yearbook 2025 pp.44–51),8742,3565,311621,"","","","",9.07589427542326,8.178919332848396,12.649542984802844,"",9.07589427542326,"","",-0.0001004374807198,2019,2024,"",2024,high,1,0,0,-29,-24,2024,napa_cabbage,77.5,"",1.6918478281364864,2005Q1-2012Q4,131.11820668057769,225.63417163641063,5.41891497817303,"",4.893093657123037,approximate,TRUE,TRUE,FALSE,FALSE
highland_napa,Highland Napa cabbage,고랭지배추,highland,vegetable,0,control_pool,1996,09_vegetables_leafy.xls,DT_1ET0028,고랭지배추,DT_1J49: 배추 | DT_1J60: 배추,고랭지배추,종합 (see Yearbook 2025 pp.44–51),10793,3222,347765,"","","","",9.286653054825347,8.07775756373692,12.759282243291084,"",9.286653054825347,"","",0.00004181071691000682,2019,2024,"",2024,high,1,0,0,-28,-23,2024,napa_cabbage,105.925,"",1.6918478281364864,2005Q1-2012Q4,179.20898119535732,293.72498461042574,5.682643903059136,"",5.156822582009144,approximate,TRUE,TRUE,FALSE,FALSE
highland_napa,Highland Napa cabbage,고랭지배추,highland,vegetable,0,control_pool,1997,09_vegetables_leafy.xls,DT_1ET0028,고랭지배추,DT_1J49: 배추 | DT_1J60: 배추,고랭지배추,종합 (see Yearbook 2025 pp.44–51),8636,3933,339642,"","","","",9.063694791634695,8.27715777243181,12.73564740068388,"",9.063694791634695,"","",-0.00003497739453628412,2019,2024,"",2024,high,1,0,0,-27,-22,2024,napa_cabbage,96.95,"",1.6918478281364864,2005Q1-2012Q4,164.02464693783236,276.56421451298576,5.62244303455202,"",5.096621713502029,approximate,TRUE,TRUE,FALSE,FALSE
highland_napa,Highland Napa cabbage,고랭지배추,highland,vegetable,0,control_pool,1998,09_vegetables_leafy.xls,DT_1ET0028,고랭지배추,DT_1J49: 배추 | DT_1J60: 배추,고랭지배추,종합 (see Yearbook 2025 pp.44–51),9043,3349,302840,"","","","",9.10974625674048,8.116417072794205,12.620959892217243,"",9.10974625674048,"","",-0.00003325132935039221,2019,2024,"",2024,high,1,0,0,-26,-21,2024,napa_cabbage,106.075,"",1.6918478281364864,2005Q1-2012Q4,179.46275836957778,304.1611130277208,5.717557538082848,"",5.191736217032855,approximate,TRUE,TRUE,FALSE,FALSE
highland_napa,Highland Napa cabbage,고랭지배추,highland,vegetable,0,control_pool,1999,09_vegetables_leafy.xls,DT_1ET0028,고랭지배추,DT_1J49: 배추 | DT_1J60: 배추,고랭지배추,종합 (see Yearbook 2025 pp.44–51),10027,3826,383606,"","","","",9.213036733523923,8.249575150000199,12.85737126316211,"",9.213036733523923,"","",-0.0000704343739226232,2019,2024,"",2024,high,1,0,0,-25,-20,2024,napa_cabbage,113.675,"",1.6918478281364864,2005Q1-2012Q4,192.32080186341508,304.6701040361339,5.719229565116708,"",5.193408244066715,approximate,TRUE,TRUE,FALSE,FALSE
highland_napa,Highland Napa cabbage,고랭지배추,highland,vegetable,0,control_pool,2000,09_vegetables_leafy.xls,DT_1ET0028,고랭지배추,DT_1J49: 배추 | DT_1J60: 배추,고랭지배추,종합 (see Yearbook 2025 pp.44–51),10206,3769,384715,"","","","",9.230731061623915,8.234564993267135,12.860258079402128,"",9.230731061623915,"","",0.0001322104991672,2019,2024,"",2024,high,1,0,0,-24,-19,2024,napa_cabbage,88.025,"",1.6918478281364864,2005Q1-2012Q4,148.9249050717142,225.35808121289733,5.417690609212103,"",4.891869288162112,approximate,TRUE,TRUE,FALSE,FALSE
highland_napa,Highland Napa cabbage,고랭지배추,highland,vegetable,0,control_pool,2001,09_vegetables_leafy.xls,DT_1ET0028,고랭지배추,DT_1J49: 배추 | DT_1J60: 배추,고랭지배추,종합 (see Yearbook 2025 pp.44–51),10234,3900,399151,"","","","",9.233470789365038,8.268731832117737,12.89709507039462,"",9.233470789365038,"","",0.00006263489993685312,2019,2024,"",2024,high,1,0,0,-23,-18,2024,napa_cabbage,104.825,"",1.6918478281364864,2005Q1-2012Q4,177.3479485844072,258.7204450077686,5.555748115863529,"",5.029926794813536,approximate,TRUE,TRUE,FALSE,FALSE
highland_napa,Highland Napa cabbage,고랭지배추,highland,vegetable,0,control_pool,2002,09_vegetables_leafy.xls,DT_1ET0028,고랭지배추,DT_1J49: 배추 | DT_1J60: 배추,고랭지배추,종합 (see Yearbook 2025 pp.44–51),8018,3771,302337,"","","","",8.989444293202451,8.235095497258357,12.619297568249776,"",8.989444293202451,"","",-0.00007203622294049694,2019,2024,"",2024,high,1,0,0,-22,-17,2024,napa_cabbage,134.2,"",1.6918478281364864,2005Q1-2012Q4,227.04597853591648,321.69750016111044,5.77361166350018,"",5.247790342450188,approximate,TRUE,TRUE,FALSE,FALSE
highland_napa,Highland Napa cabbage,고랭지배추,highland,vegetable,0,control_pool,2003,09_vegetables_leafy.xls,DT_1ET0028,고랭지배추,DT_1J49: 배추 | DT_1J60: 배추,고랭지배추,종합 (see Yearbook 2025 pp.44–51),8796,3806,334784,"","","","",9.082052351674651,8.244334047856094,12.721240826730282,"",9.082052351674651,"","",0.000024613187626698615,2019,2024,"",2024,high,1,0,0,-21,-16,2024,napa_cabbage,208.3,"",1.6918478281364864,2005Q1-2012Q4,352.4119026008301,468.5377592108766,6.149616694398516,"",5.623795373348524,approximate,TRUE,TRUE,FALSE,FALSE
highland_napa,Highland Napa cabbage,고랭지배추,highland,vegetable,0,control_pool,2004,09_vegetables_leafy.xls,DT_1ET0028,고랭지배추,DT_1J49: 배추 | DT_1J60: 배추,고랭지배추,종합 (see Yearbook 2025 pp.44–51),7935,3941,312722,"","","","",8.97903863296051,8.279189777195004,12.653069895943956,"",8.97903863296051,"","",0.000011671776533717091,2019,2024,"",2024,high,1,0,0,-20,-15,2024,napa_cabbage,125.95,"",1.6918478281364864,2005Q1-2012Q4,213.08823395379045,274.98010919481203,5.616698764849932,"",5.090877443799941,approximate,TRUE,TRUE,FALSE,FALSE
highland_napa,Highland Napa cabbage,고랭지배추,highland,vegetable,0,control_pool,2005,09_vegetables_leafy.xls,DT_1ET0028,고랭지배추,DT_1J49: 배추 | DT_1J60: 배추,고랭지배추,종합 (see Yearbook 2025 pp.44–51),6502,3908,254087,"","","","",8.779865100863852,8.270781013162674,12.445432007039235,"",8.779865100863852,"","",-0.00004392099919492409,2019,2024,"",2024,high,1,0,0,-19,-14,2024,napa_cabbage,73.125,123.6,1.6918478281364864,2005Q1-2012Q4,123.6,175.64180923335658,5.168446746445272,5.168446746445272,4.643564674147318,approximate,TRUE,TRUE,FALSE,FALSE
highland_napa,Highland Napa cabbage,고랭지배추,highland,vegetable,0,control_pool,2006,09_vegetables_leafy.xls,DT_1ET0028,고랭지배추,DT_1J49: 배추 | DT_1J60: 배추,고랭지배추,종합 (see Yearbook 2025 pp.44–51),7051,3991,281384,"","","","",8.860924729719041,8.291797105048733,12.547475563481594,"",8.860924729719041,"","",-0.00007608529808855735,2019,2024,"",2024,high,1,0,0,-18,-13,2024,napa_cabbage,49.025,82.875,1.6918478281364864,2005Q1-2012Q4,82.875,116.85404424394538,4.760925670946016,4.760925670946016,4.235921921643941,approximate,TRUE,TRUE,FALSE,FALSE
highland_napa,Highland Napa cabbage,고랭지배추,highland,vegetable,0,control_pool,2007,09_vegetables_leafy.xls,DT_1ET0028,고랭지배추,DT_1J49: 배추 | DT_1J60: 배추,고랭지배추,종합 (see Yearbook 2025 pp.44–51),6311,4016,253448,"","","","",8.75004942158424,8.298041661371565,12.44291395276658,"",8.75004942158424,"","",-0.000006944201134118089,2019,2024,"",2024,high,1,0,0,-17,-12,2024,napa_cabbage,49.375,83.475,1.6918478281364864,2005Q1-2012Q4,83.475,116.83218660111493,4.760738602646654,4.760738602646654,4.235634622301297,approximate,TRUE,TRUE,FALSE,FALSE
highland_napa,Highland Napa cabbage,고랭지배추,highland,vegetable,0,control_pool,2008,09_vegetables_leafy.xls,DT_1ET0028,고랭지배추,DT_1J49: 배추 | DT_1J60: 배추,고랭지배추,종합 (see Yearbook 2025 pp.44–51),6401,3860.36557,247102,"","","","",8.764209507142004,8.258517165228314,12.41755648583306,"",8.764209507142004,"","",-5.491660459711055e-10,2019,2024,"",2024,high,1,0,0,-16,-11,2024,napa_cabbage,31.05,52.475,1.6918478281364864,2005Q1-2012Q4,52.475,73.0157726280673,4.290675481208239,4.290675481208239,3.765935879661278,approximate,TRUE,TRUE,FALSE,FALSE
highland_napa,Highland Napa cabbage,고랭지배추,highland,vegetable,0,control_pool,2009,09_vegetables_leafy.xls,DT_1ET0028,고랭지배추,DT_1J49: 배추 | DT_1J60: 배추,고랭지배추,종합 (see Yearbook 2025 pp.44–51),5553,3802,211103,"","","","",8.622093601241607,8.243282523048375,12.26010144500971,"",8.622093601241607,"","",-0.0001044932921807,2019,2024,"",2024,high,1,0,0,-15,-10,2024,napa_cabbage,23.875,40.375,1.6918478281364864,2005Q1-2012Q4,40.375,56.4389097960124,4.033158810639521,4.033158810639521,3.507788699230241,approximate,TRUE,TRUE,FALSE,FALSE
highland_napa,Highland Napa cabbage,고랭지배추,highland,vegetable,0,control_pool,2010,09_vegetables_leafy.xls,DT_1ET0028,고랭지배추,DT_1J49: 배추 | DT_1J60: 배추,고랭지배추,종합 (see Yearbook 2025 pp.44–51),4929,2769,136504,"","","","",8.502891406705377,7.926241523170962,11.8241091972071,"",8.502891406705377,"","",0.0001464533188517,2019,2024,"",2024,high,1,0,0,-14,-9,2024,napa_cabbage,32.225,54.475,1.6918478281364864,2005Q1-2012Q4,54.475,71.32982977098864,4.2673146097875705,4.2673146097875705,3.7422093813818087,approximate,TRUE,TRUE,FALSE,FALSE
highland_napa,Highland Napa cabbage,고랭지배추,highland,vegetable,0,control_pool,2011,09_vegetables_leafy.xls,DT_1ET0028,고랭지배추,DT_1J49: 배추 | DT_1J60: 배추,고랭지배추,종합 (see Yearbook 2025 pp.44–51),4691,3080,144493,"","","","",8.453401058328458,8.03268487596762,11.880986342454657,"",8.453401058328458,"","",0.00007059414666876762,2019,2024,"",2024,high,1,0,0,-13,-8,2024,napa_cabbage,37.9,64.575,1.6918478281364864,2005Q1-2012Q4,64.575,78.86093840566076,4.367686028019319,4.367686028019319,3.834685858953634,approximate,TRUE,TRUE,FALSE,FALSE
highland_napa,Highland Napa cabbage,고랭지배추,highland,vegetable,0,control_pool,2012,09_vegetables_leafy.xls,DT_1ET0028,고랭지배추,DT_1J49: 배추 | DT_1J60: 배추,고랭지배추,종합 (see Yearbook 2025 pp.44–51),5495,3691,202827,"","","","",8.611593866837723,8.213652703029998,12.220108677932016,"",8.611593866837723,"","",0.000032294052386916405,2019,2024,"",2024,high,1,0,0,-12,-7,2024,napa_cabbage,33.875,56.849999999999994,1.6918478281364864,2005Q1-2012Q4,56.85,65.03368293695662,4.174905334706987,4.174905334706987,3.65738158566276,approximate,TRUE,TRUE,FALSE,FALSE
highland_napa,Highland Napa cabbage,고랭지배추,highland,vegetable,0,control_pool,2013,09_vegetables_leafy.xls,DT_1ET0028,고랭지배추,DT_1J49: 배추 | DT_1J60: 배추,고랭지배추,종합 (see Yearbook 2025 pp.44–51),5498,3654,200895,"","","","",8.612139668725192,8.203577736937952,12.210537662489331,"",8.612139668725192,"","",-0.000009557185720154848,2019,2024,"",2024,high,1,0,0,-11,-6,2024,napa_cabbage,"",82.475,1.6918478281364864,2005Q1-2012Q4,82.475,96.14028955278992,4.565808474243991,4.565808474243991,"",approximate,TRUE,TRUE,FALSE,FALSE
highland_napa,Highland Napa cabbage,고랭지배추,highland,vegetable,0,control_pool,2014,09_vegetables_leafy.xls,DT_1ET0028,고랭지배추,DT_1J49: 배추 | DT_1J60: 배추,고랭지배추,종합 (see Yearbook 2025 pp.44–51),5140,3566,183287,"","","","",8.544808358449211,8.179199798423086,12.118808509326898,"",8.544808358449211,"","",-0.000029461557305765496,2019,2024,"",2024,high,1,0,0,-10,-5,2024,napa_cabbage,"",55.45,1.6918478281364864,2005Q1-2012Q4,55.45,66.2856583968459,4.193973560019555,4.193973560019555,"",approximate,TRUE,TRUE,FALSE,FALSE
highland_napa,Highland Napa cabbage,고랭지배추,highland,vegetable,0,control_pool,2015,09_vegetables_leafy.xls,DT_1ET0028,고랭지배추,DT_1J49: 배추 | DT_1J60: 배추,고랭지배추,종합 (see Yearbook 2025 pp.44–51),4721,3169,149607,"","","","",8.459775920546287,8.06117135969092,11.91576713487168,"",8.459775920546287,"","",-0.000009959377436530303,2019,2024,"",2024,high,1,0,0,-9,-4,2024,napa_cabbage,"",68.65,1.6918478281364864,2005Q1-2012Q4,68.65,80.43134528931955,4.387403966989195,4.387403966989195,"",approximate,TRUE,TRUE,FALSE,FALSE
highland_napa,Highland Napa cabbage,고랭지배추,highland,vegetable,0,control_pool,2016,09_vegetables_leafy.xls,DT_1ET0028,고랭지배추,DT_1J49: 배추 | DT_1J60: 배추,고랭지배추,종합 (see Yearbook 2025 pp.44–51),4370,3232,141239,"","","","",8.382518288089635,8.080856419640986,11.858208769869991,"",8.382518288089635,"","",0.000004248127460471096,2019,2024,"",2024,high,1,0,0,-8,-3,2024,napa_cabbage,"",91.15,1.6918478281364864,2005Q1-2012Q4,91.15,105.53291725882464,4.659022916182508,4.659022916182508,"",approximate,TRUE,TRUE,FALSE,FALSE
highland_napa,Highland Napa cabbage,고랭지배추,highland,vegetable,0,control_pool,2017,09_vegetables_leafy.xls,DT_1ET0028,고랭지배추,DT_1J49: 배추 | DT_1J60: 배추,고랭지배추,종합 (see Yearbook 2025 pp.44–51),5384.5018,4741,255261,"","","","",8.591280069061757,8.464003362902119,12.450041830103244,"",8.591280069061757,"","",-0.00007141587253833848,2019,2024,"",2024,high,1,0,0,-7,-2,2024,napa_cabbage,"",79.2,1.6918478281364864,2005Q1-2012Q4,79.2,86.48564530729551,4.459978449961898,4.459978449961898,"",approximate,TRUE,TRUE,FALSE,FALSE
highland_napa,Highland Napa cabbage,고랭지배추,highland,vegetable,0,control_pool,2018,09_vegetables_leafy.xls,DT_1ET0028,고랭지배추,DT_1J49: 배추 | DT_1J60: 배추,고랭지배추,종합 (see Yearbook 2025 pp.44–51),5727.4139,4861,278383,"","","","",8.653019381477861,8.488999457045455,12.536753142359576,"",8.653019381477861,"","",-0.00009551017564746188,2019,2024,"",2024,high,1,0,0,-6,-1,2024,napa_cabbage,"",77.825,1.6918478281364864,2005Q1-2012Q4,77.825,84.32624808173023,4.434693181688822,4.434693181688822,"",approximate,TRUE,TRUE,FALSE,FALSE
highland_napa,Highland Napa cabbage,고랭지배추,highland,vegetable,0,control_pool,2019,09_vegetables_leafy.xls,DT_1ET0028,고랭지배추,DT_1J49: 배추 | DT_1J60: 배추,고랭지배추,종합 (see Yearbook 2025 pp.44–51),4979.9016,4698,233959,"","","","",8.513165410787341,8.454892165218858,12.362901165312916,"",8.513165410787341,"","",0.0000137752948070613,2019,2024,"",2024,high,0,1,0,-5,0,2024,napa_cabbage,"",65.425,1.6918478281364864,2005Q1-2012Q4,65.425,71.77617044940887,4.2735525330759625,4.2735525330759625,"",approximate,TRUE,TRUE,FALSE,FALSE
highland_napa,Highland Napa cabbage,고랭지배추,highland,vegetable,0,control_pool,2020,09_vegetables_leafy.xls,DT_1ET0028,고랭지배추,DT_1J49: 배추 | DT_1J60: 배추,고랭지배추,종합 (see Yearbook 2025 pp.44–51),5055.8482,4387,221822,"","","","",8.528300911641795,8.386400901166214,12.309630537437624,"",8.528300911641795,"","",0.00009891061770694876,2019,2024,"",2024,high,0,1,0,-4,1,2024,napa_cabbage,"",99.975,1.6918478281364864,2005Q1-2012Q4,99.975,99.22607366268056,4.597400819096157,4.597400819096157,"",approximate,TRUE,TRUE,FALSE,FALSE
highland_napa,Highland Napa cabbage,고랭지배추,highland,vegetable,0,control_pool,2021,09_vegetables_leafy.xls,DT_1ET0028,고랭지배추,DT_1J49: 배추 | DT_1J60: 배추,고랭지배추,종합 (see Yearbook 2025 pp.44–51),5551.4531,4415,245118,"","","","",8.621814992291473,8.392763113038061,12.409495006232149,"",8.621814992291473,"","",0.00008708689070502373,2019,2024,"",2024,high,0,1,0,-3,2,2024,napa_cabbage,"",70.375,1.6918478281364864,2005Q1-2012Q4,70.375,62.72905668482546,4.138824764291543,4.138824764291543,"",approximate,TRUE,TRUE,FALSE,FALSE
highland_napa,Highland Napa cabbage,고랭지배추,highland,vegetable,0,control_pool,2022,09_vegetables_leafy.xls,DT_1ET0028,고랭지배추,DT_1J49: 배추 | DT_1J60: 배추,고랭지배추,종합 (see Yearbook 2025 pp.44–51),4421.0734,4346,192130,"","","","",8.394137796267024,8.377011160816375,12.165927505225747,"",8.394137796267024,"","",-0.00005126586956016865,2019,2024,"",2024,high,0,1,0,-2,3,2024,napa_cabbage,"",99.725,1.6918478281364864,2005Q1-2012Q4,99.725,90.71501185661512,4.507722854523933,4.507722854523933,"",approximate,TRUE,TRUE,FALSE,FALSE
highland_napa,Highland Napa cabbage,고랭지배추,highland,vegetable,0,control_pool,2023,09_vegetables_leafy.xls,DT_1ET0028,고랭지배추,DT_1J49: 배추 | DT_1J60: 배추,고랭지배추,종합 (see Yearbook 2025 pp.44–51),3995.293,4310,172201,"","","","",8.292872197188101,8.368693183097793,12.056417678159836,"",8.292872197188101,"","",0.00002248386203085317,2019,2024,"",2024,high,0,1,0,-1,4,2024,napa_cabbage,"",76.725,1.6918478281364864,2005Q1-2012Q4,76.725,69.66529864795456,4.243702326471669,4.243702326471669,"",approximate,TRUE,TRUE,FALSE,FALSE
highland_napa,Highland Napa cabbage,고랭지배추,highland,vegetable,0,control_pool,2024,09_vegetables_leafy.xls,DT_1ET0028,고랭지배추,DT_1J49: 배추 | DT_1J60: 배추,고랭지배추,종합 (see Yearbook 2025 pp.44–51),3746.9231,4229,158441,"","","","",8.228690275497952,8.34972083747249,11.973137563253426,"",8.228690275497952,"","",-0.0001033637289218,2019,2024,"",2024,high,0,0,1,0,5,2024,napa_cabbage,"",124.825,1.6918478281364864,2005Q1-2012Q4,124.825,107.81539301219782,4.6804204406019885,4.6804204406019885,"",approximate,TRUE,TRUE,FALSE,FALSE
highland_potato,Highland potato,고랭지감자,highland,tuber,0,excluded,1980,06_potatoes.xlsx,DT_1ET0026,고랭지감자,DT_1J49: 감자 | DT_1J60: 감자,고랭지감자,종합 (see Yearbook 2025 pp.44–51),"","","","","","","","","","","","","","","",2009,2024,"",2024,low,1,0,0,-44,-29,2024,potato,53.8,"",0.7711582109176423,2005Q1-2012Q4,41.48831174736915,188.65908169061024,5.239941585673607,"",5.4998033099157,approximate,TRUE,TRUE,FALSE,FALSE
highland_potato,Highland potato,고랭지감자,highland,tuber,0,excluded,1981,06_potatoes.xlsx,DT_1ET0026,고랭지감자,DT_1J49: 감자 | DT_1J60: 감자,고랭지감자,종합 (see Yearbook 2025 pp.44–51),"","","","","","","","","","","","","","","",2009,2024,"",2024,low,1,0,0,-43,-28,2024,potato,55.5,"",0.7711582109176423,2005Q1-2012Q4,42.79928070592915,148.38730722348166,4.9998257962362365,"",5.259687520478331,approximate,TRUE,TRUE,FALSE,FALSE
highland_potato,Highland potato,고랭지감자,highland,tuber,0,excluded,1982,06_potatoes.xlsx,DT_1ET0026,고랭지감자,DT_1J49: 감자 | DT_1J60: 감자,고랭지감자,종합 (see Yearbook 2025 pp.44–51),"","","","","","","","","","","","","","","",2009,2024,"",2024,low,1,0,0,-42,-27,2024,potato,46.375,"",0.7711582109176423,2005Q1-2012Q4,35.76246203130566,116.08588407951504,4.754330297156122,"",5.014192021398217,approximate,TRUE,TRUE,FALSE,FALSE
highland_potato,Highland potato,고랭지감자,highland,tuber,0,excluded,1983,06_potatoes.xlsx,DT_1ET0026,고랭지감자,DT_1J49: 감자 | DT_1J60: 감자,고랭지감자,종합 (see Yearbook 2025 pp.44–51),"","","","","","","","","","","","","","","",2009,2024,"",2024,low,1,0,0,-41,-26,2024,potato,51.575,"",0.7711582109176423,2005Q1-2012Q4,39.7724847280774,125.8087001719051,4.834762500634166,"",5.094624224876259,approximate,TRUE,TRUE,FALSE,FALSE
highland_potato,Highland potato,고랭지감자,highland,tuber,0,excluded,1984,06_potatoes.xlsx,DT_1ET0026,고랭지감자,DT_1J49: 감자 | DT_1J60: 감자,고랭지감자,종합 (see Yearbook 2025 pp.44–51),"","","","","","","","","","","","","","","",2009,2024,"",2024,low,1,0,0,-40,-25,2024,potato,53.75,"",0.7711582109176423,2005Q1-2012Q4,41.44975383682327,133.38924453500707,4.893271504556489,"",5.153133228798583,approximate,TRUE,TRUE,FALSE,FALSE
highland_potato,Highland potato,고랭지감자,highland,tuber,0,excluded,1985,06_potatoes.xlsx,DT_1ET0026,고랭지감자,DT_1J49: 감자 | DT_1J60: 감자,고랭지감자,종합 (see Yearbook 2025 pp.44–51),"","","","","","","","","","","","","","","",2009,2024,"",2024,low,1,0,0,-39,-24,2024,potato,74.275,"",0.7711582109176423,2005Q1-2012Q4,57.27777611590788,177.4885830504694,5.178906286004371,"",5.438768010246465,approximate,TRUE,TRUE,FALSE,FALSE
highland_potato,Highland potato,고랭지감자,highland,tuber,0,excluded,1986,06_potatoes.xlsx,DT_1ET0026,고랭지감자,DT_1J49: 감자 | DT_1J60: 감자,고랭지감자,종합 (see Yearbook 2025 pp.44–51),"","","","","","","","","","","","","","","",2009,2024,"",2024,low,1,0,0,-38,-23,2024,potato,64.125,"",0.7711582109176423,2005Q1-2012Q4,49.45052027509381,159.0900953517666,5.069470679174355,"",5.329332403416449,approximate,TRUE,TRUE,FALSE,FALSE
highland_potato,Highland potato,고랭지감자,highland,tuber,0,excluded,1987,06_potatoes.xlsx,DT_1ET0026,고랭지감자,DT_1J49: 감자 | DT_1J60: 감자,고랭지감자,종합 (see Yearbook 2025 pp.44–51),"","","","","","","","","","","","","","","",2009,2024,"",2024,low,1,0,0,-37,-22,2024,potato,82.8,"",0.7711582109176423,2005Q1-2012Q4,63.851899863980776,199.68127437438025,5.296722467243932,"",5.556584191486025,approximate,TRUE,TRUE,FALSE,FALSE
highland_potato,Highland potato,고랭지감자,highland,tuber,0,excluded,1988,06_potatoes.xlsx,DT_1ET0026,고랭지감자,DT_1J49: 감자 | DT_1J60: 감자,고랭지감자,종합 (see Yearbook 2025 pp.44–51),"","","","","","","","","","","","","","","",2009,2024,"",2024,low,1,0,0,-36,-21,2024,potato,120.65,"",0.7711582109176423,2005Q1-2012Q4,93.04023814721351,254.61811118238583,5.53976481942354,"",5.799626543665633,approximate,TRUE,TRUE,FALSE,FALSE
highland_potato,Highland potato,고랭지감자,highland,tuber,0,excluded,1989,06_potatoes.xlsx,DT_1ET0026,고랭지감자,DT_1J49: 감자 | DT_1J60: 감자,고랭지감자,종합 (see Yearbook 2025 pp.44–51),"","","","","","","","","","","","","","","",2009,2024,"",2024,low,1,0,0,-35,-20,2024,potato,92.825,"",0.7711582109176423,2005Q1-2012Q4,71.58276092843015,185.60749568030812,5.223634205745156,"",5.48349592998725,approximate,TRUE,TRUE,FALSE,FALSE
highland_potato,Highland potato,고랭지감자,highland,tuber,0,excluded,1990,06_potatoes.xlsx,DT_1ET0026,고랭지감자,DT_1J49: 감자 | DT_1J60: 감자,고랭지감자,종합 (see Yearbook 2025 pp.44–51),"","","","","","","","","","","","","","","",2009,2024,"",2024,low,1,0,0,-34,-19,2024,potato,123.3,"",0.7711582109176423,2005Q1-2012Q4,95.0838074061453,219.2604963785805,5.39026050412498,"",5.650122228367073,approximate,TRUE,TRUE,FALSE,FALSE
highland_potato,Highland potato,고랭지감자,highland,tuber,0,excluded,1991,06_potatoes.xlsx,DT_1ET0026,고랭지감자,DT_1J49: 감자 | DT_1J60: 감자,고랭지감자,종합 (see Yearbook 2025 pp.44–51),4376,2552,111683,"","","","",8.383890344101816,7.844632644464681,11.623419780099594,"",8.383890344101816,"","",0.00006697752118789424,2009,2024,"",2024,low,1,0,0,-33,-18,2024,potato,162.5,"",0.7711582109176423,2005Q1-2012Q4,125.31320927411689,267.2224211677574,5.588081349698091,"",5.847943073940185,approximate,TRUE,TRUE,FALSE,FALSE
highland_potato,Highland potato,고랭지감자,highland,tuber,0,excluded,1992,06_potatoes.xlsx,DT_1ET0026,고랭지감자,DT_1J49: 감자 | DT_1J60: 감자,고랭지감자,종합 (see Yearbook 2025 pp.44–51),5285,2685,141917,"","","","",8.572627898304338,7.895436006942965,11.86299765865031,"",8.572627898304338,"","",0.0001039393910975,2009,2024,"",2024,low,1,0,0,-32,-17,2024,potato,158.525,"",0.7711582109176423,2005Q1-2012Q4,122.24785538571923,249.4684134251065,5.519332307678609,"",5.779194031920703,approximate,TRUE,TRUE,FALSE,FALSE
highland_potato,Highland potato,고랭지감자,highland,tuber,0,excluded,1993,06_potatoes.xlsx,DT_1ET0026,고랭지감자,DT_1J49: 감자 | DT_1J60: 감자,고랭지감자,종합 (see Yearbook 2025 pp.44–51),4945,2976,147164,"","","","",8.506132244056813,7.998335395952982,11.899302890148572,"",8.506132244056813,"","",0.000005436126867763846,2009,2024,"",2024,low,1,0,0,-31,-16,2024,potato,119.825,"",0.7711582109176423,2005Q1-2012Q4,92.40403262320648,190.6339339249904,5.25035501275523,"",5.510216736997323,approximate,TRUE,TRUE,FALSE,FALSE
highland_potato,Highland potato,고랭지감자,highland,tuber,0,excluded,1994,06_potatoes.xlsx,DT_1ET0026,고랭지감자,DT_1J49: 감자 | DT_1J60: 감자,고랭지감자,종합 (see Yearbook 2025 pp.44–51),4272,2932,125256,"","","","",8.35983738064003,7.983440063006542,11.73811492199136,"",8.35983738064003,"","",0.000007664332878576374,2009,2024,"",2024,low,1,0,0,-30,-15,2024,potato,140.575,"",0.7711582109176423,2005Q1-2012Q4,108.40556549974757,207.75103954738512,5.336340437561234,"",5.596202161803328,approximate,TRUE,TRUE,FALSE,FALSE
highland_potato,Highland potato,고랭지감자,highland,tuber,0,excluded,1995,06_potatoes.xlsx,DT_1ET0026,고랭지감자,DT_1J49: 감자 | DT_1J60: 감자,고랭지감자,종합 (see Yearbook 2025 pp.44–51),4456,3125,139250,"","","","",8.40200678160712,8.047189562170502,11.84402615778953,"",8.40200678160712,"","",0,2009,2024,"",2024,low,1,0,0,-29,-14,2024,potato,177.77499999999998,"",0.7711582109176423,2005Q1-2012Q4,137.09265094588386,235.5549287179313,5.461944129223176,"",5.72180585346527,approximate,TRUE,TRUE,FALSE,FALSE
highland_potato,Highland potato,고랭지감자,highland,tuber,0,excluded,1996,06_potatoes.xlsx,DT_1ET0026,고랭지감자,DT_1J49: 감자 | DT_1J60: 감자,고랭지감자,종합 (see Yearbook 2025 pp.44–51),5158,2919,150561,"","","","",8.54830418644129,7.978996370854115,11.9221235966675,"",8.54830418644129,"","",-0.000006774639812689998,2009,2024,"",2024,low,1,0,0,-28,-13,2024,potato,199.3,"",0.7711582109176423,2005Q1-2012Q4,153.69183143588612,252.03351889620097,5.52956209015904,"",5.789423814401134,approximate,TRUE,TRUE,FALSE,FALSE
highland_potato,Highland potato,고랭지감자,highland,tuber,0,excluded,1997,06_potatoes.xlsx,DT_1ET0026,고랭지감자,DT_1J49: 감자 | DT_1J60: 감자,고랭지감자,종합 (see Yearbook 2025 pp.44–51),4262,3291,140263,"","","","",8.357493812658563,8.098946748943339,11.851274510711445,"",8.357493812658563,"","",0.000004135097631419171,2009,2024,"",2024,low,1,0,0,-27,-12,2024,potato,166.575,"",0.7711582109176423,2005Q1-2012Q4,128.45567898360625,216.26979726225392,5.376526689655267,"",5.636388413897361,approximate,TRUE,TRUE,FALSE,FALSE
highland_potato,Highland potato,고랭지감자,highland,tuber,0,excluded,1998,06_potatoes.xlsx,DT_1ET0026,고랭지감자,DT_1J49: 감자 | DT_1J60: 감자,고랭지감자,종합 (see Yearbook 2025 pp.44–51),3976,2975,118286,"","","","",8.288031567776464,7.99799931797973,11.680860699768104,"",8.288031567776464,"","",0,2009,2024,"",2024,low,1,0,0,-26,-11,2024,potato,177.4,"",0.7711582109176423,2005Q1-2012Q4,136.80346661678973,232.3853161145853,5.448396839309403,"",5.708258563551498,approximate,TRUE,TRUE,FALSE,FALSE
highland_potato,Highland potato,고랭지감자,highland,tuber,0,excluded,1999,06_potatoes.xlsx,DT_1ET0026,고랭지감자,DT_1J49: 감자 | DT_1J60: 감자,고랭지감자,종합 (see Yearbook 2025 pp.44–51),4488,3496,156901,"","","","",8.409162447202533,8.159374736775426,11.963370312187113,"",8.409162447202533,"","",0.000003314197243753369,2009,2024,"",2024,low,1,0,0,-25,-10,2024,potato,193.2,"",0.7711582109176423,2005Q1-2012Q4,148.98776634928848,238.11150629906865,5.472739077814757,"",5.732600802056851,approximate,TRUE,TRUE,FALSE,FALSE
highland_potato,Highland potato,고랭지감자,highland,tuber,0,excluded,2000,06_potatoes.xlsx,DT_1ET0026,고랭지감자,DT_1J49: 감자 | DT_1J60: 감자,고랭지감자,종합 (see Yearbook 2025 pp.44–51),4953,3688,182659,"","","","",8.507748732588238,8.212839584676484,12.115376305578325,"",8.507748732588238,"","",-0.00004182569830568639,2009,2024,"",2024,low,1,0,0,-24,-9,2024,potato,159.6,"",0.7711582109176423,2005Q1-2012Q4,123.07685046245572,184.6383922562757,5.218399275830978,"",5.478261000073072,approximate,TRUE,TRUE,FALSE,FALSE
highland_potato,Highland potato,고랭지감자,highland,tuber,0,excluded,2001,06_potatoes.xlsx,DT_1ET0026,고랭지감자,DT_1J49: 감자 | DT_1J60: 감자,고랭지감자,종합 (see Yearbook 2025 pp.44–51),4886,3349,163634,"","","","",8.494129251817686,8.116417072794205,12.005387505519256,"",8.494129251817686,"","",0.00001136689545688796,2009,2024,"",2024,low,1,0,0,-23,-8,2024,potato,155.525,"",0.7711582109176423,2005Q1-2012Q4,119.93438075296632,175.76450564550217,5.169145062963426,"",5.42900678720552,approximate,TRUE,TRUE,FALSE,FALSE
highland_potato,Highland potato,고랭지감자,highland,tuber,0,excluded,2002,06_potatoes.xlsx,DT_1ET0026,고랭지감자,DT_1J49: 감자 | DT_1J60: 감자,고랭지감자,종합 (see Yearbook 2025 pp.44–51),4517,4082,184387,"","","","",8.415603335654604,8.31434234336979,12.124792088704064,"",8.415603335654604,"","",0.00001659566776091026,2009,2024,"",2024,low,1,0,0,-22,-7,2024,potato,103.775,"",0.7711582109176423,2005Q1-2012Q4,80.02694333797832,113.72848983763114,4.733813939620821,"",4.9936756638629145,approximate,TRUE,TRUE,FALSE,FALSE
highland_potato,Highland potato,고랭지감자,highland,tuber,0,excluded,2003,06_potatoes.xlsx,DT_1ET0026,고랭지감자,DT_1J49: 감자 | DT_1J60: 감자,고랭지감자,종합 (see Yearbook 2025 pp.44–51),3848,3381,130106,"","","","",8.255308811785596,8.125926802707886,11.776104781807662,"",8.255308811785596,"","",0.0000393533022702286,2009,2024,"",2024,low,1,0,0,-21,-6,2024,potato,151.07500000000002,"",0.7711582109176423,2005Q1-2012Q4,116.5027267143828,154.2216017899852,5.038390540746838,"",5.298252264988932,approximate,TRUE,TRUE,FALSE,FALSE
highland_potato,Highland potato,고랭지감자,highland,tuber,0,excluded,2004,06_potatoes.xlsx,DT_1ET0026,고랭지감자,DT_1J49: 감자 | DT_1J60: 감자,고랭지감자,종합 (see Yearbook 2025 pp.44–51),4073,3102,126330,"","","","",8.312135107648412,8.039802343736485,11.746652809824084,"",8.312135107648412,"","",-0.0001144555727226,2009,2024,"",2024,low,1,0,0,-20,-5,2024,potato,211.275,"",0.7711582109176423,2005Q1-2012Q4,162.92645101162486,212.5587282268316,5.359218318308102,"",5.619080042550196,approximate,TRUE,TRUE,FALSE,FALSE
highland_potato,Highland potato,고랭지감자,highland,tuber,0,excluded,2005,06_potatoes.xlsx,DT_1ET0026,고랭지감자,DT_1J49: 감자 | DT_1J60: 감자,고랭지감자,종합 (see Yearbook 2025 pp.44–51),4385,3517,154229,"","","","",8.385944904806284,8.165363632473982,11.946193789873778,"",8.385944904806284,"","",0.00005543858160272919,2009,2024,"",2024,low,1,0,0,-19,-4,2024,potato,95.625,73.525,0.7711582109176423,2005Q1-2012Q4,73.525,100.65799777875804,4.61172861021812,4.61172861021812,4.87453876853076,approximate,TRUE,TRUE,FALSE,FALSE
highland_potato,Highland potato,고랭지감자,highland,tuber,0,excluded,2006,06_potatoes.xlsx,DT_1ET0026,고랭지감자,DT_1J49: 감자 | DT_1J60: 감자,고랭지감자,종합 (see Yearbook 2025 pp.44–51),3971,2404,95443,"","","","",8.286773231131251,7.784889295655098,11.466284489639056,"",8.286773231131251,"","",-0.0002078511592031,2009,2024,"",2024,low,1,0,0,-18,-3,2024,potato,102.275,78.625,0.7711582109176423,2005Q1-2012Q4,78.625,111.56174337397172,4.714578189868914,4.714578189868914,4.977553061757051,approximate,TRUE,TRUE,FALSE,FALSE
highland_potato,Highland potato,고랭지감자,highland,tuber,0,excluded,2007,06_potatoes.xlsx,DT_1ET0026,고랭지감자,DT_1J49: 감자 | DT_1J60: 감자,고랭지감자,종합 (see Yearbook 2025 pp.44–51),3202,3516,112577,"","","","",8.07153089355666,8.165079258805068,11.631392710945782,"",8.07153089355666,"","",-0.000047255427853443166,2009,2024,"",2024,low,1,0,0,-17,-2,2024,potato,122.6,94.225,0.7711582109176423,2005Q1-2012Q4,94.225,130.4210153457002,4.870767797134109,4.870767797134109,5.1340033960210905,approximate,TRUE,TRUE,FALSE,FALSE
highland_potato,Highland potato,고랭지감자,highland,tuber,0,excluded,2008,06_potatoes.xlsx,DT_1ET0026,고랭지감자,DT_1J49: 감자 | DT_1J60: 감자,고랭지감자,종합 (see Yearbook 2025 pp.44–51),3364,3650,122781,"","","","",8.120886021092838,8.202482446576537,11.718157559597286,"",8.120886021092838,"","",-0.00004072208399819033,2009,2024,"",2024,low,1,0,0,-16,-1,2024,potato,137.025,105.35,0.7711582109176423,2005Q1-2012Q4,105.35,146.2798763343577,4.985521747877198,4.985521747877198,5.248400401370723,approximate,TRUE,TRUE,FALSE,FALSE
highland_potato,Highland potato,고랭지감자,highland,tuber,0,excluded,2009,06_potatoes.xlsx,DT_1ET0026,고랭지감자,DT_1J49: 감자 | DT_1J60: 감자,고랭지감자,종합 (see Yearbook 2025 pp.44–51),3322,3487,115842,"","","","",8.10832229017324,8.156797046675651,11.659982472663872,"",8.10832229017324,"","",0.000033321803071473255,2009,2024,"",2024,low,0,1,0,-15,0,2024,potato,104.675,80.425,0.7711582109176423,2005Q1-2012Q4,80.425,112.40271211676544,4.722088066321205,4.722088066321205,4.985629640542959,approximate,TRUE,TRUE,FALSE,FALSE
highland_potato,Highland potato,고랭지감자,highland,tuber,0,excluded,2010,06_potatoes.xlsx,DT_1ET0026,고랭지감자,DT_1J49: 감자 | DT_1J60: 감자,고랭지감자,종합 (see Yearbook 2025 pp.44–51),3801,3668,139423,"","","","",8.24301946898925,8.207401833376355,11.84526775652514,"",8.24301946898925,"","",0.000016640147626034718,2009,2024,"",2024,low,0,1,0,-14,1,2024,potato,135.85,104.35,0.7711582109176423,2005Q1-2012Q4,104.35,137.25465708905514,4.921838011246078,4.921838011246078,5.185290346311216,approximate,TRUE,TRUE,FALSE,FALSE
highland_potato,Highland potato,고랭지감자,highland,tuber,0,excluded,2011,06_potatoes.xlsx,DT_1ET0026,고랭지감자,DT_1J49: 감자 | DT_1J60: 감자,고랭지감자,종합 (see Yearbook 2025 pp.44–51),3784,2509,94944,"","","","",8.238536930171769,7.827639546366422,11.461042523090548,"",8.238536930171769,"","",0.00003623254044704538,2009,2024,"",2024,low,0,1,0,-13,2,2024,potato,140.425,109.725,0.7711582109176423,2005Q1-2012Q4,109.725,133.89157747994955,4.897030349150029,4.897030349150029,5.143892555712122,approximate,TRUE,TRUE,FALSE,FALSE
highland_potato,Highland potato,고랭지감자,highland,tuber,0,excluded,2012,06_potatoes.xlsx,DT_1ET0026,고랭지감자,DT_1J49: 감자 | DT_1J60: 감자,고랭지감자,종합 (see Yearbook 2025 pp.44–51),3793,3332,126371,"","","","",8.2409125416889,8.111328003286733,11.746977303991972,"",8.2409125416889,"","",-0.00009305499556866435,2009,2024,"",2024,low,0,1,0,-12,3,2024,potato,152,117.9,0.7711582109176423,2005Q1-2012Q4,117.9,133.88470278288173,4.896979002577714,4.896979002577714,5.151042636539394,approximate,TRUE,TRUE,FALSE,FALSE
highland_potato,Highland potato,고랭지감자,highland,tuber,0,excluded,2013,06_potatoes.xlsx,DT_1ET0026,고랭지감자,DT_1J49: 감자 | DT_1J60: 감자,고랭지감자,종합 (see Yearbook 2025 pp.44–51),3751,2963,111125,"","","","",8.229777750081887,7.993957547573565,11.618410972816203,"",8.229777750081887,"","",-0.0001541388511565,2009,2024,"",2024,low,0,1,0,-11,4,2024,potato,"",89.44999999999999,0.7711582109176423,2005Q1-2012Q4,89.44999999999999,103.39429255906232,4.638549762862895,4.638549762862895,"",approximate,TRUE,TRUE,FALSE,FALSE
highland_potato,Highland potato,고랭지감자,highland,tuber,0,excluded,2014,06_potatoes.xlsx,DT_1ET0026,고랭지감자,DT_1J49: 감자 | DT_1J60: 감자,고랭지감자,종합 (see Yearbook 2025 pp.44–51),2975,3647,108500,"","","","",7.99799931797973,8.20166019080868,11.594505451962652,"",7.99799931797973,"","",0.000016129162332845226,2009,2024,"",2024,low,0,1,0,-10,5,2024,potato,"",78.475,0.7711582109176423,2005Q1-2012Q4,78.475,93.65849729377146,4.539655159357749,4.539655159357749,"",approximate,TRUE,TRUE,FALSE,FALSE
highland_potato,Highland potato,고랭지감자,highland,tuber,0,excluded,2015,06_potatoes.xlsx,DT_1ET0026,고랭지감자,DT_1J49: 감자 | DT_1J60: 감자,고랭지감자,종합 (see Yearbook 2025 pp.44–51),3403,3875,131867,"","","","",8.132412674500905,8.262300941787448,11.789549117865256,"",8.132412674500905,"","",0.000005687564993195338,2009,2024,"",2024,low,0,1,0,-9,6,2024,potato,"",111,0.7711582109176423,2005Q1-2012Q4,111,130.2584519796396,4.869520568966875,4.869520568966875,"",approximate,TRUE,TRUE,FALSE,FALSE
highland_potato,Highland potato,고랭지감자,highland,tuber,0,excluded,2016,06_potatoes.xlsx,DT_1ET0026,고랭지감자,DT_1J49: 감자 | DT_1J60: 감자,고랭지감자,종합 (see Yearbook 2025 pp.44–51),3579,3407,121927,"","","","",8.182838710766026,8.133587417660966,11.711177783970475,"",8.182838710766026,"","",-0.00007815846842618157,2009,2024,"",2024,low,0,1,0,-8,7,2024,potato,"",99,0.7711582109176423,2005Q1-2012Q4,99,114.26720985383578,4.738539651724226,4.738539651724226,"",approximate,TRUE,TRUE,FALSE,FALSE
highland_potato,Highland potato,고랭지감자,highland,tuber,0,excluded,2017,06_potatoes.xlsx,DT_1ET0026,고랭지감자,DT_1J49: 감자 | DT_1J60: 감자,고랭지감자,종합 (see Yearbook 2025 pp.44–51),3244,3048,98895,"","","","",8.084562415235304,8.022240916806537,11.50181396021551,"",8.084562415235304,"","",0.0001808141617605,2009,2024,"",2024,low,0,1,0,-7,8,2024,potato,"",125.5,0.7711582109176423,2005Q1-2012Q4,125.5,136.6057145812061,4.917098780677512,4.917098780677512,"",approximate,TRUE,TRUE,FALSE,FALSE
highland_potato,Highland potato,고랭지감자,highland,tuber,0,excluded,2018,06_potatoes.xlsx,DT_1ET0026,고랭지감자,DT_1J49: 감자 | DT_1J60: 감자,고랭지감자,종합 (see Yearbook 2025 pp.44–51),3462,2652,91811,"","","","",8.149601735736155,7.883069351305753,11.427487395138115,"",8.149601735736155,"","",-0.000013505915701372828,2009,2024,"",2024,low,0,1,0,-6,9,2024,potato,"",176.8,0.7711582109176423,2005Q1-2012Q4,176.8,191.88686326746023,5.256905944534211,5.256905944534211,"",approximate,TRUE,TRUE,FALSE,FALSE
highland_potato,Highland potato,고랭지감자,highland,tuber,0,excluded,2019,06_potatoes.xlsx,DT_1ET0026,고랭지감자,DT_1J49: 감자 | DT_1J60: 감자,고랭지감자,종합 (see Yearbook 2025 pp.44–51),3844,3634,139676,"","","","",8.254268770090183,8.198089248956116,11.847080733779078,"",8.254268770090183,"","",-0.0001070992791305,2009,2024,"",2024,low,0,1,0,-5,10,2024,potato,"",96.925,0.7711582109176423,2005Q1-2012Q4,96.925,104.93879426650663,4.653377268450864,4.653377268450864,"",approximate,TRUE,TRUE,FALSE,FALSE
highland_potato,Highland potato,고랭지감자,highland,tuber,0,excluded,2020,06_potatoes.xlsx,DT_1ET0026,고랭지감자,DT_1J49: 감자 | DT_1J60: 감자,고랭지감자,종합 (see Yearbook 2025 pp.44–51),3390,3524,119441,"","","","",8.128585200374497,8.16735198705607,11.690577804582578,"",8.128585200374497,"","",-0.0001891968598979,2009,2024,"",2024,low,0,1,0,-4,11,2024,potato,"",99.975,0.7711582109176423,2005Q1-2012Q4,99.975,100.19942571818392,4.60716245727889,4.60716245727889,"",approximate,TRUE,TRUE,FALSE,FALSE
highland_potato,Highland potato,고랭지감자,highland,tuber,0,excluded,2021,06_potatoes.xlsx,DT_1ET0026,고랭지감자,DT_1J49: 감자 | DT_1J60: 감자,고랭지감자,종합 (see Yearbook 2025 pp.44–51),3888,3037,118084,"","","","",8.265650165580329,8.01862546504575,11.679151514599296,"",8.265650165580329,"","",0.0000460699613089588,2009,2024,"",2024,low,0,1,0,-3,12,2024,potato,"",110.35,0.7711582109176423,2005Q1-2012Q4,110.35,98.10680335716408,4.5860567154119325,4.5860567154119325,"",approximate,TRUE,TRUE,FALSE,FALSE
highland_potato,Highland potato,고랭지감자,highland,tuber,0,excluded,2022,06_potatoes.xlsx,DT_1ET0026,고랭지감자,DT_1J49: 감자 | DT_1J60: 감자,고랭지감자,종합 (see Yearbook 2025 pp.44–51),3495,3562,124484,"","","","",8.15908865466791,8.178077463849608,11.731932472572035,"",8.15908865466791,"","",-0.00006345995739032162,2009,2024,"",2024,low,0,1,0,-2,13,2024,potato,"",159.725,0.7711582109176423,2005Q1-2012Q4,159.725,146.3193785227367,4.985791756689341,4.985791756689341,"",approximate,TRUE,TRUE,FALSE,FALSE
highland_potato,Highland potato,고랭지감자,highland,tuber,0,excluded,2023,06_potatoes.xlsx,DT_1ET0026,고랭지감자,DT_1J49: 감자 | DT_1J60: 감자,고랭지감자,종합 (see Yearbook 2025 pp.44–51),3835,3304,126702,"","","","",8.251924713801357,8.102889134640868,11.749593151504296,"",8.251924713801357,"","",-0.00005051094983699045,2009,2024,"",2024,low,0,1,0,-1,14,2024,potato,"",170.575,0.7711582109176423,2005Q1-2012Q4,170.575,156.85231329902356,5.055304683007519,5.055304683007519,"",approximate,TRUE,TRUE,FALSE,FALSE
highland_potato,Highland potato,고랭지감자,highland,tuber,0,excluded,2024,06_potatoes.xlsx,DT_1ET0026,고랭지감자,DT_1J49: 감자 | DT_1J60: 감자,고랭지감자,종합 (see Yearbook 2025 pp.44–51),3928,3218,126399,"","","","",8.275885669474356,8.076515327552329,11.747198849271191,"",8.275885669474356,"","",-0.00003196176739983514,2009,2024,"",2024,low,0,0,1,0,15,2024,potato,"",137,0.7711582109176423,2005Q1-2012Q4,137,116.29138299485656,4.756098963872094,4.756098963872094,"",approximate,TRUE,TRUE,FALSE,FALSE
highland_radish,Highland Radish,고랭지무,highland,vegetable,0,control_pool,1980,08_vegetables_root.xls,DT_1ET0029,고랭지무,DT_1J49: 무 | DT_1J60: 무,고랭지무,종합 (see Yearbook 2025 pp.44–51),"","","","","","","","","","","","","","","",2019,2024,"",2024,high,1,0,0,-44,-39,2024,radish,33.775,"",0.4219656412156498,2005Q1-2012Q4,14.251889532058572,65.1834354118499,4.17720537855392,"",5.040036765735006,approximate,FALSE,TRUE,FALSE,FALSE
highland_radish,Highland Radish,고랭지무,highland,vegetable,0,control_pool,1981,08_vegetables_root.xls,DT_1ET0029,고랭지무,DT_1J49: 무 | DT_1J60: 무,고랭지무,종합 (see Yearbook 2025 pp.44–51),"","","","","","","","","","","","","","","",2019,2024,"",2024,high,1,0,0,-43,-38,2024,radish,38.425,"",0.4219656412156498,2005Q1-2012Q4,16.214029763711345,55.5571102958383,4.01741150601948,"",4.880242893200566,approximate,FALSE,TRUE,FALSE,FALSE
highland_radish,Highland Radish,고랭지무,highland,vegetable,0,control_pool,1982,08_vegetables_root.xls,DT_1ET0029,고랭지무,DT_1J49: 무 | DT_1J60: 무,고랭지무,종합 (see Yearbook 2025 pp.44–51),"","","","","","","","","","","","","","","",2019,2024,"",2024,high,1,0,0,-42,-37,2024,radish,24.35,"",0.4219656412156498,2005Q1-2012Q4,10.274863363601074,33.36569139536152,3.507528168315648,"",4.370359555496735,approximate,FALSE,TRUE,FALSE,FALSE
highland_radish,Highland Radish,고랭지무,highland,vegetable,0,control_pool,1983,08_vegetables_root.xls,DT_1ET0029,고랭지무,DT_1J49: 무 | DT_1J60: 무,고랭지무,종합 (see Yearbook 2025 pp.44–51),"","","","","","","","","","","","","","","",2019,2024,"",2024,high,1,0,0,-41,-36,2024,radish,25.375,"",0.4219656412156498,2005Q1-2012Q4,10.707378145847116,34.05663069179283,3.5280247476106803,"",4.390856134791767,approximate,FALSE,TRUE,FALSE,FALSE
highland_radish,Highland Radish,고랭지무,highland,vegetable,0,control_pool,1984,08_vegetables_root.xls,DT_1ET0029,고랭지무,DT_1J49: 무 | DT_1J60: 무,고랭지무,종합 (see Yearbook 2025 pp.44–51),"","","","","","","","","","","","","","","",2019,2024,"",2024,high,1,0,0,-40,-35,2024,radish,29.65,"",0.4219656412156498,2005Q1-2012Q4,12.511281262044015,40.23133155323984,3.6946460839284905,"",4.557477471109577,approximate,FALSE,TRUE,FALSE,FALSE
highland_radish,Highland Radish,고랭지무,highland,vegetable,0,control_pool,1985,08_vegetables_root.xls,DT_1ET0029,고랭지무,DT_1J49: 무 | DT_1J60: 무,고랭지무,종합 (see Yearbook 2025 pp.44–51),"","","","","","","","","","","","","","","",2019,2024,"",2024,high,1,0,0,-39,-34,2024,radish,27.525,"",0.4219656412156498,2005Q1-2012Q4,11.614604274460762,36.16338835324815,3.5880472355932835,"",4.45087862277437,approximate,FALSE,TRUE,FALSE,FALSE
highland_radish,Highland Radish,고랭지무,highland,vegetable,0,control_pool,1986,08_vegetables_root.xls,DT_1ET0029,고랭지무,DT_1J49: 무 | DT_1J60: 무,고랭지무,종합 (see Yearbook 2025 pp.44–51),"","","","","","","","","","","","","","","",2019,2024,"",2024,high,1,0,0,-38,-33,2024,radish,34.75,"",0.4219656412156498,2005Q1-2012Q4,14.663306032243831,47.112963983878686,3.8525482069688217,"",4.715379594149908,approximate,FALSE,TRUE,FALSE,FALSE
highland_radish,Highland Radish,고랭지무,highland,vegetable,0,control_pool,1987,08_vegetables_root.xls,DT_1ET0029,고랭지무,DT_1J49: 무 | DT_1J60: 무,고랭지무,종합 (see Yearbook 2025 pp.44–51),"","","","","","","","","","","","","","","",2019,2024,"",2024,high,1,0,0,-37,-32,2024,radish,36.375,"",0.4219656412156498,2005Q1-2012Q4,15.349000199219262,47.78253076070419,3.866660107441473,"",4.729491494622559,approximate,FALSE,TRUE,FALSE,FALSE
highland_radish,Highland Radish,고랭지무,highland,vegetable,0,control_pool,1988,08_vegetables_root.xls,DT_1ET0029,고랭지무,DT_1J49: 무 | DT_1J60: 무,고랭지무,종합 (see Yearbook 2025 pp.44–51),"","","","","","","","","","","","","","","",2019,2024,"",2024,high,1,0,0,-36,-31,2024,radish,58.3,"",0.4219656412156498,2005Q1-2012Q4,24.600596882872384,67.53654439585527,4.21266884983233,"",5.075500237013417,approximate,FALSE,TRUE,FALSE,FALSE
highland_radish,Highland Radish,고랭지무,highland,vegetable,0,control_pool,1989,08_vegetables_root.xls,DT_1ET0029,고랭지무,DT_1J49: 무 | DT_1J60: 무,고랭지무,종합 (see Yearbook 2025 pp.44–51),"","","","","","","","","","","","","","","",2019,2024,"",2024,high,1,0,0,-35,-30,2024,radish,44.175,"",0.4219656412156498,2005Q1-2012Q4,18.64033220070133,48.56308653643879,3.8828637060253537,"",4.74569509320644,approximate,FALSE,TRUE,FALSE,FALSE
highland_radish,Highland Radish,고랭지무,highland,vegetable,0,control_pool,1990,08_vegetables_root.xls,DT_1ET0029,고랭지무,DT_1J49: 무 | DT_1J60: 무,고랭지무,종합 (see Yearbook 2025 pp.44–51),"","","","","","","","","","","","","","","",2019,2024,"",2024,high,1,0,0,-34,-29,2024,radish,34.525,"",0.4219656412156498,2005Q1-2012Q4,14.56836376297031,33.84984237584125,3.521934342799178,"",4.3847657299802645,approximate,FALSE,TRUE,FALSE,FALSE
highland_radish,Highland Radish,고랭지무,highland,vegetable,0,control_pool,1991,08_vegetables_root.xls,DT_1ET0029,고랭지무,DT_1J49: 무 | DT_1J60: 무,고랭지무,종합 (see Yearbook 2025 pp.44–51),2744,3324,91220,"","","","",7.917171988845776,8.10892415597534,11.421029450265692,"",7.917171988845776,"","",0.000103491432668,2019,2024,"",2024,high,1,0,0,-33,-28,2024,radish,21.975,"",0.4219656412156498,2005Q1-2012Q4,9.272694965713905,19.754808443214813,2.983396927193452,"",3.8462283143745375,approximate,FALSE,TRUE,FALSE,FALSE
highland_radish,Highland Radish,고랭지무,highland,vegetable,0,control_pool,1992,08_vegetables_root.xls,DT_1ET0029,고랭지무,DT_1J49: 무 | DT_1J60: 무,고랭지무,종합 (see Yearbook 2025 pp.44–51),3328,3218,107099,"","","","",8.1101268019411,8.076515327552329,11.581508919324088,"",8.1101268019411,"","",0.00003697581875172773,2019,2024,"",2024,high,1,0,0,-32,-27,2024,radish,26.325,"",0.4219656412156498,2005Q1-2012Q4,11.108245505001982,22.63271053029944,3.119396228447222,"",3.9822276156283087,approximate,FALSE,TRUE,FALSE,FALSE
highland_radish,Highland Radish,고랭지무,highland,vegetable,0,control_pool,1993,08_vegetables_root.xls,DT_1ET0029,고랭지무,DT_1J49: 무 | DT_1J60: 무,고랭지무,종합 (see Yearbook 2025 pp.44–51),2470,3357,82919,"","","","",7.8119734296220225,8.118802996980035,11.325619506660304,"",7.8119734296220225,"","",0.000013266046337889748,2019,2024,"",2024,high,1,0,0,-31,-26,2024,radish,22.625,"",0.4219656412156498,2005Q1-2012Q4,9.546972632504076,19.71107200870401,2.981180508762411,"",3.8440118959434977,approximate,FALSE,TRUE,FALSE,FALSE
highland_radish,Highland Radish,고랭지무,highland,vegetable,0,control_pool,1994,08_vegetables_root.xls,DT_1ET0029,고랭지무,DT_1J49: 무 | DT_1J60: 무,고랭지무,종합 (see Yearbook 2025 pp.44–51),3245,2935,95227,"","","","",8.08487062913819,7.984462732262196,11.464018794014144,"",8.08487062913819,"","",-0.0001443813981509,2019,2024,"",2024,high,1,0,0,-30,-25,2024,radish,28.700000000000003,"",0.4219656412156498,2005Q1-2012Q4,12.11041390288915,23.06269732712303,3.1382164779537582,"",4.001047865134845,approximate,FALSE,TRUE,FALSE,FALSE
highland_radish,Highland Radish,고랭지무,highland,vegetable,0,control_pool,1995,08_vegetables_root.xls,DT_1ET0029,고랭지무,DT_1J49: 무 | DT_1J60: 무,고랭지무,종합 (see Yearbook 2025 pp.44–51),3523,2864,100911,"","","","",8.167068178341237,7.959974528080536,11.521994219230104,"",8.167068178341237,"","",0.0001216987964234,2019,2024,"",2024,high,1,0,0,-29,-24,2024,radish,38.45,"",0.4219656412156498,2005Q1-2012Q4,16.224578904741737,27.921176828330704,3.329385427017729,"",4.192216814198816,approximate,FALSE,TRUE,FALSE,FALSE
highland_radish,Highland Radish,고랭지무,highland,vegetable,0,control_pool,1996,08_vegetables_root.xls,DT_1ET0029,고랭지무,DT_1J49: 무 | DT_1J60: 무,고랭지무,종합 (see Yearbook 2025 pp.44–51),3531,2670,94288,"","","","",8.169336395928386,7.889833751394295,11.454109207077694,"",8.169336395928386,"","",0.0001092457431042,2019,2024,"",2024,high,1,0,0,-28,-23,2024,radish,61.375,"",0.4219656412156498,2005Q1-2012Q4,25.89814122961051,42.48091508229842,3.7490549181870367,"",4.611886305368123,approximate,FALSE,TRUE,FALSE,FALSE
highland_radish,Highland Radish,고랭지무,highland,vegetable,0,control_pool,1997,08_vegetables_root.xls,DT_1ET0029,고랭지무,DT_1J49: 무 | DT_1J60: 무,고랭지무,종합 (see Yearbook 2025 pp.44–51),3381,2966,100269,"","","","",8.125926802707886,7.994969522697877,11.515611853395535,"",8.125926802707886,"","",-0.0001142860221374,2019,2024,"",2024,high,1,0,0,-27,-22,2024,radish,86.575,"",0.4219656412156498,2005Q1-2012Q4,36.531675388244885,61.60409087192866,4.120728278592993,"",4.983559665774079,approximate,FALSE,TRUE,FALSE,FALSE
highland_radish,Highland Radish,고랭지무,highland,vegetable,0,control_pool,1998,08_vegetables_root.xls,DT_1ET0029,고랭지무,DT_1J49: 무 | DT_1J60: 무,고랭지무,종합 (see Yearbook 2025 pp.44–51),3426,2749,94186,"","","","",8.139148678884066,7.918992488165245,11.453026829561876,"",8.139148678884066,"","",0.00005584850065609714,2019,2024,"",2024,high,1,0,0,-26,-21,2024,radish,123.55,"",0.4219656412156498,2005Q1-2012Q4,52.13385497219354,88.08731885694125,4.478328582251892,"",5.3411599694329785,approximate,FALSE,TRUE,FALSE,FALSE
highland_radish,Highland Radish,고랭지무,highland,vegetable,0,control_pool,1999,08_vegetables_root.xls,DT_1ET0029,고랭지무,DT_1J49: 무 | DT_1J60: 무,고랭지무,종합 (see Yearbook 2025 pp.44–51),3838,3046,116922,"","","","",8.252706676567644,8.021584533455107,11.66926232479219,"",8.252706676567644,"","",0.0001413007575283,2019,2024,"",2024,high,1,0,0,-25,-20,2024,radish,71.6,"",0.4219656412156498,2005Q1-2012Q4,30.21273991104053,47.97292915668203,3.870636875911204,"",4.73346826309229,approximate,FALSE,TRUE,FALSE,FALSE
highland_radish,Highland Radish,고랭지무,highland,vegetable,0,control_pool,2000,08_vegetables_root.xls,DT_1ET0029,고랭지무,DT_1J49: 무 | DT_1J60: 무,고랭지무,종합 (see Yearbook 2025 pp.44–51),3377,2913,98371,"","","","",8.124743020385568,7.976938756959434,11.49650132415606,"",8.124743020385568,"","",-0.000010267200851288294,2019,2024,"",2024,high,1,0,0,-24,-19,2024,radish,46.425,"",0.4219656412156498,2005Q1-2012Q4,19.58975489343654,29.709123560406397,3.3914541892213603,"",4.254285576402447,approximate,FALSE,TRUE,FALSE,FALSE
highland_radish,Highland Radish,고랭지무,highland,vegetable,0,control_pool,2001,08_vegetables_root.xls,DT_1ET0029,고랭지무,DT_1J49: 무 | DT_1J60: 무,고랭지무,종합 (see Yearbook 2025 pp.44–51),4017,2816,113121,"","","","",8.298290634359283,7.943072717277933,11.636213321261057,"",8.298290634359283,"","",0.000020155611933248,2019,2024,"",2024,high,1,0,0,-23,-18,2024,radish,28.325000000000003,"",0.4219656412156498,2005Q1-2012Q4,11.95217678743328,17.4968255081079,2.862019464937891,"",3.7248508521189776,approximate,FALSE,TRUE,FALSE,FALSE
highland_radish,Highland Radish,고랭지무,highland,vegetable,0,control_pool,2002,08_vegetables_root.xls,DT_1ET0029,고랭지무,DT_1J49: 무 | DT_1J60: 무,고랭지무,종합 (see Yearbook 2025 pp.44–51),2741,3238,88762,"","","","",7.916078096302786,8.08271113423758,11.393713909465047,"",7.916078096302786,"","",0.00009486491277499454,2019,2024,"",2024,high,1,0,0,-22,-17,2024,radish,51.425,"",0.4219656412156498,2005Q1-2012Q4,21.699583099514797,30.83902943780184,3.428781077311513,"",4.2916124644926,approximate,FALSE,TRUE,FALSE,FALSE
highland_radish,Highland Radish,고랭지무,highland,vegetable,0,control_pool,2003,08_vegetables_root.xls,DT_1ET0029,고랭지무,DT_1J49: 무 | DT_1J60: 무,고랭지무,종합 (see Yearbook 2025 pp.44–51),2926,3211,93960,"","","","",7.98139158158007,8.074337694089515,11.450624438772849,"",7.98139158158007,"","",0.00006534909135602618,2019,2024,"",2024,high,1,0,0,-21,-16,2024,radish,109.825,"",0.4219656412156498,2005Q1-2012Q4,46.342376546508746,61.34823366593351,4.11656637964112,"",4.979397766822207,approximate,FALSE,TRUE,FALSE,FALSE
highland_radish,Highland Radish,고랭지무,highland,vegetable,0,control_pool,2004,08_vegetables_root.xls,DT_1ET0029,고랭지무,DT_1J49: 무 | DT_1J60: 무,고랭지무,종합 (see Yearbook 2025 pp.44–51),2234,3203,71552,"","","","",7.711548979629146,8.071843149609158,11.178179737074716,"",7.711548979629146,"","",-0.00004220617549677286,2019,2024,"",2024,high,1,0,0,-20,-15,2024,radish,120.525,"",0.4219656412156498,2005Q1-2012Q4,50.8574089075162,65.82379143612036,4.186981344957389,"",5.049812732138476,approximate,FALSE,TRUE,FALSE,FALSE
highland_radish,Highland Radish,고랭지무,highland,vegetable,0,control_pool,2005,08_vegetables_root.xls,DT_1ET0029,고랭지무,DT_1J49: 무 | DT_1J60: 무,고랭지무,종합 (see Yearbook 2025 pp.44–51),2072,3065,63515,"","","","",7.636269603379373,8.027802848370312,11.05903137745756,"",7.636269603379373,"","",0.0001291116959674,2019,2024,"",2024,high,1,0,0,-19,-14,2024,radish,95.525,40,0.4219656412156498,2005Q1-2012Q4,40,55.674647152053446,4.01952487548623,4.01952487548623,4.890029780933596,approximate,FALSE,TRUE,FALSE,FALSE
highland_radish,Highland Radish,고랭지무,highland,vegetable,0,control_pool,2006,08_vegetables_root.xls,DT_1ET0029,고랭지무,DT_1J49: 무 | DT_1J60: 무,고랭지무,종합 (see Yearbook 2025 pp.44–51),2442,2915,71189,"","","","",7.80057265467065,7.977625098784593,11.17309359108256,"",7.80057265467065,"","",0.00006602361540686275,2019,2024,"",2024,high,1,0,0,-18,-13,2024,radish,151.925,63.6,0.4219656412156498,2005Q1-2012Q4,63.6,89.78107896360152,4.497374251143028,4.497374251143028,5.368150778918081,approximate,FALSE,TRUE,FALSE,FALSE
highland_radish,Highland Radish,고랭지무,highland,vegetable,0,control_pool,2007,08_vegetables_root.xls,DT_1ET0029,고랭지무,DT_1J49: 무 | DT_1J60: 무,고랭지무,종합 (see Yearbook 2025 pp.44–51),2596,3312,85977,"","","","",7.86172707782398,8.10530751550515,11.361835097606228,"",7.86172707782398,"","",-0.000029309734811633348,2019,2024,"",2024,high,1,0,0,-17,-12,2024,radish,174.25,72.95,0.4219656412156498,2005Q1-2012Q4,72.95,101.89796167730664,4.623971936861848,4.623971936861848,5.494682587079523,approximate,FALSE,TRUE,FALSE,FALSE
highland_radish,Highland Radish,고랭지무,highland,vegetable,0,control_pool,2008,08_vegetables_root.xls,DT_1ET0029,고랭지무,DT_1J49: 무 | DT_1J60: 무,고랭지무,종합 (see Yearbook 2025 pp.44–51),2546,2998,76338,"","","","",7.842278779117352,8.005700678662542,11.242926127370756,"",7.842278779117352,"","",0.0001168555789519,2019,2024,"",2024,high,1,0,0,-16,-11,2024,radish,120.125,50.3,0.4219656412156498,2005Q1-2012Q4,50.3,70.25797684142725,4.252173851111777,4.252173851111777,5.122687518933916,approximate,FALSE,TRUE,FALSE,FALSE
highland_radish,Highland Radish,고랭지무,highland,vegetable,0,control_pool,2009,08_vegetables_root.xls,DT_1ET0029,고랭지무,DT_1J49: 무 | DT_1J60: 무,고랭지무,종합 (see Yearbook 2025 pp.44–51),2042,2884,58896,"","","","",7.621684998724611,7.96693349840484,10.983528455618805,"",7.621684998724611,"","",0.00008014447744386644,2019,2024,"",2024,high,1,0,0,-15,-10,2024,radish,111.225,46.599999999999994,0.4219656412156498,2005Q1-2012Q4,46.6,65.14161588651574,4.1765636059038735,4.1765636059038735,5.046511260052036,approximate,FALSE,TRUE,FALSE,FALSE
highland_radish,Highland Radish,고랭지무,highland,vegetable,0,control_pool,2010,08_vegetables_root.xls,DT_1ET0029,고랭지무,DT_1J49: 무 | DT_1J60: 무,고랭지무,종합 (see Yearbook 2025 pp.44–51),2161,2563,55382,"","","","",7.678326356506885,7.848933726364071,10.922009910193475,"",7.678326356506885,"","",-0.0000799866893910206,2019,2024,"",2024,high,1,0,0,-14,-9,2024,radish,170.8,71.525,0.4219656412156498,2005Q1-2012Q4,71.525,93.28443706989222,4.535653288686724,4.535653288686724,5.40553692884156,approximate,FALSE,TRUE,FALSE,FALSE
highland_radish,Highland Radish,고랭지무,highland,vegetable,0,control_pool,2011,08_vegetables_root.xls,DT_1ET0029,고랭지무,DT_1J49: 무 | DT_1J60: 무,고랭지무,종합 (see Yearbook 2025 pp.44–51),2713,2747,74536,"","","","",7.905810312658931,7.918264686095274,11.219037509130262,"",7.905810312658931,"","",0.0001326963641474,2019,2024,"",2024,high,1,0,0,-13,-8,2024,radish,264.85,114.9,0.4219656412156498,2005Q1-2012Q4,114.9,140.60653735020333,4.945965474385295,4.945965474385295,5.779836126222903,approximate,FALSE,TRUE,FALSE,FALSE
highland_radish,Highland Radish,고랭지무,highland,vegetable,0,control_pool,2012,08_vegetables_root.xls,DT_1ET0029,고랭지무,DT_1J49: 무 | DT_1J60: 무,고랭지무,종합 (see Yearbook 2025 pp.44–51),2552,2841,72490,"","","","",7.844632644464681,7.951911381854188,11.191203900294925,"",7.844632644464681,"","",-0.000169940035855,2019,2024,"",2024,high,1,0,0,-12,-7,2024,radish,172.85,73.375,0.4219656412156498,2005Q1-2012Q4,73.375,83.6384085606642,4.4265028471276695,4.4265028471276695,5.283524491507021,approximate,FALSE,TRUE,FALSE,FALSE
highland_radish,Highland Radish,고랭지무,highland,vegetable,0,control_pool,2013,08_vegetables_root.xls,DT_1ET0029,고랭지무,DT_1J49: 무 | DT_1J60: 무,고랭지무,종합 (see Yearbook 2025 pp.44–51),2195,2804,61554,"","","","",7.693937325509272,7.938802248154481,11.027670117315768,"",7.693937325509272,"","",0.0001007296401063,2019,2024,"",2024,high,1,0,0,-11,-6,2024,radish,"",79.1,0.4219656412156498,2005Q1-2012Q4,79.1,92.21909485440897,4.524167211662173,4.524167211662173,"",approximate,FALSE,TRUE,FALSE,FALSE
highland_radish,Highland Radish,고랭지무,highland,vegetable,0,control_pool,2014,08_vegetables_root.xls,DT_1ET0029,고랭지무,DT_1J49: 무 | DT_1J60: 무,고랭지무,종합 (see Yearbook 2025 pp.44–51),2608,3020,78760,"","","","",7.866338923046544,8.013012110368916,11.27416053275306,"",7.866338923046544,"","",-0.000020314674305410563,2019,2024,"",2024,high,1,0,0,-10,-5,2024,radish,"",58.05,0.4219656412156498,2005Q1-2012Q4,58.05,69.25217642981721,4.237754573162999,4.237754573162999,"",approximate,FALSE,TRUE,FALSE,FALSE
highland_radish,Highland Radish,고랭지무,highland,vegetable,0,control_pool,2015,08_vegetables_root.xls,DT_1ET0029,고랭지무,DT_1J49: 무 | DT_1J60: 무,고랭지무,종합 (see Yearbook 2025 pp.44–51),1981,2952,58487,"","","","",7.591357046698551,7.990238185720363,10.976559786302708,"",7.591357046698551,"","",0.0001347398718856,2019,2024,"",2024,high,1,0,0,-9,-4,2024,radish,"",70.075,0.4219656412156498,2005Q1-2012Q4,70.075,82.35193351656366,4.411001935601977,4.411001935601977,"",approximate,FALSE,TRUE,FALSE,FALSE
highland_radish,Highland Radish,고랭지무,highland,vegetable,0,control_pool,2016,08_vegetables_root.xls,DT_1ET0029,고랭지무,DT_1J49: 무 | DT_1J60: 무,고랭지무,종합 (see Yearbook 2025 pp.44–51),2607,3384,88220,"","","","",7.865955413933502,8.126813720726114,11.38758897365893,"",7.865955413933502,"","",-0.000009975012593699262,2019,2024,"",2024,high,1,0,0,-8,-3,2024,radish,"",90.775,0.4219656412156498,2005Q1-2012Q4,90.775,105.16641410701772,4.655543991792218,4.655543991792218,"",approximate,FALSE,TRUE,FALSE,FALSE
highland_radish,Highland Radish,고랭지무,highland,vegetable,0,control_pool,2017,08_vegetables_root.xls,DT_1ET0029,고랭지무,DT_1J49: 무 | DT_1J60: 무,고랭지무,종합 (see Yearbook 2025 pp.44–51),2954.1915,3332,98430,"","","","",7.990980288342865,8.111328003286733,11.497100914623257,"",7.990980288342865,"","",-0.00003719101825083726,2019,2024,"",2024,high,1,0,0,-7,-2,2024,radish,"",101.25,0.4219656412156498,2005Q1-2012Q4,101.25,109.63579807997812,4.697163946000961,4.697163946000961,"",approximate,FALSE,TRUE,FALSE,FALSE
highland_radish,Highland Radish,고랭지무,highland,vegetable,0,control_pool,2018,08_vegetables_root.xls,DT_1ET0029,고랭지무,DT_1J49: 무 | DT_1J60: 무,고랭지무,종합 (see Yearbook 2025 pp.44–51),2900.0867,3296,95574,"","","","",7.972495912079396,8.100464891029363,11.467656095522694,"",7.972495912079396,"","",-0.0001345215979746,2019,2024,"",2024,high,1,0,0,-6,-1,2024,radish,"",89.6,0.4219656412156498,2005Q1-2012Q4,89.6,97.34570500776223,4.57826861176699,4.57826861176699,"",approximate,FALSE,TRUE,FALSE,FALSE
highland_radish,Highland Radish,고랭지무,highland,vegetable,0,control_pool,2019,08_vegetables_root.xls,DT_1ET0029,고랭지무,DT_1J49: 무 | DT_1J60: 무,고랭지무,종합 (see Yearbook 2025 pp.44–51),2344.9098,3528,82719,"","","","",7.760002215321826,8.168486417126681,11.323204600694329,"",7.760002215321826,"","",-0.0001138457660889,2019,2024,"",2024,high,0,1,0,-5,0,2024,radish,"",73.525,0.4219656412156498,2005Q1-2012Q4,73.525,80.11596980826029,4.383475207588602,4.383475207588602,"",approximate,FALSE,TRUE,FALSE,FALSE
highland_radish,Highland Radish,고랭지무,highland,vegetable,0,control_pool,2020,08_vegetables_root.xls,DT_1ET0029,고랭지무,DT_1J49: 무 | DT_1J60: 무,고랭지무,종합 (see Yearbook 2025 pp.44–51),2792.1018,4067,113554,"","","","",7.934549924535617,8.310660905907225,11.640033773685603,"",7.934549924535617,"","",-0.000006870769146516409,2019,2024,"",2024,high,0,1,0,-4,1,2024,radish,"",100.025,0.4219656412156498,2005Q1-2012Q4,100.025,99.53265270667784,4.600485758235547,4.600485758235547,"",approximate,FALSE,TRUE,FALSE,FALSE
highland_radish,Highland Radish,고랭지무,highland,vegetable,0,control_pool,2021,08_vegetables_root.xls,DT_1ET0029,고랭지무,DT_1J49: 무 | DT_1J60: 무,고랭지무,종합 (see Yearbook 2025 pp.44–51),2769.1099,4103,113618,"","","","",7.92628121180192,8.319473692442186,11.640597223421429,"",7.92628121180192,"","",0.00001250516541162483,2019,2024,"",2024,high,0,1,0,-3,2,2024,radish,"",66.825,0.4219656412156498,2005Q1-2012Q4,66.825,59.34982867342345,4.083449234335815,4.083449234335815,"",approximate,FALSE,TRUE,FALSE,FALSE
highland_radish,Highland Radish,고랭지무,highland,vegetable,0,control_pool,2022,08_vegetables_root.xls,DT_1ET0029,고랭지무,DT_1J49: 무 | DT_1J60: 무,고랭지무,종합 (see Yearbook 2025 pp.44–51),2343.7919,4106,96232,"","","","",7.759525366892257,8.32020459757888,11.474517221673908,"",7.759525366892257,"","",-0.00004255680913622939,2019,2024,"",2024,high,0,1,0,-2,3,2024,radish,"",121.35,0.4219656412156498,2005Q1-2012Q4,121.35,111.29842249271977,4.712215084710433,4.712215084710433,"",approximate,FALSE,TRUE,FALSE,FALSE
highland_radish,Highland Radish,고랭지무,highland,vegetable,0,control_pool,2023,08_vegetables_root.xls,DT_1ET0029,고랭지무,DT_1J49: 무 | DT_1J60: 무,고랭지무,종합 (see Yearbook 2025 pp.44–51),2926.7367,3645,106678,"","","","",7.981643327059715,8.201111644442758,11.577570230463667,"",7.981643327059715,"","",-0.000014555050714903928,2019,2024,"",2024,high,0,1,0,-1,4,2024,radish,"",92.575,0.4219656412156498,2005Q1-2012Q4,92.575,84.44184514892933,4.436063074339309,4.436063074339309,"",approximate,FALSE,TRUE,FALSE,FALSE
highland_radish,Highland Radish,고랭지무,highland,vegetable,0,control_pool,2024,08_vegetables_root.xls,DT_1ET0029,고랭지무,DT_1J49: 무 | DT_1J60: 무,고랭지무,종합 (see Yearbook 2025 pp.44–51),2275.3651,3767,85720,"","","","",7.729895802025433,8.23403420769204,11.358841449587514,"",7.729895802025433,"","",0.00008162585813131784,2019,2024,"",2024,high,0,0,1,0,5,2024,radish,"",129.25,0.4219656412156498,2005Q1-2012Q4,129.25,111.44255775944016,4.713509281105504,4.713509281105504,"",approximate,FALSE,TRUE,FALSE,FALSE
large_green_onion,Large green onion,대파,open-field,vegetable,0,control_pool,1980,10_vegetables_spices.xls,DT_1ET0291,노지대파,DT_1J49: 파 | DT_1J60: 파,대파,종합 (see Yearbook 2025 pp.44–51),"","","","","","","","","","","","","","","",2019,2024,"",2024,high,1,0,0,-44,-39,2024,green_onion,37.875,"",1.071181717360447,2005Q1-2012Q4,40.57100754502693,185.1815202425373,5.221336534525771,"",5.152574086714566,approximate,TRUE,TRUE,FALSE,FALSE
large_green_onion,Large green onion,대파,open-field,vegetable,0,control_pool,1981,10_vegetables_spices.xls,DT_1ET0291,노지대파,DT_1J49: 파 | DT_1J60: 파,대파,종합 (see Yearbook 2025 pp.44–51),"","","","","","","","","","","","","","","",2019,2024,"",2024,high,1,0,0,-43,-38,2024,green_onion,48.05,"",1.071181717360447,2005Q1-2012Q4,51.47028151916948,177.22689945396647,5.177430829437724,"",5.108668381626519,approximate,TRUE,TRUE,FALSE,FALSE
large_green_onion,Large green onion,대파,open-field,vegetable,0,control_pool,1982,10_vegetables_spices.xls,DT_1ET0291,노지대파,DT_1J49: 파 | DT_1J60: 파,대파,종합 (see Yearbook 2025 pp.44–51),"","","","","","","","","","","","","","","",2019,2024,"",2024,high,1,0,0,-42,-37,2024,green_onion,40.7,"",1.071181717360447,2005Q1-2012Q4,43.5970958965702,141.5893964425166,4.95293129457515,"",4.884168846763943,approximate,TRUE,TRUE,FALSE,FALSE
large_green_onion,Large green onion,대파,open-field,vegetable,0,control_pool,1983,10_vegetables_spices.xls,DT_1ET0291,노지대파,DT_1J49: 파 | DT_1J60: 파,대파,종합 (see Yearbook 2025 pp.44–51),"","","","","","","","","","","","","","","",2019,2024,"",2024,high,1,0,0,-41,-36,2024,green_onion,33.825,"",1.071181717360447,2005Q1-2012Q4,36.23272158971712,115.43293583661831,4.748689719216737,"",4.679927271405532,approximate,TRUE,TRUE,FALSE,FALSE
large_green_onion,Large green onion,대파,open-field,vegetable,0,control_pool,1984,10_vegetables_spices.xls,DT_1ET0291,노지대파,DT_1J49: 파 | DT_1J60: 파,대파,종합 (see Yearbook 2025 pp.44–51),"","","","","","","","","","","","","","","",2019,2024,"",2024,high,1,0,0,-40,-35,2024,green_onion,94.225,"",1.071181717360447,2005Q1-2012Q4,100.93209731828811,326.10965273108843,5.787233682881837,"",5.718471235070632,approximate,TRUE,TRUE,FALSE,FALSE
large_green_onion,Large green onion,대파,open-field,vegetable,0,control_pool,1985,10_vegetables_spices.xls,DT_1ET0291,노지대파,DT_1J49: 파 | DT_1J60: 파,대파,종합 (see Yearbook 2025 pp.44–51),"","","","","","","","","","","","","","","",2019,2024,"",2024,high,1,0,0,-39,-34,2024,green_onion,57.3,"",1.071181717360447,2005Q1-2012Q4,61.378712404753614,190.8247057655608,5.251355235776157,"",5.182592787964952,approximate,TRUE,TRUE,FALSE,FALSE
large_green_onion,Large green onion,대파,open-field,vegetable,0,control_pool,1986,10_vegetables_spices.xls,DT_1ET0291,노지대파,DT_1J49: 파 | DT_1J60: 파,대파,종합 (see Yearbook 2025 pp.44–51),"","","","","","","","","","","","","","","",2019,2024,"",2024,high,1,0,0,-38,-33,2024,green_onion,58.625,"",1.071181717360447,2005Q1-2012Q4,62.79802818025621,201.47192157924547,5.305650024675779,"",5.236887576864573,approximate,TRUE,TRUE,FALSE,FALSE
large_green_onion,Large green onion,대파,open-field,vegetable,0,control_pool,1987,10_vegetables_spices.xls,DT_1ET0291,노지대파,DT_1J49: 파 | DT_1J60: 파,대파,종합 (see Yearbook 2025 pp.44–51),"","","","","","","","","","","","","","","",2019,2024,"",2024,high,1,0,0,-37,-32,2024,green_onion,42.2,"",1.071181717360447,2005Q1-2012Q4,45.203868472610864,141.30891438267238,4.950948376042127,"",4.88218592823092,approximate,TRUE,TRUE,FALSE,FALSE
large_green_onion,Large green onion,대파,open-field,vegetable,0,control_pool,1988,10_vegetables_spices.xls,DT_1ET0291,노지대파,DT_1J49: 파 | DT_1J60: 파,대파,종합 (see Yearbook 2025 pp.44–51),"","","","","","","","","","","","","","","",2019,2024,"",2024,high,1,0,0,-36,-31,2024,green_onion,82.7,"",1.071181717360447,2005Q1-2012Q4,88.58672802570896,243.27386391003336,5.494187820714755,"",5.4254253729035495,approximate,TRUE,TRUE,FALSE,FALSE
large_green_onion,Large green onion,대파,open-field,vegetable,0,control_pool,1989,10_vegetables_spices.xls,DT_1ET0291,노지대파,DT_1J49: 파 | DT_1J60: 파,대파,종합 (see Yearbook 2025 pp.44–51),"","","","","","","","","","","","","","","",2019,2024,"",2024,high,1,0,0,-35,-30,2024,green_onion,98.425,"",1.071181717360447,2005Q1-2012Q4,105.431060531202,275.54578769446186,5.618753813311516,"",5.54999136550031,approximate,TRUE,TRUE,FALSE,FALSE
large_green_onion,Large green onion,대파,open-field,vegetable,0,control_pool,1990,10_vegetables_spices.xls,DT_1ET0291,노지대파,DT_1J49: 파 | DT_1J60: 파,대파,종합 (see Yearbook 2025 pp.44–51),"","","","","","","","","","","","","","","",2019,2024,"",2024,high,1,0,0,-34,-29,2024,green_onion,121.85,"",1.071181717360447,2005Q1-2012Q4,130.52349226037046,303.653614999018,5.715887627423444,"",5.647125179612239,approximate,TRUE,TRUE,FALSE,FALSE
large_green_onion,Large green onion,대파,open-field,vegetable,0,control_pool,1991,10_vegetables_spices.xls,DT_1ET0291,노지대파,DT_1J49: 파 | DT_1J60: 파,대파,종합 (see Yearbook 2025 pp.44–51),"","","","","","","","","","","","","","","",2019,2024,"",2024,high,1,0,0,-33,-28,2024,green_onion,106.9,"",1.071181717360447,2005Q1-2012Q4,114.5093255858318,244.36839589743116,5.498676905913823,"",5.429914458102617,approximate,TRUE,TRUE,FALSE,FALSE
large_green_onion,Large green onion,대파,open-field,vegetable,0,control_pool,1992,10_vegetables_spices.xls,DT_1ET0291,노지대파,DT_1J49: 파 | DT_1J60: 파,대파,종합 (see Yearbook 2025 pp.44–51),"","","","","","","","","","","","","","","",2019,2024,"",2024,high,1,0,0,-32,-27,2024,green_onion,73.975,"",1.071181717360447,2005Q1-2012Q4,79.24066754173906,161.90029900907635,5.086980707556969,"",5.018218259745764,approximate,TRUE,TRUE,FALSE,FALSE
large_green_onion,Large green onion,대파,open-field,vegetable,0,control_pool,1993,10_vegetables_spices.xls,DT_1ET0291,노지대파,DT_1J49: 파 | DT_1J60: 파,대파,종합 (see Yearbook 2025 pp.44–51),"","","","","","","","","","","","","","","",2019,2024,"",2024,high,1,0,0,-31,-26,2024,green_onion,76.85,"",1.071181717360447,2005Q1-2012Q4,82.32031497915035,169.41469696929914,5.132349537423321,"",5.063587089612114,approximate,TRUE,TRUE,FALSE,FALSE
large_green_onion,Large green onion,대파,open-field,vegetable,0,control_pool,1994,10_vegetables_spices.xls,DT_1ET0291,노지대파,DT_1J49: 파 | DT_1J60: 파,대파,종합 (see Yearbook 2025 pp.44–51),"","","","","","","","","","","","","","","",2019,2024,"",2024,high,1,0,0,-30,-25,2024,green_onion,121.75,"",1.071181717360447,2005Q1-2012Q4,130.41637408863443,250.23745890246715,5.522410302663713,"",5.453647854852506,approximate,TRUE,TRUE,FALSE,FALSE
large_green_onion,Large green onion,대파,open-field,vegetable,0,control_pool,1995,10_vegetables_spices.xls,DT_1ET0291,노지대파,DT_1J49: 파 | DT_1J60: 파,대파,종합 (see Yearbook 2025 pp.44–51),"","","","","","","","","","","","","","","",2019,2024,"",2024,high,1,0,0,-29,-24,2024,green_onion,114.5,"",1.071181717360447,2005Q1-2012Q4,122.6503066377712,211.051821373058,5.352103702246033,"",5.283341254434828,approximate,TRUE,TRUE,FALSE,FALSE
large_green_onion,Large green onion,대파,open-field,vegetable,0,control_pool,1996,10_vegetables_spices.xls,DT_1ET0291,노지대파,DT_1J49: 파 | DT_1J60: 파,대파,종합 (see Yearbook 2025 pp.44–51),"","","","","","","","","","","","","","","",2019,2024,"",2024,high,1,0,0,-28,-23,2024,green_onion,132.925,"",1.071181717360447,2005Q1-2012Q4,142.38682978013742,233.60453197510657,5.45362965134425,"",5.3848672035330445,approximate,TRUE,TRUE,FALSE,FALSE
large_green_onion,Large green onion,대파,open-field,vegetable,0,control_pool,1997,10_vegetables_spices.xls,DT_1ET0291,노지대파,DT_1J49: 파 | DT_1J60: 파,대파,종합 (see Yearbook 2025 pp.44–51),"","","","","","","","","","","","","","","",2019,2024,"",2024,high,1,0,0,-27,-22,2024,green_onion,157.75,"",1.071181717360447,2005Q1-2012Q4,168.9789159136105,284.8057680759389,5.651807432408358,"",5.583044984597152,approximate,TRUE,TRUE,FALSE,FALSE
large_green_onion,Large green onion,대파,open-field,vegetable,0,control_pool,1998,10_vegetables_spices.xls,DT_1ET0291,노지대파,DT_1J49: 파 | DT_1J60: 파,대파,종합 (see Yearbook 2025 pp.44–51),"","","","","","","","","","","","","","","",2019,2024,"",2024,high,1,0,0,-26,-21,2024,green_onion,172.35,"",1.071181717360447,2005Q1-2012Q4,184.61816898707303,313.57690394427465,5.748044637627216,"",5.679282189816011,approximate,TRUE,TRUE,FALSE,FALSE
large_green_onion,Large green onion,대파,open-field,vegetable,0,control_pool,1999,10_vegetables_spices.xls,DT_1ET0291,노지대파,DT_1J49: 파 | DT_1J60: 파,대파,종합 (see Yearbook 2025 pp.44–51),"","","","","","","","","","","","","","","",2019,2024,"",2024,high,1,0,0,-25,-20,2024,green_onion,193.27499999999998,"",1.071181717360447,2005Q1-2012Q4,207.0326464228404,329.48622635909527,5.7975345514272565,"",5.728772103616051,approximate,TRUE,TRUE,FALSE,FALSE
large_green_onion,Large green onion,대파,open-field,vegetable,0,control_pool,2000,10_vegetables_spices.xls,DT_1ET0291,노지대파,DT_1J49: 파 | DT_1J60: 파,대파,종합 (see Yearbook 2025 pp.44–51),13768,2874,395687,"","","","",9.530102337891377,7.96346006663897,12.888378773662245,"",9.530102337891377,"","",-0.00001344488001109312,2019,2024,"",2024,high,1,0,0,-24,-19,2024,green_onion,186.35,"",1.071181717360447,2005Q1-2012Q4,199.6147130301193,303.640238723357,5.715843575353492,"",5.647081127542286,approximate,TRUE,TRUE,FALSE,FALSE
large_green_onion,Large green onion,대파,open-field,vegetable,0,control_pool,2001,10_vegetables_spices.xls,DT_1ET0291,노지대파,DT_1J49: 파 | DT_1J60: 파,대파,종합 (see Yearbook 2025 pp.44–51),12136,2876,349075,"","","","",9.403931521028367,7.964155718840937,12.763042077810397,"",9.403931521028367,"","",0.000125023929181,2019,2024,"",2024,high,1,0,0,-23,-18,2024,green_onion,162.1,"",1.071181717360447,2005Q1-2012Q4,173.63855638412846,254.5443767646043,5.5394751892169065,"",5.4707127414057,approximate,TRUE,TRUE,FALSE,FALSE
large_green_onion,Large green onion,대파,open-field,vegetable,0,control_pool,2002,10_vegetables_spices.xls,DT_1ET0291,노지대파,DT_1J49: 파 | DT_1J60: 파,대파,종합 (see Yearbook 2025 pp.44–51),11693,2828,330636,"","","","",9.366745651140318,7.947325027016463,12.708773351362616,"",9.366745651140318,"","",-0.0001271408060734,2019,2024,"",2024,high,1,0,0,-22,-17,2024,green_onion,180.375,"",1.071181717360447,2005Q1-2012Q4,193.21440226889064,274.3668293717215,5.614466004330802,"",5.545703556519596,approximate,TRUE,TRUE,FALSE,FALSE
large_green_onion,Large green onion,대파,open-field,vegetable,0,control_pool,2003,10_vegetables_spices.xls,DT_1ET0291,노지대파,DT_1J49: 파 | DT_1J60: 파,대파,종합 (see Yearbook 2025 pp.44–51),11566,2903,335723,"","","","",9.355825038718164,7.97349996402463,12.724041694174948,"",9.355825038718164,"","",-0.0001131225797532,2019,2024,"",2024,high,1,0,0,-21,-16,2024,green_onion,329.225,"",1.071181717360447,2005Q1-2012Q4,352.65980089799314,470.584935944308,6.153976465462834,"",6.085214017651627,approximate,TRUE,TRUE,FALSE,FALSE
large_green_onion,Large green onion,대파,open-field,vegetable,0,control_pool,2004,10_vegetables_spices.xls,DT_1ET0291,노지대파,DT_1J49: 파 | DT_1J60: 파,대파,종합 (see Yearbook 2025 pp.44–51),14312,2984,427089,"","","","",9.568853625188556,8.001019961323651,12.964747701405406,"",9.568853625188556,"","",0.00004430088129048215,2019,2024,"",2024,high,1,0,0,-20,-15,2024,green_onion,154.725,"",1.071181717360447,2005Q1-2012Q4,165.73859121859516,213.6362144042708,5.36427463580639,"",5.295512187995183,approximate,TRUE,TRUE,FALSE,FALSE
large_green_onion,Large green onion,대파,open-field,vegetable,0,control_pool,2005,10_vegetables_spices.xls,DT_1ET0291,노지대파,DT_1J49: 파 | DT_1J60: 파,대파,종합 (see Yearbook 2025 pp.44–51),10629,2818,299536,"","","","",9.271341393533582,7.943782692458625,12.60998988964805,"",9.271341393533582,"","",0.000035989643933476145,2019,2024,"",2024,high,1,0,0,-19,-14,2024,green_onion,84.05,89.725,1.071181717360447,2005Q1-2012Q4,89.725,126.482441519932,4.84010349631968,4.84010349631968,4.774761732307861,approximate,TRUE,TRUE,FALSE,FALSE
large_green_onion,Large green onion,대파,open-field,vegetable,0,control_pool,2006,10_vegetables_spices.xls,DT_1ET0291,노지대파,DT_1J49: 파 | DT_1J60: 파,대파,종합 (see Yearbook 2025 pp.44–51),12107,2924,354020,"","","","",9.40153907670774,7.980707820869669,12.777108687695147,"",9.40153907670774,"","",0.00003197610582894583,2019,2024,"",2024,high,1,0,0,-18,-13,2024,green_onion,101.925,108.8,1.071181717360447,2005Q1-2012Q4,108.8,153.52653167365406,5.03387339687082,5.03387339687082,4.968604837104313,approximate,TRUE,TRUE,FALSE,FALSE
large_green_onion,Large green onion,대파,open-field,vegetable,0,control_pool,2007,10_vegetables_spices.xls,DT_1ET0291,노지대파,DT_1J49: 파 | DT_1J60: 파,대파,종합 (see Yearbook 2025 pp.44–51),11111,2820,313283,"","","","",9.315690887584008,7.944492163932159,12.654862214376491,"",9.315690887584008,"","",-0.0001506511515856,2019,2024,"",2024,high,1,0,0,-17,-12,2024,green_onion,83.95,89.6,1.071181717360447,2005Q1-2012Q4,89.6,125.01820030174711,4.828459329117275,4.828459329117275,4.763324345027146,approximate,TRUE,TRUE,FALSE,FALSE
large_green_onion,Large green onion,대파,open-field,vegetable,0,control_pool,2008,10_vegetables_spices.xls,DT_1ET0291,노지대파,DT_1J49: 파 | DT_1J60: 파,대파,종합 (see Yearbook 2025 pp.44–51),11385,2863,325905,"","","","",9.34005197849784,7.959625305098115,12.694361206837453,"",9.34005197849784,"","",-0.0001458907704119,2019,2024,"",2024,high,1,0,0,-16,-11,2024,green_onion,71.825,76.65,1.071181717360447,2005Q1-2012Q4,76.65,106.58384074619882,4.668931912494433,4.668931912494433,4.603924998490231,approximate,TRUE,TRUE,FALSE,FALSE
large_green_onion,Large green onion,대파,open-field,vegetable,0,control_pool,2009,10_vegetables_spices.xls,DT_1ET0291,노지대파,DT_1J49: 파 | DT_1J60: 파,대파,종합 (see Yearbook 2025 pp.44–51),9854,2876,283427,"","","","",9.195632743103909,7.964155718840937,12.554709873401434,"",9.195632743103909,"","",0.0000915974446797918,2019,2024,"",2024,high,1,0,0,-15,-10,2024,green_onion,71.7,76.575,1.071181717360447,2005Q1-2012Q4,76.575,107.25502523903728,4.675209412086087,4.675209412086087,4.609433025114719,approximate,TRUE,TRUE,FALSE,FALSE
large_green_onion,Large green onion,대파,open-field,vegetable,0,control_pool,2010,10_vegetables_spices.xls,DT_1ET0291,노지대파,DT_1J49: 파 | DT_1J60: 파,대파,종합 (see Yearbook 2025 pp.44–51),9737,2772,269877,"","","","",9.183688340978756,7.927324360309794,12.505721578628,"",9.183688340978756,"","",-0.0001209366724594,2019,2024,"",2024,high,1,0,0,-14,-9,2024,green_onion,117.5,125.4,1.071181717360447,2005Q1-2012Q4,125.4,164.31013707809387,5.101755721728463,5.101755721728463,5.036595947495835,approximate,TRUE,TRUE,FALSE,FALSE
large_green_onion,Large green onion,대파,open-field,vegetable,0,control_pool,2011,10_vegetables_spices.xls,DT_1ET0291,노지대파,DT_1J49: 파 | DT_1J60: 파,대파,종합 (see Yearbook 2025 pp.44–51),11779,2626,309265,"","","","",9.374073563958785,7.873217054862741,12.641953793524673,"",9.374073563958785,"","",-0.0001666393087624,2019,2024,"",2024,high,1,0,0,-13,-8,2024,green_onion,99.025,106.9,1.071181717360447,2005Q1-2012Q4,106.9,130.27187851291708,4.869623639755323,4.869623639755323,4.793283255078265,approximate,TRUE,TRUE,FALSE,FALSE
large_green_onion,Large green onion,대파,open-field,vegetable,0,control_pool,2012,10_vegetables_spices.xls,DT_1ET0291,노지대파,DT_1J49: 파 | DT_1J60: 파,대파,종합 (see Yearbook 2025 pp.44–51),8566,2594,222241,"","","","",9.055556158175316,7.860956364876389,12.311517657618076,"",9.055556158175316,"","",0.0001753205544616,2019,2024,"",2024,high,1,0,0,-12,-7,2024,green_onion,106.5,115.45,1.071181717360447,2005Q1-2012Q4,115.45,131.9860029328318,4.882695878576266,4.882695878576266,4.802197240104135,approximate,TRUE,TRUE,FALSE,FALSE
large_green_onion,Large green onion,대파,open-field,vegetable,0,control_pool,2013,10_vegetables_spices.xls,DT_1ET0291,노지대파,DT_1J49: 파 | DT_1J60: 파,대파,종합 (see Yearbook 2025 pp.44–51),9336,2904,271086,"","","","",9.141633173966392,7.973844375944687,12.510191392692574,"",9.141633173966392,"","",-0.0001159712304126,2019,2024,"",2024,high,1,0,0,-11,-6,2024,green_onion,"",111.425,1.071181717360447,2005Q1-2012Q4,111.425,128.936100764668,4.859316938729294,4.859316938729294,"",approximate,TRUE,TRUE,FALSE,FALSE
large_green_onion,Large green onion,대파,open-field,vegetable,0,control_pool,2014,10_vegetables_spices.xls,DT_1ET0291,노지대파,DT_1J49: 파 | DT_1J60: 파,대파,종합 (see Yearbook 2025 pp.44–51),9935,3077,305726,"","","","",9.203819154985917,8.031710375322042,12.630444554965624,"",9.203819154985917,"","",0.00008521064575717219,2019,2024,"",2024,high,1,0,0,-10,-5,2024,green_onion,"",72.1,1.071181717360447,2005Q1-2012Q4,72.1,85.87910111312657,4.4529405061780505,4.4529405061780505,"",approximate,TRUE,TRUE,FALSE,FALSE
large_green_onion,Large green onion,대파,open-field,vegetable,0,control_pool,2015,10_vegetables_spices.xls,DT_1ET0291,노지대파,DT_1J49: 파 | DT_1J60: 파,대파,종합 (see Yearbook 2025 pp.44–51),8401,2793,234636,"","","","",9.036106025364846,7.934871565945177,12.365790656114276,"",9.036106025364846,"","",-0.000016749207658151022,2019,2024,"",2024,high,1,0,0,-9,-4,2024,green_onion,"",89.925,1.071181717360447,2005Q1-2012Q4,89.925,105.8198322495626,4.66173795223151,4.66173795223151,"",approximate,TRUE,TRUE,FALSE,FALSE
large_green_onion,Large green onion,대파,open-field,vegetable,0,control_pool,2016,10_vegetables_spices.xls,DT_1ET0291,노지대파,DT_1J49: 파 | DT_1J60: 파,대파,종합 (see Yearbook 2025 pp.44–51),8646,3062,264711,"","","","",9.064852065227576,8.026823576217629,12.486393943830778,"",9.064852065227576,"","",-0.0001115116263363,2019,2024,"",2024,high,1,0,0,-8,-3,2024,green_onion,"",120.35,1.071181717360447,2005Q1-2012Q4,120.35,138.29117849566228,4.929361451355523,4.929361451355523,"",approximate,TRUE,TRUE,FALSE,FALSE
large_green_onion,Large green onion,대파,open-field,vegetable,0,control_pool,2017,10_vegetables_spices.xls,DT_1ET0291,노지대파,DT_1J49: 파 | DT_1J60: 파,대파,종합 (see Yearbook 2025 pp.44–51),10871.8591,2956,321328,"","","","",9.293932995850016,7.991592282068092,12.68021768727646,"",9.293932995850016,"","",-0.0001374046535591,2019,2024,"",2024,high,1,0,0,-7,-2,2024,green_onion,"",102,1.071181717360447,2005Q1-2012Q4,102,110.50077049036662,4.705022493696997,4.705022493696997,"",approximate,TRUE,TRUE,FALSE,FALSE
large_green_onion,Large green onion,대파,open-field,vegetable,0,control_pool,2018,10_vegetables_spices.xls,DT_1ET0291,노지대파,DT_1J49: 파 | DT_1J60: 파,대파,종합 (see Yearbook 2025 pp.44–51),10057.4563,2841,285752,"","","","",9.216069558798347,7.951911381854188,12.562879580757672,"",9.216069558798347,"","",0.00006882609322822475,2019,2024,"",2024,high,1,0,0,-6,-1,2024,green_onion,"",99.57499999999999,1.071181717360447,2005Q1-2012Q4,99.575,107.46040009141193,4.6771224084596845,4.6771224084596845,"",approximate,TRUE,TRUE,FALSE,FALSE
large_green_onion,Large green onion,대파,open-field,vegetable,0,control_pool,2019,10_vegetables_spices.xls,DT_1ET0291,노지대파,DT_1J49: 파 | DT_1J60: 파,대파,종합 (see Yearbook 2025 pp.44–51),10519.8846,2900,305061,"","","","",9.261022516649785,7.972466015974565,12.628267035592216,"",9.261022516649785,"","",-0.00005131104404476616,2019,2024,"",2024,high,0,1,0,-5,0,2024,green_onion,"",75.55,1.071181717360447,2005Q1-2012Q4,75.55,82.87564625929575,4.417341246476174,4.417341246476174,"",approximate,TRUE,TRUE,FALSE,FALSE
large_green_onion,Large green onion,대파,open-field,vegetable,0,control_pool,2020,10_vegetables_spices.xls,DT_1ET0291,노지대파,DT_1J49: 파 | DT_1J60: 파,대파,종합 (see Yearbook 2025 pp.44–51),9738.2677,2929,285282,"","","","",9.1838185266092,7.982416346827733,12.56123344372859,"",9.1838185266092,"","",0.0001687562797485,2019,2024,"",2024,high,0,1,0,-4,1,2024,green_onion,"",100,1.071181717360447,2005Q1-2012Q4,100,98.90343407745031,4.594143960750319,4.594143960750319,"",approximate,TRUE,TRUE,FALSE,FALSE
large_green_onion,Large green onion,대파,open-field,vegetable,0,control_pool,2021,10_vegetables_spices.xls,DT_1ET0291,노지대파,DT_1J49: 파 | DT_1J60: 파,대파,종합 (see Yearbook 2025 pp.44–51),11400.3663,2953,336657,"","","","",9.341400765445329,7.990576881743923,12.726819886865822,"",9.341400765445329,"","",0.000012425664664306169,2019,2024,"",2024,high,0,1,0,-3,2,2024,green_onion,"",145.525,1.071181717360447,2005Q1-2012Q4,145.525,127.23801711308607,4.84605948292649,4.84605948292649,"",approximate,TRUE,TRUE,FALSE,FALSE
large_green_onion,Large green onion,대파,open-field,vegetable,0,control_pool,2022,10_vegetables_spices.xls,DT_1ET0291,노지대파,DT_1J49: 파 | DT_1J60: 파,대파,종합 (see Yearbook 2025 pp.44–51),9371.9088,3100,290532,"","","","",9.145472068466384,8.039157390473237,12.579469004112832,"",9.145472068466384,"","",0.00000973116130431606,2019,2024,"",2024,high,0,1,0,-2,3,2024,green_onion,"",96.325,1.071181717360447,2005Q1-2012Q4,96.325,88.38443256474238,4.481695851926987,4.481695851926987,"",approximate,TRUE,TRUE,FALSE,FALSE
large_green_onion,Large green onion,대파,open-field,vegetable,0,control_pool,2023,10_vegetables_spices.xls,DT_1ET0291,노지대파,DT_1J49: 파 | DT_1J60: 파,대파,종합 (see Yearbook 2025 pp.44–51),9989.1423,3034,303033,"","","","",9.20925401210092,8.017637159908478,12.621596989452234,"",9.20925401210092,"","",-0.0001239965690711,2019,2024,"",2024,high,0,1,0,-1,4,2024,green_onion,"",126.225,1.071181717360447,2005Q1-2012Q4,126.225,114.97703650672725,4.7447324258738375,4.7447324258738375,"",approximate,TRUE,TRUE,FALSE,FALSE
large_green_onion,Large green onion,대파,open-field,vegetable,0,control_pool,2024,10_vegetables_spices.xls,DT_1ET0291,노지대파,DT_1J49: 파 | DT_1J60: 파,대파,종합 (see Yearbook 2025 pp.44–51),12280.6143,3007,369249,"","","","",9.41577722487992,8.008698182988528,12.819226492197677,"",9.41577722487992,"","",-0.00007872968268252123,2019,2024,"",2024,high,0,0,1,0,5,2024,green_onion,"",131.1,1.071181717360447,2005Q1-2012Q4,131.1,110.87992163378664,4.70844782867535,4.70844782867535,"",approximate,TRUE,TRUE,FALSE,FALSE
leaf_lettuce,Leaf lettuce,상추,open-field,vegetable,0,control_pool,1980,09_vegetables_leafy.xls,DT_1ET0028,노지상추,DT_1J49: 상추 | DT_1J60: 상추,"","",3219.5,1665,53619.5,"","","","",8.076981346978238,7.417580402414544,10.889668086867696,"",8.076981346978238,"","",0.0002765234630057,"","","","",medium,1,0,0,"","",0,leaf_lettuce,25.55,"",1.1059802510512713,2005Q1-2012Q4,28.257795414359983,130.83571722610156,4.873942469224801,"",4.773210422476423,approximate,TRUE,TRUE,FALSE,FALSE
leaf_lettuce,Leaf lettuce,상추,open-field,vegetable,0,control_pool,1981,09_vegetables_leafy.xls,DT_1ET0028,노지상추,DT_1J49: 상추 | DT_1J60: 상추,"","",2570,1740,44725,"","","","",7.851661177889265,7.461640392208575,10.70828790837692,"",7.851661177889265,"","",0.0001565242671723,"","","","",medium,1,0,0,"","",0,leaf_lettuce,22.575,"",1.1059802510512713,2005Q1-2012Q4,24.96750416748245,86.74188398472894,4.462936858078297,"",4.362204811329919,approximate,TRUE,TRUE,FALSE,FALSE
leaf_lettuce,Leaf lettuce,상추,open-field,vegetable,0,control_pool,1982,09_vegetables_leafy.xls,DT_1ET0028,노지상추,DT_1J49: 상추 | DT_1J60: 상추,"","",2257,1806,40772,"","","","",7.721791776817535,7.498869733976931,10.615750850288304,"",7.721791776817535,"","",0.0002595254819297,"","","","",medium,1,0,0,"","",0,leaf_lettuce,23.925,"",1.1059802510512713,2005Q1-2012Q4,26.460577506401663,86.1650099790455,4.456264178546746,"",4.355532131798368,approximate,TRUE,TRUE,FALSE,FALSE
leaf_lettuce,Leaf lettuce,상추,open-field,vegetable,0,control_pool,1983,09_vegetables_leafy.xls,DT_1ET0028,노지상추,DT_1J49: 상추 | DT_1J60: 상추,"","",2342,1904,44600,"","","","",7.758760544157663,7.55171221535131,10.705489138008156,"",7.758760544157663,"","",0.000186564487274,"","","","",medium,1,0,0,"","",0,leaf_lettuce,27.2,"",1.1059802510512713,2005Q1-2012Q4,30.08266282859458,95.05884654105438,4.554496137102719,"",4.4537640903543405,approximate,TRUE,TRUE,FALSE,FALSE
leaf_lettuce,Leaf lettuce,상추,open-field,vegetable,0,control_pool,1984,09_vegetables_leafy.xls,DT_1ET0028,노지상추,DT_1J49: 상추 | DT_1J60: 상추,"","",3218,1868,60111,"","","","",8.076515327552329,7.532623618788788,11.003948132061856,"",8.076515327552329,"","",-0.000020628291169444424,"","","","",medium,1,0,0,"","",0,leaf_lettuce,26.925,"",1.1059802510512713,2005Q1-2012Q4,29.77851825955548,95.86979136512382,4.562990930859603,"",4.4622588841112245,approximate,TRUE,TRUE,FALSE,FALSE
leaf_lettuce,Leaf lettuce,상추,open-field,vegetable,0,control_pool,1985,09_vegetables_leafy.xls,DT_1ET0028,노지상추,DT_1J49: 상추 | DT_1J60: 상추,"","",2613,1908,49853,"","","","",7.868254265520613,7.553810852008231,10.816833954120831,"",7.868254265520613,"","",-0.00006097741992050487,"","","","",medium,1,0,0,"","",0,leaf_lettuce,34.775,"",1.1059802510512713,2005Q1-2012Q4,38.46046323030796,120.18019718956376,4.788992259689623,"",4.688260212941244,approximate,TRUE,TRUE,FALSE,FALSE
leaf_lettuce,Leaf lettuce,상추,open-field,vegetable,0,control_pool,1986,09_vegetables_leafy.xls,DT_1ET0028,노지상추,DT_1J49: 상추 | DT_1J60: 상추,"","",2981,1880,56050,"","","","",8.000014093678072,7.539027055823995,10.933999428500304,"",8.000014093678072,"","",0.0001284649863304,"","","","",medium,1,0,0,"","",0,leaf_lettuce,32.475,"",1.1059802510512713,2005Q1-2012Q4,35.91670865289004,115.00685239192164,4.744991712604784,"",4.6442596658564055,approximate,TRUE,TRUE,FALSE,FALSE
leaf_lettuce,Leaf lettuce,상추,open-field,vegetable,0,control_pool,1987,09_vegetables_leafy.xls,DT_1ET0028,노지상추,DT_1J49: 상추 | DT_1J60: 상추,"","",2468,1801,44439,"","","","",7.811163385025279,7.496097345175956,10.701872741250162,"",7.811163385025279,"","",-0.0002178029629824,"","","","",medium,1,0,0,"","",0,leaf_lettuce,30.525,"",1.1059802510512713,2005Q1-2012Q4,33.760047163340055,105.78395097934708,4.661398815851131,"",4.5606667691027525,approximate,TRUE,TRUE,FALSE,FALSE
leaf_lettuce,Leaf lettuce,상추,open-field,vegetable,0,control_pool,1988,09_vegetables_leafy.xls,DT_1ET0028,노지상추,DT_1J49: 상추 | DT_1J60: 상추,"","",2644,1869,49429,"","","","",7.880048200971577,7.533158807455563,10.80829257546719,"",7.880048200971577,"","",0.0002557530281421,"","","","",medium,1,0,0,"","",0,leaf_lettuce,37.95,"",1.1059802510512713,2005Q1-2012Q4,41.97195052739575,115.31111796367006,4.747633849024119,"",4.646901802275741,approximate,TRUE,TRUE,FALSE,FALSE
leaf_lettuce,Leaf lettuce,상추,open-field,vegetable,0,control_pool,1989,09_vegetables_leafy.xls,DT_1ET0028,노지상추,DT_1J49: 상추 | DT_1J60: 상추,"","",2292,1820,41714,"","","","",7.73718007783463,7.506591780070841,10.63859208285658,"",7.73718007783463,"","",-0.000009589060798731452,"","","","",medium,1,0,0,"","",0,leaf_lettuce,66.425,"",1.1059802510512713,2005Q1-2012Q4,73.46473817608069,192.2254841968152,5.258669079821641,"",5.157937033073262,approximate,TRUE,TRUE,FALSE,FALSE
leaf_lettuce,Leaf lettuce,상추,open-field,vegetable,0,control_pool,1990,09_vegetables_leafy.xls,DT_1ET0028,노지상추,DT_1J49: 상추 | DT_1J60: 상추,"","",2497,1714,42807,"","","","",7.822845290279774,7.446585099157725,10.664456919598685,"",7.822845290279774,"","",0.0001967161492775,"","","","",medium,1,0,0,"","",0,leaf_lettuce,64.025,"",1.1059802510512713,2005Q1-2012Q4,70.81038557355765,165.92873567545425,5.111558393019646,"",5.0108263462712666,approximate,TRUE,TRUE,FALSE,FALSE
leaf_lettuce,Leaf lettuce,상추,open-field,vegetable,0,control_pool,1991,09_vegetables_leafy.xls,DT_1ET0028,노지상추,DT_1J49: 상추 | DT_1J60: 상추,"","",2247,1882,42286,"","","","",7.717351272185329,7.540090320145325,10.652211340984817,"",7.717351272185329,"","",-0.00006006535774716326,"","","","",medium,1,0,0,"","",0,leaf_lettuce,37.325,"",1.1059802510512713,2005Q1-2012Q4,41.2807128704887,88.06105776179311,4.478030412085958,"",4.377298365337579,approximate,TRUE,TRUE,FALSE,FALSE
leaf_lettuce,Leaf lettuce,상추,open-field,vegetable,0,control_pool,1992,09_vegetables_leafy.xls,DT_1ET0028,노지상추,DT_1J49: 상추 | DT_1J60: 상추,"","",2344,1830,42886,"","","","",7.759614150696903,7.512071245835466,10.666300711329177,"",7.759614150696903,"","",-0.0002144992151009,"","","","",medium,1,0,0,"","",0,leaf_lettuce,31.700000000000003,"",1.1059802510512713,2005Q1-2012Q4,35.0595739583253,71.63282386271732,4.271553402754747,"",4.170821356006368,approximate,TRUE,TRUE,FALSE,FALSE
leaf_lettuce,Leaf lettuce,상추,open-field,vegetable,0,control_pool,1993,09_vegetables_leafy.xls,DT_1ET0028,노지상추,DT_1J49: 상추 | DT_1J60: 상추,"","",3076,1764,54261,"","","","",8.031385330625534,7.475339236566737,10.901561015825624,"",8.031385330625534,"","",0.000006634621444234767,"","","","",medium,1,0,0,"","",0,leaf_lettuce,34.775,"",1.1059802510512713,2005Q1-2012Q4,38.46046323030796,79.41618650756054,4.374702207773136,"",4.2739701610247565,approximate,TRUE,TRUE,FALSE,FALSE
leaf_lettuce,Leaf lettuce,상추,open-field,vegetable,0,control_pool,1994,09_vegetables_leafy.xls,DT_1ET0028,노지상추,DT_1J49: 상추 | DT_1J60: 상추,"","",2477,1738,43060,"","","","",7.814803429489359,7.460490305825338,10.670349770918357,"",7.814803429489359,"","",0.000226221591749,"","","","",medium,1,0,0,"","",0,leaf_lettuce,43.575,"",1.1059802510512713,2005Q1-2012Q4,48.193089439559145,91.60203430381912,4.517453479990456,"",4.416721433242077,approximate,TRUE,TRUE,FALSE,FALSE
leaf_lettuce,Leaf lettuce,상추,open-field,vegetable,0,control_pool,1995,09_vegetables_leafy.xls,DT_1ET0028,노지상추,DT_1J49: 상추 | DT_1J60: 상추,"","",2751,1859,51142,"","","","",7.919719760924575,7.527793987721444,10.84236135641054,"",7.919719760924575,"","",0.000017793752613570746,"","","","",medium,1,0,0,"","",0,leaf_lettuce,60.85,"",1.1059802510512713,2005Q1-2012Q4,67.29889827646986,116.00245055092437,4.753611316322229,"",4.65287926957385,approximate,TRUE,TRUE,FALSE,FALSE
leaf_lettuce,Leaf lettuce,상추,open-field,vegetable,0,control_pool,1996,09_vegetables_leafy.xls,DT_1ET0028,노지상추,DT_1J49: 상추 | DT_1J60: 상추,"","",2030,1858,37711,"","","","",7.615791072035833,7.527255919373784,10.537707108065746,"",7.615791072035833,"","",-0.0001696973557798,"","","","",medium,1,0,0,"","",0,leaf_lettuce,94.675,"",1.1059802510512713,2005Q1-2012Q4,104.70868026827912,171.7907972219504,5.146277441304869,"",5.04554539455649,approximate,TRUE,TRUE,FALSE,FALSE
leaf_lettuce,Leaf lettuce,상추,open-field,vegetable,0,control_pool,1997,09_vegetables_leafy.xls,DT_1ET0028,노지상추,DT_1J49: 상추 | DT_1J60: 상추,"","",2052,1971,40437,"","","","",7.62657020629066,7.58629630715272,10.60750048640638,"",7.62657020629066,"","",-0.0001958410489084,"","","","",medium,1,0,0,"","",0,leaf_lettuce,100.05,"",1.1059802510512713,2005Q1-2012Q4,110.65332411767967,186.4494970161996,5.228160408933873,"",5.127428362185494,approximate,TRUE,TRUE,FALSE,FALSE
leaf_lettuce,Leaf lettuce,상추,open-field,vegetable,0,control_pool,1998,09_vegetables_leafy.xls,DT_1ET0028,노지상추,DT_1J49: 상추 | DT_1J60: 상추,"","",2013,1956,39372,"","","","",7.607381425639791,7.578656850594762,10.580810182749104,"",7.607381425639791,"","",-0.000057907497360787374,"","","","",medium,1,0,0,"","",0,leaf_lettuce,84.55,"",1.1059802510512713,2005Q1-2012Q4,93.510630226385,158.71466182402045,5.067108010309811,"",4.966375963561432,approximate,TRUE,TRUE,FALSE,FALSE
leaf_lettuce,Leaf lettuce,상추,open-field,vegetable,0,control_pool,1999,09_vegetables_leafy.xls,DT_1ET0028,노지상추,DT_1J49: 상추 | DT_1J60: 상추,"","",2058,2070,42596,"","","","",7.629489916393995,7.635303886259415,10.659515631135276,"",7.629489916393995,"","",-0.0001079855300432,"","","","",medium,1,0,0,"","",0,leaf_lettuce,106.725,"",1.1059802510512713,2005Q1-2012Q4,118.03574229344692,186.9750586116269,5.23097523155075,"",5.130243184802372,approximate,TRUE,TRUE,FALSE,FALSE
leaf_lettuce,Leaf lettuce,상추,open-field,vegetable,0,control_pool,2000,09_vegetables_leafy.xls,DT_1ET0028,노지상추,DT_1J49: 상추 | DT_1J60: 상추,"","",1767,2065,36493,"","","","",7.477038472319696,7.632885505395133,10.504875740356372,"",7.477038472319696,"","",0.0001219486296335,"","","","",medium,1,0,0,"","",0,leaf_lettuce,155.625,"",1.1059802510512713,2005Q1-2012Q4,172.11817656985409,261.2167141675671,5.565350385276782,"",5.464618338528402,approximate,TRUE,TRUE,FALSE,FALSE
leaf_lettuce,Leaf lettuce,상추,open-field,vegetable,0,control_pool,2001,09_vegetables_leafy.xls,DT_1ET0028,노지상추,DT_1J49: 상추 | DT_1J60: 상추,"","",1316,2101,27655,"","","","",7.182352111885263,7.650168700845001,10.22756182242878,"",7.182352111885263,"","",0.0002111956866066,"","","","",medium,1,0,0,"","",0,leaf_lettuce,189.625,"",1.1059802510512713,2005Q1-2012Q4,209.7215051055973,308.39064342530384,5.7313673021410745,"",5.630635255392695,approximate,TRUE,TRUE,FALSE,FALSE
leaf_lettuce,Leaf lettuce,상추,open-field,vegetable,0,control_pool,2002,09_vegetables_leafy.xls,DT_1ET0028,노지상추,DT_1J49: 상추 | DT_1J60: 상추,"","",1544,2193,33862,"","","","",7.342131730584722,7.693025748417888,10.430048720688175,"",7.342131730584722,"","",0.0000614276736587982,"","","","",medium,1,0,0,"","",0,leaf_lettuce,197.54999999999998,"",1.1059802510512713,2005Q1-2012Q4,218.48639859517863,309.1437589662177,5.733806408080336,"",5.633074361331958,approximate,TRUE,TRUE,FALSE,FALSE
leaf_lettuce,Leaf lettuce,상추,open-field,vegetable,0,control_pool,2003,09_vegetables_leafy.xls,DT_1ET0028,노지상추,DT_1J49: 상추 | DT_1J60: 상추,"","",1611,2292,36932,"","","","",7.384610383176974,7.73718007783463,10.516833662892518,"",7.384610383176974,"","",0.0002133878690049,"","","","",medium,1,0,0,"","",0,leaf_lettuce,229.125,"",1.1059802510512713,2005Q1-2012Q4,253.4077250221225,338.46940174224915,5.824433694595229,"",5.72370164784685,approximate,TRUE,TRUE,FALSE,FALSE
leaf_lettuce,Leaf lettuce,상추,open-field,vegetable,0,control_pool,2004,09_vegetables_leafy.xls,DT_1ET0028,노지상추,DT_1J49: 상추 | DT_1J60: 상추,"","",1625,2265,36799,"","","","",7.393263094763838,7.725330037917135,10.513225949874762,"",7.393263094763838,"","",-0.0001969968181185,"","","","",medium,1,0,0,"","",0,leaf_lettuce,160.6,"",1.1059802510512713,2005Q1-2012Q4,177.62042831883417,229.87212848714256,5.437523191219025,"",5.336791144470647,approximate,TRUE,TRUE,FALSE,FALSE
leaf_lettuce,Leaf lettuce,상추,open-field,vegetable,0,control_pool,2005,09_vegetables_leafy.xls,DT_1ET0028,노지상추,DT_1J49: 상추 | DT_1J60: 상추,"","",1329,2267,30130,"","","","",7.192182058713246,7.726212650507529,10.313276632124348,"",7.192182058713246,"","",0.00005210889166384902,"","","","",medium,1,0,0,"","",0,leaf_lettuce,84.625,93.325,1.1059802510512713,2005Q1-2012Q4,93.325,131.92213554641168,4.8822118663132485,4.8822118663132485,4.784372085265964,approximate,TRUE,TRUE,FALSE,FALSE
leaf_lettuce,Leaf lettuce,상추,open-field,vegetable,0,control_pool,2006,09_vegetables_leafy.xls,DT_1ET0028,노지상추,DT_1J49: 상추 | DT_1J60: 상추,"","",1443,2241,32334,"","","","",7.274479558773871,7.714677473800927,10.383874587161552,"",7.274479558773871,"","",-0.0001122594251548,"","","","",medium,1,0,0,"","",0,leaf_lettuce,78.725,86.825,1.1059802510512713,2005Q1-2012Q4,86.825,122.24015260927555,4.805987573857185,4.805987573857185,4.708054209686157,approximate,TRUE,TRUE,FALSE,FALSE
leaf_lettuce,Leaf lettuce,상추,open-field,vegetable,0,control_pool,2007,09_vegetables_leafy.xls,DT_1ET0028,노지상추,DT_1J49: 상추 | DT_1J60: 상추,"","",1079,2225,24006,"","","","",6.983789965258135,7.707512194600341,10.08605907808529,"",6.983789965258135,"","",-0.00007289578509350747,"","","","",medium,1,0,0,"","",0,leaf_lettuce,84.45,93.1,1.1059802510512713,2005Q1-2012Q4,93.1,130.24188057996403,4.86939334149246,4.86939334149246,4.771877598230294,approximate,TRUE,TRUE,FALSE,FALSE
leaf_lettuce,Leaf lettuce,상추,open-field,vegetable,0,control_pool,2008,09_vegetables_leafy.xls,DT_1ET0028,노지상추,DT_1J49: 상추 | DT_1J60: 상추,"","",1062,2237,23757,"","","","",6.967909201801884,7.71289096149013,10.075632502878522,"",6.967909201801884,"","",0.0000025255745992325278,"","","","",medium,1,0,0,"","",0,leaf_lettuce,59.325,65.375,1.1059802510512713,2005Q1-2012Q4,65.375,91.79717767937233,4.519581552920414,4.519581552920414,4.422463617021135,approximate,TRUE,TRUE,FALSE,FALSE
leaf_lettuce,Leaf lettuce,상추,open-field,vegetable,0,control_pool,2009,09_vegetables_leafy.xls,DT_1ET0028,노지상추,DT_1J49: 상추 | DT_1J60: 상추,"","",1074,2028,21784,"","","","",6.97914527506881,7.614805364711073,9.988931034353596,"",6.97914527506881,"","",0.0001505805618027,"","","","",medium,1,0,0,"","",0,leaf_lettuce,80.975,89.275,1.1059802510512713,2005Q1-2012Q4,89.275,125.23131957564922,4.83016258373714,4.83016258373714,4.73258332975976,approximate,TRUE,TRUE,FALSE,FALSE
leaf_lettuce,Leaf lettuce,상추,open-field,vegetable,0,control_pool,2010,09_vegetables_leafy.xls,DT_1ET0028,노지상추,DT_1J49: 상추 | DT_1J60: 상추,"","",709,2039,14458,"","","","",6.563855526532128,7.620214770574455,9.579003173560242,"",6.563855526532128,"","",0.0001030624417506,"","","","",medium,1,0,0,"","",0,leaf_lettuce,122.875,135.475,1.1059802510512713,2005Q1-2012Q4,135.475,177.60966143044246,5.179588229024631,5.179588229024631,5.081819587391382,approximate,TRUE,TRUE,FALSE,FALSE
leaf_lettuce,Leaf lettuce,상추,open-field,vegetable,0,control_pool,2011,09_vegetables_leafy.xls,DT_1ET0028,노지상추,DT_1J49: 상추 | DT_1J60: 상추,"","",804,2123,17071,"","","","",6.689599269178967,7.660585461703256,9.745136396380753,"",6.689599269178967,"","",0.0001218514866216,"","","","",medium,1,0,0,"","",0,leaf_lettuce,90.325,101.5,1.1059802510512713,2005Q1-2012Q4,101.5,123.66513201950949,4.8175773643165805,4.8175773643165805,4.700897047118609,approximate,TRUE,TRUE,FALSE,FALSE
leaf_lettuce,Leaf lettuce,상추,open-field,vegetable,0,control_pool,2012,09_vegetables_leafy.xls,DT_1ET0028,노지상추,DT_1J49: 상추 | DT_1J60: 상추,"","",733,2139,15679,"","","","",6.597145701886651,7.668093709082406,9.66007751636045,"",6.597145701886651,"","",0.000008291379485214634,"","","","",medium,1,0,0,"","",0,leaf_lettuce,99.45,111.19999999999999,1.1059802510512713,2005Q1-2012Q4,111.2,127.04770958644608,4.844562681948782,4.844562681948782,4.73231662218609,approximate,TRUE,TRUE,FALSE,FALSE
leaf_lettuce,Leaf lettuce,상추,open-field,vegetable,0,control_pool,2013,09_vegetables_leafy.xls,DT_1ET0028,노지상추,DT_1J49: 상추 | DT_1J60: 상추,"","",619,2283,14131,"","","","",6.428105272684596,7.733245646529795,9.556126244582746,"",6.428105272684596,"","",-0.000054488643554506666,"","","","",medium,1,0,0,"","",0,leaf_lettuce,"",96.95,1.1059802510512713,2005Q1-2012Q4,96.95,113.46050719566068,4.731454822148087,4.731454822148087,"",approximate,TRUE,TRUE,FALSE,FALSE
leaf_lettuce,Leaf lettuce,상추,open-field,vegetable,0,control_pool,2014,09_vegetables_leafy.xls,DT_1ET0028,노지상추,DT_1J49: 상추 | DT_1J60: 상추,"","",788,2419,19059,"","","","",6.669498089857879,7.791109510610028,9.855294709934643,"",6.669498089857879,"","",-0.0001427045451709,"","","","",medium,1,0,0,"","",0,leaf_lettuce,"",86.35,1.1059802510512713,2005Q1-2012Q4,86.35,103.80203625073742,4.642485587598504,4.642485587598504,"",approximate,TRUE,TRUE,FALSE,FALSE
leaf_lettuce,Leaf lettuce,상추,open-field,vegetable,0,control_pool,2015,09_vegetables_leafy.xls,DT_1ET0028,노지상추,DT_1J49: 상추 | DT_1J60: 상추,"","",939,1946,18275,"","","","",6.844815479208263,7.57353126274595,9.81328928461798,"",6.844815479208263,"","",0.0001127286518585,"","","","",medium,1,0,0,"","",0,leaf_lettuce,"",91.575,1.1059802510512713,2005Q1-2012Q4,91.575,107.56801529860265,4.678123347949289,4.678123347949289,"",approximate,TRUE,TRUE,FALSE,FALSE
leaf_lettuce,Leaf lettuce,상추,open-field,vegetable,0,control_pool,2016,09_vegetables_leafy.xls,DT_1ET0028,노지상추,DT_1J49: 상추 | DT_1J60: 상추,"","",760,1839,13980,"","","","",6.633318433280377,7.516977224604321,9.5453830157878,"",6.633318433280377,"","",0.0002575438911947,"","","","",medium,1,0,0,"","",0,leaf_lettuce,"",105.625,1.1059802510512713,2005Q1-2012Q4,105.625,121.7211086024898,4.801732432796117,4.801732432796117,"",approximate,TRUE,TRUE,FALSE,FALSE
leaf_lettuce,Leaf lettuce,상추,open-field,vegetable,0,control_pool,2017,09_vegetables_leafy.xls,DT_1ET0028,노지상추,DT_1J49: 상추 | DT_1J60: 상추,"","",795.5946,1937,15411,"","","","",6.679089759626466,7.5688956634069955,9.642836819135375,"",6.679089759626466,"","",0.00002158209000668876,"","","","",medium,1,0,0,"","",0,leaf_lettuce,"",90.325,1.1059802510512713,2005Q1-2012Q4,90.325,99.8449052933094,4.6036180349577664,4.6036180349577664,"",approximate,TRUE,TRUE,FALSE,FALSE
leaf_lettuce,Leaf lettuce,상추,open-field,vegetable,0,control_pool,2018,09_vegetables_leafy.xls,DT_1ET0028,노지상추,DT_1J49: 상추 | DT_1J60: 상추,"","",732.4891,1981.32641,14513,"","","","",6.596448460234431,7.591521803443434,9.582800078470363,"",6.596448460234431,"","",7.805898150081703e-10,"","","","",medium,1,0,0,"","",0,leaf_lettuce,"",97.92500000000001,1.1059802510512713,2005Q1-2012Q4,97.925,106.0069245545296,4.663504417964546,4.663504417964546,"",approximate,TRUE,TRUE,FALSE,FALSE
leaf_lettuce,Leaf lettuce,상추,open-field,vegetable,0,control_pool,2019,09_vegetables_leafy.xls,DT_1ET0028,노지상추,DT_1J49: 상추 | DT_1J60: 상추,"","",713.236,1773,12644,"","","","",6.5698123614397,7.480428306074208,9.444938073335509,"",6.5698123614397,"","",-0.0001324081903071,"","","","",medium,1,0,0,"","",0,leaf_lettuce,"",95.475,1.1059802510512713,2005Q1-2012Q4,95.475,105.34352994282564,4.657226723488344,4.657226723488344,"",approximate,TRUE,TRUE,FALSE,FALSE
leaf_lettuce,Leaf lettuce,상추,open-field,vegetable,0,control_pool,2020,09_vegetables_leafy.xls,DT_1ET0028,노지상추,DT_1J49: 상추 | DT_1J60: 상추,"","",859.0538,1773,15233,"","","","",6.755831550989258,7.480428306074208,9.6312194061367,"",6.755831550989258,"","",0.0001297350613267,"","","","",medium,1,0,0,"","",0,leaf_lettuce,"",100.025,1.1059802510512713,2005Q1-2012Q4,100.025,98.97298618156016,4.594846946046729,4.594846946046729,"",approximate,TRUE,TRUE,FALSE,FALSE
leaf_lettuce,Leaf lettuce,상추,open-field,vegetable,0,control_pool,2021,09_vegetables_leafy.xls,DT_1ET0028,노지상추,DT_1J49: 상추 | DT_1J60: 상추,"","",772.4894,1894,14628,"","","","",6.64961828699491,7.546446273746024,9.590692779269272,"",6.64961828699491,"","",-0.0002015954835705,"","","","",medium,1,0,0,"","",0,leaf_lettuce,"",129.7,1.1059802510512713,2005Q1-2012Q4,129.7,115.92082763271276,4.752907437675628,4.752907437675628,"",approximate,TRUE,TRUE,FALSE,FALSE
leaf_lettuce,Leaf lettuce,상추,open-field,vegetable,0,control_pool,2022,09_vegetables_leafy.xls,DT_1ET0028,노지상추,DT_1J49: 상추 | DT_1J60: 상추,"","",833.9621,1920,16012,"","","","",6.726187957681069,7.560080465021827,9.681093720112464,"",6.726187957681069,"","",-0.000004516602340132181,"","","","",medium,1,0,0,"","",0,leaf_lettuce,"",120.05,1.1059802510512713,2005Q1-2012Q4,120.05,108.87707384979716,4.690219482980209,4.690219482980209,"",approximate,TRUE,TRUE,FALSE,FALSE
leaf_lettuce,Leaf lettuce,상추,open-field,vegetable,0,control_pool,2023,09_vegetables_leafy.xls,DT_1ET0028,노지상추,DT_1J49: 상추 | DT_1J60: 상추,"","",879.3715,1959,17226,"","","","",6.77920744776123,7.580189417944541,9.75417514934912,"",6.77920744776123,"","",-0.0000515303685606483,"","","","",medium,1,0,0,"","",0,leaf_lettuce,"",135.025,1.1059802510512713,2005Q1-2012Q4,135.025,122.473286666088,4.807892938172556,4.807892938172556,"",approximate,TRUE,TRUE,FALSE,FALSE
leaf_lettuce,Leaf lettuce,상추,open-field,vegetable,0,control_pool,2024,09_vegetables_leafy.xls,DT_1ET0028,노지상추,DT_1J49: 상추 | DT_1J60: 상추,"","",988.0147,1920,18970,"","","","",6.8956975761796935,7.560080465021827,9.85061406292906,"",6.8956975761796935,"","",0.000006207715630424104,"","","","",medium,1,0,0,"","",0,leaf_lettuce,"",154.325,1.1059802510512713,2005Q1-2012Q4,154.325,133.1278529511,4.891309966852649,4.891309966852649,"",approximate,TRUE,TRUE,FALSE,FALSE
malting_barley,Malting barley,맥주보리,malting,grain,0,control_pool,1980,07_barely.xlsx,DT_1ET0231,맥주보리,DT_1J49: 맥주맥 | DT_1J60: 맥주보리,"","",33863,258,87205,"","","","",10.4300782518805,5.552959584921617,11.37601694770277,"",10.4300782518805,"","",-0.0018507031112573,2021,2025,2024,2025,low,1,0,0,-45,-41,0,malting_barley,31.45,"",1.1219584736326451,2005Q1-2012Q4,35.285593995746694,158.24675340508577,5.064155545206165,"",4.949079749813182,approximate,FALSE,FALSE,FALSE,FALSE
malting_barley,Malting barley,맥주보리,malting,grain,0,control_pool,1981,07_barely.xlsx,DT_1ET0231,맥주보리,DT_1J49: 맥주맥 | DT_1J60: 맥주보리,"","",32583,269,87805,"","","","",10.391545958948146,5.594711379601839,11.382873725609954,"",10.391545958948146,"","",0.0017865730480615,2021,2025,2024,2025,low,1,0,0,-44,-40,0,malting_barley,35.6,"",1.1219584736326451,2005Q1-2012Q4,39.94172166132218,136.8618588682309,4.918972087693044,"",4.803896292300061,approximate,FALSE,FALSE,FALSE,FALSE
malting_barley,Malting barley,맥주보리,malting,grain,0,control_pool,1982,07_barely.xlsx,DT_1ET0231,맥주보리,DT_1J49: 맥주맥 | DT_1J60: 맥주보리,"","",29956,265,79426,"","","","",10.307484917369258,5.579729825986222,11.282581049552634,"",10.307484917369258,"","",0.0005364921852457,2021,2025,2024,2025,low,1,0,0,-43,-39,0,malting_barley,39.900000000000006,"",1.1219584736326451,2005Q1-2012Q4,44.76614309794255,144.89002023258104,4.975974973473598,"",4.860899178080615,approximate,FALSE,FALSE,FALSE,FALSE
malting_barley,Malting barley,맥주보리,malting,grain,0,control_pool,1983,07_barely.xlsx,DT_1ET0231,맥주보리,DT_1J49: 맥주맥 | DT_1J60: 맥주보리,"","",33048,239,78901,"","","","",10.4057163290766,5.476463551931511,11.275949181024878,"",10.4057163290766,"","",-0.0010605139951422,2021,2025,2024,2025,low,1,0,0,-42,-38,0,malting_barley,42.3,"",1.1219584736326451,2005Q1-2012Q4,47.4588434346609,150.62599261712177,5.014799894212396,"",4.899724098819414,approximate,FALSE,FALSE,FALSE,FALSE
malting_barley,Malting barley,맥주보리,malting,grain,0,control_pool,1984,07_barely.xlsx,DT_1ET0231,맥주보리,DT_1J49: 맥주맥 | DT_1J60: 맥주보리,"","",50737,260,131859,"","","","",10.834410706454594,5.560681631015528,11.789488448837533,"",10.834410706454594,"","",-0.0004337026444982,2021,2025,2024,2025,low,1,0,0,-41,-37,0,malting_barley,42.9,"",1.1219584736326451,2005Q1-2012Q4,48.13201851884048,154.80945828739797,5.042195059336885,"",4.927119263943903,approximate,FALSE,FALSE,FALSE,FALSE
malting_barley,Malting barley,맥주보리,malting,grain,0,control_pool,1985,07_barely.xlsx,DT_1ET0231,맥주보리,DT_1J49: 맥주맥 | DT_1J60: 맥주보리,"","",72634,253,183950,"","","","",11.193188410744735,5.53338948872752,12.12241926053292,"",11.193188410744735,"","",0.0010115470487548,2021,2025,2024,2025,low,1,0,0,-40,-36,0,malting_barley,44.5,"",1.1219584736326451,2005Q1-2012Q4,49.92715207665272,154.9822837406395,5.043310811939194,"",4.928235016546212,approximate,FALSE,FALSE,FALSE,FALSE
malting_barley,Malting barley,맥주보리,malting,grain,0,control_pool,1986,07_barely.xlsx,DT_1ET0231,맥주보리,DT_1J49: 맥주맥 | DT_1J60: 맥주보리,"","",49732,276,137004,"","","","",10.814403868072828,5.62040086571715,11.827765401464328,"",10.814403868072828,"","",-0.0018691463375581,2021,2025,2024,2025,low,1,0,0,-39,-35,0,malting_barley,47.1,"",1.1219584736326451,2005Q1-2012Q4,52.8442441080976,170.58384447319867,5.139226932292046,"",5.024151136899064,approximate,FALSE,FALSE,FALSE,FALSE
malting_barley,Malting barley,맥주보리,malting,grain,0,control_pool,1987,07_barely.xlsx,DT_1ET0231,맥주보리,DT_1J49: 맥주맥 | DT_1J60: 맥주보리,"","",45161,285,128738,"","","","",10.71798916150825,5.652489180268651,11.765534610298737,"",10.71798916150825,"","",0.0002264545099261,2021,2025,2024,2025,low,1,0,0,-38,-34,0,malting_barley,49.55,"",1.1219584736326451,2005Q1-2012Q4,55.59304236849758,174.6650127490402,5.162869926614056,"",5.047794131221075,approximate,FALSE,FALSE,FALSE,FALSE
malting_barley,Malting barley,맥주보리,malting,grain,0,control_pool,1988,07_barely.xlsx,DT_1ET0231,맥주보리,DT_1J49: 맥주맥 | DT_1J60: 맥주보리,"","",44869,320,143620,"","","","",10.711502412115928,5.768320995793772,11.874926201664309,"",10.711502412115928,"","",0.0002729797426983,2021,2025,2024,2025,low,1,0,0,-37,-33,0,malting_barley,52.8,"",1.1219584736326451,2005Q1-2012Q4,59.23940740780368,162.26243875877267,5.089215016798335,"",4.974139221405354,approximate,FALSE,FALSE,FALSE,FALSE
malting_barley,Malting barley,맥주보리,malting,grain,0,control_pool,1989,07_barely.xlsx,DT_1ET0231,맥주보리,DT_1J49: 맥주맥 | DT_1J60: 맥주보리,"","",44672,317,141636,"","","","",10.707102186122045,5.75890177387728,11.861015665217067,"",10.707102186122045,"","",0.0001818912058357,2021,2025,2024,2025,low,1,0,0,-36,-32,0,malting_barley,57.45,"",1.1219584736326451,2005Q1-2012Q4,64.45651431019547,168.2431337374768,5.125410157810824,"",5.010334362417842,approximate,FALSE,FALSE,FALSE,FALSE
malting_barley,Malting barley,맥주보리,malting,grain,0,control_pool,1990,07_barely.xlsx,DT_1ET0231,맥주보리,DT_1J49: 맥주맥 | DT_1J60: 맥주보리,"","",44101,295,130077,"","","","",10.694237736914808,5.68697535633982,11.77588186178506,"",10.694237736914808,"","",-0.0001610454814748,2021,2025,2024,2025,low,1,0,0,-35,-31,0,malting_barley,62.449999999999996,"",1.1219584736326451,2005Q1-2012Q4,70.0663066783587,163.44529337707405,5.096478337265099,"",4.981402541872117,approximate,FALSE,FALSE,FALSE,FALSE
malting_barley,Malting barley,맥주보리,malting,grain,0,control_pool,1991,07_barely.xlsx,DT_1ET0231,맥주보리,DT_1J49: 맥주맥 | DT_1J60: 맥주보리,"","",43737,301,131586,"","","","",10.685949704772932,5.707110264748875,11.78741590923556,"",10.685949704772932,"","",-0.0004738742981551,2021,2025,2024,2025,low,1,0,0,-34,-30,0,malting_barley,68.4,"",1.1219584736326451,2005Q1-2012Q4,76.74195959647294,163.64981863664335,5.097728892707305,"",4.982653097314323,approximate,FALSE,FALSE,FALSE,FALSE
malting_barley,Malting barley,맥주보리,malting,grain,0,control_pool,1992,07_barely.xlsx,DT_1ET0231,맥주보리,DT_1J49: 맥주맥 | DT_1J60: 맥주보리,"","",37201,337,125288,"","","","",10.524090921620362,5.820082930352362,11.73837036614627,"",10.524090921620362,"","",-0.0006332998383609,2021,2025,2024,2025,low,1,0,0,-33,-29,0,malting_barley,74.2,"",1.1219584736326451,2005Q1-2012Q4,83.24931874354229,169.85947684036896,5.134971488401099,"",5.0198956930081176,approximate,FALSE,FALSE,FALSE,FALSE
malting_barley,Malting barley,맥주보리,malting,grain,0,control_pool,1993,07_barely.xlsx,DT_1ET0231,맥주보리,DT_1J49: 맥주맥 | DT_1J60: 맥주보리,"","",47565,298,141765,"","","","",10.769852475640558,5.697093486505405,11.861926036097266,"",10.769852475640558,"","",0.0001502599393958,2021,2025,2024,2025,low,1,0,0,-32,-28,0,malting_barley,78.6,"",1.1219584736326451,2005Q1-2012Q4,88.18593602752593,181.99405147195492,5.203974002322627,"",5.0888982069296445,approximate,FALSE,FALSE,FALSE,FALSE
malting_barley,Malting barley,맥주보리,malting,grain,0,control_pool,1994,07_barely.xlsx,DT_1ET0231,맥주보리,DT_1J49: 맥주맥 | DT_1J60: 맥주보리,"","",38247,318,121520,"","","","",10.551820404806232,5.762051382780177,11.707834137269655,"",10.551820404806232,"","",-0.0008674643286621,2021,2025,2024,2025,low,1,0,0,-31,-27,0,malting_barley,82.5,"",1.1219584736326451,2005Q1-2012Q4,92.56157407469324,177.05434973514673,5.176456746090903,"",5.06138095069792,approximate,FALSE,FALSE,FALSE,FALSE
malting_barley,Malting barley,맥주보리,malting,grain,0,control_pool,1995,07_barely.xlsx,DT_1ET0231,맥주보리,DT_1J49: 맥주맥 | DT_1J60: 맥주보리,"","",41722,335,139712,"","","","",10.638783846604232,5.814130531825066,11.847338439909617,"",10.638783846604232,"","",-0.0004057525315914,2021,2025,2024,2025,low,1,0,0,-30,-26,0,malting_barley,84.5,"",1.1219584736326451,2005Q1-2012Q4,94.80549102195852,163.00560386697308,5.093784579767781,"",4.978708784374799,approximate,FALSE,FALSE,FALSE,FALSE
malting_barley,Malting barley,맥주보리,malting,grain,0,control_pool,1996,07_barely.xlsx,DT_1ET0231,맥주보리,DT_1J49: 맥주맥 | DT_1J60: 맥주보리,"","",42775,325,138933,"","","","",10.663709098760394,5.783825182329737,11.84174708151806,"",10.663709098760394,"","",-0.0006170135839784,2021,2025,2024,2025,low,1,0,0,-29,-25,0,malting_barley,84.5,"",1.1219584736326451,2005Q1-2012Q4,94.80549102195852,155.5184102247606,5.046764118339668,"",4.931688322946687,approximate,FALSE,FALSE,FALSE,FALSE
malting_barley,Malting barley,맥주보리,malting,grain,0,control_pool,1997,07_barely.xlsx,DT_1ET0231,맥주보리,DT_1J49: 맥주맥 | DT_1J60: 맥주보리,"","",34746,300,104185,"","","","",10.455819736453844,5.703782474656201,11.5539234440043,"",10.455819736453844,"","",-0.0005085811176535,2021,2025,2024,2025,low,1,0,0,-28,-24,0,malting_barley,84.5,"",1.1219584736326451,2005Q1-2012Q4,94.80549102195852,159.7515328257677,5.073619688365087,"",4.958543892972104,approximate,FALSE,FALSE,FALSE,FALSE
malting_barley,Malting barley,맥주보리,malting,grain,0,control_pool,1998,07_barely.xlsx,DT_1ET0231,맥주보리,DT_1J49: 맥주맥 | DT_1J60: 맥주보리,"","",34443,263,90607,"","","","",10.447061062761922,5.572154032177765,11.41428675173962,"",10.447061062761922,"","",0.0002418427880233,2021,2025,2024,2025,low,1,0,0,-27,-23,0,malting_barley,87.175,"",1.1219584736326451,2005Q1-2012Q4,97.80672993892586,166.24022078269243,5.113433855446116,"",4.998358060053134,approximate,FALSE,FALSE,FALSE,FALSE
malting_barley,Malting barley,맥주보리,malting,grain,0,control_pool,1999,07_barely.xlsx,DT_1ET0231,맥주보리,DT_1J49: 맥주맥 | DT_1J60: 맥주보리,"","",29368,329,96772,"","","","",10.28766092517667,5.796057750765372,11.480112975223678,"",10.28766092517667,"","",0.0015644852697267,2021,2025,2024,2025,low,1,0,0,-26,-22,0,malting_barley,91.35,"",1.1219584736326451,2005Q1-2012Q4,102.49090656634216,162.98954021908932,5.093686028312717,"",4.978610232919735,approximate,FALSE,FALSE,FALSE,FALSE
malting_barley,Malting barley,맥주보리,malting,grain,0,control_pool,2000,07_barely.xlsx,DT_1ET0231,맥주보리,DT_1J49: 맥주맥 | DT_1J60: 맥주보리,"","",28048,246,69087,"","","","",10.241672607161016,5.5053315359323625,11.143121858916126,"",10.241672607161016,"","",0.0012879018108389,2021,2025,2024,2025,low,1,0,0,-25,-21,0,malting_barley,95.5,"",1.1219584736326451,2005Q1-2012Q4,107.14703423191764,163.73522698523843,5.098250653561533,"",4.983174858168551,approximate,FALSE,FALSE,FALSE,FALSE
malting_barley,Malting barley,맥주보리,malting,grain,0,control_pool,2001,07_barely.xlsx,DT_1ET0231,맥주보리,DT_1J49: 맥주맥 | DT_1J60: 맥주보리,"","",29011,305,88588,"","","","",10.275430347393456,5.720311776607412,11.391751687239736,"",10.275430347393456,"","",0.00117974922696,2021,2025,2024,2025,low,1,0,0,-24,-20,0,malting_barley,99.6,"",1.1219584736326451,2005Q1-2012Q4,111.74706397381148,164.18261396256543,5.100979308114887,"",4.9859035127219045,approximate,FALSE,FALSE,FALSE,FALSE
malting_barley,Malting barley,맥주보리,malting,grain,0,control_pool,2002,07_barely.xlsx,DT_1ET0231,맥주보리,DT_1J49: 맥주맥 | DT_1J60: 맥주보리,"","",30323,293,88863,"","","","",10.319661779452645,5.680172609017068,11.394851136892326,"",10.319661779452645,"","",0.0001869344107063,2021,2025,2024,2025,low,1,0,0,-23,-19,0,malting_barley,101.2,"",1.1219584736326451,2005Q1-2012Q4,113.54219753162371,161.2329899105413,5.082850461184658,"",4.967774665791676,approximate,FALSE,FALSE,FALSE,FALSE
malting_barley,Malting barley,맥주보리,malting,grain,0,control_pool,2003,07_barely.xlsx,DT_1ET0231,맥주보리,DT_1J49: 맥주맥 | DT_1J60: 맥주보리,"","",28463,274,77891,"","","","",10.256360277191789,5.613128106388071,11.263065692450144,"",10.256360277191789,"","",-0.0012525051416201,2021,2025,2024,2025,low,1,0,0,-22,-18,0,malting_barley,101.2,"",1.1219584736326451,2005Q1-2012Q4,113.54219753162371,151.82892485375396,5.022754392618639,"",4.907678597225656,approximate,FALSE,FALSE,FALSE,FALSE
malting_barley,Malting barley,맥주보리,malting,grain,0,control_pool,2004,07_barely.xlsx,DT_1ET0231,맥주보리,DT_1J49: 맥주맥 | DT_1J60: 맥주보리,"","",24336,301,73232,"","","","",10.099712014499074,5.707110264748875,11.201387762893424,"",10.099712014499074,"","",-0.0002643303664342,2021,2025,2024,2025,low,1,0,0,-21,-17,0,malting_barley,101.2,"",1.1219584736326451,2005Q1-2012Q4,113.54219753162371,149.44926102686105,5.006956944099864,"",4.891881148706881,approximate,FALSE,FALSE,FALSE,FALSE
malting_barley,Malting barley,맥주보리,malting,grain,0,control_pool,2005,07_barely.xlsx,DT_1ET0231,맥주보리,DT_1J49: 맥주맥 | DT_1J60: 맥주보리,"","",22332,334,74494,"","","","",10.01377590643025,5.811140992976701,11.218473864211628,"",10.01377590643025,"","",-0.0012728492072326,2021,2025,2024,2025,low,1,0,0,-20,-16,0,malting_barley,100.5,111.25,1.1219584736326451,2005Q1-2012Q4,111.25,154.4188950123318,5.039669007126093,5.039669007126093,4.938044942544117,approximate,FALSE,FALSE,FALSE,FALSE
malting_barley,Malting barley,맥주보리,malting,grain,0,control_pool,2006,07_barely.xlsx,DT_1ET0231,맥주보리,DT_1J49: 맥주맥 | DT_1J60: 맥주보리,"","",23520,271,63685,"","","","",10.065606402012564,5.602118820879701,11.06170433502386,"",10.065606402012564,"","",-0.0008507018803118,2021,2025,2024,2025,low,1,0,0,-19,-15,0,malting_barley,101.5,112.35000000000001,1.1219584736326451,2005Q1-2012Q4,112.35,158.90411817440906,5.068300989974672,5.068300989974672,4.966741381611468,approximate,FALSE,FALSE,FALSE,FALSE
malting_barley,Malting barley,맥주보리,malting,grain,0,control_pool,2007,07_barely.xlsx,DT_1ET0231,맥주보리,DT_1J49: 맥주맥 | DT_1J60: 맥주보리,"","",21814,319,69659,"","","","",9.990307244488688,5.765191102784844,11.15136718837624,"",9.990307244488688,"","",0.0010390270907976,2021,2025,2024,2025,low,1,0,0,-18,-14,0,malting_barley,99,109.6,1.1219584736326451,2005Q1-2012Q4,109.6,152.0876780009444,5.024457183497986,5.024457183497986,4.92273677556413,approximate,FALSE,FALSE,FALSE,FALSE
malting_barley,Malting barley,맥주보리,malting,grain,0,control_pool,2008,07_barely.xlsx,DT_1ET0231,맥주보리,DT_1J49: 맥주맥 | DT_1J60: 맥주보리,"","",19362,340,65898,"","","","",9.871067661280016,5.828945617610208,11.0958633710164,"",9.871067661280016,"","",0.001020278114268,2021,2025,2024,2025,low,1,0,0,-17,-13,0,malting_barley,95.07499999999999,105.275,1.1219584736326451,2005Q1-2012Q4,105.275,147.2017673176332,4.991804212456623,4.991804212456623,4.88989315959591,approximate,FALSE,FALSE,FALSE,FALSE
malting_barley,Malting barley,맥주보리,malting,grain,0,control_pool,2009,07_barely.xlsx,DT_1ET0231,맥주보리,DT_1J49: 맥주맥 | DT_1J60: 맥주보리,"","",16890,317,53550,"","","","",9.734477009801846,5.75890177387728,10.888371075875895,"",9.734477009801846,"","",0.0001624781848601,2021,2025,2024,2025,low,1,0,0,-16,-12,0,malting_barley,87.2,96.625,1.1219584736326451,2005Q1-2012Q4,96.625,135.00034416427235,4.90527732780016,4.90527732780016,4.802640607828631,approximate,FALSE,FALSE,FALSE,FALSE
malting_barley,Malting barley,맥주보리,malting,grain,0,control_pool,2010,07_barely.xlsx,DT_1ET0231,맥주보리,DT_1J49: 맥주맥 | DT_1J60: 맥주보리,"","",11995,218,26188,"","","","",9.392245175273796,5.384495062789089,10.173056569560982,"",9.392245175273796,"","",0.0014865174861888,2021,2025,2024,2025,low,1,0,0,-15,-11,0,malting_barley,82.35,91.25,1.1219584736326451,2005Q1-2012Q4,91.25,120.01297254296423,4.787599841463875,4.787599841463875,4.684968974063362,approximate,FALSE,FALSE,FALSE,FALSE
malting_barley,Malting barley,맥주보리,malting,grain,0,control_pool,2011,07_barely.xlsx,DT_1ET0231,맥주보리,DT_1J49: 맥주맥 | DT_1J60: 맥주보리,"","",6994,288,20173,"","","","",8.852807917623322,5.662960480135946,9.912100355634353,"",8.852807917623322,"","",0.0015021438631759,2021,2025,2024,2025,low,1,0,0,-14,-10,0,malting_barley,76.2,84.85,1.1219584736326451,2005Q1-2012Q4,84.85,103.6347927501584,4.640873110801381,4.640873110801381,4.533172098051432,approximate,FALSE,FALSE,FALSE,FALSE
malting_barley,Malting barley,맥주보리,malting,grain,0,control_pool,2012,07_barely.xlsx,DT_1ET0231,맥주보리,DT_1J49: 맥주맥 | DT_1J60: 맥주보리,"","",3748,270,10109,"","","","",8.228977643358313,5.598421958998375,9.221181395154058,"",8.228977643358313,"","",-0.0010480212145385,2021,2025,2024,2025,low,1,0,0,-13,-9,0,malting_barley,75,91.325,1.1219584736326451,2005Q1-2012Q4,91.325,104.03047251543462,4.644683861179906,4.644683861179906,4.445723155590692,approximate,FALSE,FALSE,FALSE,FALSE
malting_barley,Malting barley,맥주보리,malting,grain,0,control_pool,2013,07_barely.xlsx,DT_1ET0231,맥주보리,DT_1J49: 맥주맥 | DT_1J60: 맥주보리,"","",4497,268,12046,"","","","",8.411165786770708,5.5909869805108565,9.396487933603666,"",8.411165786770708,"","",-0.0004946476898073,2021,2025,2024,2025,low,1,0,0,-12,-8,0,malting_barley,"",97.2,1.1219584736326451,2005Q1-2012Q4,97.2,113.38746245122664,4.730810824786574,4.730810824786574,"",approximate,FALSE,FALSE,FALSE,FALSE
malting_barley,Malting barley,맥주보리,malting,grain,0,control_pool,2014,07_barely.xlsx,DT_1ET0231,맥주보리,DT_1J49: 맥주맥 | DT_1J60: 맥주보리,"","",5732,320,18371,"","","","",8.653819788948063,5.768320995793772,9.818528613308937,"",8.653819788948063,"","",0.0015580145551936,2021,2025,2024,2025,low,1,0,0,-11,-7,0,malting_barley,"",112.025,1.1219584736326451,2005Q1-2012Q4,112.025,133.94789317512476,4.897450867424407,4.897450867424407,"",approximate,FALSE,FALSE,FALSE,FALSE
malting_barley,Malting barley,맥주보리,malting,grain,0,control_pool,2015,07_barely.xlsx,DT_1ET0231,맥주보리,DT_1J49: 맥주맥 | DT_1J60: 맥주보리,"","",8030,256,20586,"","","","",8.990939806940807,5.545177444479562,9.932366512086505,"",8.990939806940807,"","",0.0014194466542267,2021,2025,2024,2025,low,1,0,0,-10,-6,0,malting_barley,"",123.3,1.1219584736326451,2005Q1-2012Q4,123.3,144.75809244888265,4.97506402127301,4.97506402127301,"",approximate,FALSE,FALSE,FALSE,FALSE
malting_barley,Malting barley,맥주보리,malting,grain,0,control_pool,2016,07_barely.xlsx,DT_1ET0231,맥주보리,DT_1J49: 맥주맥 | DT_1J60: 맥주보리,"","",9233,232,21418,"","","","",9.130539301772629,5.44673737166631,9.97198696896082,"",9.130539301772629,"","",-0.0001195184900257,2021,2025,2024,2025,low,1,0,0,-9,-5,0,malting_barley,"",117.6,1.1219584736326451,2005Q1-2012Q4,117.6,135.70184827728477,4.9104601870670415,4.9104601870670415,"",approximate,FALSE,FALSE,FALSE,FALSE
malting_barley,Malting barley,맥주보리,malting,grain,0,control_pool,2017,07_barely.xlsx,DT_1ET0231,맥주보리,DT_1J49: 맥주맥 | DT_1J60: 맥주보리,"","",8155,283,23072,"","","","",9.006386515055114,5.645446897643238,10.046375040084676,"",9.006386515055114,"","",-0.0002881866255837,2021,2025,2024,2025,low,1,0,0,-8,-4,0,malting_barley,"",110.95,1.1219584736326451,2005Q1-2012Q4,110.95,120.83917395731356,4.79446052065692,4.79446052065692,"",approximate,FALSE,FALSE,FALSE,FALSE
malting_barley,Malting barley,맥주보리,malting,grain,0,control_pool,2018,07_barely.xlsx,DT_1ET0231,맥주보리,DT_1J49: 맥주맥 | DT_1J60: 맥주보리,"","",10700,230,24590,"","","","",9.277999020449997,5.438079308923196,10.11009513521024,"",9.277999020449997,"","",-0.0008130081748625,2021,2025,2024,2025,low,1,0,0,-7,-3,0,malting_barley,"",109.80000000000001,1.1219584736326451,2005Q1-2012Q4,109.8,118.91992275408892,4.778450348567702,4.778450348567702,"",approximate,FALSE,FALSE,FALSE,FALSE
malting_barley,Malting barley,맥주보리,malting,grain,0,control_pool,2019,07_barely.xlsx,DT_1ET0231,맥주보리,DT_1J49: 맥주맥 | DT_1J60: 맥주보리,"","",10634,340,36137,"","","","",9.271811694064285,5.828945617610208,10.495072550185991,"",9.271811694064285,"","",-0.0005145755004072,2021,2025,2024,2025,low,1,0,0,-6,-2,0,malting_barley,"",108.3,1.1219584736326451,2005Q1-2012Q4,108.3,118.24451937356382,4.772754678505678,4.772754678505678,"",approximate,FALSE,FALSE,FALSE,FALSE
malting_barley,Malting barley,맥주보리,malting,grain,0,control_pool,2020,07_barely.xlsx,DT_1ET0231,맥주보리,DT_1J49: 맥주맥 | DT_1J60: 맥주보리,"","",8170,292,23850,"","","","",9.008224187854047,5.676753802268282,10.079539496316489,"",9.008224187854047,"","",-0.0002683078177518,2021,2025,2024,2025,low,1,0,0,-5,-1,0,malting_barley,"",100.02499999999999,1.1219584736326451,2005Q1-2012Q4,100.025,100.33903215706206,4.6085547733753645,4.6085547733753645,"",approximate,FALSE,FALSE,FALSE,FALSE
malting_barley,Malting barley,맥주보리,malting,grain,0,control_pool,2021,07_barely.xlsx,DT_1ET0231,맥주보리,DT_1J49: 맥주맥 | DT_1J60: 맥주보리,"","",7175,322,23131,"","","","",8.878358040627822,5.7745515455444085,10.0489289881863,"",8.878358040627822,"","",0.0011895880021626,2021,2025,2024,2025,low,0,1,0,-4,0,0,malting_barley,"",89.825,1.1219584736326451,2005Q1-2012Q4,89.825,79.87302195305266,4.380438148110028,4.380438148110028,"",approximate,FALSE,FALSE,FALSE,FALSE
malting_barley,Malting barley,맥주보리,malting,grain,0,control_pool,2022,07_barely.xlsx,DT_1ET0231,맥주보리,DT_1J49: 맥주맥 | DT_1J60: 맥주보리,"","",6040,295,17794,"","","","",8.706159290928861,5.68697535633982,9.786616600804711,"",8.706159290928861,"","",-0.0013478604758763,2021,2025,2024,2025,low,0,1,0,-3,1,0,malting_barley,"",88.4,1.1219584736326451,2005Q1-2012Q4,88.4,81.06017235720458,4.395191747489594,4.395191747489594,"",approximate,FALSE,FALSE,FALSE,FALSE
malting_barley,Malting barley,맥주보리,malting,grain,0,control_pool,2023,07_barely.xlsx,DT_1ET0231,맥주보리,DT_1J49: 맥주맥 | DT_1J60: 맥주보리,"","",5949,257,15294,"","","","",8.690978417187905,5.54907608489522,9.63521587360417,"",8.690978417187905,"","",0.0003315575091367,2021,2025,2024,2025,low,0,1,0,-2,2,0,malting_barley,"",88.4,1.1219584736326451,2005Q1-2012Q4,88.4,80.79378929614141,4.391900097426008,4.391900097426008,"",approximate,FALSE,FALSE,FALSE,FALSE
malting_barley,Malting barley,맥주보리,malting,grain,0,control_pool,2024,07_barely.xlsx,DT_1ET0231,맥주보리,DT_1J49: 맥주맥 | DT_1J60: 맥주보리,"","",5468,200,10913,"","","","",8.60666819784384,5.298317366548036,9.29771001811309,"",8.60666819784384,"","",-0.0021053602906953,2021,2025,2024,2025,low,0,1,0,-1,3,0,malting_barley,"",90.5,1.1219584736326451,2005Q1-2012Q4,90.5,77.35913030080205,4.348458608848159,4.348458608848159,"",approximate,FALSE,FALSE,FALSE,FALSE
mung_bean,Mung bean,녹두,all,pulse,0,control_pool,1980,04_beans.xlsx,DT_1ET0025,녹두,DT_1J49: 녹두 | DT_1J60: nan,"","",6472,84,5407,"","","","",8.775240458738327,4.430816798843313,8.595449689382004,"",8.775240458738327,"","",-0.0054373822115447,2025,"","","",high,1,0,0,"",-45,0,mung_bean,27.675,"","",2005Q1-2012Q4,"","","","",4.797783784498698,old-only,FALSE,FALSE,FALSE,FALSE
mung_bean,Mung bean,녹두,all,pulse,0,control_pool,1981,04_beans.xlsx,DT_1ET0025,녹두,DT_1J49: 녹두 | DT_1J60: nan,"","",7775,82,6410,"","","","",8.958668737047434,4.406719247264253,8.765614549914716,"",8.958668737047434,"","",0.0053967515911192,2025,"","","",high,1,0,0,"",-44,0,mung_bean,57.45,"","",2005Q1-2012Q4,"","","","",5.289233687950865,old-only,FALSE,FALSE,FALSE,FALSE
mung_bean,Mung bean,녹두,all,pulse,0,control_pool,1982,04_beans.xlsx,DT_1ET0025,녹두,DT_1J49: 녹두 | DT_1J60: nan,"","",7935,90,7164,"","","","",8.97903863296051,4.499809670330265,8.876823763180603,"",8.97903863296051,"","",0.0031456458779199,2025,"","","",high,1,0,0,"",-43,0,mung_bean,28,"","",2005Q1-2012Q4,"","","","",4.50934485608233,old-only,FALSE,FALSE,FALSE,FALSE
mung_bean,Mung bean,녹두,all,pulse,0,control_pool,1983,04_beans.xlsx,DT_1ET0025,녹두,DT_1J49: 녹두 | DT_1J60: nan,"","",6431,93,5951,"","","","",8.768885326134862,4.532599493153256,8.691314551644853,"",8.768885326134862,"","",-0.0050000816551758,2025,"","","",high,1,0,0,"",-42,0,mung_bean,29.225,"","",2005Q1-2012Q4,"","","","",4.533451641906591,old-only,FALSE,FALSE,FALSE,FALSE
mung_bean,Mung bean,녹두,all,pulse,0,control_pool,1984,04_beans.xlsx,DT_1ET0025,녹두,DT_1J49: 녹두 | DT_1J60: nan,"","",5515,93,5145,"","","","",8.615226931687603,4.532599493153256,8.545780648268149,"",8.615226931687603,"","",0.0031244094153812,2025,"","","",high,1,0,0,"",-41,0,mung_bean,41.05,"","",2005Q1-2012Q4,"","","","",4.883030820963506,old-only,FALSE,FALSE,FALSE,FALSE
mung_bean,Mung bean,녹두,all,pulse,0,control_pool,1985,04_beans.xlsx,DT_1ET0025,녹두,DT_1J49: 녹두 | DT_1J60: nan,"","",6155,91,5597,"","","","",8.725020038618554,4.51085950651685,8.62998601889136,"",8.725020038618554,"","",-0.0007233402559521,2025,"","","",high,1,0,0,"",-40,0,mung_bean,44.825,"","",2005Q1-2012Q4,"","","","",4.933639623190933,old-only,FALSE,FALSE,FALSE,FALSE
mung_bean,Mung bean,녹두,all,pulse,0,control_pool,1986,04_beans.xlsx,DT_1ET0025,녹두,DT_1J49: 녹두 | DT_1J60: nan,"","",7815,89,6973,"","","","",8.963800242855577,4.48863636973214,8.84980082722101,"",8.963800242855577,"","",0.0025344006213838,2025,"","","",high,1,0,0,"",-39,0,mung_bean,45.5,"","",2005Q1-2012Q4,"","","","",4.988088319855008,old-only,FALSE,FALSE,FALSE,FALSE
mung_bean,Mung bean,녹두,all,pulse,0,control_pool,1987,04_beans.xlsx,DT_1ET0025,녹두,DT_1J49: 녹두 | DT_1J60: nan,"","",8263,86,7133,"","","","",9.019542996701183,4.454347296253507,8.872487182278038,"",9.019542996701183,"","",0.0037670753114369,2025,"","","",high,1,0,0,"",-38,0,mung_bean,52.075,"","",2005Q1-2012Q4,"","","","",5.096369574130824,old-only,FALSE,FALSE,FALSE,FALSE
mung_bean,Mung bean,녹두,all,pulse,0,control_pool,1988,04_beans.xlsx,DT_1ET0025,녹두,DT_1J49: 녹두 | DT_1J60: nan,"","",8663,103,8964,"","","","",9.06681636189014,4.634728988229636,9.100971834920818,"",9.06681636189014,"","",0.0045966707891338,2025,"","","",high,1,0,0,"",-37,0,mung_bean,70.35,"","",2005Q1-2012Q4,"","","","",5.261829129605795,old-only,FALSE,FALSE,FALSE,FALSE
mung_bean,Mung bean,녹두,all,pulse,0,control_pool,1989,04_beans.xlsx,DT_1ET0025,녹두,DT_1J49: 녹두 | DT_1J60: nan,"","",7438,105,7784,"","","","",8.914357274485015,4.653960350157523,8.959825623865841,"",8.914357274485015,"","",-0.003321814788606,2025,"","","",high,1,0,0,"",-36,0,mung_bean,54.2,"","",2005Q1-2012Q4,"","","","",4.950851414876694,old-only,FALSE,FALSE,FALSE,FALSE
mung_bean,Mung bean,녹두,all,pulse,0,control_pool,1990,04_beans.xlsx,DT_1ET0025,녹두,DT_1J49: 녹두 | DT_1J60: nan,"","",5003,106,5291,"","","","",8.517793011488205,4.663439094112067,8.57376254290413,"",8.517793011488205,"","",-0.0022993767080503,2025,"","","",high,1,0,0,"",-35,0,mung_bean,56.075,"","",2005Q1-2012Q4,"","","","",4.87576690135715,old-only,FALSE,FALSE,FALSE,FALSE
mung_bean,Mung bean,녹두,all,pulse,0,control_pool,1991,04_beans.xlsx,DT_1ET0025,녹두,DT_1J49: 녹두 | DT_1J60: nan,"","",5019,101,5057,"","","","",8.520985989654934,4.61512051684126,8.528528701079983,"",8.520985989654934,"","",-0.0024076194281192,2025,"","","",high,1,0,0,"",-34,0,mung_bean,69.575,"","",2005Q1-2012Q4,"","","","",4.999961004613246,old-only,FALSE,FALSE,FALSE,FALSE
mung_bean,Mung bean,녹두,all,pulse,0,control_pool,1992,04_beans.xlsx,DT_1ET0025,녹두,DT_1J49: 녹두 | DT_1J60: nan,"","",4700,101,4767,"","","","",8.45531778769815,4.61512051684126,8.469472455204826,"",8.45531778769815,"","",0.0042043366535082,2025,"","","",high,1,0,0,"",-33,0,mung_bean,91,"","",2005Q1-2012Q4,"","","","",5.223480964581286,old-only,FALSE,FALSE,FALSE,FALSE
mung_bean,Mung bean,녹두,all,pulse,0,control_pool,1993,04_beans.xlsx,DT_1ET0025,녹두,DT_1J49: 녹두 | DT_1J60: nan,"","",4690,96,4521,"","","","",8.453187861440325,4.564348191467836,8.416488487294606,"",8.453187861440325,"","",0.0041226203745363,2025,"","","",high,1,0,0,"",-32,0,mung_bean,90.85,"","",2005Q1-2012Q4,"","","","",5.233919023883284,old-only,FALSE,FALSE,FALSE,FALSE
mung_bean,Mung bean,녹두,all,pulse,0,control_pool,1994,04_beans.xlsx,DT_1ET0025,녹두,DT_1J49: 녹두 | DT_1J60: nan,"","",3227,96,3097,"","","","",8.079308192051961,4.564348191467836,8.038189179973203,"",8.079308192051961,"","",-0.0002970175585037,2025,"","","",high,1,0,0,"",-31,0,mung_bean,90.525,"","",2005Q1-2012Q4,"","","","",5.156058889353231,old-only,FALSE,FALSE,FALSE,FALSE
mung_bean,Mung bean,녹두,all,pulse,0,control_pool,1995,04_beans.xlsx,DT_1ET0025,녹두,DT_1J49: 녹두 | DT_1J60: nan,"","",2675,105,2821,"","","","",7.891704659330107,4.653960350157523,7.944846711001996,"",7.891704659330107,"","",0.004351887502457,2025,"","","",high,1,0,0,"",-30,0,mung_bean,78.875,"","",2005Q1-2012Q4,"","","","",4.9100595370398095,old-only,FALSE,FALSE,FALSE,FALSE
mung_bean,Mung bean,녹두,all,pulse,0,control_pool,1996,04_beans.xlsx,DT_1ET0025,녹두,DT_1J49: 녹두 | DT_1J60: nan,"","",3102,112,3479,"","","","",8.039802343736485,4.718498871295094,8.154500175151941,"",8.039802343736485,"","",0.0013691461084537,2025,"","","",high,1,0,0,"",-29,0,mung_bean,108.9,"","",2005Q1-2012Q4,"","","","",5.185450206157672,old-only,FALSE,FALSE,FALSE,FALSE
mung_bean,Mung bean,녹두,all,pulse,0,control_pool,1997,04_beans.xlsx,DT_1ET0025,녹두,DT_1J49: 녹두 | DT_1J60: nan,"","",4039,104,4220,"","","","",8.303752415563412,4.6443908991413725,8.347590407030058,"",8.303752415563412,"","",0.0046172783133631,2025,"","","",high,1,0,0,"",-28,0,mung_bean,110.1,"","",2005Q1-2012Q4,"","","","",5.223015690527265,old-only,FALSE,FALSE,FALSE,FALSE
mung_bean,Mung bean,녹두,all,pulse,0,control_pool,1998,04_beans.xlsx,DT_1ET0025,녹두,DT_1J49: 녹두 | DT_1J60: nan,"","",3334,103,3427,"","","","",8.111928063310739,4.634728988229636,8.139440521874608,"",8.111928063310739,"","",-0.0020463436776765,2025,"","","",high,1,0,0,"",-27,0,mung_bean,103,"","",2005Q1-2012Q4,"","","","",5.165399123003943,old-only,FALSE,FALSE,FALSE,FALSE
mung_bean,Mung bean,녹두,all,pulse,0,control_pool,1999,04_beans.xlsx,DT_1ET0025,녹두,DT_1J49: 녹두 | DT_1J60: nan,"","",2268,101,2283,"","","","",7.726653664847642,4.61512051684126,7.733245646529795,"",7.726653664847642,"","",-0.0033583491710151,2025,"","","",high,1,0,0,"",-26,0,mung_bean,113.175,"","",2005Q1-2012Q4,"","","","",5.194638362963016,old-only,FALSE,FALSE,FALSE,FALSE
mung_bean,Mung bean,녹두,all,pulse,0,control_pool,2000,04_beans.xlsx,DT_1ET0025,녹두,DT_1J49: 녹두 | DT_1J60: nan,"","",2103,99,2089,"","","","",7.6511201757027,4.59511985013459,7.644440761556566,"",7.6511201757027,"","",0.0033709217073676,2025,"","","",high,1,0,0,"",-25,0,mung_bean,134.75,"","",2005Q1-2012Q4,"","","","",5.325442564726804,old-only,FALSE,FALSE,FALSE,FALSE
mung_bean,Mung bean,녹두,all,pulse,0,control_pool,2001,04_beans.xlsx,DT_1ET0025,녹두,DT_1J49: 녹두 | DT_1J60: nan,"","",2762,101,2793,"","","","",7.923710333969238,4.61512051684126,7.934871565945177,"",7.923710333969238,"","",0.0012109011227714,2025,"","","",high,1,0,0,"",-24,0,mung_bean,113.25,"","",2005Q1-2012Q4,"","","","",5.113334339190568,old-only,FALSE,FALSE,FALSE,FALSE
mung_bean,Mung bean,녹두,all,pulse,0,control_pool,2002,04_beans.xlsx,DT_1ET0025,녹두,DT_1J49: 녹두 | DT_1J60: nan,"","",2780,101,2809,"","","","",7.930206206684683,4.61512051684126,7.940583827104244,"",7.930206206684683,"","",0.0004272895663932,2025,"","","",high,1,0,0,"",-23,0,mung_bean,88.875,"","",2005Q1-2012Q4,"","","","",4.837814778450925,old-only,FALSE,FALSE,FALSE,FALSE
mung_bean,Mung bean,녹두,all,pulse,0,control_pool,2003,04_beans.xlsx,DT_1ET0025,녹두,DT_1J49: 녹두 | DT_1J60: nan,"","",1557,108,1681,"","","","",7.350516171833998,4.68213122712422,7.427144133408616,"",7.350516171833998,"","",-0.0003330795615106,2025,"","","",high,1,0,0,"",-22,0,mung_bean,93.2,"","",2005Q1-2012Q4,"","","","",4.821090657357627,old-only,FALSE,FALSE,FALSE,FALSE
mung_bean,Mung bean,녹두,all,pulse,0,control_pool,2004,04_beans.xlsx,DT_1ET0025,녹두,DT_1J49: 녹두 | DT_1J60: nan,"","",1268,107,1354,"","","","",7.145196134997171,4.672828834461906,7.21081845347222,"",7.145196134997171,"","",-0.0020363299987655,2025,"","","",high,1,0,0,"",-21,0,mung_bean,116.325,"","",2005Q1-2012Q4,"","","","",5.031069059323498,old-only,FALSE,FALSE,FALSE,FALSE
mung_bean,Mung bean,녹두,all,pulse,0,control_pool,2005,04_beans.xlsx,DT_1ET0025,녹두,DT_1J49: 녹두 | DT_1J60: nan,"","",1365,109,1482,"","","","",7.21890970761906,4.691347882229144,7.301147805856032,"",7.21890970761906,"","",-0.0039395980040808,2025,"","","",high,1,0,0,"",-20,0,mung_bean,"","","","","","","","","",old-only,FALSE,FALSE,FALSE,FALSE
mung_bean,Mung bean,녹두,all,pulse,0,control_pool,2006,04_beans.xlsx,DT_1ET0025,녹두,DT_1J49: 녹두 | DT_1J60: nan,"","",1297,116,1504,"","","","",7.167809184316444,4.7535901911063645,7.315883504509785,"",7.167809184316444,"","",-0.0003456849249321,2025,"","","",high,1,0,0,"",-19,0,mung_bean,"","","","","","","","","",old-only,FALSE,FALSE,FALSE,FALSE
mung_bean,Mung bean,녹두,all,pulse,0,control_pool,2007,04_beans.xlsx,DT_1ET0025,녹두,DT_1J49: 녹두 | DT_1J60: nan,"","",2072,108,2240,"","","","",7.636269603379373,4.68213122712422,7.714231144849085,"",7.636269603379373,"","",0.0010005003335837,2025,"","","",high,1,0,0,"",-18,0,mung_bean,"","","","","","","","","",old-only,FALSE,FALSE,FALSE,FALSE
mung_bean,Mung bean,녹두,all,pulse,0,control_pool,2008,04_beans.xlsx,DT_1ET0025,녹두,DT_1J49: 녹두 | DT_1J60: nan,"","",1491,107,1589,"","","","",7.307202314764738,4.672828834461906,7.370860166536716,"",7.307202314764738,"","",-0.0040007967018365,2025,"","","",high,1,0,0,"",-17,0,mung_bean,"","","","","","","","","",old-only,FALSE,FALSE,FALSE,FALSE
mung_bean,Mung bean,녹두,all,pulse,0,control_pool,2009,04_beans.xlsx,DT_1ET0025,녹두,DT_1J49: 녹두 | DT_1J60: nan,"","",1468,109,1599,"","","","",7.291656209174461,4.691347882229144,7.377133712833954,"",7.291656209174461,"","",-0.0007001925815588,2025,"","","",high,1,0,0,"",-16,0,mung_bean,"","","","","","","","","",old-only,FALSE,FALSE,FALSE,FALSE
mung_bean,Mung bean,녹두,all,pulse,0,control_pool,2010,04_beans.xlsx,DT_1ET0025,녹두,DT_1J49: 녹두 | DT_1J60: nan,"","",1514,102,1543,"","","","",7.322510433997394,4.624972813284271,7.341483852363161,"",7.322510433997394,"","",-0.0008292089304129,2025,"","","",high,1,0,0,"",-15,0,mung_bean,"","","","","","","","","",old-only,FALSE,FALSE,FALSE,FALSE
mung_bean,Mung bean,녹두,all,pulse,0,control_pool,2011,04_beans.xlsx,DT_1ET0025,녹두,DT_1J49: 녹두 | DT_1J60: nan,"","",1604,102,1644,"","","","",7.38025578842646,4.624972813284271,7.404887575616125,"",7.38025578842646,"","",0.004829159893485,2025,"","","",high,1,0,0,"",-14,0,mung_bean,"","","","","","","","","",old-only,FALSE,FALSE,FALSE,FALSE
mung_bean,Mung bean,녹두,all,pulse,0,control_pool,2012,04_beans.xlsx,DT_1ET0025,녹두,DT_1J49: 녹두 | DT_1J60: nan,"","",2290,82,1885,"","","","",7.736307096548285,4.406719247264253,7.541683099882111,"",7.736307096548285,"","",0.0038269420576639,2025,"","","",high,1,0,0,"",-13,0,mung_bean,"","","","","","","","","",old-only,FALSE,FALSE,FALSE,FALSE
mung_bean,Mung bean,녹두,all,pulse,0,control_pool,2013,04_beans.xlsx,DT_1ET0025,녹두,DT_1J49: 녹두 | DT_1J60: nan,"","",2588,91,2345,"","","","",7.858640655620791,4.51085950651685,7.76004068088038,"",7.858640655620791,"","",-0.0042892952691699,2025,"","","",high,1,0,0,"",-12,0,mung_bean,"","","","","","","","","",old-only,FALSE,FALSE,FALSE,FALSE
mung_bean,Mung bean,녹두,all,pulse,0,control_pool,2014,04_beans.xlsx,DT_1ET0025,녹두,DT_1J49: 녹두 | DT_1J60: nan,"","",2191,95,2091,"","","","",7.692113339595466,4.553876891600541,7.645397699428633,"",7.692113339595466,"","",0.0045776542207169,2025,"","","",high,1,0,0,"",-11,0,mung_bean,"","","","","","","","","",old-only,FALSE,FALSE,FALSE,FALSE
mung_bean,Mung bean,녹두,all,pulse,0,control_pool,2015,04_beans.xlsx,DT_1ET0025,녹두,DT_1J49: 녹두 | DT_1J60: nan,"","",1668,117,1954,"","","","",7.419380582918692,4.762173934797756,7.577633832602728,"",7.419380582918692,"","",0.0012495008743709,2025,"","","",high,1,0,0,"",-10,0,mung_bean,"","","","","","","","","",old-only,FALSE,FALSE,FALSE,FALSE
mung_bean,Mung bean,녹두,all,pulse,0,control_pool,2016,04_beans.xlsx,DT_1ET0025,녹두,DT_1J49: 녹두 | DT_1J60: nan,"","",1821,103,1869,"","","","",7.507141079727608,4.634728988229636,7.533158807455563,"",7.507141079727608,"","",-0.0035410745135893,2025,"","","",high,1,0,0,"",-9,0,mung_bean,"","","","","","","","","",old-only,FALSE,FALSE,FALSE,FALSE
mung_bean,Mung bean,녹두,all,pulse,0,control_pool,2017,04_beans.xlsx,DT_1ET0025,녹두,DT_1J49: 녹두 | DT_1J60: nan,"","",1984,114,2269,"","","","",7.592870287844818,4.736198448394496,7.727094484779841,"",7.592870287844818,"","",0.0031959345286187,2025,"","","",high,1,0,0,"",-8,0,mung_bean,"","","","","","","","","",old-only,FALSE,FALSE,FALSE,FALSE
mung_bean,Mung bean,녹두,all,pulse,0,control_pool,2018,04_beans.xlsx,DT_1ET0025,녹두,DT_1J49: 녹두 | DT_1J60: nan,"","",1694,123,2083,"","","","",7.434847875211999,4.812184355372417,7.641564441260972,"",7.434847875211999,"","",-0.0002976033353538,2025,"","","",high,1,0,0,"",-7,0,mung_bean,"","","","","","","","","",old-only,FALSE,FALSE,FALSE,FALSE
mung_bean,Mung bean,녹두,all,pulse,0,control_pool,2019,04_beans.xlsx,DT_1ET0025,녹두,DT_1J49: 녹두 | DT_1J60: nan,"","",1541,132,2035,"","","","",7.340186835320115,4.882801922586371,7.618251097876695,"",7.340186835320115,"","",0.0004325259583,2025,"","","",high,1,0,0,"",-6,0,mung_bean,"","","","","","","","","",old-only,FALSE,FALSE,FALSE,FALSE
mung_bean,Mung bean,녹두,all,pulse,0,control_pool,2020,04_beans.xlsx,DT_1ET0025,녹두,DT_1J49: 녹두 | DT_1J60: nan,"","",1157,138,1598,"","","","",7.053585727193677,4.927253685157205,7.37650812632622,"",7.053585727193677,"","",0.0008388999634298,2025,"","","",high,1,0,0,"",-5,0,mung_bean,"","","","","","","","","",old-only,FALSE,FALSE,FALSE,FALSE
mung_bean,Mung bean,녹두,all,pulse,0,control_pool,2021,04_beans.xlsx,DT_1ET0025,녹두,DT_1J49: 녹두 | DT_1J60: nan,"","",1229,163,2004,"","","","",7.113956109566034,5.093750200806762,7.602900462204755,"",7.113956109566034,"","",0.0003643378200495,2025,"","","",high,1,0,0,"",-4,0,mung_bean,"","","","","","","","","",old-only,FALSE,FALSE,FALSE,FALSE
mung_bean,Mung bean,녹두,all,pulse,0,control_pool,2022,04_beans.xlsx,DT_1ET0025,녹두,DT_1J49: 녹두 | DT_1J60: nan,"","",2403,198,4750,"","","","",7.784473235736469,5.288267030694535,8.465899897028686,"",7.784473235736469,"","",-0.0016701834142267,2025,"","","",high,1,0,0,"",-3,0,mung_bean,"","","","","","","","","",old-only,FALSE,FALSE,FALSE,FALSE
mung_bean,Mung bean,녹두,all,pulse,0,control_pool,2023,04_beans.xlsx,DT_1ET0025,녹두,DT_1J49: 녹두 | DT_1J60: nan,"","",1680,157,2636,"","","","",7.426549072397305,5.056245805348308,7.877017895622398,"",7.426549072397305,"","",-0.0006067961351234,2025,"","","",high,1,0,0,"",-2,0,mung_bean,"","","","","","","","","",old-only,FALSE,FALSE,FALSE,FALSE
mung_bean,Mung bean,녹두,all,pulse,0,control_pool,2024,04_beans.xlsx,DT_1ET0025,녹두,DT_1J49: 녹두 | DT_1J60: nan,"","",1675,147,2454,"","","","",7.423568444259167,4.990432586778736,7.805474625270857,"",7.423568444259167,"","",-0.0033562197789551,2025,"","","",high,1,0,0,"",-1,0,mung_bean,"","","","","","","","","",old-only,FALSE,FALSE,FALSE,FALSE
onion,Onion,양파,all,vegetable,0,baseline_treated,1980,10_vegetables_spices.xls,DT_1ET0291,양파,DT_1J49: 양파 | DT_1J60: 양파,양파,종합 (see Yearbook 2025 pp.44–51),7740.8,3552,274918.3,"","","","",8.954260320415708,8.17526610411206,12.52422924159937,"",8.954260320415708,"","",-0.0001269969403079,2009,2012,2011,2012,high,1,0,0,-32,-29,2012,onion,61.075,"",0.5302214957347569,2005Q1-2012Q4,32.38327785200028,145.67198312987523,4.981357403220562,"",5.615817846478628,exact,FALSE,TRUE,TRUE,FALSE
onion,Onion,양파,all,vegetable,0,baseline_treated,1981,10_vegetables_spices.xls,DT_1ET0291,양파,DT_1J49: 양파 | DT_1J60: 양파,양파,종합 (see Yearbook 2025 pp.44–51),9792,2874,281420,"","","","",9.189321004752108,7.96346006663897,12.547603494342246,"",9.189321004752108,"","",-0.000007391060741213096,2009,2012,2011,2012,high,1,0,0,-31,-28,2012,onion,99.825,"",0.5302214957347569,2005Q1-2012Q4,52.929360811722105,180.6890715887892,5.196777717566698,"",5.831238160824763,exact,FALSE,TRUE,TRUE,FALSE
onion,Onion,양파,all,vegetable,0,baseline_treated,1982,10_vegetables_spices.xls,DT_1ET0291,양파,DT_1J49: 양파 | DT_1J60: 양파,양파,종합 (see Yearbook 2025 pp.44–51),14333,3066,439414,"","","","",9.570319849923216,8.028129059431759,12.99319730005457,"",9.570319849923216,"","",-0.00008142331231297817,2009,2012,2011,2012,high,1,0,0,-30,-27,2012,onion,76.775,"",0.5302214957347569,2005Q1-2012Q4,40.70775533503596,132.90185216652785,4.88961090216481,"",5.524071345422875,exact,FALSE,TRUE,TRUE,FALSE
onion,Onion,양파,all,vegetable,0,baseline_treated,1983,10_vegetables_spices.xls,DT_1ET0291,양파,DT_1J49: 양파 | DT_1J60: 양파,양파,종합 (see Yearbook 2025 pp.44–51),14545,3728,542244,"","","","",9.5850025709293,8.223627175805483,13.203471363620988,"",9.5850025709293,"","",0.000011802874295696595,2009,2012,2011,2012,high,1,0,0,-29,-26,2012,onion,36.6,"",0.5302214957347569,2005Q1-2012Q4,19.406106743892103,61.28797997828324,4.115583738531972,"",4.750044181790037,exact,FALSE,TRUE,TRUE,FALSE
onion,Onion,양파,all,vegetable,0,baseline_treated,1984,10_vegetables_spices.xls,DT_1ET0291,양파,DT_1J49: 양파 | DT_1J60: 양파,양파,종합 (see Yearbook 2025 pp.44–51),5289,3239,171318,"","","","",8.57338447106598,8.08301991917133,12.051276757600927,"",8.57338447106598,"","",0.00004255335170988417,2009,2012,2011,2012,high,1,0,0,-28,-25,2012,onion,111.7,"",0.5302214957347569,2005Q1-2012Q4,59.22574107357234,190.27762515821777,5.248484190711641,"",5.882944633969707,exact,FALSE,TRUE,TRUE,FALSE
onion,Onion,양파,all,vegetable,0,baseline_treated,1985,10_vegetables_spices.xls,DT_1ET0291,양파,DT_1J49: 양파 | DT_1J60: 양파,양파,종합 (see Yearbook 2025 pp.44–51),10749,4092,439818,"","","","",9.282568005973063,8.316789127071518,12.99411628395969,"",9.282568005973063,"","",-0.00007066309679970573,2009,2012,2011,2012,high,1,0,0,-27,-24,2012,onion,123.3,"",0.5302214957347569,2005Q1-2012Q4,65.37631042409552,201.72707347473076,5.30691566240144,"",5.941376105659507,exact,FALSE,TRUE,TRUE,FALSE
onion,Onion,양파,all,vegetable,0,baseline_treated,1986,10_vegetables_spices.xls,DT_1ET0291,양파,DT_1J49: 양파 | DT_1J60: 양파,양파,종합 (see Yearbook 2025 pp.44–51),9791,3870,378948,"","","","",9.189218875354072,8.261009786023827,12.84515427148512,"",9.189218875354072,"","",0.0000957960953140713,2009,2012,2011,2012,high,1,0,0,-26,-23,2012,onion,85.375,"",0.5302214957347569,2005Q1-2012Q4,45.26766019835487,145.62733589488525,4.981050864671216,"",5.615511307929283,exact,FALSE,TRUE,TRUE,FALSE
onion,Onion,양파,all,vegetable,0,baseline_treated,1987,10_vegetables_spices.xls,DT_1ET0291,양파,DT_1J49: 양파 | DT_1J60: 양파,양파,종합 (see Yearbook 2025 pp.44–51),11819,4445,525321,"","","","",9.37746368501224,8.399535147948004,13.1717647832989,"",9.37746368501224,"","",-0.00006386367325461606,2009,2012,2011,2012,high,1,0,0,-25,-22,2012,onion,64.3,"",0.5302214957347569,2005Q1-2012Q4,34.09324217574486,108.00643079905434,4.6821907697872085,"",5.316651213045274,exact,FALSE,TRUE,TRUE,FALSE
onion,Onion,양파,all,vegetable,0,baseline_treated,1988,10_vegetables_spices.xls,DT_1ET0291,양파,DT_1J49: 양파 | DT_1J60: 양파,양파,종합 (see Yearbook 2025 pp.44–51),11097,4746,526653,"","","","",9.314430080500564,8.465057436995709,13.17429716663126,"",9.314430080500564,"","",-0.00002016487692024782,2009,2012,2011,2012,high,1,0,0,-24,-21,2012,onion,70.3,"",0.5302214957347569,2005Q1-2012Q4,37.274571150153406,102.41738193209082,4.629056443630856,"",5.263516886888922,exact,FALSE,TRUE,TRUE,FALSE
onion,Onion,양파,all,vegetable,0,baseline_treated,1989,10_vegetables_spices.xls,DT_1ET0291,양파,DT_1J49: 양파 | DT_1J60: 양파,양파,종합 (see Yearbook 2025 pp.44–51),10327,5403,557923,"","","","",9.242517103671403,8.594709633844065,13.23197623901002,"",9.242517103671403,"","",-0.00008031251735829414,2009,2012,2011,2012,high,1,0,0,-23,-20,2012,onion,71.475,"",0.5302214957347569,2005Q1-2012Q4,37.89758140764175,98.77526860332064,4.592847255638942,"",5.227307698897008,exact,FALSE,TRUE,TRUE,FALSE
onion,Onion,양파,all,vegetable,0,baseline_treated,1990,10_vegetables_spices.xls,DT_1ET0291,양파,DT_1J49: 양파 | DT_1J60: 양파,양파,종합 (see Yearbook 2025 pp.44–51),7602,5358,407353,"","","","",8.936166649549195,8.586346050104554,12.917435410385782,"",8.936166649549195,"","",0.000092896720124358,2009,2012,2011,2012,high,1,0,0,-22,-19,2012,onion,98.225,"",0.5302214957347569,2005Q1-2012Q4,52.081006418546494,120.91450547674802,4.795083729553256,"",5.4295441728113225,exact,FALSE,TRUE,TRUE,FALSE
onion,Onion,양파,all,vegetable,0,baseline_treated,1991,10_vegetables_spices.xls,DT_1ET0291,양파,DT_1J49: 양파 | DT_1J60: 양파,양파,종합 (see Yearbook 2025 pp.44–51),10288,5151,529975,"","","","",9.2387334464774,8.546946149565585,13.180585114604453,"",9.2387334464774,"","",0.00007570454955896366,2009,2012,2011,2012,high,1,0,0,-21,-18,2012,onion,108.475,"",0.5302214957347569,2005Q1-2012Q4,57.51577674982775,122.77977511613682,4.810392304397549,"",5.444852747655616,exact,FALSE,TRUE,TRUE,FALSE
onion,Onion,양파,all,vegetable,0,baseline_treated,1992,10_vegetables_spices.xls,DT_1ET0291,양파,DT_1J49: 양파 | DT_1J60: 양파,양파,종합 (see Yearbook 2025 pp.44–51),14066,5757,809788,"","","","",9.551515816867964,8.65817178467581,13.604527763996703,"",9.551515816867964,"","",0.000010348441023211308,2009,2012,2011,2012,high,1,0,0,-20,-17,2012,onion,60.775,"",0.5302214957347569,2005Q1-2012Q4,32.22421140327985,65.9662607885481,4.189143411145556,"",4.823603854403622,exact,FALSE,TRUE,TRUE,FALSE
onion,Onion,양파,all,vegetable,0,baseline_treated,1993,10_vegetables_spices.xls,DT_1ET0291,양파,DT_1J49: 양파 | DT_1J60: 양파,양파,종합 (see Yearbook 2025 pp.44–51),9716,5723,556032,"","","","",9.181529290122064,8.652248422409102,13.228581125533388,"",9.181529290122064,"","",-0.000026401009685983468,2009,2012,2011,2012,high,1,0,0,-19,-16,2012,onion,49.675,"",0.5302214957347569,2005Q1-2012Q4,26.338752800624047,54.16059994860089,3.991953705880201,"",4.626414149138268,exact,FALSE,TRUE,TRUE,FALSE
onion,Onion,양파,all,vegetable,0,baseline_treated,1994,10_vegetables_spices.xls,DT_1ET0291,양파,DT_1J49: 양파 | DT_1J60: 양파,양파,종합 (see Yearbook 2025 pp.44–51),9674,5594,541179,"","","","",9.177197153382927,8.629449873761905,13.201505371865174,"",9.177197153382927,"","",0.00002853070843222838,2009,2012,2011,2012,high,1,0,0,-18,-15,2012,onion,74.05000000000001,"",0.5302214957347569,2005Q1-2012Q4,39.26290175915874,74.70662034012459,4.313568713916225,"",4.948029157174291,exact,FALSE,TRUE,TRUE,FALSE
onion,Onion,양파,all,vegetable,0,baseline_treated,1995,10_vegetables_spices.xls,DT_1ET0291,양파,DT_1J49: 양파 | DT_1J60: 양파,양파,종합 (see Yearbook 2025 pp.44–51),15817,6162,974619,"","","","",9.668840589963487,8.726156679156613,13.789801904379024,"",9.668840589963487,"","",-0.00002517875298657657,2009,2012,2011,2012,high,1,0,0,-17,-14,2012,onion,75.2,"",0.5302214957347569,2005Q1-2012Q4,39.87265647925372,68.51947987808502,4.227118082622746,"",4.861578525880812,exact,FALSE,TRUE,TRUE,FALSE
onion,Onion,양파,all,vegetable,0,baseline_treated,1996,10_vegetables_spices.xls,DT_1ET0291,양파,DT_1J49: 양파 | DT_1J60: 양파,양파,종합 (see Yearbook 2025 pp.44–51),9661,5989,578574,"","","","",9.17585244151751,8.697679732264463,13.268321734461976,"",9.17585244151751,"","",-0.000040253331905049095,2009,2012,2011,2012,high,1,0,0,-16,-13,2012,onion,99.85,"",0.5302214957347569,2005Q1-2012Q4,52.94261634911547,86.86252808651551,4.464326731984938,"",5.098787175243004,exact,FALSE,TRUE,TRUE,FALSE
onion,Onion,양파,all,vegetable,0,baseline_treated,1997,10_vegetables_spices.xls,DT_1ET0291,양파,DT_1J49: 양파 | DT_1J60: 양파,양파,종합 (see Yearbook 2025 pp.44–51),12539,5903,740187,"","","","",9.43659906619054,8.683215975240689,13.514658135959106,"",9.43659906619054,"","",0.000013280515970492957,2009,2012,2011,2012,high,1,0,0,-15,-12,2012,onion,104.625,"",0.5302214957347569,2005Q1-2012Q4,55.47442399124894,93.40998360238468,4.536998230340203,"",5.17145867359827,exact,FALSE,TRUE,TRUE,FALSE
onion,Onion,양파,all,vegetable,0,baseline_treated,1998,10_vegetables_spices.xls,DT_1ET0291,양파,DT_1J49: 양파 | DT_1J60: 양파,양파,종합 (see Yearbook 2025 pp.44–51),14806,5890,872143,"","","","",9.602787783003045,8.681011276645632,13.67870868027178,"",9.602787783003045,"","",0.00007980661119333377,2009,2012,2011,2012,high,1,0,0,-14,-11,2012,onion,106.9,"",0.5302214957347569,2005Q1-2012Q4,56.68067789404551,96.31576488636884,4.567632011390856,"",5.202092454648922,exact,FALSE,TRUE,TRUE,FALSE
onion,Onion,양파,all,vegetable,0,baseline_treated,1999,10_vegetables_spices.xls,DT_1ET0291,양파,DT_1J49: 양파 | DT_1J60: 양파,양파,종합 (see Yearbook 2025 pp.44–51),16131,5801,935828,"","","","",9.688498165477789,8.665785595466064,13.749186977889906,"",9.688498165477789,"","",0.00007340293414515031,2009,2012,2011,2012,high,1,0,0,-13,-10,2012,onion,115.45,"",0.5302214957347569,2005Q1-2012Q4,61.21407168257768,97.544745076222,4.580311196589141,"",5.214771639847207,exact,FALSE,TRUE,TRUE,FALSE
onion,Onion,양파,all,vegetable,0,baseline_treated,2000,10_vegetables_spices.xls,DT_1ET0291,양파,DT_1J49: 양파 | DT_1J60: 양파,양파,종합 (see Yearbook 2025 pp.44–51),16773,5232,877514,"","","","",9.727525729694754,8.562548893137034,13.68484818861084,"",9.727525729694754,"","",-0.00005624823285721448,2009,2012,2011,2012,high,1,0,0,-12,-9,2012,onion,177.8,"",0.5302214957347569,2005Q1-2012Q4,94.27338194163976,144.06936518325946,4.970294886256042,"",5.604755329514108,exact,FALSE,TRUE,TRUE,FALSE
onion,Onion,양파,all,vegetable,0,baseline_treated,2001,10_vegetables_spices.xls,DT_1ET0291,양파,DT_1J49: 양파 | DT_1J60: 양파,양파,종합 (see Yearbook 2025 pp.44–51),18995,5653,1073708,"","","","",9.851931065621724,8.63994165667529,13.88662863626529,"",9.851931065621724,"","",-0.00007390004363649894,2009,2012,2011,2012,high,1,0,0,-11,-8,2012,onion,146.95,"",0.5302214957347569,2005Q1-2012Q4,77.91604879822252,114.77184691611932,4.742946217887915,"",5.37740666114598,exact,FALSE,TRUE,TRUE,FALSE
onion,Onion,양파,all,vegetable,0,baseline_treated,2002,10_vegetables_spices.xls,DT_1ET0291,양파,DT_1J49: 양파 | DT_1J60: 양파,양파,종합 (see Yearbook 2025 pp.44–51),15314,6093,933095,"","","","",9.63652272167307,8.714895850248494,13.74626229672528,"",9.63652272167307,"","",0.000013910791807347778,2009,2012,2011,2012,high,1,0,0,-10,-7,2012,onion,128.8,"",0.5302214957347569,2005Q1-2012Q4,68.29252865063668,97.03197494394904,4.57504056278193,"",5.209501006039996,exact,FALSE,TRUE,TRUE,FALSE
onion,Onion,양파,all,vegetable,0,baseline_treated,2003,10_vegetables_spices.xls,DT_1ET0291,양파,DT_1J49: 양파 | DT_1J60: 양파,양파,종합 (see Yearbook 2025 pp.44–51),12352,6033,745203,"","","","",9.421573272264558,8.704999678440762,13.521411943466362,"",9.421573272264558,"","",0.000009178749133198494,2009,2012,2011,2012,high,1,0,0,-9,-6,2012,onion,246.375,"",0.5302214957347569,2005Q1-2012Q4,130.6333210116507,174.18853432326296,5.160138243212412,"",5.794598686470478,exact,FALSE,TRUE,TRUE,FALSE
onion,Onion,양파,all,vegetable,0,baseline_treated,2004,10_vegetables_spices.xls,DT_1ET0291,양파,DT_1J49: 양파 | DT_1J60: 양파,양파,종합 (see Yearbook 2025 pp.44–51),15563,6090,947797,"","","","",9.65265158120501,8.714403360703942,13.761895623285884,"",9.65265158120501,"","",0.000010867365022093622,2009,2012,2011,2012,high,1,0,0,-8,-5,2012,onion,177.1,"",0.5302214957347569,2005Q1-2012Q4,93.90222689462544,122.38674792681084,4.807186095644954,"",5.44164653890302,exact,FALSE,TRUE,TRUE,FALSE
onion,Onion,양파,all,vegetable,0,baseline_treated,2005,10_vegetables_spices.xls,DT_1ET0291,양파,DT_1J49: 양파 | DT_1J60: 양파,양파,종합 (see Yearbook 2025 pp.44–51),16737,6114,1023331,"","","","",9.725377116513638,8.71833650245078,13.838573550762378,"",9.725377116513638,"","",0.0000301177860517754,2009,2012,2011,2012,high,1,0,0,-7,-4,2012,onion,117.175,62.475,0.5302214957347569,2005Q1-2012Q4,62.475,85.68650198523238,4.450695310109349,4.450695310109349,5.079611042182442,exact,FALSE,TRUE,TRUE,FALSE
onion,Onion,양파,all,vegetable,0,baseline_treated,2006,10_vegetables_spices.xls,DT_1ET0291,양파,DT_1J49: 양파 | DT_1J60: 양파,양파,종합 (see Yearbook 2025 pp.44–51),15315,5809,889619,"","","","",9.636588019266876,8.667163717992533,13.698548560164047,"",9.636588019266876,"","",-0.000032991107270063935,2009,2012,2011,2012,high,1,0,0,-6,-3,2012,onion,161.225,86.025,0.5302214957347569,2005Q1-2012Q4,86.025,121.494139656362,4.799866028336369,4.799866028336369,5.428026026612641,exact,FALSE,TRUE,TRUE,FALSE
onion,Onion,양파,all,vegetable,0,baseline_treated,2007,10_vegetables_spices.xls,DT_1ET0291,양파,DT_1J49: 양파 | DT_1J60: 양파,양파,종합 (see Yearbook 2025 pp.44–51),17751,6835.53135,1213375,"","","","",9.784197131344804,8.829889485712199,14.008916291014527,"",9.784197131344804,"","",-1.4005438409014914e-7,2009,2012,2011,2012,high,1,0,0,-5,-2,2012,onion,92.3,49.25,0.5302214957347569,2005Q1-2012Q4,49.25,67.72735811229322,4.215490206298818,4.215490206298818,4.843608963788376,exact,FALSE,TRUE,TRUE,FALSE
onion,Onion,양파,all,vegetable,0,baseline_treated,2008,10_vegetables_spices.xls,DT_1ET0291,양파,DT_1J49: 양파 | DT_1J60: 양파,양파,종합 (see Yearbook 2025 pp.44–51),15392,6724.76449,1035075.75046,"","","","",9.641603172905487,8.813552183782473,13.849985170853676,"",9.641603172905487,"","",1.5380408058263126e-10,2009,2012,2011,2012,high,1,0,0,-4,-1,2012,onion,136.8,72.975,0.5302214957347569,2005Q1-2012Q4,72.975,102.33808712795827,4.628281911859269,4.628281911859269,5.2566755100721005,exact,FALSE,TRUE,TRUE,FALSE
onion,Onion,양파,all,vegetable,0,baseline_treated,2009,10_vegetables_spices.xls,DT_1ET0291,양파,DT_1J49: 양파 | DT_1J60: 양파,양파,종합 (see Yearbook 2025 pp.44–51),18514,7412.18019,1372291.04038,"","","","",9.826282481627157,8.910879897687195,14.131992193328738,"",9.826282481627157,"","",2.4780177909633494e-12,2009,2012,2011,2012,high,0,1,0,-3,0,2012,onion,143.225,76.42500000000001,0.5302214957347569,2005Q1-2012Q4,76.42500000000001,106.5345556482995,4.668469398702928,4.668469398702928,5.29657604627567,exact,FALSE,TRUE,TRUE,FALSE
onion,Onion,양파,all,vegetable,0,baseline_treated,2010,10_vegetables_spices.xls,DT_1ET0291,양파,DT_1J49: 양파 | DT_1J60: 양파,양파,종합 (see Yearbook 2025 pp.44–51),22113,6383.78157,1411645.6187,"","","","",10.0039209498574,8.761515923318727,14.16026668727722,"",10.0039209498574,"","",8.918554783576838e-11,2009,2012,2011,2012,high,0,1,0,-2,1,2012,onion,146.475,78.14999999999999,0.5302214957347569,2005Q1-2012Q4,78.14999999999999,102.62441216087258,4.631075839725713,4.631075839725713,5.258909565989395,exact,FALSE,TRUE,TRUE,FALSE
onion,Onion,양파,all,vegetable,0,baseline_treated,2011,10_vegetables_spices.xls,DT_1ET0291,양파,DT_1J49: 양파 | DT_1J60: 양파,양파,종합 (see Yearbook 2025 pp.44–51),22976,6615.66747,1520015.75894,"","","","",10.04220547184795,8.797195973953073,14.2342312604924,"",10.04220547184795,"","",6.794671492116321e-10,2009,2012,2011,2012,high,0,1,0,-1,2,2012,onion,152.325,78.55,0.5302214957347569,2005Q1-2012Q4,78.55,95.93937845124552,4.563716517537667,4.563716517537667,5.225378751313803,exact,FALSE,TRUE,TRUE,FALSE
onion,Onion,양파,all,vegetable,0,baseline_treated,2012,10_vegetables_spices.xls,DT_1ET0291,양파,DT_1J49: 양파 | DT_1J60: 양파,양파,종합 (see Yearbook 2025 pp.44–51),20965,5703.4911,1195736.90949,"","","","",9.950609659604863,8.648833740021395,13.99427321395178,"",9.950609659604863,"","",3.1361402363927477e-10,2009,2012,2011,2012,high,0,0,1,0,3,2012,onion,163.925,85.45,0.5302214957347569,2005Q1-2012Q4,85.45,97.39171014536768,4.5787410955824415,4.5787410955824415,5.231188355509593,exact,FALSE,TRUE,TRUE,FALSE
onion,Onion,양파,all,vegetable,0,baseline_treated,2013,10_vegetables_spices.xls,DT_1ET0291,양파,DT_1J49: 양파 | DT_1J60: 양파,양파,종합 (see Yearbook 2025 pp.44–51),20036,6458.42018,1294009.06799,"","","","",9.905285934477508,8.773140012688831,14.073255761738675,"",9.905285934477508,"","",5.604281483329031e-10,2009,2012,2011,2012,high,0,0,1,1,4,2012,onion,"",102.025,0.5302214957347569,2005Q1-2012Q4,102.025,119.24484826619238,4.781178927713179,4.781178927713179,"",exact,FALSE,TRUE,TRUE,FALSE
onion,Onion,양파,all,vegetable,0,baseline_treated,2014,10_vegetables_spices.xls,DT_1ET0291,양파,DT_1J49: 양파 | DT_1J60: 양파,양파,종합 (see Yearbook 2025 pp.44–51),23911,6649.47821,1589956.73527,"","","","",10.0820938830826,8.802293665909733,14.27921736330419,"",10.0820938830826,"","",2.999467341169293e-10,2009,2012,2011,2012,high,0,0,1,2,5,2012,onion,"",75.2,0.5302214957347569,2005Q1-2012Q4,75.2,88.96033698983808,4.488190618600291,4.488190618600291,"",exact,FALSE,TRUE,TRUE,FALSE
onion,Onion,양파,all,vegetable,0,baseline_treated,2015,10_vegetables_spices.xls,DT_1ET0291,양파,DT_1J49: 양파 | DT_1J60: 양파,양파,종합 (see Yearbook 2025 pp.44–51),18015,6072.34194,1093932.39976,"","","","",9.798960023182191,8.711499631719128,13.905289468244998,"",9.798960023182191,"","",-6.682316922024255e-10,2009,2012,2011,2012,high,0,0,1,3,6,2012,onion,"",102.02499999999999,0.5302214957347569,2005Q1-2012Q4,102.025,120.25634201165886,4.789625647816849,4.789625647816849,"",exact,FALSE,TRUE,TRUE,FALSE
onion,Onion,양파,all,vegetable,0,baseline_treated,2016,10_vegetables_spices.xls,DT_1ET0291,양파,DT_1J49: 양파 | DT_1J60: 양파,양파,종합 (see Yearbook 2025 pp.44–51),19896,6527.68788,1298748.78032,"","","","",9.89827398548324,8.783808083000888,14.07691188227675,"",9.89827398548324,"","",-2.1928769911028207e-10,2009,2012,2011,2012,high,0,0,1,4,7,2012,onion,"",100.05,0.5302214957347569,2005Q1-2012Q4,100.05,114.39634399294523,4.739669120331401,4.739669120331401,"",exact,FALSE,TRUE,TRUE,FALSE
onion,Onion,양파,all,vegetable,0,baseline_treated,2017,10_vegetables_spices.xls,DT_1ET0291,양파,DT_1J49: 양파 | DT_1J60: 양파,양파,종합 (see Yearbook 2025 pp.44–51),19538.4565,5857.64045,1144492.53138,"","","","",9.880139930665088,8.675502147900719,13.950471892691604,"",9.880139930665088,"","",1.1388934240130766e-10,2009,2012,2011,2012,high,0,0,1,5,8,2012,onion,"",121.125,0.5302214957347569,2005Q1-2012Q4,121.125,131.84814760889805,4.881650863469646,4.881650863469646,"",exact,FALSE,TRUE,TRUE,FALSE
onion,Onion,양파,all,vegetable,0,baseline_treated,2018,10_vegetables_spices.xls,DT_1ET0291,양파,DT_1J49: 양파 | DT_1J60: 양파,양파,종합 (see Yearbook 2025 pp.44–51),26425.427,5755.70083,1520968.51998,"","","","",10.182081969548282,8.657946091326403,14.234857874104168,"",10.182081969548282,"","",-7.824247916232706e-10,2009,2012,2011,2012,high,0,0,1,6,9,2012,onion,"",74.475,0.5302214957347569,2005Q1-2012Q4,74.475,80.40926279577002,4.387129378451497,4.387129378451497,"",exact,FALSE,TRUE,TRUE,FALSE
onion,Onion,양파,all,vegetable,0,baseline_treated,2019,10_vegetables_spices.xls,DT_1ET0291,양파,DT_1J49: 양파 | DT_1J60: 양파,양파,종합 (see Yearbook 2025 pp.44–51),21777.3413,7321.59973,1594449.76143,"","","","",9.988625318328646,8.898584125428183,14.282039257522898,"",9.988625318328646,"","",-2.4583890478879766e-10,2009,2012,2011,2012,high,0,0,1,7,10,2012,onion,"",54.575,0.5302214957347569,2005Q1-2012Q4,54.575,59.32566731306417,4.083042050687796,4.083042050687796,"",exact,FALSE,TRUE,TRUE,FALSE
onion,Onion,양파,all,vegetable,0,baseline_treated,2020,10_vegetables_spices.xls,DT_1ET0291,양파,DT_1J49: 양파 | DT_1J60: 양파,양파,종합 (see Yearbook 2025 pp.44–51),14673.2764,7961.5948,1168226.8069,"","","","",9.593783186350295,8.98238461052949,13.970997607508766,"",9.593783186350295,"","",-3.382927715733785e-9,2009,2012,2011,2012,high,0,0,1,8,11,2012,onion,"",100,0.5302214957347569,2005Q1-2012Q4,100,99.90024924771336,4.604172180623501,4.604172180623501,"",exact,FALSE,TRUE,TRUE,FALSE
onion,Onion,양파,all,vegetable,0,baseline_treated,2021,10_vegetables_spices.xls,DT_1ET0291,양파,DT_1J49: 양파 | DT_1J60: 양파,양파,종합 (see Yearbook 2025 pp.44–51),18461.4043,8540.7998,1576751.5797,"","","","",9.823437577752852,9.052609935793194,14.270877326396333,"",9.823437577752852,"","",-1.1616236861300422e-9,2009,2012,2011,2012,high,0,0,1,9,12,2012,onion,"",106.6,0.5302214957347569,2005Q1-2012Q4,106.6,93.87930952796316,4.542010016119423,4.542010016119423,"",exact,FALSE,TRUE,TRUE,FALSE
onion,Onion,양파,all,vegetable,0,baseline_treated,2022,10_vegetables_spices.xls,DT_1ET0291,양파,DT_1J49: 양파 | DT_1J60: 양파,양파,종합 (see Yearbook 2025 pp.44–51),17660.8098,6769.5842,1195563.3867,"","","","",9.77910332814628,8.820194945999477,13.994128085553996,"",9.77910332814628,"","",-2.603668391998326e-9,2009,2012,2011,2012,high,0,0,1,10,13,2012,onion,"",101.95,0.5302214957347569,2005Q1-2012Q4,101.95,93.97760297661344,4.543056487673861,4.543056487673861,"",exact,FALSE,TRUE,TRUE,FALSE
onion,Onion,양파,all,vegetable,0,baseline_treated,2023,10_vegetables_spices.xls,DT_1ET0291,양파,DT_1J49: 양파 | DT_1J60: 양파,양파,종합 (see Yearbook 2025 pp.44–51),17281.5427,6786.7099,1172848.162,"","","","",9.757394314993498,8.822721552310046,13.974945675096722,"",9.757394314993498,"","",-6.218730419504936e-9,2009,2012,2011,2012,high,0,0,1,11,14,2012,onion,"",129.125,0.5302214957347569,2005Q1-2012Q4,129.125,118.40856556645076,4.7741410641444215,4.7741410641444215,"",exact,FALSE,TRUE,TRUE,FALSE
onion,Onion,양파,all,vegetable,0,baseline_treated,2024,10_vegetables_spices.xls,DT_1ET0291,양파,DT_1J49: 양파 | DT_1J60: 양파,양파,종합 (see Yearbook 2025 pp.44–51),18613.7656,6314.0138,1175275.7347,"","","","",9.831656671994184,8.750526854734808,13.977013345859996,"",9.831656671994184,"","",5.119094481642605e-9,2009,2012,2011,2012,high,0,0,1,12,15,2012,onion,"",115.275,0.5302214957347569,2005Q1-2012Q4,115.275,98.17636276267038,4.586765481321851,4.586765481321851,"",exact,FALSE,TRUE,TRUE,FALSE
other_pulses,Other pulses,기타두류,all,pulse,0,control_pool,1980,04_beans.xlsx,DT_1ET0025,기타두류,"","","",16325,94,15402,"","","","",9.700452954144632,4.543294782270004,9.642252650099197,"",9.700452954144632,"","",0.00367509967265,"","","","",high,1,0,0,"","",0,"","","","","","","","","","","","","","",""
other_pulses,Other pulses,기타두류,all,pulse,0,control_pool,1981,04_beans.xlsx,DT_1ET0025,기타두류,"","","",17633,101,17864,"","","","",9.777527425407923,4.61512051684126,9.790542793519991,"",9.777527425407923,"","",0.0030650372589011,"","","","",high,1,0,0,"","",0,"","","","","","","","","","","","","","",""
other_pulses,Other pulses,기타두류,all,pulse,0,control_pool,1982,04_beans.xlsx,DT_1ET0025,기타두류,"","","",13679,101,13804,"","","","",9.523617089089443,4.61512051684126,9.532713684217894,"",9.523617089089443,"","",-0.0008537357247178,"","","","",high,1,0,0,"","",0,"","","","","","","","","","","","","","",""
other_pulses,Other pulses,기타두류,all,pulse,0,control_pool,1983,04_beans.xlsx,DT_1ET0025,기타두류,"","","",14107,100,14072,"","","","",9.554426407074502,4.605170185988092,9.551942286417392,"",9.554426407074502,"","",-0.0024841206571082,"","","","",high,1,0,0,"","",0,"","","","","","","","","","","","","","",""
other_pulses,Other pulses,기타두류,all,pulse,0,control_pool,1984,04_beans.xlsx,DT_1ET0025,기타두류,"","","",11839,104,12278,"","","","",9.379154445411636,4.6443908991413725,9.41556432198744,"",9.379154445411636,"","",-0.0028108365774759,"","","","",high,1,0,0,"","",0,"","","","","","","","","","","","","","",""
other_pulses,Other pulses,기타두류,all,pulse,0,control_pool,1985,04_beans.xlsx,DT_1ET0025,기타두류,"","","",10285,108,11119,"","","","",9.238441802087058,4.68213122712422,9.31641063570325,"",9.238441802087058,"","",0.0010077924800633,"","","","",high,1,0,0,"","",0,"","","","","","","","","","","","","","",""
other_pulses,Other pulses,기타두류,all,pulse,0,control_pool,1986,04_beans.xlsx,DT_1ET0025,기타두류,"","","",13533,111,14979,"","","","",9.512886426076506,4.709530201312334,9.61440449916872,"",9.512886426076506,"","",-0.0028419422320293,"","","","",high,1,0,0,"","",0,"","","","","","","","","","","","","","",""
other_pulses,Other pulses,기타두류,all,pulse,0,control_pool,1987,04_beans.xlsx,DT_1ET0025,기타두류,"","","",17666,113,20030,"","","","",9.779397167305078,4.727387818712341,9.904986428659864,"",9.779397167305078,"","",0.0033716286305374,"","","","",high,1,0,0,"","",0,"","","","","","","","","","","","","","",""
other_pulses,Other pulses,기타두류,all,pulse,0,control_pool,1988,04_beans.xlsx,DT_1ET0025,기타두류,"","","",13027,115,15040,"","","","",9.474779405697564,4.74493212836325,9.618468597503831,"",9.474779405697564,"","",0.0039272494311077,"","","","",high,1,0,0,"","",0,"","","","","","","","","","","","","","",""
other_pulses,Other pulses,기타두류,all,pulse,0,control_pool,1989,04_beans.xlsx,DT_1ET0025,기타두류,"","","",10469,119,12465,"","","","",9.256173788319357,4.77912349311153,9.43067999595766,"",9.256173788319357,"","",0.0005529005148652,"","","","",high,1,0,0,"","",0,"","","","","","","","","","","","","","",""
other_pulses,Other pulses,기타두류,all,pulse,0,control_pool,1990,04_beans.xlsx,DT_1ET0025,기타두류,"","","",8741,117,10249,"","","","",9.075779878580487,4.762173934797756,9.234935418831563,"",9.075779878580487,"","",0.0021517914414115,"","","","",high,1,0,0,"","",0,"","","","","","","","","","","","","","",""
other_pulses,Other pulses,기타두류,all,pulse,0,control_pool,1991,04_beans.xlsx,DT_1ET0025,기타두류,"","","",7705,114,8798,"","","","",8.949624747754216,4.736198448394496,9.082279701908664,"",8.949624747754216,"","",0.0016266917480436,"","","","",high,1,0,0,"","",0,"","","","","","","","","","","","","","",""
other_pulses,Other pulses,기타두류,all,pulse,0,control_pool,1992,04_beans.xlsx,DT_1ET0025,기타두류,"","","",6596,118,7778,"","","","",8.794218683679489,4.770684624465665,8.959054514715692,"",8.794218683679489,"","",-0.0006786074413707,"","","","",high,1,0,0,"","",0,"","","","","","","","","","","","","","",""
other_pulses,Other pulses,기타두류,all,pulse,0,control_pool,1993,04_beans.xlsx,DT_1ET0025,기타두류,"","","",6246,113,7073,"","","","",8.739696537843024,4.727387818712341,8.86403999703599,"",8.739696537843024,"","",0.0021258264687169,"","","","",high,1,0,0,"","",0,"","","","","","","","","","","","","","",""
other_pulses,Other pulses,기타두류,all,pulse,0,control_pool,1994,04_beans.xlsx,DT_1ET0025,기타두류,"","","",6570,96,6305,"","","","",8.790269111478656,4.564348191467836,8.74909824839902,"",8.790269111478656,"","",-0.0003488685593797,"","","","",high,1,0,0,"","",0,"","","","","","","","","","","","","","",""
other_pulses,Other pulses,기타두류,all,pulse,0,control_pool,1995,04_beans.xlsx,DT_1ET0025,기타두류,"","","",6600,120,7892,"","","","",8.794824928014517,4.787491742782046,8.973604867142505,"",8.794824928014517,"","",-0.0035416176659666,"","","","",high,1,0,0,"","",0,"","","","","","","","","","","","","","",""
other_pulses,Other pulses,기타두류,all,pulse,0,control_pool,1996,04_beans.xlsx,DT_1ET0025,기타두류,"","","",6028,113,6802,"","","","",8.704170559746386,4.727387818712341,8.82497196556714,"",8.704170559746386,"","",-0.001416226903494,"","","","",high,1,0,0,"","",0,"","","","","","","","","","","","","","",""
other_pulses,Other pulses,기타두류,all,pulse,0,control_pool,1997,04_beans.xlsx,DT_1ET0025,기타두류,"","","",6586,116,7624,"","","","",8.792701462936309,4.7535901911063645,8.939056445334039,"",8.792701462936309,"","",-0.0020650227205436,"","","","",high,1,0,0,"","",0,"","","","","","","","","","","","","","",""
other_pulses,Other pulses,기타두류,all,pulse,0,control_pool,1998,04_beans.xlsx,DT_1ET0025,기타두류,"","","",6696,113,7535,"","","","",8.80926561216931,4.727387818712341,8.927314111060596,"",8.80926561216931,"","",-0.0041691338329634,"","","","",high,1,0,0,"","",0,"","","","","","","","","","","","","","",""
other_pulses,Other pulses,기타두류,all,pulse,0,control_pool,1999,04_beans.xlsx,DT_1ET0025,기타두류,"","","",6524,115,7525,"","","","",8.783242963740905,4.74493212836325,8.925986089617076,"",8.783242963740905,"","",0.0029811835010136,"","","","",high,1,0,0,"","",0,"","","","","","","","","","","","","","",""
other_pulses,Other pulses,기타두류,all,pulse,0,control_pool,2000,04_beans.xlsx,DT_1ET0025,기타두류,"","","",6828,112,7625,"","","","",8.828787083914332,4.718498871295094,8.939187601475613,"",8.828787083914332,"","",-0.002928167745722,"","","","",high,1,0,0,"","",0,"","","","","","","","","","","","","","",""
other_pulses,Other pulses,기타두류,all,pulse,0,control_pool,2001,04_beans.xlsx,DT_1ET0025,기타두류,"","","",6586,129,8522,"","","","",8.792701462936309,4.859812404361672,9.050406334059858,"",8.792701462936309,"","",0.0030626527499677,"","","","",high,1,0,0,"","",0,"","","","","","","","","","","","","","",""
other_pulses,Other pulses,기타두류,all,pulse,0,control_pool,2002,04_beans.xlsx,DT_1ET0025,기타두류,"","","",7969,119,9504,"","","","",8.983314293397749,4.77912349311153,9.159468041602429,"",8.983314293397749,"","",0.002200441081241,"","","","",high,1,0,0,"","",0,"","","","","","","","","","","","","","",""
other_pulses,Other pulses,기타두류,all,pulse,0,control_pool,2003,04_beans.xlsx,DT_1ET0025,기타두류,"","","",6321,124,7814,"","","","",8.751632702472298,4.820281565605037,8.963672275615016,"",8.751632702472298,"","",-0.0030718064742281,"","","","",high,1,0,0,"","",0,"","","","","","","","","","","","","","",""
other_pulses,Other pulses,기타두류,all,pulse,0,control_pool,2004,04_beans.xlsx,DT_1ET0025,기타두류,"","","",6336,124,7880,"","","","",8.754002933494261,4.820281565605037,8.972083182851925,"",8.754002933494261,"","",0.0029688697407177,"","","","",high,1,0,0,"","",0,"","","","","","","","","","","","","","",""
other_pulses,Other pulses,기타두류,all,pulse,0,control_pool,2005,04_beans.xlsx,DT_1ET0025,기타두류,"","","",5689,147,8357,"","","","",8.646289764750648,4.990432586778736,9.030854790001436,"",8.646289764750648,"","",-0.0006973755398558,"","","","",high,1,0,0,"","",0,"","","","","","","","","","","","","","",""
other_pulses,Other pulses,기타두류,all,pulse,0,control_pool,2006,04_beans.xlsx,DT_1ET0025,기타두류,"","","",5316,132,7033,"","","","",8.578476419833136,4.882801922586371,8.858368636308018,"",8.578476419833136,"","",0.0022604798766021,"","","","",high,1,0,0,"","",0,"","","","","","","","","","","","","","",""
other_pulses,Other pulses,기타두류,all,pulse,0,control_pool,2007,04_beans.xlsx,DT_1ET0025,기타두류,"","","",5006,128,6398,"","","","",8.518392471991719,4.852030263919617,8.763740720509464,"",8.518392471991719,"","",-0.001511829413781,"","","","",high,1,0,0,"","",0,"","","","","","","","","","","","","","",""
other_pulses,Other pulses,기타두류,all,pulse,0,control_pool,2008,04_beans.xlsx,DT_1ET0025,기타두류,"","","",4837,137,6637,"","","","",8.484049972822984,4.919980925828125,8.800415333145924,"",8.484049972822984,"","",0.0015546204829082,"","","","",high,1,0,0,"","",0,"","","","","","","","","","","","","","",""
other_pulses,Other pulses,기타두류,all,pulse,0,control_pool,2009,04_beans.xlsx,DT_1ET0025,기타두류,"","","",5874,144,8437,"","","","",8.678291111758565,4.969813299576001,9.040382074165628,"",8.678291111758565,"","",-0.002552151180847,"","","","",high,1,0,0,"","",0,"","","","","","","","","","","","","","",""
other_pulses,Other pulses,기타두류,all,pulse,0,control_pool,2010,04_beans.xlsx,DT_1ET0025,기타두류,"","","",5955,132,7839,"","","","",8.691986481789401,4.882801922586371,8.966866554188723,"",8.691986481789401,"","",-0.0027516641989571,"","","","",high,1,0,0,"","",0,"","","","","","","","","","","","","","",""
other_pulses,Other pulses,기타두류,all,pulse,0,control_pool,2011,04_beans.xlsx,DT_1ET0025,기타두류,"","","",5083,137,6942,"","","","",8.533656917446903,4.919980925828125,8.845345196421732,"",8.533656917446903,"","",-0.0031224608652031,"","","","",high,1,0,0,"","",0,"","","","","","","","","","","","","","",""
other_pulses,Other pulses,기타두류,all,pulse,0,control_pool,2012,04_beans.xlsx,DT_1ET0025,기타두류,"","","",5555,132,7339,"","","","",8.62245370207373,4.882801922586371,8.900957872545062,"",8.62245370207373,"","",0.0008724338730523,"","","","",high,1,0,0,"","",0,"","","","","","","","","","","","","","",""
other_pulses,Other pulses,기타두류,all,pulse,0,control_pool,2013,04_beans.xlsx,DT_1ET0025,기타두류,"","","",6415,137,8816,"","","","",8.766394277049736,4.919980925828125,9.084323531392696,"",8.766394277049736,"","",0.0031185145029262,"","","","",high,1,0,0,"","",0,"","","","","","","","","","","","","","",""
other_pulses,Other pulses,기타두류,all,pulse,0,control_pool,2014,04_beans.xlsx,DT_1ET0025,기타두류,"","","",6319,159,10020,"","","","",8.751316246773456,5.068904202220232,9.212338374638856,"",8.751316246773456,"","",-0.0027118883667398,"","","","",high,1,0,0,"","",0,"","","","","","","","","","","","","","",""
other_pulses,Other pulses,기타두류,all,pulse,0,control_pool,2015,04_beans.xlsx,DT_1ET0025,기타두류,"","","",6010,138,8287,"","","","",8.701180027529253,4.927253685157205,9.022443300849044,"",8.701180027529253,"","",-0.0008202258493241,"","","","",high,1,0,0,"","",0,"","","","","","","","","","","","","","",""
other_pulses,Other pulses,기타두류,all,pulse,0,control_pool,2016,04_beans.xlsx,DT_1ET0025,기타두류,"","","",6758,139,9374,"","","","",8.818482267274236,4.934473933130692,9.14569517848265,"",8.818482267274236,"","",-0.0020908359341849,"","","","",high,1,0,0,"","",0,"","","","","","","","","","","","","","",""
other_pulses,Other pulses,기타두류,all,pulse,0,control_pool,2017,04_beans.xlsx,DT_1ET0025,기타두류,"","","",6118,135,8252,"","","","",8.718990524710849,4.90527477843843,9.018210874191142,"",8.718990524710849,"","",-0.000884242970045,"","","","",high,1,0,0,"","",0,"","","","","","","","","","","","","","",""
other_pulses,Other pulses,기타두류,all,pulse,0,control_pool,2018,04_beans.xlsx,DT_1ET0025,기타두류,"","","",5719,156,8949,"","","","",8.651549243915316,5.049856007249537,9.09929707318286,"",8.651549243915316,"","",0.003062008006097,"","","","",high,1,0,0,"","",0,"","","","","","","","","","","","","","",""
other_pulses,Other pulses,기타두류,all,pulse,0,control_pool,2019,04_beans.xlsx,DT_1ET0025,기타두류,"","","",5708,187,10674,"","","","",8.649623978596727,5.231108616854587,9.27556615689389,"",8.649623978596727,"","",0.000003747430667999652,"","","","",high,1,0,0,"","",0,"","","","","","","","","","","","","","",""
other_pulses,Other pulses,기타두류,all,pulse,0,control_pool,2020,04_beans.xlsx,DT_1ET0025,기타두류,"","","",5640,183,10344,"","","","",8.637639344492104,5.209486152841421,9.244161920451694,"",8.637639344492104,"","",0.0022066091062598,"","","","",high,1,0,0,"","",0,"","","","","","","","","","","","","","",""
other_pulses,Other pulses,기타두류,all,pulse,0,control_pool,2021,04_beans.xlsx,DT_1ET0025,기타두류,"","","",5276,187,9884,"","","","",8.570923513837204,5.231108616854587,9.1986725671085,"",8.570923513837204,"","",0.0018106224048004,"","","","",high,1,0,0,"","",0,"","","","","","","","","","","","","","",""
other_pulses,Other pulses,기타두류,all,pulse,0,control_pool,2022,04_beans.xlsx,DT_1ET0025,기타두류,"","","",5457,172,9395,"","","","",8.604654467186231,5.147494476813453,9.147932911847564,"",8.604654467186231,"","",0.0009541538359716,"","","","",high,1,0,0,"","",0,"","","","","","","","","","","","","","",""
other_pulses,Other pulses,기타두류,all,pulse,0,control_pool,2023,04_beans.xlsx,DT_1ET0025,기타두류,"","","",4500,179,8068,"","","","",8.411832675758411,5.187385805840755,8.995660899074103,"",8.411832675758411,"","",0.0016126034630286,"","","","",high,1,0,0,"","",0,"","","","","","","","","","","","","","",""
other_pulses,Other pulses,기타두류,all,pulse,0,control_pool,2024,04_beans.xlsx,DT_1ET0025,기타두류,"","","",4625,220,10166,"","","","",8.439231649946526,5.393627546352362,9.226804098006848,"",8.439231649946526,"","",-0.0008849123039471,"","","","",high,1,0,0,"","",0,"","","","","","","","","","","","","","",""
peach,Peach,복숭아,total,fruit,1,robustness_treated,1980,01_fruit_total.xls; 02_fruit_bearing.xlsx,DT_1ET0292,복숭아,DT_1J49: 복숭아 | DT_1J60: 복숭아,복숭아,종합 (see Yearbook 2025 pp.44–51),"","",88691.9,10359.4,"","",856.149004768616,"","",11.392923845074844,9.245649599078416,9.245649599078416,"","","",2002,2004,2010,2019,low,1,0,0,-24,-22,2004,peach,38.475,"",0.7677895764455883,2005Q1-2012Q4,29.54070395374401,130.94739391445154,4.874795669376927,"",5.1390352417563765,exact,FALSE,TRUE,TRUE,FALSE
peach,Peach,복숭아,total,fruit,1,robustness_treated,1981,01_fruit_total.xls; 02_fruit_bearing.xlsx,DT_1ET0292,복숭아,DT_1J49: 복숭아 | DT_1J60: 복숭아,복숭아,종합 (see Yearbook 2025 pp.44–51),"","",88740,10195,"","",870.426679744973,"","",11.3934660249329,9.229652683008556,9.229652683008556,"","","",2002,2004,2010,2019,low,1,0,0,-23,-21,2004,peach,51.525000000000006,"",0.7677895764455883,2005Q1-2012Q4,39.56035792635894,135.6733985318395,4.910250516171232,"",5.174490088550682,exact,FALSE,TRUE,TRUE,FALSE
peach,Peach,복숭아,total,fruit,1,robustness_treated,1982,01_fruit_total.xls; 02_fruit_bearing.xlsx,DT_1ET0292,복숭아,DT_1J49: 복숭아 | DT_1J60: 복숭아,복숭아,종합 (see Yearbook 2025 pp.44–51),"","",90870,9668,"","",939.904840711626,"","",11.417185192689391,9.176576741823371,9.176576741823371,"","","",2002,2004,2010,2019,low,1,0,0,-22,-20,2004,peach,55.425,"",0.7677895764455883,2005Q1-2012Q4,42.55473727449673,137.75049754212634,4.925444059947563,"",5.189683632327013,exact,FALSE,TRUE,TRUE,FALSE
peach,Peach,복숭아,total,fruit,1,robustness_treated,1983,01_fruit_total.xls; 02_fruit_bearing.xlsx,DT_1ET0292,복숭아,DT_1J49: 복숭아 | DT_1J60: 복숭아,복숭아,종합 (see Yearbook 2025 pp.44–51),"","",99199,10732,"","",924.3291092061124,"","",11.504883212576992,9.280985211545516,9.280985211545516,"","","",2002,2004,2010,2019,low,1,0,0,-21,-19,2004,peach,62.475,"",0.7677895764455883,2005Q1-2012Q4,47.96765378843813,152.5659096651455,5.027596697203858,"",5.291836269583308,exact,FALSE,TRUE,TRUE,FALSE
peach,Peach,복숭아,total,fruit,1,robustness_treated,1984,01_fruit_total.xls; 02_fruit_bearing.xlsx,DT_1ET0292,복숭아,DT_1J49: 복숭아 | DT_1J60: 복숭아,복숭아,종합 (see Yearbook 2025 pp.44–51),"","",98174,11820,"","",830.5752961082911,"","",11.494496693501794,9.377548290960087,9.377548290960087,"","","",2002,2004,2010,2019,low,1,0,0,-20,-18,2004,peach,61.775000000000006,"",0.7677895764455883,2005Q1-2012Q4,47.43020108492622,152.58777505769075,5.02774000461699,"",5.29197957699644,exact,FALSE,TRUE,TRUE,FALSE
peach,Peach,복숭아,total,fruit,1,robustness_treated,1985,01_fruit_total.xls; 02_fruit_bearing.xlsx,DT_1ET0292,복숭아,DT_1J49: 복숭아 | DT_1J60: 복숭아,복숭아,종합 (see Yearbook 2025 pp.44–51),"","",131544,13138,"","",1001.2482874105648,"","",11.787096675394062,9.483264073452418,9.483264073452418,"","","",2002,2004,2010,2019,low,1,0,0,-19,-17,2004,peach,52.775,"",0.7677895764455883,2005Q1-2012Q4,40.52009489691592,125.65253299491576,4.833520422918249,"",5.097759995297698,exact,FALSE,TRUE,TRUE,FALSE
peach,Peach,복숭아,total,fruit,1,robustness_treated,1986,01_fruit_total.xls; 02_fruit_bearing.xlsx,DT_1ET0292,복숭아,DT_1J49: 복숭아 | DT_1J60: 복숭아,복숭아,종합 (see Yearbook 2025 pp.44–51),"","",138654,14456,"","",959.1449916989486,"","",11.83973690024913,9.578864832272064,9.578864832272064,"","","",2002,2004,2010,2019,low,1,0,0,-18,-16,2004,peach,55.025,"",0.7677895764455883,2005Q1-2012Q4,42.2476214439185,136.4744112860283,4.916137133945591,"",5.18037670632504,exact,FALSE,TRUE,TRUE,FALSE
peach,Peach,복숭아,total,fruit,1,robustness_treated,1987,01_fruit_total.xls; 02_fruit_bearing.xlsx,DT_1ET0292,복숭아,DT_1J49: 복숭아 | DT_1J60: 복숭아,복숭아,종합 (see Yearbook 2025 pp.44–51),"","",137774,14016,"","",982.976598173516,"","",11.833369940514244,9.547954813176172,9.547954813176172,"","","",2002,2004,2010,2019,low,1,0,0,-17,-15,2004,peach,58.875,"",0.7677895764455883,2005Q1-2012Q4,45.20361131323401,142.09422518092137,4.956490395156372,"",5.220729967535822,exact,FALSE,TRUE,TRUE,FALSE
peach,Peach,복숭아,total,fruit,1,robustness_treated,1988,01_fruit_total.xls; 02_fruit_bearing.xlsx,DT_1ET0292,복숭아,DT_1J49: 복숭아 | DT_1J60: 복숭아,복숭아,종합 (see Yearbook 2025 pp.44–51),"","",134613,13308,"","",1011.5193868349864,"","",11.810159273995549,9.496120637138368,9.496120637138368,"","","",2002,2004,2010,2019,low,1,0,0,-16,-14,2004,peach,69.425,"",0.7677895764455883,2005Q1-2012Q4,53.30379134473497,145.78842932147495,4.982156456490378,"",5.246396028869827,exact,FALSE,TRUE,TRUE,FALSE
peach,Peach,복숭아,total,fruit,1,robustness_treated,1989,01_fruit_total.xls; 02_fruit_bearing.xlsx,DT_1ET0292,복숭아,DT_1J49: 복숭아 | DT_1J60: 복숭아,복숭아,종합 (see Yearbook 2025 pp.44–51),"","",133009,12898,"","",1031.2374011474649,"","",11.798172074087368,9.464827539570322,9.464827539570322,"","","",2002,2004,2010,2019,low,1,0,0,-15,-13,2004,peach,76.475,"",0.7677895764455883,2005Q1-2012Q4,58.71670785867637,153.14992397752297,5.031417336886385,"",5.295656909265834,exact,FALSE,TRUE,TRUE,FALSE
peach,Peach,복숭아,total,fruit,1,robustness_treated,1990,01_fruit_total.xls; 02_fruit_bearing.xlsx,DT_1ET0292,복숭아,DT_1J49: 복숭아 | DT_1J60: 복숭아,복숭아,종합 (see Yearbook 2025 pp.44–51),"","",114578,12333,"","",929.0359198897268,"","",11.64901109275699,9.420033875565988,9.420033875565988,"","","",2002,2004,2010,2019,low,1,0,0,-14,-12,2004,peach,105.775,"",0.7677895764455883,2005Q1-2012Q4,81.2129424485321,187.64258498706732,5.234539009676745,"",5.498778582056194,exact,FALSE,TRUE,TRUE,FALSE
peach,Peach,복숭아,total,fruit,1,robustness_treated,1991,01_fruit_total.xls; 02_fruit_bearing.xlsx,DT_1ET0292,복숭아,DT_1J49: 복숭아 | DT_1J60: 복숭아,복숭아,종합 (see Yearbook 2025 pp.44–51),"","",121654,11529,"","",1055.1999306097666,"","",11.708936228887698,9.352620879232951,9.352620879232951,"","","",2002,2004,2010,2019,low,1,0,0,-13,-11,2004,peach,139.425,"",0.7677895764455883,2005Q1-2012Q4,107.04906169592616,228.3090003966257,5.430699976309366,"",5.694939548688816,exact,FALSE,TRUE,TRUE,FALSE
peach,Peach,복숭아,total,fruit,1,robustness_treated,1992,01_fruit_total.xls; 02_fruit_bearing.xlsx,DT_1ET0292,복숭아,DT_1J49: 복숭아 | DT_1J60: 복숭아,복숭아,종합 (see Yearbook 2025 pp.44–51),"","",115792,10635,"","",1088.782322519981,"","",11.659550757105908,9.271905727634335,9.271905727634335,"","","",2002,2004,2010,2019,low,1,0,0,-12,-10,2004,peach,138.5,"",0.7677895764455883,2005Q1-2012Q4,106.338856337714,216.90682549241907,5.379467885721384,"",5.643707458100834,exact,FALSE,TRUE,TRUE,FALSE
peach,Peach,복숭아,total,fruit,1,robustness_treated,1993,01_fruit_total.xls; 02_fruit_bearing.xlsx,DT_1ET0292,복숭아,DT_1J49: 복숭아 | DT_1J60: 복숭아,복숭아,종합 (see Yearbook 2025 pp.44–51),"","",123482,10548,"","",1170.6674251042853,"","",11.723850675439898,9.263691547473178,9.263691547473178,"","","",2002,2004,2010,2019,low,1,0,0,-11,-9,2004,peach,139.10000000000002,"",0.7677895764455883,2005Q1-2012Q4,106.79953008358136,220.45381194608927,5.395688203312825,"",5.659927775692275,exact,FALSE,TRUE,TRUE,FALSE
peach,Peach,복숭아,total,fruit,1,robustness_treated,1994,01_fruit_total.xls; 02_fruit_bearing.xlsx,DT_1ET0292,복숭아,DT_1J49: 복숭아 | DT_1J60: 복숭아,복숭아,종합 (see Yearbook 2025 pp.44–51),"","",114837,10166,"","",1129.6183356285658,"","",11.651269010591797,9.226804098006848,9.226804098006848,"","","",2002,2004,2010,2019,low,1,0,0,-10,-8,2004,peach,165.525,"",0.7677895764455883,2005Q1-2012Q4,127.08836964115602,242.06873277031625,5.489221705542774,"",5.753461277922224,exact,FALSE,TRUE,TRUE,FALSE
peach,Peach,복숭아,total,fruit,1,robustness_treated,1995,01_fruit_total.xls; 02_fruit_bearing.xlsx,DT_1ET0292,복숭아,DT_1J49: 복숭아 | DT_1J60: 복숭아,복숭아,종합 (see Yearbook 2025 pp.44–51),"","",129640,10241,"","",1265.892002734108,"","",11.772516657255483,9.234154550075438,9.234154550075438,"","","",2002,2004,2010,2019,low,1,0,0,-9,-7,2004,peach,176.1,"",0.7677895764455883,2005Q1-2012Q4,135.2077444120681,232.28022637492455,5.4479445150811445,"",5.712184087460595,exact,FALSE,TRUE,TRUE,FALSE
peach,Peach,복숭아,total,fruit,1,robustness_treated,1996,01_fruit_total.xls; 02_fruit_bearing.xlsx,DT_1ET0292,복숭아,DT_1J49: 복숭아 | DT_1J60: 복숭아,복숭아,종합 (see Yearbook 2025 pp.44–51),"","",127540,10002,"","",1275.1449710057989,"","",11.756185319869262,9.21054035197885,9.21054035197885,"","","",2002,2004,2010,2019,low,1,0,0,-8,-6,2004,peach,157.5,"",0.7677895764455883,2005Q1-2012Q4,120.92685829018016,198.42560031957672,5.290414220395453,"",5.554653792774903,exact,FALSE,TRUE,TRUE,FALSE
peach,Peach,복숭아,total,fruit,1,robustness_treated,1997,01_fruit_total.xls; 02_fruit_bearing.xlsx,DT_1ET0292,복숭아,DT_1J49: 복숭아 | DT_1J60: 복숭아,복숭아,종합 (see Yearbook 2025 pp.44–51),"","",146793,10892,"","",1347.7139184722732,"","",11.896778710101932,9.295783853793653,9.295783853793653,"","","",2002,2004,2010,2019,low,1,0,0,-7,-5,2004,peach,171.35000000000002,"",0.7677895764455883,2005Q1-2012Q4,131.56074392395158,221.7346613952448,5.40148144808813,"",5.665721020467579,exact,FALSE,TRUE,TRUE,FALSE
peach,Peach,복숭아,total,fruit,1,robustness_treated,1998,01_fruit_total.xls; 02_fruit_bearing.xlsx,DT_1ET0292,복숭아,DT_1J49: 복숭아 | DT_1J60: 복숭아,복숭아,종합 (see Yearbook 2025 pp.44–51),"","",151313,12012,"","",1259.6819846819849,"","",11.927105818094615,9.39366142910322,9.39366142910322,"","","",2002,2004,2010,2019,low,1,0,0,-6,-4,2004,peach,159.175,"",0.7677895764455883,2005Q1-2012Q4,122.21290583072653,208.212541895765,5.338559394019583,"",5.602798966399033,exact,FALSE,TRUE,TRUE,FALSE
peach,Peach,복숭아,total,fruit,1,robustness_treated,1999,01_fruit_total.xls; 02_fruit_bearing.xlsx,DT_1ET0292,복숭아,DT_1J49: 복숭아 | DT_1J60: 복숭아,복숭아,종합 (see Yearbook 2025 pp.44–51),"","",157177,12942,"","",1214.4722608561274,"","",11.965127837840258,9.468233115617211,9.468233115617211,"","","",2002,2004,2010,2019,low,1,0,0,-5,-3,2004,peach,146.225,"",0.7677895764455883,2005Q1-2012Q4,112.27003081575614,178.50466651416116,5.18461474381445,"",5.4488543161939,exact,FALSE,TRUE,TRUE,FALSE
peach,Peach,복숭아,total,fruit,1,robustness_treated,2000,01_fruit_total.xls; 02_fruit_bearing.xlsx,DT_1ET0292,복숭아,DT_1J49: 복숭아 | DT_1J60: 복숭아,복숭아,종합 (see Yearbook 2025 pp.44–51),"","",170044,13876,"","",1225.454021331796,"","",12.04381250607278,9.53791600808964,9.53791600808964,"","","",2002,2004,2010,2019,low,1,0,0,-4,-2,2004,peach,141.125,"",0.7677895764455883,2005Q1-2012Q4,108.35430397588364,164.86320476200507,5.105116067990118,"",5.369355640369568,exact,FALSE,TRUE,TRUE,FALSE
peach,Peach,복숭아,total,fruit,1,robustness_treated,2001,01_fruit_total.xls; 02_fruit_bearing.xlsx,DT_1ET0292,복숭아,DT_1J49: 복숭아 | DT_1J60: 복숭아,복숭아,종합 (see Yearbook 2025 pp.44–51),"","",166275,14412,"","",1153.7260616153208,"","",12.021398323152622,9.575816471867984,9.575816471867984,"","","",2002,2004,2010,2019,low,1,0,0,-3,-1,2004,peach,112.75,"",0.7677895764455883,2005Q1-2012Q4,86.56827474424009,127.0493496137251,4.844575590616707,"",5.108815162996157,exact,FALSE,TRUE,TRUE,FALSE
peach,Peach,복숭아,total,fruit,1,robustness_treated,2002,01_fruit_total.xls; 02_fruit_bearing.xlsx,DT_1ET0292,복숭아,DT_1J49: 복숭아 | DT_1J60: 복숭아,복숭아,종합 (see Yearbook 2025 pp.44–51),"","",187542,15598,"","",1202.346454673676,"","",12.141758099308348,9.654897979890444,9.654897979890444,"","","",2002,2004,2010,2019,low,0,1,0,-2,0,2004,peach,99.225,"",0.7677895764455883,2005Q1-2012Q4,76.1839207228135,108.18758673539972,4.683866634649796,"",4.948106207029245,exact,FALSE,TRUE,TRUE,FALSE
peach,Peach,복숭아,total,fruit,1,robustness_treated,2003,01_fruit_total.xls; 02_fruit_bearing.xlsx,DT_1ET0292,복숭아,DT_1J49: 복숭아 | DT_1J60: 복숭아,복숭아,종합 (see Yearbook 2025 pp.44–51),"","",189413,15880,"","",1192.7770780856424,"","",12.15168509518224,9.672815734801128,9.672815734801128,"","","",2002,2004,2010,2019,low,0,1,0,-1,1,2004,peach,103.65,"",0.7677895764455883,2005Q1-2012Q4,79.58138959858523,106.35681748268198,4.666799643801174,"",4.931039216180624,exact,FALSE,TRUE,TRUE,FALSE
peach,Peach,복숭아,total,fruit,1,robustness_treated,2004,01_fruit_total.xls; 02_fruit_bearing.xlsx,DT_1ET0292,복숭아,DT_1J49: 복숭아 | DT_1J60: 복숭아,복숭아,종합 (see Yearbook 2025 pp.44–51),"","",200534,15566,"","",1288.2821534112811,"","",12.208739087412216,9.652844327519334,9.652844327519334,"","","",2002,2004,2010,2019,low,0,0,1,0,2,2004,peach,109.625,"",0.7677895764455883,2005Q1-2012Q4,84.16893231784762,111.04157037604544,4.709904639094058,"",4.974144211473508,exact,FALSE,TRUE,TRUE,FALSE
peach,Peach,복숭아,total,fruit,1,robustness_treated,2005,01_fruit_total.xls; 02_fruit_bearing.xlsx,DT_1ET0292,복숭아,DT_1J49: 복숭아 | DT_1J60: 복숭아,복숭아,종합 (see Yearbook 2025 pp.44–51),"","",223701,15014,"","",1489.9493805781271,"","",12.318065617740915,9.616738378132949,9.616738378132949,"","","",2002,2004,2010,2019,low,0,0,1,1,3,2004,peach,98.85,76.325,0.7677895764455883,2005Q1-2012Q4,76.325,105.71534792377636,4.6607500850200365,4.6607500850200365,4.919334331978625,exact,FALSE,TRUE,TRUE,FALSE
peach,Peach,복숭아,total,fruit,1,robustness_treated,2006,01_fruit_total.xls; 02_fruit_bearing.xlsx,DT_1ET0292,복숭아,DT_1J49: 복숭아 | DT_1J60: 복숭아,복숭아,종합 (see Yearbook 2025 pp.44–51),"","",193816,13383,"","",1448.2253605320182,"","",12.174664534370493,9.501740523796377,9.501740523796377,"","","",2002,2004,2010,2019,low,0,0,1,2,4,2004,peach,111.75,86.225,0.7677895764455883,2005Q1-2012Q4,86.225,121.92669310066596,4.803419987910741,4.803419987910741,5.062735554180546,exact,FALSE,TRUE,TRUE,FALSE
peach,Peach,복숭아,total,fruit,1,robustness_treated,2007,01_fruit_total.xls; 02_fruit_bearing.xlsx,DT_1ET0292,복숭아,DT_1J49: 복숭아 | DT_1J60: 복숭아,복숭아,종합 (see Yearbook 2025 pp.44–51),"","",184497,13188,"","",1398.9763421292084,"","",12.12538848216792,9.48706260419162,9.48706260419162,"","","",2002,2004,2010,2019,low,0,0,1,3,5,2004,peach,109.05000000000001,84.175,0.7677895764455883,2005Q1-2012Q4,84.175,116.51924968158,4.758056492674517,4.758056492674517,5.016946957663759,exact,FALSE,TRUE,TRUE,FALSE
peach,Peach,복숭아,total,fruit,1,robustness_treated,2008,01_fruit_total.xls; 02_fruit_bearing.xlsx,DT_1ET0292,복숭아,DT_1J49: 복숭아 | DT_1J60: 복숭아,복숭아,종합 (see Yearbook 2025 pp.44–51),"","",189064,12638,"","",1495.9962019306852,"","",12.149840861060122,9.4444634273334,9.4444634273334,"","","",2002,2004,2010,2019,low,0,0,1,4,6,2004,peach,94.375,72.875,0.7677895764455883,2005Q1-2012Q4,72.875,101.72099085432106,4.62223368150452,4.62223368150452,4.880761791627479,exact,FALSE,TRUE,TRUE,FALSE
peach,Peach,복숭아,total,fruit,1,robustness_treated,2009,01_fruit_total.xls; 02_fruit_bearing.xlsx,DT_1ET0292,복숭아,DT_1J49: 복숭아 | DT_1J60: 복숭아,복숭아,종합 (see Yearbook 2025 pp.44–51),"","",134939,12967,8813,1531.1358220810166,1040.6339168658903,"","",11.812578103452903,9.470162947548884,9.470162947548884,9.08398318309966,7.333765106341335,"",2002,2004,2010,2019,low,0,0,1,5,7,2004,peach,88.35,68.225,0.7677895764455883,2005Q1-2012Q4,68.225,95.24099169308,4.55641043413354,4.55641043413354,4.814902899712789,exact,FALSE,TRUE,TRUE,FALSE
peach,Peach,복숭아,total,fruit,1,robustness_treated,2010,01_fruit_total.xls; 02_fruit_bearing.xlsx,DT_1ET0292,복숭아,DT_1J49: 복숭아 | DT_1J60: 복숭아,복숭아,종합 (see Yearbook 2025 pp.44–51),"","",134665,13908,9923,1357.0996674392825,968.2556801840668,"","",11.810545491960967,9.540219493127752,9.540219493127752,9.202610573914242,7.213105104034817,"",2002,2004,2010,2019,low,0,0,1,6,8,2004,peach,111.675,86.25,0.7677895764455883,2005Q1-2012Q4,86.25,112.8775054877839,4.726303208503282,4.726303208503282,4.985810114382205,exact,FALSE,TRUE,TRUE,FALSE
peach,Peach,복숭아,total,fruit,1,robustness_treated,2011,01_fruit_total.xls; 02_fruit_bearing.xlsx,DT_1ET0292,복숭아,DT_1J49: 복숭아 | DT_1J60: 복숭아,복숭아,종합 (see Yearbook 2025 pp.44–51),"","",127756,13795,9538,1339.4422310756972,926.1036607466472,"","",11.757877473694949,9.532061486651386,9.532061486651386,9.16303909885817,7.200008560824869,"",2002,2004,2010,2019,low,0,0,1,7,9,2004,peach,124.75,93.025,0.7677895764455883,2005Q1-2012Q4,93.025,113.60288153059336,4.732708871551559,4.732708871551559,5.026301851979421,exact,FALSE,TRUE,TRUE,FALSE
peach,Peach,복숭아,total,fruit,1,robustness_treated,2012,01_fruit_total.xls; 02_fruit_bearing.xlsx,DT_1ET0292,복숭아,DT_1J49: 복숭아 | DT_1J60: 복숭아,복숭아,종합 (see Yearbook 2025 pp.44–51),"","",134916,14335,9584,1407.721202003339,941.1649808161842,"","",11.81240764153776,9.57045937831747,9.57045937831747,9.16785032035523,7.249727507170621,"",2002,2004,2010,2019,low,0,0,1,8,10,2004,peach,126.55,96.525,0.7677895764455883,2005Q1-2012Q4,96.525,109.83470838463111,4.69897658463127,4.69897658463127,4.9692786167407625,exact,FALSE,TRUE,TRUE,FALSE
peach,Peach,복숭아,total,fruit,1,robustness_treated,2013,01_fruit_total.xls; 02_fruit_bearing.xlsx,DT_1ET0292,복숭아,DT_1J49: 복숭아 | DT_1J60: 복숭아,복숭아,종합 (see Yearbook 2025 pp.44–51),"","",127398,14633,9659,1318.9564137074233,870.6211986605618,"","",11.75507132340985,9.591034531092426,9.591034531092426,9.175645402179295,7.184596107218645,"",2002,2004,2010,2019,low,0,0,1,9,11,2004,peach,"",111,0.7677895764455883,2005Q1-2012Q4,111,129.88940059274032,4.866683323678699,4.866683323678699,"",exact,FALSE,TRUE,TRUE,FALSE
peach,Peach,복숭아,total,fruit,1,robustness_treated,2014,01_fruit_total.xls; 02_fruit_bearing.xlsx,DT_1ET0292,복숭아,DT_1J49: 복숭아 | DT_1J60: 복숭아,복숭아,종합 (see Yearbook 2025 pp.44–51),"","",133124,15539,9809,1357.1617901926802,856.7089259283093,"","",11.799036303680523,9.651108271786734,9.651108271786734,9.191055610564316,7.2131508791043,"",2002,2004,2010,2019,low,0,0,1,10,12,2004,peach,"",108.3,0.7677895764455883,2005Q1-2012Q4,108.3,128.77387908304357,4.858057990952833,4.858057990952833,"",exact,FALSE,TRUE,TRUE,FALSE
peach,Peach,복숭아,total,fruit,1,robustness_treated,2015,01_fruit_total.xls; 02_fruit_bearing.xlsx,DT_1ET0292,복숭아,DT_1J49: 복숭아 | DT_1J60: 복숭아,복숭아,종합 (see Yearbook 2025 pp.44–51),"","",153882,16704,10811,1423.3835907871612,921.228448275862,"","",11.943941353922398,9.723403490682363,9.723403490682363,9.288319413292772,7.2607921266177184,"",2002,2004,2010,2019,low,0,0,1,11,13,2004,peach,"",93.225,0.7677895764455883,2005Q1-2012Q4,93.225,109.50464119069464,4.695966933661471,4.695966933661471,"",exact,FALSE,TRUE,TRUE,FALSE
peach,Peach,복숭아,total,fruit,1,robustness_treated,2016,01_fruit_total.xls; 02_fruit_bearing.xlsx,DT_1ET0292,복숭아,DT_1J49: 복숭아 | DT_1J60: 복숭아,복숭아,종합 (see Yearbook 2025 pp.44–51),"","",207539,19877,14485,1432.78564031757,1044.1163153393368,"","",12.24307455279939,9.897318563390598,9.897318563390598,9.580868910203453,7.267375828584031,"",2002,2004,2010,2019,low,0,0,1,12,14,2004,peach,"",99,0.7677895764455883,2005Q1-2012Q4,99,114.14998404072897,4.737513233166149,4.737513233166149,"",exact,FALSE,TRUE,TRUE,FALSE
peach,Peach,복숭아,total,fruit,1,robustness_treated,2017,01_fruit_total.xls; 02_fruit_bearing.xlsx,DT_1ET0292,복숭아,DT_1J49: 복숭아 | DT_1J60: 복숭아,복숭아,종합 (see Yearbook 2025 pp.44–51),"","",222284,21029.9183,15410,1442.4659312134977,1056.9893654793705,"","",12.31171112255316,9.953701383762905,9.953701383762905,9.64277192831416,7.27410938022709,"",2002,2004,2010,2019,low,0,0,1,13,15,2004,peach,"",98.85,0.7677895764455883,2005Q1-2012Q4,98.85,107.60578603855778,4.6784744198744805,4.6784744198744805,"",exact,FALSE,TRUE,TRUE,FALSE
peach,Peach,복숭아,total,fruit,1,robustness_treated,2018,01_fruit_total.xls; 02_fruit_bearing.xlsx,DT_1ET0292,복숭아,DT_1J49: 복숭아 | DT_1J60: 복숭아,복숭아,종합 (see Yearbook 2025 pp.44–51),"","",206889,21087.4623,15569,1328.8522063074056,981.0995607565354,"","",12.239937696539714,9.95643393906365,9.95643393906365,9.653037036689676,7.19207084583813,"",2002,2004,2010,2019,low,0,0,1,14,16,2004,peach,"",110.825,0.7677895764455883,2005Q1-2012Q4,110.825,120.0339046383368,4.787774241528324,4.787774241528324,"",exact,FALSE,TRUE,TRUE,FALSE
peach,Peach,복숭아,total,fruit,1,robustness_treated,2019,01_fruit_total.xls; 02_fruit_bearing.xlsx,DT_1ET0292,복숭아,DT_1J49: 복숭아 | DT_1J60: 복숭아,복숭아,종합 (see Yearbook 2025 pp.44–51),"","",210345,20635.6096,15385,1367.208319792005,1019.3301970589712,"","",12.256504318828862,9.934773483790549,9.934773483790549,9.641148287756142,7.22052621706081,"",2002,2004,2010,2019,low,0,0,1,15,17,2004,peach,"",96.65,0.7677895764455883,2005Q1-2012Q4,96.65,105.08087216333692,4.6547302647765845,4.6547302647765845,"",exact,FALSE,TRUE,TRUE,FALSE
peach,Peach,복숭아,total,fruit,1,robustness_treated,2020,01_fruit_total.xls; 02_fruit_bearing.xlsx,DT_1ET0292,복숭아,DT_1J49: 복숭아 | DT_1J60: 복숭아,복숭아,종합 (see Yearbook 2025 pp.44–51),"","",189057.7170079733,20450.3369,15324,1233.736080709823,924.4723836699887,"","",12.149807628417062,9.925754635662877,9.925754635662877,9.63717550582054,7.117802308584614,"",2002,2004,2010,2019,low,0,0,1,16,18,2004,peach,"",100,0.7677895764455883,2005Q1-2012Q4,100,99.83798273704728,4.603548699459536,4.603548699459536,"",exact,FALSE,TRUE,TRUE,FALSE
peach,Peach,복숭아,total,fruit,1,robustness_treated,2021,01_fruit_total.xls; 02_fruit_bearing.xlsx,DT_1ET0292,복숭아,DT_1J49: 복숭아 | DT_1J60: 복숭아,복숭아,종합 (see Yearbook 2025 pp.44–51),"","",192094,19474.8306,15447,1243.5683304201464,986.370582345399,"","",12.165740114536431,9.876878172369924,9.876878172369924,9.64517008871425,7.125740211810275,"",2002,2004,2010,2019,low,0,0,1,17,19,2004,peach,"",123.52499999999999,0.7677895764455883,2005Q1-2012Q4,123.525,110.2509779884576,4.702759384931218,4.702759384931218,"",exact,FALSE,TRUE,TRUE,FALSE
peach,Peach,복숭아,total,fruit,1,robustness_treated,2022,01_fruit_total.xls; 02_fruit_bearing.xlsx,DT_1ET0292,복숭아,DT_1J49: 복숭아 | DT_1J60: 복숭아,복숭아,종합 (see Yearbook 2025 pp.44–51),"","",191310,20314.4468,15326,1248.270912175388,941.7435871303176,"","",12.161650427977428,9.919087576941036,9.919087576941036,9.637306011530349,7.129514602435169,"",2002,2004,2010,2019,low,0,0,1,18,20,2004,peach,"",126.57499999999999,0.7677895764455883,2005Q1-2012Q4,126.575,116.08771513120467,4.754346070281886,4.754346070281886,"",exact,FALSE,TRUE,TRUE,FALSE
peach,Peach,복숭아,total,fruit,1,robustness_treated,2023,01_fruit_total.xls; 02_fruit_bearing.xlsx,DT_1ET0292,복숭아,DT_1J49: 복숭아 | DT_1J60: 복숭아,복숭아,종합 (see Yearbook 2025 pp.44–51),"","",182975,20126.9397,14904,1227.6905528717125,909.1049246796324,"","",12.117104810469428,9.909814480250954,9.909814480250954,9.609384912281424,7.112890084176095,"",2002,2004,2010,2019,low,0,0,1,19,21,2004,peach,"",150.475,0.7677895764455883,2005Q1-2012Q4,150.475,136.82938343650818,4.918734773326667,4.918734773326667,"",exact,FALSE,TRUE,TRUE,FALSE
peach,Peach,복숭아,total,fruit,1,robustness_treated,2024,01_fruit_total.xls; 02_fruit_bearing.xlsx,DT_1ET0292,복숭아,DT_1J49: 복숭아 | DT_1J60: 복숭아,복숭아,종합 (see Yearbook 2025 pp.44–51),"","",194801,20294.092,15405,1264.5309964297303,959.890198585874,"","",12.179733803647622,9.918085088188366,9.918085088188366,9.642447411030767,7.1424565786049445,"",2002,2004,2010,2019,low,0,0,1,20,22,2004,peach,"",160.3,0.7677895764455883,2005Q1-2012Q4,160.3,136.1186073563379,4.913526618580793,4.913526618580793,"",exact,FALSE,TRUE,TRUE,FALSE
peanut,Peanut,땅콩,all,special,0,control_pool,1980,13_í¹ì©ìë¬¼ìì°ë__ëì½©_.xlsx,DT_1ET0293,땅콩,DT_1J49: 땅콩 | DT_1J60: 땅콩,"","","","","","","","","","","","","","","","","","","","","",medium,1,0,0,"","",0,peanut,68.625,"",0.590270786911682,2005Q1-2012Q4,40.507332751814175,181.95111491436225,5.203738051625887,"",5.730911938131325,exact,TRUE,TRUE,TRUE,TRUE
peanut,Peanut,땅콩,all,special,0,control_pool,1981,13_í¹ì©ìë¬¼ìì°ë__ëì½©_.xlsx,DT_1ET0293,땅콩,DT_1J49: 땅콩 | DT_1J60: 땅콩,"","","","","","","","","","","","","","","","","","","","","",medium,1,0,0,"","",0,peanut,102.475,"",0.590270786911682,2005Q1-2012Q4,60.48799888877461,206.45115123617225,5.330063828660326,"",5.857237715165764,exact,TRUE,TRUE,TRUE,TRUE
peanut,Peanut,땅콩,all,special,0,control_pool,1982,13_í¹ì©ìë¬¼ìì°ë__ëì½©_.xlsx,DT_1ET0293,땅콩,DT_1J49: 땅콩 | DT_1J60: 땅콩,"","",11067,121,13243,"","","","",9.311722986264783,4.795790545596741,9.491224389926964,"",9.311722986264783,"","",-0.0111189559464701,"","","","",medium,1,0,0,"","",0,peanut,94.9,"",0.590270786911682,2005Q1-2012Q4,56.01669767791862,181.5622378089795,5.201598502963836,"",5.728772389469274,exact,TRUE,TRUE,TRUE,TRUE
peanut,Peanut,땅콩,all,special,0,control_pool,1983,13_í¹ì©ìë¬¼ìì°ë__ëì½©_.xlsx,DT_1ET0293,땅콩,DT_1J49: 땅콩 | DT_1J60: 땅콩,"","",11807,122,14394,"","","","",9.37644785490711,4.804021044733257,9.57456673206775,"",9.37644785490711,"","",-0.0007319815845256,"","","","",medium,1,0,0,"","",0,peanut,72.45,"",0.590270786911682,2005Q1-2012Q4,42.76511851175136,135.30698185301912,4.907546136602344,"",5.434720023107782,exact,TRUE,TRUE,TRUE,TRUE
peanut,Peanut,땅콩,all,special,0,control_pool,1984,13_í¹ì©ìë¬¼ìì°ë__ëì½©_.xlsx,DT_1ET0293,땅콩,DT_1J49: 땅콩 | DT_1J60: 땅콩,"","",10142,129,13084,"","","","",9.224440496354964,4.859812404361672,9.479145388658274,"",9.224440496354964,"","",0.00006267392972958419,"","","","",medium,1,0,0,"","",0,peanut,78.375,"",0.590270786911682,2005Q1-2012Q4,46.262472924203074,148.78241237933915,5.00248491903784,"",5.529658805543279,exact,TRUE,TRUE,TRUE,TRUE
peanut,Peanut,땅콩,all,special,0,control_pool,1985,13_í¹ì©ìë¬¼ìì°ë__ëì½©_.xlsx,DT_1ET0293,땅콩,DT_1J49: 땅콩 | DT_1J60: 땅콩,"","",11587,141,16340,"","","","",9.357639058997062,4.948759890378168,9.701371368413994,"",9.357639058997062,"","",0.0001426050268555,"","","","",medium,1,0,0,"","",0,peanut,99.925,"",0.590270786911682,2005Q1-2012Q4,58.98280838214982,182.8176432514764,5.208489171055591,"",5.7356630575610295,exact,TRUE,TRUE,TRUE,TRUE
peanut,Peanut,땅콩,all,special,0,control_pool,1986,13_í¹ì©ìë¬¼ìì°ë__ëì½©_.xlsx,DT_1ET0293,땅콩,DT_1J49: 땅콩 | DT_1J60: 땅콩,"","",13252,152,20174,"","","","",9.491903763419788,5.0238805208462765,9.91214992561478,"",9.491903763419788,"","",0.0015358273368093,"","","","",medium,1,0,0,"","",0,peanut,102.375,"",0.590270786911682,2005Q1-2012Q4,60.428971810083446,195.0110189470529,5.273056064388046,"",5.800229950893485,exact,TRUE,TRUE,TRUE,TRUE
peanut,Peanut,땅콩,all,special,0,control_pool,1987,13_í¹ì©ìë¬¼ìì°ë__ëì½©_.xlsx,DT_1ET0293,땅콩,DT_1J49: 땅콩 | DT_1J60: 땅콩,"","",21850,147,32188,"","","","",9.991956200523736,4.990432586778736,10.379348991266024,"",9.991956200523736,"","",0.0021303899516436,"","","","",medium,1,0,0,"","",0,peanut,103.425,"",0.590270786911682,2005Q1-2012Q4,61.04875613634072,191.91437984633475,5.257049334267388,"",5.784223220772826,exact,TRUE,TRUE,TRUE,TRUE
peanut,Peanut,땅콩,all,special,0,control_pool,1988,13_í¹ì©ìë¬¼ìì°ë__ëì½©_.xlsx,DT_1ET0293,땅콩,DT_1J49: 땅콩 | DT_1J60: 땅콩,"","",16394,175,28621,"","","","",9.704670693212975,5.1647859739235145,10.261895993101012,"",9.704670693212975,"","",-0.0023904880473857,"","","","",medium,1,0,0,"","",0,peanut,99.45,"",0.590270786911682,2005Q1-2012Q4,58.702429758366776,161.08142921779918,5.0819100086642734,"",5.609083895169712,exact,TRUE,TRUE,TRUE,TRUE
peanut,Peanut,땅콩,all,special,0,control_pool,1989,13_í¹ì©ìë¬¼ìì°ë__ëì½©_.xlsx,DT_1ET0293,땅콩,DT_1J49: 땅콩 | DT_1J60: 땅콩,"","",16672,172,28686,"","","","",9.721485944553091,5.147494476813453,10.26416447785416,"",9.721485944553091,"","",0.0003542424757032,"","","","",medium,1,0,0,"","",0,peanut,95.6,"",0.590270786911682,2005Q1-2012Q4,56.4298872287568,147.14505892168978,4.99141889560188,"",5.518592782107318,exact,TRUE,TRUE,TRUE,TRUE
peanut,Peanut,땅콩,all,special,0,control_pool,1990,13_í¹ì©ìë¬¼ìì°ë__ëì½©_.xlsx,DT_1ET0293,땅콩,DT_1J49: 땅콩 | DT_1J60: 땅콩,"","",11665,150,17528,"","","","",9.36434818445553,5.010635294096256,9.771554881275302,"",9.36434818445553,"","",0.0017415887116065,"","","","",medium,1,0,0,"","",0,peanut,107.375,"",0.590270786911682,2005Q1-2012Q4,63.38032574464185,147.68282713121863,4.9950669142009,"",5.522240800706339,exact,TRUE,TRUE,TRUE,TRUE
peanut,Peanut,땅콩,all,special,0,control_pool,1991,13_í¹ì©ìë¬¼ìì°ë__ëì½©_.xlsx,DT_1ET0293,땅콩,DT_1J49: 땅콩 | DT_1J60: 땅콩,"","",10636,171,18161,"","","","",9.27199975236291,5.14166355650266,9.807031716718498,"",9.27199975236291,"","",-0.001461406158981,"","","","",medium,1,0,0,"","",0,peanut,122.85,"",0.590270786911682,2005Q1-2012Q4,72.51476617210014,154.6496184678383,5.041162032059418,"",5.568335918564856,exact,TRUE,TRUE,TRUE,TRUE
peanut,Peanut,땅콩,all,special,0,control_pool,1992,13_í¹ì©ìë¬¼ìì°ë__ëì½©_.xlsx,DT_1ET0293,땅콩,DT_1J49: 땅콩 | DT_1J60: 땅콩,"","",9976,193,19247,"","","","",9.207937487359873,5.262690188904886,9.865110483415124,"",9.207937487359873,"","",-0.000347006861542,"","","","",medium,1,0,0,"","",0,peanut,128.85,"",0.590270786911682,2005Q1-2012Q4,76.05639089357022,155.10909824489354,5.044128728970695,"",5.571302615476133,exact,TRUE,TRUE,TRUE,TRUE
peanut,Peanut,땅콩,all,special,0,control_pool,1993,13_í¹ì©ìë¬¼ìì°ë__ëì½©_.xlsx,DT_1ET0293,땅콩,DT_1J49: 땅콩 | DT_1J60: 땅콩,"","",10183,167,16980,"","","","",9.228474942171664,5.117993812416755,9.73979145986534,"",9.228474942171664,"","",-0.0015071087349909,"","","","",medium,1,0,0,"","",0,peanut,124.875,"",0.590270786911682,2005Q1-2012Q4,73.71006451559629,152.1591430574258,5.024926966929393,"",5.552100853434832,exact,TRUE,TRUE,TRUE,TRUE
peanut,Peanut,땅콩,all,special,0,control_pool,1994,13_í¹ì©ìë¬¼ìì°ë__ëì½©_.xlsx,DT_1ET0293,땅콩,DT_1J49: 땅콩 | DT_1J60: 땅콩,"","",8815,190,16774,"","","","",9.08421009483197,5.247024072160486,9.727585347544355,"",9.08421009483197,"","",0.0015213665399915,"","","","",medium,1,0,0,"","",0,peanut,133,"",0.590270786911682,2005Q1-2012Q4,78.50601465925371,150.23227783251775,5.012182615260643,"",5.539356501766081,exact,TRUE,TRUE,TRUE,TRUE
peanut,Peanut,땅콩,all,special,0,control_pool,1995,13_í¹ì©ìë¬¼ìì°ë__ëì½©_.xlsx,DT_1ET0293,땅콩,DT_1J49: 땅콩 | DT_1J60: 땅콩,"","",9358,184,17214,"","","","",9.14398687142616,5.214935757608986,9.75347828520942,"",9.14398687142616,"","",-0.0002741578376355,"","","","",medium,1,0,0,"","",0,peanut,125.75,"",0.590270786911682,2005Q1-2012Q4,74.22655145414402,127.60132456333028,4.848910751447174,"",5.376084637952612,exact,TRUE,TRUE,TRUE,TRUE
peanut,Peanut,땅콩,all,special,0,control_pool,1996,13_í¹ì©ìë¬¼ìì°ë__ëì½©_.xlsx,DT_1ET0293,땅콩,DT_1J49: 땅콩 | DT_1J60: 땅콩,"","",5655,192,10837,"","","","",8.640295388550221,5.2574953720277815,9.290721483922995,"",8.640295388550221,"","",-0.0018990906669156,"","","","",medium,1,0,0,"","",0,peanut,118.85,"",0.590270786911682,2005Q1-2012Q4,70.1536830244534,115.06797365255052,4.745523028986654,"",5.272696915492093,exact,TRUE,TRUE,TRUE,TRUE
peanut,Peanut,땅콩,all,special,0,control_pool,1997,13_í¹ì©ìë¬¼ìì°ë__ëì½©_.xlsx,DT_1ET0293,땅콩,DT_1J49: 땅콩 | DT_1J60: 땅콩,"","",5553,197,10929,"","","","",8.622093601241607,5.2832037287379885,9.299175085676673,"",8.622093601241607,"","",-0.0009520583148319,"","","","",medium,1,0,0,"","",0,peanut,119.875,"",0.590270786911682,2005Q1-2012Q4,70.75871058103789,119.23408726124684,4.781088680707262,"",5.3082625672127,exact,TRUE,TRUE,TRUE,TRUE
peanut,Peanut,땅콩,all,special,0,control_pool,1998,13_í¹ì©ìë¬¼ìì°ë__ëì½©_.xlsx,DT_1ET0293,땅콩,DT_1J49: 땅콩 | DT_1J60: 땅콩,"","",7483,184,13773,"","","","",8.920389060080359,5.214935757608986,9.530465432917332,"",8.920389060080359,"","",0.000310801216079,"","","","",medium,1,0,0,"","",0,peanut,116.075,"",0.590270786911682,2005Q1-2012Q4,68.51568159077348,116.56988106252564,4.758490930621755,"",5.285664817127193,exact,TRUE,TRUE,TRUE,TRUE
peanut,Peanut,땅콩,all,special,0,control_pool,1999,13_í¹ì©ìë¬¼ìì°ë__ëì½©_.xlsx,DT_1ET0293,땅콩,DT_1J49: 땅콩 | DT_1J60: 땅콩,"","",6808,182,12360,"","","","",8.82585367025321,5.204006687076795,9.422220731011684,"",8.82585367025321,"","",-0.0024694403302323,"","","","",medium,1,0,0,"","",0,peanut,92.7,"",0.590270786911682,2005Q1-2012Q4,54.71810194671292,87.16918557225982,4.467850891997848,"",4.995024778503286,exact,TRUE,TRUE,TRUE,TRUE
peanut,Peanut,땅콩,all,special,0,control_pool,2000,13_í¹ì©ìë¬¼ìì°ë__ëì½©_.xlsx,DT_1ET0293,땅콩,DT_1J49: 땅콩 | DT_1J60: 땅콩,"","",4662,191,8918,"","","","",8.447199819595703,5.25227342804663,9.095826985187422,"",8.447199819595703,"","",0.0015239235331812,"","","","",medium,1,0,0,"","",0,peanut,85.4,"",0.590270786911682,2005Q1-2012Q4,50.40912520225764,76.99722023005968,4.343769320293714,"",4.8709432067991525,exact,TRUE,TRUE,TRUE,TRUE
peanut,Peanut,땅콩,all,special,0,control_pool,2001,13_í¹ì©ìë¬¼ìì°ë__ëì½©_.xlsx,DT_1ET0293,땅콩,DT_1J49: 땅콩 | DT_1J60: 땅콩,"","",4763,202,9620,"","","","",8.46863300080086,5.308267697401205,9.171599543659752,"",8.46863300080086,"","",-0.0001309685542221,"","","","",medium,1,0,0,"","",0,peanut,90.875,"",0.590270786911682,2005Q1-2012Q4,53.640857760599104,78.76113606536705,4.366419678062108,"",4.893593564567547,exact,TRUE,TRUE,TRUE,TRUE
peanut,Peanut,땅콩,all,special,0,control_pool,2002,13_í¹ì©ìë¬¼ìì°ë__ëì½©_.xlsx,DT_1ET0293,땅콩,DT_1J49: 땅콩 | DT_1J60: 땅콩,"","",5483,204,11212,"","","","",8.609407675404048,5.318119993844216,9.32473991228468,"",8.609407675404048,"","",0.0023824290245055,"","","","",medium,1,0,0,"","",0,peanut,89.825,"",0.590270786911682,2005Q1-2012Q4,53.02107343434184,75.28736033612226,4.321312263294199,"",4.848486149799638,exact,TRUE,TRUE,TRUE,TRUE
peanut,Peanut,땅콩,all,special,0,control_pool,2003,13_í¹ì©ìë¬¼ìì°ë__ëì½©_.xlsx,DT_1ET0293,땅콩,DT_1J49: 땅콩 | DT_1J60: 땅콩,"","",4079,176,7177,"","","","",8.313607139317558,5.170483995038151,8.878636747430072,"",8.313607139317558,"","",-0.0002842009375463,"","","","",medium,1,0,0,"","",0,peanut,100.775,"",0.590270786911682,2005Q1-2012Q4,59.48453855102476,79.09374867795839,4.370633841030529,"",4.897807727535968,exact,TRUE,TRUE,TRUE,TRUE
peanut,Peanut,땅콩,all,special,0,control_pool,2004,13_í¹ì©ìë¬¼ìì°ë__ëì½©_.xlsx,DT_1ET0293,땅콩,DT_1J49: 땅콩 | DT_1J60: 땅콩,"","",3454,239,8257,"","","","",8.147288258706624,5.476463551931511,9.01881660441743,"",8.147288258706624,"","",0.0002349797673861,"","","","",medium,1,0,0,"","",0,peanut,118.875,"",0.590270786911682,2005Q1-2012Q4,70.1684397941262,92.32321572064588,4.525295634482511,"",5.052469520987949,exact,TRUE,TRUE,TRUE,TRUE
peanut,Peanut,땅콩,all,special,0,control_pool,2005,13_í¹ì©ìë¬¼ìì°ë__ëì½©_.xlsx,DT_1ET0293,땅콩,DT_1J49: 땅콩 | DT_1J60: 땅콩,"","",3352,197,6604,"","","","",8.117312461601975,5.2832037287379885,8.795430805040018,"",8.117312461601975,"","",0.00008480068814797903,"","","","",medium,1,0,0,"","",0,peanut,100,59,0.590270786911682,2005Q1-2012Q4,59,81.91826451170363,4.405721975906921,4.405721975906921,4.933354717989293,exact,TRUE,TRUE,TRUE,TRUE
peanut,Peanut,땅콩,all,special,0,control_pool,2006,13_í¹ì©ìë¬¼ìì°ë__ëì½©_.xlsx,DT_1ET0293,땅콩,DT_1J49: 땅콩 | DT_1J60: 땅콩,"","",2970,214,6354,"","","","",7.996317231796746,5.365976015021851,8.756839814829462,"",7.996317231796746,"","",-0.0002832460010431,"","","","",medium,1,0,0,"","",0,peanut,109.575,64.65,0.590270786911682,2005Q1-2012Q4,64.65,91.390971508728,4.515146693589005,4.515146693589005,5.042768089611722,exact,TRUE,TRUE,TRUE,TRUE
peanut,Peanut,땅콩,all,special,0,control_pool,2007,13_í¹ì©ìë¬¼ìì°ë__ëì½©_.xlsx,DT_1ET0293,땅콩,DT_1J49: 땅콩 | DT_1J60: 땅콩,"","",3318,210,6960,"","","","",8.10711747075039,5.3471075307174685,8.847934753328465,"",8.10711747075039,"","",-0.001120062151303,"","","","",medium,1,0,0,"","",0,peanut,131.3,77.5,0.590270786911682,2005Q1-2012Q4,77.5,107.79220146014762,4.680205313187795,4.680205313187795,5.207413778844385,exact,TRUE,TRUE,TRUE,TRUE
peanut,Peanut,땅콩,all,special,0,control_pool,2008,13_í¹ì©ìë¬¼ìì°ë__ëì½©_.xlsx,DT_1ET0293,땅콩,DT_1J49: 땅콩 | DT_1J60: 땅콩,"","",3366,222,7459,"","","","",8.121480374750751,5.402677381872279,8.917176635955164,"",8.121480374750751,"","",-0.0018109346797761,"","","","",medium,1,0,0,"","",0,peanut,107.925,63.7,0.590270786911682,2005Q1-2012Q4,63.7,89.02586599661448,4.488926956683105,4.488926956683105,5.016173264890281,exact,TRUE,TRUE,TRUE,TRUE
peanut,Peanut,땅콩,all,special,0,control_pool,2009,13_í¹ì©ìë¬¼ìì°ë__ëì½©_.xlsx,DT_1ET0293,땅콩,DT_1J49: 땅콩 | DT_1J60: 땅콩,"","",4111,248,10201,"","","","",8.321421586897879,5.513428746164983,9.23024103368252,"",8.321421586897879,"","",0.0005608866077508,"","","","",medium,1,0,0,"","",0,peanut,121.125,71.475,0.590270786911682,2005Q1-2012Q4,71.475,100.04362485700436,4.605606339429393,4.605606339429393,5.133077092494564,exact,TRUE,TRUE,TRUE,TRUE
peanut,Peanut,땅콩,all,special,0,control_pool,2010,13_í¹ì©ìë¬¼ìì°ë__ëì½©_.xlsx,DT_1ET0293,땅콩,DT_1J49: 땅콩 | DT_1J60: 땅콩,"","",5381,260,13991,"","","","",8.59062950948942,5.560681631015528,9.546169544733283,"",8.59062950948942,"","",0.00002859021642898085,"","","","",medium,1,0,0,"","",0,peanut,118.325,69.82499999999999,0.590270786911682,2005Q1-2012Q4,69.82499999999999,91.95630589920395,4.521313528353056,4.521313528353056,5.048842875534179,exact,TRUE,TRUE,TRUE,TRUE
peanut,Peanut,땅콩,all,special,0,control_pool,2011,13_í¹ì©ìë¬¼ìì°ë__ëì½©_.xlsx,DT_1ET0293,땅콩,DT_1J49: 땅콩 | DT_1J60: 땅콩,"","",4413,246,10854,"","","","",8.392310009269547,5.5053315359323625,9.29228895462335,"",8.392310009269547,"","",-0.0001824045904683,"","","","",medium,1,0,0,"","",0,peanut,109.775,65,0.590270786911682,2005Q1-2012Q4,65,79.31217859875314,4.37339169312601,4.37339169312601,4.897408363229996,exact,TRUE,TRUE,TRUE,TRUE
peanut,Peanut,땅콩,all,special,0,control_pool,2012,13_í¹ì©ìë¬¼ìì°ë__ëì½©_.xlsx,DT_1ET0293,땅콩,DT_1J49: 땅콩 | DT_1J60: 땅콩,"","",4072,244,9939,"","","","",8.311889558230359,5.497168225293202,9.204221690968003,"",8.311889558230359,"","",0.000334093432535,"","","","",medium,1,0,0,"","",0,peanut,143.52499999999998,84.65,0.590270786911682,2005Q1-2012Q4,84.65,96.27935184940188,4.5672538809582885,4.5672538809582885,5.095182281825767,exact,TRUE,TRUE,TRUE,TRUE
peanut,Peanut,땅콩,all,special,0,control_pool,2013,13_í¹ì©ìë¬¼ìì°ë__ëì½©_.xlsx,DT_1ET0293,땅콩,DT_1J49: 땅콩 | DT_1J60: 땅콩,"","",4374,249,10875,"","","","",8.383433201236713,5.517452896464707,9.294221855956884,"",8.383433201236713,"","",-0.0014940557564457,"","","","",medium,1,0,0,"","",0,peanut,"",86.25,0.590270786911682,2005Q1-2012Q4,86.25,100.49860270164518,4.61014382393626,4.61014382393626,"",exact,TRUE,TRUE,TRUE,TRUE
peanut,Peanut,땅콩,all,special,0,control_pool,2014,13_í¹ì©ìë¬¼ìì°ë__ëì½©_.xlsx,DT_1ET0293,땅콩,DT_1J49: 땅콩 | DT_1J60: 땅콩,"","",4565,272,12402,"","","","",8.426173793029069,5.605802066295998,9.425613028909824,"",8.426173793029069,"","",-0.0011926444271512,"","","","",medium,1,0,0,"","",0,peanut,"",76.25,0.590270786911682,2005Q1-2012Q4,76.25,90.89013887446234,4.509651512069465,4.509651512069465,"",exact,TRUE,TRUE,TRUE,TRUE
peanut,Peanut,땅콩,all,special,0,control_pool,2015,13_í¹ì©ìë¬¼ìì°ë__ëì½©_.xlsx,DT_1ET0293,땅콩,DT_1J49: 땅콩 | DT_1J60: 땅콩,"","",4589,254,11651,"","","","",8.431417414394833,5.537334267018537,9.36314729221994,"",8.431417414394833,"","",-0.000434203205339,"","","","",medium,1,0,0,"","",0,peanut,"",77.925,0.590270786911682,2005Q1-2012Q4,77.925,91.45234643049676,4.51581803257766,4.51581803257766,"",exact,TRUE,TRUE,TRUE,TRUE
peanut,Peanut,땅콩,all,special,0,control_pool,2016,13_í¹ì©ìë¬¼ìì°ë__ëì½©_.xlsx,DT_1ET0293,땅콩,DT_1J49: 땅콩 | DT_1J60: 땅콩,"","",5632,276,15530,"","","","",8.636219897837877,5.62040086571715,9.650528916142733,"",8.636219897837877,"","",-0.0009216614242042,"","","","",medium,1,0,0,"","",0,peanut,"",71.025,0.590270786911682,2005Q1-2012Q4,71.025,81.95190927126944,4.406132602920512,4.406132602920512,"",exact,TRUE,TRUE,TRUE,TRUE
peanut,Peanut,땅콩,all,special,0,control_pool,2017,13_í¹ì©ìë¬¼ìì°ë__ëì½©_.xlsx,DT_1ET0293,땅콩,DT_1J49: 땅콩 | DT_1J60: 땅콩,"","",5190,287,14910,"","","","",8.554488976159934,5.659482215759621,9.609787407758784,"",8.554488976159934,"","",0.0009864018273191,"","","","",medium,1,0,0,"","",0,peanut,"",69.175,0.590270786911682,2005Q1-2012Q4,69.175,75.43069493878619,4.323214286852215,4.323214286852215,"",exact,TRUE,TRUE,TRUE,TRUE
peanut,Peanut,땅콩,all,special,0,control_pool,2018,13_í¹ì©ìë¬¼ìì°ë__ëì½©_.xlsx,DT_1ET0293,땅콩,DT_1J49: 땅콩 | DT_1J60: 땅콩,"","",4118,267,11002,"","","","",8.323122887587735,5.58724865840025,9.305832353435404,"",8.323122887587735,"","",0.0006309934355108,"","","","",medium,1,0,0,"","",0,peanut,"",75.44999999999999,0.590270786911682,2005Q1-2012Q4,75.44999999999999,81.73728163273279,4.403510221316097,4.403510221316097,"",exact,TRUE,TRUE,TRUE,TRUE
peanut,Peanut,땅콩,all,special,0,control_pool,2019,13_í¹ì©ìë¬¼ìì°ë__ëì½©_.xlsx,DT_1ET0293,땅콩,DT_1J49: 땅콩 | DT_1J60: 땅콩,"","",3236,254,8219,"","","","",8.082093278178382,5.537334267018537,9.0142038261485,"",8.082093278178382,"","",-0.0000535330603277373,"","","","",medium,1,0,0,"","",0,peanut,"",76.75,0.590270786911682,2005Q1-2012Q4,76.75,83.87233425032032,4.429295812376286,4.429295812376286,"",exact,TRUE,TRUE,TRUE,TRUE
peanut,Peanut,땅콩,all,special,0,control_pool,2020,13_í¹ì©ìë¬¼ìì°ë__ëì½©_.xlsx,DT_1ET0293,땅콩,DT_1J49: 땅콩 | DT_1J60: 땅콩,"","",3741,254,9512,"","","","",8.227108234348146,5.537334267018537,9.160309438370618,"",8.227108234348146,"","",0.0010371229920274,"","","","",medium,1,0,0,"","",0,peanut,"",100,0.590270786911682,2005Q1-2012Q4,100,99.8265051550162,4.603433730772165,4.603433730772165,"",exact,TRUE,TRUE,TRUE,TRUE
peanut,Peanut,땅콩,all,special,0,control_pool,2021,13_í¹ì©ìë¬¼ìì°ë__ëì½©_.xlsx,DT_1ET0293,땅콩,DT_1J49: 땅콩 | DT_1J60: 땅콩,"","",4082,261,10671,"","","","",8.31434234336979,5.564520407322694,9.275285060616564,"",8.31434234336979,"","",0.0015924959121722,"","","","",medium,1,0,0,"","",0,peanut,"",114.875,0.590270786911682,2005Q1-2012Q4,114.875,102.24136046128788,4.627336297086936,4.627336297086936,"",exact,TRUE,TRUE,TRUE,TRUE
peanut,Peanut,땅콩,all,special,0,control_pool,2022,13_í¹ì©ìë¬¼ìì°ë__ëì½©_.xlsx,DT_1ET0293,땅콩,DT_1J49: 땅콩 | DT_1J60: 땅콩,"","",4063,264,10711,"","","","",8.309676895987726,5.575949103146316,9.27902652976463,"",8.309676895987726,"","",-0.0014292833813218,"","","","",medium,1,0,0,"","",0,peanut,"",110.625,0.590270786911682,2005Q1-2012Q4,110.625,101.2706454190464,4.617796590574071,4.617796590574071,"",exact,TRUE,TRUE,TRUE,TRUE
peanut,Peanut,땅콩,all,special,0,control_pool,2023,13_í¹ì©ìë¬¼ìì°ë__ëì½©_.xlsx,DT_1ET0293,땅콩,DT_1J49: 땅콩 | DT_1J60: 땅콩,"","",3590,256,9186,"","","","",8.185907481482324,5.545177444479562,9.12543586488574,"",8.185907481482324,"","",-0.0004788750880564,"","","","",medium,1,0,0,"","",0,peanut,"",110.1,0.590270786911682,2005Q1-2012Q4,110.1,100.35606537102444,4.608724515578468,4.608724515578468,"",exact,TRUE,TRUE,TRUE,TRUE
peanut,Peanut,땅콩,all,special,0,control_pool,2024,13_í¹ì©ìë¬¼ìì°ë__ëì½©_.xlsx,DT_1ET0293,땅콩,DT_1J49: 땅콩 | DT_1J60: 땅콩,"","",3354,243,8164,"","","","",8.117908942383155,5.493061443340548,9.007489523929737,"",8.117908942383155,"","",0.0016893241941229,"","","","",medium,1,0,0,"","",0,peanut,"",140.65,0.590270786911682,2005Q1-2012Q4,140.65,120.46243772220342,4.791337984188196,4.791337984188196,"",exact,TRUE,TRUE,TRUE,TRUE
pear,Pear,배,total,fruit,1,baseline_treated,1980,01_fruit_total.xls; 02_fruit_bearing.xlsx,DT_1ET0292,배,DT_1J49: 배 | DT_1J60: 배,배,적과전종합 (2024 records: 적과전종합Ⅱ),"","",59570.1,9164,"","",650.0447402880839,"","",10.994909049318656,9.123038043573386,9.123038043573386,"","","",2001,2003,2001,2003,medium,1,0,0,-23,-21,2003,pear,41.7,"",0.6490773996538214,2005Q1-2012Q4,27.06652756556435,122.35854474342943,4.806955625974232,"",5.239158935495959,exact,FALSE,TRUE,TRUE,FALSE
pear,Pear,배,total,fruit,1,baseline_treated,1981,01_fruit_total.xls; 02_fruit_bearing.xlsx,DT_1ET0292,배,DT_1J49: 배 | DT_1J60: 배,배,적과전종합 (2024 records: 적과전종합Ⅱ),"","",71596,9311,"","",768.9399634840512,"","",11.17879448546639,9.138951775888527,9.138951775888527,"","","",2001,2003,2001,2003,medium,1,0,0,-22,-20,2003,pear,47.475,"",0.6490773996538214,2005Q1-2012Q4,30.81494954856517,105.40769248230406,4.657835617147156,"",5.090038926668882,exact,FALSE,TRUE,TRUE,FALSE
pear,Pear,배,total,fruit,1,baseline_treated,1982,01_fruit_total.xls; 02_fruit_bearing.xlsx,DT_1ET0292,배,DT_1J49: 배 | DT_1J60: 배,배,적과전종합 (2024 records: 적과전종합Ⅱ),"","",96447,9713,"","",992.968186965922,"","",11.476748913651065,9.18122047340233,9.18122047340233,"","","",2001,2003,2001,2003,medium,1,0,0,-21,-19,2003,pear,42.1,"",0.6490773996538214,2005Q1-2012Q4,27.32615852542588,88.61250574530129,4.484272996017373,"",4.9164763055391,exact,FALSE,TRUE,TRUE,FALSE
pear,Pear,배,total,fruit,1,baseline_treated,1983,01_fruit_total.xls; 02_fruit_bearing.xlsx,DT_1ET0292,배,DT_1J49: 배 | DT_1J60: 배,배,적과전종합 (2024 records: 적과전종합Ⅱ),"","",106304,9802,"","",1084.5133646194654,"","",11.574058192972966,9.190341725469493,9.190341725469493,"","","",2001,2003,2001,2003,medium,1,0,0,-20,-18,2003,pear,41.625,"",0.6490773996538214,2005Q1-2012Q4,27.01784676059032,85.46847545467273,4.448147599820675,"",4.880350909342402,exact,FALSE,TRUE,TRUE,FALSE
pear,Pear,배,total,fruit,1,baseline_treated,1984,01_fruit_total.xls; 02_fruit_bearing.xlsx,DT_1ET0292,배,DT_1J49: 배 | DT_1J60: 배,배,적과전종합 (2024 records: 적과전종합Ⅱ),"","",101448,9041,"","",1122.088264572503,"","",11.527301630914735,9.109525066737367,9.109525066737367,"","","",2001,2003,2001,2003,medium,1,0,0,-19,-17,2003,pear,34.1,"",0.6490773996538214,2005Q1-2012Q4,22.133539328195308,71.2485020606235,4.266173795217211,"",4.698377104738937,exact,FALSE,TRUE,TRUE,FALSE
pear,Pear,배,total,fruit,1,baseline_treated,1985,01_fruit_total.xls; 02_fruit_bearing.xlsx,DT_1ET0292,배,DT_1J49: 배 | DT_1J60: 배,배,적과전종합 (2024 records: 적과전종합Ⅱ),"","",128079,9022,"","",1419.6297938372868,"","",11.76040254001988,9.107421317968342,9.107421317968342,"","","",2001,2003,2001,2003,medium,1,0,0,-18,-16,2003,pear,53.099999999999994,"",0.6490773996538214,2005Q1-2012Q4,34.46600992161791,106.81801170336804,4.671126561214407,"",5.103329870736133,exact,FALSE,TRUE,TRUE,FALSE
pear,Pear,배,total,fruit,1,baseline_treated,1986,01_fruit_total.xls; 02_fruit_bearing.xlsx,DT_1ET0292,배,DT_1J49: 배 | DT_1J60: 배,배,적과전종합 (2024 records: 적과전종합Ⅱ),"","",135069,9017,"","",1497.9372296772765,"","",11.813541037958885,9.106866963499908,9.106866963499908,"","","",2001,2003,2001,2003,medium,1,0,0,-17,-15,2003,pear,57.55,"",0.6490773996538214,2005Q1-2012Q4,37.35440435007742,120.83557940628434,4.794430773643801,"",5.226634083165528,exact,FALSE,TRUE,TRUE,FALSE
pear,Pear,배,total,fruit,1,baseline_treated,1987,01_fruit_total.xls; 02_fruit_bearing.xlsx,DT_1ET0292,배,DT_1J49: 배 | DT_1J60: 배,배,적과전종합 (2024 records: 적과전종합Ⅱ),"","",144856,8088,"","",1790.9990108803163,"","",11.88349542450048,8.998136760700307,8.998136760700307,"","","",2001,2003,2001,2003,medium,1,0,0,-16,-14,2003,pear,77.35,"",0.6490773996538214,2005Q1-2012Q4,50.20613686322309,157.77950036458245,5.06119849100318,"",5.493401800524906,exact,FALSE,TRUE,TRUE,FALSE
pear,Pear,배,total,fruit,1,baseline_treated,1988,01_fruit_total.xls; 02_fruit_bearing.xlsx,DT_1ET0292,배,DT_1J49: 배 | DT_1J60: 배,배,적과전종합 (2024 records: 적과전종합Ⅱ),"","",191711,8381,"","",2287.447798592053,"","",12.163744308712475,9.033722518098909,9.033722518098909,"","","",2001,2003,2001,2003,medium,1,0,0,-15,-13,2003,pear,99.525,"",0.6490773996538214,2005Q1-2012Q4,64.59942820054657,177.30995875941173,5.177899380478558,"",5.610102690000284,exact,FALSE,TRUE,TRUE,FALSE
pear,Pear,배,total,fruit,1,baseline_treated,1989,01_fruit_total.xls; 02_fruit_bearing.xlsx,DT_1ET0292,배,DT_1J49: 배 | DT_1J60: 배,배,적과전종합 (2024 records: 적과전종합Ⅱ),"","",198852,8792,"","",2261.737943585077,"","",12.200316108417796,9.081597496083456,9.081597496083456,"","","",2001,2003,2001,2003,medium,1,0,0,-14,-12,2003,pear,97.225,"",0.6490773996538214,2005Q1-2012Q4,63.10655018134278,164.5408239396026,5.103158709261993,"",5.53536201878372,exact,FALSE,TRUE,TRUE,FALSE
pear,Pear,배,total,fruit,1,baseline_treated,1990,01_fruit_total.xls; 02_fruit_bearing.xlsx,DT_1ET0292,배,DT_1J49: 배 | DT_1J60: 배,배,적과전종합 (2024 records: 적과전종합Ⅱ),"","",159335,9058,"","",1759.0527710311328,"","",11.978764183001822,9.11140362411616,9.11140362411616,"","","",2001,2003,2001,2003,medium,1,0,0,-13,-11,2003,pear,90.5,"",0.6490773996538214,2005Q1-2012Q4,58.74150466867084,137.17410801101755,4.921250980361605,"",5.353454289883332,exact,FALSE,TRUE,TRUE,FALSE
pear,Pear,배,total,fruit,1,baseline_treated,1991,01_fruit_total.xls; 02_fruit_bearing.xlsx,DT_1ET0292,배,DT_1J49: 배 | DT_1J60: 배,배,적과전종합 (2024 records: 적과전종합Ⅱ),"","",165310,9495,"","",1741.0215903106898,"","",12.015577778047058,9.158520623246384,9.158520623246384,"","","",2001,2003,2001,2003,medium,1,0,0,-12,-10,2003,pear,125.1,"",0.6490773996538214,2005Q1-2012Q4,81.19958269669306,173.13042853480485,5.154045232607727,"",5.586248542129453,exact,FALSE,TRUE,TRUE,FALSE
pear,Pear,배,total,fruit,1,baseline_treated,1992,01_fruit_total.xls; 02_fruit_bearing.xlsx,DT_1ET0292,배,DT_1J49: 배 | DT_1J60: 배,배,적과전종합 (2024 records: 적과전종합Ⅱ),"","",173511,10339,"","",1678.218396363285,"","",12.063996276935688,9.243678431586693,9.243678431586693,"","","",2001,2003,2001,2003,medium,1,0,0,-11,-9,2003,pear,138.575,"",0.6490773996538214,2005Q1-2012Q4,89.9459006570283,183.2880909669081,5.211059182559928,"",5.643262492081654,exact,FALSE,TRUE,TRUE,FALSE
pear,Pear,배,total,fruit,1,baseline_treated,1993,01_fruit_total.xls; 02_fruit_bearing.xlsx,DT_1ET0292,배,DT_1J49: 배 | DT_1J60: 배,배,적과전종합 (2024 records: 적과전종합Ⅱ),"","",162133,11009,"","",1472.731401580525,"","",11.99617226504282,9.306468399070404,9.306468399070404,"","","",2001,2003,2001,2003,medium,1,0,0,-10,-8,2003,pear,130.75,"",0.6490773996538214,2005Q1-2012Q4,84.86687000473714,175.02110338698768,5.164906557435817,"",5.597109866957544,exact,FALSE,TRUE,TRUE,FALSE
pear,Pear,배,total,fruit,1,baseline_treated,1994,01_fruit_total.xls; 02_fruit_bearing.xlsx,DT_1ET0292,배,DT_1J49: 배 | DT_1J60: 배,배,적과전종합 (2024 records: 적과전종합Ⅱ),"","",163729,12649,"","",1294.402719582576,"","",12.005967900998687,9.44533343964754,9.44533343964754,"","","",2001,2003,2001,2003,medium,1,0,0,-9,-7,2003,pear,173.625,"",0.6490773996538214,2005Q1-2012Q4,112.69606351489476,215.35445533047343,5.372285300074005,"",5.804488609595732,exact,FALSE,TRUE,TRUE,FALSE
pear,Pear,배,total,fruit,1,baseline_treated,1995,01_fruit_total.xls; 02_fruit_bearing.xlsx,DT_1ET0292,배,DT_1J49: 배 | DT_1J60: 배,배,적과전종합 (2024 records: 적과전종합Ⅱ),"","",178321,15752,"","",1132.0530726256984,"","",12.091340575939943,9.664722620318962,9.664722620318962,"","","",2001,2003,2001,2003,medium,1,0,0,-8,-6,2003,pear,209.4,"",0.6490773996538214,2005Q1-2012Q4,135.9168074875102,233.5326533711949,5.453321910463268,"",5.885525219984995,exact,FALSE,TRUE,TRUE,FALSE
pear,Pear,배,total,fruit,1,baseline_treated,1996,01_fruit_total.xls; 02_fruit_bearing.xlsx,DT_1ET0292,배,DT_1J49: 배 | DT_1J60: 배,배,적과전종합 (2024 records: 적과전종합Ⅱ),"","",219322,18243,"","",1202.2255111549634,"","",12.298296248571791,9.81153672378822,9.81153672378822,"","","",2001,2003,2001,2003,medium,1,0,0,-7,-5,2003,pear,211.4,"",0.6490773996538214,2005Q1-2012Q4,137.21496228681784,225.0774310790773,5.416444481131708,"",5.848647790653435,exact,FALSE,TRUE,TRUE,FALSE
pear,Pear,배,total,fruit,1,baseline_treated,1997,01_fruit_total.xls; 02_fruit_bearing.xlsx,DT_1ET0292,배,DT_1J49: 배 | DT_1J60: 배,배,적과전종합 (2024 records: 적과전종합Ⅱ),"","",260168,21983,"","",1183.496338079425,"","",12.469082855176303,9.998024706360116,9.998024706360116,"","","",2001,2003,2001,2003,medium,1,0,0,-6,-4,2003,pear,232.7,"",0.6490773996538214,2005Q1-2012Q4,151.04031089944425,254.50246819370017,5.539310534150624,"",5.97151384367235,exact,FALSE,TRUE,TRUE,FALSE
pear,Pear,배,total,fruit,1,baseline_treated,1998,01_fruit_total.xls; 02_fruit_bearing.xlsx,DT_1ET0292,배,DT_1J49: 배 | DT_1J60: 배,배,적과전종합 (2024 records: 적과전종합Ⅱ),"","",259770,24612,"","",1055.4607508532424,"","",12.467551903109957,10.11098940786038,10.11098940786038,"","","",2001,2003,2001,2003,medium,1,0,0,-5,-3,2003,pear,225.1,"",0.6490773996538214,2005Q1-2012Q4,146.1073226620752,248.5920140643851,5.515813054925821,"",5.948016364447548,exact,FALSE,TRUE,TRUE,FALSE
pear,Pear,배,total,fruit,1,baseline_treated,1999,01_fruit_total.xls; 02_fruit_bearing.xlsx,DT_1ET0292,배,DT_1J49: 배 | DT_1J60: 배,배,적과전종합 (2024 records: 적과전종합Ⅱ),"","",259086,25677,"","",1009.019745297348,"","",12.464915331898538,10.15335092854972,10.15335092854972,"","","",2001,2003,2001,2003,medium,1,0,0,-4,-2,2003,pear,258.15,"",0.6490773996538214,2005Q1-2012Q4,167.559330720634,265.10329681517044,5.58011954933674,"",6.012322858858467,exact,FALSE,TRUE,TRUE,FALSE
pear,Pear,배,total,fruit,1,baseline_treated,2000,01_fruit_total.xls; 02_fruit_bearing.xlsx,DT_1ET0292,배,DT_1J49: 배 | DT_1J60: 배,배,적과전종합 (2024 records: 적과전종합Ⅱ),"","",324166,26206,"","",1236.9915286575597,"","",12.689011009249244,10.17374367116453,10.17374367116453,"","","",2001,2003,2001,2003,medium,1,0,0,-3,-1,2003,pear,148.3,"",0.6490773996538214,2005Q1-2012Q4,96.2581783686617,145.70614293409648,4.981591873836728,"",5.413795183358454,exact,FALSE,TRUE,TRUE,FALSE
pear,Pear,배,total,fruit,1,baseline_treated,2001,01_fruit_total.xls; 02_fruit_bearing.xlsx,DT_1ET0292,배,DT_1J49: 배 | DT_1J60: 배,배,적과전종합 (2024 records: 적과전종합Ⅱ),"","",417160,25535,"","",1633.6792637556296,"","",12.94122512023515,10.147805339081744,10.147805339081744,"","","",2001,2003,2001,2003,medium,0,1,0,-2,0,2003,pear,160.15,"",0.6490773996538214,2005Q1-2012Q4,103.94974555455948,152.18495415259622,5.025096584776224,"",5.457299894297951,exact,FALSE,TRUE,TRUE,FALSE
pear,Pear,배,total,fruit,1,baseline_treated,2002,01_fruit_total.xls; 02_fruit_bearing.xlsx,DT_1ET0292,배,DT_1J49: 배 | DT_1J60: 배,배,적과전종합 (2024 records: 적과전종합Ⅱ),"","",386348,25317,"","",1526.0417901015128,"","",12.864493796695037,10.139231385826076,10.139231385826076,"","","",2001,2003,2001,2003,medium,0,1,0,-1,1,2003,pear,138.85,"",0.6490773996538214,2005Q1-2012Q4,90.1243969419331,128.04381875487394,4.852372539359148,"",5.284575848880874,exact,FALSE,TRUE,TRUE,FALSE
pear,Pear,배,total,fruit,1,baseline_treated,2003,01_fruit_total.xls; 02_fruit_bearing.xlsx,DT_1ET0292,배,DT_1J49: 배 | DT_1J60: 배,배,적과전종합 (2024 records: 적과전종합Ⅱ),"","",316568,24025,"","",1317.6607700312177,"","",12.66529334741044,10.086850233838494,10.086850233838494,"","","",2001,2003,2001,2003,medium,0,0,1,0,2,2003,pear,113.25,"",0.6490773996538214,2005Q1-2012Q4,73.50801551079527,97.98726821630297,4.584837554070563,"",5.017040863592289,exact,FALSE,TRUE,TRUE,FALSE
pear,Pear,배,total,fruit,1,baseline_treated,2004,01_fruit_total.xls; 02_fruit_bearing.xlsx,DT_1ET0292,배,DT_1J49: 배 | DT_1J60: 배,배,적과전종합 (2024 records: 적과전종합Ⅱ),"","",451861,22906,"","",1972.675281585611,"","",13.02112988939585,10.039154163957662,10.039154163957662,"","","",2001,2003,2001,2003,medium,0,0,1,1,3,2003,pear,140.8,"",0.6490773996538214,2005Q1-2012Q4,91.39009787125804,119.10512795491756,4.780006531311098,"",5.212209840832825,exact,FALSE,TRUE,TRUE,FALSE
pear,Pear,배,total,fruit,1,baseline_treated,2005,01_fruit_total.xls; 02_fruit_bearing.xlsx,DT_1ET0292,배,DT_1J49: 배 | DT_1J60: 배,배,적과전종합 (2024 records: 적과전종합Ⅱ),"","",443265,21735,"","",2039.4064872325744,"","",13.00192306431141,9.986679143422892,9.986679143422892,"","","",2001,2003,2001,2003,medium,0,0,1,2,4,2003,pear,102.7,65.975,0.6490773996538214,2005Q1-2012Q4,65.975,91.13666917890107,4.512360238963179,4.512360238963179,4.954892967213566,exact,FALSE,TRUE,TRUE,FALSE
pear,Pear,배,total,fruit,1,baseline_treated,2006,01_fruit_total.xls; 02_fruit_bearing.xlsx,DT_1ET0292,배,DT_1J49: 배 | DT_1J60: 배,배,적과전종합 (2024 records: 적과전종합Ⅱ),"","",431464,20656,"","",2088.807126258714,"","",12.97493935612944,9.935761113086423,9.935761113086423,"","","",2001,2003,2001,2003,medium,0,0,1,3,5,2003,pear,88.825,57.05,0.6490773996538214,2005Q1-2012Q4,57.05,80.62460206964163,4.38980383953342,4.38980383953342,4.832535419459873,exact,FALSE,TRUE,TRUE,FALSE
pear,Pear,배,total,fruit,1,baseline_treated,2007,01_fruit_total.xls; 02_fruit_bearing.xlsx,DT_1ET0292,배,DT_1J49: 배 | DT_1J60: 배,배,적과전종합 (2024 records: 적과전종합Ⅱ),"","",467426,19888,"","",2350.2916331456154,"","",13.054996326411835,9.897871813750491,9.897871813750491,"","","",2001,2003,2001,2003,medium,0,0,1,4,6,2003,pear,112.025,71.975,0.6490773996538214,2005Q1-2012Q4,71.975,99.8270111487137,4.603438799490281,4.603438799490281,5.045844478843925,exact,FALSE,TRUE,TRUE,FALSE
pear,Pear,배,total,fruit,1,baseline_treated,2008,01_fruit_total.xls; 02_fruit_bearing.xlsx,DT_1ET0292,배,DT_1J49: 배 | DT_1J60: 배,배,적과전종합 (2024 records: 적과전종합Ⅱ),"","",470745,18277,"","",2575.6141598730646,"","",13.06207182511408,9.813398717754442,9.813398717754442,"","","",2001,2003,2001,2003,medium,0,0,1,5,7,2003,pear,82.875,53.25,0.6490773996538214,2005Q1-2012Q4,53.25,74.48790237532693,4.310636727975969,4.310636727975969,4.752966764464145,exact,FALSE,TRUE,TRUE,FALSE
pear,Pear,배,total,fruit,1,baseline_treated,2009,01_fruit_total.xls; 02_fruit_bearing.xlsx,DT_1ET0292,배,DT_1J49: 배 | DT_1J60: 배,배,적과전종합 (2024 records: 적과전종합Ⅱ),"","",418368,17090,15253,2742.8571428571427,2448.028086600352,"","",12.944116706972402,9.746248776109637,9.746248776109637,9.632531483999934,7.91675540896056,"",2001,2003,2001,2003,medium,0,0,1,6,8,2003,pear,100.025,64.25,0.6490773996538214,2005Q1-2012Q4,64.25,89.79845002645754,4.497567714874756,4.497567714874756,4.940207048460006,exact,FALSE,TRUE,TRUE,FALSE
pear,Pear,배,total,fruit,1,baseline_treated,2010,01_fruit_total.xls; 02_fruit_bearing.xlsx,DT_1ET0292,배,DT_1J49: 배 | DT_1J60: 배,배,적과전종합 (2024 records: 적과전종합Ⅱ),"","",307820,16239,14772,2083.8072028161387,1895.56007143297,"","",12.637270475533946,9.695171035465089,9.695171035465089,9.600488775972456,7.641951885549583,"",2001,2003,2001,2003,medium,0,0,1,7,9,2003,pear,121.75,78.25,0.6490773996538214,2005Q1-2012Q4,78.25,102.65641794336302,4.631387664095612,4.631387664095612,5.073089499967548,exact,FALSE,TRUE,TRUE,FALSE
pear,Pear,배,total,fruit,1,baseline_treated,2011,01_fruit_total.xls; 02_fruit_bearing.xlsx,DT_1ET0292,배,DT_1J49: 배 | DT_1J60: 배,배,적과전종합 (2024 records: 적과전종합Ⅱ),"","",290494,15081,13831,2100.310895813752,1926.2250513891647,"","",12.579338201016055,9.621190952360683,9.621190952360683,9.534667728624708,7.649840658379438,"",2001,2003,2001,2003,medium,0,0,1,8,10,2003,pear,129.375,91.925,0.6490773996538214,2005Q1-2012Q4,91.925,112.30153903469292,4.721187566322732,4.721187566322732,5.061513599663605,exact,FALSE,TRUE,TRUE,FALSE
pear,Pear,배,total,fruit,1,baseline_treated,2012,01_fruit_total.xls; 02_fruit_bearing.xlsx,DT_1ET0292,배,DT_1J49: 배 | DT_1J60: 배,배,적과전종합 (2024 records: 적과전종합Ⅱ),"","",172599,14353,13346,1293.2638992956693,1202.529087995541,"","",12.058726263871923,9.57171425857138,9.57171425857138,9.498971993463552,7.164924456396463,"",2001,2003,2001,2003,medium,0,0,1,9,11,2003,pear,169.05,105.925,0.6490773996538214,2005Q1-2012Q4,105.925,121.04959994263908,4.796200378485084,4.796200378485084,5.261866467454234,exact,FALSE,TRUE,TRUE,FALSE
pear,Pear,배,total,fruit,1,baseline_treated,2013,01_fruit_total.xls; 02_fruit_bearing.xlsx,DT_1ET0292,배,DT_1J49: 배 | DT_1J60: 배,배,적과전종합 (2024 records: 적과전종합Ⅱ),"","",282212,13740,12727,2217.427516303921,2053.944687045124,"","",12.550413840530082,9.52806656577634,9.52806656577634,9.451480999992048,7.704103026526126,"",2001,2003,2001,2003,medium,0,0,1,10,12,2003,pear,"",117.475,0.6490773996538214,2005Q1-2012Q4,117.475,136.39124532782228,4.915527559535873,4.915527559535873,"",exact,FALSE,TRUE,TRUE,FALSE
pear,Pear,배,total,fruit,1,baseline_treated,2014,01_fruit_total.xls; 02_fruit_bearing.xlsx,DT_1ET0292,배,DT_1J49: 배 | DT_1J60: 배,배,적과전종합 (2024 records: 적과전종합Ⅱ),"","",302731,13127,12230,2475.314799672936,2306.170488306544,"","",12.620599901394773,9.482426456803408,9.482426456803408,9.411647228681218,7.814122858701646,"",2001,2003,2001,2003,medium,0,0,1,11,13,2003,pear,"",91.25,0.6490773996538214,2005Q1-2012Q4,91.25,109.08520750038949,4.692129297032118,4.692129297032118,"",exact,FALSE,TRUE,TRUE,FALSE
pear,Pear,배,total,fruit,1,baseline_treated,2015,01_fruit_total.xls; 02_fruit_bearing.xlsx,DT_1ET0292,배,DT_1J49: 배 | DT_1J60: 배,배,적과전종합 (2024 records: 적과전종합Ⅱ),"","",260975,12664,11782,2215.031403836361,2060.762792166772,"","",12.4721798962765,9.446518601560848,9.446518601560848,9.374328222081632,7.703021860182958,"",2001,2003,2001,2003,medium,0,0,1,12,14,2003,pear,"",78.375,0.6490773996538214,2005Q1-2012Q4,78.375,92.02649923310514,4.52207657071733,4.52207657071733,"",exact,FALSE,TRUE,TRUE,FALSE
pear,Pear,배,total,fruit,1,baseline_treated,2016,01_fruit_total.xls; 02_fruit_bearing.xlsx,DT_1ET0292,배,DT_1J49: 배 | DT_1J60: 배,배,적과전종합 (2024 records: 적과전종합Ⅱ),"","",238014,11164,10333,2303.435594696603,2131.9777857398785,"","",12.380084774452987,9.320449594656212,9.320449594656212,9.243097936214356,7.742157024226724,"",2001,2003,2001,2003,medium,0,0,1,13,15,2003,pear,"",85.725,0.6490773996538214,2005Q1-2012Q4,85.725,98.56841924465034,4.590750918667862,4.590750918667862,"",exact,FALSE,TRUE,TRUE,FALSE
pear,Pear,배,total,fruit,1,baseline_treated,2017,01_fruit_total.xls; 02_fruit_bearing.xlsx,DT_1ET0292,배,DT_1J49: 배 | DT_1J60: 배,배,적과전종합 (2024 records: 적과전종합Ⅱ),"","",265757,10860.5134,10258,2590.729186976019,2447.0021831564613,"","",12.490337636402916,9.292888866772,9.292888866772,9.235813167949214,7.859694654441792,"",2001,2003,2001,2003,medium,0,0,1,14,16,2003,pear,"",78.4,0.6490773996538214,2005Q1-2012Q4,78.4,85.33306539515644,4.446562015906013,4.446562015906013,"",exact,FALSE,TRUE,TRUE,FALSE
pear,Pear,배,total,fruit,1,baseline_treated,2018,01_fruit_total.xls; 02_fruit_bearing.xlsx,DT_1ET0292,배,DT_1J49: 배 | DT_1J60: 배,배,적과전종합 (2024 records: 적과전종합Ⅱ),"","",203166,10302.78,9683,2098.17205411546,1971.953200980706,"","",12.221778657851791,9.24016904071311,9.24016904071311,9.17812704961153,7.648821794228351,"",2001,2003,2001,2003,medium,0,0,1,15,17,2003,pear,"",73.625,0.6490773996538214,2005Q1-2012Q4,73.625,79.61350397575383,4.37718372639836,4.37718372639836,"",exact,FALSE,TRUE,TRUE,FALSE
pear,Pear,배,total,fruit,1,baseline_treated,2019,01_fruit_total.xls; 02_fruit_bearing.xlsx,DT_1ET0292,배,DT_1J49: 배 | DT_1J60: 배,배,적과전종합 (2024 records: 적과전종합Ⅱ),"","",200732,9614.593,9074,2212.166629931673,2087.784683137393,"","",12.209725964028076,9.171037327433766,9.171037327433766,9.113168460223909,7.701727689792258,"",2001,2003,2001,2003,medium,0,0,1,16,18,2003,pear,"",107.95,0.6490773996538214,2005Q1-2012Q4,107.95,117.9722891885664,4.770449759502018,4.770449759502018,"",exact,FALSE,TRUE,TRUE,FALSE
pear,Pear,배,total,fruit,1,baseline_treated,2020,01_fruit_total.xls; 02_fruit_bearing.xlsx,DT_1ET0292,배,DT_1J49: 배 | DT_1J60: 배,배,적과전종합 (2024 records: 적과전종합Ⅱ),"","",132580,9091.2714,8530,1554.2790152403284,1458.321880039793,"","",11.794941515795385,9.115070045377708,9.115070045377708,9.051344640485723,7.34876706129775,"",2001,2003,2001,2003,medium,0,0,1,17,19,2003,pear,"",100,0.6490773996538214,2005Q1-2012Q4,100,99.67486003030974,4.601913489005683,4.601913489005683,"",exact,FALSE,TRUE,TRUE,FALSE
pear,Pear,배,total,fruit,1,baseline_treated,2021,01_fruit_total.xls; 02_fruit_bearing.xlsx,DT_1ET0292,배,DT_1J49: 배 | DT_1J60: 배,배,적과전종합 (2024 records: 적과전종합Ⅱ),"","",210293,9674.8249,9122,2305.338741504056,2173.6103978481306,"","",12.256257075354592,9.177282419542994,9.177282419542994,9.118444357271644,7.742982904071037,"",2001,2003,2001,2003,medium,0,0,1,18,20,2003,pear,"",143.425,0.6490773996538214,2005Q1-2012Q4,143.425,126.78367560494466,4.842482292429329,4.842482292429329,"",exact,FALSE,TRUE,TRUE,FALSE
pear,Pear,배,total,fruit,1,baseline_treated,2022,01_fruit_total.xls; 02_fruit_bearing.xlsx,DT_1ET0292,배,DT_1J49: 배 | DT_1J60: 배,배,적과전종합 (2024 records: 적과전종합Ⅱ),"","",251093,9679.9428,9033,2779.7298793313407,2593.9512783071405,"","",12.433578667417391,9.177811271162255,9.177811271162255,9.108639817149845,7.930109036255638,"",2001,2003,2001,2003,medium,0,0,1,19,21,2003,pear,"",104.925,0.6490773996538214,2005Q1-2012Q4,104.925,95.8052507122002,4.562317492579237,4.562317492579237,"",exact,FALSE,TRUE,TRUE,FALSE
pear,Pear,배,total,fruit,1,baseline_treated,2023,01_fruit_total.xls; 02_fruit_bearing.xlsx,DT_1ET0292,배,DT_1J49: 배 | DT_1J60: 배,배,적과전종합 (2024 records: 적과전종합Ⅱ),"","",183801.7366,9607.1338,8819,2084.1562149903616,1913.179731086914,"","",12.121612937172474,9.1702612056574,9.1702612056574,9.08466376388818,7.642119359272383,"",2001,2003,2001,2003,medium,0,0,1,20,22,2003,pear,"",106.35000000000001,0.6490773996538214,2005Q1-2012Q4,106.35,96.70667089091054,4.571682385508101,4.571682385508101,"",exact,FALSE,TRUE,TRUE,FALSE
pear,Pear,배,total,fruit,1,baseline_treated,2024,01_fruit_total.xls; 02_fruit_bearing.xlsx,DT_1ET0292,배,DT_1J49: 배 | DT_1J60: 배,배,적과전종합 (2024 records: 적과전종합Ⅱ),"","",178450.8904,9421.1671,8529,2092.283859772541,1894.1484479136343,"","",12.092068718538808,9.150714255861969,9.150714255861969,9.05122740031911,7.646011504207791,"",2001,2003,2001,2003,medium,0,0,1,21,23,2003,pear,"",203.22500000000002,0.6490773996538214,2005Q1-2012Q4,203.225,173.8955376227481,5.158454760437255,5.158454760437255,"",exact,FALSE,TRUE,TRUE,FALSE
perilla,Perilla,들깨,all,special,0,control_pool,1980,13_í¹ì©ìë¬¼ìì°ë__ëì½©_.xlsx,DT_1ET0293,들깨,DT_1J49: 들깨 | DT_1J60: 들깨,"","",21699,77,9199,"","","","",9.98502145551739,4.343805421853684,9.126850061477157,"",9.98502145551739,"","",-0.5968066299058261,2027,"","","",high,1,0,0,"",-47,0,perilla,19.475,"",0.4848427393161223,2005Q1-2012Q4,9.44231234818148,42.32322391958793,3.745335964222912,"",4.469266653680322,exact,TRUE,TRUE,TRUE,TRUE
perilla,Perilla,들깨,all,special,0,control_pool,1981,13_í¹ì©ìë¬¼ìì°ë__ëì½©_.xlsx,DT_1ET0293,들깨,DT_1J49: 들깨 | DT_1J60: 들깨,"","",23632,62,14769,"","","","",10.07035700477116,4.127134385045092,9.600285668426311,"",10.07035700477116,"","",0.0079644645981495,2027,"","","",high,1,0,0,"",-46,0,perilla,30.1,"",0.4848427393161223,2005Q1-2012Q4,14.59376645341528,49.94799494793497,3.9109823631064007,"",4.634913052563811,exact,TRUE,TRUE,TRUE,TRUE
perilla,Perilla,들깨,all,special,0,control_pool,1982,13_í¹ì©ìë¬¼ìì°ë__ëì½©_.xlsx,DT_1ET0293,들깨,DT_1J49: 들깨 | DT_1J60: 들깨,"","",23764,65,15292,"","","","",10.075927109475632,4.174387269895637,9.635085094816304,"",10.075927109475632,"","",-0.0100590985668738,2027,"","","",high,1,0,0,"",-45,0,perilla,28.450000000000003,"",0.4848427393161223,2005Q1-2012Q4,13.793775933543682,44.68519286753824,3.799642190982444,"",4.523572880439854,exact,TRUE,TRUE,TRUE,TRUE
perilla,Perilla,들깨,all,special,0,control_pool,1983,13_í¹ì©ìë¬¼ìì°ë__ëì½©_.xlsx,DT_1ET0293,들깨,DT_1J49: 들깨 | DT_1J60: 들깨,"","",26601,69,18266,"","","","",10.188704088048116,4.23410650459726,9.812796687251623,"",10.188704088048116,"","",-0.0048437194056596,2027,"","","",high,1,0,0,"",-44,0,perilla,30.25,"",0.4848427393161223,2005Q1-2012Q4,14.6664928643127,46.4769719560182,3.838956963175746,"",4.562887652633156,exact,TRUE,TRUE,TRUE,TRUE
perilla,Perilla,들깨,all,special,0,control_pool,1984,13_í¹ì©ìë¬¼ìì°ë__ëì½©_.xlsx,DT_1ET0293,들깨,DT_1J49: 들깨 | DT_1J60: 들깨,"","",26278,71,18681,"","","","",10.176487366201767,4.262679877041316,9.835262243540562,"",10.176487366201767,"","",0.0012651862855701,2027,"","","",high,1,0,0,"",-43,0,perilla,30,"",0.4848427393161223,2005Q1-2012Q4,14.54528217948367,46.78170486856011,3.845492204881865,"",4.569422894339275,exact,TRUE,TRUE,TRUE,TRUE
perilla,Perilla,들깨,all,special,0,control_pool,1985,13_í¹ì©ìë¬¼ìì°ë__ëì½©_.xlsx,DT_1ET0293,들깨,DT_1J49: 들깨 | DT_1J60: 들깨,"","",28095,74,20730,"","","","",10.243346903546298,4.30406509320417,9.939337205429826,"",10.243346903546298,"","",-0.0029046053325512,2027,"","","",high,1,0,0,"",-42,0,perilla,32.85,"",0.4848427393161223,2005Q1-2012Q4,15.92708398653462,49.42789766361986,3.900514994826672,"",4.6244456842840815,exact,TRUE,TRUE,TRUE,TRUE
perilla,Perilla,들깨,all,special,0,control_pool,1986,13_í¹ì©ìë¬¼ìì°ë__ëì½©_.xlsx,DT_1ET0293,들깨,DT_1J49: 들깨 | DT_1J60: 들깨,"","",34135,74,25210,"","","","",10.43807852985238,4.30406509320417,10.134996020181966,"",10.43807852985238,"","",-0.0019774168864934,2027,"","","",high,1,0,0,"",-41,0,perilla,35.65,"",0.4848427393161223,2005Q1-2012Q4,17.28464365661976,55.80821400957379,4.021921063026398,"",4.745851752483809,exact,TRUE,TRUE,TRUE,TRUE
perilla,Perilla,들깨,all,special,0,control_pool,1987,13_í¹ì©ìë¬¼ìì°ë__ëì½©_.xlsx,DT_1ET0293,들깨,DT_1J49: 들깨 | DT_1J60: 들깨,"","",39108,72,28118,"","","","",10.57408232862556,4.276666119016055,10.244165219639852,"",10.57408232862556,"","",-0.0014130420136737,2027,"","","",high,1,0,0,"",-40,0,perilla,43.625,"",0.4848427393161223,2005Q1-2012Q4,21.151264502665835,66.37743279628553,4.195357131188511,"",4.919287820645922,exact,TRUE,TRUE,TRUE,TRUE
perilla,Perilla,들깨,all,special,0,control_pool,1988,13_í¹ì©ìë¬¼ìì°ë__ëì½©_.xlsx,DT_1ET0293,들깨,DT_1J49: 들깨 | DT_1J60: 들깨,"","",37092,77,28558,"","","","",10.521156591920116,4.343805421853684,10.25969238599024,"",10.521156591920116,"","",-0.00009944179546828023,2027,"","","",high,1,0,0,"",-39,0,perilla,52,"",0.4848427393161223,2005Q1-2012Q4,25.21182244443836,69.09728863314727,4.235515491699111,"",4.959446181156522,exact,TRUE,TRUE,TRUE,TRUE
perilla,Perilla,들깨,all,special,0,control_pool,1989,13_í¹ì©ìë¬¼ìì°ë__ëì½©_.xlsx,DT_1ET0293,들깨,DT_1J49: 들깨 | DT_1J60: 들깨,"","",39761,76,30339,"","","","",10.590641811359664,4.330733340286331,10.32018929257028,"",10.590641811359664,"","",0.0039843269123753,2027,"","","",high,1,0,0,"",-38,0,perilla,41.85,"",0.4848427393161223,2005Q1-2012Q4,20.29066864037972,52.89177603280493,3.968247864260839,"",4.692178553718249,exact,TRUE,TRUE,TRUE,TRUE
perilla,Perilla,들깨,all,special,0,control_pool,1990,13_í¹ì©ìë¬¼ìì°ë__ëì½©_.xlsx,DT_1ET0293,들깨,DT_1J49: 들깨 | DT_1J60: 들깨,"","",37097,76,28039,"","","","",10.521291382792285,4.330733340286331,10.241351677174483,"",10.521291382792285,"","",-0.0055028599160369,2027,"","","",high,1,0,0,"",-37,0,perilla,42.9,"",0.4848427393161223,2005Q1-2012Q4,20.79975351666165,48.542152255054496,3.882432539139424,"",4.606363228596834,exact,TRUE,TRUE,TRUE,TRUE
perilla,Perilla,들깨,all,special,0,control_pool,1991,13_í¹ì©ìë¬¼ìì°ë__ëì½©_.xlsx,DT_1ET0293,들깨,DT_1J49: 들깨 | DT_1J60: 들깨,"","",40754,74,30210,"","","","",10.615309273360882,4.30406509320417,10.315928274380717,"",10.615309273360882,"","",0.001724093803757,2027,"","","",high,1,0,0,"",-36,0,perilla,52.125,"",0.4848427393161223,2005Q1-2012Q4,25.272427786852877,53.884407903719854,3.9868411578418135,"",4.710771847299224,exact,TRUE,TRUE,TRUE,TRUE
perilla,Perilla,들깨,all,special,0,control_pool,1992,13_í¹ì©ìë¬¼ìì°ë__ëì½©_.xlsx,DT_1ET0293,들깨,DT_1J49: 들깨 | DT_1J60: 들깨,"","",49883,74,36820,"","","","",10.817435542331806,4.30406509320417,10.51379645478707,"",10.817435542331806,"","",-0.0025339947608138,2027,"","","",high,1,0,0,"",-35,0,perilla,61.375,"",0.4848427393161223,2005Q1-2012Q4,29.757223125527005,60.6966609139131,4.105888686896898,"",4.829819376354308,exact,TRUE,TRUE,TRUE,TRUE
perilla,Perilla,들깨,all,special,0,control_pool,1993,13_í¹ì©ìë¬¼ìì°ë__ëì½©_.xlsx,DT_1ET0293,들깨,DT_1J49: 들깨 | DT_1J60: 들깨,"","",41238,69,28456,"","","","",10.62711544034966,4.23410650459726,10.256114313628292,"",10.62711544034966,"","",0.00006255466946392119,2027,"","","",high,1,0,0,"",-34,0,perilla,59.225,"",0.4848427393161223,2005Q1-2012Q4,28.714811235997345,59.26884644975207,4.082083812977515,"",4.806014502434926,exact,TRUE,TRUE,TRUE,TRUE
perilla,Perilla,들깨,all,special,0,control_pool,1994,13_í¹ì©ìë¬¼ìì°ë__ëì½©_.xlsx,DT_1ET0293,들깨,DT_1J49: 들깨 | DT_1J60: 들깨,"","",32582,73,23886,"","","","",10.391515267626117,4.290459441148391,10.081047792228372,"",10.391515267626117,"","",0.0042432694419574,2027,"","","",high,1,0,0,"",-33,0,perilla,66.725,"",0.4848427393161223,2005Q1-2012Q4,32.351131780868265,61.89403953786139,4.125423883258744,"",4.849354572716154,exact,TRUE,TRUE,TRUE,TRUE
perilla,Perilla,들깨,all,special,0,control_pool,1995,13_í¹ì©ìë¬¼ìì°ë__ëì½©_.xlsx,DT_1ET0293,들깨,DT_1J49: 들깨 | DT_1J60: 들깨,"","",36476,72,26232,"","","","",10.504409789053556,4.276666119016055,10.174735318524483,"",10.504409789053556,"","",-0.0011704035570367,2027,"","","",high,1,0,0,"",-32,0,perilla,67.75,"",0.4848427393161223,2005Q1-2012Q4,32.84809558866729,56.45976543463679,4.033528268276097,"",4.757458957733507,exact,TRUE,TRUE,TRUE,TRUE
perilla,Perilla,들깨,all,special,0,control_pool,1996,13_í¹ì©ìë¬¼ìì°ë__ëì½©_.xlsx,DT_1ET0293,들깨,DT_1J49: 들깨 | DT_1J60: 들깨,"","",32657,77,25175,"","","","",10.393814506824771,4.343805421853684,10.133606717586764,"",10.393814506824771,"","",0.0011569748963982,2027,"","","",high,1,0,0,"",-31,0,perilla,63.95,"",0.4848427393161223,2005Q1-2012Q4,31.00569317926602,50.86194572095216,3.929115015671028,"",4.653045705128438,exact,TRUE,TRUE,TRUE,TRUE
perilla,Perilla,들깨,all,special,0,control_pool,1997,13_í¹ì©ìë¬¼ìì°ë__ëì½©_.xlsx,DT_1ET0293,들깨,DT_1J49: 들깨 | DT_1J60: 들깨,"","",32158,77,24817,"","","","",10.378416532304357,4.343805421853684,10.119284181187284,"",10.378416532304357,"","",0.0022324130173352,2027,"","","",high,1,0,0,"",-30,0,perilla,64.45,"",0.4848427393161223,2005Q1-2012Q4,31.24811454892408,52.66234836565287,3.9639007479400186,"",4.6878314373974295,exact,TRUE,TRUE,TRUE,TRUE
perilla,Perilla,들깨,all,special,0,control_pool,1998,13_í¹ì©ìë¬¼ìì°ë__ëì½©_.xlsx,DT_1ET0293,들깨,DT_1J49: 들깨 | DT_1J60: 들깨,"","",34944,77,26954,"","","","",10.461502059104577,4.343805421853684,10.201886988329104,"",10.461502059104577,"","",0.0017496933589349,2027,"","","",high,1,0,0,"",-29,0,perilla,65.52499999999999,"",0.4848427393161223,2005Q1-2012Q4,31.769320493688912,54.0061409413115,3.989097761233914,"",4.713028450691325,exact,TRUE,TRUE,TRUE,TRUE
perilla,Perilla,들깨,all,special,0,control_pool,1999,13_í¹ì©ìë¬¼ìì°ë__ëì½©_.xlsx,DT_1ET0293,들깨,DT_1J49: 들깨 | DT_1J60: 들깨,"","",29518,77,22597,"","","","",10.292755525741722,4.343805421853684,10.025572433086364,"",10.292755525741722,"","",-0.0058183285209487,2027,"","","",high,1,0,0,"",-28,0,perilla,65.85,"",0.4848427393161223,2005Q1-2012Q4,31.92689438396665,50.760064862939984,3.927109920681068,"",4.651040610138478,exact,TRUE,TRUE,TRUE,TRUE
perilla,Perilla,들깨,all,special,0,control_pool,2000,13_í¹ì©ìë¬¼ìì°ë__ëì½©_.xlsx,DT_1ET0293,들깨,DT_1J49: 들깨 | DT_1J60: 들깨,"","",26143,78,20439,"","","","",10.17133674723419,4.356708826689592,9.925200119441778,"",10.17133674723419,"","",0.0023247315060892,2027,"","","",high,1,0,0,"",-27,0,perilla,70.25,"",0.4848427393161223,2005Q1-2012Q4,34.0602024369576,52.06034507170276,3.952403527890644,"",4.676334217348054,exact,TRUE,TRUE,TRUE,TRUE
perilla,Perilla,들깨,all,special,0,control_pool,2001,13_í¹ì©ìë¬¼ìì°ë__ëì½©_.xlsx,DT_1ET0293,들깨,DT_1J49: 들깨 | DT_1J60: 들깨,"","",29054,77,22464,"","","","",10.276911446432829,4.343805421853684,10.019669306825538,"",10.276911446432829,"","",0.0041226245271168,2027,"","","",high,1,0,0,"",-26,0,perilla,81.275,"",0.4848427393161223,2005Q1-2012Q4,39.405593637917846,57.88043493354597,4.0583794161363285,"",4.782310105593738,exact,TRUE,TRUE,TRUE,TRUE
perilla,Perilla,들깨,all,special,0,control_pool,2002,13_í¹ì©ìë¬¼ìì°ë__ëì½©_.xlsx,DT_1ET0293,들깨,DT_1J49: 들깨 | DT_1J60: 들깨,"","",26489,79,20882,"","","","",10.184484831459187,4.3694478524670215,9.946642822850055,"",10.184484831459187,"","",-0.0021196750880623,2027,"","","",high,1,0,0,"",-25,0,perilla,72.8,"",0.4848427393161223,2005Q1-2012Q4,35.2965514222137,50.12495744215093,3.914519036591977,"",4.638449726049388,exact,TRUE,TRUE,TRUE,TRUE
perilla,Perilla,들깨,all,special,0,control_pool,2003,13_í¹ì©ìë¬¼ìì°ë__ëì½©_.xlsx,DT_1ET0293,들깨,DT_1J49: 들깨 | DT_1J60: 들깨,"","",28703,72,20704,"","","","",10.264756925901596,4.276666119016055,9.938082197300629,"",10.264756925901596,"","",0.0018293383710652,2027,"","","",high,1,0,0,"",-24,0,perilla,76.625,"",0.4848427393161223,2005Q1-2012Q4,37.15107490009788,49.61330114414927,3.904258966009025,"",4.628189655466436,exact,TRUE,TRUE,TRUE,TRUE
perilla,Perilla,들깨,all,special,0,control_pool,2004,13_í¹ì©ìë¬¼ìì°ë__ëì½©_.xlsx,DT_1ET0293,들깨,DT_1J49: 들깨 | DT_1J60: 들깨,"","",24368,75,18346,"","","","",10.101026075134945,4.31748811353631,9.8171668460696,"",10.101026075134945,"","",0.0038228433864375,2027,"","","",high,1,0,0,"",-23,0,perilla,87,"",0.4848427393161223,2005Q1-2012Q4,42.18131832050264,55.63349582399279,4.018785462738244,"",4.742716152195655,exact,TRUE,TRUE,TRUE,TRUE
perilla,Perilla,들깨,all,special,0,control_pool,2005,13_í¹ì©ìë¬¼ìì°ë__ëì½©_.xlsx,DT_1ET0293,들깨,DT_1J49: 들깨 | DT_1J60: 들깨,"","",23952,76,18142,"","","","",10.08380710665941,4.330733340286331,9.80598497117489,"",10.08380710665941,"","",-0.0033852897827593,2027,"","","",high,1,0,0,"",-22,0,perilla,100.45,48.7,0.4848427393161223,2005Q1-2012Q4,48.7,67.57830841943853,4.213287050186223,4.213287050186223,4.937274139189308,exact,TRUE,TRUE,TRUE,TRUE
perilla,Perilla,들깨,all,special,0,control_pool,2006,13_í¹ì©ìë¬¼ìì°ë__ëì½©_.xlsx,DT_1ET0293,들깨,DT_1J49: 들깨 | DT_1J60: 들깨,"","",26652,91,24199,"","","","",10.190619473682428,4.51085950651685,10.094066588976938,"",10.190619473682428,"","",-0.0022422052342481,2027,"","","",high,1,0,0,"",-21,0,perilla,94.225,45.675,0.4848427393161223,2005Q1-2012Q4,45.675,64.57448345490336,4.167819339800137,4.167819339800137,4.891955311257766,exact,TRUE,TRUE,TRUE,TRUE
perilla,Perilla,들깨,all,special,0,control_pool,2007,13_í¹ì©ìë¬¼ìì°ë__ëì½©_.xlsx,DT_1ET0293,들깨,DT_1J49: 들깨 | DT_1J60: 들깨,"","",28506,99,28300,"","","","",10.257869870414977,4.59511985013459,10.25061708363133,"",10.257869870414977,"","",0.0027975490698555,2027,"","","",high,1,0,0,"",-20,0,perilla,91.325,44.25,0.4848427393161223,2005Q1-2012Q4,44.25,61.42238549503627,4.117774353317989,4.117774353317989,4.842362256733215,exact,TRUE,TRUE,TRUE,TRUE
perilla,Perilla,들깨,all,special,0,control_pool,2008,13_í¹ì©ìë¬¼ìì°ë__ëì½©_.xlsx,DT_1ET0293,들깨,DT_1J49: 들깨 | DT_1J60: 들깨,"","",26760,90,24205,"","","","",10.194663514242166,4.499809670330265,10.094314502373797,"",10.194663514242166,"","",0.005011503789456,2027,"","","",high,1,0,0,"",-19,0,perilla,93.925,45.5,0.4848427393161223,2005Q1-2012Q4,45.5,63.67651792945276,4.153815859284999,4.153815859284999,4.878578684709052,exact,TRUE,TRUE,TRUE,TRUE
perilla,Perilla,들깨,all,special,0,control_pool,2009,13_í¹ì©ìë¬¼ìì°ë__ëì½©_.xlsx,DT_1ET0293,들깨,DT_1J49: 들깨 | DT_1J60: 들깨,"","",29640,96,28479,"","","","",10.296880079410023,4.564348191467836,10.256922252549908,"",10.296880079410023,"","",0.0008641676601399,2027,"","","",high,1,0,0,"",-18,0,perilla,114.2,55.35,0.4848427393161223,2005Q1-2012Q4,55.35,77.4567907890289,4.349720242671003,4.349720242671003,5.073999689977887,exact,TRUE,TRUE,TRUE,TRUE
perilla,Perilla,들깨,all,special,0,control_pool,2010,13_í¹ì©ìë¬¼ìì°ë__ëì½©_.xlsx,DT_1ET0293,들깨,DT_1J49: 들깨 | DT_1J60: 들깨,"","",33376,102,33941,"","","","",10.4155923578005,4.624972813284271,10.432379002113745,"",10.4155923578005,"","",-0.0030159829829337,2027,"","","",high,1,0,0,"",-17,0,perilla,131.725,63.825,0.4848427393161223,2005Q1-2012Q4,63.825,83.89812984687839,4.429603322961063,4.429603322961063,5.154091437446168,exact,TRUE,TRUE,TRUE,TRUE
perilla,Perilla,들깨,all,special,0,control_pool,2011,13_í¹ì©ìë¬¼ìì°ë__ëì½©_.xlsx,DT_1ET0293,들깨,DT_1J49: 들깨 | DT_1J60: 들깨,"","",32156,95,30533,"","","","",10.37835433744785,4.553876891600541,10.326563344903953,"",10.37835433744785,"","",-0.000497698156348,2027,"","","",high,1,0,0,"",-16,0,perilla,131.075,63.725,0.4848427393161223,2005Q1-2012Q4,63.725,77.82482199419441,4.354460429067676,4.354460429067676,5.075662133824906,exact,TRUE,TRUE,TRUE,TRUE
perilla,Perilla,들깨,all,special,0,control_pool,2012,13_í¹ì©ìë¬¼ìì°ë__ëì½©_.xlsx,DT_1ET0293,들깨,DT_1J49: 들깨 | DT_1J60: 들깨,"","",29765,97,28916,"","","","",10.30108848558749,4.574710978503383,10.272150354120187,"",10.30108848558749,"","",0.001521076017406,2027,"","","",high,1,0,0,"",-15,0,perilla,139.125,67.425,0.4848427393161223,2005Q1-2012Q4,67.425,76.78371540774339,4.340992578708513,4.340992578708513,5.065419086463923,exact,TRUE,TRUE,TRUE,TRUE
perilla,Perilla,들깨,all,special,0,control_pool,2013,13_í¹ì©ìë¬¼ìì°ë__ëì½©_.xlsx,DT_1ET0293,들깨,DT_1J49: 들깨 | DT_1J60: 들깨,"","",30130,111,33347,"","","","",10.313276632124348,4.709530201312334,10.414723092275086,"",10.313276632124348,"","",-0.0029135551735048,2027,"","","",high,1,0,0,"",-14,0,perilla,"",83.725,0.4848427393161223,2005Q1-2012Q4,83.725,97.71076959188876,4.582011784211067,4.582011784211067,"",exact,TRUE,TRUE,TRUE,TRUE
perilla,Perilla,들깨,all,special,0,control_pool,2014,13_í¹ì©ìë¬¼ìì°ë__ëì½©_.xlsx,DT_1ET0293,들깨,DT_1J49: 들깨 | DT_1J60: 들깨,"","",37461,115,43260,"","","","",10.531055670783257,4.74493212836325,10.67498369950705,"",10.531055670783257,"","",0.0041660863486363,2027,"","","",high,1,0,0,"",-13,0,perilla,"",79.95,0.4848427393161223,2005Q1-2012Q4,79.95,95.27556435716592,4.556773370197284,4.556773370197284,"",exact,TRUE,TRUE,TRUE,TRUE
perilla,Perilla,들깨,all,special,0,control_pool,2015,13_í¹ì©ìë¬¼ìì°ë__ëì½©_.xlsx,DT_1ET0293,들깨,DT_1J49: 들깨 | DT_1J60: 들깨,"","",42570,120,50932,"","","","",10.658905058822198,4.787491742782046,10.838246688693326,"",10.658905058822198,"","",-0.0029799269228263,2027,"","","",high,1,0,0,"",-12,0,perilla,"",77.95,0.4848427393161223,2005Q1-2012Q4,77.95,91.50819628483984,4.516428545153202,4.516428545153202,"",exact,TRUE,TRUE,TRUE,TRUE
perilla,Perilla,들깨,all,special,0,control_pool,2016,13_í¹ì©ìë¬¼ìì°ë__ëì½©_.xlsx,DT_1ET0293,들깨,DT_1J49: 들깨 | DT_1J60: 들깨,"","",45474,114,52024,"","","","",10.724896013040084,4.736198448394496,10.859460429548989,"",10.724896013040084,"","",0.0035361541024983,2027,"","","",high,1,0,0,"",-11,0,perilla,"",72.25,0.4848427393161223,2005Q1-2012Q4,72.25,83.36496595633085,4.4232281486434895,4.4232281486434895,"",exact,TRUE,TRUE,TRUE,TRUE
perilla,Perilla,들깨,all,special,0,control_pool,2017,13_í¹ì©ìë¬¼ìì°ë__ëì½©_.xlsx,DT_1ET0293,들깨,DT_1J49: 들깨 | DT_1J60: 들깨,"","",43352,117,50738,"","","","",10.67710811724595,4.762173934797756,10.834430415742595,"",10.67710811724595,"","",0.0003185496869821,2027,"","","",high,1,0,0,"",-10,0,perilla,"",66.4,0.4848427393161223,2005Q1-2012Q4,66.4,72.2497064524417,4.280128264042304,4.280128264042304,"",exact,TRUE,TRUE,TRUE,TRUE
perilla,Perilla,들깨,all,special,0,control_pool,2018,13_í¹ì©ìë¬¼ìì°ë__ëì½©_.xlsx,DT_1ET0293,들깨,DT_1J49: 들깨 | DT_1J60: 들깨,"","",34863,116,40344,"","","","",10.459181373890983,4.7535901911063645,10.60519796375656,"",10.459181373890983,"","",-0.0024034152526954,2027,"","","",high,1,0,0,"",-9,0,perilla,"",70.425,0.4848427393161223,2005Q1-2012Q4,70.425,76.21236034532245,4.333523658794302,4.333523658794302,"",exact,TRUE,TRUE,TRUE,TRUE
perilla,Perilla,들깨,all,special,0,control_pool,2019,13_í¹ì©ìë¬¼ìì°ë__ëì½©_.xlsx,DT_1ET0293,들깨,DT_1J49: 들깨 | DT_1J60: 들깨,"","",37377,113,42341,"","","","",10.528810820966973,4.727387818712341,10.65351116273777,"",10.528810820966973,"","",0.0024827090465482,2027,"","","",high,1,0,0,"",-8,0,perilla,"",96.275,0.4848427393161223,2005Q1-2012Q4,96.275,105.22461635184932,4.656097268670889,4.656097268670889,"",exact,TRUE,TRUE,TRUE,TRUE
perilla,Perilla,들깨,all,special,0,control_pool,2020,13_í¹ì©ìë¬¼ìì°ë__ëì½©_.xlsx,DT_1ET0293,들깨,DT_1J49: 들깨 | DT_1J60: 들깨,"","",36111,107,38784,"","","","",10.494352807047845,4.672828834461906,10.565763069428986,"",10.494352807047845,"","",0.0037516139073261,2027,"","","",high,1,0,0,"",-7,0,perilla,"",100,0.4848427393161223,2005Q1-2012Q4,100,99.80458414231202,4.603214115552217,4.603214115552217,"",exact,TRUE,TRUE,TRUE,TRUE
perilla,Perilla,들깨,all,special,0,control_pool,2021,13_í¹ì©ìë¬¼ìì°ë__ëì½©_.xlsx,DT_1ET0293,들깨,DT_1J49: 들깨 | DT_1J60: 들깨,"","",37406,114,42493,"","","","",10.529586398342945,4.736198448394496,10.657094635464652,"",10.529586398342945,"","",-0.0035200252846969,2027,"","","",high,1,0,0,"",-6,0,perilla,"",133.85,0.4848427393161223,2005Q1-2012Q4,133.85,119.11215922607929,4.780065563728494,4.780065563728494,"",exact,TRUE,TRUE,TRUE,TRUE
perilla,Perilla,들깨,all,special,0,control_pool,2022,13_í¹ì©ìë¬¼ìì°ë__ëì½©_.xlsx,DT_1ET0293,들깨,DT_1J49: 들깨 | DT_1J60: 들깨,"","",40415,118,47579,"","","","",10.606956282167944,4.770684624465665,10.770146766401952,"",10.606956282167944,"","",-0.0023239542435664,2027,"","","",high,1,0,0,"",-5,0,perilla,"",128.9,0.4848427393161223,2005Q1-2012Q4,128.9,118.1448428080464,4.771911353150383,4.771911353150383,"",exact,TRUE,TRUE,TRUE,TRUE
perilla,Perilla,들깨,all,special,0,control_pool,2023,13_í¹ì©ìë¬¼ìì°ë__ëì½©_.xlsx,DT_1ET0293,들깨,DT_1J49: 들깨 | DT_1J60: 들깨,"","",41070,116,47772,"","","","",10.623033206950604,4.7535901911063645,10.774194972788315,"",10.623033206950604,"","",0.0027417607194397,2027,"","","",high,1,0,0,"",-4,0,perilla,"",113.175,0.4848427393161223,2005Q1-2012Q4,113.175,103.5245744312182,4.639809018640455,4.639809018640455,"",exact,TRUE,TRUE,TRUE,TRUE
perilla,Perilla,들깨,all,special,0,control_pool,2024,13_í¹ì©ìë¬¼ìì°ë__ëì½©_.xlsx,DT_1ET0293,들깨,DT_1J49: 들깨 | DT_1J60: 들깨,"","",38390,114,43889,"","","","",10.555552287994844,4.736198448394496,10.689418998189405,"",10.555552287994844,"","",0.0028384477881573,2027,"","","",high,1,0,0,"",-3,0,perilla,"",108.15,0.4848427393161223,2005Q1-2012Q4,108.15,92.414523488599,4.526284146908604,4.526284146908604,"",exact,TRUE,TRUE,TRUE,TRUE
plum,Plum,자두,total,fruit,1,baseline_treated,1980,01_fruit_total.xls; 02_fruit_bearing.xlsx,DT_1ET0292,자두,DT_1J49: 자두 | DT_1J60: 자두,자두,종합 (see Yearbook 2025 pp.44–51),"","","","","","","","","","","","","","","",2008,2012,2011,2012,high,1,0,0,-32,-28,2012,plum,"","","","","","","","","",no-overlap,FALSE,FALSE,FALSE,FALSE
plum,Plum,자두,total,fruit,1,baseline_treated,1981,01_fruit_total.xls; 02_fruit_bearing.xlsx,DT_1ET0292,자두,DT_1J49: 자두 | DT_1J60: 자두,자두,종합 (see Yearbook 2025 pp.44–51),"","",17859,2919,"","",611.8191161356629,"","",9.7902628618215,7.978996370854115,7.978996370854115,"","","",2008,2012,2011,2012,high,1,0,0,-31,-27,2012,plum,"","","","","","","","","",no-overlap,FALSE,FALSE,FALSE,FALSE
plum,Plum,자두,total,fruit,1,baseline_treated,1982,01_fruit_total.xls; 02_fruit_bearing.xlsx,DT_1ET0292,자두,DT_1J49: 자두 | DT_1J60: 자두,자두,종합 (see Yearbook 2025 pp.44–51),"","",23658,3460,"","",683.7572254335261,"","",10.071456603105682,8.14902386805177,8.14902386805177,"","","",2008,2012,2011,2012,high,1,0,0,-30,-26,2012,plum,"","","","","","","","","",no-overlap,FALSE,FALSE,FALSE,FALSE
plum,Plum,자두,total,fruit,1,baseline_treated,1983,01_fruit_total.xls; 02_fruit_bearing.xlsx,DT_1ET0292,자두,DT_1J49: 자두 | DT_1J60: 자두,자두,종합 (see Yearbook 2025 pp.44–51),"","",30203,3683,"","",820.0651642682595,"","",10.315696536177638,8.211482916445066,8.211482916445066,"","","",2008,2012,2011,2012,high,1,0,0,-29,-25,2012,plum,"","","","","","","","","",no-overlap,FALSE,FALSE,FALSE,FALSE
plum,Plum,자두,total,fruit,1,baseline_treated,1984,01_fruit_total.xls; 02_fruit_bearing.xlsx,DT_1ET0292,자두,DT_1J49: 자두 | DT_1J60: 자두,자두,종합 (see Yearbook 2025 pp.44–51),"","",28660,3854,"","",743.6429683445771,"","",10.263257701382162,8.256866848974312,8.256866848974312,"","","",2008,2012,2011,2012,high,1,0,0,-28,-24,2012,plum,"","","","","","","","","",no-overlap,FALSE,FALSE,FALSE,FALSE
plum,Plum,자두,total,fruit,1,baseline_treated,1985,01_fruit_total.xls; 02_fruit_bearing.xlsx,DT_1ET0292,자두,DT_1J49: 자두 | DT_1J60: 자두,자두,종합 (see Yearbook 2025 pp.44–51),"","",33505,4029,"","",831.5959295110449,"","",10.41944996040727,8.301273485191347,8.301273485191347,"","","",2008,2012,2011,2012,high,1,0,0,-27,-23,2012,plum,"","","","","","","","","",no-overlap,FALSE,FALSE,FALSE,FALSE
plum,Plum,자두,total,fruit,1,baseline_treated,1986,01_fruit_total.xls; 02_fruit_bearing.xlsx,DT_1ET0292,자두,DT_1J49: 자두 | DT_1J60: 자두,자두,종합 (see Yearbook 2025 pp.44–51),"","",37616,3992,"","",942.2845691382764,"","",10.535184770779852,8.292047637431354,8.292047637431354,"","","",2008,2012,2011,2012,high,1,0,0,-26,-22,2012,plum,"","","","","","","","","",no-overlap,FALSE,FALSE,FALSE,FALSE
plum,Plum,자두,total,fruit,1,baseline_treated,1987,01_fruit_total.xls; 02_fruit_bearing.xlsx,DT_1ET0292,자두,DT_1J49: 자두 | DT_1J60: 자두,자두,종합 (see Yearbook 2025 pp.44–51),"","",37088,3678,"","",1008.374116367591,"","",10.521048746139478,8.210124405164267,8.210124405164267,"","","",2008,2012,2011,2012,high,1,0,0,-25,-21,2012,plum,"","","","","","","","","",no-overlap,FALSE,FALSE,FALSE,FALSE
plum,Plum,자두,total,fruit,1,baseline_treated,1988,01_fruit_total.xls; 02_fruit_bearing.xlsx,DT_1ET0292,자두,DT_1J49: 자두 | DT_1J60: 자두,자두,종합 (see Yearbook 2025 pp.44–51),"","",31990,3294,"","",971.1596842744384,"","",10.373178632943564,8.099857910737585,8.099857910737585,"","","",2008,2012,2011,2012,high,1,0,0,-24,-20,2012,plum,"","","","","","","","","",no-overlap,FALSE,FALSE,FALSE,FALSE
plum,Plum,자두,total,fruit,1,baseline_treated,1989,01_fruit_total.xls; 02_fruit_bearing.xlsx,DT_1ET0292,자두,DT_1J49: 자두 | DT_1J60: 자두,자두,종합 (see Yearbook 2025 pp.44–51),"","",21895,3255,"","",672.6574500768049,"","",9.9940135792355,8.08794755464267,8.08794755464267,"","","",2008,2012,2011,2012,high,1,0,0,-23,-19,2012,plum,"","","","","","","","","",no-overlap,FALSE,FALSE,FALSE,FALSE
plum,Plum,자두,total,fruit,1,baseline_treated,1990,01_fruit_total.xls; 02_fruit_bearing.xlsx,DT_1ET0292,자두,DT_1J49: 자두 | DT_1J60: 자두,자두,종합 (see Yearbook 2025 pp.44–51),"","",25211,3191,"","",790.0658100908805,"","",10.135035686194149,8.068089626278244,8.068089626278244,"","","",2008,2012,2011,2012,high,1,0,0,-22,-18,2012,plum,"","","","","","","","","",no-overlap,FALSE,FALSE,FALSE,FALSE
plum,Plum,자두,total,fruit,1,baseline_treated,1991,01_fruit_total.xls; 02_fruit_bearing.xlsx,DT_1ET0292,자두,DT_1J49: 자두 | DT_1J60: 자두,자두,종합 (see Yearbook 2025 pp.44–51),"","",24080,3024,"","",796.2962962962963,"","",10.089136899422757,8.014335737299424,8.014335737299424,"","","",2008,2012,2011,2012,high,1,0,0,-21,-17,2012,plum,"","","","","","","","","",no-overlap,FALSE,FALSE,FALSE,FALSE
plum,Plum,자두,total,fruit,1,baseline_treated,1992,01_fruit_total.xls; 02_fruit_bearing.xlsx,DT_1ET0292,자두,DT_1J49: 자두 | DT_1J60: 자두,자두,종합 (see Yearbook 2025 pp.44–51),"","",22630,2933,"","",771.5649505625639,"","",10.027031738627583,7.983781068977451,7.983781068977451,"","","",2008,2012,2011,2012,high,1,0,0,-20,-16,2012,plum,"","","","","","","","","",no-overlap,FALSE,FALSE,FALSE,FALSE
plum,Plum,자두,total,fruit,1,baseline_treated,1993,01_fruit_total.xls; 02_fruit_bearing.xlsx,DT_1ET0292,자두,DT_1J49: 자두 | DT_1J60: 자두,자두,종합 (see Yearbook 2025 pp.44–51),"","",20372,2877,"","",708.09871393813,"","",9.921916688004496,7.964503363551548,7.964503363551548,"","","",2008,2012,2011,2012,high,1,0,0,-19,-15,2012,plum,"","","","","","","","","",no-overlap,FALSE,FALSE,FALSE,FALSE
plum,Plum,자두,total,fruit,1,baseline_treated,1994,01_fruit_total.xls; 02_fruit_bearing.xlsx,DT_1ET0292,자두,DT_1J49: 자두 | DT_1J60: 자두,자두,종합 (see Yearbook 2025 pp.44–51),"","",20764,2670,"","",777.6779026217229,"","",9.94097599694712,7.889833751394295,7.889833751394295,"","","",2008,2012,2011,2012,high,1,0,0,-18,-14,2012,plum,"","","","","","","","","",no-overlap,FALSE,FALSE,FALSE,FALSE
plum,Plum,자두,total,fruit,1,baseline_treated,1995,01_fruit_total.xls; 02_fruit_bearing.xlsx,DT_1ET0292,자두,DT_1J49: 자두 | DT_1J60: 자두,자두,종합 (see Yearbook 2025 pp.44–51),"","",25263,2693,"","",938.098774600817,"","",10.1370961536981,7.898411092811599,7.898411092811599,"","","",2008,2012,2011,2012,high,1,0,0,-17,-13,2012,plum,"","","","","","","","","",no-overlap,FALSE,FALSE,FALSE,FALSE
plum,Plum,자두,total,fruit,1,baseline_treated,1996,01_fruit_total.xls; 02_fruit_bearing.xlsx,DT_1ET0292,자두,DT_1J49: 자두 | DT_1J60: 자두,자두,종합 (see Yearbook 2025 pp.44–51),"","",28678,3053,"","",939.3383557156894,"","",10.263885557274984,8.023879992734878,8.023879992734878,"","","",2008,2012,2011,2012,high,1,0,0,-16,-12,2012,plum,"","","","","","","","","",no-overlap,FALSE,FALSE,FALSE,FALSE
plum,Plum,자두,total,fruit,1,baseline_treated,1997,01_fruit_total.xls; 02_fruit_bearing.xlsx,DT_1ET0292,자두,DT_1J49: 자두 | DT_1J60: 자두,자두,종합 (see Yearbook 2025 pp.44–51),"","",36006,3126,"","",1151.823416506718,"","",10.491440870217568,8.047509510981422,8.047509510981422,"","","",2008,2012,2011,2012,high,1,0,0,-15,-11,2012,plum,"","","","","","","","","",no-overlap,FALSE,FALSE,FALSE,FALSE
plum,Plum,자두,total,fruit,1,baseline_treated,1998,01_fruit_total.xls; 02_fruit_bearing.xlsx,DT_1ET0292,자두,DT_1J49: 자두 | DT_1J60: 자두,자두,종합 (see Yearbook 2025 pp.44–51),"","",39006,3615,"","",1079.0041493775934,"","",10.571470759432524,8.192847134592865,8.192847134592865,"","","",2008,2012,2011,2012,high,1,0,0,-14,-10,2012,plum,"","","","","","","","","",no-overlap,FALSE,FALSE,FALSE,FALSE
plum,Plum,자두,total,fruit,1,baseline_treated,1999,01_fruit_total.xls; 02_fruit_bearing.xlsx,DT_1ET0292,자두,DT_1J49: 자두 | DT_1J60: 자두,자두,종합 (see Yearbook 2025 pp.44–51),"","",43671,4098,"","",1065.666178623719,"","",10.68443954523277,8.318254328798846,8.318254328798846,"","","",2008,2012,2011,2012,high,1,0,0,-13,-9,2012,plum,"","","","","","","","","",no-overlap,FALSE,FALSE,FALSE,FALSE
plum,Plum,자두,total,fruit,1,baseline_treated,2000,01_fruit_total.xls; 02_fruit_bearing.xlsx,DT_1ET0292,자두,DT_1J49: 자두 | DT_1J60: 자두,자두,종합 (see Yearbook 2025 pp.44–51),"","",51723,4731,"","",1093.278376664553,"","",10.85365783584396,8.461891875631148,8.461891875631148,"","","",2008,2012,2011,2012,high,1,0,0,-12,-8,2012,plum,149,"","",2005Q1-2012Q4,"","","","",5.426569645987997,no-overlap,FALSE,FALSE,FALSE,FALSE
plum,Plum,자두,total,fruit,1,baseline_treated,2001,01_fruit_total.xls; 02_fruit_bearing.xlsx,DT_1ET0292,자두,DT_1J49: 자두 | DT_1J60: 자두,자두,종합 (see Yearbook 2025 pp.44–51),"","",57874,5303,"","",1091.344521968697,"","",10.966023512621549,8.57602797713713,8.57602797713713,"","","",2008,2012,2011,2012,high,1,0,0,-11,-7,2012,plum,144.275,"","",2005Q1-2012Q4,"","","","",5.355916008221238,no-overlap,FALSE,FALSE,FALSE,FALSE
plum,Plum,자두,total,fruit,1,baseline_treated,2002,01_fruit_total.xls; 02_fruit_bearing.xlsx,DT_1ET0292,자두,DT_1J49: 자두 | DT_1J60: 자두,자두,종합 (see Yearbook 2025 pp.44–51),"","",75572,5939,"","",1272.470112813605,"","",11.232841123193207,8.68929604801586,8.68929604801586,"","","",2008,2012,2011,2012,high,1,0,0,-10,-6,2012,plum,131.525,"","",2005Q1-2012Q4,"","","","",5.23046440939512,no-overlap,FALSE,FALSE,FALSE,FALSE
plum,Plum,자두,total,fruit,1,baseline_treated,2003,01_fruit_total.xls; 02_fruit_bearing.xlsx,DT_1ET0292,자두,DT_1J49: 자두 | DT_1J60: 자두,자두,종합 (see Yearbook 2025 pp.44–51),"","",77438,6452,"","",1200.2169869807813,"","",11.257232895170668,8.772145439245099,8.772145439245099,"","","",2008,2012,2011,2012,high,1,0,0,-9,-5,2012,plum,136.9,"","",2005Q1-2012Q4,"","","","",5.203835645332726,no-overlap,FALSE,FALSE,FALSE,FALSE
plum,Plum,자두,total,fruit,1,baseline_treated,2004,01_fruit_total.xls; 02_fruit_bearing.xlsx,DT_1ET0292,자두,DT_1J49: 자두 | DT_1J60: 자두,자두,종합 (see Yearbook 2025 pp.44–51),"","",71983,6600,"","",1090.651515151515,"","",11.184185259008464,8.794824928014517,8.794824928014517,"","","",2008,2012,2011,2012,high,1,0,0,-8,-4,2012,plum,188.5,"","",2005Q1-2012Q4,"","","","",5.519677268412427,no-overlap,FALSE,FALSE,FALSE,FALSE
plum,Plum,자두,total,fruit,1,baseline_treated,2005,01_fruit_total.xls; 02_fruit_bearing.xlsx,DT_1ET0292,자두,DT_1J49: 자두 | DT_1J60: 자두,자두,종합 (see Yearbook 2025 pp.44–51),"","",75963,6696,"","",1134.453405017921,"","",11.23800165861711,8.80926561216931,8.80926561216931,"","","",2008,2012,2011,2012,high,1,0,0,-7,-3,2012,plum,142.925,"","",2005Q1-2012Q4,"","","","",5.286594108024895,no-overlap,FALSE,FALSE,FALSE,FALSE
plum,Plum,자두,total,fruit,1,baseline_treated,2006,01_fruit_total.xls; 02_fruit_bearing.xlsx,DT_1ET0292,자두,DT_1J49: 자두 | DT_1J60: 자두,자두,종합 (see Yearbook 2025 pp.44–51),"","",64419,6000,"","",1073.65,"","",11.073163899635242,8.699514748210191,8.699514748210191,"","","",2008,2012,2011,2012,high,1,0,0,-6,-2,2012,plum,188.2,"","",2005Q1-2012Q4,"","","","",5.583163793750414,no-overlap,FALSE,FALSE,FALSE,FALSE
plum,Plum,자두,total,fruit,1,baseline_treated,2007,01_fruit_total.xls; 02_fruit_bearing.xlsx,DT_1ET0292,자두,DT_1J49: 자두 | DT_1J60: 자두,자두,종합 (see Yearbook 2025 pp.44–51),"","",64816,5803,"","",1116.93951404446,"","",11.079307765442472,8.666130304190608,8.666130304190608,"","","",2008,2012,2011,2012,high,1,0,0,-5,-1,2012,plum,173.975,"","",2005Q1-2012Q4,"","","","",5.481257682271412,no-overlap,FALSE,FALSE,FALSE,FALSE
plum,Plum,자두,total,fruit,1,baseline_treated,2008,01_fruit_total.xls; 02_fruit_bearing.xlsx,DT_1ET0292,자두,DT_1J49: 자두 | DT_1J60: 자두,자두,종합 (see Yearbook 2025 pp.44–51),"","",66748,5778,"","",1155.2094150224991,"","",11.108679613266794,8.661812881026181,8.661812881026181,"","","",2008,2012,2011,2012,high,0,1,0,-4,0,2012,plum,194.2,"","",2005Q1-2012Q4,"","","","",5.606242381032077,no-overlap,FALSE,FALSE,FALSE,FALSE
plum,Plum,자두,total,fruit,1,baseline_treated,2009,01_fruit_total.xls; 02_fruit_bearing.xlsx,DT_1ET0292,자두,DT_1J49: 자두 | DT_1J60: 자두,자두,종합 (see Yearbook 2025 pp.44–51),"","",47698,5587,4159,1146.862226496754,853.7318775729372,"","",10.772644747276225,8.628197749459149,8.628197749459149,8.33302993974291,7.044784993521405,"",2008,2012,2011,2012,high,0,1,0,-3,1,2012,plum,211.125,"","",2005Q1-2012Q4,"","","","",5.68435876379603,no-overlap,FALSE,FALSE,FALSE,FALSE
plum,Plum,자두,total,fruit,1,baseline_treated,2010,01_fruit_total.xls; 02_fruit_bearing.xlsx,DT_1ET0292,자두,DT_1J49: 자두 | DT_1J60: 자두,자두,종합 (see Yearbook 2025 pp.44–51),"","",46455,5870,4310,1077.8422273781905,791.396933560477,"","",10.746239381075412,8.677609912822142,8.677609912822142,8.368693183097793,6.982716383965711,"",2008,2012,2011,2012,high,0,1,0,-2,2,2012,plum,210.575,"","",2005Q1-2012Q4,"","","","",5.619713591408631,no-overlap,FALSE,FALSE,FALSE,FALSE
plum,Plum,자두,total,fruit,1,baseline_treated,2011,01_fruit_total.xls; 02_fruit_bearing.xlsx,DT_1ET0292,자두,DT_1J49: 자두 | DT_1J60: 자두,자두,종합 (see Yearbook 2025 pp.44–51),"","",40636,5724,4045,1004.5982694684795,709.9231306778477,"","",10.612409652211436,8.652423140676342,8.652423140676342,8.305236829492593,6.912343008706935,"",2008,2012,2011,2012,high,0,1,0,-1,3,2012,plum,256.35,"","",2005Q1-2012Q4,"","","","",5.7497565989351305,no-overlap,FALSE,FALSE,FALSE,FALSE
plum,Plum,자두,total,fruit,1,baseline_treated,2012,01_fruit_total.xls; 02_fruit_bearing.xlsx,DT_1ET0292,자두,DT_1J49: 자두 | DT_1J60: 자두,자두,종합 (see Yearbook 2025 pp.44–51),"","",40687,5714,4049,1004.865398863917,712.0581029051452,"","",10.613663910088937,8.65067458279072,8.65067458279072,8.30622521603216,6.912608880044865,"",2008,2012,2011,2012,high,0,0,1,0,4,2012,plum,221.475,"","",2005Q1-2012Q4,"","","","",5.527092491377732,no-overlap,FALSE,FALSE,FALSE,FALSE
plum,Plum,자두,total,fruit,1,baseline_treated,2013,01_fruit_total.xls; 02_fruit_bearing.xlsx,DT_1ET0292,자두,DT_1J49: 자두 | DT_1J60: 자두,자두,종합 (see Yearbook 2025 pp.44–51),"","",41116,5656,4124,996.9932104752668,726.9448373408769,"","",10.624152619132811,8.640472207576408,8.640472207576408,8.32457884513685,6.904743959984053,"",2008,2012,2011,2012,high,0,0,1,1,5,2012,plum,"","","","","","","","","",no-overlap,FALSE,FALSE,FALSE,FALSE
plum,Plum,자두,total,fruit,1,baseline_treated,2014,01_fruit_total.xls; 02_fruit_bearing.xlsx,DT_1ET0292,자두,DT_1J49: 자두 | DT_1J60: 자두,자두,종합 (see Yearbook 2025 pp.44–51),"","",44107,5662,4263,1034.646962233169,779.0003532320735,"","",10.694373778997369,8.641532465671846,8.641532465671846,8.35772841676521,6.94181554822025,"",2008,2012,2011,2012,high,0,0,1,2,6,2012,plum,"","","","","","","","","",no-overlap,FALSE,FALSE,FALSE,FALSE
plum,Plum,자두,total,fruit,1,baseline_treated,2015,01_fruit_total.xls; 02_fruit_bearing.xlsx,DT_1ET0292,자두,DT_1J49: 자두 | DT_1J60: 자두,자두,종합 (see Yearbook 2025 pp.44–51),"","",49417,5920,4389,1125.9284575074048,834.7466216216216,"","",10.808049773531677,8.68609172787805,8.68609172787805,8.386856689688234,7.026363269831533,"",2008,2012,2011,2012,high,0,0,1,3,7,2012,plum,"",69.5,"",2005Q1-2012Q4,69.5,81.685416890494,4.402875490101294,4.402875490101294,"",no-overlap,FALSE,FALSE,FALSE,FALSE
plum,Plum,자두,total,fruit,1,baseline_treated,2016,01_fruit_total.xls; 02_fruit_bearing.xlsx,DT_1ET0292,자두,DT_1J49: 자두 | DT_1J60: 자두,자두,종합 (see Yearbook 2025 pp.44–51),"","",63776,7033,5673,1124.2023620659263,906.8107493246126,"","",11.063132223012522,8.858368636308018,8.858368636308018,8.643473357326567,7.024829051674045,"",2008,2012,2011,2012,high,0,0,1,4,8,2012,plum,"",78.125,"",2005Q1-2012Q4,78.125,89.97204290332701,4.499498987665926,4.499498987665926,"",no-overlap,FALSE,FALSE,FALSE,FALSE
plum,Plum,자두,total,fruit,1,baseline_treated,2017,01_fruit_total.xls; 02_fruit_bearing.xlsx,DT_1ET0292,자두,DT_1J49: 자두 | DT_1J60: 자두,자두,종합 (see Yearbook 2025 pp.44–51),"","",62778,7324.4875,5460,1149.7802197802198,857.0975102353577,"","",11.047359972609105,8.898978465567236,8.898978465567236,8.605204068738951,7.047326089858243,"",2008,2012,2011,2012,high,0,0,1,5,9,2012,plum,"",86.575,"",2005Q1-2012Q4,86.575,93.89159443664288,4.542140866090722,4.542140866090722,"",no-overlap,FALSE,FALSE,FALSE,FALSE
plum,Plum,자두,total,fruit,1,baseline_treated,2018,01_fruit_total.xls; 02_fruit_bearing.xlsx,DT_1ET0292,자두,DT_1J49: 자두 | DT_1J60: 자두,자두,종합 (see Yearbook 2025 pp.44–51),"","",53794,7266.0638,5261,1022.5052271431286,740.3458252045626,"","",10.892917215767024,8.890969993364672,8.890969993364672,8.568076401730806,6.930011000024309,"",2008,2012,2011,2012,high,0,0,1,6,10,2012,plum,"",91.775,"",2005Q1-2012Q4,91.775,99.2860021817566,4.598004596177644,4.598004596177644,"",no-overlap,FALSE,FALSE,FALSE,FALSE
plum,Plum,자두,total,fruit,1,baseline_treated,2019,01_fruit_total.xls; 02_fruit_bearing.xlsx,DT_1ET0292,자두,DT_1J49: 자두 | DT_1J60: 자두,자두,종합 (see Yearbook 2025 pp.44–51),"","",51087,7100.2544,5166,988.9082462253194,719.5094305353341,"","",10.841285340694714,8.867885893373408,8.867885893373408,8.549853973655786,6.89660155302702,"",2008,2012,2011,2012,high,0,0,1,7,11,2012,plum,"",87.4,"",2005Q1-2012Q4,87.4,94.61586254255177,4.549825142154911,4.549825142154911,"",no-overlap,FALSE,FALSE,FALSE,FALSE
plum,Plum,자두,total,fruit,1,baseline_treated,2020,01_fruit_total.xls; 02_fruit_bearing.xlsx,DT_1ET0292,자두,DT_1J49: 자두 | DT_1J60: 자두,자두,종합 (see Yearbook 2025 pp.44–51),"","",50027.6235408956,7314.9912,5282,947.1341071733358,683.9054507802497,"","",10.820330602672378,8.897681110445982,8.897681110445982,8.572060092857077,6.853440695803393,"",2008,2012,2011,2012,high,0,0,1,8,12,2012,plum,"",99.975,"",2005Q1-2012Q4,99.975,100.3844715347531,4.609007529307097,4.609007529307097,"",no-overlap,FALSE,FALSE,FALSE,FALSE
plum,Plum,자두,total,fruit,1,baseline_treated,2021,01_fruit_total.xls; 02_fruit_bearing.xlsx,DT_1ET0292,자두,DT_1J49: 자두 | DT_1J60: 자두,자두,종합 (see Yearbook 2025 pp.44–51),"","",50257,6656.8803,5467,919.2793122370588,754.9632520807082,"","",10.82490511970208,8.803406230366488,8.803406230366488,8.606485298894999,6.823590006795172,"",2008,2012,2011,2012,high,0,0,1,9,13,2012,plum,"",111.1,"",2005Q1-2012Q4,111.1,98.70899249355584,4.592176051646432,4.592176051646432,"",no-overlap,FALSE,FALSE,FALSE,FALSE
plum,Plum,자두,total,fruit,1,baseline_treated,2022,01_fruit_total.xls; 02_fruit_bearing.xlsx,DT_1ET0292,자두,DT_1J49: 자두 | DT_1J60: 자두,자두,종합 (see Yearbook 2025 pp.44–51),"","",52374,6663.8401,5387,972.2294412474477,785.9432281395827,"","",10.866165563963404,8.804451188960964,8.804451188960964,8.591743922680534,6.879591827270962,"",2008,2012,2011,2012,high,0,0,1,10,14,2012,plum,"",94.1,"",2005Q1-2012Q4,94.1,86.5852425571295,4.461129391776058,4.461129391776058,"",no-overlap,FALSE,FALSE,FALSE,FALSE
plum,Plum,자두,total,fruit,1,baseline_treated,2023,01_fruit_total.xls; 02_fruit_bearing.xlsx,DT_1ET0292,자두,DT_1J49: 자두 | DT_1J60: 자두,자두,종합 (see Yearbook 2025 pp.44–51),"","",48527,6471.6863,5233,927.3265813109116,749.8354795101857,"","",10.78987562305597,8.775191987229858,8.775191987229858,8.562740006372207,6.832305802671853,"",2008,2012,2011,2012,high,0,0,1,11,15,2012,plum,"",114.125,"",2005Q1-2012Q4,114.125,104.14005121995837,4.645736639572143,4.645736639572143,"",no-overlap,FALSE,FALSE,FALSE,FALSE
plum,Plum,자두,total,fruit,1,baseline_treated,2024,01_fruit_total.xls; 02_fruit_bearing.xlsx,DT_1ET0292,자두,DT_1J49: 자두 | DT_1J60: 자두,자두,종합 (see Yearbook 2025 pp.44–51),"","",48385,6220.4905,5157,938.2392864068256,777.8325519506863,"","",10.786945127315043,8.735604041144956,8.735604041144956,8.548110294050959,6.844005019252175,"",2008,2012,2011,2012,high,0,0,1,12,16,2012,plum,"",105.175,"",2005Q1-2012Q4,105.175,89.53217013120927,4.494598003503527,4.494598003503527,"",no-overlap,FALSE,FALSE,FALSE,FALSE
red_bean,Red bean,팥,all,pulse,0,control_pool,1980,04_beans.xlsx,DT_1ET0025,팥,DT_1J49: 팥 | DT_1J60: 팥,팥,종합 (see Yearbook 2025 pp.44–51),32318,90,29073,"","","","",10.383379629532191,4.499809670330265,10.27756518740266,"",10.383379629532191,"","",-0.0004539264717067,2020,2024,2024,2024,high,1,0,0,-44,-40,2024,red_bean,21.525,"",0.6577554302779687,2005Q1-2012Q4,14.158185636733275,63.30055417230082,4.147894083808504,"",4.5668161870655215,exact,TRUE,TRUE,TRUE,TRUE
red_bean,Red bean,팥,all,pulse,0,control_pool,1981,04_beans.xlsx,DT_1ET0025,팥,DT_1J49: 팥 | DT_1J60: 팥,팥,종합 (see Yearbook 2025 pp.44–51),35005,98,34262,"","","","",10.4632461874113,4.584967478670572,10.441792147290403,"",10.4632461874113,"","",-0.0012513328033758,2020,2024,2024,2024,high,1,0,0,-43,-39,2024,red_bean,36.175,"",0.6577554302779687,2005Q1-2012Q4,23.79430269030552,81.48426375919887,4.400409918894734,"",4.819332022151752,exact,TRUE,TRUE,TRUE,TRUE
red_bean,Red bean,팥,all,pulse,0,control_pool,1982,04_beans.xlsx,DT_1ET0025,팥,DT_1J49: 팥 | DT_1J60: 팥,팥,종합 (see Yearbook 2025 pp.44–51),37502,108,40323,"","","","",10.532149543869664,4.68213122712422,10.604677304739258,"",10.532149543869664,"","",-0.0044332802665341,2020,2024,2024,2024,high,1,0,0,-42,-38,2024,red_bean,30.6,"",0.6577554302779687,2005Q1-2012Q4,20.12731616650584,65.15713160460919,4.176801761963937,"",4.595723865220954,exact,TRUE,TRUE,TRUE,TRUE
red_bean,Red bean,팥,all,pulse,0,control_pool,1983,04_beans.xlsx,DT_1ET0025,팥,DT_1J49: 팥 | DT_1J60: 팥,팥,종합 (see Yearbook 2025 pp.44–51),29519,103,30415,"","","","",10.292789402801873,4.634728988229636,10.322691186754806,"",10.292789402801873,"","",0.0003429817113893,2020,2024,2024,2024,high,1,0,0,-41,-37,2024,red_bean,26.875,"",0.6577554302779687,2005Q1-2012Q4,17.677177188720407,56.18368836168764,4.028626472096491,"",4.447548575353508,exact,TRUE,TRUE,TRUE,TRUE
red_bean,Red bean,팥,all,pulse,0,control_pool,1984,04_beans.xlsx,DT_1ET0025,팥,DT_1J49: 팥 | DT_1J60: 팥,팥,종합 (see Yearbook 2025 pp.44–51),25690,99,25405,"","","","",10.15385709010393,4.59511985013459,10.142701284027831,"",10.15385709010393,"","",-0.0011054702225941,2020,2024,2024,2024,high,1,0,0,-40,-36,2024,red_bean,32.425,"",0.6577554302779687,2005Q1-2012Q4,21.327719826763136,68.59254402171501,4.228183841094799,"",4.647105944351816,exact,TRUE,TRUE,TRUE,TRUE
red_bean,Red bean,팥,all,pulse,0,control_pool,1985,04_beans.xlsx,DT_1ET0025,팥,DT_1J49: 팥 | DT_1J60: 팥,팥,종합 (see Yearbook 2025 pp.44–51),23573,103,24249,"","","","",10.067857268271949,4.634728988229636,10.096130658401954,"",10.067857268271949,"","",-0.0012854121115388,2020,2024,2024,2024,high,1,0,0,-39,-35,2024,red_bean,39.025,"",0.6577554302779687,2005Q1-2012Q4,25.668905666597727,79.68070560275302,4.378027468693372,"",4.796949571950388,exact,TRUE,TRUE,TRUE,TRUE
red_bean,Red bean,팥,all,pulse,0,control_pool,1986,04_beans.xlsx,DT_1ET0025,팥,DT_1J49: 팥 | DT_1J60: 팥,팥,종합 (see Yearbook 2025 pp.44–51),26872,114,30522,"","","","",10.198840131292128,4.736198448394496,10.32620301405082,"",10.198840131292128,"","",-0.0036653796477121,2020,2024,2024,2024,high,1,0,0,-38,-34,2024,red_bean,48.775,"",0.6577554302779687,2005Q1-2012Q4,32.08202111180792,103.49404243415326,4.639514050026051,"",5.058436153283068,exact,TRUE,TRUE,TRUE,TRUE
red_bean,Red bean,팥,all,pulse,0,control_pool,1987,04_beans.xlsx,DT_1ET0025,팥,DT_1J49: 팥 | DT_1J60: 팥,팥,종합 (see Yearbook 2025 pp.44–51),32189,109,35086,"","","","",10.379380058262004,4.691347882229144,10.46555746948913,"",10.379380058262004,"","",-2.850139253496309e-7,2020,2024,2024,2024,high,1,0,0,-37,-33,2024,red_bean,51.025,"",0.6577554302779687,2005Q1-2012Q4,33.56197082993335,105.487477341807,4.65859224768901,"",5.077514350946028,exact,TRUE,TRUE,TRUE,TRUE
red_bean,Red bean,팥,all,pulse,0,control_pool,1988,04_beans.xlsx,DT_1ET0025,팥,DT_1J49: 팥 | DT_1J60: 팥,팥,종합 (see Yearbook 2025 pp.44–51),30902,124,38324,"","","","",10.338576185710364,4.820281565605037,10.553831610770764,"",10.338576185710364,"","",0.0001440454434558,2020,2024,2024,2024,high,1,0,0,-36,-32,2024,red_bean,47.475,"",0.6577554302779687,2005Q1-2012Q4,31.22693905244656,85.68344513130471,4.450659634613389,"",4.869581737870407,exact,TRUE,TRUE,TRUE,TRUE
red_bean,Red bean,팥,all,pulse,0,control_pool,1989,04_beans.xlsx,DT_1ET0025,팥,DT_1J49: 팥 | DT_1J60: 팥,팥,종합 (see Yearbook 2025 pp.44–51),26480,118,31270,"","","","",10.184145010050944,4.770684624465665,10.350414450451886,"",10.184145010050944,"","",0.0007550019233679,2020,2024,2024,2024,high,1,0,0,-35,-31,2024,red_bean,43.4,"",0.6577554302779687,2005Q1-2012Q4,28.54658567406384,74.42275447202695,4.309761734757407,"",4.728683838014424,exact,TRUE,TRUE,TRUE,TRUE
red_bean,Red bean,팥,all,pulse,0,control_pool,1990,04_beans.xlsx,DT_1ET0025,팥,DT_1J49: 팥 | DT_1J60: 팥,팥,종합 (see Yearbook 2025 pp.44–51),21687,106,23013,"","","","",9.984468281668407,4.663439094112067,10.043814552627406,"",9.984468281668407,"","",0.0010773628350229,2020,2024,2024,2024,high,1,0,0,-34,-30,2024,red_bean,59.25,"",0.6577554302779687,2005Q1-2012Q4,38.97200924396965,90.69034650884848,4.507450918257652,"",4.926373021514669,exact,TRUE,TRUE,TRUE,TRUE
red_bean,Red bean,팥,all,pulse,0,control_pool,1991,04_beans.xlsx,DT_1ET0025,팥,DT_1J49: 팥 | DT_1J60: 팥,팥,종합 (see Yearbook 2025 pp.44–51),22857,117,26629,"","","","",10.03701269514112,4.762173934797756,10.1897561264694,"",10.03701269514112,"","",-0.004260317481382,2020,2024,2024,2024,high,1,0,0,-33,-29,2024,red_bean,67.775,"",0.6577554302779687,2005Q1-2012Q4,44.57937428708933,95.0746141687802,4.554661995628652,"",4.973584098885669,exact,TRUE,TRUE,TRUE,TRUE
red_bean,Red bean,팥,all,pulse,0,control_pool,1992,04_beans.xlsx,DT_1ET0025,팥,DT_1J49: 팥 | DT_1J60: 팥,팥,종합 (see Yearbook 2025 pp.44–51),18902,125,23581,"","","","",9.847023015555,4.8283137373023015,10.068196582013169,"",9.847023015555,"","",-0.0019699848560428,2020,2024,2024,2024,high,1,0,0,-32,-28,2024,red_bean,64.65,"",0.6577554302779687,2005Q1-2012Q4,42.52388856747068,86.7756444984611,4.463325988956927,"",4.882248092213945,exact,TRUE,TRUE,TRUE,TRUE
red_bean,Red bean,팥,all,pulse,0,control_pool,1993,04_beans.xlsx,DT_1ET0025,팥,DT_1J49: 팥 | DT_1J60: 팥,팥,종합 (see Yearbook 2025 pp.44–51),17403,111,19373,"","","","",9.764397884134176,4.709530201312334,9.871635623086943,"",9.764397884134176,"","",0.0028777236285275,2020,2024,2024,2024,high,1,0,0,-31,-27,2024,red_bean,66.825,"",0.6577554302779687,2005Q1-2012Q4,43.954506628325255,90.6862665381667,4.507405929318737,"",4.926328032575754,exact,TRUE,TRUE,TRUE,TRUE
red_bean,Red bean,팥,all,pulse,0,control_pool,1994,04_beans.xlsx,DT_1ET0025,팥,DT_1J49: 팥 | DT_1J60: 팥,팥,종합 (see Yearbook 2025 pp.44–51),15672,90,14115,"","","","",9.659630959624376,4.499809670330265,9.55499334068759,"",9.659630959624376,"","",0.0007228967210402,2020,2024,2024,2024,high,1,0,0,-30,-26,2024,red_bean,85.5,"",0.6577554302779687,2005Q1-2012Q4,56.23808928876632,107.24334177601344,4.6751004745384686,"",5.094022577795485,exact,TRUE,TRUE,TRUE,TRUE
red_bean,Red bean,팥,all,pulse,0,control_pool,1995,04_beans.xlsx,DT_1ET0025,팥,DT_1J49: 팥 | DT_1J60: 팥,팥,종합 (see Yearbook 2025 pp.44–51),18225,104,18973,"","","","",9.81054955687686,4.6443908991413725,9.850772194864131,"",9.81054955687686,"","",0.0010019248339929,2020,2024,2024,2024,high,1,0,0,-29,-25,2024,red_bean,112.30000000000001,"",0.6577554302779687,2005Q1-2012Q4,73.86593482021588,126.9714802567302,4.84396249633248,"",5.262884599589498,exact,TRUE,TRUE,TRUE,TRUE
red_bean,Red bean,팥,all,pulse,0,control_pool,1996,04_beans.xlsx,DT_1ET0025,팥,DT_1J49: 팥 | DT_1J60: 팥,팥,종합 (see Yearbook 2025 pp.44–51),14590,129,18774,"","","","",9.588091641516831,4.859812404361672,9.840228212896935,"",9.588091641516831,"","",-0.0025056469934749,2020,2024,2024,2024,high,1,0,0,-28,-24,2024,red_bean,101.175,"",0.6577554302779687,2005Q1-2012Q4,66.54840565837348,109.15162130510566,4.692737936803231,"",5.111660040060248,exact,TRUE,TRUE,TRUE,TRUE
red_bean,Red bean,팥,all,pulse,0,control_pool,1997,04_beans.xlsx,DT_1ET0025,팥,DT_1J49: 팥 | DT_1J60: 팥,팥,종합 (see Yearbook 2025 pp.44–51),11916,112,13405,"","","","",9.385637313833174,4.718498871295094,9.50338305067006,"",9.385637313833174,"","",0.0044170515298826,2020,2024,2024,2024,high,1,0,0,-27,-23,2024,red_bean,95.1,"",0.6577554302779687,2005Q1-2012Q4,62.55254141943482,105.39628328596204,4.657727372543973,"",5.07664947580099,exact,TRUE,TRUE,TRUE,TRUE
red_bean,Red bean,팥,all,pulse,0,control_pool,1998,04_beans.xlsx,DT_1ET0025,팥,DT_1J49: 팥 | DT_1J60: 팥,팥,종합 (see Yearbook 2025 pp.44–51),12403,106,13115,"","","","",9.42569365781533,4.663439094112067,9.481511892300974,"",9.42569365781533,"","",-0.0024506736383322,2020,2024,2024,2024,high,1,0,0,-26,-22,2024,red_bean,102.9,"",0.6577554302779687,2005Q1-2012Q4,67.68303377560298,115.07520111675257,4.745585837403299,"",5.164507940660316,exact,TRUE,TRUE,TRUE,TRUE
red_bean,Red bean,팥,all,pulse,0,control_pool,1999,04_beans.xlsx,DT_1ET0025,팥,DT_1J49: 팥 | DT_1J60: 팥,팥,종합 (see Yearbook 2025 pp.44–51),12214,106,13002,"","","","",9.41033811378308,4.663439094112067,9.472858470764416,"",9.41033811378308,"","",0.0042514488573583,2020,2024,2024,2024,high,1,0,0,-25,-21,2024,red_bean,108.1,"",0.6577554302779687,2005Q1-2012Q4,71.10336201304841,113.10353473221991,4.728303635792148,"",5.147225739049166,exact,TRUE,TRUE,TRUE,TRUE
red_bean,Red bean,팥,all,pulse,0,control_pool,2000,04_beans.xlsx,DT_1ET0025,팥,DT_1J49: 팥 | DT_1J60: 팥,팥,종합 (see Yearbook 2025 pp.44–51),12043,94,11314,"","","","",9.39623885726048,4.543294782270004,9.3337961759031,"",9.39623885726048,"","",-0.0005672776392913,2020,2024,2024,2024,high,1,0,0,-24,-20,2024,red_bean,126.125,"",0.6577554302779687,2005Q1-2012Q4,82.9594036438088,126.49577306494903,4.840208893102966,"",5.259130996359984,exact,TRUE,TRUE,TRUE,TRUE
red_bean,Red bean,팥,all,pulse,0,control_pool,2001,04_beans.xlsx,DT_1ET0025,팥,DT_1J49: 팥 | DT_1J60: 팥,팥,종합 (see Yearbook 2025 pp.44–51),10751,98,10578,"","","","",9.282754052485227,4.584967478670572,9.266531651625924,"",9.282754052485227,"","",0.0039803064582173,2020,2024,2024,2024,high,1,0,0,-23,-19,2024,red_bean,104.525,"",0.6577554302779687,2005Q1-2012Q4,68.75188634980468,100.95960627720208,4.614720498995304,"",5.03364260225232,exact,TRUE,TRUE,TRUE,TRUE
red_bean,Red bean,팥,all,pulse,0,control_pool,2002,04_beans.xlsx,DT_1ET0025,팥,DT_1J49: 팥 | DT_1J60: 팥,팥,종합 (see Yearbook 2025 pp.44–51),7661,97,7455,"","","","",8.94389780251682,4.574710978503383,8.916640227198839,"",8.94389780251682,"","",0.0032016321667267,2020,2024,2024,2024,high,1,0,0,-22,-18,2024,red_bean,94.025,"",0.6577554302779687,2005Q1-2012Q4,61.845454331886,87.82673818288086,4.475365989392204,"",4.894288092649221,exact,TRUE,TRUE,TRUE,TRUE
red_bean,Red bean,팥,all,pulse,0,control_pool,2003,04_beans.xlsx,DT_1ET0025,팥,DT_1J49: 팥 | DT_1J60: 팥,팥,종합 (see Yearbook 2025 pp.44–51),6876,93,6424,"","","","",8.83579236650274,4.532599493153256,8.767796255626598,"",8.83579236650274,"","",0.0045745819586926,2020,2024,2024,2024,high,1,0,0,-21,-17,2024,red_bean,126,"",0.6577554302779687,2005Q1-2012Q4,82.87718421502406,110.6131964955612,4.70603939929021,"",5.124961502547228,exact,TRUE,TRUE,TRUE,TRUE
red_bean,Red bean,팥,all,pulse,0,control_pool,2004,04_beans.xlsx,DT_1ET0025,팥,DT_1J49: 팥 | DT_1J60: 팥,팥,종합 (see Yearbook 2025 pp.44–51),6863,116,7968,"","","","",8.833899942908635,4.7535901911063645,8.983188799264434,"",8.833899942908635,"","",0.0008688512375272,2020,2024,2024,2024,high,1,0,0,-20,-16,2024,red_bean,128.325,"",0.6577554302779687,2005Q1-2012Q4,84.40646559042034,110.73737773751304,4.707161431662707,"",5.126083534919724,exact,TRUE,TRUE,TRUE,TRUE
red_bean,Red bean,팥,all,pulse,0,control_pool,2005,04_beans.xlsx,DT_1ET0025,팥,DT_1J49: 팥 | DT_1J60: 팥,팥,종합 (see Yearbook 2025 pp.44–51),5077,110,5575,"","","","",8.532475814947395,4.700480365792417,8.62604759632832,"",8.532475814947395,"","",-0.0017383984233987,2020,2024,2024,2024,high,1,0,0,-19,-15,2024,red_bean,100.85,65.875,0.6577554302779687,2005Q1-2012Q4,65.875,91.39574633601416,4.515198938383851,4.515198938383851,4.94106232310849,exact,TRUE,TRUE,TRUE,TRUE
red_bean,Red bean,팥,all,pulse,0,control_pool,2006,04_beans.xlsx,DT_1ET0025,팥,DT_1J49: 팥 | DT_1J60: 팥,팥,종합 (see Yearbook 2025 pp.44–51),4242,116,4923,"","","","",8.352790135124629,4.7535901911063645,8.5016733797582,"",8.352790135124629,"","",0.0004632395152999,2020,2024,2024,2024,high,1,0,0,-18,-14,2024,red_bean,101.425,66.275,0.6577554302779687,2005Q1-2012Q4,66.275,93.72497137599936,4.540364657217815,4.540364657217815,4.965868056903923,exact,TRUE,TRUE,TRUE,TRUE
red_bean,Red bean,팥,all,pulse,0,control_pool,2007,04_beans.xlsx,DT_1ET0025,팥,DT_1J49: 팥 | DT_1J60: 팥,팥,종합 (see Yearbook 2025 pp.44–51),4775,113,5405,"","","","",8.471149252914831,4.727387818712341,8.595079730073309,"",8.471149252914831,"","",0.0017128444342286,2020,2024,2024,2024,high,1,0,0,-17,-13,2024,red_bean,121.75,79.525,0.6577554302779687,2005Q1-2012Q4,79.525,110.3811191823442,4.703939097318027,4.703939097318027,5.129843641938592,exact,TRUE,TRUE,TRUE,TRUE
red_bean,Red bean,팥,all,pulse,0,control_pool,2008,04_beans.xlsx,DT_1ET0025,팥,DT_1J49: 팥 | DT_1J60: 팥,팥,종합 (see Yearbook 2025 pp.44–51),5193,115,5995,"","","","",8.555066843844319,4.74493212836325,8.698681067461614,"",8.555066843844319,"","",0.0038522812421355,2020,2024,2024,2024,high,1,0,0,-16,-12,2024,red_bean,156.4,102.17500000000001,0.6577554302779687,2005Q1-2012Q4,102.175,142.68227094317837,4.960620276702535,4.960620276702535,5.386347692562457,exact,TRUE,TRUE,TRUE,TRUE
red_bean,Red bean,팥,all,pulse,0,control_pool,2009,04_beans.xlsx,DT_1ET0025,팥,DT_1J49: 팥 | DT_1J60: 팥,팥,종합 (see Yearbook 2025 pp.44–51),4894,119,5814,"","","","",8.495765244002618,4.77912349311153,8.668024081118821,"",8.495765244002618,"","",-0.0016944700072336,2020,2024,2024,2024,high,1,0,0,-15,-11,2024,red_bean,111.675,72.95,0.6577554302779687,2005Q1-2012Q4,72.95,101.9298214299595,4.624284551289839,4.624284551289839,5.0501015936575975,exact,TRUE,TRUE,TRUE,TRUE
red_bean,Red bean,팥,all,pulse,0,control_pool,2010,04_beans.xlsx,DT_1ET0025,팥,DT_1J49: 팥 | DT_1J60: 팥,팥,종합 (see Yearbook 2025 pp.44–51),4238,108,4561,"","","","",8.351846738828245,4.68213122712422,8.4252971767117,"",8.351846738828245,"","",-0.003510603252673,2020,2024,2024,2024,high,1,0,0,-14,-10,2024,red_bean,128.35,83.825,0.6577554302779687,2005Q1-2012Q4,83.825,109.7028740873848,4.697775566458355,4.697775566458355,5.122898635427358,exact,TRUE,TRUE,TRUE,TRUE
red_bean,Red bean,팥,all,pulse,0,control_pool,2011,04_beans.xlsx,DT_1ET0025,팥,DT_1J49: 팥 | DT_1J60: 팥,팥,종합 (see Yearbook 2025 pp.44–51),3650,107,3896,"","","","",8.202482446576537,4.672828834461906,8.267705664762426,"",8.202482446576537,"","",-0.0024354302879263,2020,2024,2024,2024,high,1,0,0,-13,-9,2024,red_bean,204.95,137.175,0.6577554302779687,2005Q1-2012Q4,137.175,167.53270979908388,5.121178614582589,5.121178614582589,5.522648583262004,exact,TRUE,TRUE,TRUE,TRUE
red_bean,Red bean,팥,all,pulse,0,control_pool,2012,04_beans.xlsx,DT_1ET0025,팥,DT_1J49: 팥 | DT_1J60: 팥,팥,종합 (see Yearbook 2025 pp.44–51),4585,100,4563,"","","","",8.430545384690566,4.605170185988092,8.425735580927402,"",8.430545384690566,"","",-0.0048098037631643,2020,2024,2024,2024,high,1,0,0,-12,-8,2024,red_bean,243.125,162.175,0.6577554302779687,2005Q1-2012Q4,162.175,184.61531914821003,5.218274304260575,5.218274304260575,5.623412692363721,exact,TRUE,TRUE,TRUE,TRUE
red_bean,Red bean,팥,all,pulse,0,control_pool,2013,04_beans.xlsx,DT_1ET0025,팥,DT_1J49: 팥 | DT_1J60: 팥,팥,종합 (see Yearbook 2025 pp.44–51),7110,107,7628,"","","","",8.869257522797287,4.672828834461906,8.93958096672031,"",8.869257522797287,"","",0.0026647954492098,2020,2024,2024,2024,high,1,0,0,-11,-7,2024,red_bean,"",177.1,0.6577554302779687,2005Q1-2012Q4,177.1,206.15918840427767,5.328648629608953,5.328648629608953,"",exact,TRUE,TRUE,TRUE,TRUE
red_bean,Red bean,팥,all,pulse,0,control_pool,2014,04_beans.xlsx,DT_1ET0025,팥,DT_1J49: 팥 | DT_1J60: 팥,팥,종합 (see Yearbook 2025 pp.44–51),6004,120,7205,"","","","",8.700181192753353,4.787491742782046,8.882530508433623,"",8.700181192753353,"","",0.00002775888631667556,2020,2024,2024,2024,high,1,0,0,-10,-6,2024,red_bean,"",102.975,0.6577554302779687,2005Q1-2012Q4,102.975,122.83938895099077,4.810877721211428,4.810877721211428,"",exact,TRUE,TRUE,TRUE,TRUE
red_bean,Red bean,팥,all,pulse,0,control_pool,2015,04_beans.xlsx,DT_1ET0025,팥,DT_1J49: 팥 | DT_1J60: 팥,팥,종합 (see Yearbook 2025 pp.44–51),4883,109,5335,"","","","",8.49351506406166,4.691347882229144,8.582044163735853,"",8.49351506406166,"","",0.0023514034331402,2020,2024,2024,2024,high,1,0,0,-9,-5,2024,red_bean,"",72.925,0.6577554302779687,2005Q1-2012Q4,72.925,85.50954697145757,4.448628030194031,4.448628030194031,"",exact,TRUE,TRUE,TRUE,TRUE
red_bean,Red bean,팥,all,pulse,0,control_pool,2016,04_beans.xlsx,DT_1ET0025,팥,DT_1J49: 팥 | DT_1J60: 팥,팥,종합 (see Yearbook 2025 pp.44–51),3505,115,4028,"","","","",8.16194579946869,4.74493212836325,8.301025253838453,"",8.16194579946869,"","",-0.0006824880053954,2020,2024,2024,2024,high,1,0,0,-8,-4,2024,red_bean,"",88.575,0.6577554302779687,2005Q1-2012Q4,88.575,102.29419254131652,4.627852902444079,4.627852902444079,"",exact,TRUE,TRUE,TRUE,TRUE
red_bean,Red bean,팥,all,pulse,0,control_pool,2017,04_beans.xlsx,DT_1ET0025,팥,DT_1J49: 팥 | DT_1J60: 팥,팥,종합 (see Yearbook 2025 pp.44–51),4386,114,5001,"","","","",8.386172928977834,4.736198448394496,8.517393171418904,"",8.386172928977834,"","",0.0001919800346659,2020,2024,2024,2024,high,1,0,0,-7,-3,2024,red_bean,"",147.15,0.6577554302779687,2005Q1-2012Q4,147.15,158.8938162682704,5.068236156915512,5.068236156915512,"",exact,TRUE,TRUE,TRUE,TRUE
red_bean,Red bean,팥,all,pulse,0,control_pool,2018,04_beans.xlsx,DT_1ET0025,팥,DT_1J49: 팥 | DT_1J60: 팥,팥,종합 (see Yearbook 2025 pp.44–51),4775,118,5640,"","","","",8.471149252914831,4.770684624465665,8.637639344492104,"",8.471149252914831,"","",0.0009756530997009,2020,2024,2024,2024,high,1,0,0,-6,-2,2024,red_bean,"",107.72500000000001,0.6577554302779687,2005Q1-2012Q4,107.725,116.78156765595548,4.76030524677587,4.76030524677587,"",exact,TRUE,TRUE,TRUE,TRUE
red_bean,Red bean,팥,all,pulse,0,control_pool,2019,04_beans.xlsx,DT_1ET0025,팥,DT_1J49: 팥 | DT_1J60: 팥,팥,종합 (see Yearbook 2025 pp.44–51),5893,121,7102,"","","","",8.681520484837913,4.795790545596741,8.868131713503033,"",8.681520484837913,"","",-0.0040091309435297,2020,2024,2024,2024,high,1,0,0,-5,-1,2024,red_bean,"",145.35,0.6577554302779687,2005Q1-2012Q4,145.35,156.84314532090912,5.055246231551719,5.055246231551719,"",exact,TRUE,TRUE,TRUE,TRUE
red_bean,Red bean,팥,all,pulse,0,control_pool,2020,04_beans.xlsx,DT_1ET0025,팥,DT_1J49: 팥 | DT_1J60: 팥,팥,종합 (see Yearbook 2025 pp.44–51),4931,118,5809,"","","","",8.503297086224126,4.770684624465665,8.667163717992533,"",8.503297086224126,"","",-0.0016478067091654,2020,2024,2024,2024,high,0,1,0,-4,0,2024,red_bean,"",100,0.6577554302779687,2005Q1-2012Q4,100,99.81918504070734,4.603360399719489,4.603360399719489,"",exact,TRUE,TRUE,TRUE,TRUE
red_bean,Red bean,팥,all,pulse,0,control_pool,2021,04_beans.xlsx,DT_1ET0025,팥,DT_1J49: 팥 | DT_1J60: 팥,팥,종합 (see Yearbook 2025 pp.44–51),4318,125,5398,"","","","",8.370547611074752,4.8283137373023015,8.59378379357795,"",8.370547611074752,"","",0.00009263118898772404,2020,2024,2024,2024,high,0,1,0,-3,1,2024,red_bean,"",187.175,0.6577554302779687,2005Q1-2012Q4,187.175,164.9368271962985,5.105562535111902,5.105562535111902,"",exact,TRUE,TRUE,TRUE,TRUE
red_bean,Red bean,팥,all,pulse,0,control_pool,2022,04_beans.xlsx,DT_1ET0025,팥,DT_1J49: 팥 | DT_1J60: 팥,팥,종합 (see Yearbook 2025 pp.44–51),3834,146,5581,"","","","",8.251663923605589,4.983606621708336,8.627123250788433,"",8.251663923605589,"","",-0.0029771085374026,2020,2024,2024,2024,high,0,1,0,-2,2,2024,red_bean,"",130.8,0.6577554302779687,2005Q1-2012Q4,130.8,118.91128635275352,4.7783777222595605,4.7783777222595605,"",exact,TRUE,TRUE,TRUE,TRUE
red_bean,Red bean,팥,all,pulse,0,control_pool,2023,04_beans.xlsx,DT_1ET0025,팥,DT_1J49: 팥 | DT_1J60: 팥,팥,종합 (see Yearbook 2025 pp.44–51),3690,142,5256,"","","","",8.213381737034572,4.955827057601261,8.567125560164447,"",8.213381737034572,"","",0.0030869515167051,2020,2024,2024,2024,high,0,1,0,-1,3,2024,red_bean,"",179.225,0.6577554302779687,2005Q1-2012Q4,179.225,164.10321500557205,5.100495589650455,5.100495589650455,"",exact,TRUE,TRUE,TRUE,TRUE
red_bean,Red bean,팥,all,pulse,0,control_pool,2024,04_beans.xlsx,DT_1ET0025,팥,DT_1J49: 팥 | DT_1J60: 팥,팥,종합 (see Yearbook 2025 pp.44–51),4432,140,6219,"","","","",8.39660622842712,4.941642422609304,8.735364401103888,"",8.39660622842712,"","",0.0022859360555553,2020,2024,2024,2024,high,0,0,1,0,4,2024,red_bean,"",158.45,0.6577554302779687,2005Q1-2012Q4,158.45,134.7063705265916,4.903097376482034,4.903097376482034,"",exact,TRUE,TRUE,TRUE,TRUE
red_pepper,Red pepper,고추,open-field (dried),vegetable,0,baseline_treated,1980,10_vegetables_spices.xls,DT_1ET0291,건고추,DT_1J49: 건고추 | DT_1J60: 건고추,고추,종합 (see Yearbook 2025 pp.44–51),132703,94,125055.4,"","","","",11.795868827449835,4.543294782270004,11.736512118100327,"",11.795868827449835,"","",0.0025186943685788,2008,2015,2014,2015,high,1,0,0,-35,-28,2015,red_pepper,81.2,"",0.5247518343666936,2005Q1-2012Q4,42.60984895057552,191.65888011389495,5.255717125811281,"",5.900546950402371,exact,FALSE,TRUE,TRUE,FALSE
red_pepper,Red pepper,고추,open-field (dried),vegetable,0,baseline_treated,1981,10_vegetables_spices.xls,DT_1ET0291,건고추,DT_1J49: 건고추 | DT_1J60: 건고추,고추,종합 (see Yearbook 2025 pp.44–51),151037,91,137575,"","","","",11.925280118893934,4.51085950651685,11.83192450192796,"",11.925280118893934,"","",0.0009550625052661,2008,2015,2014,2015,high,1,0,0,-34,-27,2015,red_pepper,57.5,"",0.5247518343666936,2005Q1-2012Q4,30.17323047608488,104.32944048404865,4.64755358952146,"",5.292383414112551,exact,FALSE,TRUE,TRUE,FALSE
red_pepper,Red pepper,고추,open-field (dried),vegetable,0,baseline_treated,1982,10_vegetables_spices.xls,DT_1ET0291,건고추,DT_1J49: 건고추 | DT_1J60: 건고추,고추,종합 (see Yearbook 2025 pp.44–51),113368,115,130465,"","","","",11.638394443504708,4.74493212836325,11.778860270539322,"",11.638394443504708,"","",0.0007038846594564,2008,2015,2014,2015,high,1,0,0,-33,-26,2015,red_pepper,51.725,"",0.5247518343666936,2005Q1-2012Q4,27.142788632617226,87.69788412042986,4.473897772752199,"",5.118727597343289,exact,FALSE,TRUE,TRUE,FALSE
red_pepper,Red pepper,고추,open-field (dried),vegetable,0,baseline_treated,1983,10_vegetables_spices.xls,DT_1ET0291,건고추,DT_1J49: 건고추 | DT_1J60: 건고추,고추,종합 (see Yearbook 2025 pp.44–51),122188,159,194184,"","","","",11.71331612122506,5.068904202220232,12.176561442155784,"",11.71331612122506,"","",-0.0004886953014153,2008,2015,2014,2015,high,1,0,0,-32,-25,2015,red_pepper,45.35,"",0.5247518343666936,2005Q1-2012Q4,23.797495688529555,74.68701202165389,4.313306208503199,"",4.958136033094289,exact,FALSE,TRUE,TRUE,FALSE
red_pepper,Red pepper,고추,open-field (dried),vegetable,0,baseline_treated,1984,10_vegetables_spices.xls,DT_1ET0291,건고추,DT_1J49: 건고추 | DT_1J60: 건고추,고추,종합 (see Yearbook 2025 pp.44–51),99796,117,116910,"","","","",11.510883381336004,4.762173934797756,11.669159687000864,"",11.510883381336004,"","",0.001272556855195,2008,2015,2014,2015,high,1,0,0,-31,-24,2015,red_pepper,63.775,"",0.5247518343666936,2005Q1-2012Q4,33.46604823673589,107.47492451842764,4.677257560064607,"",5.322087384655697,exact,FALSE,TRUE,TRUE,FALSE
red_pepper,Red pepper,고추,open-field (dried),vegetable,0,baseline_treated,1985,10_vegetables_spices.xls,DT_1ET0291,건고추,DT_1J49: 건고추 | DT_1J60: 건고추,고추,종합 (see Yearbook 2025 pp.44–51),117877,140,165277,"","","","",11.677396986918012,4.941642422609304,12.015378133172277,"",11.677396986918012,"","",0.0015089096330527,2008,2015,2014,2015,high,1,0,0,-30,-23,2015,red_pepper,94.8,"",0.5247518343666936,2005Q1-2012Q4,49.74647389796255,154.12394327887648,5.037757105200673,"",5.682586929791763,exact,FALSE,TRUE,TRUE,FALSE
red_pepper,Red pepper,고추,open-field (dried),vegetable,0,baseline_treated,1986,10_vegetables_spices.xls,DT_1ET0291,건고추,DT_1J49: 건고추 | DT_1J60: 건고추,고추,종합 (see Yearbook 2025 pp.44–51),128963,153,197804,"","","","",11.76728082049717,5.030437921392435,12.195031920413197,"",11.76728082049717,"","",0.0024833645116792,2008,2015,2014,2015,high,1,0,0,-29,-22,2015,red_pepper,64.7,"",0.5247518343666936,2005Q1-2012Q4,33.95144368352508,108.95740044463622,4.690956984229633,"",5.335786808820723,exact,FALSE,TRUE,TRUE,FALSE
red_pepper,Red pepper,고추,open-field (dried),vegetable,0,baseline_treated,1987,10_vegetables_spices.xls,DT_1ET0291,건고추,DT_1J49: 건고추 | DT_1J60: 건고추,고추,종합 (see Yearbook 2025 pp.44–51),88975,155,137924,"","","","",11.396110710378393,5.043425116919247,11.834458087797149,"",11.396110710378393,"","",0.0000924464875975417,2008,2015,2014,2015,high,1,0,0,-28,-21,2015,red_pepper,56.25,"",0.5247518343666936,2005Q1-2012Q4,29.517290683126514,92.09406433149027,4.522810493100684,"",5.167640317691774,exact,FALSE,TRUE,TRUE,FALSE
red_pepper,Red pepper,고추,open-field (dried),vegetable,0,baseline_treated,1988,10_vegetables_spices.xls,DT_1ET0291,건고추,DT_1J49: 건고추 | DT_1J60: 건고추,고추,종합 (see Yearbook 2025 pp.44–51),97406,215,208973,"","","","",11.486643089376036,5.3706380281276624,12.24996033599877,"",11.486643089376036,"","",-0.0021505955168343,2008,2015,2014,2015,high,1,0,0,-27,-20,2015,red_pepper,65.5,"",0.5247518343666936,2005Q1-2012Q4,34.37124515101843,94.50352174869448,4.5486371009872455,"",5.193466925578335,exact,FALSE,TRUE,TRUE,FALSE
red_pepper,Red pepper,고추,open-field (dried),vegetable,0,baseline_treated,1989,10_vegetables_spices.xls,DT_1ET0291,건고추,DT_1J49: 건고추 | DT_1J60: 건고추,고추,종합 (see Yearbook 2025 pp.44–51),71672,207,148683,"","","","",11.179855434277414,5.332718793265369,11.909571801770175,"",11.179855434277414,"","",0.0021677602154834,2008,2015,2014,2015,high,1,0,0,-26,-19,2015,red_pepper,30.5,"",0.5247518343666936,2005Q1-2012Q4,16.004930948184153,41.745051216220176,3.731580910527956,"",4.3764107351190455,exact,FALSE,TRUE,TRUE,FALSE
red_pepper,Red pepper,고추,open-field (dried),vegetable,0,baseline_treated,1990,10_vegetables_spices.xls,DT_1ET0291,건고추,DT_1J49: 건고추 | DT_1J60: 건고추,고추,종합 (see Yearbook 2025 pp.44–51),62759,212,132748,"","","","",11.047057273004285,5.356586274672012,11.79620787307732,"",11.047057273004285,"","",-0.0022654886108828,2008,2015,2014,2015,high,1,0,0,-25,-18,2015,red_pepper,53.175,"",0.5247518343666936,2005Q1-2012Q4,27.90367879244893,64.68903795340788,4.16959175830221,"",4.8144215828933,exact,FALSE,TRUE,TRUE,FALSE
red_pepper,Red pepper,고추,open-field (dried),vegetable,0,baseline_treated,1991,10_vegetables_spices.xls,DT_1ET0291,건고추,DT_1J49: 건고추 | DT_1J60: 건고추,고추,종합 (see Yearbook 2025 pp.44–51),70919,199,141320,"","","","",11.169293659693922,5.293304824724492,11.858782101473082,"",11.169293659693922,"","",0.0013538030427593,2008,2015,2014,2015,high,1,0,0,-24,-17,2015,red_pepper,84.80000000000001,"",0.5247518343666936,2005Q1-2012Q4,44.49895555429562,94.89900194123844,4.552813188608402,"",5.197643013199492,exact,FALSE,TRUE,TRUE,FALSE
red_pepper,Red pepper,고추,open-field (dried),vegetable,0,baseline_treated,1992,10_vegetables_spices.xls,DT_1ET0291,건고추,DT_1J49: 건고추 | DT_1J60: 건고추,고추,종합 (see Yearbook 2025 pp.44–51),77178,223,171790,"","","","",11.25386972130677,5.407171771460119,12.05402807962049,"",11.25386972130677,"","",-0.0018432271583073,2008,2015,2014,2015,high,1,0,0,-23,-16,2015,red_pepper,107.675,"",0.5247518343666936,2005Q1-2012Q4,56.502653765433735,115.13037843205312,4.74606521167794,"",5.39089503626903,exact,FALSE,TRUE,TRUE,FALSE
red_pepper,Red pepper,고추,open-field (dried),vegetable,0,baseline_treated,1993,10_vegetables_spices.xls,DT_1ET0291,건고추,DT_1J49: 건고추 | DT_1J60: 건고추,고추,종합 (see Yearbook 2025 pp.44–51),85221,219,187043,"","","","",11.35300316131972,5.389071729816501,12.139093815927138,"",11.35300316131972,"","",0.0021891107790086,2008,2015,2014,2015,high,1,0,0,-22,-15,2015,red_pepper,102.8,"",0.5247518343666936,2005Q1-2012Q4,53.944488572896105,111.45064921580526,4.713581884990374,"",5.358411709581464,exact,FALSE,TRUE,TRUE,FALSE
red_pepper,Red pepper,고추,open-field (dried),vegetable,0,baseline_treated,1994,10_vegetables_spices.xls,DT_1ET0291,건고추,DT_1J49: 건고추 | DT_1J60: 건고추,고추,종합 (see Yearbook 2025 pp.44–51),88871,198,176269,"","","","",11.394941159060346,5.288267030694535,12.0797665162828,"",11.394941159060346,"","",0.0017285125160082,2008,2015,2014,2015,high,1,0,0,-21,-14,2015,red_pepper,94.375,"",0.5247518343666936,2005Q1-2012Q4,49.52345436835671,94.61022995350314,4.549765609254601,"",5.1945954338456914,exact,FALSE,TRUE,TRUE,FALSE
red_pepper,Red pepper,고추,open-field (dried),vegetable,0,baseline_treated,1995,10_vegetables_spices.xls,DT_1ET0291,건고추,DT_1J49: 건고추 | DT_1J60: 건고추,고추,종합 (see Yearbook 2025 pp.44–51),87469,221,193331,"","","","",11.37903972385741,5.3981627015177525,12.172159024816144,"",11.37903972385741,"","",0.0001267854290745,2008,2015,2014,2015,high,1,0,0,-20,-13,2015,red_pepper,114.6,"",0.5247518343666936,2005Q1-2012Q4,60.136560218423085,103.39009999590338,4.63850921277004,"",5.28333903736113,exact,FALSE,TRUE,TRUE,FALSE
red_pepper,Red pepper,고추,open-field (dried),vegetable,0,baseline_treated,1996,10_vegetables_spices.xls,DT_1ET0291,건고추,DT_1J49: 건고추 | DT_1J60: 건고추,고추,종합 (see Yearbook 2025 pp.44–51),90762,241,218462,"","","","",11.415995974790254,5.484796933490655,12.294367365349675,"",11.415995974790254,"","",-0.0012553569431403,2008,2015,2014,2015,high,1,0,0,-19,-12,2015,red_pepper,116.975,"",0.5247518343666936,2005Q1-2012Q4,61.38284582504398,100.63457886924118,4.611495924939681,"",5.256325749530771,exact,FALSE,TRUE,TRUE,FALSE
red_pepper,Red pepper,고추,open-field (dried),vegetable,0,baseline_treated,1997,10_vegetables_spices.xls,DT_1ET0291,건고추,DT_1J49: 건고추 | DT_1J60: 건고추,고추,종합 (see Yearbook 2025 pp.44–51),77549,259,200705,"","","","",11.258665273615032,5.556828061699537,12.209591447279292,"",11.258665273615032,"","",-0.0007317020471866,2008,2015,2014,2015,high,1,0,0,-18,-11,2015,red_pepper,91.85,"",0.5247518343666936,2005Q1-2012Q4,48.19845598658081,81.21769654280217,4.397133161141896,"",5.041962985732986,exact,FALSE,TRUE,TRUE,FALSE
red_pepper,Red pepper,고추,open-field (dried),vegetable,0,baseline_treated,1998,10_vegetables_spices.xls,DT_1ET0291,건고추,DT_1J49: 건고추 | DT_1J60: 건고추,고추,종합 (see Yearbook 2025 pp.44–51),65344,224,146640,"","","","",11.087420901524338,5.41164605185504,11.895735882513586,"",11.087420901524338,"","",0.0018391151222996,2008,2015,2014,2015,high,1,0,0,-17,-10,2015,red_pepper,106.05000000000001,"",0.5247518343666936,2005Q1-2012Q4,55.649932034587856,94.3465857982984,4.546975084602295,"",5.191804909193385,exact,FALSE,TRUE,TRUE,FALSE
red_pepper,Red pepper,고추,open-field (dried),vegetable,0,baseline_treated,1999,10_vegetables_spices.xls,DT_1ET0291,건고추,DT_1J49: 건고추 | DT_1J60: 건고추,고추,종합 (see Yearbook 2025 pp.44–51),75574,285,215382,"","","","",11.232867587671263,5.652489180268651,12.280168474753028,"",11.232867587671263,"","",-0.000018107198796357693,2008,2015,2014,2015,high,1,0,0,-16,-9,2015,red_pepper,115.475,"",0.5247518343666936,2005Q1-2012Q4,60.59571807349394,96.63191129392882,4.570909031324338,"",5.215738855915427,exact,FALSE,TRUE,TRUE,FALSE
red_pepper,Red pepper,고추,open-field (dried),vegetable,0,baseline_treated,2000,10_vegetables_spices.xls,DT_1ET0291,건고추,DT_1J49: 건고추 | DT_1J60: 건고추,고추,종합 (see Yearbook 2025 pp.44–51),74471,260,193786,"","","","",11.218165066840664,5.560681631015528,12.174509736407323,"",11.218165066840664,"","",0.0008332245392246,2008,2015,2014,2015,high,1,0,0,-15,-8,2015,red_pepper,103.9,"",0.5247518343666936,2005Q1-2012Q4,54.521715590699465,83.28369161134262,4.422252751030113,"",5.067082575621203,exact,FALSE,TRUE,TRUE,FALSE
red_pepper,Red pepper,고추,open-field (dried),vegetable,0,baseline_treated,2001,10_vegetables_spices.xls,DT_1ET0291,건고추,DT_1J49: 건고추 | DT_1J60: 건고추,고추,종합 (see Yearbook 2025 pp.44–51),70736,255,180120,"","","","",11.166709916066024,5.541263545158426,12.101378574415508,"",11.166709916066024,"","",-0.0014247008208521,2008,2015,2014,2015,high,1,0,0,-14,-7,2015,red_pepper,120.8,"",0.5247518343666936,2005Q1-2012Q4,63.39002159149659,93.03234053783564,4.532947180421695,"",5.177777005012785,exact,FALSE,TRUE,TRUE,FALSE
red_pepper,Red pepper,고추,open-field (dried),vegetable,0,baseline_treated,2002,10_vegetables_spices.xls,DT_1ET0291,건고추,DT_1J49: 건고추 | DT_1J60: 건고추,고추,종합 (see Yearbook 2025 pp.44–51),72104,267,192753,"","","","",11.185864800236246,5.58724865840025,12.16916485550679,"",11.185864800236246,"","",0.0012215828583848,2008,2015,2014,2015,high,1,0,0,-13,-6,2015,red_pepper,91.575,"",0.5247518343666936,2005Q1-2012Q4,48.054149232129966,68.2343406385128,4.22294796654546,"",4.86777779113655,exact,FALSE,TRUE,TRUE,FALSE
red_pepper,Red pepper,고추,open-field (dried),vegetable,0,baseline_treated,2003,10_vegetables_spices.xls,DT_1ET0291,건고추,DT_1J49: 건고추 | DT_1J60: 건고추,고추,종합 (see Yearbook 2025 pp.44–51),57502,230,132010,"","","","",10.959575008789235,5.438079308923196,11.790632956274806,"",10.959575008789235,"","",-0.0018511754495342,2008,2015,2014,2015,high,1,0,0,-12,-5,2015,red_pepper,104.075,"",0.5247518343666936,2005Q1-2012Q4,54.61354716171363,72.68467918784161,4.286130622135888,"",4.930960446726978,exact,FALSE,TRUE,TRUE,FALSE
red_pepper,Red pepper,고추,open-field (dried),vegetable,0,baseline_treated,2004,10_vegetables_spices.xls,DT_1ET0291,건고추,DT_1J49: 건고추 | DT_1J60: 건고추,고추,종합 (see Yearbook 2025 pp.44–51),61894,250,154962,"","","","",11.0331785234415,5.521460917862246,11.95093520455412,"",11.0331785234415,"","",0.0014659492384616,2008,2015,2014,2015,high,1,0,0,-11,-4,2015,red_pepper,116.825,"",0.5247518343666936,2005Q1-2012Q4,61.304133049888975,80.60404373381249,4.3895488186487865,"",5.034378643239877,exact,FALSE,TRUE,TRUE,FALSE
red_pepper,Red pepper,고추,open-field (dried),vegetable,0,baseline_treated,2005,10_vegetables_spices.xls,DT_1ET0291,건고추,DT_1J49: 건고추 | DT_1J60: 건고추,고추,종합 (see Yearbook 2025 pp.44–51),61299,263,161380,"","","","",11.023518808577538,5.572154032177765,11.991517111402498,"",11.023518808577538,"","",0.0010144566352874,2008,2015,2014,2015,high,1,0,0,-10,-3,2015,red_pepper,108.025,57.025000000000006,0.5247518343666936,2005Q1-2012Q4,57.025000000000006,78.8902694477523,4.368057892587949,4.368057892587949,5.006930988525964,exact,FALSE,TRUE,TRUE,FALSE
red_pepper,Red pepper,고추,open-field (dried),vegetable,0,baseline_treated,2006,10_vegetables_spices.xls,DT_1ET0291,건고추,DT_1J49: 건고추 | DT_1J60: 건고추,고추,종합 (see Yearbook 2025 pp.44–51),53097,220,116914,"","","","",10.879875708458863,5.393627546352362,11.669193900768487,"",10.879875708458863,"","",0.0008608319453529,2008,2015,2014,2015,high,1,0,0,-9,-2,2015,red_pepper,117.225,61.875,0.5247518343666936,2005Q1-2012Q4,61.875,87.49392208243107,4.471569329035905,4.471569329035905,5.110546636396394,exact,FALSE,TRUE,TRUE,FALSE
red_pepper,Red pepper,고추,open-field (dried),vegetable,0,baseline_treated,2007,10_vegetables_spices.xls,DT_1ET0291,건고추,DT_1J49: 건고추 | DT_1J60: 건고추,고추,종합 (see Yearbook 2025 pp.44–51),54876,292.29124,160397.73948,"","","","",10.912831373446055,5.677750702458399,11.985411881297788,"",10.912831373446055,"","",-8.618574298679961e-9,2008,2015,2014,2015,high,1,0,0,-8,-1,2015,red_pepper,117.975,62.275,0.5247518343666936,2005Q1-2012Q4,62.275,86.24478294477126,4.457189566485166,4.457189566485166,5.09612282249012,exact,FALSE,TRUE,TRUE,FALSE
red_pepper,Red pepper,고추,open-field (dried),vegetable,0,baseline_treated,2008,10_vegetables_spices.xls,DT_1ET0291,건고추,DT_1J49: 건고추 | DT_1J60: 건고추,고추,종합 (see Yearbook 2025 pp.44–51),48825,252.9626,123509.00139,"","","","",10.79599775574488,5.533241651713211,11.72406931814312,"",10.79599775574488,"","",9.667311928751589e-8,2008,2015,2014,2015,high,0,1,0,-7,0,2015,red_pepper,111.425,58.8,0.5247518343666936,2005Q1-2012Q4,58.8,82.40364769055586,4.411629704024893,4.411629704024893,5.050840748274131,exact,FALSE,TRUE,TRUE,FALSE
red_pepper,Red pepper,고추,open-field (dried),vegetable,0,baseline_treated,2009,10_vegetables_spices.xls,DT_1ET0291,건고추,DT_1J49: 건고추 | DT_1J60: 건고추,고추,종합 (see Yearbook 2025 pp.44–51),44817,261.78533,117324.32931,"","","","",10.710342810710427,5.567524816764443,11.672697424132322,"",10.710342810710427,"","",-1.7354457426677072e-8,2008,2015,2014,2015,high,0,1,0,-6,1,2015,red_pepper,131.10000000000002,69.2,0.5247518343666936,2005Q1-2012Q4,69.2,96.83885122009256,4.5730482693403935,4.5730482693403935,5.212010637912535,exact,FALSE,TRUE,TRUE,FALSE
red_pepper,Red pepper,고추,open-field (dried),vegetable,0,baseline_treated,2010,10_vegetables_spices.xls,DT_1ET0291,건고추,DT_1J49: 건고추 | DT_1J60: 건고추,고추,종합 (see Yearbook 2025 pp.44–51),44584,214,95391,"","","","",10.705130329249371,5.365976015021851,11.465739513363474,"",10.705130329249371,"","",-0.0001966449196579,2008,2015,2014,2015,high,0,1,0,-5,2,2015,red_pepper,138.45,73.025,0.5247518343666936,2005Q1-2012Q4,73.025,95.77271807374484,4.561977864395743,4.561977864395743,5.201688694986764,exact,FALSE,TRUE,TRUE,FALSE
red_pepper,Red pepper,고추,open-field (dried),vegetable,0,baseline_treated,2011,10_vegetables_spices.xls,DT_1ET0291,건고추,DT_1J49: 건고추 | DT_1J60: 건고추,고추,종합 (see Yearbook 2025 pp.44–51),42574,181.11952,77109.82388,"","","","",10.658999017292624,5.199157144834628,11.252985968814542,"",10.658999017292624,"","",-7.324617357085117e-9,2008,2015,2014,2015,high,0,1,0,-4,3,2015,red_pepper,225.55,111.8,0.5247518343666936,2005Q1-2012Q4,111.8,136.2702370583752,4.914639951382842,4.914639951382842,5.616023261902021,exact,FALSE,TRUE,TRUE,FALSE
red_pepper,Red pepper,고추,open-field (dried),vegetable,0,baseline_treated,2012,10_vegetables_spices.xls,DT_1ET0291,건고추,DT_1J49: 건고추 | DT_1J60: 건고추,고추,종합 (see Yearbook 2025 pp.44–51),45459,229.09822,104145.76134,"","","","",10.724566099804273,5.434150819896312,11.553546748213323,"",10.724566099804273,"","",1.4500830758379381e-8,2008,2015,2014,2015,high,0,1,0,-3,4,2015,red_pepper,254.375,134.375,0.5247518343666936,2005Q1-2012Q4,134.375,152.56072906941804,5.02756274018359,5.02756274018359,5.665807361664394,exact,FALSE,TRUE,TRUE,FALSE
red_pepper,Red pepper,고추,open-field (dried),vegetable,0,baseline_treated,2013,10_vegetables_spices.xls,DT_1ET0291,건고추,DT_1J49: 건고추 | DT_1J60: 건고추,고추,종합 (see Yearbook 2025 pp.44–51),45360,259.73503,117815.80759,"","","","",10.722385938401631,5.559661995979742,11.676877731264852,"",10.722385938401631,"","",-1.7128432006074945e-8,2008,2015,2014,2015,high,0,1,0,-2,5,2015,red_pepper,"",89.3,0.5247518343666936,2005Q1-2012Q4,89.3,103.71852552269694,4.641680744629356,4.641680744629356,"",exact,FALSE,TRUE,TRUE,FALSE
red_pepper,Red pepper,고추,open-field (dried),vegetable,0,baseline_treated,2014,10_vegetables_spices.xls,DT_1ET0291,건고추,DT_1J49: 건고추 | DT_1J60: 건고추,고추,종합 (see Yearbook 2025 pp.44–51),36120,235.51449,85067.83199,"","","","",10.494602007530922,5.461772440226082,11.35120424063284,"",10.494602007530922,"","",-2.1136074224159532e-8,2008,2015,2014,2015,high,0,1,0,-1,6,2015,red_pepper,"",71.675,0.5247518343666936,2005Q1-2012Q4,71.675,85.54043150688176,4.448989147290152,4.448989147290152,"",exact,FALSE,TRUE,TRUE,FALSE
red_pepper,Red pepper,고추,open-field (dried),vegetable,0,baseline_treated,2015,10_vegetables_spices.xls,DT_1ET0291,건고추,DT_1J49: 건고추 | DT_1J60: 건고추,고추,종합 (see Yearbook 2025 pp.44–51),34514,283.06432,97696.81995,"","","","",10.449120317807523,5.645674150971187,11.48962428837115,"",10.449120317807523,"","",5.580529816029411e-9,2008,2015,2014,2015,high,0,0,1,0,7,2015,red_pepper,"",75.425,0.5247518343666936,2005Q1-2012Q4,75.425,88.8004946874398,4.48639222078711,4.48639222078711,"",exact,FALSE,TRUE,TRUE,FALSE
red_pepper,Red pepper,고추,open-field (dried),vegetable,0,baseline_treated,2016,10_vegetables_spices.xls,DT_1ET0291,건고추,DT_1J49: 건고추 | DT_1J60: 건고추,고추,종합 (see Yearbook 2025 pp.44–51),32181,265.55682,85458.84,"","","","",10.37913149526554,5.5818288290842775,11.35579013550421,"",10.37913149526554,"","",-2.85751511341914e-9,2008,2015,2014,2015,high,0,0,1,1,8,2015,red_pepper,"",57.474999999999994,0.5247518343666936,2005Q1-2012Q4,57.475,66.42072035082803,4.196009061280154,4.196009061280154,"",exact,FALSE,TRUE,TRUE,FALSE
red_pepper,Red pepper,고추,open-field (dried),vegetable,0,baseline_treated,2017,10_vegetables_spices.xls,DT_1ET0291,건고추,DT_1J49: 건고추 | DT_1J60: 건고추,고추,종합 (see Yearbook 2025 pp.44–51),28336.6613,196.61509,55714.151,"","","","",10.251911697553794,5.281247959599711,10.927989451098874,"",10.251911697553794,"","",-2.0066538652940835e-8,2008,2015,2014,2015,high,0,0,1,2,9,2015,red_pepper,"",92.525,0.5247518343666936,2005Q1-2012Q4,92.525,102.30886543684696,4.627996330364469,4.627996330364469,"",exact,FALSE,TRUE,TRUE,FALSE
red_pepper,Red pepper,고추,open-field (dried),vegetable,0,baseline_treated,2018,10_vegetables_spices.xls,DT_1ET0291,건고추,DT_1J49: 건고추 | DT_1J60: 건고추,고추,종합 (see Yearbook 2025 pp.44–51),28823.7096,248.0922,71509.37641,"","","","",10.268953577439625,5.513800451267628,11.177583858685583,"",10.268953577439625,"","",1.5966421074153914e-8,2008,2015,2014,2015,high,0,0,1,3,10,2015,red_pepper,"",105.225,0.5247518343666936,2005Q1-2012Q4,105.225,113.89221454343968,4.735252514679178,4.735252514679178,"",exact,FALSE,TRUE,TRUE,FALSE
red_pepper,Red pepper,고추,open-field (dried),vegetable,0,baseline_treated,2019,10_vegetables_spices.xls,DT_1ET0291,건고추,DT_1J49: 건고추 | DT_1J60: 건고추,고추,종합 (see Yearbook 2025 pp.44–51),31643.8791,247.87538,78437.38657,"","","","",10.362300015504486,5.5129261198695465,11.270055962187673,"",10.362300015504486,"","",1.2801733006995164e-8,2008,2015,2014,2015,high,0,0,1,4,11,2015,red_pepper,"",101.9,0.5247518343666936,2005Q1-2012Q4,101.9,111.26492456649989,4.711914065455327,4.711914065455327,"",exact,FALSE,TRUE,TRUE,FALSE
red_pepper,Red pepper,고추,open-field (dried),vegetable,0,baseline_treated,2020,10_vegetables_spices.xls,DT_1ET0291,건고추,DT_1J49: 건고추 | DT_1J60: 건고추,고추,종합 (see Yearbook 2025 pp.44–51),31146.147,192.8843,60076.0211,"","","","",10.346445824751331,5.2620905272785015,11.003366057547195,"",10.346445824751331,"","",-1.084945466800491e-7,2008,2015,2014,2015,high,0,0,1,5,12,2015,red_pepper,"",99.975,0.5247518343666936,2005Q1-2012Q4,99.975,98.4986751031351,4.590043097357988,4.590043097357988,"",exact,FALSE,TRUE,TRUE,FALSE
red_pepper,Red pepper,고추,open-field (dried),vegetable,0,baseline_treated,2021,10_vegetables_spices.xls,DT_1ET0291,건고추,DT_1J49: 건고추 | DT_1J60: 건고추,고추,종합 (see Yearbook 2025 pp.44–51),33373.2785,277.939,92757.363,"","","","",10.415510813847884,5.627401665153136,11.437742362763569,"",10.415510813847884,"","",6.975063904235412e-8,2008,2015,2014,2015,high,0,0,1,6,13,2015,red_pepper,"",114.75,0.5247518343666936,2005Q1-2012Q4,114.75,101.96900703911268,4.62466891455401,4.62466891455401,"",exact,FALSE,TRUE,TRUE,FALSE
red_pepper,Red pepper,고추,open-field (dried),vegetable,0,baseline_treated,2022,10_vegetables_spices.xls,DT_1ET0291,건고추,DT_1J49: 건고추 | DT_1J60: 건고추,고추,종합 (see Yearbook 2025 pp.44–51),29769.5949,231.7253,68983.6752,"","","","",10.30124284625852,5.445552618399099,11.14162516428291,"",10.30124284625852,"","",-1.143866175112862e-7,2008,2015,2014,2015,high,0,0,1,7,14,2015,red_pepper,"",108.3,0.5247518343666936,2005Q1-2012Q4,108.3,99.63248140738166,4.601488229973466,4.601488229973466,"",exact,FALSE,TRUE,TRUE,FALSE
red_pepper,Red pepper,고추,open-field (dried),vegetable,0,baseline_treated,2023,10_vegetables_spices.xls,DT_1ET0291,건고추,DT_1J49: 건고추 | DT_1J60: 건고추,고추,종합 (see Yearbook 2025 pp.44–51),27131.6129,227.281,61664.9983,"","","","",10.20845485467833,5.426187137395457,11.029471760431775,"",10.20845485467833,"","",-4.5653921532107233e-8,2008,2015,2014,2015,high,0,0,1,8,15,2015,red_pepper,"",133.5,0.5247518343666936,2005Q1-2012Q4,133.5,121.56072116892854,4.800413900648044,4.800413900648044,"",exact,FALSE,TRUE,TRUE,FALSE
red_pepper,Red pepper,고추,open-field (dried),vegetable,0,baseline_treated,2024,10_vegetables_spices.xls,DT_1ET0291,건고추,DT_1J49: 건고추 | DT_1J60: 건고추,고추,종합 (see Yearbook 2025 pp.44–51),26430.1325,257.5635,68074.3772,"","","","",10.182260020828297,5.551266291644278,11.128356168767096,"",10.182260020828297,"","",4.228261296645997e-8,2008,2015,2014,2015,high,0,0,1,9,16,2015,red_pepper,"",114.675,0.5247518343666936,2005Q1-2012Q4,114.675,98.5212402129562,4.590272161611555,4.590272161611555,"",exact,FALSE,TRUE,TRUE,FALSE
rice,Rice,벼,paddy,grain,0,rice_case,1980,03_rice.xlsx,DT_1ET0222,논벼,DT_1J49: 일반미 | DT_1J60: 멥쌀,벼,종합 (see Yearbook 2025 pp.44–51),1219841,433,5279051,"","","","",14.014231080347171,6.07073772800249,15.479256904679715,"",14.014231080347171,"","",-0.0005417176818554,2009,2014,2012,2017,low,1,0,0,-34,-29,2014,rice,32.7,"",0.7804570820204043,2005Q1-2012Q4,25.520946582067214,114.00734268549996,4.736262855842221,"",4.984138384182928,approximate,TRUE,TRUE,FALSE,FALSE
rice,Rice,벼,paddy,grain,0,rice_case,1981,03_rice.xlsx,DT_1ET0222,논벼,DT_1J49: 일반미 | DT_1J60: 멥쌀,벼,종합 (see Yearbook 2025 pp.44–51),1212258,587,7113701,"","","","",14.007995294244648,6.375024819828097,15.777533200806866,"",14.007995294244648,"","",-0.0003167272777861,2009,2014,2012,2017,low,1,0,0,-33,-28,2014,rice,40.125,"",0.7804570820204043,2005Q1-2012Q4,31.315840416068724,107.29627931803395,4.675593973527838,"",4.923469501868546,approximate,TRUE,TRUE,FALSE,FALSE
rice,Rice,벼,paddy,grain,0,rice_case,1982,03_rice.xlsx,DT_1ET0222,논벼,DT_1J49: 일반미 | DT_1J60: 멥쌀,벼,종합 (see Yearbook 2025 pp.44–51),1175964,618,7272837,"","","","",13.977598794727246,6.42648845745769,15.79965700722597,"",13.977598794727246,"","",0.0007399410291242,2009,2014,2012,2017,low,1,0,0,-32,-27,2014,rice,40.775,"",0.7804570820204043,2005Q1-2012Q4,31.823137519381987,102.89099780114935,4.633670154087312,"",4.88154568242802,approximate,TRUE,TRUE,FALSE,FALSE
rice,Rice,벼,paddy,grain,0,rice_case,1983,03_rice.xlsx,DT_1ET0222,논벼,DT_1J49: 일반미 | DT_1J60: 멥쌀,벼,종합 (see Yearbook 2025 pp.44–51),1219645,622,7582857,"","","","",14.014070390758938,6.432940092739179,15.84140059953348,"",14.014070390758938,"","",-0.0004396979765477,2009,2014,2012,2017,low,1,0,0,-31,-26,2014,rice,42.3,"",0.7804570820204043,2005Q1-2012Q4,33.0133345694631,104.50505671748678,4.649235459875147,"",4.897110988215854,approximate,TRUE,TRUE,FALSE,FALSE
rice,Rice,벼,paddy,grain,0,rice_case,1984,03_rice.xlsx,DT_1ET0222,논벼,DT_1J49: 일반미 | DT_1J60: 멥쌀,벼,종합 (see Yearbook 2025 pp.44–51),1224675,649,7954127,"","","","",14.01818606063862,6.47543271670409,15.889201471431456,"",14.01818606063862,"","",0.0007528800768383,2009,2014,2012,2017,low,1,0,0,-30,-25,2014,rice,43.05,"",0.7804570820204043,2005Q1-2012Q4,33.59867738097841,108.03037868035578,4.682412471648639,"",4.930287999989346,approximate,TRUE,TRUE,FALSE,FALSE
rice,Rice,벼,paddy,grain,0,rice_case,1985,03_rice.xlsx,DT_1ET0222,논벼,DT_1J49: 일반미 | DT_1J60: 멥쌀,벼,종합 (see Yearbook 2025 pp.44–51),1232924,636,7844286,"","","","",14.024899141966149,6.455198563340122,15.87529592662298,"",14.024899141966149,"","",0.0003684073047995,2009,2014,2012,2017,low,1,0,0,-29,-24,2014,rice,45.975,"",0.7804570820204043,2005Q1-2012Q4,35.881514345888085,111.3117273362877,4.712334619633651,"",4.960210147974359,approximate,TRUE,TRUE,FALSE,FALSE
rice,Rice,벼,paddy,grain,0,rice_case,1986,03_rice.xlsx,DT_1ET0222,논벼,DT_1J49: 일반미 | DT_1J60: 멥쌀,벼,종합 (see Yearbook 2025 pp.44–51),1232679,638,7862458,"","","","",14.024700407619372,6.45833828334479,15.877609838164163,"",14.024700407619372,"","",-0.0002586668119057,2009,2014,2012,2017,low,1,0,0,-28,-23,2014,rice,50.175,"",0.7804570820204043,2005Q1-2012Q4,39.159434090373786,126.30029477818778,4.838662363306119,"",5.0865378916468265,approximate,TRUE,TRUE,FALSE,FALSE
rice,Rice,벼,paddy,grain,0,rice_case,1987,03_rice.xlsx,DT_1ET0222,논벼,DT_1J49: 일반미 | DT_1J60: 멥쌀,벼,종합 (see Yearbook 2025 pp.44–51),1259141,602,7585855,"","","","",14.045940300401414,6.400257445308821,15.841795886890644,"",14.045940300401414,"","",0.0007683271684992,2009,2014,2012,2017,low,1,0,0,-27,-22,2014,rice,51.225,"",0.7804570820204043,2005Q1-2012Q4,39.97891402649521,125.56285485738202,4.83280646871258,"",5.080681997053287,approximate,TRUE,TRUE,FALSE,FALSE
rice,Rice,벼,paddy,grain,0,rice_case,1988,03_rice.xlsx,DT_1ET0222,논벼,DT_1J49: 일반미 | DT_1J60: 멥쌀,벼,종합 (see Yearbook 2025 pp.44–51),1257158,656,8251154,"","","","",14.04436417577512,6.486160788944089,15.925863627316618,"",14.04436417577512,"","",0.0005088485854987,2009,2014,2012,2017,low,1,0,0,-26,-21,2014,rice,56.975,"",0.7804570820204043,2005Q1-2012Q4,44.46654224811254,121.77582821015471,4.80218188082041,"",5.050057409161118,approximate,TRUE,TRUE,FALSE,FALSE
rice,Rice,벼,paddy,grain,0,rice_case,1989,03_rice.xlsx,DT_1ET0222,논벼,DT_1J49: 일반미 | DT_1J60: 멥쌀,벼,종합 (see Yearbook 2025 pp.44–51),1254231,645,8092029,"","","","",14.042033193736644,6.4692503167957724,15.906390061049809,"",14.042033193736644,"","",0.0002767365054818,2009,2014,2012,2017,low,1,0,0,-25,-20,2014,rice,59.1,"",0.7804570820204043,2005Q1-2012Q4,46.12501354740589,120.2954997326698,4.789951213574923,"",5.037826741915631,approximate,TRUE,TRUE,FALSE,FALSE
rice,Rice,벼,paddy,grain,0,rice_case,1990,03_rice.xlsx,DT_1ET0222,논벼,DT_1J49: 일반미 | DT_1J60: 멥쌀,벼,종합 (see Yearbook 2025 pp.44–51),1241803,621,7713654,"","","","",14.032074913757974,6.431331081933479,15.858502563231268,"",14.032074913757974,"","",0.0002667535279066,2009,2014,2012,2017,low,1,0,0,-24,-19,2014,rice,65.025,"",0.7804570820204043,2005Q1-2012Q4,50.74922175837679,118.3689057791257,4.77380606785047,"",5.021681596191177,approximate,TRUE,TRUE,FALSE,FALSE
rice,Rice,벼,paddy,grain,0,rice_case,1991,03_rice.xlsx,DT_1ET0222,논벼,DT_1J49: 일반미 | DT_1J60: 멥쌀,벼,종합 (see Yearbook 2025 pp.44–51),1206613,604,7286598,"","","","",14.003327819006676,6.403574197934815,15.801547328395396,"",14.003327819006676,"","",-0.0001845025579996,2009,2014,2012,2017,low,1,0,0,-23,-18,2014,rice,66.725,"",0.7804570820204043,2005Q1-2012Q4,52.07599879781148,111.05506566856656,4.710026165406011,"",4.957901693746718,approximate,TRUE,TRUE,FALSE,FALSE
rice,Rice,벼,paddy,grain,0,rice_case,1992,03_rice.xlsx,DT_1ET0222,논벼,DT_1J49: 일반미 | DT_1J60: 멥쌀,벼,종합 (see Yearbook 2025 pp.44–51),1155645,628,7253061,"","","","",13.960169187626011,6.442540166468199,15.796934144623156,"",13.960169187626011,"","",-0.0006050234829633,2009,2014,2012,2017,low,1,0,0,-22,-17,2014,rice,69.15,"",0.7804570820204043,2005Q1-2012Q4,53.96860722171096,110.0870076201608,4.701271031498988,"",4.949146559839694,approximate,TRUE,TRUE,FALSE,FALSE
rice,Rice,벼,paddy,grain,0,rice_case,1993,03_rice.xlsx,DT_1ET0222,논벼,DT_1J49: 일반미 | DT_1J60: 멥쌀,벼,종합 (see Yearbook 2025 pp.44–51),1134943,564,6401200,"","","","",13.942092987372243,6.335054251498059,15.671996030753972,"",13.942092987372243,"","",0.000018977871761194365,2009,2014,2012,2017,low,1,0,0,-21,-16,2014,rice,71.65,"",0.7804570820204043,2005Q1-2012Q4,55.91974992676197,115.42693298545862,4.748637714932133,"",4.996513243272839,approximate,TRUE,TRUE,FALSE,FALSE
rice,Rice,벼,paddy,grain,0,rice_case,1994,03_rice.xlsx,DT_1ET0222,논벼,DT_1J49: 일반미 | DT_1J60: 멥쌀,벼,종합 (see Yearbook 2025 pp.44–51),1101678,619,6823544,"","","","",13.912345029990169,6.428105272684596,15.735889542943172,"",13.912345029990169,"","",0.000609426256501,2009,2014,2012,2017,low,1,0,0,-20,-15,2014,rice,74.1,"",0.7804570820204043,2005Q1-2012Q4,57.83186977771196,110.70884528422754,4.706903739722388,"",4.954779268063096,approximate,TRUE,TRUE,FALSE,FALSE
rice,Rice,벼,paddy,grain,0,rice_case,1995,03_rice.xlsx,DT_1ET0222,논벼,DT_1J49: 일반미 | DT_1J60: 멥쌀,벼,종합 (see Yearbook 2025 pp.44–51),1055337,605,6387301,"","","","",13.869370705164616,6.405228458030842,15.669822358409956,"",13.869370705164616,"","",0.0003933812025902,2009,2014,2012,2017,low,1,0,0,-19,-14,2014,rice,77.325,"",0.7804570820204043,2005Q1-2012Q4,60.34884386722776,103.79753612741652,4.642442233719977,"",4.890317762060684,approximate,TRUE,TRUE,FALSE,FALSE
rice,Rice,벼,paddy,grain,0,rice_case,1996,03_rice.xlsx,DT_1ET0222,논벼,DT_1J49: 일반미 | DT_1J60: 멥쌀,벼,종합 (see Yearbook 2025 pp.44–51),1048987,679,7121421,"","","","",13.86333549454664,6.520621127558696,15.778617842126677,"",13.86333549454664,"","",-0.0001685939905691,2009,2014,2012,2017,low,1,0,0,-18,-13,2014,rice,93.05,"",0.7804570820204043,2005Q1-2012Q4,72.62153148199863,119.12303848293536,4.780156895798383,"",5.028032424139091,approximate,TRUE,TRUE,FALSE,FALSE
rice,Rice,벼,paddy,grain,0,rice_case,1997,03_rice.xlsx,DT_1ET0222,논벼,DT_1J49: 일반미 | DT_1J60: 멥쌀,벼,종합 (see Yearbook 2025 pp.44–51),1051659,695,7312096,"","","","",13.86587947524692,6.543911845564792,15.80504052113278,"",13.86587947524692,"","",0.0004193863091597,2009,2014,2012,2017,low,1,0,0,-17,-12,2014,rice,94.175,"",0.7804570820204043,2005Q1-2012Q4,73.49954569927158,123.85691165123352,4.8191269610091085,"",5.067002489349816,approximate,TRUE,TRUE,FALSE,FALSE
rice,Rice,벼,paddy,grain,0,rice_case,1998,03_rice.xlsx,DT_1ET0222,논벼,DT_1J49: 일반미 | DT_1J60: 멥쌀,벼,종합 (see Yearbook 2025 pp.44–51),1056483,642,6779290,"","","","",13.870456025042722,6.464588303689961,15.729382934669069,"",13.870456025042722,"","",-0.0004912080755232,2009,2014,2012,2017,low,1,0,0,-16,-11,2014,rice,98.925,"",0.7804570820204043,2005Q1-2012Q4,77.20671683886849,131.18373946793724,4.8765989318469805,"",5.124474460187688,approximate,TRUE,TRUE,FALSE,FALSE
rice,Rice,벼,paddy,grain,0,rice_case,1999,03_rice.xlsx,DT_1ET0222,논벼,DT_1J49: 일반미 | DT_1J60: 멥쌀,벼,종합 (see Yearbook 2025 pp.44–51),1058555,664,7032751,"","","","",13.872415328528376,6.498282149476434,15.76608851014186,"",13.872415328528376,"","",0.0005612181251422,2009,2014,2012,2017,low,1,0,0,-15,-10,2014,rice,106.1,"",0.7804570820204043,2005Q1-2012Q4,82.8064964023649,131.68218024395992,4.880391293929905,"",5.1282668222706125,approximate,TRUE,TRUE,FALSE,FALSE
rice,Rice,벼,paddy,grain,0,rice_case,2000,03_rice.xlsx,DT_1ET0222,논벼,DT_1J49: 일반미 | DT_1J60: 멥쌀,벼,종합 (see Yearbook 2025 pp.44–51),1055034,675,7124773,"","","","",13.86908355186116,6.51471269087253,15.779088423962335,"",13.86908355186116,"","",0.0004623672167358,2009,2014,2012,2017,low,1,0,0,-14,-9,2014,rice,110.125,"",0.7804570820204043,2005Q1-2012Q4,85.94783615749702,131.29643233341864,4.877457609069205,"",5.125333137409912,approximate,TRUE,TRUE,FALSE,FALSE
rice,Rice,벼,paddy,grain,0,rice_case,2001,03_rice.xlsx,DT_1ET0222,논벼,DT_1J49: 일반미 | DT_1J60: 멥쌀,벼,종합 (see Yearbook 2025 pp.44–51),1055750,693,7316216,"","","","",13.86976197279619,6.541029999189903,15.805603812387297,"",13.86976197279619,"","",-0.00001797361070643433,2009,2014,2012,2017,low,1,0,0,-13,-8,2014,rice,108.75,"",0.7804570820204043,2005Q1-2012Q4,84.87470766971897,124.66332343448455,4.825616691016386,"",5.073492219357093,approximate,TRUE,TRUE,FALSE,FALSE
rice,Rice,벼,paddy,grain,0,rice_case,2002,03_rice.xlsx,DT_1ET0222,논벼,DT_1J49: 일반미 | DT_1J60: 멥쌀,벼,종합 (see Yearbook 2025 pp.44–51),1038577,639,6636348,"","","","",13.85336206495169,6.459904454377535,15.708072370147136,"",13.85336206495169,"","",-0.000023963193999776425,2009,2014,2012,2017,low,1,0,0,-12,-7,2014,rice,105.375,"",0.7804570820204043,2005Q1-2012Q4,82.24066501790011,116.78518061133428,4.760336184016773,"",5.008211712357481,approximate,TRUE,TRUE,FALSE,FALSE
rice,Rice,벼,paddy,grain,0,rice_case,2003,03_rice.xlsx,DT_1ET0222,논벼,DT_1J49: 일반미 | DT_1J60: 멥쌀,벼,종합 (see Yearbook 2025 pp.44–51),1001519,609,6101746,"","","","",13.817028405450738,6.411818267709897,15.624085517695883,"",13.817028405450738,"","",0.0004090305233415,2009,2014,2012,2017,low,1,0,0,-11,-6,2014,rice,107.65,"",0.7804570820204043,2005Q1-2012Q4,84.01620487949653,112.3118666307838,4.721279525180376,"",4.969155053521083,approximate,TRUE,TRUE,FALSE,FALSE
rice,Rice,벼,paddy,grain,0,rice_case,2004,03_rice.xlsx,DT_1ET0222,논벼,DT_1J49: 일반미 | DT_1J60: 멥쌀,벼,종합 (see Yearbook 2025 pp.44–51),983560,679,6680137,"","","","",13.798933921559472,6.520621127558696,15.71464905428456,"",13.798933921559472,"","",0.000264191154482,2009,2014,2012,2017,low,1,0,0,-10,-5,2014,rice,110.725,"",0.7804570820204043,2005Q1-2012Q4,86.41611040670927,113.67307013538785,4.733326522530568,"",4.981202050871275,approximate,TRUE,TRUE,FALSE,FALSE
rice,Rice,벼,paddy,grain,0,rice_case,2005,03_rice.xlsx,DT_1ET0222,논벼,DT_1J49: 일반미 | DT_1J60: 멥쌀,벼,종합 (see Yearbook 2025 pp.44–51),966838,661,6386843,"","","","",13.781786231962506,6.493753839851686,15.66975065106108,"",13.781786231962506,"","",-0.0006192347650184,2009,2014,2012,2017,low,1,0,0,-9,-4,2014,rice,101.525,79.275,0.7804570820204043,2005Q1-2012Q4,79.275,109.92192529730968,4.699770343761964,4.699770343761964,4.947144077332865,approximate,TRUE,TRUE,FALSE,FALSE
rice,Rice,벼,paddy,grain,0,rice_case,2006,03_rice.xlsx,DT_1ET0222,논벼,DT_1J49: 일반미 | DT_1J60: 멥쌀,벼,종합 (see Yearbook 2025 pp.44–51),945403,664,6274836,"","","","",13.759366570596232,6.498282149476434,15.652057907182416,"",13.759366570596232,"","",-0.0004206269021587,2009,2014,2012,2017,low,1,0,0,-8,-3,2014,rice,95.2,74.325,0.7804570820204043,2005Q1-2012Q4,74.325,105.10885455800138,4.654996523220955,4.654996523220955,4.902525508436699,approximate,TRUE,TRUE,FALSE,FALSE
rice,Rice,벼,paddy,grain,0,rice_case,2007,03_rice.xlsx,DT_1ET0222,논벼,DT_1J49: 일반미 | DT_1J60: 멥쌀,벼,종합 (see Yearbook 2025 pp.44–51),942223,630,5934403,"","","","",13.755997255903225,6.4457198193855785,15.596276991244432,"",13.755997255903225,"","",-0.0002698980562794,2009,2014,2012,2017,low,1,0,0,-7,-2,2014,rice,98.65,76.975,0.7804570820204043,2005Q1-2012Q4,76.975,106.88160241604872,4.671721702341073,4.671721702341073,4.919813546020295,approximate,TRUE,TRUE,FALSE,FALSE
rice,Rice,벼,paddy,grain,0,rice_case,2008,03_rice.xlsx,DT_1ET0222,논벼,DT_1J49: 일반미 | DT_1J60: 멥쌀,벼,종합 (see Yearbook 2025 pp.44–51),927995,694,6441875,"","","","",13.740781623822787,6.542471960506805,15.678330204773196,"",13.740781623822787,"","",0.0002468064316936,2009,2014,2012,2017,low,1,0,0,-6,-1,2014,rice,103.55,80.825,0.7804570820204043,2005Q1-2012Q4,80.825,113.08481869189742,4.728138145040021,4.728138145040021,4.975912698479263,approximate,TRUE,TRUE,FALSE,FALSE
rice,Rice,벼,paddy,grain,0,rice_case,2009,03_rice.xlsx,DT_1ET0222,논벼,DT_1J49: 일반미 | DT_1J60: 멥쌀,벼,종합 (see Yearbook 2025 pp.44–51),917990,706,6477922,"","","","",13.729941776297109,6.559615237493242,15.6839103378876,"",13.729941776297109,"","",-0.0004764899146572,2009,2014,2012,2017,low,0,1,0,-5,0,2014,rice,99.85,77.975,0.7804570820204043,2005Q1-2012Q4,77.975,108.88226434496652,4.690267154829447,4.690267154829447,4.937541510471643,approximate,TRUE,TRUE,FALSE,FALSE
rice,Rice,벼,paddy,grain,0,rice_case,2010,03_rice.xlsx,DT_1ET0222,논벼,DT_1J49: 일반미 | DT_1J60: 멥쌀,벼,종합 (see Yearbook 2025 pp.44–51),886516,653,5791329,"","","","",13.695054452838884,6.481577129276431,15.57187235688911,"",13.695054452838884,"","",0.0004109607618847,2009,2014,2012,2017,low,0,1,0,-4,1,2014,rice,88.3,68.925,0.7804570820204043,2005Q1-2012Q4,68.925,90.57539542159812,4.506182602453071,4.506182602453071,4.753909534887616,approximate,TRUE,TRUE,FALSE,FALSE
rice,Rice,벼,paddy,grain,0,rice_case,2011,03_rice.xlsx,DT_1ET0222,논벼,DT_1J49: 일반미 | DT_1J60: 멥쌀,벼,종합 (see Yearbook 2025 pp.44–51),850798,659,5605354,"","","","",13.65393001157673,6.490723534502507,15.53923277038876,"",13.65393001157673,"","",-0.0002505897023876,2009,2014,2012,2017,low,0,1,0,-3,2,2014,rice,100.475,78.425,0.7804570820204043,2005Q1-2012Q4,78.425,95.80610480280308,4.562326407401645,4.562326407401645,4.81010572140843,approximate,TRUE,TRUE,FALSE,FALSE
rice,Rice,벼,paddy,grain,0,rice_case,2012,03_rice.xlsx,DT_1ET0222,논벼,DT_1J49: 일반미 | DT_1J60: 멥쌀,벼,종합 (see Yearbook 2025 pp.44–51),846870,638,5399193,"","","","",13.649302478973732,6.45833828334479,15.501760055922125,"",13.649302478973732,"","",-0.0007105204083064,2009,2014,2012,2017,low,0,1,0,-2,3,2014,rice,109,84.925,0.7804570820204043,2005Q1-2012Q4,84.925,96.56848685016205,4.570252464912938,4.570252464912938,4.819848145816317,approximate,TRUE,TRUE,FALSE,FALSE
rice,Rice,벼,paddy,grain,0,rice_case,2013,03_rice.xlsx,DT_1ET0222,논벼,DT_1J49: 일반미 | DT_1J60: 멥쌀,벼,종합 (see Yearbook 2025 pp.44–51),831355,677,5627837,"","","","",13.630812178764508,6.517671272912275,15.5432357344658,"",13.630812178764508,"","",-0.00007753122289066994,2009,2014,2012,2017,low,0,1,0,-1,4,2014,rice,"",88.875,0.7804570820204043,2005Q1-2012Q4,88.875,103.69818751757629,4.641484636949432,4.641484636949432,"",approximate,TRUE,TRUE,FALSE,FALSE
rice,Rice,벼,paddy,grain,0,rice_case,2014,03_rice.xlsx,DT_1ET0222,논벼,DT_1J49: 일반미 | DT_1J60: 멥쌀,벼,종합 (see Yearbook 2025 pp.44–51),814334,692,5633161,"","","","",13.610125880237009,6.539585955617669,15.54418129904128,"",13.610125880237009,"","",-0.0003603508253053,2009,2014,2012,2017,low,0,0,1,0,5,2014,rice,"",85.95,0.7804570820204043,2005Q1-2012Q4,85.95,102.41581089420632,4.629041103950184,4.629041103950184,"",approximate,TRUE,TRUE,FALSE,FALSE
rice,Rice,벼,paddy,grain,0,rice_case,2015,03_rice.xlsx,DT_1ET0222,논벼,DT_1J49: 일반미 | DT_1J60: 멥쌀,벼,종합 (see Yearbook 2025 pp.44–51),797957,723,5765633,"","","","",13.589809990268334,6.583409222158765,15.567425506178042,"",13.589809990268334,"","",-0.0006235202609641,2009,2014,2012,2017,low,0,0,1,1,6,2014,rice,"",80.275,0.7804570820204043,2005Q1-2012Q4,80.275,94.21883566594964,4.545620115585155,4.545620115585155,"",approximate,TRUE,TRUE,FALSE,FALSE
rice,Rice,벼,paddy,grain,0,rice_case,2016,03_rice.xlsx,DT_1ET0222,논벼,DT_1J49: 일반미 | DT_1J60: 멥쌀,벼,종합 (see Yearbook 2025 pp.44–51),777872,723,5621661,"","","","",13.564317265203307,6.583409222158765,15.542137729804526,"",13.564317265203307,"","",-0.0004185715694546,2009,2014,2012,2017,low,0,0,1,2,7,2014,rice,"",70.9,0.7804570820204043,2005Q1-2012Q4,70.9,81.81962035428518,4.404517072479306,4.404517072479306,"",approximate,TRUE,TRUE,FALSE,FALSE
rice,Rice,벼,paddy,grain,0,rice_case,2017,03_rice.xlsx,DT_1ET0222,논벼,DT_1J49: 일반미 | DT_1J60: 멥쌀,벼,종합 (see Yearbook 2025 pp.44–51),754339,701,5284348,"","","","",13.53359714807136,6.55250788703459,15.48025980165331,"",13.53359714807136,"","",-0.0006750474645489,2009,2014,2012,2017,low,0,0,1,3,8,2014,rice,"",68.5,0.7804570820204043,2005Q1-2012Q4,68.5,74.70386977792744,4.313531895053035,4.313531895053035,"",approximate,TRUE,TRUE,FALSE,FALSE
rice,Rice,벼,paddy,grain,0,rice_case,2018,03_rice.xlsx,DT_1ET0222,논벼,DT_1J49: 일반미 | DT_1J60: 멥쌀,벼,종합 (see Yearbook 2025 pp.44–51),737408,704,5194548,"","","","",13.510896613652,6.556778356158042,15.463120171992912,"",13.510896613652,"","",0.00061538817096,2009,2014,2012,2017,low,0,0,1,4,9,2014,rice,"",89.775,0.7804570820204043,2005Q1-2012Q4,89.775,97.23232831506962,4.5771032520027095,4.5771032520027095,"",approximate,TRUE,TRUE,FALSE,FALSE
rice,Rice,벼,paddy,grain,0,rice_case,2019,03_rice.xlsx,DT_1ET0222,논벼,DT_1J49: 일반미 | DT_1J60: 멥쌀,벼,종합 (see Yearbook 2025 pp.44–51),729585,687,5015237,"","","","",13.50023115832039,6.532334292222349,15.427991236486864,"",13.50023115832039,"","",0.0005959719322152,2009,2014,2012,2017,low,0,0,1,5,10,2014,rice,"",96.75,0.7804570820204043,2005Q1-2012Q4,96.75,105.603611144995,4.659692567136292,4.659692567136292,"",approximate,TRUE,TRUE,FALSE,FALSE
rice,Rice,벼,paddy,grain,0,rice_case,2020,03_rice.xlsx,DT_1ET0222,논벼,DT_1J49: 일반미 | DT_1J60: 멥쌀,벼,종합 (see Yearbook 2025 pp.44–51),726180,649,4712266,"","","","",13.495553196960705,6.47543271670409,15.365679454333131,"",13.495553196960705,"","",-0.0001362733435712,2009,2014,2012,2017,low,0,0,1,6,11,2014,rice,"",100,0.7804570820204043,2005Q1-2012Q4,100,99.98523781433695,4.605022553234282,4.605022553234282,"",approximate,TRUE,TRUE,FALSE,FALSE
rice,Rice,벼,paddy,grain,0,rice_case,2021,03_rice.xlsx,DT_1ET0222,논벼,DT_1J49: 일반미 | DT_1J60: 멥쌀,벼,종합 (see Yearbook 2025 pp.44–51),732070,712,5209213,"","","","",13.503631416786645,6.568077911411976,15.465939346657306,"",13.503631416786645,"","",-0.0005997955532226,2009,2014,2012,2017,low,0,0,1,7,12,2014,rice,"",111.025,0.7804570820204043,2005Q1-2012Q4,111.025,98.73486167996349,4.592438092586263,4.592438092586263,"",approximate,TRUE,TRUE,FALSE,FALSE
rice,Rice,벼,paddy,grain,0,rice_case,2022,03_rice.xlsx,DT_1ET0222,논벼,DT_1J49: 일반미 | DT_1J60: 멥쌀,벼,종합 (see Yearbook 2025 pp.44–51),726654,688,4996613,"","","","",13.496205714752575,6.533788837933344,15.424270840859329,"",13.496205714752575,"","",-0.0005535258384998,2009,2014,2012,2017,low,0,0,1,8,13,2014,rice,"",92.5,0.7804570820204043,2005Q1-2012Q4,92.5,84.90519073069774,4.441535230796987,4.441535230796987,"",approximate,TRUE,TRUE,FALSE,FALSE
rice,Rice,벼,paddy,grain,0,rice_case,2023,03_rice.xlsx,DT_1ET0222,논벼,DT_1J49: 일반미 | DT_1J60: 멥쌀,벼,종합 (see Yearbook 2025 pp.44–51),707872,692,4897398,"","","","",13.470018565370747,6.539585955617669,15.404214601631422,"",13.470018565370747,"","",-0.0002197333689064,2009,2014,2012,2017,low,0,0,1,9,14,2014,rice,"",96.85,0.7804570820204043,2005Q1-2012Q4,96.85,88.38862962335094,4.4817433372005615,4.4817433372005615,"",approximate,TRUE,TRUE,FALSE,FALSE
rice,Rice,벼,paddy,grain,0,rice_case,2024,03_rice.xlsx,DT_1ET0222,논벼,DT_1J49: 일반미 | DT_1J60: 멥쌀,벼,종합 (see Yearbook 2025 pp.44–51),697684,686,4783023,"","","","",13.4555215571719,6.530877627725885,15.380583331348342,"",13.4555215571719,"","",-0.0006456675613506,2009,2014,2012,2017,low,0,0,1,10,15,2014,rice,"",95.6,0.7804570820204043,2005Q1-2012Q4,95.6,81.59977635395933,4.401826521206004,4.401826521206004,"",approximate,TRUE,TRUE,FALSE,FALSE
sesame,Sesame,참깨,all,special,0,control_pool,1980,13_í¹ì©ìë¬¼ìì°ë__ëì½©_.xlsx,DT_1ET0293,참깨,DT_1J49: 참깨 | DT_1J60: 참깨,"","",48685,25,11963,"","","","",10.793126253412856,3.218875824868201,9.389573832170903,"",10.793126253412856,"","",-0.0172580601220602,2025,"","","",high,1,0,0,"",-45,0,sesame,38.725,"",0.6505272511903111,2005Q1-2012Q4,25.1916678023448,111.87050527241372,4.717341999451962,"",5.147314088675983,exact,TRUE,TRUE,TRUE,TRUE
sesame,Sesame,참깨,all,special,0,control_pool,1981,13_í¹ì©ìë¬¼ìì°ë__ëì½©_.xlsx,DT_1ET0293,참깨,DT_1J49: 참깨 | DT_1J60: 참깨,"","",37513,47,17553,"","","","",10.532442818550164,3.8501476017100575,9.772980154456343,"",10.532442818550164,"","",-0.0044400798157866,2025,"","","",high,1,0,0,"",-44,0,sesame,45.725,"",0.6505272511903111,2005Q1-2012Q4,29.745358560676976,102.78507459851208,4.632640153749733,"",5.062612242973755,exact,TRUE,TRUE,TRUE,TRUE
sesame,Sesame,참깨,all,special,0,control_pool,1982,13_í¹ì©ìë¬¼ìì°ë__ëì½©_.xlsx,DT_1ET0293,참깨,DT_1J49: 참깨 | DT_1J60: 참깨,"","",62256,57,35497,"","","","",11.039010195224336,4.04305126783455,10.477203464850332,"",11.039010195224336,"","",0.0003121877795386,2025,"","","",high,1,0,0,"",-43,0,sesame,44.1,"",0.6505272511903111,2005Q1-2012Q4,28.68825177749272,92.87068937127076,4.531208088730872,"",4.961180177954892,exact,TRUE,TRUE,TRUE,TRUE
sesame,Sesame,참깨,all,special,0,control_pool,1983,13_í¹ì©ìë¬¼ìì°ë__ëì½©_.xlsx,DT_1ET0293,참깨,DT_1J49: 참깨 | DT_1J60: 참깨,"","",74678,57,42623,"","","","",11.220940816365069,4.04305126783455,10.660149292663888,"",11.220940816365069,"","",0.0013273944523604,2025,"","","",high,1,0,0,"",-42,0,sesame,44.225,"",0.6505272511903111,2005Q1-2012Q4,28.76956768389151,90.9020671694419,4.509782742062832,"",4.939754831286853,exact,TRUE,TRUE,TRUE,TRUE
sesame,Sesame,참깨,all,special,0,control_pool,1984,13_í¹ì©ìë¬¼ìì°ë__ëì½©_.xlsx,DT_1ET0293,참깨,DT_1J49: 참깨 | DT_1J60: 참깨,"","",72772,67,49064,"","","","",11.195086544816697,4.204692619390966,10.80088084730582,"",11.195086544816697,"","",0.0062718690862499,2025,"","","",high,1,0,0,"",-41,0,sesame,39.2,"",0.6505272511903111,2005Q1-2012Q4,25.500668246660197,82.03380658648753,4.4071314377470525,"",4.837103526971074,exact,TRUE,TRUE,TRUE,TRUE
sesame,Sesame,참깨,all,special,0,control_pool,1985,13_í¹ì©ìë¬¼ìì°ë__ëì½©_.xlsx,DT_1ET0293,참깨,DT_1J49: 참깨 | DT_1J60: 참깨,"","",73355,56,40811,"","","","",11.203065947573744,4.02535169073515,10.616706931897728,"",11.203065947573744,"","",-0.0065405204230746,2025,"","","",high,1,0,0,"",-40,0,sesame,48.625,"",0.6505272511903111,2005Q1-2012Q4,31.63188758912888,98.2845578021511,4.587866922260923,"",5.017839011484944,exact,TRUE,TRUE,TRUE,TRUE
sesame,Sesame,참깨,all,special,0,control_pool,1986,13_í¹ì©ìë¬¼ìì°ë__ëì½©_.xlsx,DT_1ET0293,참깨,DT_1J49: 참깨 | DT_1J60: 참깨,"","",88423,55,48247,"","","","",11.389887395780004,4.007333185232471,10.78408892866831,"",11.389887395780004,"","",-0.0079614663560736,2025,"","","",high,1,0,0,"",-39,0,sesame,60.625,"",0.6505272511903111,2005Q1-2012Q4,39.43821460341261,127.3392295280284,4.846854624060353,"",5.276826713284375,exact,TRUE,TRUE,TRUE,TRUE
sesame,Sesame,참깨,all,special,0,control_pool,1987,13_í¹ì©ìë¬¼ìì°ë__ëì½©_.xlsx,DT_1ET0293,참깨,DT_1J49: 참깨 | DT_1J60: 참깨,"","",94289,46,43304,"","","","",11.454119812824947,3.828641396489095,10.676000288476814,"",11.454119812824947,"","",-0.0015907348491381,2025,"","","",high,1,0,0,"",-38,0,sesame,73.675,"",0.6505272511903111,2005Q1-2012Q4,47.92759523144617,150.34060204311754,5.012903400285122,"",5.442875489509143,exact,TRUE,TRUE,TRUE,TRUE
sesame,Sesame,참깨,all,special,0,control_pool,1988,13_í¹ì©ìë¬¼ìì°ë__ëì½©_.xlsx,DT_1ET0293,참깨,DT_1J49: 참깨 | DT_1J60: 참깨,"","",78364,67,52353,"","","","",11.269119917207922,4.204692619390966,10.86576452124698,"",11.269119917207922,"","",-0.0028778293638165,2025,"","","",high,1,0,0,"",-37,0,sesame,62.675,"",0.6505272511903111,2005Q1-2012Q4,40.77179546835275,112.103767035042,4.719424933751167,"",5.149397022975188,exact,TRUE,TRUE,TRUE,TRUE
sesame,Sesame,참깨,all,special,0,control_pool,1989,13_í¹ì©ìë¬¼ìì°ë__ëì½©_.xlsx,DT_1ET0293,참깨,DT_1J49: 참깨 | DT_1J60: 참깨,"","",64896,61,39728,"","","","",11.0805412675108,4.110873864173311,10.589811507747948,"",11.0805412675108,"","",0.0035665620519278,2025,"","","",high,1,0,0,"",-36,0,sesame,54.6,"",0.6505272511903111,2005Q1-2012Q4,35.51878791499099,92.68749488030882,4.529233564662102,"",4.959205653886122,exact,TRUE,TRUE,TRUE,TRUE
sesame,Sesame,참깨,all,special,0,control_pool,1990,13_í¹ì©ìë¬¼ìì°ë__ëì½©_.xlsx,DT_1ET0293,참깨,DT_1J49: 참깨 | DT_1J60: 참깨,"","",58347,65,38069,"","","","",10.974163222511216,4.174387269895637,10.547155581629395,"",10.974163222511216,"","",0.0037752752106339,2025,"","","",high,1,0,0,"",-35,0,sesame,69.05,"",0.6505272511903111,2005Q1-2012Q4,44.918906694690975,104.68473860571363,4.650953344173833,"",5.080925433397853,exact,TRUE,TRUE,TRUE,TRUE
sesame,Sesame,참깨,all,special,0,control_pool,1991,13_í¹ì©ìë¬¼ìì°ë__ëì½©_.xlsx,DT_1ET0293,참깨,DT_1J49: 참깨 | DT_1J60: 참깨,"","",57717,52,29767,"","","","",10.963307036485082,3.951243718581428,10.301155676342068,"",10.963307036485082,"","",-0.0082248927363508,2025,"","","",high,1,0,0,"",-34,0,sesame,71.30000000000001,"",0.6505272511903111,2005Q1-2012Q4,46.38259300986918,98.95051647526098,4.594619891592921,"",5.024591980816942,exact,TRUE,TRUE,TRUE,TRUE
sesame,Sesame,참깨,all,special,0,control_pool,1992,13_í¹ì©ìë¬¼ìì°ë__ëì½©_.xlsx,DT_1ET0293,참깨,DT_1J49: 참깨 | DT_1J60: 참깨,"","",46331,63,29075,"","","","",10.743566562464396,4.143134726391533,10.277633977386865,"",10.743566562464396,"","",-0.0038971254809734,2025,"","","",high,1,0,0,"",-33,0,sesame,70.75,"",0.6505272511903111,2005Q1-2012Q4,46.02480302171451,93.8839405138339,4.542059344045635,"",4.972031433269655,exact,TRUE,TRUE,TRUE,TRUE
sesame,Sesame,참깨,all,special,0,control_pool,1993,13_í¹ì©ìë¬¼ìì°ë__ëì½©_.xlsx,DT_1ET0293,참깨,DT_1J49: 참깨 | DT_1J60: 참깨,"","",46369,35,16272,"","","","",10.744386411485507,3.555348061489413,9.69720111828834,"",10.744386411485507,"","",0.0026368313015119,2025,"","","",high,1,0,0,"",-32,0,sesame,73.2,"",0.6505272511903111,2005Q1-2012Q4,47.618594787130775,98.15084428320044,4.586505522653893,"",5.016477611877915,exact,TRUE,TRUE,TRUE,TRUE
sesame,Sesame,참깨,all,special,0,control_pool,1994,13_í¹ì©ìë¬¼ìì°ë__ëì½©_.xlsx,DT_1ET0293,참깨,DT_1J49: 참깨 | DT_1J60: 참깨,"","",40834,68,27936,"","","","",10.617270346696143,4.219507705176107,10.237671458639328,"",10.617270346696143,"","",0.0060635927551686,2025,"","","",high,1,0,0,"",-31,0,sesame,87.69999999999999,"",0.6505272511903111,2005Q1-2012Q4,57.05123992939028,109.26451535653548,4.6937716888254855,"",5.123743778049506,exact,TRUE,TRUE,TRUE,TRUE
sesame,Sesame,참깨,all,special,0,control_pool,1995,13_í¹ì©ìë¬¼ìì°ë__ëì½©_.xlsx,DT_1ET0293,참깨,DT_1J49: 참깨 | DT_1J60: 참깨,"","",52263,61,31859,"","","","",10.86404394270827,4.110873864173311,10.369075195651924,"",10.86404394270827,"","",-0.0006724252415661,2025,"","","",high,1,0,0,"",-30,0,sesame,82.675,"",0.6505272511903111,2005Q1-2012Q4,53.782340492158966,92.46292776344876,4.526807783248546,"",4.956779872472567,exact,TRUE,TRUE,TRUE,TRUE
sesame,Sesame,참깨,all,special,0,control_pool,1996,13_í¹ì©ìë¬¼ìì°ë__ëì½©_.xlsx,DT_1ET0293,참깨,DT_1J49: 참깨 | DT_1J60: 참깨,"","",42373,69,29370,"","","","",10.65426664592879,4.23410650459726,10.287729024192666,"",10.65426664592879,"","",0.004526059654708,2025,"","","",high,1,0,0,"",-29,0,sesame,80.075,"",0.6505272511903111,2005Q1-2012Q4,52.09096963906416,85.44983988004178,4.447929535715979,"",4.877901624940001,exact,TRUE,TRUE,TRUE,TRUE
sesame,Sesame,참깨,all,special,0,control_pool,1997,13_í¹ì©ìë¬¼ìì°ë__ëì½©_.xlsx,DT_1ET0293,참깨,DT_1J49: 참깨 | DT_1J60: 참깨,"","",48823,68,33393,"","","","",10.79595679228428,4.219507705176107,10.416101576161337,"",10.79595679228428,"","",0.0058072646890394,2025,"","","",high,1,0,0,"",-28,0,sesame,82.275,"",0.6505272511903111,2005Q1-2012Q4,53.52212959168284,90.20300561913164,4.502062748233285,"",4.932034837457306,exact,TRUE,TRUE,TRUE,TRUE
sesame,Sesame,참깨,all,special,0,control_pool,1998,13_í¹ì©ìë¬¼ìì°ë__ëì½©_.xlsx,DT_1ET0293,참깨,DT_1J49: 참깨 | DT_1J60: 참깨,"","",52814,52,27725,"","","","",10.874531586063052,3.951243718581428,10.230089812218568,"",10.874531586063052,"","",0.009484693562177,2025,"","","",high,1,0,0,"",-27,0,sesame,80.8,"",0.6505272511903111,2005Q1-2012Q4,52.562601896177135,89.425605982621,4.49340706155624,"",4.92337915078026,exact,TRUE,TRUE,TRUE,TRUE
sesame,Sesame,참깨,all,special,0,control_pool,1999,13_í¹ì©ìë¬¼ìì°ë__ëì½©_.xlsx,DT_1ET0293,참깨,DT_1J49: 참깨 | DT_1J60: 참깨,"","",49379,49,24096,"","","","",10.807280511580302,3.8918202981106265,10.08980113059962,"",10.807280511580302,"","",-0.0041294931032176,2025,"","","",high,1,0,0,"",-26,0,sesame,82.175,"",0.6505272511903111,2005Q1-2012Q4,53.45707686656381,85.00826872641909,4.442748530893351,"",4.872720620117372,exact,TRUE,TRUE,TRUE,TRUE
sesame,Sesame,참깨,all,special,0,control_pool,2000,13_í¹ì©ìë¬¼ìì°ë__ëì½©_.xlsx,DT_1ET0293,참깨,DT_1J49: 참깨 | DT_1J60: 참깨,"","",44331,72,31710,"","","","",10.699439485571745,4.276666119016055,10.364387367532393,"",10.699439485571745,"","",-0.0065480510673143,2025,"","","",high,1,0,0,"",-25,0,sesame,87.825,"",0.6505272511903111,2005Q1-2012Q4,57.13255583578907,87.182999461805,4.468009351607303,"",4.897981440831323,exact,TRUE,TRUE,TRUE,TRUE
sesame,Sesame,참깨,all,special,0,control_pool,2001,13_í¹ì©ìë¬¼ìì°ë__ëì½©_.xlsx,DT_1ET0293,참깨,DT_1J49: 참깨 | DT_1J60: 참깨,"","",43541,71,31043,"","","","",10.681458301911103,4.262679877041316,10.34312861911143,"",10.681458301911103,"","",0.0041606261471027,2025,"","","",high,1,0,0,"",-24,0,sesame,82.775,"",0.6505272511903111,2005Q1-2012Q4,53.847393217278,79.11132195542419,4.370855999239083,"",4.8008280884631045,exact,TRUE,TRUE,TRUE,TRUE
sesame,Sesame,참깨,all,special,0,control_pool,2002,13_í¹ì©ìë¬¼ìì°ë__ëì½©_.xlsx,DT_1ET0293,참깨,DT_1J49: 참깨 | DT_1J60: 참깨,"","",44176,54,23818,"","","","",10.695936934169936,3.9889840465642745,10.078196876327942,"",10.695936934169936,"","",-0.0015539184181765,2025,"","","",high,1,0,0,"",-23,0,sesame,83.675,"",0.6505272511903111,2005Q1-2012Q4,54.43286774334928,77.29812654206606,4.347669719103893,"",4.777641808327914,exact,TRUE,TRUE,TRUE,TRUE
sesame,Sesame,참깨,all,special,0,control_pool,2003,13_í¹ì©ìë¬¼ìì°ë__ëì½©_.xlsx,DT_1ET0293,참깨,DT_1J49: 참깨 | DT_1J60: 참깨,"","",35036,34,11977,"","","","",10.46413138328298,3.5263605246161616,9.390743422947509,"",10.46413138328298,"","",0.0054217010364574,2025,"","","",high,1,0,0,"",-22,0,sesame,109.225,"",0.6505272511903111,2005Q1-2012Q4,71.05383901126173,94.44268902149348,4.54799318514416,"",4.977965274368181,exact,TRUE,TRUE,TRUE,TRUE
sesame,Sesame,참깨,all,special,0,control_pool,2004,13_í¹ì©ìë¬¼ìì°ë__ëì½©_.xlsx,DT_1ET0293,참깨,DT_1J49: 참깨 | DT_1J60: 참깨,"","",31843,66,20863,"","","","",10.368572856625317,4.189654742026425,9.945732534129874,"",10.368572856625317,"","",-0.0073248785337778,2025,"","","",high,1,0,0,"",-21,0,sesame,116.4,"",0.6505272511903111,2005Q1-2012Q4,75.7213720385522,99.21068030961078,4.597245672906829,"",5.02721776213085,exact,TRUE,TRUE,TRUE,TRUE
sesame,Sesame,참깨,all,special,0,control_pool,2005,13_í¹ì©ìë¬¼ìì°ë__ëì½©_.xlsx,DT_1ET0293,참깨,DT_1J49: 참깨 | DT_1J60: 참깨,"","",33971,69,23461,"","","","",10.433262498460527,4.23410650459726,10.063094747044966,"",10.433262498460527,"","",0.0008959299752682,2025,"","","",high,1,0,0,"",-20,0,sesame,106.025,68.975,0.6505272511903111,2005Q1-2012Q4,68.975,95.47702204689884,4.55888561169746,4.55888561169746,4.988837441461016,exact,TRUE,TRUE,TRUE,TRUE
sesame,Sesame,참깨,all,special,0,control_pool,2006,13_í¹ì©ìë¬¼ìì°ë__ëì½©_.xlsx,DT_1ET0293,참깨,DT_1J49: 참깨 | DT_1J60: 참깨,"","",31077,50,15489,"","","","",10.344223274726213,3.912023005428146,9.64788537354776,"",10.344223274726213,"","",-0.0031907206185071,2025,"","","",high,1,0,0,"",-19,0,sesame,94.2,61.3,0.6505272511903111,2005Q1-2012Q4,61.3,86.66496773685819,4.462049739119024,4.462049739119024,4.89169851179224,exact,TRUE,TRUE,TRUE,TRUE
sesame,Sesame,참깨,all,special,0,control_pool,2007,13_í¹ì©ìë¬¼ìì°ë__ëì½©_.xlsx,DT_1ET0293,참깨,DT_1J49: 참깨 | DT_1J60: 참깨,"","",31321,56,17506,"","","","",10.35204407807524,4.02535169073515,9.770298958292384,"",10.35204407807524,"","",-0.0019266245299149,2025,"","","",high,1,0,0,"",-18,0,sesame,118.425,77.075,0.6505272511903111,2005Q1-2012Q4,77.075,107.0076608561033,4.672900428684991,4.672900428684991,5.10239837945575,exact,TRUE,TRUE,TRUE,TRUE
sesame,Sesame,참깨,all,special,0,control_pool,2008,13_í¹ì©ìë¬¼ìì°ë__ëì½©_.xlsx,DT_1ET0293,참깨,DT_1J49: 참깨 | DT_1J60: 참깨,"","",28794,68,19472,"","","","",10.2679223110863,4.219507705176107,9.876732815227308,"",10.2679223110863,"","",-0.0055270150470079,2025,"","","",high,1,0,0,"",-17,0,sesame,124.925,81.275,0.6505272511903111,2005Q1-2012Q4,81.275,113.47598927555671,4.731591266308993,4.731591266308993,5.161455920581557,exact,TRUE,TRUE,TRUE,TRUE
sesame,Sesame,참깨,all,special,0,control_pool,2009,13_í¹ì©ìë¬¼ìì°ë__ëì½©_.xlsx,DT_1ET0293,참깨,DT_1J49: 참깨 | DT_1J60: 참깨,"","",34875,37,12780,"","","","",10.459525519123666,3.610917912644224,9.455636727931523,"",10.459525519123666,"","",-0.0096365178482749,2025,"","","",high,1,0,0,"",-16,0,sesame,108.15,70.375,0.6505272511903111,2005Q1-2012Q4,70.375,98.42466011735758,4.589291383609285,4.589291383609285,5.018969459366008,exact,TRUE,TRUE,TRUE,TRUE
sesame,Sesame,참깨,all,special,0,control_pool,2010,13_í¹ì©ìë¬¼ìì°ë__ëì½©_.xlsx,DT_1ET0293,참깨,DT_1J49: 참깨 | DT_1J60: 참깨,"","",27154,47,12703,"","","","",10.209279644160226,3.8501476017100575,9.44959346502346,"",10.209279644160226,"","",-0.0046635948587336,2025,"","","",high,1,0,0,"",-15,0,sesame,128.775,83.825,0.6505272511903111,2005Q1-2012Q4,83.825,110.0383261016886,4.700828724214834,4.700828724214834,5.130162798788448,exact,TRUE,TRUE,TRUE,TRUE
sesame,Sesame,참깨,all,special,0,control_pool,2011,13_í¹ì©ìë¬¼ìì°ë__ëì½©_.xlsx,DT_1ET0293,참깨,DT_1J49: 참깨 | DT_1J60: 참깨,"","",25649,37,9515,"","","","",10.152259863484153,3.610917912644224,9.16062477973025,"",10.152259863484153,"","",0.0026171895899658,2025,"","","",high,1,0,0,"",-14,0,sesame,145.975,94.725,0.6505272511903111,2005Q1-2012Q4,94.725,115.6765863687608,4.750798248714681,4.750798248714681,5.183231343463905,exact,TRUE,TRUE,TRUE,TRUE
sesame,Sesame,참깨,all,special,0,control_pool,2012,13_í¹ì©ìë¬¼ìì°ë__ëì½©_.xlsx,DT_1ET0293,참깨,DT_1J49: 참깨 | DT_1J60: 참깨,"","",25076,39,9690,"","","","",10.12966649239386,3.6635616461296463,9.178849704884811,"",10.12966649239386,"","",-0.0092082476506032,2025,"","","",high,1,0,0,"",-13,0,sesame,149.575,97.375,0.6505272511903111,2005Q1-2012Q4,97.375,110.68619763955974,4.706699149371604,4.706699149371604,5.135920894351788,exact,TRUE,TRUE,TRUE,TRUE
sesame,Sesame,참깨,all,special,0,control_pool,2013,13_í¹ì©ìë¬¼ìì°ë__ëì½©_.xlsx,DT_1ET0293,참깨,DT_1J49: 참깨 | DT_1J60: 참깨,"","",23184,53,12392,"","","","",10.051217664560465,3.970291913552122,9.424806382096705,"",10.051217664560465,"","",0.0084669899722111,2025,"","","",high,1,0,0,"",-12,0,sesame,"",92.775,0.6505272511903111,2005Q1-2012Q4,92.775,108.08416387916016,4.682910218808805,4.682910218808805,"",exact,TRUE,TRUE,TRUE,TRUE
sesame,Sesame,참깨,all,special,0,control_pool,2014,13_í¹ì©ìë¬¼ìì°ë__ëì½©_.xlsx,DT_1ET0293,참깨,DT_1J49: 참깨 | DT_1J60: 참깨,"","",28370,43,12158,"","","","",10.253087527802895,3.7612001156935615,9.405742668308667,"",10.253087527802895,"","",-0.0033747891997002,2025,"","","",high,1,0,0,"",-11,0,sesame,"",85.525,0.6505272511903111,2005Q1-2012Q4,85.525,101.974033780167,4.6247182100929525,4.6247182100929525,"",exact,TRUE,TRUE,TRUE,TRUE
sesame,Sesame,참깨,all,special,0,control_pool,2015,13_í¹ì©ìë¬¼ìì°ë__ëì½©_.xlsx,DT_1ET0293,참깨,DT_1J49: 참깨 | DT_1J60: 참깨,"","",25139,46,11678,"","","","",10.132175704105688,3.828641396489095,9.365462008843483,"",10.132175704105688,"","",0.0098150942367905,2025,"","","",high,1,0,0,"",-10,0,sesame,"",84.85,0.6505272511903111,2005Q1-2012Q4,84.85,99.61230667503908,4.60128571795189,4.60128571795189,"",exact,TRUE,TRUE,TRUE,TRUE
sesame,Sesame,참깨,all,special,0,control_pool,2016,13_í¹ì©ìë¬¼ìì°ë__ëì½©_.xlsx,DT_1ET0293,참깨,DT_1J49: 참깨 | DT_1J60: 참깨,"","",27170,50,13575,"","","","",10.209868702420394,3.912023005428146,9.515985144802135,"",10.209868702420394,"","",-0.0007363770583133,2025,"","","",high,1,0,0,"",-9,0,sesame,"",87.325,0.6505272511903111,2005Q1-2012Q4,87.325,100.83772993570896,4.613512590520406,4.613512590520406,"",exact,TRUE,TRUE,TRUE,TRUE
sesame,Sesame,참깨,all,special,0,control_pool,2017,13_í¹ì©ìë¬¼ìì°ë__ëì½©_.xlsx,DT_1ET0293,참깨,DT_1J49: 참깨 | DT_1J60: 참깨,"","",29682,48,14258,"","","","",10.298296080455764,3.871201010907891,9.565073431677574,"",10.298296080455764,"","",0.0007465263020112,2025,"","","",high,1,0,0,"",-8,0,sesame,"",85.05,0.6505272511903111,2005Q1-2012Q4,85.05,92.62223854782752,4.528529269923002,4.528529269923002,"",exact,TRUE,TRUE,TRUE,TRUE
sesame,Sesame,참깨,all,special,0,control_pool,2018,13_í¹ì©ìë¬¼ìì°ë__ëì½©_.xlsx,DT_1ET0293,참깨,DT_1J49: 참깨 | DT_1J60: 참깨,"","",24760,51,12727,"","","","",10.116984726798531,3.9318256327243257,9.451480999992048,"",10.116984726798531,"","",0.0078408264572793,2025,"","","",high,1,0,0,"",-7,0,sesame,"",82.975,0.6505272511903111,2005Q1-2012Q4,82.975,89.86214128047254,4.498276732430803,4.498276732430803,"",exact,TRUE,TRUE,TRUE,TRUE
sesame,Sesame,참깨,all,special,0,control_pool,2019,13_í¹ì©ìë¬¼ìì°ë__ëì½©_.xlsx,DT_1ET0293,참깨,DT_1J49: 참깨 | DT_1J60: 참깨,"","",25159,52,12986,"","","","",10.132970964396517,3.951243718581428,9.471627133068433,"",10.132970964396517,"","",-0.0074173639214212,2025,"","","",high,1,0,0,"",-6,0,sesame,"",82.875,0.6505272511903111,2005Q1-2012Q4,82.875,90.49550692417128,4.505300202226689,4.505300202226689,"",exact,TRUE,TRUE,TRUE,TRUE
sesame,Sesame,참깨,all,special,0,control_pool,2020,13_í¹ì©ìë¬¼ìì°ë__ëì½©_.xlsx,DT_1ET0293,참깨,DT_1J49: 참깨 | DT_1J60: 참깨,"","",22930,30,6795,"","","","",10.04020137585195,3.4011973816621555,8.823942326585245,"",10.04020137585195,"","",-0.0122862449407694,2025,"","","",high,1,0,0,"",-5,0,sesame,"",100,0.6505272511903111,2005Q1-2012Q4,100,99.51276731370086,4.60028595064348,4.60028595064348,"",exact,TRUE,TRUE,TRUE,TRUE
sesame,Sesame,참깨,all,special,0,control_pool,2021,13_í¹ì©ìë¬¼ìì°ë__ëì½©_.xlsx,DT_1ET0293,참깨,DT_1J49: 참깨 | DT_1J60: 참깨,"","",19218,53,10090,"","","","",9.863602618837213,3.970291913552122,9.219300113347655,"",9.863602618837213,"","",-0.009424233053588,2025,"","","",high,1,0,0,"",-4,0,sesame,"",145.25,0.6505272511903111,2005Q1-2012Q4,145.25,128.94079416710352,4.859353339062386,4.859353339062386,"",exact,TRUE,TRUE,TRUE,TRUE
sesame,Sesame,참깨,all,special,0,control_pool,2022,13_í¹ì©ìë¬¼ìì°ë__ëì½©_.xlsx,DT_1ET0293,참깨,DT_1J49: 참깨 | DT_1J60: 참깨,"","",22039,53,11679,"","","","",10.000568890186692,3.970291913552122,9.365547636278563,"",10.000568890186692,"","",-0.0001429814721571,2025,"","","",high,1,0,0,"",-3,0,sesame,"",133.075,0.6505272511903111,2005Q1-2012Q4,133.075,121.98814654579004,4.803923880552233,4.803923880552233,"",exact,TRUE,TRUE,TRUE,TRUE
sesame,Sesame,참깨,all,special,0,control_pool,2023,13_í¹ì©ìë¬¼ìì°ë__ëì½©_.xlsx,DT_1ET0293,참깨,DT_1J49: 참깨 | DT_1J60: 참깨,"","",21292,42,8972,"","","","",9.966086694292647,3.737669618283368,9.1018638956401,"",9.966086694292647,"","",0.0032777690521736,2025,"","","",high,1,0,0,"",-2,0,sesame,"",131.9,0.6505272511903111,2005Q1-2012Q4,131.9,120.55091411946891,4.79207218750568,4.79207218750568,"",exact,TRUE,TRUE,TRUE,TRUE
sesame,Sesame,참깨,all,special,0,control_pool,2024,13_í¹ì©ìë¬¼ìì°ë__ëì½©_.xlsx,DT_1ET0293,참깨,DT_1J49: 참깨 | DT_1J60: 참깨,"","",18856,48,9002,"","","","",9.844586444615969,3.871201010907891,9.105202053852878,"",9.844586444615969,"","",-0.0054152156828877,2025,"","","",high,1,0,0,"",-1,0,sesame,"",135.5,0.6505272511903111,2005Q1-2012Q4,135.5,115.81218153885774,4.751969754242404,4.751969754242404,"",exact,TRUE,TRUE,TRUE,TRUE
small_green_onion,Small green onion,쪽파,open-field,vegetable,0,control_pool,1980,10_vegetables_spices.xls,DT_1ET0291,노지쪽파,DT_1J49: 파 | DT_1J60: 파,쪽파(실파),종합 (see Yearbook 2025 pp.44–51),"","","","","","","","","","","","","","","",2019,"","","",medium,1,0,0,"",-39,0,green_onion,37.875,"",1.071181717360447,2005Q1-2012Q4,40.57100754502693,185.1815202425373,5.221336534525771,"",5.152574086714566,approximate,TRUE,TRUE,FALSE,FALSE
small_green_onion,Small green onion,쪽파,open-field,vegetable,0,control_pool,1981,10_vegetables_spices.xls,DT_1ET0291,노지쪽파,DT_1J49: 파 | DT_1J60: 파,쪽파(실파),종합 (see Yearbook 2025 pp.44–51),"","","","","","","","","","","","","","","",2019,"","","",medium,1,0,0,"",-38,0,green_onion,48.05,"",1.071181717360447,2005Q1-2012Q4,51.47028151916948,177.22689945396647,5.177430829437724,"",5.108668381626519,approximate,TRUE,TRUE,FALSE,FALSE
small_green_onion,Small green onion,쪽파,open-field,vegetable,0,control_pool,1982,10_vegetables_spices.xls,DT_1ET0291,노지쪽파,DT_1J49: 파 | DT_1J60: 파,쪽파(실파),종합 (see Yearbook 2025 pp.44–51),"","","","","","","","","","","","","","","",2019,"","","",medium,1,0,0,"",-37,0,green_onion,40.7,"",1.071181717360447,2005Q1-2012Q4,43.5970958965702,141.5893964425166,4.95293129457515,"",4.884168846763943,approximate,TRUE,TRUE,FALSE,FALSE
small_green_onion,Small green onion,쪽파,open-field,vegetable,0,control_pool,1983,10_vegetables_spices.xls,DT_1ET0291,노지쪽파,DT_1J49: 파 | DT_1J60: 파,쪽파(실파),종합 (see Yearbook 2025 pp.44–51),"","","","","","","","","","","","","","","",2019,"","","",medium,1,0,0,"",-36,0,green_onion,33.825,"",1.071181717360447,2005Q1-2012Q4,36.23272158971712,115.43293583661831,4.748689719216737,"",4.679927271405532,approximate,TRUE,TRUE,FALSE,FALSE
small_green_onion,Small green onion,쪽파,open-field,vegetable,0,control_pool,1984,10_vegetables_spices.xls,DT_1ET0291,노지쪽파,DT_1J49: 파 | DT_1J60: 파,쪽파(실파),종합 (see Yearbook 2025 pp.44–51),"","","","","","","","","","","","","","","",2019,"","","",medium,1,0,0,"",-35,0,green_onion,94.225,"",1.071181717360447,2005Q1-2012Q4,100.93209731828811,326.10965273108843,5.787233682881837,"",5.718471235070632,approximate,TRUE,TRUE,FALSE,FALSE
small_green_onion,Small green onion,쪽파,open-field,vegetable,0,control_pool,1985,10_vegetables_spices.xls,DT_1ET0291,노지쪽파,DT_1J49: 파 | DT_1J60: 파,쪽파(실파),종합 (see Yearbook 2025 pp.44–51),"","","","","","","","","","","","","","","",2019,"","","",medium,1,0,0,"",-34,0,green_onion,57.3,"",1.071181717360447,2005Q1-2012Q4,61.378712404753614,190.8247057655608,5.251355235776157,"",5.182592787964952,approximate,TRUE,TRUE,FALSE,FALSE
small_green_onion,Small green onion,쪽파,open-field,vegetable,0,control_pool,1986,10_vegetables_spices.xls,DT_1ET0291,노지쪽파,DT_1J49: 파 | DT_1J60: 파,쪽파(실파),종합 (see Yearbook 2025 pp.44–51),"","","","","","","","","","","","","","","",2019,"","","",medium,1,0,0,"",-33,0,green_onion,58.625,"",1.071181717360447,2005Q1-2012Q4,62.79802818025621,201.47192157924547,5.305650024675779,"",5.236887576864573,approximate,TRUE,TRUE,FALSE,FALSE
small_green_onion,Small green onion,쪽파,open-field,vegetable,0,control_pool,1987,10_vegetables_spices.xls,DT_1ET0291,노지쪽파,DT_1J49: 파 | DT_1J60: 파,쪽파(실파),종합 (see Yearbook 2025 pp.44–51),"","","","","","","","","","","","","","","",2019,"","","",medium,1,0,0,"",-32,0,green_onion,42.2,"",1.071181717360447,2005Q1-2012Q4,45.203868472610864,141.30891438267238,4.950948376042127,"",4.88218592823092,approximate,TRUE,TRUE,FALSE,FALSE
small_green_onion,Small green onion,쪽파,open-field,vegetable,0,control_pool,1988,10_vegetables_spices.xls,DT_1ET0291,노지쪽파,DT_1J49: 파 | DT_1J60: 파,쪽파(실파),종합 (see Yearbook 2025 pp.44–51),"","","","","","","","","","","","","","","",2019,"","","",medium,1,0,0,"",-31,0,green_onion,82.7,"",1.071181717360447,2005Q1-2012Q4,88.58672802570896,243.27386391003336,5.494187820714755,"",5.4254253729035495,approximate,TRUE,TRUE,FALSE,FALSE
small_green_onion,Small green onion,쪽파,open-field,vegetable,0,control_pool,1989,10_vegetables_spices.xls,DT_1ET0291,노지쪽파,DT_1J49: 파 | DT_1J60: 파,쪽파(실파),종합 (see Yearbook 2025 pp.44–51),"","","","","","","","","","","","","","","",2019,"","","",medium,1,0,0,"",-30,0,green_onion,98.425,"",1.071181717360447,2005Q1-2012Q4,105.431060531202,275.54578769446186,5.618753813311516,"",5.54999136550031,approximate,TRUE,TRUE,FALSE,FALSE
small_green_onion,Small green onion,쪽파,open-field,vegetable,0,control_pool,1990,10_vegetables_spices.xls,DT_1ET0291,노지쪽파,DT_1J49: 파 | DT_1J60: 파,쪽파(실파),종합 (see Yearbook 2025 pp.44–51),"","","","","","","","","","","","","","","",2019,"","","",medium,1,0,0,"",-29,0,green_onion,121.85,"",1.071181717360447,2005Q1-2012Q4,130.52349226037046,303.653614999018,5.715887627423444,"",5.647125179612239,approximate,TRUE,TRUE,FALSE,FALSE
small_green_onion,Small green onion,쪽파,open-field,vegetable,0,control_pool,1991,10_vegetables_spices.xls,DT_1ET0291,노지쪽파,DT_1J49: 파 | DT_1J60: 파,쪽파(실파),종합 (see Yearbook 2025 pp.44–51),"","","","","","","","","","","","","","","",2019,"","","",medium,1,0,0,"",-28,0,green_onion,106.9,"",1.071181717360447,2005Q1-2012Q4,114.5093255858318,244.36839589743116,5.498676905913823,"",5.429914458102617,approximate,TRUE,TRUE,FALSE,FALSE
small_green_onion,Small green onion,쪽파,open-field,vegetable,0,control_pool,1992,10_vegetables_spices.xls,DT_1ET0291,노지쪽파,DT_1J49: 파 | DT_1J60: 파,쪽파(실파),종합 (see Yearbook 2025 pp.44–51),"","","","","","","","","","","","","","","",2019,"","","",medium,1,0,0,"",-27,0,green_onion,73.975,"",1.071181717360447,2005Q1-2012Q4,79.24066754173906,161.90029900907635,5.086980707556969,"",5.018218259745764,approximate,TRUE,TRUE,FALSE,FALSE
small_green_onion,Small green onion,쪽파,open-field,vegetable,0,control_pool,1993,10_vegetables_spices.xls,DT_1ET0291,노지쪽파,DT_1J49: 파 | DT_1J60: 파,쪽파(실파),종합 (see Yearbook 2025 pp.44–51),"","","","","","","","","","","","","","","",2019,"","","",medium,1,0,0,"",-26,0,green_onion,76.85,"",1.071181717360447,2005Q1-2012Q4,82.32031497915035,169.41469696929914,5.132349537423321,"",5.063587089612114,approximate,TRUE,TRUE,FALSE,FALSE
small_green_onion,Small green onion,쪽파,open-field,vegetable,0,control_pool,1994,10_vegetables_spices.xls,DT_1ET0291,노지쪽파,DT_1J49: 파 | DT_1J60: 파,쪽파(실파),종합 (see Yearbook 2025 pp.44–51),"","","","","","","","","","","","","","","",2019,"","","",medium,1,0,0,"",-25,0,green_onion,121.75,"",1.071181717360447,2005Q1-2012Q4,130.41637408863443,250.23745890246715,5.522410302663713,"",5.453647854852506,approximate,TRUE,TRUE,FALSE,FALSE
small_green_onion,Small green onion,쪽파,open-field,vegetable,0,control_pool,1995,10_vegetables_spices.xls,DT_1ET0291,노지쪽파,DT_1J49: 파 | DT_1J60: 파,쪽파(실파),종합 (see Yearbook 2025 pp.44–51),"","","","","","","","","","","","","","","",2019,"","","",medium,1,0,0,"",-24,0,green_onion,114.5,"",1.071181717360447,2005Q1-2012Q4,122.6503066377712,211.051821373058,5.352103702246033,"",5.283341254434828,approximate,TRUE,TRUE,FALSE,FALSE
small_green_onion,Small green onion,쪽파,open-field,vegetable,0,control_pool,1996,10_vegetables_spices.xls,DT_1ET0291,노지쪽파,DT_1J49: 파 | DT_1J60: 파,쪽파(실파),종합 (see Yearbook 2025 pp.44–51),"","","","","","","","","","","","","","","",2019,"","","",medium,1,0,0,"",-23,0,green_onion,132.925,"",1.071181717360447,2005Q1-2012Q4,142.38682978013742,233.60453197510657,5.45362965134425,"",5.3848672035330445,approximate,TRUE,TRUE,FALSE,FALSE
small_green_onion,Small green onion,쪽파,open-field,vegetable,0,control_pool,1997,10_vegetables_spices.xls,DT_1ET0291,노지쪽파,DT_1J49: 파 | DT_1J60: 파,쪽파(실파),종합 (see Yearbook 2025 pp.44–51),"","","","","","","","","","","","","","","",2019,"","","",medium,1,0,0,"",-22,0,green_onion,157.75,"",1.071181717360447,2005Q1-2012Q4,168.9789159136105,284.8057680759389,5.651807432408358,"",5.583044984597152,approximate,TRUE,TRUE,FALSE,FALSE
small_green_onion,Small green onion,쪽파,open-field,vegetable,0,control_pool,1998,10_vegetables_spices.xls,DT_1ET0291,노지쪽파,DT_1J49: 파 | DT_1J60: 파,쪽파(실파),종합 (see Yearbook 2025 pp.44–51),"","","","","","","","","","","","","","","",2019,"","","",medium,1,0,0,"",-21,0,green_onion,172.35,"",1.071181717360447,2005Q1-2012Q4,184.61816898707303,313.57690394427465,5.748044637627216,"",5.679282189816011,approximate,TRUE,TRUE,FALSE,FALSE
small_green_onion,Small green onion,쪽파,open-field,vegetable,0,control_pool,1999,10_vegetables_spices.xls,DT_1ET0291,노지쪽파,DT_1J49: 파 | DT_1J60: 파,쪽파(실파),종합 (see Yearbook 2025 pp.44–51),"","","","","","","","","","","","","","","",2019,"","","",medium,1,0,0,"",-20,0,green_onion,193.27499999999998,"",1.071181717360447,2005Q1-2012Q4,207.0326464228404,329.48622635909527,5.7975345514272565,"",5.728772103616051,approximate,TRUE,TRUE,FALSE,FALSE
small_green_onion,Small green onion,쪽파,open-field,vegetable,0,control_pool,2000,10_vegetables_spices.xls,DT_1ET0291,노지쪽파,DT_1J49: 파 | DT_1J60: 파,쪽파(실파),종합 (see Yearbook 2025 pp.44–51),10548,2486,262194,"","","","",9.263691547473178,7.818430272070656,12.476839966754715,"",9.263691547473178,"","",-0.0001116668010272,2019,"","","",medium,1,0,0,"",-19,0,green_onion,186.35,"",1.071181717360447,2005Q1-2012Q4,199.6147130301193,303.640238723357,5.715843575353492,"",5.647081127542286,approximate,TRUE,TRUE,FALSE,FALSE
small_green_onion,Small green onion,쪽파,open-field,vegetable,0,control_pool,2001,10_vegetables_spices.xls,DT_1ET0291,노지쪽파,DT_1J49: 파 | DT_1J60: 파,쪽파(실파),종합 (see Yearbook 2025 pp.44–51),9930,2366,234929,"","","","",9.20331575703922,7.768956044538332,12.367038619816965,"",9.20331575703922,"","",-0.00006299577249357924,2019,"","","",medium,1,0,0,"",-18,0,green_onion,162.1,"",1.071181717360447,2005Q1-2012Q4,173.63855638412846,254.5443767646043,5.5394751892169065,"",5.4707127414057,approximate,TRUE,TRUE,FALSE,FALSE
small_green_onion,Small green onion,쪽파,open-field,vegetable,0,control_pool,2002,10_vegetables_spices.xls,DT_1ET0291,노지쪽파,DT_1J49: 파 | DT_1J60: 파,쪽파(실파),종합 (see Yearbook 2025 pp.44–51),7466,2289,170922,"","","","",8.91811465947453,7.735870319952567,12.048962591070264,"",8.91811465947453,"","",0.0001477976312589,2019,"","","",medium,1,0,0,"",-17,0,green_onion,180.375,"",1.071181717360447,2005Q1-2012Q4,193.21440226889064,274.3668293717215,5.614466004330802,"",5.545703556519596,approximate,TRUE,TRUE,FALSE,FALSE
small_green_onion,Small green onion,쪽파,open-field,vegetable,0,control_pool,2003,10_vegetables_spices.xls,DT_1ET0291,노지쪽파,DT_1J49: 파 | DT_1J60: 파,쪽파(실파),종합 (see Yearbook 2025 pp.44–51),6059,2198,133158,"","","","",8.70930004894499,7.6953031349635665,11.799291672050783,"",8.70930004894499,"","",-0.0001413258696807,2019,"","","",medium,1,0,0,"",-16,0,green_onion,329.225,"",1.071181717360447,2005Q1-2012Q4,352.65980089799314,470.584935944308,6.153976465462834,"",6.085214017651627,approximate,TRUE,TRUE,FALSE,FALSE
small_green_onion,Small green onion,쪽파,open-field,vegetable,0,control_pool,2004,10_vegetables_spices.xls,DT_1ET0291,노지쪽파,DT_1J49: 파 | DT_1J60: 파,쪽파(실파),종합 (see Yearbook 2025 pp.44–51),8792,2226,195670,"","","","",9.081597496083456,7.70796153183549,12.184184845772144,"",9.081597496083456,"","",-0.0002039961587119,2019,"","","",medium,1,0,0,"",-15,0,green_onion,154.725,"",1.071181717360447,2005Q1-2012Q4,165.73859121859516,213.6362144042708,5.36427463580639,"",5.295512187995183,approximate,TRUE,TRUE,FALSE,FALSE
small_green_onion,Small green onion,쪽파,open-field,vegetable,0,control_pool,2005,10_vegetables_spices.xls,DT_1ET0291,노지쪽파,DT_1J49: 파 | DT_1J60: 파,쪽파(실파),종합 (see Yearbook 2025 pp.44–51),7798,2021,157583,"","","","",8.961622569542543,7.611347717403621,11.96770758256744,"",8.961622569542543,"","",-0.0000925183906339555,2019,"","","",medium,1,0,0,"",-14,0,green_onion,84.05,89.725,1.071181717360447,2005Q1-2012Q4,89.725,126.482441519932,4.84010349631968,4.84010349631968,4.774761732307861,approximate,TRUE,TRUE,FALSE,FALSE
small_green_onion,Small green onion,쪽파,open-field,vegetable,0,control_pool,2006,10_vegetables_spices.xls,DT_1ET0291,노지쪽파,DT_1J49: 파 | DT_1J60: 파,쪽파(실파),종합 (see Yearbook 2025 pp.44–51),5916,2126,125766,"","","","",8.68541582383069,7.661997558901893,11.742178316448616,"",8.68541582383069,"","",-0.0000648802958771455,2019,"","","",medium,1,0,0,"",-13,0,green_onion,101.925,108.8,1.071181717360447,2005Q1-2012Q4,108.8,153.52653167365406,5.03387339687082,5.03387339687082,4.968604837104313,approximate,TRUE,TRUE,FALSE,FALSE
small_green_onion,Small green onion,쪽파,open-field,vegetable,0,control_pool,2007,10_vegetables_spices.xls,DT_1ET0291,노지쪽파,DT_1J49: 파 | DT_1J60: 파,쪽파(실파),종합 (see Yearbook 2025 pp.44–51),5054,2367,119606,"","","","",8.52793528794814,7.769378609513984,11.691958286464416,"",8.52793528794814,"","",-0.0001854250096151,2019,"","","",medium,1,0,0,"",-12,0,green_onion,83.95,89.6,1.071181717360447,2005Q1-2012Q4,89.6,125.01820030174711,4.828459329117275,4.828459329117275,4.763324345027146,approximate,TRUE,TRUE,FALSE,FALSE
small_green_onion,Small green onion,쪽파,open-field,vegetable,0,control_pool,2008,10_vegetables_spices.xls,DT_1ET0291,노지쪽파,DT_1J49: 파 | DT_1J60: 파,쪽파(실파),종합 (see Yearbook 2025 pp.44–51),5523,2296,126815,"","","","",8.616676469901188,7.738923757439457,11.750484610518749,"",8.616676469901188,"","",0.000054569166195506114,2019,"","","",medium,1,0,0,"",-11,0,green_onion,71.825,76.65,1.071181717360447,2005Q1-2012Q4,76.65,106.58384074619882,4.668931912494433,4.668931912494433,4.603924998490231,approximate,TRUE,TRUE,FALSE,FALSE
small_green_onion,Small green onion,쪽파,open-field,vegetable,0,control_pool,2009,10_vegetables_spices.xls,DT_1ET0291,노지쪽파,DT_1J49: 파 | DT_1J60: 파,쪽파(실파),종합 (see Yearbook 2025 pp.44–51),5377,2268,121938,"","","","",8.589885876809678,7.726653664847642,11.711267997818362,"",8.589885876809678,"","",-0.0001013578508661,2019,"","","",medium,1,0,0,"",-10,0,green_onion,71.7,76.575,1.071181717360447,2005Q1-2012Q4,76.575,107.25502523903728,4.675209412086087,4.675209412086087,4.609433025114719,approximate,TRUE,TRUE,FALSE,FALSE
small_green_onion,Small green onion,쪽파,open-field,vegetable,0,control_pool,2010,10_vegetables_spices.xls,DT_1ET0291,노지쪽파,DT_1J49: 파 | DT_1J60: 파,쪽파(실파),종합 (see Yearbook 2025 pp.44–51),4784,2161,103373,"","","","",8.473032295630468,7.678326356506885,11.546099085101352,"",8.473032295630468,"","",-0.0000893810479105639,2019,"","","",medium,1,0,0,"",-9,0,green_onion,117.5,125.4,1.071181717360447,2005Q1-2012Q4,125.4,164.31013707809387,5.101755721728463,5.101755721728463,5.036595947495835,approximate,TRUE,TRUE,FALSE,FALSE
small_green_onion,Small green onion,쪽파,open-field,vegetable,0,control_pool,2011,10_vegetables_spices.xls,DT_1ET0291,노지쪽파,DT_1J49: 파 | DT_1J60: 파,쪽파(실파),종합 (see Yearbook 2025 pp.44–51),5017,2110,105844,"","","","",8.520587424484253,7.654443226470112,11.56972159096964,"",8.520587424484253,"","",-0.0001388739966348,2019,"","","",medium,1,0,0,"",-8,0,green_onion,99.025,106.9,1.071181717360447,2005Q1-2012Q4,106.9,130.27187851291708,4.869623639755323,4.869623639755323,4.793283255078265,approximate,TRUE,TRUE,FALSE,FALSE
small_green_onion,Small green onion,쪽파,open-field,vegetable,0,control_pool,2012,10_vegetables_spices.xls,DT_1ET0291,노지쪽파,DT_1J49: 파 | DT_1J60: 파,쪽파(실파),종합 (see Yearbook 2025 pp.44–51),4818,2028,97710,"","","","",8.480114183174816,7.614805364711073,11.48975918693839,"",8.480114183174816,"","",0.00000982504059088285,2019,"","","",medium,1,0,0,"",-7,0,green_onion,106.5,115.45,1.071181717360447,2005Q1-2012Q4,115.45,131.9860029328318,4.882695878576266,4.882695878576266,4.802197240104135,approximate,TRUE,TRUE,FALSE,FALSE
small_green_onion,Small green onion,쪽파,open-field,vegetable,0,control_pool,2013,10_vegetables_spices.xls,DT_1ET0291,노지쪽파,DT_1J49: 파 | DT_1J60: 파,쪽파(실파),종합 (see Yearbook 2025 pp.44–51),5045,2193,110634,"","","","",8.52615293278771,7.693025748417888,11.61398273493322,"",8.52615293278771,"","",-0.00002576028428613597,2019,"","","",medium,1,0,0,"",-6,0,green_onion,"",111.425,1.071181717360447,2005Q1-2012Q4,111.425,128.936100764668,4.859316938729294,4.859316938729294,"",approximate,TRUE,TRUE,FALSE,FALSE
small_green_onion,Small green onion,쪽파,open-field,vegetable,0,control_pool,2014,10_vegetables_spices.xls,DT_1ET0291,노지쪽파,DT_1J49: 파 | DT_1J60: 파,쪽파(실파),종합 (see Yearbook 2025 pp.44–51),4390,2407,105689,"","","","",8.387084506069217,7.786136437783072,11.568256098325554,"",8.387084506069217,"","",0.0002053404613562,2019,"","","",medium,1,0,0,"",-5,0,green_onion,"",72.1,1.071181717360447,2005Q1-2012Q4,72.1,85.87910111312657,4.4529405061780505,4.4529405061780505,"",approximate,TRUE,TRUE,FALSE,FALSE
small_green_onion,Small green onion,쪽파,open-field,vegetable,0,control_pool,2015,10_vegetables_spices.xls,DT_1ET0291,노지쪽파,DT_1J49: 파 | DT_1J60: 파,쪽파(실파),종합 (see Yearbook 2025 pp.44–51),4722,2527,119319,"","","","",8.459987717645458,7.834788107388194,11.689555857768893,"",8.459987717645458,"","",-0.00004978127666888099,2019,"","","",medium,1,0,0,"",-4,0,green_onion,"",89.925,1.071181717360447,2005Q1-2012Q4,89.925,105.8198322495626,4.66173795223151,4.66173795223151,"",approximate,TRUE,TRUE,FALSE,FALSE
small_green_onion,Small green onion,쪽파,open-field,vegetable,0,control_pool,2016,10_vegetables_spices.xls,DT_1ET0291,노지쪽파,DT_1J49: 파 | DT_1J60: 파,쪽파(실파),종합 (see Yearbook 2025 pp.44–51),4382,2029,88909,"","","","",8.385260520155413,7.615298339825815,11.395368653723173,"",8.385260520155413,"","",-0.00002002026996272832,2019,"","","",medium,1,0,0,"",-3,0,green_onion,"",120.35,1.071181717360447,2005Q1-2012Q4,120.35,138.29117849566228,4.929361451355523,4.929361451355523,"",approximate,TRUE,TRUE,FALSE,FALSE
small_green_onion,Small green onion,쪽파,open-field,vegetable,0,control_pool,2017,10_vegetables_spices.xls,DT_1ET0291,노지쪽파,DT_1J49: 파 | DT_1J60: 파,쪽파(실파),종합 (see Yearbook 2025 pp.44–51),4360.3822,2094,91289,"","","","",8.380314993051577,7.646831391430482,11.421785577396818,"",8.380314993051577,"","",-0.0001906210971505,2019,"","","",medium,1,0,0,"",-2,0,green_onion,"",102,1.071181717360447,2005Q1-2012Q4,102,110.50077049036662,4.705022493696997,4.705022493696997,"",approximate,TRUE,TRUE,FALSE,FALSE
small_green_onion,Small green onion,쪽파,open-field,vegetable,0,control_pool,2018,10_vegetables_spices.xls,DT_1ET0291,노지쪽파,DT_1J49: 파 | DT_1J60: 파,쪽파(실파),종합 (see Yearbook 2025 pp.44–51),5891.6869,2164,127482,"","","","",8.681297636319904,7.679713639966372,11.755730457143692,"",8.681297636319904,"","",-0.0001106331544917,2019,"","","",medium,1,0,0,"",-1,0,green_onion,"",99.57499999999999,1.071181717360447,2005Q1-2012Q4,99.575,107.46040009141193,4.6771224084596845,4.6771224084596845,"",approximate,TRUE,TRUE,FALSE,FALSE
small_green_onion,Small green onion,쪽파,open-field,vegetable,0,control_pool,2019,10_vegetables_spices.xls,DT_1ET0291,노지쪽파,DT_1J49: 파 | DT_1J60: 파,쪽파(실파),종합 (see Yearbook 2025 pp.44–51),3951.2771,2155,85158,"","","","",8.281794122095361,7.675546002537848,11.352263633527311,"",8.281794122095361,"","",0.00009369488219412858,2019,"","","",medium,0,1,0,"",0,0,green_onion,"",75.55,1.071181717360447,2005Q1-2012Q4,75.55,82.87564625929575,4.417341246476174,4.417341246476174,"",approximate,TRUE,TRUE,FALSE,FALSE
small_green_onion,Small green onion,쪽파,open-field,vegetable,0,control_pool,2020,10_vegetables_spices.xls,DT_1ET0291,노지쪽파,DT_1J49: 파 | DT_1J60: 파,쪽파(실파),종합 (see Yearbook 2025 pp.44–51),3661.1623,2129,77959,"","","","",8.20553594428728,7.663407664893479,11.263938326448413,"",8.20553594428728,"","",0.0001649032557438,2019,"","","",medium,0,1,0,"",1,0,green_onion,"",100,1.071181717360447,2005Q1-2012Q4,100,98.90343407745031,4.594143960750319,4.594143960750319,"",approximate,TRUE,TRUE,FALSE,FALSE
small_green_onion,Small green onion,쪽파,open-field,vegetable,0,control_pool,2021,10_vegetables_spices.xls,DT_1ET0291,노지쪽파,DT_1J49: 파 | DT_1J60: 파,쪽파(실파),종합 (see Yearbook 2025 pp.44–51),4302.4289,2139,92027,"","","","",8.366935002673149,7.668093709082406,11.429837291235726,"",8.366935002673149,"","",-0.000021234531736524787,2019,"","","",medium,0,1,0,"",2,0,green_onion,"",145.525,1.071181717360447,2005Q1-2012Q4,145.525,127.23801711308607,4.84605948292649,4.84605948292649,"",approximate,TRUE,TRUE,FALSE,FALSE
small_green_onion,Small green onion,쪽파,open-field,vegetable,0,control_pool,2022,10_vegetables_spices.xls,DT_1ET0291,노지쪽파,DT_1J49: 파 | DT_1J60: 파,쪽파(실파),종합 (see Yearbook 2025 pp.44–51),5032.0286,2177,109529,"","","","",8.523578481988926,7.685703061234547,11.60394463335737,"",8.523578481988926,"","",-0.0001667238780118,2019,"","","",medium,0,1,0,"",3,0,green_onion,"",96.325,1.071181717360447,2005Q1-2012Q4,96.325,88.38443256474238,4.481695851926987,4.481695851926987,"",approximate,TRUE,TRUE,FALSE,FALSE
small_green_onion,Small green onion,쪽파,open-field,vegetable,0,control_pool,2023,10_vegetables_spices.xls,DT_1ET0291,노지쪽파,DT_1J49: 파 | DT_1J60: 파,쪽파(실파),종합 (see Yearbook 2025 pp.44–51),4624.1944,2156,99687,"","","","",8.439057450990985,7.676009932028887,11.50979055627474,"",8.439057450990985,"","",-0.0001066407570409,2019,"","","",medium,0,1,0,"",4,0,green_onion,"",126.225,1.071181717360447,2005Q1-2012Q4,126.225,114.97703650672725,4.7447324258738375,4.7447324258738375,"",approximate,TRUE,TRUE,FALSE,FALSE
small_green_onion,Small green onion,쪽파,open-field,vegetable,0,control_pool,2024,10_vegetables_spices.xls,DT_1ET0291,노지쪽파,DT_1J49: 파 | DT_1J60: 파,쪽파(실파),종합 (see Yearbook 2025 pp.44–51),4658.32,2117,98604,"","","","",8.446410147097069,7.6577552711348655,11.498867107719189,"",8.446410147097069,"","",-0.0001281245246538,2019,"","","",medium,0,1,0,"",5,0,green_onion,"",131.1,1.071181717360447,2005Q1-2012Q4,131.1,110.87992163378664,4.70844782867535,4.70844782867535,"",approximate,TRUE,TRUE,FALSE,FALSE
soybean,Soybean,콩,all,pulse,0,baseline_treated,1980,04_beans.xlsx,DT_1ET0025,콩,DT_1J49: 콩 | DT_1J60: 콩,콩,종합 (see Yearbook 2025 pp.44–51),188431,115,216318,"","","","",12.146487171113016,4.74493212836325,12.284504826231863,"",12.146487171113016,"","",-0.001744287256308,2008,2012,2011,2012,high,1,0,0,-32,-28,2012,soybean,18.475,"",0.6647237525321518,2005Q1-2012Q4,12.280771328031504,54.69604518678024,4.001791406755298,"",4.410175141114191,exact,FALSE,FALSE,FALSE,FALSE
soybean,Soybean,콩,all,pulse,0,baseline_treated,1981,04_beans.xlsx,DT_1ET0025,콩,DT_1J49: 콩 | DT_1J60: 콩,콩,종합 (see Yearbook 2025 pp.44–51),201722,127,256851,"","","","",12.214645790874805,4.844187086458591,12.456251429210786,"",12.214645790874805,"","",0.0025887378654818,2008,2012,2011,2012,high,1,0,0,-31,-27,2012,soybean,28.7,"",0.6647237525321518,2005Q1-2012Q4,19.07757169767276,65.6072301851451,4.183685906113648,"",4.592069640472541,exact,FALSE,FALSE,FALSE,FALSE
soybean,Soybean,콩,all,pulse,0,baseline_treated,1982,04_beans.xlsx,DT_1ET0025,콩,DT_1J49: 콩 | DT_1J60: 콩,콩,종합 (see Yearbook 2025 pp.44–51),183099,127,233358,"","","","",12.117782269151238,4.844187086458591,12.360329034055786,"",12.117782269151238,"","",0.0035298644340482,2008,2012,2011,2012,high,1,0,0,-30,-26,2012,soybean,27.1,"",0.6647237525321518,2005Q1-2012Q4,18.014013693621315,58.33206956125073,4.066152020356449,"",4.474535754715342,exact,FALSE,FALSE,FALSE,FALSE
soybean,Soybean,콩,all,pulse,0,baseline_treated,1983,04_beans.xlsx,DT_1ET0025,콩,DT_1J49: 콩 | DT_1J60: 콩,콩,종합 (see Yearbook 2025 pp.44–51),182074,124,226368,"","","","",12.112168476828826,4.820281565605037,12.329917272565153,"",12.112168476828826,"","",0.0026374161193807,2008,2012,2011,2012,high,1,0,0,-29,-25,2012,soybean,30.55,"",0.6647237525321518,2005Q1-2012Q4,20.307310639857235,64.39972380700536,4.165109344390015,"",4.573493078748908,exact,FALSE,FALSE,FALSE,FALSE
soybean,Soybean,콩,all,pulse,0,baseline_treated,1984,04_beans.xlsx,DT_1ET0025,콩,DT_1J49: 콩 | DT_1J60: 콩,콩,종합 (see Yearbook 2025 pp.44–51),190103,133,253527,"","","","",12.155321309519806,4.890349128221754,12.443225605217448,"",12.155321309519806,"","",0.0027253534639797,2008,2012,2011,2012,high,1,0,0,-28,-24,2012,soybean,29.95,"",0.6647237525321518,2005Q1-2012Q4,19.908476388337945,64.03716263573028,4.159463581021583,"",4.567847315380476,exact,FALSE,FALSE,FALSE,FALSE
soybean,Soybean,콩,all,pulse,0,baseline_treated,1985,04_beans.xlsx,DT_1ET0025,콩,DT_1J49: 콩 | DT_1J60: 콩,콩,종합 (see Yearbook 2025 pp.44–51),155964,150,233863,"","","","",11.957380490369587,5.010635294096256,12.362490752799834,"",11.957380490369587,"","",-0.0003548456779185,2008,2012,2011,2012,high,1,0,0,-27,-23,2012,soybean,29.225,"",0.6647237525321518,2005Q1-2012Q4,19.426551667752136,60.22729429704937,4.09812564320163,"",4.506509377560524,exact,FALSE,FALSE,FALSE,FALSE
soybean,Soybean,콩,all,pulse,0,baseline_treated,1986,04_beans.xlsx,DT_1ET0025,콩,DT_1J49: 콩 | DT_1J60: 콩,콩,종합 (see Yearbook 2025 pp.44–51),133489,149,198537,"","","","",11.801774356423875,5.003946305945459,12.198730759724324,"",11.801774356423875,"","",-0.0018197166569198,2008,2012,2011,2012,high,1,0,0,-26,-22,2012,soybean,29.675,"",0.6647237525321518,2005Q1-2012Q4,19.725677356391603,63.6440008450071,4.1533050683227,"",4.561688802681593,exact,FALSE,FALSE,FALSE,FALSE
soybean,Soybean,콩,all,pulse,0,baseline_treated,1987,04_beans.xlsx,DT_1ET0025,콩,DT_1J49: 콩 | DT_1J60: 콩,콩,종합 (see Yearbook 2025 pp.44–51),153794,132,203478,"","","","",11.943369323589192,4.882801922586371,12.223313169912576,"",11.943369323589192,"","",0.0023121097251035,2008,2012,2011,2012,high,1,0,0,-25,-21,2012,soybean,33.4,"",0.6647237525321518,2005Q1-2012Q4,22.20177333457387,69.74839575714427,4.2448944205394,"",4.6532781548982936,exact,FALSE,FALSE,FALSE,FALSE
soybean,Soybean,콩,all,pulse,0,baseline_treated,1988,04_beans.xlsx,DT_1ET0025,콩,DT_1J49: 콩 | DT_1J60: 콩,콩,종합 (see Yearbook 2025 pp.44–51),145418,165,239431,"","","","",11.88736763284307,5.10594547390058,12.3860205541155,"",11.88736763284307,"","",-0.0021223666400587,2008,2012,2011,2012,high,1,0,0,-24,-20,2012,soybean,35.875,"",0.6647237525321518,2005Q1-2012Q4,23.846964622090944,65.34139538860369,4.17962576175456,"",4.588009496113453,exact,FALSE,FALSE,FALSE,FALSE
soybean,Soybean,콩,all,pulse,0,baseline_treated,1989,04_beans.xlsx,DT_1ET0025,콩,DT_1J49: 콩 | DT_1J60: 콩,콩,종합 (see Yearbook 2025 pp.44–51),157367,160,251552,"","","","",11.966335936059323,5.075173815233827,12.435405006593482,"",11.966335936059323,"","",-0.0009345587115756,2008,2012,2011,2012,high,1,0,0,-23,-19,2012,soybean,36.7,"",0.6647237525321518,2005Q1-2012Q4,24.39536171792997,63.61298121833008,4.152817556725482,"",4.561201291084376,exact,FALSE,FALSE,FALSE,FALSE
soybean,Soybean,콩,all,pulse,0,baseline_treated,1990,04_beans.xlsx,DT_1ET0025,콩,DT_1J49: 콩 | DT_1J60: 콩,콩,종합 (see Yearbook 2025 pp.44–51),152265,153,232786,"","","","",11.93337770288664,5.030437921392435,12.357874855574046,"",11.93337770288664,"","",-0.0007705827169388,2008,2012,2011,2012,high,1,0,0,-22,-18,2012,soybean,32.9,"",0.6647237525321518,2005Q1-2012Q4,21.869411458307795,51.25816186838424,3.9368748613071047,"",4.345258595665998,exact,FALSE,FALSE,FALSE,FALSE
soybean,Soybean,콩,all,pulse,0,baseline_treated,1991,04_beans.xlsx,DT_1ET0025,콩,DT_1J49: 콩 | DT_1J60: 콩,콩,종합 (see Yearbook 2025 pp.44–51),119066,154,183171,"","","","",11.687433240196553,5.0369526024136295,12.118175421748653,"",11.687433240196553,"","",-0.0010402348734377,2008,2012,2011,2012,high,1,0,0,-21,-17,2012,soybean,34.6,"",0.6647237525321518,2005Q1-2012Q4,22.99944183761245,49.07685064031067,3.8933874499010335,"",4.301771184259927,exact,FALSE,FALSE,FALSE,FALSE
soybean,Soybean,콩,all,pulse,0,baseline_treated,1992,04_beans.xlsx,DT_1ET0025,콩,DT_1J49: 콩 | DT_1J60: 콩,콩,종합 (see Yearbook 2025 pp.44–51),104647,168,175925,"","","","",11.558348060478052,5.123963979403259,12.07781304683475,"",11.558348060478052,"","",0.0006711929415317,2008,2012,2011,2012,high,1,0,0,-20,-16,2012,soybean,40.55,"",0.6647237525321518,2005Q1-2012Q4,26.95454816517876,55.00508409470669,4.00742561904591,"",4.415809353404804,exact,FALSE,FALSE,FALSE,FALSE
soybean,Soybean,콩,all,pulse,0,baseline_treated,1993,04_beans.xlsx,DT_1ET0025,콩,DT_1J49: 콩 | DT_1J60: 콩,콩,종합 (see Yearbook 2025 pp.44–51),116825,146,170151,"","","","",11.668432367568627,4.983606621708336,12.044441557078986,"",11.668432367568627,"","",-0.0024272462098853,2008,2012,2011,2012,high,1,0,0,-19,-15,2012,soybean,46.175,"",0.6647237525321518,2005Q1-2012Q4,30.693619273172107,63.31863258289131,4.148179639436788,"",4.556563373795681,exact,FALSE,FALSE,FALSE,FALSE
soybean,Soybean,콩,all,pulse,0,baseline_treated,1994,04_beans.xlsx,DT_1ET0025,콩,DT_1J49: 콩 | DT_1J60: 콩,콩,종합 (see Yearbook 2025 pp.44–51),121729,127,154380,"","","","",11.709552541468067,4.844187086458591,11.947172374503843,"",11.709552541468067,"","",-0.0013970674347216,2008,2012,2011,2012,high,1,0,0,-18,-14,2012,soybean,50.85,"",0.6647237525321518,2005Q1-2012Q4,33.80120281625992,64.66326518115665,4.169193268720383,"",4.577577003079275,exact,FALSE,FALSE,FALSE,FALSE
soybean,Soybean,콩,all,pulse,0,baseline_treated,1995,04_beans.xlsx,DT_1ET0025,콩,DT_1J49: 콩 | DT_1J60: 콩,콩,종합 (see Yearbook 2025 pp.44–51),105035,152,159640,"","","","",11.56204890692978,5.0238805208462765,11.98067655916267,"",11.56204890692978,"","",-0.0000826826252957602,2008,2012,2011,2012,high,1,0,0,-17,-13,2012,soybean,61.8,"",0.6647237525321518,2005Q1-2012Q4,41.07992790648698,70.64019646165634,4.257599337459113,"",4.6659830718180055,exact,FALSE,FALSE,FALSE,FALSE
soybean,Soybean,콩,all,pulse,0,baseline_treated,1996,04_beans.xlsx,DT_1ET0025,콩,DT_1J49: 콩 | DT_1J60: 콩,콩,종합 (see Yearbook 2025 pp.44–51),97989,163,160081,"","","","",11.49261050645482,5.093750200806762,11.983435216114666,"",11.49261050645482,"","",0.0022446948411758,2008,2012,2011,2012,high,1,0,0,-16,-12,2012,soybean,67.3,"",0.6647237525321518,2005Q1-2012Q4,44.73590854541381,73.38450343655873,4.295712788487959,"",4.704096522846852,exact,FALSE,FALSE,FALSE,FALSE
soybean,Soybean,콩,all,pulse,0,baseline_treated,1997,04_beans.xlsx,DT_1ET0025,콩,DT_1J49: 콩 | DT_1J60: 콩,콩,종합 (see Yearbook 2025 pp.44–51),99862,157,156489,"","","","",11.511544511893296,5.056245805348308,11.960740998952124,"",11.511544511893296,"","",-0.00187913230139,2008,2012,2011,2012,high,1,0,0,-15,-11,2012,soybean,66.825,"",0.6647237525321518,2005Q1-2012Q4,44.42016476296104,74.8425878711642,4.315387079524844,"",4.723770813883737,exact,FALSE,FALSE,FALSE,FALSE
soybean,Soybean,콩,all,pulse,0,baseline_treated,1998,04_beans.xlsx,DT_1ET0025,콩,DT_1J49: 콩 | DT_1J60: 콩,콩,종합 (see Yearbook 2025 pp.44–51),97682,144,140441,"","","","",11.48947258359545,4.969813299576001,11.852542750735514,"",11.48947258359545,"","",-0.0015729464478457,2008,2012,2011,2012,high,1,0,0,-14,-10,2012,soybean,69.5,"",0.6647237525321518,2005Q1-2012Q4,46.19830080098456,78.50064959479009,4.363106899846992,"",4.771490634205885,exact,FALSE,FALSE,FALSE,FALSE
soybean,Soybean,콩,all,pulse,0,baseline_treated,1999,04_beans.xlsx,DT_1ET0025,콩,DT_1J49: 콩 | DT_1J60: 콩,콩,종합 (see Yearbook 2025 pp.44–51),87026,133,116120,"","","","",11.373962203564496,4.890349128221754,11.662379418138569,"",11.373962203564496,"","",0.0032382723404094,2008,2012,2011,2012,high,1,0,0,-13,-9,2012,soybean,94.525,"",0.6647237525321518,2005Q1-2012Q4,62.83301270810165,99.93366156072985,4.604506581458601,"",5.0128903158174944,exact,FALSE,FALSE,FALSE,FALSE
soybean,Soybean,콩,all,pulse,0,baseline_treated,2000,04_beans.xlsx,DT_1ET0025,콩,DT_1J49: 콩 | DT_1J60: 콩,콩,종합 (see Yearbook 2025 pp.44–51),86176,131,113196,"","","","",11.364146995611325,4.875197323201151,11.636876108437852,"",11.364146995611325,"","",0.0027019756134674,2008,2012,2011,2012,high,1,0,0,-12,-8,2012,soybean,100.575,"",0.6647237525321518,2005Q1-2012Q4,66.85459141092116,101.99116597839536,4.624886201478629,"",5.033269935837523,exact,FALSE,FALSE,FALSE,FALSE
soybean,Soybean,콩,all,pulse,0,baseline_treated,2001,04_beans.xlsx,DT_1ET0025,콩,DT_1J49: 콩 | DT_1J60: 콩,콩,종합 (see Yearbook 2025 pp.44–51),78415,150,117723,"","","","",11.269770514568526,5.010635294096256,11.676089686222488,"",11.269770514568526,"","",0.0008540635457983,2008,2012,2011,2012,high,1,0,0,-11,-7,2012,soybean,87.4,"",0.6647237525321518,2005Q1-2012Q4,58.09685597131006,85.36614951798728,4.446949646549328,"",4.855333380908221,exact,FALSE,FALSE,FALSE,FALSE
soybean,Soybean,콩,all,pulse,0,baseline_treated,2002,04_beans.xlsx,DT_1ET0025,콩,DT_1J49: 콩 | DT_1J60: 콩,콩,종합 (see Yearbook 2025 pp.44–51),80804,142,115024,"","","","",11.299781748234352,4.955827057601261,11.652896081223652,"",11.299781748234352,"","",0.0024574613761298,2008,2012,2011,2012,high,1,0,0,-10,-6,2012,soybean,88.35,"",0.6647237525321518,2005Q1-2012Q4,58.7283435362156,83.39277062136995,4.423561622410492,"",4.831945356769386,exact,FALSE,FALSE,FALSE,FALSE
soybean,Soybean,콩,all,pulse,0,baseline_treated,2003,04_beans.xlsx,DT_1ET0025,콩,DT_1J49: 콩 | DT_1J60: 콩,콩,종합 (see Yearbook 2025 pp.44–51),80447,131,105089,"","","","",11.295353861482845,4.875197323201151,11.562562889161118,"",11.295353861482845,"","",-0.0028181095347861,2008,2012,2011,2012,high,1,0,0,-9,-5,2012,soybean,98.75,"",0.6647237525321518,2005Q1-2012Q4,65.64147056254998,87.6277453915479,4.473097676008571,"",4.881481410367464,exact,FALSE,FALSE,FALSE,FALSE
soybean,Soybean,콩,all,pulse,0,baseline_treated,2004,04_beans.xlsx,DT_1ET0025,콩,DT_1J49: 콩 | DT_1J60: 콩,콩,종합 (see Yearbook 2025 pp.44–51),85270,163,138570,"","","","",11.353577971736096,5.093750200806762,11.83913089209276,"",11.353577971736096,"","",-0.0030270944620056,2008,2012,2011,2012,high,1,0,0,-8,-4,2012,soybean,130.525,"",0.6647237525321518,2005Q1-2012Q4,86.76306779925912,113.9854290474944,4.736070624852559,"",5.144454359211451,exact,FALSE,FALSE,FALSE,FALSE
soybean,Soybean,콩,all,pulse,0,baseline_treated,2005,04_beans.xlsx,DT_1ET0025,콩,DT_1J49: 콩 | DT_1J60: 콩,콩,종합 (see Yearbook 2025 pp.44–51),105421,174,183338,"","","","",11.565717136230267,5.159055299214529,12.119086722762036,"",11.565717136230267,"","",-0.0005155266946683,2008,2012,2011,2012,high,1,0,0,-7,-3,2012,soybean,117.85000000000001,79.7,0.6647237525321518,2005Q1-2012Q4,79.7,110.24612663735128,4.702715381168762,4.702715381168762,5.093868079391673,exact,FALSE,FALSE,FALSE,FALSE
soybean,Soybean,콩,all,pulse,0,baseline_treated,2006,04_beans.xlsx,DT_1ET0025,콩,DT_1J49: 콩 | DT_1J60: 콩,콩,종합 (see Yearbook 2025 pp.44–51),90248,173,156404,"","","","",11.410316715284756,5.153291594497779,11.960197682213872,"",11.410316715284756,"","",0.0017595584194278,2008,2012,2011,2012,high,1,0,0,-6,-2,2012,soybean,75.05,50.8,0.6647237525321518,2005Q1-2012Q4,50.8,71.82188853861916,4.2741892838938655,4.2741892838938655,4.664442265943335,exact,FALSE,FALSE,FALSE,FALSE
soybean,Soybean,콩,all,pulse,0,baseline_treated,2007,04_beans.xlsx,DT_1ET0025,콩,DT_1J49: 콩 | DT_1J60: 콩,콩,종합 (see Yearbook 2025 pp.44–51),76267,150,114245,"","","","",11.24199562043949,5.010635294096256,11.646100544122644,"",11.24199562043949,"","",-0.0013601844250104,2008,2012,2011,2012,high,1,0,0,-5,-1,2012,soybean,75.475,51.025,0.6647237525321518,2005Q1-2012Q4,51.025,70.81247562735128,4.260035194602482,4.260035194602482,4.651530944668476,exact,FALSE,FALSE,FALSE,FALSE
soybean,Soybean,콩,all,pulse,0,baseline_treated,2008,04_beans.xlsx,DT_1ET0025,콩,DT_1J49: 콩 | DT_1J60: 콩,콩,종합 (see Yearbook 2025 pp.44–51),75242,176,132674,"","","","",11.228464864667211,5.170483995038151,11.795650270452692,"",11.228464864667211,"","",0.0018715967354197,2008,2012,2011,2012,high,0,1,0,-4,0,2012,soybean,123.45,83.525,0.6647237525321518,2005Q1-2012Q4,83.525,116.7946690193401,4.760417427394796,4.760417427394796,5.151106873806597,exact,FALSE,FALSE,FALSE,FALSE
soybean,Soybean,콩,all,pulse,0,baseline_treated,2009,04_beans.xlsx,DT_1ET0025,콩,DT_1J49: 콩 | DT_1J60: 콩,콩,종합 (see Yearbook 2025 pp.44–51),70265,198,139251,"","","","",11.160029087534843,5.288267030694535,11.84403333909229,"",11.160029087534843,"","",0.0009074068510006,2008,2012,2011,2012,high,0,1,0,-3,1,2012,soybean,112.675,76.225,0.6647237525321518,2005Q1-2012Q4,76.225,106.54958688805426,4.668610481371969,4.668610481371969,5.059425764320354,exact,FALSE,FALSE,FALSE,FALSE
soybean,Soybean,콩,all,pulse,0,baseline_treated,2010,04_beans.xlsx,DT_1ET0025,콩,DT_1J49: 콩 | DT_1J60: 콩,콩,종합 (see Yearbook 2025 pp.44–51),71422,147,105345,"","","","",11.176361224116755,4.990432586778736,11.56499595726123,"",11.176361224116755,"","",0.0033723323538286,2008,2012,2011,2012,high,0,1,0,-2,2,2012,soybean,134.05,90.7,0.6647237525321518,2005Q1-2012Q4,90.7,118.7775785866651,4.777252656680858,4.777252656680858,5.167806611497619,exact,FALSE,FALSE,FALSE,FALSE
soybean,Soybean,콩,all,pulse,0,baseline_treated,2011,04_beans.xlsx,DT_1ET0025,콩,DT_1J49: 콩 | DT_1J60: 콩,콩,종합 (see Yearbook 2025 pp.44–51),77849,166,129394,"","","","",11.262526331964487,5.111987788356544,11.770617292122292,"",11.262526331964487,"","",0.0012733577893531,2008,2012,2011,2012,high,0,1,0,-1,3,2012,soybean,193.3,128.475,0.6647237525321518,2005Q1-2012Q4,128.475,157.02865441961995,5.056428300921857,5.056428300921857,5.464613784540856,exact,FALSE,FALSE,FALSE,FALSE
soybean,Soybean,콩,all,pulse,0,baseline_treated,2012,04_beans.xlsx,DT_1ET0025,콩,DT_1J49: 콩 | DT_1J60: 콩,콩,종합 (see Yearbook 2025 pp.44–51),80842,152,122519,"","","","",11.300251911439132,5.0238805208462765,11.716021398980658,"",11.300251911439132,"","",-0.0029408473166601,2008,2012,2011,2012,high,0,0,1,0,4,2012,soybean,175.65,104.3,0.6647237525321518,2005Q1-2012Q4,104.3,118.72378279606512,4.776799642085853,4.776799642085853,5.297885518907902,exact,FALSE,FALSE,FALSE,FALSE
soybean,Soybean,콩,all,pulse,0,baseline_treated,2013,04_beans.xlsx,DT_1ET0025,콩,DT_1J49: 콩 | DT_1J60: 콩,콩,종합 (see Yearbook 2025 pp.44–51),80031,193,154067,"","","","",11.290169338597282,5.262690188904886,11.945142851717524,"",11.290169338597282,"","",-0.0025464897965541,2008,2012,2011,2012,high,0,0,1,1,5,2012,soybean,"",114.375,0.6647237525321518,2005Q1-2012Q4,114.375,133.31617581351094,4.892723568761043,4.892723568761043,"",exact,FALSE,FALSE,FALSE,FALSE
soybean,Soybean,콩,all,pulse,0,baseline_treated,2014,04_beans.xlsx,DT_1ET0025,콩,DT_1J49: 콩 | DT_1J60: 콩,콩,종합 (see Yearbook 2025 pp.44–51),74652,187,139267,"","","","",11.22059259430302,5.231108616854587,11.844148232923336,"",11.22059259430302,"","",-0.0023827922461787,2008,2012,2011,2012,high,0,0,1,2,6,2012,soybean,"",74.8,0.6647237525321518,2005Q1-2012Q4,74.8,89.15113892374822,4.490333119592079,4.490333119592079,"",exact,FALSE,FALSE,FALSE,FALSE
soybean,Soybean,콩,all,pulse,0,baseline_treated,2015,04_beans.xlsx,DT_1ET0025,콩,DT_1J49: 콩 | DT_1J60: 콩,콩,종합 (see Yearbook 2025 pp.44–51),56666,183,103504,"","","","",10.9449296625892,5.209486152841421,11.547365538283769,"",10.9449296625892,"","",-0.0018800911587639,2008,2012,2011,2012,high,0,0,1,3,7,2012,soybean,"",73.375,0.6647237525321518,2005Q1-2012Q4,73.375,86.15007730242156,4.456090860273845,4.456090860273845,"",exact,FALSE,FALSE,FALSE,FALSE
soybean,Soybean,콩,all,pulse,0,baseline_treated,2016,04_beans.xlsx,DT_1ET0025,콩,DT_1J49: 콩 | DT_1J60: 콩,콩,종합 (see Yearbook 2025 pp.44–51),49014,154,75448,"","","","",10.799861250569924,5.0369526024136295,11.231198956223722,"",10.799861250569924,"","",-0.00044471077174,2008,2012,2011,2012,high,0,0,1,4,8,2012,soybean,"",82.25,0.6647237525321518,2005Q1-2012Q4,82.25,94.95078569909737,4.553358712096069,4.553358712096069,"",exact,FALSE,FALSE,FALSE,FALSE
soybean,Soybean,콩,all,pulse,0,baseline_treated,2017,04_beans.xlsx,DT_1ET0025,콩,DT_1J49: 콩 | DT_1J60: 콩,콩,종합 (see Yearbook 2025 pp.44–51),45556,188,85644,"","","","",10.726697617394242,5.236441962829949,11.357954448759068,"",10.726697617394242,"","",-0.00001494547703195792,2008,2012,2011,2012,high,0,0,1,5,9,2012,soybean,"",91.15,0.6647237525321518,2005Q1-2012Q4,91.15,99.252798621611,4.597670116868604,4.597670116868604,"",exact,FALSE,FALSE,FALSE,FALSE
soybean,Soybean,콩,all,pulse,0,baseline_treated,2018,04_beans.xlsx,DT_1ET0025,콩,DT_1J49: 콩 | DT_1J60: 콩,콩,종합 (see Yearbook 2025 pp.44–51),50638,177,89410,"","","","",10.832457561567356,5.176149732573829,11.400987811729363,"",10.832457561567356,"","",-0.0024492964237303,2008,2012,2011,2012,high,0,0,1,6,10,2012,soybean,"",94.65,0.6647237525321518,2005Q1-2012Q4,94.65,102.53637830268052,4.630217645882765,4.630217645882765,"",exact,FALSE,FALSE,FALSE,FALSE
soybean,Soybean,콩,all,pulse,0,baseline_treated,2019,04_beans.xlsx,DT_1ET0025,콩,DT_1J49: 콩 | DT_1J60: 콩,콩,종합 (see Yearbook 2025 pp.44–51),58537,180,105340,"","","","",10.977414311922113,5.19295685089021,11.56494849303738,"",10.977414311922113,"","",-0.0002524837868502,2008,2012,2011,2012,high,0,0,1,7,11,2012,soybean,"",102.8,0.6647237525321518,2005Q1-2012Q4,102.8,112.34435044107649,4.721568712018313,4.721568712018313,"",exact,FALSE,FALSE,FALSE,FALSE
soybean,Soybean,콩,all,pulse,0,baseline_treated,2020,04_beans.xlsx,DT_1ET0025,콩,DT_1J49: 콩 | DT_1J60: 콩,콩,종합 (see Yearbook 2025 pp.44–51),55008,147,80926,"","","","",10.915233908182577,4.990432586778736,11.301290435838888,"",10.915233908182577,"","",0.0007941268656654,2008,2012,2011,2012,high,0,0,1,8,12,2012,soybean,"",100,0.6647237525321518,2005Q1-2012Q4,100,99.98401110043991,4.605010284208882,4.605010284208882,"",exact,FALSE,FALSE,FALSE,FALSE
soybean,Soybean,콩,all,pulse,0,baseline_treated,2021,04_beans.xlsx,DT_1ET0025,콩,DT_1J49: 콩 | DT_1J60: 콩,콩,종합 (see Yearbook 2025 pp.44–51),54444,203,110781,"","","","",10.904927929451963,5.313205979041787,11.615310558446517,"",10.904927929451963,"","",0.0023468359408553,2008,2012,2011,2012,high,0,0,1,9,13,2012,soybean,"",121.225,0.6647237525321518,2005Q1-2012Q4,121.225,107.93048393469908,4.681487352610202,4.681487352610202,"",exact,FALSE,FALSE,FALSE,FALSE
soybean,Soybean,콩,all,pulse,0,baseline_treated,2022,04_beans.xlsx,DT_1ET0025,콩,DT_1J49: 콩 | DT_1J60: 콩,콩,종합 (see Yearbook 2025 pp.44–51),63956,203,129925,"","","","",11.06595062590531,5.313205979041787,11.774712639876643,"",11.06595062590531,"","",0.0007262209176364,2008,2012,2011,2012,high,0,0,1,10,14,2012,soybean,"",111.175,0.6647237525321518,2005Q1-2012Q4,111.175,101.90815674029248,4.62407198354419,4.62407198354419,"",exact,FALSE,FALSE,FALSE,FALSE
soybean,Soybean,콩,all,pulse,0,baseline_treated,2023,04_beans.xlsx,DT_1ET0025,콩,DT_1J49: 콩 | DT_1J60: 콩,콩,종합 (see Yearbook 2025 pp.44–51),67671,209,141477,"","","","",11.122413006714249,5.342334251964811,11.859892438684083,"",11.122413006714249,"","",0.0003153659931172,2008,2012,2011,2012,high,0,0,1,11,15,2012,soybean,"",97.95,0.6647237525321518,2005Q1-2012Q4,97.95,89.49685965076799,4.494203536964306,4.494203536964306,"",exact,FALSE,FALSE,FALSE,FALSE
soybean,Soybean,콩,all,pulse,0,baseline_treated,2024,04_beans.xlsx,DT_1ET0025,콩,DT_1J49: 콩 | DT_1J60: 콩,콩,종합 (see Yearbook 2025 pp.44–51),74018,209,154954,"","","","",11.212063585850707,5.342334251964811,11.95088357766166,"",11.212063585850707,"","",0.0016559258342319,2008,2012,2011,2012,high,0,0,1,12,16,2012,soybean,"",97.85,0.6647237525321518,2005Q1-2012Q4,97.85,83.60941998664266,4.426156193008885,4.426156193008885,"",exact,FALSE,FALSE,FALSE,FALSE
spinach,Spinach,시금치,open-field,vegetable,0,control_pool,1980,09_vegetables_leafy.xls,DT_1ET0028,노지시금치,DT_1J49: 시금치 | DT_1J60: 시금치,시금치,종합 (see Yearbook 2025 pp.44–51),6102.3,1183,72184,"","","","",8.716421028276551,7.075808863978387,11.186973693674336,"",8.716421028276551,"","",-0.0000860125925115085,2021,2025,2024,2025,high,1,0,0,-45,-41,0,spinach,43.275,"",0.3604873228557784,2005Q1-2012Q4,15.600088896583811,71.54610169856674,4.270342020920226,"",5.290640509244281,approximate,FALSE,TRUE,FALSE,FALSE
spinach,Spinach,시금치,open-field,vegetable,0,control_pool,1981,09_vegetables_leafy.xls,DT_1ET0028,노지시금치,DT_1J49: 시금치 | DT_1J60: 시금치,시금치,종합 (see Yearbook 2025 pp.44–51),7020,1174,82381,"","","","",8.856518497019858,7.068172000388042,11.319110106785054,"",8.856518497019858,"","",-0.000410204634754,2021,2025,2024,2025,high,1,0,0,-44,-40,0,spinach,42.8,"",0.3604873228557784,2005Q1-2012Q4,15.428857418227317,53.13973694955693,3.9729249901793504,"",4.993223478503406,approximate,FALSE,TRUE,FALSE,FALSE
spinach,Spinach,시금치,open-field,vegetable,0,control_pool,1982,09_vegetables_leafy.xls,DT_1ET0028,노지시금치,DT_1J49: 시금치 | DT_1J60: 시금치,시금치,종합 (see Yearbook 2025 pp.44–51),3936,1171,46092,"","","","",8.277920258172143,7.065613363597717,10.738394678133906,"",8.277920258172143,"","",0.00003124235213647353,2021,2025,2024,2025,high,1,0,0,-43,-39,0,spinach,38.625,"",0.3604873228557784,2005Q1-2012Q4,13.923822845304445,45.22828727039979,3.811722715658023,"",4.832021203982079,approximate,FALSE,TRUE,FALSE,FALSE
spinach,Spinach,시금치,open-field,vegetable,0,control_pool,1983,09_vegetables_leafy.xls,DT_1ET0028,노지시금치,DT_1J49: 시금치 | DT_1J60: 시금치,시금치,종합 (see Yearbook 2025 pp.44–51),3589,1269,45555,"","","","",8.185628891147607,7.145984467714388,10.726675666147958,"",8.185628891147607,"","",0.0002324932740549,2021,2025,2024,2025,high,1,0,0,-42,-38,0,spinach,43.925,"",0.3604873228557784,2005Q1-2012Q4,15.834405656440069,49.91118376387872,3.910245101170172,"",4.930543589494227,approximate,FALSE,TRUE,FALSE,FALSE
spinach,Spinach,시금치,open-field,vegetable,0,control_pool,1984,09_vegetables_leafy.xls,DT_1ET0028,노지시금치,DT_1J49: 시금치 | DT_1J60: 시금치,시금치,종합 (see Yearbook 2025 pp.44–51),5632,1279,72044,"","","","",8.636219897837877,7.153833801578843,11.185032322456948,"",8.636219897837877,"","",0.0001488090283174,2021,2025,2024,2025,high,1,0,0,-41,-37,0,spinach,43.725,"",0.3604873228557784,2005Q1-2012Q4,15.762308191868913,50.70740468929877,3.926071949031601,"",4.9463704373556565,approximate,FALSE,TRUE,FALSE,FALSE
spinach,Spinach,시금치,open-field,vegetable,0,control_pool,1985,09_vegetables_leafy.xls,DT_1ET0028,노지시금치,DT_1J49: 시금치 | DT_1J60: 시금치,시금치,종합 (see Yearbook 2025 pp.44–51),5972,1265,75542,"","","","",8.69483715865908,7.142827401161621,11.232444071955149,"",8.69483715865908,"","",-0.000050301877461578215,2021,2025,2024,2025,high,1,0,0,-40,-36,0,spinach,36.925,"",0.3604873228557784,2005Q1-2012Q4,13.31099439644962,41.627676652132095,3.7287652501883226,"",4.749063738512378,approximate,FALSE,TRUE,FALSE,FALSE
spinach,Spinach,시금치,open-field,vegetable,0,control_pool,1986,09_vegetables_leafy.xls,DT_1ET0028,노지시금치,DT_1J49: 시금치 | DT_1J60: 시금치,시금치,종합 (see Yearbook 2025 pp.44–51),5046,1229,61996,"","","","",8.526351129201004,7.113956109566034,11.034825145816942,"",8.526351129201004,"","",-0.0003119069620041,2021,2025,2024,2025,high,1,0,0,-39,-35,0,spinach,49.65,"",0.3604873228557784,2005Q1-2012Q4,17.8981955797894,57.39833911451957,4.050015367619772,"",5.070313855943827,approximate,FALSE,TRUE,FALSE,FALSE
spinach,Spinach,시금치,open-field,vegetable,0,control_pool,1987,09_vegetables_leafy.xls,DT_1ET0028,노지시금치,DT_1J49: 시금치 | DT_1J60: 시금치,시금치,종합 (see Yearbook 2025 pp.44–51),4724,1262,59613,"","","","",8.460411177317253,7.140453043101158,10.995628950073923,"",8.460411177317253,"","",-0.00006508435639496213,2021,2025,2024,2025,high,1,0,0,-38,-34,0,spinach,42.525,"",0.3604873228557784,2005Q1-2012Q4,15.329723404441978,48.09692556087872,3.873218257415646,"",4.893516745739702,approximate,FALSE,TRUE,FALSE,FALSE
spinach,Spinach,시금치,open-field,vegetable,0,control_pool,1988,09_vegetables_leafy.xls,DT_1ET0028,노지시금치,DT_1J49: 시금치 | DT_1J60: 시금치,시금치,종합 (see Yearbook 2025 pp.44–51),5350,1273,68098,"","","","",8.584851839890053,7.149131598557407,11.128703123130714,"",8.584851839890053,"","",-0.0001101293286538,2021,2025,2024,2025,high,1,0,0,-37,-33,0,spinach,51.7,"",0.3604873228557784,2005Q1-2012Q4,18.637194591643745,51.10168121427967,3.9338173971435904,"",4.954115885467646,approximate,FALSE,TRUE,FALSE,FALSE
spinach,Spinach,시금치,open-field,vegetable,0,control_pool,1989,09_vegetables_leafy.xls,DT_1ET0028,노지시금치,DT_1J49: 시금치 | DT_1J60: 시금치,시금치,종합 (see Yearbook 2025 pp.44–51),3702,1294,47912,"","","","",8.216628493133443,7.165493475060845,10.777121273944298,"",8.216628493133443,"","",0.0001694917381005,2021,2025,2024,2025,high,1,0,0,-36,-32,0,spinach,55.7,"",0.3604873228557784,2005Q1-2012Q4,20.07914388306686,52.26875165835683,3.9563987098752,"",4.976697198199255,approximate,FALSE,TRUE,FALSE,FALSE
spinach,Spinach,시금치,open-field,vegetable,0,control_pool,1990,09_vegetables_leafy.xls,DT_1ET0028,노지시금치,DT_1J49: 시금치 | DT_1J60: 시금치,시금치,종합 (see Yearbook 2025 pp.44–51),3013,1204,36278,"","","","",8.0106915391303,7.093404625868766,10.498966775917914,"",8.0106915391303,"","",0.00004079690693892246,2021,2025,2024,2025,high,1,0,0,-35,-31,0,spinach,65.1,"",0.3604873228557784,2005Q1-2012Q4,23.467724717911175,54.83258293348318,4.004284596340025,"",5.02458308466408,approximate,FALSE,TRUE,FALSE,FALSE
spinach,Spinach,시금치,open-field,vegetable,0,control_pool,1991,09_vegetables_leafy.xls,DT_1ET0028,노지시금치,DT_1J49: 시금치 | DT_1J60: 시금치,시금치,종합 (see Yearbook 2025 pp.44–51),4209,1293,54410,"","","","",8.344980368770571,7.164720378771857,10.90430323947997,"",8.344980368770571,"","",-0.000227322074366,2021,2025,2024,2025,high,1,0,0,-34,-30,0,spinach,57.45,"",0.3604873228557784,2005Q1-2012Q4,20.709996698064472,44.14007257179655,3.787368044954936,"",4.807666533278992,approximate,FALSE,TRUE,FALSE,FALSE
spinach,Spinach,시금치,open-field,vegetable,0,control_pool,1992,09_vegetables_leafy.xls,DT_1ET0028,노지시금치,DT_1J49: 시금치 | DT_1J60: 시금치,시금치,종합 (see Yearbook 2025 pp.44–51),4057,1283,52050,"","","","",8.308199063206446,7.1569563646156364,10.859960074043116,"",8.308199063206446,"","",-0.00002516779087713417,2021,2025,2024,2025,high,1,0,0,-33,-29,0,spinach,36.175,"",0.3604873228557784,2005Q1-2012Q4,13.040628904307784,26.684940376112017,3.284099375423735,"",4.30439786374779,approximate,FALSE,TRUE,FALSE,FALSE
spinach,Spinach,시금치,open-field,vegetable,0,control_pool,1993,09_vegetables_leafy.xls,DT_1ET0028,노지시금치,DT_1J49: 시금치 | DT_1J60: 시금치,시금치,종합 (see Yearbook 2025 pp.44–51),5542,1314,72835,"","","","",8.620110725422924,7.180831199044556,11.195951887883048,"",8.620110725422924,"","",0.0001801494036595,2021,2025,2024,2025,high,1,0,0,-32,-28,0,spinach,41.95,"",0.3604873228557784,2005Q1-2012Q4,15.122443193799906,31.200906278758943,3.440447141789689,"",4.4607456301137445,approximate,FALSE,TRUE,FALSE,FALSE
spinach,Spinach,시금치,open-field,vegetable,0,control_pool,1994,09_vegetables_leafy.xls,DT_1ET0028,노지시금치,DT_1J49: 시금치 | DT_1J60: 시금치,시금치,종합 (see Yearbook 2025 pp.44–51),4747,1271,60324,"","","","",8.465268118551318,7.147559271189454,11.007485313480576,"",8.465268118551318,"","",-0.0001718902721048,2021,2025,2024,2025,high,1,0,0,-31,-27,0,spinach,62.349999999999994,"",0.3604873228557784,2005Q1-2012Q4,22.476384580057783,42.94624246447089,3.759949158327701,"",4.780247646651757,approximate,FALSE,TRUE,FALSE,FALSE
spinach,Spinach,시금치,open-field,vegetable,0,control_pool,1995,09_vegetables_leafy.xls,DT_1ET0028,노지시금치,DT_1J49: 시금치 | DT_1J60: 시금치,시금치,종합 (see Yearbook 2025 pp.44–51),4353,1272,55386,"","","","",8.378620541552298,7.148345743900068,10.922082133218206,"",8.378620541552298,"","",0.0002860337539321,2021,2025,2024,2025,high,1,0,0,-30,-26,0,spinach,71.025,"",0.3604873228557784,2005Q1-2012Q4,25.603612105831665,44.03013180386666,3.7848742132645823,"",4.805172701588639,approximate,FALSE,TRUE,FALSE,FALSE
spinach,Spinach,시금치,open-field,vegetable,0,control_pool,1996,09_vegetables_leafy.xls,DT_1ET0028,노지시금치,DT_1J49: 시금치 | DT_1J60: 시금치,시금치,종합 (see Yearbook 2025 pp.44–51),4111,1382,56803,"","","","",8.321421586897879,7.231287004327616,10.947344420215888,"",8.321421586897879,"","",-0.0001939850215144,2021,2025,2024,2025,high,1,0,0,-29,-25,0,spinach,106.925,"",0.3604873228557784,2005Q1-2012Q4,38.54510699635411,63.21920814096561,4.146608181257677,"",5.166906669581732,approximate,FALSE,TRUE,FALSE,FALSE
spinach,Spinach,시금치,open-field,vegetable,0,control_pool,1997,09_vegetables_leafy.xls,DT_1ET0028,노지시금치,DT_1J49: 시금치 | DT_1J60: 시금치,시금치,종합 (see Yearbook 2025 pp.44–51),5037,1348,67887,"","","","",8.52456594574565,7.206377291472252,11.125599837189853,"",8.52456594574565,"","",-0.000173214039961,2021,2025,2024,2025,high,1,0,0,-28,-24,0,spinach,102.225,"",0.3604873228557784,2005Q1-2012Q4,36.85081657893196,62.10814776152802,4.128877184222295,"",5.149175672546352,approximate,FALSE,TRUE,FALSE,FALSE
spinach,Spinach,시금치,open-field,vegetable,0,control_pool,1998,09_vegetables_leafy.xls,DT_1ET0028,노지시금치,DT_1J49: 시금치 | DT_1J60: 시금치,시금치,종합 (see Yearbook 2025 pp.44–51),4064,1281,52057,"","","","",8.309922989258318,7.155396301896734,10.86009455107176,"",8.309922989258318,"","",-0.00005455409520216392,2021,2025,2024,2025,high,1,0,0,-27,-23,0,spinach,105.85,"",0.3604873228557784,2005Q1-2012Q4,38.15758312428415,64.76869279735237,4.170822350767175,"",5.191120839091231,approximate,FALSE,TRUE,FALSE,FALSE
spinach,Spinach,시금치,open-field,vegetable,0,control_pool,1999,09_vegetables_leafy.xls,DT_1ET0028,노지시금치,DT_1J49: 시금치 | DT_1J60: 시금치,시금치,종합 (see Yearbook 2025 pp.44–51),3356,1396,46845,"","","","",8.118505067587098,7.241366283322318,10.754599558385287,"",8.118505067587098,"","",-0.0001016065360346,2021,2025,2024,2025,high,1,0,0,-26,-22,0,spinach,120.65,"",0.3604873228557784,2005Q1-2012Q4,43.49279550254967,68.50967139763247,4.226974923588657,"",5.247273411912713,approximate,FALSE,TRUE,FALSE,FALSE
spinach,Spinach,시금치,open-field,vegetable,0,control_pool,2000,09_vegetables_leafy.xls,DT_1ET0028,노지시금치,DT_1J49: 시금치 | DT_1J60: 시금치,시금치,종합 (see Yearbook 2025 pp.44–51),4169,1452,60540,"","","","",8.335431477880796,7.280697195384741,11.01105958257571,"",8.335431477880796,"","",0.0001010952982625,2021,2025,2024,2025,high,1,0,0,-25,-21,0,spinach,129.4,"",0.3604873228557784,2005Q1-2012Q4,46.64705957753773,70.91216341601846,4.261441976172441,"",5.2817404644964965,approximate,FALSE,TRUE,FALSE,FALSE
spinach,Spinach,시금치,open-field,vegetable,0,control_pool,2001,09_vegetables_leafy.xls,DT_1ET0028,노지시금치,DT_1J49: 시금치 | DT_1J60: 시금치,시금치,종합 (see Yearbook 2025 pp.44–51),4598,1420,65284,"","","","",8.433376705323127,7.258412150595307,11.086502262270589,"",8.433376705323127,"","",-0.000116407659755,2021,2025,2024,2025,high,1,0,0,-24,-20,0,spinach,141.475,"",0.3604873228557784,2005Q1-2012Q4,50.99994400102126,74.58862829726942,4.311988059896775,"",5.33228654822083,approximate,FALSE,TRUE,FALSE,FALSE
spinach,Spinach,시금치,open-field,vegetable,0,control_pool,2002,09_vegetables_leafy.xls,DT_1ET0028,노지시금치,DT_1J49: 시금치 | DT_1J60: 시금치,시금치,종합 (see Yearbook 2025 pp.44–51),3483,1509,52569,"","","","",8.155649270366002,7.319202458767849,10.86988187137653,"",8.155649270366002,"","",0.00020032823077,2021,2025,2024,2025,high,1,0,0,-23,-19,0,spinach,163.475,"",0.3604873228557784,2005Q1-2012Q4,58.93066510384838,83.51134971277527,4.42498254732378,"",5.445281035647835,approximate,FALSE,TRUE,FALSE,FALSE
spinach,Spinach,시금치,open-field,vegetable,0,control_pool,2003,09_vegetables_leafy.xls,DT_1ET0028,노지시금치,DT_1J49: 시금치 | DT_1J60: 시금치,시금치,종합 (see Yearbook 2025 pp.44–51),3411,1451,49506,"","","","",8.134760782418645,7.280008252884188,10.8098491533324,"",8.134760782418645,"","",0.0002503040176566,2021,2025,2024,2025,high,1,0,0,-22,-18,0,spinach,160.65,"",0.3604873228557784,2005Q1-2012Q4,57.91228841678081,77.47232477650223,4.349920772926,"",5.370219261250055,approximate,FALSE,TRUE,FALSE,FALSE
spinach,Spinach,시금치,open-field,vegetable,0,control_pool,2004,09_vegetables_leafy.xls,DT_1ET0028,노지시금치,DT_1J49: 시금치 | DT_1J60: 시금치,시금치,종합 (see Yearbook 2025 pp.44–51),3933,1404,55218,"","","","",8.27715777243181,7.247080584585756,10.919044266066912,"",8.27715777243181,"","",-0.00002390496256232666,2021,2025,2024,2025,high,1,0,0,-21,-17,0,spinach,111.5,"",0.3604873228557784,2005Q1-2012Q4,40.1943364984193,52.47275928216396,3.960294164121609,"",4.980592652445664,approximate,FALSE,TRUE,FALSE,FALSE
spinach,Spinach,시금치,open-field,vegetable,0,control_pool,2005,09_vegetables_leafy.xls,DT_1ET0028,노지시금치,DT_1J49: 시금치 | DT_1J60: 시금치,시금치,종합 (see Yearbook 2025 pp.44–51),3715,1390,51656,"","","","",8.220133957151859,7.237059026124737,10.852361634306304,"",8.220133957151859,"","",0.0003388370177983,2021,2025,2024,2025,high,1,0,0,-20,-16,0,spinach,109.1,38.95,0.3604873228557784,2005Q1-2012Q4,38.95,54.56130285307385,3.999324892521983,3.999324892521983,5.029290903660724,approximate,FALSE,TRUE,FALSE,FALSE
spinach,Spinach,시금치,open-field,vegetable,0,control_pool,2006,09_vegetables_leafy.xls,DT_1ET0028,노지시금치,DT_1J49: 시금치 | DT_1J60: 시금치,시금치,종합 (see Yearbook 2025 pp.44–51),3888,1348,52428,"","","","",8.265650165580329,7.206377291472252,10.867196078739436,"",8.265650165580329,"","",0.0003388076749448,2021,2025,2024,2025,high,1,0,0,-19,-15,0,spinach,128.1,45.725,0.3604873228557784,2005Q1-2012Q4,45.725,64.49846498033143,4.166641424763981,4.166641424763981,5.196799557866861,approximate,FALSE,TRUE,FALSE,FALSE
spinach,Spinach,시금치,open-field,vegetable,0,control_pool,2007,09_vegetables_leafy.xls,DT_1ET0028,노지시금치,DT_1J49: 시금치 | DT_1J60: 시금치,시금치,종합 (see Yearbook 2025 pp.44–51),3126,1263,39468,"","","","",8.047509510981422,7.141245122350491,10.583245495977057,"",8.047509510981422,"","",-0.0003389513667642,2021,2025,2024,2025,high,1,0,0,-18,-14,0,spinach,142.475,50.85,0.3604873228557784,2005Q1-2012Q4,50.85,71.5677377214397,4.270644381937518,4.270644381937518,5.300946642302354,approximate,FALSE,TRUE,FALSE,FALSE
spinach,Spinach,시금치,open-field,vegetable,0,control_pool,2008,09_vegetables_leafy.xls,DT_1ET0028,노지시금치,DT_1J49: 시금치 | DT_1J60: 시금치,시금치,종합 (see Yearbook 2025 pp.44–51),3507,1228,43049,"","","","",8.162516250140179,7.113142108707088,10.670094280782369,"",8.162516250140179,"","",-0.0003938920768078,2021,2025,2024,2025,high,1,0,0,-17,-13,0,spinach,111.82499999999999,39.9,0.3604873228557784,2005Q1-2012Q4,39.9,56.02516551879856,4.0258009740565415,4.0258009740565415,5.056357247334931,approximate,FALSE,TRUE,FALSE,FALSE
spinach,Spinach,시금치,open-field,vegetable,0,control_pool,2009,09_vegetables_leafy.xls,DT_1ET0028,노지시금치,DT_1J49: 시금치 | DT_1J60: 시금치,시금치,종합 (see Yearbook 2025 pp.44–51),3541,1247,44147,"","","","",8.172164452111904,7.1284959456800365,10.695280253553513,"",8.172164452111904,"","",-0.0002099582503358,2021,2025,2024,2025,high,1,0,0,-16,-12,0,spinach,150.2,53.625,0.3604873228557784,2005Q1-2012Q4,53.625,75.20212614500655,4.320179503760989,4.320179503760989,5.350133820757397,approximate,FALSE,TRUE,FALSE,FALSE
spinach,Spinach,시금치,open-field,vegetable,0,control_pool,2010,09_vegetables_leafy.xls,DT_1ET0028,노지시금치,DT_1J49: 시금치 | DT_1J60: 시금치,시금치,종합 (see Yearbook 2025 pp.44–51),2951,1306,38541,"","","","",7.989899374942939,7.174724309836376,10.55947788869972,"",7.989899374942939,"","",0.00002438990849462641,2021,2025,2024,2025,high,1,0,0,-15,-11,0,spinach,218.325,77.9,0.3604873228557784,2005Q1-2012Q4,77.9,102.25442027613728,4.62746402407299,4.62746402407299,5.657523538179708,approximate,FALSE,TRUE,FALSE,FALSE
spinach,Spinach,시금치,open-field,vegetable,0,control_pool,2011,09_vegetables_leafy.xls,DT_1ET0028,노지시금치,DT_1J49: 시금치 | DT_1J60: 시금치,시금치,종합 (see Yearbook 2025 pp.44–51),3756,1217,45725,"","","","",8.231109840328154,7.104144092987527,10.730400473259069,"",8.231109840328154,"","",0.0003167259314782,2021,2025,2024,2025,high,1,0,0,-14,-10,0,spinach,166.925,63.45,0.3604873228557784,2005Q1-2012Q4,63.45,77.2429438251977,4.346955569537276,4.346955569537276,5.314116959629895,approximate,FALSE,TRUE,FALSE,FALSE
spinach,Spinach,시금치,open-field,vegetable,0,control_pool,2012,09_vegetables_leafy.xls,DT_1ET0028,노지시금치,DT_1J49: 시금치 | DT_1J60: 시금치,시금치,종합 (see Yearbook 2025 pp.44–51),3469,1301,45120,"","","","",8.15162164696975,7.170888478512505,10.71708088617194,"",8.15162164696975,"","",-0.0002590533222228,2021,2025,2024,2025,high,1,0,0,-13,-9,0,spinach,245.475,86.85,0.3604873228557784,2005Q1-2012Q4,86.85,98.83461991193164,4.593447947343609,4.593447947343609,5.633954005181984,approximate,FALSE,TRUE,FALSE,FALSE
spinach,Spinach,시금치,open-field,vegetable,0,control_pool,2013,09_vegetables_leafy.xls,DT_1ET0028,노지시금치,DT_1J49: 시금치 | DT_1J60: 시금치,시금치,종합 (see Yearbook 2025 pp.44–51),4067,1141,46389,"","","","",8.310660905907225,7.039660349862076,10.74481764114354,"",8.310660905907225,"","",-0.0003334286376688,2021,2025,2024,2025,high,1,0,0,-12,-8,0,spinach,"",73.4,0.3604873228557784,2005Q1-2012Q4,73.4,85.24411579617905,4.445519090862714,4.445519090862714,"",approximate,FALSE,TRUE,FALSE,FALSE
spinach,Spinach,시금치,open-field,vegetable,0,control_pool,2014,09_vegetables_leafy.xls,DT_1ET0028,노지시금치,DT_1J49: 시금치 | DT_1J60: 시금치,시금치,종합 (see Yearbook 2025 pp.44–51),3436,1116,38341,"","","","",8.142063283104147,7.017506142941256,10.554275098679945,"",8.142063283104147,"","",-0.000124141377368,2021,2025,2024,2025,high,1,0,0,-11,-7,0,spinach,"",63.1,0.3604873228557784,2005Q1-2012Q4,63.1,75.61048499098465,4.325594963925808,4.325594963925808,"",approximate,FALSE,TRUE,FALSE,FALSE
spinach,Spinach,시금치,open-field,vegetable,0,control_pool,2015,09_vegetables_leafy.xls,DT_1ET0028,노지시금치,DT_1J49: 시금치 | DT_1J60: 시금치,시금치,종합 (see Yearbook 2025 pp.44–51),3375,1056,35632,"","","","",8.12415060330663,6.962243464266207,10.480999389497148,"",8.12415060330663,"","",-0.0002244920875984,2021,2025,2024,2025,high,1,0,0,-10,-6,0,spinach,"",81.1,0.3604873228557784,2005Q1-2012Q4,81.1,95.13211359509155,4.555266594937403,4.555266594937403,"",approximate,FALSE,TRUE,FALSE,FALSE
spinach,Spinach,시금치,open-field,vegetable,0,control_pool,2016,09_vegetables_leafy.xls,DT_1ET0028,노지시금치,DT_1J49: 시금치 | DT_1J60: 시금치,시금치,종합 (see Yearbook 2025 pp.44–51),2885,1082,31209,"","","","",7.9672801789422,6.9865664594064265,10.348461793739006,"",7.9672801789422,"","",-0.0002146586215303,2021,2025,2024,2025,high,1,0,0,-9,-5,0,spinach,"",101.80000000000001,0.3604873228557784,2005Q1-2012Q4,101.8,117.45046432642366,4.766016664493647,4.766016664493647,"",approximate,FALSE,TRUE,FALSE,FALSE
spinach,Spinach,시금치,open-field,vegetable,0,control_pool,2017,09_vegetables_leafy.xls,DT_1ET0028,노지시금치,DT_1J49: 시금치 | DT_1J60: 시금치,시금치,종합 (see Yearbook 2025 pp.44–51),2355.0491,1113,26200,"","","","",7.764316855490076,7.014814351275545,10.173514689749188,"",7.764316855490076,"","",-0.0004463310283409,2021,2025,2024,2025,high,1,0,0,-8,-4,0,spinach,"",84,0.3604873228557784,2005Q1-2012Q4,84,92.08089382042174,4.522667471365013,4.522667471365013,"",approximate,FALSE,TRUE,FALSE,FALSE
spinach,Spinach,시금치,open-field,vegetable,0,control_pool,2018,09_vegetables_leafy.xls,DT_1ET0028,노지시금치,DT_1J49: 시금치 | DT_1J60: 시금치,시금치,종합 (see Yearbook 2025 pp.44–51),2777.3979,1094,30371,"","","","",7.929269761162164,6.997595982981927,10.321243484728525,"",7.929269761162164,"","",-0.0004520734274748,2021,2025,2024,2025,high,1,0,0,-7,-3,0,spinach,"",102.44999999999999,0.3604873228557784,2005Q1-2012Q4,102.45,110.88275752969962,4.7084734046282,4.7084734046282,"",approximate,FALSE,TRUE,FALSE,FALSE
spinach,Spinach,시금치,open-field,vegetable,0,control_pool,2019,09_vegetables_leafy.xls,DT_1ET0028,노지시금치,DT_1J49: 시금치 | DT_1J60: 시금치,시금치,종합 (see Yearbook 2025 pp.44–51),2666.9556,1092,29136,"","","","",7.888692876124426,6.9957661563048505,10.27972980196739,"",7.888692876124426,"","",0.000440955526205,2021,2025,2024,2025,high,1,0,0,-6,-2,0,spinach,"",90.825,0.3604873228557784,2005Q1-2012Q4,90.825,100.71233991451288,4.612268333572577,4.612268333572577,"",approximate,FALSE,TRUE,FALSE,FALSE
spinach,Spinach,시금치,open-field,vegetable,0,control_pool,2020,09_vegetables_leafy.xls,DT_1ET0028,노지시금치,DT_1J49: 시금치 | DT_1J60: 시금치,시금치,종합 (see Yearbook 2025 pp.44–51),2303.5016,1085,24999,"","","","",7.742185678970912,6.98933526597456,10.126591103050316,"",7.742185678970912,"","",0.0002403440929352,2021,2025,2024,2025,high,1,0,0,-5,-1,0,spinach,"",100,0.3604873228557784,2005Q1-2012Q4,100,98.85253229858738,4.593629166876639,4.593629166876639,"",approximate,FALSE,TRUE,FALSE,FALSE
spinach,Spinach,시금치,open-field,vegetable,0,control_pool,2021,09_vegetables_leafy.xls,DT_1ET0028,노지시금치,DT_1J49: 시금치 | DT_1J60: 시금치,시금치,종합 (see Yearbook 2025 pp.44–51),1474.9524,1189,17534,"","","","",7.296380997066754,7.080867896690782,9.771897132148531,"",7.296380997066754,"","",-0.0001815756209122,2021,2025,2024,2025,high,0,1,0,-4,0,0,spinach,"",117.525,0.3604873228557784,2005Q1-2012Q4,117.525,104.70839314527474,4.651179278419755,4.651179278419755,"",approximate,FALSE,TRUE,FALSE,FALSE
spinach,Spinach,시금치,open-field,vegetable,0,control_pool,2022,09_vegetables_leafy.xls,DT_1ET0028,노지시금치,DT_1J49: 시금치 | DT_1J60: 시금치,시금치,종합 (see Yearbook 2025 pp.44–51),2075.4607,1118,23205,"","","","",7.637938432117482,7.0192966537150445,10.052123051675276,"",7.637938432117482,"","",0.000058151830840458274,2021,2025,2024,2025,high,0,1,0,-3,1,0,spinach,"",129.35,0.3604873228557784,2005Q1-2012Q4,129.35,116.881376566714,4.761159544980155,4.761159544980155,"",approximate,FALSE,TRUE,FALSE,FALSE
spinach,Spinach,시금치,open-field,vegetable,0,control_pool,2023,09_vegetables_leafy.xls,DT_1ET0028,노지시금치,DT_1J49: 시금치 | DT_1J60: 시금치,시금치,종합 (see Yearbook 2025 pp.44–51),2485.8721,1072,26640,"","","","",7.818378822637745,6.977281341630747,10.190169124654323,"",7.818378822637745,"","",-0.000320853626075,2021,2025,2024,2025,high,0,1,0,-2,2,0,spinach,"",144.65,0.3604873228557784,2005Q1-2012Q4,144.65,130.51006968804842,4.87145038614641,4.87145038614641,"",approximate,FALSE,TRUE,FALSE,FALSE
spinach,Spinach,시금치,open-field,vegetable,0,control_pool,2024,09_vegetables_leafy.xls,DT_1ET0028,노지시금치,DT_1J49: 시금치 | DT_1J60: 시금치,시금치,종합 (see Yearbook 2025 pp.44–51),2370.4624,1069,25329,"","","","",7.770840320583809,6.974478911025045,10.139705263337609,"",7.770840320583809,"","",-0.0004437822831544,2021,2025,2024,2025,high,0,1,0,-1,3,0,spinach,"",193.625,0.3604873228557784,2005Q1-2012Q4,193.625,166.6352189674318,5.115807105755193,5.115807105755193,"",approximate,FALSE,TRUE,FALSE,FALSE
spring_napa,Spring Napa cabbage,봄배추,spring,vegetable,0,control_pool,1980,09_vegetables_leafy.xls,DT_1ET0028,일반봄배추,DT_1J49: 배추 | DT_1J60: 배추,봄배추,종합 (see Yearbook 2025 pp.44–51),19116.5,3153,602740.2,"","","","",9.858307115455586,8.056109659545061,13.30924153709747,"",9.858307115455586,"","",-0.000005051915085374503,2024,"","","",high,1,0,0,"",-44,0,napa_cabbage,44.675,"",1.6918478281364864,2005Q1-2012Q4,75.58330172199753,346.90130945240463,5.849040328694451,"",5.323219007644459,approximate,TRUE,TRUE,FALSE,FALSE
spring_napa,Spring Napa cabbage,봄배추,spring,vegetable,0,control_pool,1981,09_vegetables_leafy.xls,DT_1ET0028,일반봄배추,DT_1J49: 배추 | DT_1J60: 배추,봄배추,종합 (see Yearbook 2025 pp.44–51),16006,3287,526135,"","","","",9.680718930926991,8.097730573664219,13.17331311278224,"",9.680718930926991,"","",0.00003379417912086069,2024,"","","",high,1,0,0,"",-43,0,napa_cabbage,44.3,"",1.6918478281364864,2005Q1-2012Q4,74.94885878644635,256.711875261864,5.547954348053138,"",5.022133027003146,approximate,TRUE,TRUE,FALSE,FALSE
spring_napa,Spring Napa cabbage,봄배추,spring,vegetable,0,control_pool,1982,09_vegetables_leafy.xls,DT_1ET0028,일반봄배추,DT_1J49: 배추 | DT_1J60: 배추,봄배추,종합 (see Yearbook 2025 pp.44–51),17691,3536,625547,"","","","",9.780811314668616,8.170751423757535,13.346381745954332,"",9.780811314668616,"","",-0.00001080648372386861,2024,"","","",high,1,0,0,"",-42,0,napa_cabbage,33.925,"",1.6918478281364864,2005Q1-2012Q4,57.395937569530304,185.99897373804905,5.225741156160609,"",4.699919835110617,approximate,TRUE,TRUE,FALSE,FALSE
spring_napa,Spring Napa cabbage,봄배추,spring,vegetable,0,control_pool,1983,09_vegetables_leafy.xls,DT_1ET0028,일반봄배추,DT_1J49: 배추 | DT_1J60: 배추,봄배추,종합 (see Yearbook 2025 pp.44–51),15753,3396,535004,"","","","",9.66478610230597,8.130353547431238,13.190029502485707,"",9.66478610230597,"","",0.00006003873659210512,2024,"","","",high,1,0,0,"",-41,0,napa_cabbage,41.5,"",1.6918478281364864,2005Q1-2012Q4,70.21168486766419,222.61405577895133,5.405439580509024,"",4.879618259459033,approximate,TRUE,TRUE,FALSE,FALSE
spring_napa,Spring Napa cabbage,봄배추,spring,vegetable,0,control_pool,1984,09_vegetables_leafy.xls,DT_1ET0028,일반봄배추,DT_1J49: 배추 | DT_1J60: 배추,봄배추,종합 (see Yearbook 2025 pp.44–51),17789,3060,544312,"","","","",9.78633556772527,8.026170194946426,13.20727789084471,"",9.78633556772527,"","",-0.00005768583889498302,2024,"","","",high,1,0,0,"",-40,0,napa_cabbage,37.325,"",1.6918478281364864,2005Q1-2012Q4,63.14822018519435,203.35795670788667,5.314967759730785,"",4.789146438680794,approximate,TRUE,TRUE,FALSE,FALSE
spring_napa,Spring Napa cabbage,봄배추,spring,vegetable,0,control_pool,1985,09_vegetables_leafy.xls,DT_1ET0028,일반봄배추,DT_1J49: 배추 | DT_1J60: 배추,봄배추,종합 (see Yearbook 2025 pp.44–51),16894,3272,552841,"","","","",9.734713808287442,8.093156697722637,13.222825716557946,"",9.734713808287442,"","",0.0001253965359566,2024,"","","",high,1,0,0,"",-39,0,napa_cabbage,40.025,"",1.6918478281364864,2005Q1-2012Q4,67.71620932116286,211.0215940147406,5.351960469541641,"",4.826139148491649,approximate,TRUE,TRUE,FALSE,FALSE
spring_napa,Spring Napa cabbage,봄배추,spring,vegetable,0,control_pool,1986,09_vegetables_leafy.xls,DT_1ET0028,일반봄배추,DT_1J49: 배추 | DT_1J60: 배추,봄배추,종합 (see Yearbook 2025 pp.44–51),21278,3247,690794,"","","","",9.96542895407631,8.085486772102845,13.445596939635006,"",9.96542895407631,"","",-0.0001486005560593,2024,"","","",high,1,0,0,"",-38,0,napa_cabbage,46.525,"",1.6918478281364864,2005Q1-2012Q4,78.71322020405003,251.94115868117652,5.529195562949766,"",5.003374241899775,approximate,TRUE,TRUE,FALSE,FALSE
spring_napa,Spring Napa cabbage,봄배추,spring,vegetable,0,control_pool,1987,09_vegetables_leafy.xls,DT_1ET0028,일반봄배추,DT_1J49: 배추 | DT_1J60: 배추,봄배추,종합 (see Yearbook 2025 pp.44–51),17796,3183,566526,"","","","",9.786728991925932,8.065579427282092,13.247278254248736,"",9.786728991925932,"","",0.0001400210288036,2024,"","","",high,1,0,0,"",-37,0,napa_cabbage,47.6,"",1.6918478281364864,2005Q1-2012Q4,80.53195661929675,250.04072727155,5.521623813680202,"",4.995802492630211,approximate,TRUE,TRUE,FALSE,FALSE
spring_napa,Spring Napa cabbage,봄배추,spring,vegetable,0,control_pool,1988,09_vegetables_leafy.xls,DT_1ET0028,일반봄배추,DT_1J49: 배추 | DT_1J60: 배추,봄배추,종합 (see Yearbook 2025 pp.44–51),19233,3386,651192,"","","","",9.864382832655368,8.12740456269308,13.38655980858272,"",9.864382832655368,"","",-0.00005740077763505269,2024,"","","",high,1,0,0,"",-36,0,napa_cabbage,80.8,"",1.6918478281364864,2005Q1-2012Q4,136.7013045134281,376.7075303943132,5.931469104926417,"",5.405647783876424,approximate,TRUE,TRUE,FALSE,FALSE
spring_napa,Spring Napa cabbage,봄배추,spring,vegetable,0,control_pool,1989,09_vegetables_leafy.xls,DT_1ET0028,일반봄배추,DT_1J49: 배추 | DT_1J60: 배추,봄배추,종합 (see Yearbook 2025 pp.44–51),20082,3332,669157,"","","","",9.907579170439382,8.111328003286733,13.413773990202458,"",9.907579170439382,"","",0.00003700246443472111,2024,"","","",high,1,0,0,"",-35,0,napa_cabbage,70.55,"",1.6918478281364864,2005Q1-2012Q4,119.35986427502912,310.91439242350015,5.739517608767435,"",5.213696287717443,approximate,TRUE,TRUE,FALSE,FALSE
spring_napa,Spring Napa cabbage,봄배추,spring,vegetable,0,control_pool,1990,09_vegetables_leafy.xls,DT_1ET0028,일반봄배추,DT_1J49: 배추 | DT_1J60: 배추,봄배추,종합 (see Yearbook 2025 pp.44–51),20869,3316,692026,"","","","",9.946020083254831,8.106514516255185,13.447378806148322,"",9.946020083254831,"","",0.000014392626397352616,2024,"","","",high,1,0,0,"",-34,0,napa_cabbage,71.1,"",1.6918478281364864,2005Q1-2012Q4,120.29038058050418,280.66578729360214,5.637164592411121,"",5.11134327136113,approximate,TRUE,TRUE,FALSE,FALSE
spring_napa,Spring Napa cabbage,봄배추,spring,vegetable,0,control_pool,1991,09_vegetables_leafy.xls,DT_1ET0028,일반봄배추,DT_1J49: 배추 | DT_1J60: 배추,봄배추,종합 (see Yearbook 2025 pp.44–51),12137,3278,397863,"","","","",9.40401391710636,8.094988759303774,12.893863003903364,"",9.40401391710636,"","",0.00003051348131855036,2024,"","","",high,1,0,0,"",-33,0,napa_cabbage,40.9,"",1.6918478281364864,2005Q1-2012Q4,69.1965761707823,147.11413863788314,4.991208738813736,"",4.465387417763744,approximate,TRUE,TRUE,FALSE,FALSE
spring_napa,Spring Napa cabbage,봄배추,spring,vegetable,0,control_pool,1992,09_vegetables_leafy.xls,DT_1ET0028,일반봄배추,DT_1J49: 배추 | DT_1J60: 배추,봄배추,종합 (see Yearbook 2025 pp.44–51),12570,3293,413868,"","","","",9.439068301584292,8.099554282376364,12.933302361387277,"",9.439068301584292,"","",-0.0001500365852891,2024,"","","",high,1,0,0,"",-32,0,napa_cabbage,36.625,"",1.6918478281364864,2005Q1-2012Q4,61.96392670549881,126.4651637865888,4.839966885155884,"",4.314145564105893,approximate,TRUE,TRUE,FALSE,FALSE
spring_napa,Spring Napa cabbage,봄배추,spring,vegetable,0,control_pool,1993,09_vegetables_leafy.xls,DT_1ET0028,일반봄배추,DT_1J49: 배추 | DT_1J60: 배추,봄배추,종합 (see Yearbook 2025 pp.44–51),18952,4026,762936,"","","","",9.849664745838622,8.300528606199737,13.54492942732519,"",9.849664745838622,"","",-0.00009373872507723036,2024,"","","",high,1,0,0,"",-31,0,napa_cabbage,30.900000000000002,"",1.6918478281364864,2005Q1-2012Q4,52.27809788941743,108.06976992728995,4.682777036389795,"",4.156955715339803,approximate,TRUE,TRUE,FALSE,FALSE
spring_napa,Spring Napa cabbage,봄배추,spring,vegetable,0,control_pool,1994,09_vegetables_leafy.xls,DT_1ET0028,일반봄배추,DT_1J49: 배추 | DT_1J60: 배추,봄배추,종합 (see Yearbook 2025 pp.44–51),12774,3539,452059,"","","","",9.455167134121536,8.171599480345463,13.021567981269394,"",9.455167134121536,"","",-0.000028447209512449945,2024,"","","",high,1,0,0,"",-30,0,napa_cabbage,41.05,"",1.6918478281364864,2005Q1-2012Q4,69.45035334500277,131.32643107953533,4.877686064016785,"",4.351864742966793,approximate,TRUE,TRUE,FALSE,FALSE
spring_napa,Spring Napa cabbage,봄배추,spring,vegetable,0,control_pool,1995,09_vegetables_leafy.xls,DT_1ET0028,일반봄배추,DT_1J49: 배추 | DT_1J60: 배추,봄배추,종합 (see Yearbook 2025 pp.44–51),15225,3988,607112,"","","","",9.630694092578098,8.291045131081729,13.316468567024316,"",9.630694092578098,"","",-0.0001004706474194,2024,"","","",high,1,0,0,"",-29,0,napa_cabbage,77.5,"",1.6918478281364864,2005Q1-2012Q4,131.11820668057769,225.63417163641063,5.41891497817303,"",4.893093657123037,approximate,TRUE,TRUE,FALSE,FALSE
spring_napa,Spring Napa cabbage,봄배추,spring,vegetable,0,control_pool,1996,09_vegetables_leafy.xls,DT_1ET0028,일반봄배추,DT_1J49: 배추 | DT_1J60: 배추,봄배추,종합 (see Yearbook 2025 pp.44–51),16623,4020,668307,"","","","",9.71854255753546,8.299037181613066,13.412502927782178,"",9.71854255753546,"","",0.00009337462174308088,2024,"","","",high,1,0,0,"",-28,0,napa_cabbage,105.925,"",1.6918478281364864,2005Q1-2012Q4,179.20898119535732,293.72498461042574,5.682643903059136,"",5.156822582009144,approximate,TRUE,TRUE,FALSE,FALSE
spring_napa,Spring Napa cabbage,봄배추,spring,vegetable,0,control_pool,1997,09_vegetables_leafy.xls,DT_1ET0028,일반봄배추,DT_1J49: 배추 | DT_1J60: 배추,봄배추,종합 (see Yearbook 2025 pp.44–51),15961,4127,658711,"","","","",9.677903525682558,8.325306029752582,13.398040174049086,"",9.677903525682558,"","",8.046020365526374e-7,2024,"","","",high,1,0,0,"",-27,0,napa_cabbage,96.95,"",1.6918478281364864,2005Q1-2012Q4,164.02464693783236,276.56421451298576,5.62244303455202,"",5.096621713502029,approximate,TRUE,TRUE,FALSE,FALSE
spring_napa,Spring Napa cabbage,봄배추,spring,vegetable,0,control_pool,1998,09_vegetables_leafy.xls,DT_1ET0028,일반봄배추,DT_1J49: 배추 | DT_1J60: 배추,봄배추,종합 (see Yearbook 2025 pp.44–51),16712,4146,692862,"","","","",9.7238823032364,8.329899292995725,13.44858612414306,"",9.7238823032364,"","",-0.0000252861009766292,2024,"","","",high,1,0,0,"",-26,0,napa_cabbage,106.075,"",1.6918478281364864,2005Q1-2012Q4,179.46275836957778,304.1611130277208,5.717557538082848,"",5.191736217032855,approximate,TRUE,TRUE,FALSE,FALSE
spring_napa,Spring Napa cabbage,봄배추,spring,vegetable,0,control_pool,1999,09_vegetables_leafy.xls,DT_1ET0028,일반봄배추,DT_1J49: 배추 | DT_1J60: 배추,봄배추,종합 (see Yearbook 2025 pp.44–51),16242,4329,703093,"","","","",9.695355758842355,8.37309184744198,13.46324445222815,"",9.695355758842355,"","",-0.000032968068095939884,2024,"","","",high,1,0,0,"",-25,0,napa_cabbage,113.675,"",1.6918478281364864,2005Q1-2012Q4,192.32080186341508,304.6701040361339,5.719229565116708,"",5.193408244066715,approximate,TRUE,TRUE,FALSE,FALSE
spring_napa,Spring Napa cabbage,봄배추,spring,vegetable,0,control_pool,2000,09_vegetables_leafy.xls,DT_1ET0028,일반봄배추,DT_1J49: 배추 | DT_1J60: 배추,봄배추,종합 (see Yearbook 2025 pp.44–51),18908,4588,867460,"","","","",9.847340391913129,8.431199478249262,13.673324680229989,"",9.847340391913129,"","",-0.00004500394430806409,2024,"","","",high,1,0,0,"",-24,0,napa_cabbage,88.025,"",1.6918478281364864,2005Q1-2012Q4,148.9249050717142,225.35808121289733,5.417690609212103,"",4.891869288162112,approximate,TRUE,TRUE,FALSE,FALSE
spring_napa,Spring Napa cabbage,봄배추,spring,vegetable,0,control_pool,2001,09_vegetables_leafy.xls,DT_1ET0028,일반봄배추,DT_1J49: 배추 | DT_1J60: 배추,봄배추,종합 (see Yearbook 2025 pp.44–51),20016,4787,958206,"","","","",9.904287232706691,8.473659189392508,13.772818065152318,"",9.904287232706691,"","",0.000041829041208529816,2024,"","","",high,1,0,0,"",-23,0,napa_cabbage,104.825,"",1.6918478281364864,2005Q1-2012Q4,177.3479485844072,258.7204450077686,5.555748115863529,"",5.029926794813536,approximate,TRUE,TRUE,FALSE,FALSE
spring_napa,Spring Napa cabbage,봄배추,spring,vegetable,0,control_pool,2002,09_vegetables_leafy.xls,DT_1ET0028,일반봄배추,DT_1J49: 배추 | DT_1J60: 배추,봄배추,종합 (see Yearbook 2025 pp.44–51),16170,4684,757376,"","","","",9.690912952571152,8.451907724717607,13.537615106596313,"",9.690912952571152,"","",-0.00003538470435771046,2024,"","","",high,1,0,0,"",-22,0,napa_cabbage,134.2,"",1.6918478281364864,2005Q1-2012Q4,227.04597853591648,321.69750016111044,5.77361166350018,"",5.247790342450188,approximate,TRUE,TRUE,FALSE,FALSE
spring_napa,Spring Napa cabbage,봄배추,spring,vegetable,0,control_pool,2003,09_vegetables_leafy.xls,DT_1ET0028,일반봄배추,DT_1J49: 배추 | DT_1J60: 배추,봄배추,종합 (see Yearbook 2025 pp.44–51),21617,4477,967818,"","","","",9.981235321158051,8.406708458240965,13.782799332052464,"",9.981235321158051,"","",0.000025738641538097795,2024,"","","",high,1,0,0,"",-21,0,napa_cabbage,208.3,"",1.6918478281364864,2005Q1-2012Q4,352.4119026008301,468.5377592108766,6.149616694398516,"",5.623795373348524,approximate,TRUE,TRUE,FALSE,FALSE
spring_napa,Spring Napa cabbage,봄배추,spring,vegetable,0,control_pool,2004,09_vegetables_leafy.xls,DT_1ET0028,일반봄배추,DT_1J49: 배추 | DT_1J60: 배추,봄배추,종합 (see Yearbook 2025 pp.44–51),18336,5042,924575,"","","","",9.816621619514466,8.525558107747866,13.737089451451263,"",9.816621619514466,"","",0.00007991017702302372,2024,"","","",high,1,0,0,"",-20,0,napa_cabbage,125.95,"",1.6918478281364864,2005Q1-2012Q4,213.08823395379045,274.98010919481203,5.616698764849932,"",5.090877443799941,approximate,TRUE,TRUE,FALSE,FALSE
spring_napa,Spring Napa cabbage,봄배추,spring,vegetable,0,control_pool,2005,09_vegetables_leafy.xls,DT_1ET0028,일반봄배추,DT_1J49: 배추 | DT_1J60: 배추,봄배추,종합 (see Yearbook 2025 pp.44–51),16644,4885,813081,"","","","",9.719805070102831,8.493924564476883,13.60858601456342,"",9.719805070102831,"","",0.00002656597179573339,2024,"","","",high,1,0,0,"",-19,0,napa_cabbage,73.125,123.6,1.6918478281364864,2005Q1-2012Q4,123.6,175.64180923335658,5.168446746445272,5.168446746445272,4.643564674147318,approximate,TRUE,TRUE,FALSE,FALSE
spring_napa,Spring Napa cabbage,봄배추,spring,vegetable,0,control_pool,2006,09_vegetables_leafy.xls,DT_1ET0028,일반봄배추,DT_1J49: 배추 | DT_1J60: 배추,봄배추,종합 (see Yearbook 2025 pp.44–51),16715,5160,862438,"","","","",9.7240617988542,8.548691858475609,13.667518541245895,"",9.7240617988542,"","",-0.00006493009581909348,2024,"","","",high,1,0,0,"",-18,0,napa_cabbage,49.025,82.875,1.6918478281364864,2005Q1-2012Q4,82.875,116.85404424394538,4.760925670946016,4.760925670946016,4.235921921643941,approximate,TRUE,TRUE,FALSE,FALSE
spring_napa,Spring Napa cabbage,봄배추,spring,vegetable,0,control_pool,2007,09_vegetables_leafy.xls,DT_1ET0028,일반봄배추,DT_1J49: 배추 | DT_1J60: 배추,봄배추,종합 (see Yearbook 2025 pp.44–51),12891,5332,687343,"","","","",9.464284672443103,8.5814816812986,13.440588718807554,"",9.464284672443103,"","",-0.000007448946059085415,2024,"","","",high,1,0,0,"",-17,0,napa_cabbage,49.375,83.475,1.6918478281364864,2005Q1-2012Q4,83.475,116.83218660111493,4.760738602646654,4.760738602646654,4.235634622301297,approximate,TRUE,TRUE,FALSE,FALSE
spring_napa,Spring Napa cabbage,봄배추,spring,vegetable,0,control_pool,2008,09_vegetables_leafy.xls,DT_1ET0028,일반봄배추,DT_1J49: 배추 | DT_1J60: 배추,봄배추,종합 (see Yearbook 2025 pp.44–51),13110,5203,682049,"","","","",9.481130576757746,8.556990661290303,13.432856781752022,"",9.481130576757746,"","",-0.00009427030793496272,2024,"","","",high,1,0,0,"",-16,0,napa_cabbage,31.05,52.475,1.6918478281364864,2005Q1-2012Q4,52.475,73.0157726280673,4.290675481208239,4.290675481208239,3.765935879661278,approximate,TRUE,TRUE,FALSE,FALSE
spring_napa,Spring Napa cabbage,봄배추,spring,vegetable,0,control_pool,2009,09_vegetables_leafy.xls,DT_1ET0028,일반봄배추,DT_1J49: 배추 | DT_1J60: 배추,봄배추,종합 (see Yearbook 2025 pp.44–51),11371,5242,596057,"","","","",9.338821533624722,8.564458383883352,13.298091579058395,"",9.338821533624722,"","",-0.000018152461585430046,2024,"","","",high,1,0,0,"",-15,0,napa_cabbage,23.875,40.375,1.6918478281364864,2005Q1-2012Q4,40.375,56.4389097960124,4.033158810639521,4.033158810639521,3.507788699230241,approximate,TRUE,TRUE,FALSE,FALSE
spring_napa,Spring Napa cabbage,봄배추,spring,vegetable,0,control_pool,2010,09_vegetables_leafy.xls,DT_1ET0028,일반봄배추,DT_1J49: 배추 | DT_1J60: 배추,봄배추,종합 (see Yearbook 2025 pp.44–51),11332,5180,587039,"","","","",9.335385860950408,8.55256033525353,13.282846536126224,"",9.335385860950408,"","",0.00007052591037925993,2024,"","","",high,1,0,0,"",-14,0,napa_cabbage,32.225,54.475,1.6918478281364864,2005Q1-2012Q4,54.475,71.32982977098864,4.2673146097875705,4.2673146097875705,3.7422093813818087,approximate,TRUE,TRUE,FALSE,FALSE
spring_napa,Spring Napa cabbage,봄배추,spring,vegetable,0,control_pool,2011,09_vegetables_leafy.xls,DT_1ET0028,일반봄배추,DT_1J49: 배추 | DT_1J60: 배추,봄배추,종합 (see Yearbook 2025 pp.44–51),13787,4980,686594,"","","","",9.531481398171628,8.513185170018698,13.439498421255047,"",9.531481398171628,"","",0.000002039052812818909,2024,"","","",high,1,0,0,"",-13,0,napa_cabbage,37.9,64.575,1.6918478281364864,2005Q1-2012Q4,64.575,78.86093840566076,4.367686028019319,4.367686028019319,3.834685858953634,approximate,TRUE,TRUE,FALSE,FALSE
spring_napa,Spring Napa cabbage,봄배추,spring,vegetable,0,control_pool,2012,09_vegetables_leafy.xls,DT_1ET0028,일반봄배추,DT_1J49: 배추 | DT_1J60: 배추,봄배추,종합 (see Yearbook 2025 pp.44–51),7725,4685,361898,"","","","",8.952217101765946,8.452121194672523,12.799117683148058,"",8.952217101765946,"","",-0.00005042730231963333,2024,"","","",high,1,0,0,"",-12,0,napa_cabbage,33.875,56.849999999999994,1.6918478281364864,2005Q1-2012Q4,56.85,65.03368293695662,4.174905334706987,4.174905334706987,3.65738158566276,approximate,TRUE,TRUE,FALSE,FALSE
spring_napa,Spring Napa cabbage,봄배추,spring,vegetable,0,control_pool,2013,09_vegetables_leafy.xls,DT_1ET0028,일반봄배추,DT_1J49: 배추 | DT_1J60: 배추,봄배추,종합 (see Yearbook 2025 pp.44–51),8650,4997,432221,"","","","",9.065314599925925,8.516593011344206,12.976692310490916,"",9.065314599925925,"","",-0.00004511479112423444,2024,"","","",high,1,0,0,"",-11,0,napa_cabbage,"",82.475,1.6918478281364864,2005Q1-2012Q4,82.475,96.14028955278992,4.565808474243991,4.565808474243991,"",approximate,TRUE,TRUE,FALSE,FALSE
spring_napa,Spring Napa cabbage,봄배추,spring,vegetable,0,control_pool,2014,09_vegetables_leafy.xls,DT_1ET0028,일반봄배추,DT_1J49: 배추 | DT_1J60: 배추,봄배추,종합 (see Yearbook 2025 pp.44–51),4916,5049,248226,"","","","",8.500250470685925,8.526945482858915,12.42209490049676,"",8.500250470685925,"","",0.00006913294001087422,2024,"","","",high,1,0,0,"",-10,0,napa_cabbage,"",55.45,1.6918478281364864,2005Q1-2012Q4,55.45,66.2856583968459,4.193973560019555,4.193973560019555,"",approximate,TRUE,TRUE,FALSE,FALSE
spring_napa,Spring Napa cabbage,봄배추,spring,vegetable,0,control_pool,2015,09_vegetables_leafy.xls,DT_1ET0028,일반봄배추,DT_1J49: 배추 | DT_1J60: 배추,봄배추,종합 (see Yearbook 2025 pp.44–51),4343,4531,196785,"","","","",8.376320632534823,8.418697944667139,12.18986704118324,"",8.376320632534823,"","",0.0000186499693715092,2024,"","","",high,1,0,0,"",-9,0,napa_cabbage,"",68.65,1.6918478281364864,2005Q1-2012Q4,68.65,80.43134528931955,4.387403966989195,4.387403966989195,"",approximate,TRUE,TRUE,FALSE,FALSE
spring_napa,Spring Napa cabbage,봄배추,spring,vegetable,0,control_pool,2016,09_vegetables_leafy.xls,DT_1ET0028,일반봄배추,DT_1J49: 배추 | DT_1J60: 배추,봄배추,종합 (see Yearbook 2025 pp.44–51),3902,4624,180410,"","","","",8.269244521183056,8.439015410352214,12.102987317446848,"",8.269244521183056,"","",-0.0001024281003303,2024,"","","",high,1,0,0,"",-8,0,napa_cabbage,"",91.15,1.6918478281364864,2005Q1-2012Q4,91.15,105.53291725882464,4.659022916182508,4.659022916182508,"",approximate,TRUE,TRUE,FALSE,FALSE
spring_napa,Spring Napa cabbage,봄배추,spring,vegetable,0,control_pool,2017,09_vegetables_leafy.xls,DT_1ET0028,일반봄배추,DT_1J49: 배추 | DT_1J60: 배추,봄배추,종합 (see Yearbook 2025 pp.44–51),6604.1905,4833,319179,"","","","",8.795459650777822,8.483222671845084,12.673507352919884,"",8.795459650777822,"","",-0.000004783714929956773,2024,"","","",high,1,0,0,"",-7,0,napa_cabbage,"",79.2,1.6918478281364864,2005Q1-2012Q4,79.2,86.48564530729551,4.459978449961898,4.459978449961898,"",approximate,TRUE,TRUE,FALSE,FALSE
spring_napa,Spring Napa cabbage,봄배추,spring,vegetable,0,control_pool,2018,09_vegetables_leafy.xls,DT_1ET0028,일반봄배추,DT_1J49: 배추 | DT_1J60: 배추,봄배추,종합 (see Yearbook 2025 pp.44–51),5662.3167,4930,279172,"","","","",8.641588398406414,8.503094267036737,12.539583358308372,"",8.641588398406414,"","",0.00007087885331280575,2024,"","","",high,1,0,0,"",-6,0,napa_cabbage,"",77.825,1.6918478281364864,2005Q1-2012Q4,77.825,84.32624808173023,4.434693181688822,4.434693181688822,"",approximate,TRUE,TRUE,FALSE,FALSE
spring_napa,Spring Napa cabbage,봄배추,spring,vegetable,0,control_pool,2019,09_vegetables_leafy.xls,DT_1ET0028,일반봄배추,DT_1J49: 배추 | DT_1J60: 배추,봄배추,종합 (see Yearbook 2025 pp.44–51),4897.0756,5454,267093,"","","","",8.496393489606431,8.604104563405533,12.495352191341675,"",8.496393489606431,"","",0.000024324317802637552,2024,"","","",high,1,0,0,"",-5,0,napa_cabbage,"",65.425,1.6918478281364864,2005Q1-2012Q4,65.425,71.77617044940887,4.2735525330759625,4.2735525330759625,"",approximate,TRUE,TRUE,FALSE,FALSE
spring_napa,Spring Napa cabbage,봄배추,spring,vegetable,0,control_pool,2020,09_vegetables_leafy.xls,DT_1ET0028,일반봄배추,DT_1J49: 배추 | DT_1J60: 배추,봄배추,종합 (see Yearbook 2025 pp.44–51),5807.5955,5371,311906,"","","","",8.66692190876248,8.58876938990546,12.650457139345782,"",8.66692190876248,"","",-0.0000639733340648263,2024,"","","",high,1,0,0,"",-4,0,napa_cabbage,"",99.975,1.6918478281364864,2005Q1-2012Q4,99.975,99.22607366268056,4.597400819096157,4.597400819096157,"",approximate,TRUE,TRUE,FALSE,FALSE
spring_napa,Spring Napa cabbage,봄배추,spring,vegetable,0,control_pool,2021,09_vegetables_leafy.xls,DT_1ET0028,일반봄배추,DT_1J49: 배추 | DT_1J60: 배추,봄배추,종합 (see Yearbook 2025 pp.44–51),5471.3266,5210,285034,"","","","",8.607276388864033,8.558335134747413,12.560363750380931,"",8.607276388864033,"","",-0.00007758724242279413,2024,"","","",high,1,0,0,"",-3,0,napa_cabbage,"",70.375,1.6918478281364864,2005Q1-2012Q4,70.375,62.72905668482546,4.138824764291543,4.138824764291543,"",approximate,TRUE,TRUE,FALSE,FALSE
spring_napa,Spring Napa cabbage,봄배추,spring,vegetable,0,control_pool,2022,09_vegetables_leafy.xls,DT_1ET0028,일반봄배추,DT_1J49: 배추 | DT_1J60: 배추,봄배추,종합 (see Yearbook 2025 pp.44–51),5478.166,5009,274394,"","","","",8.6085256523942,8.518991573357617,12.522320308705591,"",8.6085256523942,"","",-0.00002673105813144616,2024,"","","",high,1,0,0,"",-2,0,napa_cabbage,"",99.725,1.6918478281364864,2005Q1-2012Q4,99.725,90.71501185661512,4.507722854523933,4.507722854523933,"",approximate,TRUE,TRUE,FALSE,FALSE
spring_napa,Spring Napa cabbage,봄배추,spring,vegetable,0,control_pool,2023,09_vegetables_leafy.xls,DT_1ET0028,일반봄배추,DT_1J49: 배추 | DT_1J60: 배추,봄배추,종합 (see Yearbook 2025 pp.44–51),5969.7408,5097,304296,"","","","",8.694458788358672,8.536407410340042,12.625756190875894,"",8.694458788358672,"","",0.00006017816527226216,2024,"","","",high,1,0,0,"",-1,0,napa_cabbage,"",76.725,1.6918478281364864,2005Q1-2012Q4,76.725,69.66529864795456,4.243702326471669,4.243702326471669,"",approximate,TRUE,TRUE,FALSE,FALSE
spring_napa,Spring Napa cabbage,봄배추,spring,vegetable,0,control_pool,2024,09_vegetables_leafy.xls,DT_1ET0028,일반봄배추,DT_1J49: 배추 | DT_1J60: 배추,봄배추,종합 (see Yearbook 2025 pp.44–51),5813.6542,5052,293705,"","","","",8.667964602225805,8.527539483470381,12.59033114121613,"",8.667964602225805,"","",-0.0000027584919646272965,2024,"","","",high,0,1,0,"",0,0,napa_cabbage,"",124.825,1.6918478281364864,2005Q1-2012Q4,124.825,107.81539301219782,4.6804204406019885,4.6804204406019885,"",approximate,TRUE,TRUE,FALSE,FALSE
spring_potato,Spring potato,봄감자,spring,tuber,0,baseline_treated,1980,06_potatoes.xlsx,DT_1ET0026,일반봄감자,DT_1J49: 감자 | DT_1J60: 감자,봄감자,종합 (see Yearbook 2025 pp.44–51),"","","","","","","","","","","","","","","",2008,2013,2011,2013,medium,1,0,0,-33,-28,2013,potato,53.8,"",0.7711582109176423,2005Q1-2012Q4,41.48831174736915,188.65908169061024,5.239941585673607,"",5.4998033099157,approximate,TRUE,TRUE,FALSE,FALSE
spring_potato,Spring potato,봄감자,spring,tuber,0,baseline_treated,1981,06_potatoes.xlsx,DT_1ET0026,일반봄감자,DT_1J49: 감자 | DT_1J60: 감자,봄감자,종합 (see Yearbook 2025 pp.44–51),"","","","","","","","","","","","","","","",2008,2013,2011,2013,medium,1,0,0,-32,-27,2013,potato,55.5,"",0.7711582109176423,2005Q1-2012Q4,42.79928070592915,148.38730722348166,4.9998257962362365,"",5.259687520478331,approximate,TRUE,TRUE,FALSE,FALSE
spring_potato,Spring potato,봄감자,spring,tuber,0,baseline_treated,1982,06_potatoes.xlsx,DT_1ET0026,일반봄감자,DT_1J49: 감자 | DT_1J60: 감자,봄감자,종합 (see Yearbook 2025 pp.44–51),"","","","","","","","","","","","","","","",2008,2013,2011,2013,medium,1,0,0,-31,-26,2013,potato,46.375,"",0.7711582109176423,2005Q1-2012Q4,35.76246203130566,116.08588407951504,4.754330297156122,"",5.014192021398217,approximate,TRUE,TRUE,FALSE,FALSE
spring_potato,Spring potato,봄감자,spring,tuber,0,baseline_treated,1983,06_potatoes.xlsx,DT_1ET0026,일반봄감자,DT_1J49: 감자 | DT_1J60: 감자,봄감자,종합 (see Yearbook 2025 pp.44–51),"","","","","","","","","","","","","","","",2008,2013,2011,2013,medium,1,0,0,-30,-25,2013,potato,51.575,"",0.7711582109176423,2005Q1-2012Q4,39.7724847280774,125.8087001719051,4.834762500634166,"",5.094624224876259,approximate,TRUE,TRUE,FALSE,FALSE
spring_potato,Spring potato,봄감자,spring,tuber,0,baseline_treated,1984,06_potatoes.xlsx,DT_1ET0026,일반봄감자,DT_1J49: 감자 | DT_1J60: 감자,봄감자,종합 (see Yearbook 2025 pp.44–51),"","","","","","","","","","","","","","","",2008,2013,2011,2013,medium,1,0,0,-29,-24,2013,potato,53.75,"",0.7711582109176423,2005Q1-2012Q4,41.44975383682327,133.38924453500707,4.893271504556489,"",5.153133228798583,approximate,TRUE,TRUE,FALSE,FALSE
spring_potato,Spring potato,봄감자,spring,tuber,0,baseline_treated,1985,06_potatoes.xlsx,DT_1ET0026,일반봄감자,DT_1J49: 감자 | DT_1J60: 감자,봄감자,종합 (see Yearbook 2025 pp.44–51),"","","","","","","","","","","","","","","",2008,2013,2011,2013,medium,1,0,0,-28,-23,2013,potato,74.275,"",0.7711582109176423,2005Q1-2012Q4,57.27777611590788,177.4885830504694,5.178906286004371,"",5.438768010246465,approximate,TRUE,TRUE,FALSE,FALSE
spring_potato,Spring potato,봄감자,spring,tuber,0,baseline_treated,1986,06_potatoes.xlsx,DT_1ET0026,일반봄감자,DT_1J49: 감자 | DT_1J60: 감자,봄감자,종합 (see Yearbook 2025 pp.44–51),"","","","","","","","","","","","","","","",2008,2013,2011,2013,medium,1,0,0,-27,-22,2013,potato,64.125,"",0.7711582109176423,2005Q1-2012Q4,49.45052027509381,159.0900953517666,5.069470679174355,"",5.329332403416449,approximate,TRUE,TRUE,FALSE,FALSE
spring_potato,Spring potato,봄감자,spring,tuber,0,baseline_treated,1987,06_potatoes.xlsx,DT_1ET0026,일반봄감자,DT_1J49: 감자 | DT_1J60: 감자,봄감자,종합 (see Yearbook 2025 pp.44–51),"","","","","","","","","","","","","","","",2008,2013,2011,2013,medium,1,0,0,-26,-21,2013,potato,82.8,"",0.7711582109176423,2005Q1-2012Q4,63.851899863980776,199.68127437438025,5.296722467243932,"",5.556584191486025,approximate,TRUE,TRUE,FALSE,FALSE
spring_potato,Spring potato,봄감자,spring,tuber,0,baseline_treated,1988,06_potatoes.xlsx,DT_1ET0026,일반봄감자,DT_1J49: 감자 | DT_1J60: 감자,봄감자,종합 (see Yearbook 2025 pp.44–51),"","","","","","","","","","","","","","","",2008,2013,2011,2013,medium,1,0,0,-25,-20,2013,potato,120.65,"",0.7711582109176423,2005Q1-2012Q4,93.04023814721351,254.61811118238583,5.53976481942354,"",5.799626543665633,approximate,TRUE,TRUE,FALSE,FALSE
spring_potato,Spring potato,봄감자,spring,tuber,0,baseline_treated,1989,06_potatoes.xlsx,DT_1ET0026,일반봄감자,DT_1J49: 감자 | DT_1J60: 감자,봄감자,종합 (see Yearbook 2025 pp.44–51),"","","","","","","","","","","","","","","",2008,2013,2011,2013,medium,1,0,0,-24,-19,2013,potato,92.825,"",0.7711582109176423,2005Q1-2012Q4,71.58276092843015,185.60749568030812,5.223634205745156,"",5.48349592998725,approximate,TRUE,TRUE,FALSE,FALSE
spring_potato,Spring potato,봄감자,spring,tuber,0,baseline_treated,1990,06_potatoes.xlsx,DT_1ET0026,일반봄감자,DT_1J49: 감자 | DT_1J60: 감자,봄감자,종합 (see Yearbook 2025 pp.44–51),"","","","","","","","","","","","","","","",2008,2013,2011,2013,medium,1,0,0,-23,-18,2013,potato,123.3,"",0.7711582109176423,2005Q1-2012Q4,95.0838074061453,219.2604963785805,5.39026050412498,"",5.650122228367073,approximate,TRUE,TRUE,FALSE,FALSE
spring_potato,Spring potato,봄감자,spring,tuber,0,baseline_treated,1991,06_potatoes.xlsx,DT_1ET0026,일반봄감자,DT_1J49: 감자 | DT_1J60: 감자,봄감자,종합 (see Yearbook 2025 pp.44–51),13235,1840,243583,"","","","",9.4906201146612,7.517520850603031,12.403213025847382,"",9.4906201146612,"","",0.0002422465712399,2008,2013,2011,2013,medium,1,0,0,-22,-17,2013,potato,162.5,"",0.7711582109176423,2005Q1-2012Q4,125.31320927411689,267.2224211677574,5.588081349698091,"",5.847943073940185,approximate,TRUE,TRUE,FALSE,FALSE
spring_potato,Spring potato,봄감자,spring,tuber,0,baseline_treated,1992,06_potatoes.xlsx,DT_1ET0026,일반봄감자,DT_1J49: 감자 | DT_1J60: 감자,봄감자,종합 (see Yearbook 2025 pp.44–51),20790,2100,436569,"","","","",9.942227380852058,7.649692623711514,12.986701717370536,"",9.942227380852058,"","",-0.0000481012049444729,2008,2013,2011,2013,medium,1,0,0,-21,-16,2013,potato,158.525,"",0.7711582109176423,2005Q1-2012Q4,122.24785538571923,249.4684134251065,5.519332307678609,"",5.779194031920703,approximate,TRUE,TRUE,FALSE,FALSE
spring_potato,Spring potato,봄감자,spring,tuber,0,baseline_treated,1993,06_potatoes.xlsx,DT_1ET0026,일반봄감자,DT_1J49: 감자 | DT_1J60: 감자,봄감자,종합 (see Yearbook 2025 pp.44–51),17895,2202,394019,"","","","",9.792276623200124,7.697121317282625,12.884154410467616,"",9.792276623200124,"","",-0.00007334402704373133,2008,2013,2011,2013,medium,1,0,0,-20,-15,2013,potato,119.825,"",0.7711582109176423,2005Q1-2012Q4,92.40403262320648,190.6339339249904,5.25035501275523,"",5.510216736997323,approximate,TRUE,TRUE,FALSE,FALSE
spring_potato,Spring potato,봄감자,spring,tuber,0,baseline_treated,1994,06_potatoes.xlsx,DT_1ET0026,일반봄감자,DT_1J49: 감자 | DT_1J60: 감자,봄감자,종합 (see Yearbook 2025 pp.44–51),13939,2203,307053,"","","","",9.542445945729886,7.697575346802343,12.634775650105516,"",9.542445945729886,"","",-0.000075456438622723,2008,2013,2011,2013,medium,1,0,0,-19,-14,2013,potato,140.575,"",0.7711582109176423,2005Q1-2012Q4,108.40556549974757,207.75103954738512,5.336340437561234,"",5.596202161803328,approximate,TRUE,TRUE,FALSE,FALSE
spring_potato,Spring potato,봄감자,spring,tuber,0,baseline_treated,1995,06_potatoes.xlsx,DT_1ET0026,일반봄감자,DT_1J49: 감자 | DT_1J60: 감자,봄감자,종합 (see Yearbook 2025 pp.44–51),15664,2327,364563,"","","","",9.659120364770292,7.752335163302292,12.806454655001996,"",9.659120364770292,"","",0.0001693129175048,2008,2013,2011,2013,medium,1,0,0,-18,-13,2013,potato,177.77499999999998,"",0.7711582109176423,2005Q1-2012Q4,137.09265094588386,235.5549287179313,5.461944129223176,"",5.72180585346527,approximate,TRUE,TRUE,FALSE,FALSE
spring_potato,Spring potato,봄감자,spring,tuber,0,baseline_treated,1996,06_potatoes.xlsx,DT_1ET0026,일반봄감자,DT_1J49: 감자 | DT_1J60: 감자,봄감자,종합 (see Yearbook 2025 pp.44–51),19485,2332,454390,"","","","",9.87740021777281,7.754481547470383,13.026711139104666,"",9.87740021777281,"","",-4.4015043521028485e-7,2008,2013,2011,2013,medium,1,0,0,-17,-12,2013,potato,199.3,"",0.7711582109176423,2005Q1-2012Q4,153.69183143588612,252.03351889620097,5.52956209015904,"",5.789423814401134,approximate,TRUE,TRUE,FALSE,FALSE
spring_potato,Spring potato,봄감자,spring,tuber,0,baseline_treated,1997,06_potatoes.xlsx,DT_1ET0026,일반봄감자,DT_1J49: 감자 | DT_1J60: 감자,봄감자,종합 (see Yearbook 2025 pp.44–51),16229,2551,414016,"","","","",9.694555044315882,7.844240718141811,12.933659899403658,"",9.694555044315882,"","",0.00003432293405580822,2008,2013,2011,2013,medium,1,0,0,-16,-11,2013,potato,166.575,"",0.7711582109176423,2005Q1-2012Q4,128.45567898360625,216.26979726225392,5.376526689655267,"",5.636388413897361,approximate,TRUE,TRUE,FALSE,FALSE
spring_potato,Spring potato,봄감자,spring,tuber,0,baseline_treated,1998,06_potatoes.xlsx,DT_1ET0026,일반봄감자,DT_1J49: 감자 | DT_1J60: 감자,봄감자,종합 (see Yearbook 2025 pp.44–51),14437,2544,367301,"","","","",9.577549634629817,7.841492924460013,12.813936954374158,"",9.577549634629817,"","",0.00006458127242225942,2008,2013,2011,2013,medium,1,0,0,-15,-10,2013,potato,177.4,"",0.7711582109176423,2005Q1-2012Q4,136.80346661678973,232.3853161145853,5.448396839309403,"",5.708258563551498,approximate,TRUE,TRUE,FALSE,FALSE
spring_potato,Spring potato,봄감자,spring,tuber,0,baseline_treated,1999,06_potatoes.xlsx,DT_1ET0026,일반봄감자,DT_1J49: 감자 | DT_1J60: 감자,봄감자,종합 (see Yearbook 2025 pp.44–51),16990,2512,426823,"","","","",9.740380214665976,7.828834527588089,12.964124686367311,"",9.740380214665976,"","",0.00008013010133822718,2008,2013,2011,2013,medium,1,0,0,-14,-9,2013,potato,193.2,"",0.7711582109176423,2005Q1-2012Q4,148.98776634928848,238.11150629906865,5.472739077814757,"",5.732600802056851,approximate,TRUE,TRUE,FALSE,FALSE
spring_potato,Spring potato,봄감자,spring,tuber,0,baseline_treated,2000,06_potatoes.xlsx,DT_1ET0026,일반봄감자,DT_1J49: 감자 | DT_1J60: 감자,봄감자,종합 (see Yearbook 2025 pp.44–51),19042,2333,444173,"","","","",9.854402344845637,7.75491027202143,13.00396940516419,"",9.854402344845637,"","",-0.0001730257147851,2008,2013,2011,2013,medium,1,0,0,-13,-8,2013,potato,159.6,"",0.7711582109176423,2005Q1-2012Q4,123.07685046245572,184.6383922562757,5.218399275830978,"",5.478261000073072,approximate,TRUE,TRUE,FALSE,FALSE
spring_potato,Spring potato,봄감자,spring,tuber,0,baseline_treated,2001,06_potatoes.xlsx,DT_1ET0026,일반봄감자,DT_1J49: 감자 | DT_1J60: 감자,봄감자,종합 (see Yearbook 2025 pp.44–51),14955,2253,336901,"","","","",9.612800971064049,7.720017940432244,12.727544397630073,"",9.612800971064049,"","",-0.0001043278781285,2008,2013,2011,2013,medium,1,0,0,-12,-7,2013,potato,155.525,"",0.7711582109176423,2005Q1-2012Q4,119.93438075296632,175.76450564550217,5.169145062963426,"",5.42900678720552,approximate,TRUE,TRUE,FALSE,FALSE
spring_potato,Spring potato,봄감자,spring,tuber,0,baseline_treated,2002,06_potatoes.xlsx,DT_1ET0026,일반봄감자,DT_1J49: 감자 | DT_1J60: 감자,봄감자,종합 (see Yearbook 2025 pp.44–51),15072,2581,389028,"","","","",9.620593996816144,7.855932199718614,12.871406599444636,"",9.620593996816144,"","",0.000050588897968495417,2008,2013,2011,2013,medium,1,0,0,-11,-6,2013,potato,103.775,"",0.7711582109176423,2005Q1-2012Q4,80.02694333797832,113.72848983763114,4.733813939620821,"",4.9936756638629145,approximate,TRUE,TRUE,FALSE,FALSE
spring_potato,Spring potato,봄감자,spring,tuber,0,baseline_treated,2003,06_potatoes.xlsx,DT_1ET0026,일반봄감자,DT_1J49: 감자 | DT_1J60: 감자,봄감자,종합 (see Yearbook 2025 pp.44–51),12428,2435,302608,"","","","",9.427707270512938,7.79770203551669,12.620193517528236,"",9.427707270512938,"","",-0.000045602513301545855,2008,2013,2011,2013,medium,1,0,0,-10,-5,2013,potato,151.07500000000002,"",0.7711582109176423,2005Q1-2012Q4,116.5027267143828,154.2216017899852,5.038390540746838,"",5.298252264988932,approximate,TRUE,TRUE,FALSE,FALSE
spring_potato,Spring potato,봄감자,spring,tuber,0,baseline_treated,2004,06_potatoes.xlsx,DT_1ET0026,일반봄감자,DT_1J49: 감자 | DT_1J60: 감자,봄감자,종합 (see Yearbook 2025 pp.44–51),14937,2594,387458,"","","","",9.611596635310292,7.860956364876389,12.86736273480446,"",9.611596635310292,"","",-0.000020079394131400363,2008,2013,2011,2013,medium,1,0,0,-9,-4,2013,potato,211.275,"",0.7711582109176423,2005Q1-2012Q4,162.92645101162486,212.5587282268316,5.359218318308102,"",5.619080042550196,approximate,TRUE,TRUE,FALSE,FALSE
spring_potato,Spring potato,봄감자,spring,tuber,0,baseline_treated,2005,06_potatoes.xlsx,DT_1ET0026,일반봄감자,DT_1J49: 감자 | DT_1J60: 감자,봄감자,종합 (see Yearbook 2025 pp.44–51),20035,2767,554467,"","","","",9.905236023070245,7.925518979786926,13.225762570926744,"",9.905236023070245,"","",0.000177754057665,2008,2013,2011,2013,medium,1,0,0,-8,-3,2013,potato,95.625,73.525,0.7711582109176423,2005Q1-2012Q4,73.525,100.65799777875804,4.61172861021812,4.61172861021812,4.87453876853076,approximate,TRUE,TRUE,FALSE,FALSE
spring_potato,Spring potato,봄감자,spring,tuber,0,baseline_treated,2006,06_potatoes.xlsx,DT_1ET0026,일반봄감자,DT_1J49: 감자 | DT_1J60: 감자,봄감자,종합 (see Yearbook 2025 pp.44–51),14960,2799,418658,"","","","",9.613135251528467,7.937017489515454,12.944809636490968,"",9.613135251528467,"","",-0.0001729185648624,2008,2013,2011,2013,medium,1,0,0,-7,-2,2013,potato,102.275,78.625,0.7711582109176423,2005Q1-2012Q4,78.625,111.56174337397172,4.714578189868914,4.714578189868914,4.977553061757051,approximate,TRUE,TRUE,FALSE,FALSE
spring_potato,Spring potato,봄감자,spring,tuber,0,baseline_treated,2007,06_potatoes.xlsx,DT_1ET0026,일반봄감자,DT_1J49: 감자 | DT_1J60: 감자,봄감자,종합 (see Yearbook 2025 pp.44–51),13033,2818,367277,"","","","",9.47523988153072,7.943782692458625,12.813871610734658,"",9.47523988153072,"","",0.000019222733405044323,2008,2013,2011,2013,medium,1,0,0,-6,-1,2013,potato,122.6,94.225,0.7711582109176423,2005Q1-2012Q4,94.225,130.4210153457002,4.870767797134109,4.870767797134109,5.1340033960210905,approximate,TRUE,TRUE,FALSE,FALSE
spring_potato,Spring potato,봄감자,spring,tuber,0,baseline_treated,2008,06_potatoes.xlsx,DT_1ET0026,일반봄감자,DT_1J49: 감자 | DT_1J60: 감자,봄감자,종합 (see Yearbook 2025 pp.44–51),13048,2930,382369,"","","","",9.476390144300847,7.982757702011113,12.854141389927674,"",9.476390144300847,"","",0.0001637296038037,2008,2013,2011,2013,medium,0,1,0,-5,0,2013,potato,137.025,105.35,0.7711582109176423,2005Q1-2012Q4,105.35,146.2798763343577,4.985521747877198,4.985521747877198,5.248400401370723,approximate,TRUE,TRUE,FALSE,FALSE
spring_potato,Spring potato,봄감자,spring,tuber,0,baseline_treated,2009,06_potatoes.xlsx,DT_1ET0026,일반봄감자,DT_1J49: 감자 | DT_1J60: 감자,봄감자,종합 (see Yearbook 2025 pp.44–51),14198,2778,394418,"","","","",9.560856388599332,7.9294865233142895,12.885166539614426,"",9.560856388599332,"","",-0.000006186311102496234,2008,2013,2011,2013,medium,0,1,0,-4,1,2013,potato,104.675,80.425,0.7711582109176423,2005Q1-2012Q4,80.425,112.40271211676544,4.722088066321205,4.722088066321205,4.985629640542959,approximate,TRUE,TRUE,FALSE,FALSE
spring_potato,Spring potato,봄감자,spring,tuber,0,baseline_treated,2010,06_potatoes.xlsx,DT_1ET0026,일반봄감자,DT_1J49: 감자 | DT_1J60: 감자,봄감자,종합 (see Yearbook 2025 pp.44–51),16302,2415,393632,"","","","",9.699043078654404,7.789454566086673,12.883171741668512,"",9.699043078654404,"","",-0.0001557170844712,2008,2013,2011,2013,medium,0,1,0,-3,2,2013,potato,135.85,104.35,0.7711582109176423,2005Q1-2012Q4,104.35,137.25465708905514,4.921838011246078,4.921838011246078,5.185290346311216,approximate,TRUE,TRUE,FALSE,FALSE
spring_potato,Spring potato,봄감자,spring,tuber,0,baseline_treated,2011,06_potatoes.xlsx,DT_1ET0026,일반봄감자,DT_1J49: 감자 | DT_1J60: 감자,봄감자,종합 (see Yearbook 2025 pp.44–51),19126,2392,457584,"","","","",9.858803944909488,7.779885115070522,13.033715753401468,"",9.858803944909488,"","",0.0001968794095486,2008,2013,2011,2013,medium,0,1,0,-2,3,2013,potato,140.425,109.725,0.7711582109176423,2005Q1-2012Q4,109.725,133.89157747994955,4.897030349150029,4.897030349150029,5.143892555712122,approximate,TRUE,TRUE,FALSE,FALSE
spring_potato,Spring potato,봄감자,spring,tuber,0,baseline_treated,2012,06_potatoes.xlsx,DT_1ET0026,일반봄감자,DT_1J49: 감자 | DT_1J60: 감자,봄감자,종합 (see Yearbook 2025 pp.44–51),17424,2396,417433,"","","","",9.76560384517274,7.78155595923534,12.941879331352991,"",9.76560384517274,"","",-0.0001102870669988,2008,2013,2011,2013,medium,0,1,0,-1,4,2013,potato,152,117.9,0.7711582109176423,2005Q1-2012Q4,117.9,133.88470278288173,4.896979002577714,4.896979002577714,5.151042636539394,approximate,TRUE,TRUE,FALSE,FALSE
spring_potato,Spring potato,봄감자,spring,tuber,0,baseline_treated,2013,06_potatoes.xlsx,DT_1ET0026,일반봄감자,DT_1J49: 감자 | DT_1J60: 감자,봄감자,종합 (see Yearbook 2025 pp.44–51),20977,2722,571024,"","","","",9.95118187839879,7.909122183211411,13.25518651927849,"",9.95118187839879,"","",0.00005264365638169011,2008,2013,2011,2013,medium,0,0,1,0,5,2013,potato,"",89.44999999999999,0.7711582109176423,2005Q1-2012Q4,89.44999999999999,103.39429255906232,4.638549762862895,4.638549762862895,"",approximate,TRUE,TRUE,FALSE,FALSE
spring_potato,Spring potato,봄감자,spring,tuber,0,baseline_treated,2014,06_potatoes.xlsx,DT_1ET0026,일반봄감자,DT_1J49: 감자 | DT_1J60: 감자,봄감자,종합 (see Yearbook 2025 pp.44–51),15596,2772,432342,"","","","",9.654769750102489,7.927324360309794,12.976972220690149,"",9.654769750102489,"","",0.00004829626595892478,2008,2013,2011,2013,medium,0,0,1,1,6,2013,potato,"",78.475,0.7711582109176423,2005Q1-2012Q4,78.475,93.65849729377146,4.539655159357749,4.539655159357749,"",approximate,TRUE,TRUE,FALSE,FALSE
spring_potato,Spring potato,봄감자,spring,tuber,0,baseline_treated,2015,06_potatoes.xlsx,DT_1ET0026,일반봄감자,DT_1J49: 감자 | DT_1J60: 감자,봄감자,종합 (see Yearbook 2025 pp.44–51),14545,2526,367363,"","","","",9.5850025709293,7.834392302910435,12.814105739016243,"",9.5850025709293,"","",-0.0001189488354018,2008,2013,2011,2013,medium,0,0,1,2,7,2013,potato,"",111,0.7711582109176423,2005Q1-2012Q4,111,130.2584519796396,4.869520568966875,4.869520568966875,"",approximate,TRUE,TRUE,FALSE,FALSE
spring_potato,Spring potato,봄감자,spring,tuber,0,baseline_treated,2016,06_potatoes.xlsx,DT_1ET0026,일반봄감자,DT_1J49: 감자 | DT_1J60: 감자,봄감자,종합 (see Yearbook 2025 pp.44–51),15259,2580,393670,"","","","",9.632924771891735,7.855544677915663,12.88326827387605,"",9.632924771891735,"","",-0.0000309899432568983,2008,2013,2011,2013,medium,0,0,1,3,8,2013,potato,"",99,0.7711582109176423,2005Q1-2012Q4,99,114.26720985383578,4.738539651724226,4.738539651724226,"",approximate,TRUE,TRUE,FALSE,FALSE
spring_potato,Spring potato,봄감자,spring,tuber,0,baseline_treated,2017,06_potatoes.xlsx,DT_1ET0026,일반봄감자,DT_1J49: 감자 | DT_1J60: 감자,봄감자,종합 (see Yearbook 2025 pp.44–51),14943,2152,321518,"","","","",9.611998241741391,7.674152921281675,12.680808808650887,"",9.611998241741391,"","",-0.0001721683840898,2008,2013,2011,2013,medium,0,0,1,4,9,2013,potato,"",125.5,0.7711582109176423,2005Q1-2012Q4,125.5,136.6057145812061,4.917098780677512,4.917098780677512,"",approximate,TRUE,TRUE,FALSE,FALSE
spring_potato,Spring potato,봄감자,spring,tuber,0,baseline_treated,2018,06_potatoes.xlsx,DT_1ET0026,일반봄감자,DT_1J49: 감자 | DT_1J60: 감자,봄감자,종합 (see Yearbook 2025 pp.44–51),15819,2435,385244,"","","","",9.66896702819858,7.79770203551669,12.86163217875868,"",9.66896702819858,"","",0.0001333010315018,2008,2013,2011,2013,medium,0,0,1,5,10,2013,potato,"",176.8,0.7711582109176423,2005Q1-2012Q4,176.8,191.88686326746023,5.256905944534211,5.256905944534211,"",approximate,TRUE,TRUE,FALSE,FALSE
spring_potato,Spring potato,봄감자,spring,tuber,0,baseline_treated,2019,06_potatoes.xlsx,DT_1ET0026,일반봄감자,DT_1J49: 감자 | DT_1J60: 감자,봄감자,종합 (see Yearbook 2025 pp.44–51),18150,2567,465948,"","","","",9.806425839692997,7.85049318087114,13.051829318898548,"",9.806425839692997,"","",0.00008048432250262749,2008,2013,2011,2013,medium,0,0,1,6,11,2013,potato,"",96.925,0.7711582109176423,2005Q1-2012Q4,96.925,104.93879426650663,4.653377268450864,4.653377268450864,"",approximate,TRUE,TRUE,FALSE,FALSE
spring_potato,Spring potato,봄감자,spring,tuber,0,baseline_treated,2020,06_potatoes.xlsx,DT_1ET0026,일반봄감자,DT_1J49: 감자 | DT_1J60: 감자,봄감자,종합 (see Yearbook 2025 pp.44–51),16339,2303,376349,"","","","",9.701310167030824,7.741967899820685,12.838272183358043,"",9.701310167030824,"","",0.0001643024946282,2008,2013,2011,2013,medium,0,0,1,7,12,2013,potato,"",99.975,0.7711582109176423,2005Q1-2012Q4,99.975,100.19942571818392,4.60716245727889,4.60716245727889,"",approximate,TRUE,TRUE,FALSE,FALSE
spring_potato,Spring potato,봄감자,spring,tuber,0,baseline_treated,2021,06_potatoes.xlsx,DT_1ET0026,일반봄감자,DT_1J49: 감자 | DT_1J60: 감자,봄감자,종합 (see Yearbook 2025 pp.44–51),14266,2661,379671,"","","","",9.565634362837985,7.886457270977689,12.847060367216708,"",9.565634362837985,"","",0.0001389193891263,2008,2013,2011,2013,medium,0,0,1,8,13,2013,potato,"",110.35,0.7711582109176423,2005Q1-2012Q4,110.35,98.10680335716408,4.5860567154119325,4.5860567154119325,"",approximate,TRUE,TRUE,FALSE,FALSE
spring_potato,Spring potato,봄감자,spring,tuber,0,baseline_treated,2022,06_potatoes.xlsx,DT_1ET0026,일반봄감자,DT_1J49: 감자 | DT_1J60: 감자,봄감자,종합 (see Yearbook 2025 pp.44–51),13017,2329,303211,"","","","",9.47401147446646,7.753194269884341,12.62218421177564,"",9.47401147446646,"","",0.0001486534129302,2008,2013,2011,2013,medium,0,0,1,9,14,2013,potato,"",159.725,0.7711582109176423,2005Q1-2012Q4,159.725,146.3193785227367,4.985791756689341,4.985791756689341,"",approximate,TRUE,TRUE,FALSE,FALSE
spring_potato,Spring potato,봄감자,spring,tuber,0,baseline_treated,2023,06_potatoes.xlsx,DT_1ET0026,일반봄감자,DT_1J49: 감자 | DT_1J60: 감자,봄감자,종합 (see Yearbook 2025 pp.44–51),14699,2436,358022,"","","","",9.595534743241988,7.798112628829788,12.788349716008677,"",9.595534743241988,"","",-0.0001274700750091,2008,2013,2011,2013,medium,0,0,1,10,15,2013,potato,"",170.575,0.7711582109176423,2005Q1-2012Q4,170.575,156.85231329902356,5.055304683007519,5.055304683007519,"",approximate,TRUE,TRUE,FALSE,FALSE
spring_potato,Spring potato,봄감자,spring,tuber,0,baseline_treated,2024,06_potatoes.xlsx,DT_1ET0026,일반봄감자,DT_1J49: 감자 | DT_1J60: 감자,봄감자,종합 (see Yearbook 2025 pp.44–51),15521,2562,397613,"","","","",9.649949224651184,7.848543482456679,12.89323444940711,"",9.649949224651184,"","",-0.00008807171266234093,2008,2013,2011,2013,medium,0,0,1,11,16,2013,potato,"",137,0.7711582109176423,2005Q1-2012Q4,137,116.29138299485656,4.756098963872094,4.756098963872094,"",approximate,TRUE,TRUE,FALSE,FALSE
spring_radish,Spring Radish,봄무,spring,vegetable,0,control_pool,1980,08_vegetables_root.xls,DT_1ET0029,일반봄무,DT_1J49: 무 | DT_1J60: 무,"","",17585.4,2855,502008.5,"","","","",9.774824291308466,7.956827122090111,13.126372330801434,"",9.774824291308466,"","",-0.000108896609051,"","","","",medium,1,0,0,"","",0,radish,33.775,"",0.4219656412156498,2005Q1-2012Q4,14.251889532058572,65.1834354118499,4.17720537855392,"",5.040036765735006,approximate,FALSE,TRUE,FALSE,FALSE
spring_radish,Spring Radish,봄무,spring,vegetable,0,control_pool,1981,08_vegetables_root.xls,DT_1ET0029,일반봄무,DT_1J49: 무 | DT_1J60: 무,"","",14048,2846,399845,"","","","",9.550235315874898,7.953669778649798,12.898832250992593,"",9.550235315874898,"","",0.0000973424559891356,"","","","",medium,1,0,0,"","",0,radish,38.425,"",0.4219656412156498,2005Q1-2012Q4,16.214029763711345,55.5571102958383,4.01741150601948,"",4.880242893200566,approximate,FALSE,TRUE,FALSE,FALSE
spring_radish,Spring Radish,봄무,spring,vegetable,0,control_pool,1982,08_vegetables_root.xls,DT_1ET0029,일반봄무,DT_1J49: 무 | DT_1J60: 무,"","",17325,3119,540345,"","","","",9.759905824058103,8.045267716607803,13.199963103426724,"",9.759905824058103,"","",-0.00004025125109130556,"","","","",medium,1,0,0,"","",0,radish,24.35,"",0.4219656412156498,2005Q1-2012Q4,10.274863363601074,33.36569139536152,3.507528168315648,"",4.370359555496735,approximate,FALSE,TRUE,FALSE,FALSE
spring_radish,Spring Radish,봄무,spring,vegetable,0,control_pool,1983,08_vegetables_root.xls,DT_1ET0029,일반봄무,DT_1J49: 무 | DT_1J60: 무,"","",13750,3002,412708,"","","","",9.528794103094718,8.007034012193408,12.930495600093623,"",9.528794103094718,"","",-0.0001623292064092,"","","","",medium,1,0,0,"","",0,radish,25.375,"",0.4219656412156498,2005Q1-2012Q4,10.707378145847116,34.05663069179283,3.5280247476106803,"",4.390856134791767,approximate,FALSE,TRUE,FALSE,FALSE
spring_radish,Spring Radish,봄무,spring,vegetable,0,control_pool,1984,08_vegetables_root.xls,DT_1ET0029,일반봄무,DT_1J49: 무 | DT_1J60: 무,"","",15023,3040,456625,"","","","",9.617337639062423,8.019612794400267,13.031617764097584,"",9.617337639062423,"","",-0.0001624833770161,"","","","",medium,1,0,0,"","",0,radish,29.65,"",0.4219656412156498,2005Q1-2012Q4,12.511281262044015,40.23133155323984,3.6946460839284905,"",4.557477471109577,approximate,FALSE,TRUE,FALSE,FALSE
spring_radish,Spring Radish,봄무,spring,vegetable,0,control_pool,1985,08_vegetables_root.xls,DT_1ET0029,일반봄무,DT_1J49: 무 | DT_1J60: 무,"","",14818,2988,442802,"","","","",9.603597936976602,8.002359546252707,13.000877996518252,"",9.603597936976602,"","",0.00009069927703286852,"","","","",medium,1,0,0,"","",0,radish,27.525,"",0.4219656412156498,2005Q1-2012Q4,11.614604274460762,36.16338835324815,3.5880472355932835,"",4.45087862277437,approximate,FALSE,TRUE,FALSE,FALSE
spring_radish,Spring Radish,봄무,spring,vegetable,0,control_pool,1986,08_vegetables_root.xls,DT_1ET0029,일반봄무,DT_1J49: 무 | DT_1J60: 무,"","",15878,2875,456519,"","","","",9.672689782285058,7.963807953231451,13.031385599180602,"",9.672689782285058,"","",0.00005804965218381142,"","","","",medium,1,0,0,"","",0,radish,34.75,"",0.4219656412156498,2005Q1-2012Q4,14.663306032243831,47.112963983878686,3.8525482069688217,"",4.715379594149908,approximate,FALSE,TRUE,FALSE,FALSE
spring_radish,Spring Radish,봄무,spring,vegetable,0,control_pool,1987,08_vegetables_root.xls,DT_1ET0029,일반봄무,DT_1J49: 무 | DT_1J60: 무,"","",14155,2809,397664,"","","","",9.557823197546,7.940583827104244,12.89336270660572,"",9.557823197546,"","",0.0001258679435682,"","","","",medium,1,0,0,"","",0,radish,36.375,"",0.4219656412156498,2005Q1-2012Q4,15.349000199219262,47.78253076070419,3.866660107441473,"",4.729491494622559,approximate,FALSE,TRUE,FALSE,FALSE
spring_radish,Spring Radish,봄무,spring,vegetable,0,control_pool,1988,08_vegetables_root.xls,DT_1ET0029,일반봄무,DT_1J49: 무 | DT_1J60: 무,"","",17822,3094,551473,"","","","",9.788188928172666,8.037220031133012,13.220348159088305,"",9.788188928172666,"","",0.0001093857707168,"","","","",medium,1,0,0,"","",0,radish,58.3,"",0.4219656412156498,2005Q1-2012Q4,24.600596882872384,67.53654439585527,4.21266884983233,"",5.075500237013417,approximate,FALSE,TRUE,FALSE,FALSE
spring_radish,Spring Radish,봄무,spring,vegetable,0,control_pool,1989,08_vegetables_root.xls,DT_1ET0029,일반봄무,DT_1J49: 무 | DT_1J60: 무,"","",15651,3009,470894,"","","","",9.658290091690503,8.009363076630045,13.062388294591754,"",9.658290091690503,"","",-0.00009468774070242604,"","","","",medium,1,0,0,"","",0,radish,44.175,"",0.4219656412156498,2005Q1-2012Q4,18.64033220070133,48.56308653643879,3.8828637060253537,"",4.74569509320644,approximate,FALSE,TRUE,FALSE,FALSE
spring_radish,Spring Radish,봄무,spring,vegetable,0,control_pool,1990,08_vegetables_root.xls,DT_1ET0029,일반봄무,DT_1J49: 무 | DT_1J60: 무,"","",14590,2955,431117,"","","","",9.588091641516831,7.991253929840199,12.974134793963756,"",9.588091641516831,"","",-0.00004059140518286597,"","","","",medium,1,0,0,"","",0,radish,34.525,"",0.4219656412156498,2005Q1-2012Q4,14.56836376297031,33.84984237584125,3.521934342799178,"",4.3847657299802645,approximate,FALSE,TRUE,FALSE,FALSE
spring_radish,Spring Radish,봄무,spring,vegetable,0,control_pool,1991,08_vegetables_root.xls,DT_1ET0029,일반봄무,DT_1J49: 무 | DT_1J60: 무,"","",13159,2849,374938,"","","","",9.48486121415014,7.954723334497908,12.834515957950153,"",9.48486121415014,"","",0.0001015952901948,"","","","",medium,1,0,0,"","",0,radish,21.975,"",0.4219656412156498,2005Q1-2012Q4,9.272694965713905,19.754808443214813,2.983396927193452,"",3.8462283143745375,approximate,FALSE,TRUE,FALSE,FALSE
spring_radish,Spring Radish,봄무,spring,vegetable,0,control_pool,1992,08_vegetables_root.xls,DT_1ET0029,일반봄무,DT_1J49: 무 | DT_1J60: 무,"","",11824,2896,342454,"","","","",9.377886643187985,7.971085753505607,12.74389262109514,"",9.377886643187985,"","",0.0000904103896406383,"","","","",medium,1,0,0,"","",0,radish,26.325,"",0.4219656412156498,2005Q1-2012Q4,11.108245505001982,22.63271053029944,3.119396228447222,"",3.9822276156283087,approximate,FALSE,TRUE,FALSE,FALSE
spring_radish,Spring Radish,봄무,spring,vegetable,0,control_pool,1993,08_vegetables_root.xls,DT_1ET0029,일반봄무,DT_1J49: 무 | DT_1J60: 무,"","",13965,2986,416997,"","","","",9.544309478379278,8.001689978099135,12.940834306510457,"",9.544309478379278,"","",0.000005036020134241426,"","","","",medium,1,0,0,"","",0,radish,22.625,"",0.4219656412156498,2005Q1-2012Q4,9.546972632504076,19.71107200870401,2.981180508762411,"",3.8440118959434977,approximate,FALSE,TRUE,FALSE,FALSE
spring_radish,Spring Radish,봄무,spring,vegetable,0,control_pool,1994,08_vegetables_root.xls,DT_1ET0029,일반봄무,DT_1J49: 무 | DT_1J60: 무,"","",15103,2872,433766,"","","","",9.62264867856634,7.962763930168115,12.980260497170944,"",9.62264867856634,"","",0.00001807442457923969,"","","","",medium,1,0,0,"","",0,radish,28.700000000000003,"",0.4219656412156498,2005Q1-2012Q4,12.11041390288915,23.06269732712303,3.1382164779537582,"",4.001047865134845,approximate,FALSE,TRUE,FALSE,FALSE
spring_radish,Spring Radish,봄무,spring,vegetable,0,control_pool,1995,08_vegetables_root.xls,DT_1ET0029,일반봄무,DT_1J49: 무 | DT_1J60: 무,"","",13005,2961,385068,"","","","",9.473089177882752,7.993282328101591,12.861175221050472,"",9.473089177882752,"","",-0.00002609894577787486,"","","","",medium,1,0,0,"","",0,radish,38.45,"",0.4219656412156498,2005Q1-2012Q4,16.224578904741737,27.921176828330704,3.329385427017729,"",4.192216814198816,approximate,FALSE,TRUE,FALSE,FALSE
spring_radish,Spring Radish,봄무,spring,vegetable,0,control_pool,1996,08_vegetables_root.xls,DT_1ET0029,일반봄무,DT_1J49: 무 | DT_1J60: 무,"","",15746,2942,463301,"","","","",9.664341643744413,7.9868449011613825,13.046132229831075,"",9.664341643744413,"","",0.0001158709133708,"","","","",medium,1,0,0,"","",0,radish,61.375,"",0.4219656412156498,2005Q1-2012Q4,25.89814122961051,42.48091508229842,3.7490549181870367,"",4.611886305368123,approximate,FALSE,TRUE,FALSE,FALSE
spring_radish,Spring Radish,봄무,spring,vegetable,0,control_pool,1997,08_vegetables_root.xls,DT_1ET0029,일반봄무,DT_1J49: 무 | DT_1J60: 무,"","",13334,3117,415587,"","","","",9.498072443178003,8.044626279767337,12.93744725764098,"",9.498072443178003,"","",-0.00008127931626944473,"","","","",medium,1,0,0,"","",0,radish,86.575,"",0.4219656412156498,2005Q1-2012Q4,36.531675388244885,61.60409087192866,4.120728278592993,"",4.983559665774079,approximate,FALSE,TRUE,FALSE,FALSE
spring_radish,Spring Radish,봄무,spring,vegetable,0,control_pool,1998,08_vegetables_root.xls,DT_1ET0029,일반봄무,DT_1J49: 무 | DT_1J60: 무,"","",13207,3083,407447,"","","","",9.488502271043805,8.03365842788615,12.917666141854651,"",9.488502271043805,"","",0.0006756289127878,"","","","",medium,1,0,0,"","",0,radish,123.55,"",0.4219656412156498,2005Q1-2012Q4,52.13385497219354,88.08731885694125,4.478328582251892,"",5.3411599694329785,approximate,FALSE,TRUE,FALSE,FALSE
spring_radish,Spring Radish,봄무,spring,vegetable,0,control_pool,1999,08_vegetables_root.xls,DT_1ET0029,일반봄무,DT_1J49: 무 | DT_1J60: 무,"","",13674,3247,443938,"","","","",9.52325149847374,8.085486772102845,13.0034401920242,"",9.52325149847374,"","",-0.0001278925642935,"","","","",medium,1,0,0,"","",0,radish,71.6,"",0.4219656412156498,2005Q1-2012Q4,30.21273991104053,47.97292915668203,3.870636875911204,"",4.73346826309229,approximate,FALSE,TRUE,FALSE,FALSE
spring_radish,Spring Radish,봄무,spring,vegetable,0,control_pool,2000,08_vegetables_root.xls,DT_1ET0029,일반봄무,DT_1J49: 무 | DT_1J60: 무,"","",15537,3389,526527,"","","","",9.650979555092,8.128290171607052,13.17405789129257,"",9.650979555092,"","",-0.0000416494183905769,"","","","",medium,1,0,0,"","",0,radish,46.425,"",0.4219656412156498,2005Q1-2012Q4,19.58975489343654,29.709123560406397,3.3914541892213603,"",4.254285576402447,approximate,FALSE,TRUE,FALSE,FALSE
spring_radish,Spring Radish,봄무,spring,vegetable,0,control_pool,2001,08_vegetables_root.xls,DT_1ET0029,일반봄무,DT_1J49: 무 | DT_1J60: 무,"","",15988,3415,506904,"","","","",9.679593719831214,8.13593277200489,13.136076915532088,"",9.679593719831214,"","",-0.0742793903159242,"","","","",medium,1,0,0,"","",0,radish,28.325000000000003,"",0.4219656412156498,2005Q1-2012Q4,11.95217678743328,17.4968255081079,2.862019464937891,"",3.7248508521189776,approximate,FALSE,TRUE,FALSE,FALSE
spring_radish,Spring Radish,봄무,spring,vegetable,0,control_pool,2002,08_vegetables_root.xls,DT_1ET0029,일반봄무,DT_1J49: 무 | DT_1J60: 무,"","",11901,3591,427340,"","","","",9.38437770918244,8.186185994226083,12.96533522829698,"",9.38437770918244,"","",-0.000058289123451515934,"","","","",medium,1,0,0,"","",0,radish,51.425,"",0.4219656412156498,2005Q1-2012Q4,21.699583099514797,30.83902943780184,3.428781077311513,"",4.2916124644926,approximate,FALSE,TRUE,FALSE,FALSE
spring_radish,Spring Radish,봄무,spring,vegetable,0,control_pool,2003,08_vegetables_root.xls,DT_1ET0029,일반봄무,DT_1J49: 무 | DT_1J60: 무,"","",15153,3974,602162,"","","","",9.625953811136162,8.287528423111763,13.308281791079276,"",9.625953811136162,"","",-0.000030257180556603203,"","","","",medium,1,0,0,"","",0,radish,109.825,"",0.4219656412156498,2005Q1-2012Q4,46.342376546508746,61.34823366593351,4.11656637964112,"",4.979397766822207,approximate,FALSE,TRUE,FALSE,FALSE
spring_radish,Spring Radish,봄무,spring,vegetable,0,control_pool,2004,08_vegetables_root.xls,DT_1ET0029,일반봄무,DT_1J49: 무 | DT_1J60: 무,"","",15862,3747,594278,"","","","",9.671681590643264,8.228710798793687,13.295102502328652,"",9.671681590643264,"","",-0.0001197011202087,"","","","",medium,1,0,0,"","",0,radish,120.525,"",0.4219656412156498,2005Q1-2012Q4,50.8574089075162,65.82379143612036,4.186981344957389,"",5.049812732138476,approximate,FALSE,TRUE,FALSE,FALSE
spring_radish,Spring Radish,봄무,spring,vegetable,0,control_pool,2005,08_vegetables_root.xls,DT_1ET0029,일반봄무,DT_1J49: 무 | DT_1J60: 무,"","",11831,3808,450569,"","","","",9.378478484253662,8.244859395911256,13.018266507454303,"",9.378478484253662,"","",0.0000988132774768502,"","","","",medium,1,0,0,"","",0,radish,95.525,40,0.4219656412156498,2005Q1-2012Q4,40,55.674647152053446,4.01952487548623,4.01952487548623,4.890029780933596,approximate,FALSE,TRUE,FALSE,FALSE
spring_radish,Spring Radish,봄무,spring,vegetable,0,control_pool,2006,08_vegetables_root.xls,DT_1ET0029,일반봄무,DT_1J49: 무 | DT_1J60: 무,"","",13192,4042,533210,"","","","",9.487365864239434,8.304494897963567,13.186670621799497,"",9.487365864239434,"","",-0.00001995441541247089,"","","","",medium,1,0,0,"","",0,radish,151.925,63.6,0.4219656412156498,2005Q1-2012Q4,63.6,89.78107896360152,4.497374251143028,4.497374251143028,5.368150778918081,approximate,FALSE,TRUE,FALSE,FALSE
spring_radish,Spring Radish,봄무,spring,vegetable,0,control_pool,2007,08_vegetables_root.xls,DT_1ET0029,일반봄무,DT_1J49: 무 | DT_1J60: 무,"","",11775,4012,472411,"","","","",9.373733918884618,8.297045149081827,13.065604648385644,"",9.373733918884618,"","",-0.000004233592710178868,"","","","",medium,1,0,0,"","",0,radish,174.25,72.95,0.4219656412156498,2005Q1-2012Q4,72.95,101.89796167730664,4.623971936861848,4.623971936861848,5.494682587079523,approximate,FALSE,TRUE,FALSE,FALSE
spring_radish,Spring Radish,봄무,spring,vegetable,0,control_pool,2008,08_vegetables_root.xls,DT_1ET0029,일반봄무,DT_1J49: 무 | DT_1J60: 무,"","",12210,4099,500511,"","","","",9.41001056710475,8.318498320504338,13.123384855517877,"",9.41001056710475,"","",0.000046153896880340994,"","","","",medium,1,0,0,"","",0,radish,120.125,50.3,0.4219656412156498,2005Q1-2012Q4,50.3,70.25797684142725,4.252173851111777,4.252173851111777,5.122687518933916,approximate,FALSE,TRUE,FALSE,FALSE
spring_radish,Spring Radish,봄무,spring,vegetable,0,control_pool,2009,08_vegetables_root.xls,DT_1ET0029,일반봄무,DT_1J49: 무 | DT_1J60: 무,"","",10091,4193,423138,"","","","",9.219399216464527,8.341171747170762,12.9554536459581,"",9.219399216464527,"","",0.00005286831089890143,"","","","",medium,1,0,0,"","",0,radish,111.225,46.599999999999994,0.4219656412156498,2005Q1-2012Q4,46.6,65.14161588651574,4.1765636059038735,4.1765636059038735,5.046511260052036,approximate,FALSE,TRUE,FALSE,FALSE
spring_radish,Spring Radish,봄무,spring,vegetable,0,control_pool,2010,08_vegetables_root.xls,DT_1ET0029,일반봄무,DT_1J49: 무 | DT_1J60: 무,"","",11256,4152,467369,"","","","",9.328656598794224,8.331345424845724,13.054874374539883,"",9.328656598794224,"","",0.00004253688802435818,"","","","",medium,1,0,0,"","",0,radish,170.8,71.525,0.4219656412156498,2005Q1-2012Q4,71.525,93.28443706989222,4.535653288686724,4.535653288686724,5.40553692884156,approximate,FALSE,TRUE,FALSE,FALSE
spring_radish,Spring Radish,봄무,spring,vegetable,0,control_pool,2011,08_vegetables_root.xls,DT_1ET0029,일반봄무,DT_1J49: 무 | DT_1J60: 무,"","",15071,4219,635880,"","","","",9.620527646419676,8.347353412124338,13.362765145274809,"",9.620527646419676,"","",0.0000542727188843628,"","","","",medium,1,0,0,"","",0,radish,264.85,114.9,0.4219656412156498,2005Q1-2012Q4,114.9,140.60653735020333,4.945965474385295,4.945965474385295,5.779836126222903,approximate,FALSE,TRUE,FALSE,FALSE
spring_radish,Spring Radish,봄무,spring,vegetable,0,control_pool,2012,08_vegetables_root.xls,DT_1ET0029,일반봄무,DT_1J49: 무 | DT_1J60: 무,"","",11364,3983,452665,"","","","",9.33820574297408,8.289790583181643,13.022907616540763,"",9.33820574297408,"","",0.00008147637313449252,"","","","",medium,1,0,0,"","",0,radish,172.85,73.375,0.4219656412156498,2005Q1-2012Q4,73.375,83.6384085606642,4.4265028471276695,4.4265028471276695,5.283524491507021,approximate,FALSE,TRUE,FALSE,FALSE
spring_radish,Spring Radish,봄무,spring,vegetable,0,control_pool,2013,08_vegetables_root.xls,DT_1ET0029,일반봄무,DT_1J49: 무 | DT_1J60: 무,"","",12410,4019,498742,"","","","",9.426257878198651,8.2987883944492,13.119844206957316,"",9.426257878198651,"","",-0.000031879702447668024,"","","","",medium,1,0,0,"","",0,radish,"",79.1,0.4219656412156498,2005Q1-2012Q4,79.1,92.21909485440897,4.524167211662173,4.524167211662173,"",approximate,FALSE,TRUE,FALSE,FALSE
spring_radish,Spring Radish,봄무,spring,vegetable,0,control_pool,2014,08_vegetables_root.xls,DT_1ET0029,일반봄무,DT_1J49: 무 | DT_1J60: 무,"","",5875,4478,263054,"","","","",8.67846133901236,8.4069317971587,12.480114613277896,"",8.67846133901236,"","",-0.0001083369050718,"","","","",medium,1,0,0,"","",0,radish,"",58.05,0.4219656412156498,2005Q1-2012Q4,58.05,69.25217642981721,4.237754573162999,4.237754573162999,"",approximate,FALSE,TRUE,FALSE,FALSE
spring_radish,Spring Radish,봄무,spring,vegetable,0,control_pool,2015,08_vegetables_root.xls,DT_1ET0029,일반봄무,DT_1J49: 무 | DT_1J60: 무,"","",5863,4420,259150,"","","","",8.676416696964216,8.393894975071744,12.465162323617852,"",8.676416696964216,"","",0.00002083756998416675,"","","","",medium,1,0,0,"","",0,radish,"",70.075,0.4219656412156498,2005Q1-2012Q4,70.075,82.35193351656366,4.411001935601977,4.411001935601977,"",approximate,FALSE,TRUE,FALSE,FALSE
spring_radish,Spring Radish,봄무,spring,vegetable,0,control_pool,2016,08_vegetables_root.xls,DT_1ET0029,일반봄무,DT_1J49: 무 | DT_1J60: 무,"","",5288,4280,226349,"","","","",8.573195381531523,8.361708288575842,12.329833334917522,"",8.573195381531523,"","",0.00009985079824836872,"","","","",medium,1,0,0,"","",0,radish,"",90.775,0.4219656412156498,2005Q1-2012Q4,90.775,105.16641410701772,4.655543991792218,4.655543991792218,"",approximate,FALSE,TRUE,FALSE,FALSE
spring_radish,Spring Radish,봄무,spring,vegetable,0,control_pool,2017,08_vegetables_root.xls,DT_1ET0029,일반봄무,DT_1J49: 무 | DT_1J60: 무,"","",6659.9441,4139,275686,"","","","",8.803866370105817,8.328209491748732,12.527017815889396,"",8.803866370105817,"","",0.0001121400229386,"","","","",medium,1,0,0,"","",0,radish,"",101.25,0.4219656412156498,2005Q1-2012Q4,101.25,109.63579807997812,4.697163946000961,4.697163946000961,"",approximate,FALSE,TRUE,FALSE,FALSE
spring_radish,Spring Radish,봄무,spring,vegetable,0,control_pool,2018,08_vegetables_root.xls,DT_1ET0029,일반봄무,DT_1J49: 무 | DT_1J60: 무,"","",5867.7825,4116,241534,"","","","",8.67723207313626,8.32263709695394,12.394765528914723,"",8.67723207313626,"","",0.00006654481261492151,"","","","",medium,1,0,0,"","",0,radish,"",89.6,0.4219656412156498,2005Q1-2012Q4,89.6,97.34570500776223,4.57826861176699,4.57826861176699,"",approximate,FALSE,TRUE,FALSE,FALSE
spring_radish,Spring Radish,봄무,spring,vegetable,0,control_pool,2019,08_vegetables_root.xls,DT_1ET0029,일반봄무,DT_1J49: 무 | DT_1J60: 무,"","",5383.4474,3878,208787,"","","","",8.5910842286127,8.263074835802596,12.249069872515957,"",8.5910842286127,"","",0.00008099408874784331,"","","","",medium,1,0,0,"","",0,radish,"",73.525,0.4219656412156498,2005Q1-2012Q4,73.525,80.11596980826029,4.383475207588602,4.383475207588602,"",approximate,FALSE,TRUE,FALSE,FALSE
spring_radish,Spring Radish,봄무,spring,vegetable,0,control_pool,2020,08_vegetables_root.xls,DT_1ET0029,일반봄무,DT_1J49: 무 | DT_1J60: 무,"","",5024.7429,3922,197063,"","","","",8.52212956743924,8.274357006756292,12.191278753550291,"",8.52212956743924,"","",-0.00003763465714889946,"","","","",medium,1,0,0,"","",0,radish,"",100.025,0.4219656412156498,2005Q1-2012Q4,100.025,99.53265270667784,4.600485758235547,4.600485758235547,"",approximate,FALSE,TRUE,FALSE,FALSE
spring_radish,Spring Radish,봄무,spring,vegetable,0,control_pool,2021,08_vegetables_root.xls,DT_1ET0029,일반봄무,DT_1J49: 무 | DT_1J60: 무,"","",5017.2061,4002,200799,"","","","",8.520628503967368,8.294549515143679,12.210059686707629,"",8.520628503967368,"","",0.00005185358467407752,"","","","",medium,1,0,0,"","",0,radish,"",66.825,0.4219656412156498,2005Q1-2012Q4,66.825,59.34982867342345,4.083449234335815,4.083449234335815,"",approximate,FALSE,TRUE,FALSE,FALSE
spring_radish,Spring Radish,봄무,spring,vegetable,0,control_pool,2022,08_vegetables_root.xls,DT_1ET0029,일반봄무,DT_1J49: 무 | DT_1J60: 무,"","",4409.7424,4077,179765,"","","","",8.39157155403639,8.313116702819253,12.099405721336648,"",8.39157155403639,"","",-0.0001123495309052,"","","","",medium,1,0,0,"","",0,radish,"",121.35,0.4219656412156498,2005Q1-2012Q4,121.35,111.29842249271977,4.712215084710433,4.712215084710433,"",approximate,FALSE,TRUE,FALSE,FALSE
spring_radish,Spring Radish,봄무,spring,vegetable,0,control_pool,2023,08_vegetables_root.xls,DT_1ET0029,일반봄무,DT_1J49: 무 | DT_1J60: 무,"","",5524.9237,3634,200755,"","","","",8.617024716335845,8.198089248956116,12.209840538099092,"",8.617024716335845,"","",-0.0001032412047763,"","","","",medium,1,0,0,"","",0,radish,"",92.575,0.4219656412156498,2005Q1-2012Q4,92.575,84.44184514892933,4.436063074339309,4.436063074339309,"",approximate,FALSE,TRUE,FALSE,FALSE
spring_radish,Spring Radish,봄무,spring,vegetable,0,control_pool,2024,08_vegetables_root.xls,DT_1ET0029,일반봄무,DT_1J49: 무 | DT_1J60: 무,"","",5217.4772,3747,195476,"","","","",8.559769269032847,8.228710798793687,12.183192888723331,"",8.559769269032847,"","",-0.0001169931151121,"","","","",medium,1,0,0,"","",0,radish,"",129.25,0.4219656412156498,2005Q1-2012Q4,129.25,111.44255775944016,4.713509281105504,4.713509281105504,"",approximate,FALSE,TRUE,FALSE,FALSE
sweet_persimmon,Sweet persimmon,단감,total,fruit,1,baseline_treated,1980,01_fruit_total.xls; 02_fruit_bearing.xlsx,DT_1ET0292,단감,DT_1J49: 감 | DT_1J60: 단감,단감,적과전종합 (2024 records: 적과전종합Ⅱ),"","","","","","","","","","","","","","","",2002,2004,2004,2004,high,1,0,0,-24,-22,2004,sweet_persimmon,103.2,"",1.4575314193008233,2005Q1-2012Q4,150.41724247184496,681.8627501619953,6.524828391493968,"",6.1480841955021095,incompatible,FALSE,FALSE,FALSE,FALSE
sweet_persimmon,Sweet persimmon,단감,total,fruit,1,baseline_treated,1981,01_fruit_total.xls; 02_fruit_bearing.xlsx,DT_1ET0292,단감,DT_1J49: 감 | DT_1J60: 단감,단감,적과전종합 (2024 records: 적과전종합Ⅱ),"","","","","","","","","","","","","","","",2002,2004,2004,2004,high,1,0,0,-23,-21,2004,sweet_persimmon,96.55,"",1.4575314193008233,2005Q1-2012Q4,140.72465853349448,483.8303202986251,6.181734267354432,"",5.804990071362573,incompatible,FALSE,FALSE,FALSE,FALSE
sweet_persimmon,Sweet persimmon,단감,total,fruit,1,baseline_treated,1982,01_fruit_total.xls; 02_fruit_bearing.xlsx,DT_1ET0292,단감,DT_1J49: 감 | DT_1J60: 단감,단감,적과전종합 (2024 records: 적과전종합Ⅱ),"","","","","","","","","","","","","","","",2002,2004,2004,2004,high,1,0,0,-22,-20,2004,sweet_persimmon,117.35,"",1.4575314193008233,2005Q1-2012Q4,171.04131205495162,554.4707029268134,6.318013970276136,"",5.941269774284278,incompatible,FALSE,FALSE,FALSE,FALSE
sweet_persimmon,Sweet persimmon,단감,total,fruit,1,baseline_treated,1983,01_fruit_total.xls; 02_fruit_bearing.xlsx,DT_1ET0292,단감,DT_1J49: 감 | DT_1J60: 단감,단감,적과전종합 (2024 records: 적과전종합Ⅱ),"","","","","","","","","","","","","","","",2002,2004,2004,2004,high,1,0,0,-21,-19,2004,sweet_persimmon,111.8,"",1.4575314193008233,2005Q1-2012Q4,162.95201267783204,524.7080746778134,6.2628420597067365,"",5.886097863714878,incompatible,FALSE,FALSE,FALSE,FALSE
sweet_persimmon,Sweet persimmon,단감,total,fruit,1,baseline_treated,1984,01_fruit_total.xls; 02_fruit_bearing.xlsx,DT_1ET0292,단감,DT_1J49: 감 | DT_1J60: 단감,단감,적과전종합 (2024 records: 적과전종합Ⅱ),"","","","","","","","","","","","","","","",2002,2004,2004,2004,high,1,0,0,-20,-18,2004,sweet_persimmon,174.325,"",1.4575314193008233,2005Q1-2012Q4,254.08416466961603,817.3806072264964,6.706104845899502,"",6.329360649907644,incompatible,FALSE,FALSE,FALSE,FALSE
sweet_persimmon,Sweet persimmon,단감,total,fruit,1,baseline_treated,1985,01_fruit_total.xls; 02_fruit_bearing.xlsx,DT_1ET0292,단감,DT_1J49: 감 | DT_1J60: 단감,단감,적과전종합 (2024 records: 적과전종합Ⅱ),"","","","","","","","","","","","","","","",2002,2004,2004,2004,high,1,0,0,-19,-17,2004,sweet_persimmon,174.52499999999998,"",1.4575314193008233,2005Q1-2012Q4,254.37567095347617,786.390368875846,6.667453321651966,"",6.290709125660107,incompatible,FALSE,FALSE,FALSE,FALSE
sweet_persimmon,Sweet persimmon,단감,total,fruit,1,baseline_treated,1986,01_fruit_total.xls; 02_fruit_bearing.xlsx,DT_1ET0292,단감,DT_1J49: 감 | DT_1J60: 단감,단감,적과전종합 (2024 records: 적과전종합Ⅱ),"","","","","","","","","","","","","","","",2002,2004,2004,2004,high,1,0,0,-18,-16,2004,sweet_persimmon,166.075,"",1.4575314193008233,2005Q1-2012Q4,242.05953046038425,777.9171140427532,6.656619981282788,"",6.279875785290928,incompatible,FALSE,FALSE,FALSE,FALSE
sweet_persimmon,Sweet persimmon,단감,total,fruit,1,baseline_treated,1987,01_fruit_total.xls; 02_fruit_bearing.xlsx,DT_1ET0292,단감,DT_1J49: 감 | DT_1J60: 단감,단감,적과전종합 (2024 records: 적과전종합Ⅱ),"","","","","","","","","","","","","","","",2002,2004,2004,2004,high,1,0,0,-17,-15,2004,sweet_persimmon,167.05,"",1.4575314193008233,2005Q1-2012Q4,243.4806235942025,763.4459872114714,6.637842378490841,"",6.261098182498983,incompatible,FALSE,FALSE,FALSE,FALSE
sweet_persimmon,Sweet persimmon,단감,total,fruit,1,baseline_treated,1988,01_fruit_total.xls; 02_fruit_bearing.xlsx,DT_1ET0292,단감,DT_1J49: 감 | DT_1J60: 단감,단감,적과전종합 (2024 records: 적과전종합Ⅱ),"","","","","","","","","","","","","","","",2002,2004,2004,2004,high,1,0,0,-16,-14,2004,sweet_persimmon,254.975,"",1.4575314193008233,2005Q1-2012Q4,371.6340736362274,1018.2630599684168,6.925853572342088,"",6.54910937635023,incompatible,FALSE,FALSE,FALSE,FALSE
sweet_persimmon,Sweet persimmon,단감,total,fruit,1,baseline_treated,1989,01_fruit_total.xls; 02_fruit_bearing.xlsx,DT_1ET0292,단감,DT_1J49: 감 | DT_1J60: 단감,단감,적과전종합 (2024 records: 적과전종합Ⅱ),"","","","","","","","","","","","","","","",2002,2004,2004,2004,high,1,0,0,-15,-13,2004,sweet_persimmon,290.9,"",1.4575314193008233,2005Q1-2012Q4,423.9958898746095,1103.8757419038054,7.0065826678791545,"",6.629838471887295,incompatible,FALSE,FALSE,FALSE,FALSE
sweet_persimmon,Sweet persimmon,단감,total,fruit,1,baseline_treated,1990,01_fruit_total.xls; 02_fruit_bearing.xlsx,DT_1ET0292,단감,DT_1J49: 감 | DT_1J60: 단감,단감,적과전종합 (2024 records: 적과전종합Ⅱ),"","","","","","","","","","","","","","","",2002,2004,2004,2004,high,1,0,0,-14,-12,2004,sweet_persimmon,252.9,"",1.4575314193008233,2005Q1-2012Q4,368.6096959411782,854.9805243455794,6.751078690134143,"",6.374334494142285,incompatible,FALSE,FALSE,FALSE,FALSE
sweet_persimmon,Sweet persimmon,단감,total,fruit,1,baseline_treated,1991,01_fruit_total.xls; 02_fruit_bearing.xlsx,DT_1ET0292,단감,DT_1J49: 감 | DT_1J60: 단감,단감,적과전종합 (2024 records: 적과전종합Ⅱ),"","","","","","","","","","","","","","","",2002,2004,2004,2004,high,1,0,0,-13,-11,2004,sweet_persimmon,370.225,"",1.4575314193008233,2005Q1-2012Q4,539.6145697106473,1149.555121171813,7.047130295356139,"",6.67038609936428,incompatible,FALSE,FALSE,FALSE,FALSE
sweet_persimmon,Sweet persimmon,단감,total,fruit,1,baseline_treated,1992,01_fruit_total.xls; 02_fruit_bearing.xlsx,DT_1ET0292,단감,DT_1J49: 감 | DT_1J60: 단감,단감,적과전종합 (2024 records: 적과전종합Ⅱ),"","","","","","","","","","","","","","","",2002,2004,2004,2004,high,1,0,0,-12,-10,2004,sweet_persimmon,346.57500000000005,"",1.4575314193008233,2005Q1-2012Q4,505.1439516441829,1026.0852992456346,6.933506159941281,"",6.556761963949422,incompatible,FALSE,FALSE,FALSE,FALSE
sweet_persimmon,Sweet persimmon,단감,total,fruit,1,baseline_treated,1993,01_fruit_total.xls; 02_fruit_bearing.xlsx,DT_1ET0292,단감,DT_1J49: 감 | DT_1J60: 단감,단감,적과전종합 (2024 records: 적과전종합Ⅱ),"","","","","","","","","","","","","","","",2002,2004,2004,2004,high,1,0,0,-11,-9,2004,sweet_persimmon,197.3,"",1.4575314193008233,2005Q1-2012Q4,287.57094902805244,592.68034334314,6.384655203646467,"",6.007911007654608,incompatible,FALSE,FALSE,FALSE,FALSE
sweet_persimmon,Sweet persimmon,단감,total,fruit,1,baseline_treated,1994,01_fruit_total.xls; 02_fruit_bearing.xlsx,DT_1ET0292,단감,DT_1J49: 감 | DT_1J60: 단감,단감,적과전종합 (2024 records: 적과전종합Ⅱ),"","","","","","","","","","","","","","","",2002,2004,2004,2004,high,1,0,0,-10,-8,2004,sweet_persimmon,242.325,"",1.4575314193008233,2005Q1-2012Q4,353.19630118207203,677.2489426884521,6.5180389197804525,"",6.141294723788594,incompatible,FALSE,FALSE,FALSE,FALSE
sweet_persimmon,Sweet persimmon,단감,total,fruit,1,baseline_treated,1995,01_fruit_total.xls; 02_fruit_bearing.xlsx,DT_1ET0292,단감,DT_1J49: 감 | DT_1J60: 단감,단감,적과전종합 (2024 records: 적과전종합Ⅱ),"","","","","","","","","","","","","","","",2002,2004,2004,2004,high,1,0,0,-9,-7,2004,sweet_persimmon,268.125,"",1.4575314193008233,2005Q1-2012Q4,390.80061180003327,670.9142732388391,6.508641369106048,"",6.131897173114189,incompatible,FALSE,FALSE,FALSE,FALSE
sweet_persimmon,Sweet persimmon,단감,total,fruit,1,baseline_treated,1996,01_fruit_total.xls; 02_fruit_bearing.xlsx,DT_1ET0292,단감,DT_1J49: 감 | DT_1J60: 단감,단감,적과전종합 (2024 records: 적과전종합Ⅱ),"","","","","","","","","","","","","","","",2002,2004,2004,2004,high,1,0,0,-8,-6,2004,sweet_persimmon,211.075,"",1.4575314193008233,2005Q1-2012Q4,307.6484443289213,504.6683110393812,6.223901403658285,"",5.8471572076664255,incompatible,FALSE,FALSE,FALSE,FALSE
sweet_persimmon,Sweet persimmon,단감,total,fruit,1,baseline_treated,1997,01_fruit_total.xls; 02_fruit_bearing.xlsx,DT_1ET0292,단감,DT_1J49: 감 | DT_1J60: 단감,단감,적과전종합 (2024 records: 적과전종합Ⅱ),"","","","","","","","","","","","","","","",2002,2004,2004,2004,high,1,0,0,-7,-5,2004,sweet_persimmon,205.075,"",1.4575314193008233,2005Q1-2012Q4,298.90325581311635,503.4495788672124,6.221483565867506,"",5.844739369875647,incompatible,FALSE,FALSE,FALSE,FALSE
sweet_persimmon,Sweet persimmon,단감,total,fruit,1,baseline_treated,1998,01_fruit_total.xls; 02_fruit_bearing.xlsx,DT_1ET0292,단감,DT_1J49: 감 | DT_1J60: 단감,단감,적과전종합 (2024 records: 적과전종합Ⅱ),"","",210085,23514,"","",893.4464574296164,"","",12.255267489710365,10.065351267427689,10.065351267427689,"","","",2002,2004,2004,2004,high,1,0,0,-6,-4,2004,sweet_persimmon,189.575,"",1.4575314193008233,2005Q1-2012Q4,276.3115188139536,470.0770964226736,6.152896716193703,"",5.776152520201844,incompatible,FALSE,FALSE,FALSE,FALSE
sweet_persimmon,Sweet persimmon,단감,total,fruit,1,baseline_treated,1999,01_fruit_total.xls; 02_fruit_bearing.xlsx,DT_1ET0292,단감,DT_1J49: 감 | DT_1J60: 단감,단감,적과전종합 (2024 records: 적과전종합Ⅱ),"","",213822,23907,"","",894.3907642113188,"","",12.272899172185705,10.081926582065858,10.081926582065858,"","","",2002,2004,2004,2004,high,1,0,0,-5,-3,2004,sweet_persimmon,182.5,"",1.4575314193008233,2005Q1-2012Q4,265.9994840224003,422.5496666657157,6.046306994126651,"",5.669562798134792,incompatible,FALSE,FALSE,FALSE,FALSE
sweet_persimmon,Sweet persimmon,단감,total,fruit,1,baseline_treated,2000,01_fruit_total.xls; 02_fruit_bearing.xlsx,DT_1ET0292,단감,DT_1J49: 감 | DT_1J60: 단감,단감,적과전종합 (2024 records: 적과전종합Ⅱ),"","",227394,23816,"","",954.7950957339604,"","",12.334439474726205,10.078112902695612,10.078112902695612,"","","",2002,2004,2004,2004,high,1,0,0,-4,-2,2004,sweet_persimmon,143.35,"",1.4575314193008233,2005Q1-2012Q4,208.937128956773,317.73632239665056,5.761221863971262,"",5.384477667979403,incompatible,FALSE,FALSE,FALSE,FALSE
sweet_persimmon,Sweet persimmon,단감,total,fruit,1,baseline_treated,2001,01_fruit_total.xls; 02_fruit_bearing.xlsx,DT_1ET0292,단감,DT_1J49: 감 | DT_1J60: 단감,단감,적과전종합 (2024 records: 적과전종합Ⅱ),"","",197583,22807,"","",866.3261279431753,"","",12.193914028206242,10.03482278536615,10.03482278536615,"","","",2002,2004,2004,2004,high,1,0,0,-3,-1,2004,sweet_persimmon,106.325,"",1.4575314193008233,2005Q1-2012Q4,154.97202815716005,227.5863758330161,5.427529840324353,"",5.050785644332494,incompatible,FALSE,FALSE,FALSE,FALSE
sweet_persimmon,Sweet persimmon,단감,total,fruit,1,baseline_treated,2002,01_fruit_total.xls; 02_fruit_bearing.xlsx,DT_1ET0292,단감,DT_1J49: 감 | DT_1J60: 단감,단감,적과전종합 (2024 records: 적과전종합Ⅱ),"","",199869,21124,"","",946.1702329104336,"","",12.205417430923957,9.958165113826825,9.958165113826825,"","","",2002,2004,2004,2004,high,0,1,0,-2,0,2004,sweet_persimmon,167.9,"",1.4575314193008233,2005Q1-2012Q4,244.71952530060824,347.24393182378344,5.850027506532257,"",5.473283310540398,incompatible,FALSE,FALSE,FALSE,FALSE
sweet_persimmon,Sweet persimmon,단감,total,fruit,1,baseline_treated,2003,01_fruit_total.xls; 02_fruit_bearing.xlsx,DT_1ET0292,단감,DT_1J49: 감 | DT_1J60: 단감,단감,적과전종합 (2024 records: 적과전종합Ⅱ),"","",163004,19620,"","",830.8053007135577,"","",12.001530019365102,9.884304733119354,9.884304733119354,"","","",2002,2004,2004,2004,high,0,1,0,-1,1,2004,sweet_persimmon,126.525,"",1.4575314193008233,2005Q1-2012Q4,184.41416282703668,245.8165074112515,5.504585352774631,"",5.127841156782772,incompatible,FALSE,FALSE,FALSE,FALSE
sweet_persimmon,Sweet persimmon,단감,total,fruit,1,baseline_treated,2004,01_fruit_total.xls; 02_fruit_bearing.xlsx,DT_1ET0292,단감,DT_1J49: 감 | DT_1J60: 단감,단감,적과전종합 (2024 records: 적과전종합Ⅱ),"","",195361,18533,"","",1054.125074191982,"","",12.182604408086547,9.82730820579731,9.82730820579731,"","","",2002,2004,2004,2004,high,0,0,1,0,2,2004,sweet_persimmon,159.25,"",1.4575314193008233,2005Q1-2012Q4,232.1118785236561,302.4775890865124,5.712007189061996,"",5.335262993070137,incompatible,FALSE,FALSE,FALSE,FALSE
sweet_persimmon,Sweet persimmon,단감,total,fruit,1,baseline_treated,2005,01_fruit_total.xls; 02_fruit_bearing.xlsx,DT_1ET0292,단감,DT_1J49: 감 | DT_1J60: 단감,단감,적과전종합 (2024 records: 적과전종합Ⅱ),"","",235854,17199,"","",1371.323914181057,"","",12.37096824850075,9.752606521576492,9.752606521576492,"","","",2002,2004,2004,2004,high,0,0,1,1,3,2004,sweet_persimmon,153.8,220.77499999999998,1.4575314193008233,2005Q1-2012Q4,220.775,305.2082191674233,5.720994229478298,5.720994229478298,5.359501370796026,incompatible,FALSE,FALSE,FALSE,FALSE
sweet_persimmon,Sweet persimmon,단감,total,fruit,1,baseline_treated,2006,01_fruit_total.xls; 02_fruit_bearing.xlsx,DT_1ET0292,단감,DT_1J49: 감 | DT_1J60: 단감,단감,적과전종합 (2024 records: 적과전종합Ⅱ),"","",206589,17304,"","",1193.880027739251,"","",12.238486591268613,9.758692967632896,9.758692967632896,"","","",2002,2004,2004,2004,high,0,0,1,2,4,2004,sweet_persimmon,105.825,151.95,1.4575314193008233,2005Q1-2012Q4,151.95,215.13994764322743,5.371288735642425,5.371288735642425,5.009520757904751,incompatible,FALSE,FALSE,FALSE,FALSE
sweet_persimmon,Sweet persimmon,단감,total,fruit,1,baseline_treated,2007,01_fruit_total.xls; 02_fruit_bearing.xlsx,DT_1ET0292,단감,DT_1J49: 감 | DT_1J60: 단감,단감,적과전종합 (2024 records: 적과전종합Ⅱ),"","",207472,16309,"","",1272.1319516831195,"","",12.242751669788666,9.699472381656918,9.699472381656918,"","","",2002,2004,2004,2004,high,0,0,1,3,5,2004,sweet_persimmon,135.64999999999998,194.75,1.4575314193008233,2005Q1-2012Q4,194.75,271.01067136034925,5.602158197817885,5.602158197817885,5.240523641071645,incompatible,FALSE,FALSE,FALSE,FALSE
sweet_persimmon,Sweet persimmon,단감,total,fruit,1,baseline_treated,2008,01_fruit_total.xls; 02_fruit_bearing.xlsx,DT_1ET0292,단감,DT_1J49: 감 | DT_1J60: 단감,단감,적과전종합 (2024 records: 적과전종합Ⅱ),"","",216030,16259,"","",1328.6795005842916,"","",12.283172565911022,9.696401880595555,9.696401880595555,"","","",2002,2004,2004,2004,high,0,0,1,4,6,2004,sweet_persimmon,67.1,96.325,1.4575314193008233,2005Q1-2012Q4,96.325,134.19106292022423,4.899264627090694,4.899264627090694,4.5377241724194,incompatible,FALSE,FALSE,FALSE,FALSE
sweet_persimmon,Sweet persimmon,단감,total,fruit,1,baseline_treated,2009,01_fruit_total.xls; 02_fruit_bearing.xlsx,DT_1ET0292,단감,DT_1J49: 감 | DT_1J60: 단감,단감,적과전종합 (2024 records: 적과전종합Ⅱ),"","",171645,14785,12982,1322.1768602680636,1160.9401420358472,"","",12.053183669419925,9.601368432286575,9.601368432286575,9.471319061593414,7.187034793814602,"",2002,2004,2004,2004,high,0,0,1,5,7,2004,sweet_persimmon,51.6,74.1,1.4575314193008233,2005Q1-2012Q4,74.1,103.43988153585344,4.63899058921791,4.63899058921791,4.27709324991933,incompatible,FALSE,FALSE,FALSE,FALSE
sweet_persimmon,Sweet persimmon,단감,total,fruit,1,baseline_treated,2010,01_fruit_total.xls; 02_fruit_bearing.xlsx,DT_1ET0292,단감,DT_1J49: 감 | DT_1J60: 단감,단감,적과전종합 (2024 records: 적과전종합Ⅱ),"","",154165,15244,13474,1144.166542971649,1011.3159275780636,"","",11.94577873639726,9.63194126199375,9.63194126199375,9.508517181520606,7.042431740864745,"",2002,2004,2004,2004,high,0,0,1,6,8,2004,sweet_persimmon,49.575,71.15,1.4575314193008233,2005Q1-2012Q4,71.15,93.39696643114628,4.536858865383417,4.536858865383417,4.175024964177626,incompatible,FALSE,FALSE,FALSE,FALSE
sweet_persimmon,Sweet persimmon,단감,total,fruit,1,baseline_treated,2011,01_fruit_total.xls; 02_fruit_bearing.xlsx,DT_1ET0292,단감,DT_1J49: 감 | DT_1J60: 단감,단감,적과전종합 (2024 records: 적과전종합Ⅱ),"","",152521,14299,12622,1208.3742671525908,1066.655010839919,"","",11.935057570467183,9.567944883732848,9.567944883732848,9.443196602144186,7.097031154311091,"",2002,2004,2004,2004,high,0,0,1,7,9,2004,sweet_persimmon,53.975,79.625,1.4575314193008233,2005Q1-2012Q4,79.625,97.25532405852698,4.577339727103148,4.577339727103148,4.188985963527247,incompatible,FALSE,FALSE,FALSE,FALSE
sweet_persimmon,Sweet persimmon,단감,total,fruit,1,baseline_treated,2012,01_fruit_total.xls; 02_fruit_bearing.xlsx,DT_1ET0292,단감,DT_1J49: 감 | DT_1J60: 단감,단감,적과전종합 (2024 records: 적과전종합Ⅱ),"","",157409,13390,11955,1316.6792137181096,1175.5713218820017,"","",11.966602792492148,9.50226343868522,9.50226343868522,9.388904879892426,7.182868098587813,"",2002,2004,2004,2004,high,0,0,1,8,10,2004,sweet_persimmon,62.575,97.625,1.4575314193008233,2005Q1-2012Q4,97.625,110.91092683794234,4.708727418248782,4.708727418248782,4.264874022669332,incompatible,FALSE,FALSE,FALSE,FALSE
sweet_persimmon,Sweet persimmon,단감,total,fruit,1,baseline_treated,2013,01_fruit_total.xls; 02_fruit_bearing.xlsx,DT_1ET0292,단감,DT_1J49: 감 | DT_1J60: 단감,단감,적과전종합 (2024 records: 적과전종합Ⅱ),"","",145128,12905,11589,1252.2909655708,1124.58736923673,"","",11.885371390621158,9.465370112152714,9.465370112152714,9.35781165133439,7.132729925274859,"",2002,2004,2004,2004,high,0,0,1,9,11,2004,sweet_persimmon,"",88.85,1.4575314193008233,2005Q1-2012Q4,88.85,103.62040105641256,4.6407342318328535,4.6407342318328535,"",incompatible,FALSE,FALSE,FALSE,FALSE
sweet_persimmon,Sweet persimmon,단감,total,fruit,1,baseline_treated,2014,01_fruit_total.xls; 02_fruit_bearing.xlsx,DT_1ET0292,단감,DT_1J49: 감 | DT_1J60: 단감,단감,적과전종합 (2024 records: 적과전종합Ⅱ),"","",175405,12451,11146,1573.7035707877264,1408.7623484057506,"","",12.074852864785305,9.429556219952412,9.429556219952412,9.318835968129482,7.361187082643913,"",2002,2004,2004,2004,high,0,0,1,10,12,2004,sweet_persimmon,"",86.525,1.4575314193008233,2005Q1-2012Q4,86.525,103.1960303907248,4.636630387101502,4.636630387101502,"",incompatible,FALSE,FALSE,FALSE,FALSE
sweet_persimmon,Sweet persimmon,단감,total,fruit,1,baseline_treated,2015,01_fruit_total.xls; 02_fruit_bearing.xlsx,DT_1ET0292,단감,DT_1J49: 감 | DT_1J60: 단감,단감,적과전종합 (2024 records: 적과전종합Ⅱ),"","",157990,11849,10672,1480.4160419790103,1333.3614651025405,"","",11.970287018866896,9.37999875481674,9.37999875481674,9.275378768155404,7.300078436699581,"",2002,2004,2004,2004,high,0,0,1,11,13,2004,sweet_persimmon,"",72.45,1.4575314193008233,2005Q1-2012Q4,72.45,85.05863379391742,4.443340828021414,4.443340828021414,"",incompatible,FALSE,FALSE,FALSE,FALSE
sweet_persimmon,Sweet persimmon,단감,total,fruit,1,baseline_treated,2016,01_fruit_total.xls; 02_fruit_bearing.xlsx,DT_1ET0292,단감,DT_1J49: 감 | DT_1J60: 단감,단감,적과전종합 (2024 records: 적과전종합Ⅱ),"","",124020,10002,9121,1359.719329020941,1239.9520095980804,"","",11.72819812190387,9.21054035197885,9.21054035197885,9.11833472618016,7.215033581711802,"",2002,2004,2004,2004,high,0,0,1,12,14,2004,sweet_persimmon,"",78.6,1.4575314193008233,2005Q1-2012Q4,78.6,90.9262412590943,4.510048642240904,4.510048642240904,"",incompatible,FALSE,FALSE,FALSE,FALSE
sweet_persimmon,Sweet persimmon,단감,total,fruit,1,baseline_treated,2017,01_fruit_total.xls; 02_fruit_bearing.xlsx,DT_1ET0292,단감,DT_1J49: 감 | DT_1J60: 단감,단감,적과전종합 (2024 records: 적과전종합Ⅱ),"","",114330,9585.8902,8853,1291.4266350389698,1192.6904816831725,"","",11.646844282536016,9.168047525449929,9.168047525449929,9.08851166361105,7.163502804913058,"",2002,2004,2004,2004,high,0,0,1,13,15,2004,sweet_persimmon,"",82.45,1.4575314193008233,2005Q1-2012Q4,82.45,89.71280605759638,4.496613524288299,4.496613524288299,"",incompatible,FALSE,FALSE,FALSE,FALSE
sweet_persimmon,Sweet persimmon,단감,total,fruit,1,baseline_treated,2018,01_fruit_total.xls; 02_fruit_bearing.xlsx,DT_1ET0292,단감,DT_1J49: 감 | DT_1J60: 단감,단감,적과전종합 (2024 records: 적과전종합Ⅱ),"","",104362,9108.0509,8360,1248.3492822966507,1145.8214402381084,"","",11.555620903497848,9.116914015661647,9.116914015661647,9.031213706078749,7.12957738340719,"",2002,2004,2004,2004,high,0,0,1,14,16,2004,sweet_persimmon,"",86.925,1.4575314193008233,2005Q1-2012Q4,86.925,94.04482559548988,4.543771536641702,4.543771536641702,"",incompatible,FALSE,FALSE,FALSE,FALSE
sweet_persimmon,Sweet persimmon,단감,total,fruit,1,baseline_treated,2019,01_fruit_total.xls; 02_fruit_bearing.xlsx,DT_1ET0292,단감,DT_1J49: 감 | DT_1J60: 단감,단감,적과전종합 (2024 records: 적과전종합Ⅱ),"","",96271,8639.2721,7869,1223.4210191892234,1114.3415658826164,"","",11.474922410170022,9.06407361056388,9.06407361056388,8.970686268534983,7.109406327623129,"",2002,2004,2004,2004,high,0,0,1,15,17,2004,sweet_persimmon,"",101.925,1.4575314193008233,2005Q1-2012Q4,101.925,111.41220370813836,4.713236870040203,4.713236870040203,"",incompatible,FALSE,FALSE,FALSE,FALSE
sweet_persimmon,Sweet persimmon,단감,total,fruit,1,baseline_treated,2020,01_fruit_total.xls; 02_fruit_bearing.xlsx,DT_1ET0292,단감,DT_1J49: 감 | DT_1J60: 단감,단감,적과전종합 (2024 records: 적과전종합Ⅱ),"","",89353.7435886545,8404.2849,7614,1173.545358401031,1063.1927005313028,"","",11.400358417736228,9.03649696191384,9.03649696191384,8.937743936942443,7.0677846667818764,"",2002,2004,2004,2004,high,0,0,1,16,18,2004,sweet_persimmon,"",100,1.4575314193008233,2005Q1-2012Q4,100,100.03032310443666,4.605473371067217,4.605473371067217,"",incompatible,FALSE,FALSE,FALSE,FALSE
sweet_persimmon,Sweet persimmon,단감,total,fruit,1,baseline_treated,2021,01_fruit_total.xls; 02_fruit_bearing.xlsx,DT_1ET0292,단감,DT_1J49: 감 | DT_1J60: 단감,단감,적과전종합 (2024 records: 적과전종합Ⅱ),"","",99918,8899.3588,8211,1216.8797953964197,1122.7550461275928,"","",11.512105128586326,9.093734508181049,9.093734508181049,9.01322999770879,7.104045316865629,"",2002,2004,2004,2004,high,0,0,1,17,19,2004,sweet_persimmon,"",111.675,1.4575314193008233,2005Q1-2012Q4,111.675,99.22401864184016,4.597380108389332,4.597380108389332,"",incompatible,FALSE,FALSE,FALSE,FALSE
sweet_persimmon,Sweet persimmon,단감,total,fruit,1,baseline_treated,2022,01_fruit_total.xls; 02_fruit_bearing.xlsx,DT_1ET0292,단감,DT_1J49: 감 | DT_1J60: 단감,단감,적과전종합 (2024 records: 적과전종합Ⅱ),"","",103851,9477.2304,8501,1221.6327490883425,1095.7948220821982,"","",11.550712458530889,9.156647400665651,9.156647400665651,9.04793908261736,7.10794356190162,"",2002,2004,2004,2004,high,0,0,1,18,20,2004,sweet_persimmon,"",133.025,1.4575314193008233,2005Q1-2012Q4,133.025,120.9494743373184,4.795372890930993,4.795372890930993,"",incompatible,FALSE,FALSE,FALSE,FALSE
sweet_persimmon,Sweet persimmon,단감,total,fruit,1,baseline_treated,2023,01_fruit_total.xls; 02_fruit_bearing.xlsx,DT_1ET0292,단감,DT_1J49: 감 | DT_1J60: 단감,단감,적과전종합 (2024 records: 적과전종합Ⅱ),"","",84529,9203.354,8206,1030.087740677553,918.4586401870448,"","",11.344849949733511,9.127323261816771,9.127323261816771,9.012620873002133,6.937399262719473,"",2002,2004,2004,2004,high,0,0,1,19,21,2004,sweet_persimmon,"",125.07499999999999,1.4575314193008233,2005Q1-2012Q4,125.075,113.77510713552968,4.734223755546118,4.734223755546118,"",incompatible,FALSE,FALSE,FALSE,FALSE
sweet_persimmon,Sweet persimmon,단감,total,fruit,1,baseline_treated,2024,01_fruit_total.xls; 02_fruit_bearing.xlsx,DT_1ET0292,단감,DT_1J49: 감 | DT_1J60: 단감,단감,적과전종합 (2024 records: 적과전종합Ⅱ),"","",92863,9227.4319,8098,1146.739935786614,1006.379684037549,"","",11.438880567750315,9.12993605476313,9.12993605476313,8.999372396592106,7.044678357146303,"",2002,2004,2004,2004,high,0,0,1,20,22,2004,sweet_persimmon,"",196.95,1.4575314193008233,2005Q1-2012Q4,196.95,167.3594658411743,5.120143989195881,5.120143989195881,"",incompatible,FALSE,FALSE,FALSE,FALSE
sweet_potato,Sweet potato,고구마,all,tuber,0,baseline_treated,1980,06_potatoes.xlsx,DT_1ET0026,고구마,DT_1J49: 고구마 | DT_1J60: 고구마,고구마,종합 (see Yearbook 2025 pp.44–51),"","","","","","","","","","","","","","","",2009,2013,2012,2013,high,1,0,0,-33,-29,2013,sweet_potato,28,"",0.3778606452498957,2005Q1-2012Q4,10.58009806699708,47.73124773946049,3.8655862722948178,"",4.838816086990475,exact,TRUE,TRUE,TRUE,TRUE
sweet_potato,Sweet potato,고구마,all,tuber,0,baseline_treated,1981,06_potatoes.xlsx,DT_1ET0026,고구마,DT_1J49: 고구마 | DT_1J60: 고구마,고구마,종합 (see Yearbook 2025 pp.44–51),"","","","","","","","","","","","","","","",2009,2013,2012,2013,high,1,0,0,-32,-28,2013,sweet_potato,35.275,"",0.3778606452498957,2005Q1-2012Q4,13.32903426119007,45.80583356922234,3.8244114535162432,"",4.797641268211899,exact,TRUE,TRUE,TRUE,TRUE
sweet_potato,Sweet potato,고구마,all,tuber,0,baseline_treated,1982,06_potatoes.xlsx,DT_1ET0026,고구마,DT_1J49: 고구마 | DT_1J60: 고구마,고구마,종합 (see Yearbook 2025 pp.44–51),"","","","","","","","","","","","","","","",2009,2013,2012,2013,high,1,0,0,-31,-27,2013,sweet_potato,34.275,"",0.3778606452498957,2005Q1-2012Q4,12.951173615940176,41.96604119437288,3.7368607482450624,"",4.710090562940719,exact,TRUE,TRUE,TRUE,TRUE
sweet_potato,Sweet potato,고구마,all,tuber,0,baseline_treated,1983,06_potatoes.xlsx,DT_1ET0026,고구마,DT_1J49: 고구마 | DT_1J60: 고구마,고구마,종합 (see Yearbook 2025 pp.44–51),"","","","","","","","","","","","","","","",2009,2013,2012,2013,high,1,0,0,-30,-26,2013,sweet_potato,39.225,"",0.3778606452498957,2005Q1-2012Q4,14.82158380992716,46.45391181449957,3.83846067731132,"",4.811690492006977,exact,TRUE,TRUE,TRUE,TRUE
sweet_potato,Sweet potato,고구마,all,tuber,0,baseline_treated,1984,06_potatoes.xlsx,DT_1ET0026,고구마,DT_1J49: 고구마 | DT_1J60: 고구마,고구마,종합 (see Yearbook 2025 pp.44–51),"","","","","","","","","","","","","","","",2009,2013,2012,2013,high,1,0,0,-29,-25,2013,sweet_potato,29.924999999999997,"",0.3778606452498957,2005Q1-2012Q4,11.307479809103128,36.362075348942966,3.593526345484114,"",4.566756160179771,exact,TRUE,TRUE,TRUE,TRUE
sweet_potato,Sweet potato,고구마,all,tuber,0,baseline_treated,1985,06_potatoes.xlsx,DT_1ET0026,고구마,DT_1J49: 고구마 | DT_1J60: 고구마,고구마,종합 (see Yearbook 2025 pp.44–51),"","","","","","","","","","","","","","","",2009,2013,2012,2013,high,1,0,0,-28,-24,2013,sweet_potato,36.05,"",0.3778606452498957,2005Q1-2012Q4,13.62187626125874,42.19004964991056,3.7421844029525855,"",4.715414217648243,exact,TRUE,TRUE,TRUE,TRUE
sweet_potato,Sweet potato,고구마,all,tuber,0,baseline_treated,1986,06_potatoes.xlsx,DT_1ET0026,고구마,DT_1J49: 고구마 | DT_1J60: 고구마,고구마,종합 (see Yearbook 2025 pp.44–51),"","","","","","","","","","","","","","","",2009,2013,2012,2013,high,1,0,0,-27,-23,2013,sweet_potato,43.85,"",0.3778606452498957,2005Q1-2012Q4,16.569189294207927,53.441568662823286,3.978588882518074,"",4.951818697213731,exact,TRUE,TRUE,TRUE,TRUE
sweet_potato,Sweet potato,고구마,all,tuber,0,baseline_treated,1987,06_potatoes.xlsx,DT_1ET0026,고구마,DT_1J49: 고구마 | DT_1J60: 고구마,고구마,종합 (see Yearbook 2025 pp.44–51),"","","","","","","","","","","","","","","",2009,2013,2012,2013,high,1,0,0,-26,-22,2013,sweet_potato,55.64999999999999,"",0.3778606452498957,2005Q1-2012Q4,21.02794490815669,65.82737054653361,4.187035717594292,"",5.160265532289949,exact,TRUE,TRUE,TRUE,TRUE
sweet_potato,Sweet potato,고구마,all,tuber,0,baseline_treated,1988,06_potatoes.xlsx,DT_1ET0026,고구마,DT_1J49: 고구마 | DT_1J60: 고구마,고구마,종합 (see Yearbook 2025 pp.44–51),"","","","","","","","","","","","","","","",2009,2013,2012,2013,high,1,0,0,-25,-21,2013,sweet_potato,56.625,"",0.3778606452498957,2005Q1-2012Q4,21.396359037275342,58.69914492539669,4.072425159869294,"",5.04565497456495,exact,TRUE,TRUE,TRUE,TRUE
sweet_potato,Sweet potato,고구마,all,tuber,0,baseline_treated,1989,06_potatoes.xlsx,DT_1ET0026,고구마,DT_1J49: 고구마 | DT_1J60: 고구마,고구마,종합 (see Yearbook 2025 pp.44–51),"","","","","","","","","","","","","","","",2009,2013,2012,2013,high,1,0,0,-24,-20,2013,sweet_potato,62.325,"",0.3778606452498957,2005Q1-2012Q4,23.55016471519975,61.36899170886327,4.116904686558741,"",5.090134501254398,exact,TRUE,TRUE,TRUE,TRUE
sweet_potato,Sweet potato,고구마,all,tuber,0,baseline_treated,1990,06_potatoes.xlsx,DT_1ET0026,고구마,DT_1J49: 고구마 | DT_1J60: 고구마,고구마,종합 (see Yearbook 2025 pp.44–51),"","","","","","","","","","","","","","","",2009,2013,2012,2013,high,1,0,0,-23,-19,2013,sweet_potato,56.65,"",0.3778606452498957,2005Q1-2012Q4,21.40580555340659,49.9400449480741,3.910823184892754,"",4.884052999588411,exact,TRUE,TRUE,TRUE,TRUE
sweet_potato,Sweet potato,고구마,all,tuber,0,baseline_treated,1991,06_potatoes.xlsx,DT_1ET0026,고구마,DT_1J49: 고구마 | DT_1J60: 고구마,고구마,종합 (see Yearbook 2025 pp.44–51),17313,2173,376200,"","","","",9.759212943379076,7.683863980256429,12.837876195849066,"",9.759212943379076,"","",-0.00003054179834727222,2009,2013,2012,2013,high,1,0,0,-22,-18,2013,sweet_potato,59.875,"",0.3778606452498957,2005Q1-2012Q4,22.624406134337505,48.24434640829606,3.87627864803466,"",4.849508462730317,exact,TRUE,TRUE,TRUE,TRUE
sweet_potato,Sweet potato,고구마,all,tuber,0,baseline_treated,1992,06_potatoes.xlsx,DT_1ET0026,고구마,DT_1J49: 고구마 | DT_1J60: 고구마,고구마,종합 (see Yearbook 2025 pp.44–51),15683,2008,314840,"","","","",9.660332602134424,7.60489448081162,12.659819852256389,"",9.660332602134424,"","",-0.0002370447015653,2009,2013,2012,2013,high,1,0,0,-21,-17,2013,sweet_potato,59.725,"",0.3778606452498957,2005Q1-2012Q4,22.56772703755002,46.00323288187107,3.828711674060244,"",4.801941488755901,exact,TRUE,TRUE,TRUE,TRUE
sweet_potato,Sweet potato,고구마,all,tuber,0,baseline_treated,1993,06_potatoes.xlsx,DT_1ET0026,고구마,DT_1J49: 고구마 | DT_1J60: 고구마,고구마,종합 (see Yearbook 2025 pp.44–51),14132,1997,282157,"","","","",9.556197008479035,7.599401333415815,12.55021893258803,"",9.556197008479035,"","",-0.0002092233187305,2009,2013,2012,2013,high,1,0,0,-20,-16,2013,sweet_potato,56.4,"",0.3778606452498957,2005Q1-2012Q4,21.31134039209412,43.937743067676166,3.782773701679079,"",4.756003516374736,exact,TRUE,TRUE,TRUE,TRUE
sweet_potato,Sweet potato,고구마,all,tuber,0,baseline_treated,1994,06_potatoes.xlsx,DT_1ET0026,고구마,DT_1J49: 고구마 | DT_1J60: 고구마,고구마,종합 (see Yearbook 2025 pp.44–51),14652,1686,247093,"","","","",9.592332123898704,7.430114138561801,12.417520062963542,"",9.592332123898704,"","",0.0002439864911263,2009,2013,2012,2013,high,1,0,0,-19,-15,2013,sweet_potato,75,"",0.3778606452498957,2005Q1-2012Q4,28.339548393742177,54.10127887230851,3.990857824617557,"",4.964087639313214,exact,TRUE,TRUE,TRUE,TRUE
sweet_potato,Sweet potato,고구마,all,tuber,0,baseline_treated,1995,06_potatoes.xlsx,DT_1ET0026,고구마,DT_1J49: 고구마 | DT_1J60: 고구마,고구마,종합 (see Yearbook 2025 pp.44–51),14908,2045,304806,"","","","",9.60965326059915,7.623153068476902,12.62743078764025,"",9.60965326059915,"","",-0.0002053554477097,2009,2013,2012,2013,high,1,0,0,-18,-14,2013,sweet_potato,82.15,"",0.3778606452498957,2005Q1-2012Q4,31.04125200727893,53.34291123928877,3.9767410961787935,"",4.94997091087445,exact,TRUE,TRUE,TRUE,TRUE
sweet_potato,Sweet potato,고구마,all,tuber,0,baseline_treated,1996,06_potatoes.xlsx,DT_1ET0026,고구마,DT_1J49: 고구마 | DT_1J60: 고구마,고구마,종합 (see Yearbook 2025 pp.44–51),15768,2138,337172,"","","","",9.665737848832556,7.6676260915849905,12.728348464888663,"",9.665737848832556,"","",0.0001547104592098,2009,2013,2012,2013,high,1,0,0,-17,-13,2013,sweet_potato,102.85,"",0.3778606452498957,2005Q1-2012Q4,38.862967363951775,63.73813847569774,4.154783103600335,"",5.128012918295991,exact,TRUE,TRUE,TRUE,TRUE
sweet_potato,Sweet potato,고구마,all,tuber,0,baseline_treated,1997,06_potatoes.xlsx,DT_1ET0026,고구마,DT_1J49: 고구마 | DT_1J60: 고구마,고구마,종합 (see Yearbook 2025 pp.44–51),15282,1918,293064,"","","","",9.634430944207512,7.559038255443384,12.588146294180968,"",9.634430944207512,"","",-0.0001527194818358,2009,2013,2012,2013,high,1,0,0,-16,-12,2013,sweet_potato,131,"",0.3778606452498957,2005Q1-2012Q4,49.49974452773634,83.41320371351202,4.423806614741562,"",5.397036429437218,exact,TRUE,TRUE,TRUE,TRUE
sweet_potato,Sweet potato,고구마,all,tuber,0,baseline_treated,1998,06_potatoes.xlsx,DT_1ET0026,고구마,DT_1J49: 고구마 | DT_1J60: 고구마,고구마,종합 (see Yearbook 2025 pp.44–51),16133,2102,339054,"","","","",9.688622142666144,7.650644551436897,12.733914665712357,"",9.688622142666144,"","",-0.0001818424025916,2009,2013,2012,2013,high,1,0,0,-15,-11,2013,sweet_potato,127.125,"",0.3778606452498957,2005Q1-2012Q4,48.03553452739299,82.00266277774293,4.406751719636324,"",5.37998153433198,exact,TRUE,TRUE,TRUE,TRUE
sweet_potato,Sweet potato,고구마,all,tuber,0,baseline_treated,1999,06_potatoes.xlsx,DT_1ET0026,고구마,DT_1J49: 고구마 | DT_1J60: 고구마,고구마,종합 (see Yearbook 2025 pp.44–51),20109,2129,428085,"","","","",9.908922755026069,7.663407664893479,12.967077052976776,"",9.908922755026069,"","",-0.000083180954678852,2009,2013,2012,2013,high,1,0,0,-14,-10,2013,sweet_potato,80.7,"",0.3778606452498957,2005Q1-2012Q4,30.49335407166658,48.41771204441887,3.8798656981096977,"",4.853095512805354,exact,TRUE,TRUE,TRUE,TRUE
sweet_potato,Sweet potato,고구마,all,tuber,0,baseline_treated,2000,06_potatoes.xlsx,DT_1ET0026,고구마,DT_1J49: 고구마 | DT_1J60: 고구마,고구마,종합 (see Yearbook 2025 pp.44–51),16149,2136,344881,"","","","",9.689613407229068,7.666690200080086,12.75095470897608,"",9.689613407229068,"","",-0.0001787123449812,2009,2013,2012,2013,high,1,0,0,-13,-9,2013,sweet_potato,98.25,"",0.3778606452498957,2005Q1-2012Q4,37.12480839580225,56.57939692344392,4.035644906987416,"",5.008874721683073,exact,TRUE,TRUE,TRUE,TRUE
sweet_potato,Sweet potato,고구마,all,tuber,0,baseline_treated,2001,06_potatoes.xlsx,DT_1ET0026,고구마,DT_1J49: 고구마 | DT_1J60: 고구마,고구마,종합 (see Yearbook 2025 pp.44–51),12718,2147,273098,"","","","",9.450773591827351,7.671826797878781,12.517585984110193,"",9.450773591827351,"","",0.0001557803921485,2009,2013,2012,2013,high,1,0,0,-12,-8,2013,sweet_potato,96,"",0.3778606452498957,2005Q1-2012Q4,36.27462194398999,53.12522914802283,3.972651940609826,"",4.945881755305482,exact,TRUE,TRUE,TRUE,TRUE
sweet_potato,Sweet potato,고구마,all,tuber,0,baseline_treated,2002,06_potatoes.xlsx,DT_1ET0026,고구마,DT_1J49: 고구마 | DT_1J60: 고구마,고구마,종합 (see Yearbook 2025 pp.44–51),14727,2150,316703,"","","","",9.597437822726162,7.673223121121708,12.665719705168952,"",9.597437822726162,"","",0.0002289473091732,2009,2013,2012,2013,high,1,0,0,-11,-7,2013,sweet_potato,85.55,"",0.3778606452498957,2005Q1-2012Q4,32.32597820112858,45.87519530118955,3.825924563612311,"",4.799154378307968,exact,TRUE,TRUE,TRUE,TRUE
sweet_potato,Sweet potato,고구마,all,tuber,0,baseline_treated,2003,06_potatoes.xlsx,DT_1ET0026,고구마,DT_1J49: 고구마 | DT_1J60: 고구마,고구마,종합 (see Yearbook 2025 pp.44–51),14161,1898,268733,"","","","",9.55824698622306,7.5485559791698735,12.501473600609325,"",9.55824698622306,"","",-0.000159178795517,2009,2013,2012,2013,high,1,0,0,-10,-6,2013,sweet_potato,131.04999999999998,"",0.3778606452498957,2005Q1-2012Q4,49.51863755999883,66.5415481118553,4.197826536202691,"",5.171056350898349,exact,TRUE,TRUE,TRUE,TRUE
sweet_potato,Sweet potato,고구마,all,tuber,0,baseline_treated,2004,06_potatoes.xlsx,DT_1ET0026,고구마,DT_1J49: 고구마 | DT_1J60: 고구마,고구마,종합 (see Yearbook 2025 pp.44–51),16570,2084,345239,"","","","",9.71534911042061,7.642044402873258,12.751992209793656,"",9.71534911042061,"","",-0.0002311175121185,2009,2013,2012,2013,high,1,0,0,-9,-5,2013,sweet_potato,130.125,"",0.3778606452498957,2005Q1-2012Q4,49.16911646314268,64.15816730607622,4.161351398718808,"",5.134581213414465,exact,TRUE,TRUE,TRUE,TRUE
sweet_potato,Sweet potato,고구마,all,tuber,0,baseline_treated,2005,06_potatoes.xlsx,DT_1ET0026,고구마,DT_1J49: 고구마 | DT_1J60: 고구마,고구마,종합 (see Yearbook 2025 pp.44–51),17178,1645,282526,"","","","",9.75138477432617,7.405495663199472,12.551525860731866,"",9.75138477432617,"","",-0.0001843908056855,2009,2013,2012,2013,high,1,0,0,-8,-4,2013,sweet_potato,106.1,39.75,0.3778606452498957,2005Q1-2012Q4,39.75,54.96459924326473,4.006689327878344,4.006689327878344,4.988478653566922,exact,TRUE,TRUE,TRUE,TRUE
sweet_potato,Sweet potato,고구마,all,tuber,0,baseline_treated,2006,06_potatoes.xlsx,DT_1ET0026,고구마,DT_1J49: 고구마 | DT_1J60: 고구마,고구마,종합 (see Yearbook 2025 pp.44–51),16668,1715,285841,"","","","",9.721245992542343,7.44716835960004,12.56319099115185,"",9.721245992542343,"","",-0.00005317500244395035,2009,2013,2012,2013,high,1,0,0,-7,-3,2013,sweet_potato,142.625,53.475,0.3778606452498957,2005Q1-2012Q4,53.475,75.78221649131032,4.327863654190295,4.327863654190295,5.308855793780447,exact,TRUE,TRUE,TRUE,TRUE
sweet_potato,Sweet potato,고구마,all,tuber,0,baseline_treated,2007,06_potatoes.xlsx,DT_1ET0026,고구마,DT_1J49: 고구마 | DT_1J60: 고구마,고구마,종합 (see Yearbook 2025 pp.44–51),21093,1670,352269,"","","","",9.956696510867271,7.4205789054108,12.772150367270076,"",9.956696510867271,"","",0.000045136980096671664,2009,2013,2012,2013,high,1,0,0,-6,-2,2013,sweet_potato,150.125,56.275,0.3778606452498957,2005Q1-2012Q4,56.275,77.936793535553,4.355898158899452,4.355898158899452,5.337106412893911,exact,TRUE,TRUE,TRUE,TRUE
sweet_potato,Sweet potato,고구마,all,tuber,0,baseline_treated,2008,06_potatoes.xlsx,DT_1ET0026,고구마,DT_1J49: 고구마 | DT_1J60: 고구마,고구마,종합 (see Yearbook 2025 pp.44–51),19451,1693,329351,"","","","",9.875653761606692,7.434257382133135,12.704879330347818,"",9.875653761606692,"","",0.0001383725960817,2009,2013,2012,2013,high,1,0,0,-5,-1,2013,sweet_potato,152.875,57.325,0.3778606452498957,2005Q1-2012Q4,57.325,80.05953917490282,4.382770597551144,4.382770597551144,5.36364940577868,exact,TRUE,TRUE,TRUE,TRUE
sweet_potato,Sweet potato,고구마,all,tuber,0,baseline_treated,2009,06_potatoes.xlsx,DT_1ET0026,고구마,DT_1J49: 고구마 | DT_1J60: 고구마,고구마,종합 (see Yearbook 2025 pp.44–51),20918,1676,350661,"","","","",9.948365311314214,7.424165281042028,12.767575223785297,"",9.948365311314214,"","",0.0002148174171452,2009,2013,2012,2013,high,0,1,0,-4,0,2013,sweet_potato,158.525,59.45,0.3778606452498957,2005Q1-2012Q4,59.45,82.9841786604855,4.418649971078206,4.418649971078206,5.399426155034004,exact,TRUE,TRUE,TRUE,TRUE
sweet_potato,Sweet potato,고구마,all,tuber,0,baseline_treated,2010,06_potatoes.xlsx,DT_1ET0026,고구마,DT_1J49: 고구마 | DT_1J60: 고구마,고구마,종합 (see Yearbook 2025 pp.44–51),19200,1557,298930,"","","","",9.862665558015872,7.350516171833998,12.607964711251556,"",9.862665558015872,"","",-0.00004683261022364604,2009,2013,2012,2013,high,0,1,0,-3,1,2013,sweet_potato,172.575,64.675,0.3778606452498957,2005Q1-2012Q4,64.675,84.88609144569037,4.441310257113496,4.441310257113496,5.422856895702708,exact,TRUE,TRUE,TRUE,TRUE
sweet_potato,Sweet potato,고구마,all,tuber,0,baseline_treated,2011,06_potatoes.xlsx,DT_1ET0026,고구마,DT_1J49: 고구마 | DT_1J60: 고구마,고구마,종합 (see Yearbook 2025 pp.44–51),18040,1415,255284,"","","","",9.800346793616615,7.254884810077338,12.450131929898625,"",9.800346793616615,"","",0.00007051219276377196,2009,2013,2012,2013,high,0,1,0,-2,2,2013,sweet_potato,225.75,87.4,0.3778606452498957,2005Q1-2012Q4,87.4,106.66609526666524,4.6697033502363015,4.6697033502363015,5.618436896637966,exact,TRUE,TRUE,TRUE,TRUE
sweet_potato,Sweet potato,고구마,all,tuber,0,baseline_treated,2012,06_potatoes.xlsx,DT_1ET0026,고구마,DT_1J49: 고구마 | DT_1J60: 고구마,고구마,종합 (see Yearbook 2025 pp.44–51),22997,1490,342668,"","","","",10.04311905162132,7.306531398939505,12.74451732737215,"",10.04311905162132,"","",0.00003706279941617652,2009,2013,2012,2013,high,0,1,0,-1,3,2013,sweet_potato,273.45,105.575,0.3778606452498957,2005Q1-2012Q4,105.575,119.80050338325556,4.78582788753609,4.78582788753609,5.737480726166504,exact,TRUE,TRUE,TRUE,TRUE
sweet_potato,Sweet potato,고구마,all,tuber,0,baseline_treated,2013,06_potatoes.xlsx,DT_1ET0026,고구마,DT_1J49: 고구마 | DT_1J60: 고구마,고구마,종합 (see Yearbook 2025 pp.44–51),22207,1484,329516,"","","","",10.00816283347426,7.302496423727326,12.705380190167627,"",10.00816283347426,"","",-0.0001088810458647,2009,2013,2012,2013,high,0,0,1,0,4,2013,sweet_potato,"",75.075,0.3778606452498957,2005Q1-2012Q4,75.075,87.3056514638674,4.469415196877038,4.469415196877038,"",exact,TRUE,TRUE,TRUE,TRUE
sweet_potato,Sweet potato,고구마,all,tuber,0,baseline_treated,2014,06_potatoes.xlsx,DT_1ET0026,고구마,DT_1J49: 고구마 | DT_1J60: 고구마,고구마,종합 (see Yearbook 2025 pp.44–51),20515,1570,322071,"","","","",9.928911604876289,7.358830898342354,12.682527297115088,"",9.928911604876289,"","",-0.00004502011545959306,2009,2013,2012,2013,high,0,0,1,1,5,2013,sweet_potato,"",63.475,0.3778606452498957,2005Q1-2012Q4,63.475,75.89457099876053,4.329345153500234,4.329345153500234,"",exact,TRUE,TRUE,TRUE,TRUE
sweet_potato,Sweet potato,고구마,all,tuber,0,baseline_treated,2015,06_potatoes.xlsx,DT_1ET0026,고구마,DT_1J49: 고구마 | DT_1J60: 고구마,고구마,종합 (see Yearbook 2025 pp.44–51),19357,1522,294655,"","","","",9.870809390145546,7.327780538421631,12.593560459407676,"",9.870809390145546,"","",0.0001407168285911,2009,2013,2012,2013,high,0,0,1,2,6,2013,sweet_potato,"",69.875,0.3778606452498957,2005Q1-2012Q4,69.875,82.03649649982586,4.407164227512025,4.407164227512025,"",exact,TRUE,TRUE,TRUE,TRUE
sweet_potato,Sweet potato,고구마,all,tuber,0,baseline_treated,2016,06_potatoes.xlsx,DT_1ET0026,고구마,DT_1J49: 고구마 | DT_1J60: 고구마,고구마,종합 (see Yearbook 2025 pp.44–51),23151,1474,341225,"","","","",10.049793255125712,7.295735072749282,12.740297362724396,"",10.049793255125712,"","",-0.000060779162506463535,2009,2013,2012,2013,high,0,0,1,3,7,2013,sweet_potato,"",63,0.3778606452498957,2005Q1-2012Q4,63,72.64419707653707,4.285573511761237,4.285573511761237,"",exact,TRUE,TRUE,TRUE,TRUE
sweet_potato,Sweet potato,고구마,all,tuber,0,baseline_treated,2017,06_potatoes.xlsx,DT_1ET0026,고구마,DT_1J49: 고구마 | DT_1J60: 고구마,고구마,종합 (see Yearbook 2025 pp.44–51),21684,1499,324960,"","","","",9.98432994038023,7.312553498102598,12.691457376814212,"",9.98432994038023,"","",-0.0002558756805228,2009,2013,2012,2013,high,0,0,1,4,8,2013,sweet_potato,"",65.225,0.3778606452498957,2005Q1-2012Q4,65.225,71.14080816835157,4.264661126708123,4.264661126708123,"",exact,TRUE,TRUE,TRUE,TRUE
sweet_potato,Sweet potato,고구마,all,tuber,0,baseline_treated,2018,06_potatoes.xlsx,DT_1ET0026,고구마,DT_1J49: 고구마 | DT_1J60: 고구마,고구마,종합 (see Yearbook 2025 pp.44–51),20948,1457,305304,"","","","",9.949798455399378,7.284134806195205,12.629063280504155,"",9.949798455399378,"","",0.0003002048976661,2009,2013,2012,2013,high,0,0,1,5,9,2013,sweet_potato,"",91.65,0.3778606452498957,2005Q1-2012Q4,91.65,99.4658358500818,4.599814226912957,4.599814226912957,"",exact,TRUE,TRUE,TRUE,TRUE
sweet_potato,Sweet potato,고구마,all,tuber,0,baseline_treated,2019,06_potatoes.xlsx,DT_1ET0026,고구마,DT_1J49: 고구마 | DT_1J60: 고구마,고구마,종합 (see Yearbook 2025 pp.44–51),21941,1679,368324,"","","","",9.99611231164195,7.425953657077541,12.816718264578318,"",9.99611231164195,"","",-0.0001775181530803,2009,2013,2012,2013,high,0,0,1,6,10,2013,sweet_potato,"",71.825,0.3778606452498957,2005Q1-2012Q4,71.825,78.04785766269002,4.357322198316826,4.357322198316826,"",exact,TRUE,TRUE,TRUE,TRUE
sweet_potato,Sweet potato,고구마,all,tuber,0,baseline_treated,2020,06_potatoes.xlsx,DT_1ET0026,고구마,DT_1J49: 고구마 | DT_1J60: 고구마,고구마,종합 (see Yearbook 2025 pp.44–51),22262,1482,329927,"","","","",10.010636468053171,7.301147805856032,12.70662669685044,"",10.010636468053171,"","",0.000012608929328195018,2009,2013,2012,2013,high,0,0,1,7,11,2013,sweet_potato,"",100,0.3778606452498957,2005Q1-2012Q4,100,99.7617515535317,4.602784858891381,4.602784858891381,"",exact,TRUE,TRUE,TRUE,TRUE
sweet_potato,Sweet potato,고구마,all,tuber,0,baseline_treated,2021,06_potatoes.xlsx,DT_1ET0026,고구마,DT_1J49: 고구마 | DT_1J60: 고구마,고구마,종합 (see Yearbook 2025 pp.44–51),23236,1502,348912,"","","","",10.053458079112422,7.31455283232408,12.762575020392529,"",10.053458079112422,"","",-0.0002657050558845,2009,2013,2012,2013,high,0,0,1,8,12,2013,sweet_potato,"",102.825,0.3778606452498957,2005Q1-2012Q4,102.825,90.70215490806784,4.507581115472463,4.507581115472463,"",exact,TRUE,TRUE,TRUE,TRUE
sweet_potato,Sweet potato,고구마,all,tuber,0,baseline_treated,2022,06_potatoes.xlsx,DT_1ET0026,고구마,DT_1J49: 고구마 | DT_1J60: 고구마,고구마,종합 (see Yearbook 2025 pp.44–51),21345,1580,337153,"","","","",9.968572799192062,7.365180126021013,12.728292112239703,"",9.968572799192062,"","",-0.0002906269852775,2009,2013,2012,2013,high,0,0,1,9,13,2013,sweet_potato,"",64.675,0.3778606452498957,2005Q1-2012Q4,64.675,59.32308962857121,4.082998600009343,4.082998600009343,"",exact,TRUE,TRUE,TRUE,TRUE
sweet_potato,Sweet potato,고구마,all,tuber,0,baseline_treated,2023,06_potatoes.xlsx,DT_1ET0026,고구마,DT_1J49: 고구마 | DT_1J60: 고구마,고구마,종합 (see Yearbook 2025 pp.44–51),18463,1623,299714,"","","","",9.823524008395744,7.392031567514591,12.610583965593763,"",9.823524008395744,"","",0.0001985756715221,2009,2013,2012,2013,high,0,0,1,10,14,2013,sweet_potato,"",84.125,0.3778606452498957,2005Q1-2012Q4,84.125,76.7037465277211,4.339950553695527,4.339950553695527,"",exact,TRUE,TRUE,TRUE,TRUE
sweet_potato,Sweet potato,고구마,all,tuber,0,baseline_treated,2024,06_potatoes.xlsx,DT_1ET0026,고구마,DT_1J49: 고구마 | DT_1J60: 고구마,고구마,종합 (see Yearbook 2025 pp.44–51),17732,1722,305343,"","","","",9.783126195864943,7.451241684987676,12.629191013875657,"",9.783126195864943,"","",-0.000006680988871465843,2009,2013,2012,2013,high,0,0,1,11,15,2013,sweet_potato,"",87.925,0.3778606452498957,2005Q1-2012Q4,87.925,74.94144761833694,4.31670711021042,4.31670711021042,"",exact,TRUE,TRUE,TRUE,TRUE
tangerine,Tangerine,감귤,total,fruit,1,baseline_treated,1980,01_fruit_total.xls; 02_fruit_bearing.xlsx,DT_1ET0292,감귤,DT_1J49: 감귤 | DT_1J60: 감귤,감귤,"종합 (온주밀감류, 만감류)","","",161433.5,12205.1,"","",1322.6724893691985,"","",11.9918485721406,9.40960917615687,9.40960917615687,"","","",2002,2004,2004,2004,high,1,0,0,-24,-22,2004,tangerine,25.15,"","",2005Q1-2012Q4,"","","","",4.734257076391873,approximate,FALSE,FALSE,FALSE,FALSE
tangerine,Tangerine,감귤,total,fruit,1,baseline_treated,1981,01_fruit_total.xls; 02_fruit_bearing.xlsx,DT_1ET0292,감귤,DT_1J49: 감귤 | DT_1J60: 감귤,감귤,"종합 (온주밀감류, 만감류)","","",208654,12579,"","",1658.748708164401,"","",12.248432656696233,9.439784035838873,9.439784035838873,"","","",2002,2004,2004,2004,high,1,0,0,-23,-21,2004,tangerine,29.4,"","",2005Q1-2012Q4,"","","","",4.610896760356401,approximate,FALSE,FALSE,FALSE,FALSE
tangerine,Tangerine,감귤,total,fruit,1,baseline_treated,1982,01_fruit_total.xls; 02_fruit_bearing.xlsx,DT_1ET0292,감귤,DT_1J49: 감귤 | DT_1J60: 감귤,감귤,"종합 (온주밀감류, 만감류)","","",278784,13632,"","",2045.0704225352115,"","",12.538192567412525,9.520175249069098,9.520175249069098,"","","",2002,2004,2004,2004,high,1,0,0,-22,-20,2004,tangerine,21.425,"","",2005Q1-2012Q4,"","","","",4.239151965091666,approximate,FALSE,FALSE,FALSE,FALSE
tangerine,Tangerine,감귤,total,fruit,1,baseline_treated,1983,01_fruit_total.xls; 02_fruit_bearing.xlsx,DT_1ET0292,감귤,DT_1J49: 감귤 | DT_1J60: 감귤,감귤,"종합 (온주밀감류, 만감류)","","",330623,14838,"","",2228.2180886911983,"","",12.708734032427069,9.604946736749472,9.604946736749472,"","","",2002,2004,2004,2004,high,1,0,0,-21,-19,2004,tangerine,23.9,"","",2005Q1-2012Q4,"","","","",4.318381530462811,approximate,FALSE,FALSE,FALSE,FALSE
tangerine,Tangerine,감귤,total,fruit,1,baseline_treated,1984,01_fruit_total.xls; 02_fruit_bearing.xlsx,DT_1ET0292,감귤,DT_1J49: 감귤 | DT_1J60: 감귤,감귤,"종합 (온주밀감류, 만감류)","","",261129,15450,"","",1690.1553398058252,"","",12.472769817075674,9.645364282325891,9.645364282325891,"","","",2002,2004,2004,2004,high,1,0,0,-20,-18,2004,tangerine,17.55,"","",2005Q1-2012Q4,"","","","",4.033217675161792,approximate,FALSE,FALSE,FALSE,FALSE
tangerine,Tangerine,감귤,total,fruit,1,baseline_treated,1985,01_fruit_total.xls; 02_fruit_bearing.xlsx,DT_1ET0292,감귤,DT_1J49: 감귤 | DT_1J60: 감귤,감귤,"종합 (온주밀감류, 만감류)","","",370543,15688,"","",2361.951810300867,"","",12.822724776363128,9.660651367876184,9.660651367876184,"","","",2002,2004,2004,2004,high,1,0,0,-19,-17,2004,tangerine,30.825,"","",2005Q1-2012Q4,"","","","",4.555606986927743,approximate,FALSE,FALSE,FALSE,FALSE
tangerine,Tangerine,감귤,total,fruit,1,baseline_treated,1986,01_fruit_total.xls; 02_fruit_bearing.xlsx,DT_1ET0292,감귤,DT_1J49: 감귤 | DT_1J60: 감귤,감귤,"종합 (온주밀감류, 만감류)","","",339507,16773,"","",2024.1280629583257,"","",12.735249844325027,9.727525729694754,9.727525729694754,"","","",2002,2004,2004,2004,high,1,0,0,-18,-16,2004,tangerine,27.175,"","",2005Q1-2012Q4,"","","","",4.477778704438261,approximate,FALSE,FALSE,FALSE,FALSE
tangerine,Tangerine,감귤,total,fruit,1,baseline_treated,1987,01_fruit_total.xls; 02_fruit_bearing.xlsx,DT_1ET0292,감귤,DT_1J49: 감귤 | DT_1J60: 감귤,감귤,"종합 (온주밀감류, 만감류)","","",441019,18161,"","",2428.3850008259456,"","",12.996843237401125,9.807031716718498,9.807031716718498,"","","",2002,2004,2004,2004,high,1,0,0,-17,-15,2004,tangerine,40.125,"","",2005Q1-2012Q4,"","","","",4.837295645266346,approximate,FALSE,FALSE,FALSE,FALSE
tangerine,Tangerine,감귤,total,fruit,1,baseline_treated,1988,01_fruit_total.xls; 02_fruit_bearing.xlsx,DT_1ET0292,감귤,DT_1J49: 감귤 | DT_1J60: 감귤,감귤,"종합 (온주밀감류, 만감류)","","",414861,18217,"","",2277.3288686391834,"","",12.93569880334895,9.81011050303083,9.81011050303083,"","","",2002,2004,2004,2004,high,1,0,0,-16,-14,2004,tangerine,41.050000000000004,"","",2005Q1-2012Q4,"","","","",4.721315713936977,approximate,FALSE,FALSE,FALSE,FALSE
tangerine,Tangerine,감귤,total,fruit,1,baseline_treated,1989,01_fruit_total.xls; 02_fruit_bearing.xlsx,DT_1ET0292,감귤,DT_1J49: 감귤 | DT_1J60: 감귤,감귤,"종합 (온주밀감류, 만감류)","","",746516,18822,"","",3966.1885028158536,"","",13.52317232908735,9.842781677418731,9.842781677418731,"","","",2002,2004,2004,2004,high,1,0,0,-15,-13,2004,tangerine,36.575,"","",2005Q1-2012Q4,"","","","",4.557815891373621,approximate,FALSE,FALSE,FALSE,FALSE
tangerine,Tangerine,감귤,total,fruit,1,baseline_treated,1990,01_fruit_total.xls; 02_fruit_bearing.xlsx,DT_1ET0292,감귤,DT_1J49: 감귤 | DT_1J60: 감귤,감귤,"종합 (온주밀감류, 만감류)","","",492676,19287,"","",2554.445999896303,"","",13.107607036162351,9.867186572809796,9.867186572809796,"","","",2002,2004,2004,2004,high,1,0,0,-14,-12,2004,tangerine,33.55,"","",2005Q1-2012Q4,"","","","",4.360317382251598,approximate,FALSE,FALSE,FALSE,FALSE
tangerine,Tangerine,감귤,total,fruit,1,baseline_treated,1991,01_fruit_total.xls; 02_fruit_bearing.xlsx,DT_1ET0292,감귤,DT_1J49: 감귤 | DT_1J60: 감귤,감귤,"종합 (온주밀감류, 만감류)","","",556368,20221,"","",2751.43662529054,"","",13.229185224796636,9.91447694733573,9.91447694733573,"","","",2002,2004,2004,2004,high,1,0,0,-13,-11,2004,tangerine,55.45,"","",2005Q1-2012Q4,"","","","",4.772623185930249,approximate,FALSE,FALSE,FALSE,FALSE
tangerine,Tangerine,감귤,total,fruit,1,baseline_treated,1992,01_fruit_total.xls; 02_fruit_bearing.xlsx,DT_1ET0292,감귤,DT_1J49: 감귤 | DT_1J60: 감귤,감귤,"종합 (온주밀감류, 만감류)","","",718955,22413,"","",3207.7588899299512,"","",13.485554047818251,10.017396426643913,10.017396426643913,"","","",2002,2004,2004,2004,high,1,0,0,-12,-10,2004,tangerine,49.925000000000004,"","",2005Q1-2012Q4,"","","","",4.621850063672854,approximate,FALSE,FALSE,FALSE,FALSE
tangerine,Tangerine,감귤,total,fruit,1,baseline_treated,1993,01_fruit_total.xls; 02_fruit_bearing.xlsx,DT_1ET0292,감귤,DT_1J49: 감귤 | DT_1J60: 감귤,감귤,"종합 (온주밀감류, 만감류)","","",619182,22247,"","",2783.2157144783564,"","",13.33615453106768,10.009962447043131,10.009962447043131,"","","",2002,2004,2004,2004,high,1,0,0,-11,-9,2004,tangerine,42.05,"","",2005Q1-2012Q4,"","","","",4.461868877001892,approximate,FALSE,FALSE,FALSE,FALSE
tangerine,Tangerine,감귤,total,fruit,1,baseline_treated,1994,01_fruit_total.xls; 02_fruit_bearing.xlsx,DT_1ET0292,감귤,DT_1J49: 감귤 | DT_1J60: 감귤,감귤,"종합 (온주밀감류, 만감류)","","",548961,22233,"","",2469.1269734178923,"","",13.215782679716966,10.009332950619468,10.009332950619468,"","","",2002,2004,2004,2004,high,1,0,0,-10,-8,2004,tangerine,59.150000000000006,"","",2005Q1-2012Q4,"","","","",4.726797510153013,approximate,FALSE,FALSE,FALSE,FALSE
tangerine,Tangerine,감귤,total,fruit,1,baseline_treated,1995,01_fruit_total.xls; 02_fruit_bearing.xlsx,DT_1ET0292,감귤,DT_1J49: 감귤 | DT_1J60: 감귤,감귤,"종합 (온주밀감류, 만감류)","","",614801,24348,"","",2525.0574995892885,"","",13.329053917190471,10.100204989613816,10.100204989613816,"","","",2002,2004,2004,2004,high,1,0,0,-9,-7,2004,tangerine,99.525,"","",2005Q1-2012Q4,"","","","",5.1411141344061,approximate,FALSE,FALSE,FALSE,FALSE
tangerine,Tangerine,감귤,total,fruit,1,baseline_treated,1996,01_fruit_total.xls; 02_fruit_bearing.xlsx,DT_1ET0292,감귤,DT_1J49: 감귤 | DT_1J60: 감귤,감귤,"종합 (온주밀감류, 만감류)","","",514053,25423,"","",2021.9997639932344,"","",13.150081651962006,10.143409555089155,10.143409555089155,"","","",2002,2004,2004,2004,high,1,0,0,-8,-6,2004,tangerine,75.325,"","",2005Q1-2012Q4,"","","","",4.817081815332831,approximate,FALSE,FALSE,FALSE,FALSE
tangerine,Tangerine,감귤,total,fruit,1,baseline_treated,1997,01_fruit_total.xls; 02_fruit_bearing.xlsx,DT_1ET0292,감귤,DT_1J49: 감귤 | DT_1J60: 감귤,감귤,"종합 (온주밀감류, 만감류)","","",648923,25731,"","",2521.9501768295054,"","",13.383069344579669,10.155451769658532,10.155451769658532,"","","",2002,2004,2004,2004,high,1,0,0,-7,-5,2004,tangerine,87.4,"","",2005Q1-2012Q4,"","","","",4.99177321353711,approximate,FALSE,FALSE,FALSE,FALSE
tangerine,Tangerine,감귤,total,fruit,1,baseline_treated,1998,01_fruit_total.xls; 02_fruit_bearing.xlsx,DT_1ET0292,감귤,DT_1J49: 감귤 | DT_1J60: 감귤,감귤,"종합 (온주밀감류, 만감류)","","",489393,24667,"","",1983.9988648802048,"","",13.100921126659973,10.113221596940404,10.113221596940404,"","","",2002,2004,2004,2004,high,1,0,0,-6,-4,2004,tangerine,82.5,"","",2005Q1-2012Q4,"","","","",4.943256150590487,approximate,FALSE,FALSE,FALSE,FALSE
tangerine,Tangerine,감귤,total,fruit,1,baseline_treated,1999,01_fruit_total.xls; 02_fruit_bearing.xlsx,DT_1ET0292,감귤,DT_1J49: 감귤 | DT_1J60: 감귤,감귤,"종합 (온주밀감류, 만감류)","","",592207,24959,"","",2372.7192595857205,"","",13.291611514910738,10.124989757578213,10.124989757578213,"","","",2002,2004,2004,2004,high,1,0,0,-5,-3,2004,tangerine,103,"","",2005Q1-2012Q4,"","","","",5.097623707999879,approximate,FALSE,FALSE,FALSE,FALSE
tangerine,Tangerine,감귤,total,fruit,1,baseline_treated,2000,01_fruit_total.xls; 02_fruit_bearing.xlsx,DT_1ET0292,감귤,DT_1J49: 감귤 | DT_1J60: 감귤,감귤,"종합 (온주밀감류, 만감류)","","",563470,26821,"","",2100.8538085828272,"","",13.24186937235796,10.196940441748334,10.196940441748334,"","","",2002,2004,2004,2004,high,1,0,0,-4,-2,2004,tangerine,110.975,"","",2005Q1-2012Q4,"","","","",5.137558226986686,approximate,FALSE,FALSE,FALSE,FALSE
tangerine,Tangerine,감귤,total,fruit,1,baseline_treated,2001,01_fruit_total.xls; 02_fruit_bearing.xlsx,DT_1ET0292,감귤,DT_1J49: 감귤 | DT_1J60: 감귤,감귤,"종합 (온주밀감류, 만감류)","","",644731,26655,"","",2418.799474770212,"","",13.376588454523027,10.19073202925686,10.19073202925686,"","","",2002,2004,2004,2004,high,1,0,0,-3,-1,2004,tangerine,64.925,"","",2005Q1-2012Q4,"","","","",4.553440684896498,approximate,FALSE,FALSE,FALSE,FALSE
tangerine,Tangerine,감귤,total,fruit,1,baseline_treated,2002,01_fruit_total.xls; 02_fruit_bearing.xlsx,DT_1ET0292,감귤,DT_1J49: 감귤 | DT_1J60: 감귤,감귤,"종합 (온주밀감류, 만감류)","","",642525,26248,"","",2447.900792441329,"","",13.373161005500354,10.175345074640935,10.175345074640935,"","","",2002,2004,2004,2004,high,0,1,0,-2,0,2004,tangerine,70.575,"","",2005Q1-2012Q4,"","","","",4.606688131044501,approximate,FALSE,FALSE,FALSE,FALSE
tangerine,Tangerine,감귤,total,fruit,1,baseline_treated,2003,01_fruit_total.xls; 02_fruit_bearing.xlsx,DT_1ET0292,감귤,DT_1J49: 감귤 | DT_1J60: 감귤,감귤,"종합 (온주밀감류, 만감류)","","",631929,24595,"","",2569.339296605001,"","",13.356532325046032,10.11029844922944,10.11029844922944,"","","",2002,2004,2004,2004,high,0,1,0,-1,1,2004,tangerine,44.675,"","",2005Q1-2012Q4,"","","","",4.081399379955895,approximate,FALSE,FALSE,FALSE,FALSE
tangerine,Tangerine,감귤,total,fruit,1,baseline_treated,2004,01_fruit_total.xls; 02_fruit_bearing.xlsx,DT_1ET0292,감귤,DT_1J49: 감귤 | DT_1J60: 감귤,감귤,"종합 (온주밀감류, 만감류)","","",584353,22107,"","",2643.29397928258,"","",13.278260531257596,10.003649579435107,10.003649579435107,"","","",2002,2004,2004,2004,high,0,0,1,0,2,2004,tangerine,64.775,"","",2005Q1-2012Q4,"","","","",4.447633128101311,approximate,FALSE,FALSE,FALSE,FALSE
tangerine,Tangerine,감귤,total,fruit,1,baseline_treated,2005,01_fruit_total.xls; 02_fruit_bearing.xlsx,DT_1ET0292,감귤,DT_1J49: 감귤 | DT_1J60: 감귤,감귤,"종합 (온주밀감류, 만감류)","","",637961,21504,"","",2966.708519345238,"","",13.366032431931856,9.975994243322877,9.975994243322877,"","","",2002,2004,2004,2004,high,0,0,1,1,3,2004,tangerine,"",28.45,"",2005Q1-2012Q4,28.45,39.35411465014249,3.672600534838822,3.672600534838822,"",approximate,FALSE,FALSE,FALSE,FALSE
tangerine,Tangerine,감귤,total,fruit,1,baseline_treated,2006,01_fruit_total.xls; 02_fruit_bearing.xlsx,DT_1ET0292,감귤,DT_1J49: 감귤 | DT_1J60: 감귤,감귤,"종합 (온주밀감류, 만감류)","","",620292,21382,"","",2901.000841829576,"","",13.337945613892712,9.970304725573444,9.970304725573444,"","","",2002,2004,2004,2004,high,0,0,1,2,4,2004,tangerine,"",27,"",2005Q1-2012Q4,27,38.23652916752881,3.6437913196163914,3.6437913196163914,"",approximate,FALSE,FALSE,FALSE,FALSE
tangerine,Tangerine,감귤,total,fruit,1,baseline_treated,2007,01_fruit_total.xls; 02_fruit_bearing.xlsx,DT_1ET0292,감귤,DT_1J49: 감귤 | DT_1J60: 감귤,감귤,"종합 (온주밀감류, 만감류)","","",777547,21476,"","",3620.539206556156,"","",13.56389937136926,9.97469131154246,9.97469131154246,"","","",2002,2004,2004,2004,high,0,0,1,3,5,2004,tangerine,"",26.475,"",2005Q1-2012Q4,26.475,36.7401688139208,3.603870674602792,3.603870674602792,"",approximate,FALSE,FALSE,FALSE,FALSE
tangerine,Tangerine,감귤,total,fruit,1,baseline_treated,2008,01_fruit_total.xls; 02_fruit_bearing.xlsx,DT_1ET0292,감귤,DT_1J49: 감귤 | DT_1J60: 감귤,감귤,"종합 (온주밀감류, 만감류)","","",636413,21229,"","",2997.8472843751474,"","",13.36360300264128,9.963123450432002,9.963123450432002,"","","",2002,2004,2004,2004,high,0,0,1,4,6,2004,tangerine,"",21.7,"",2005Q1-2012Q4,21.7,30.394082363039168,3.4142479303530786,3.4142479303530786,"",approximate,FALSE,FALSE,FALSE,FALSE
tangerine,Tangerine,감귤,total,fruit,1,baseline_treated,2009,01_fruit_total.xls; 02_fruit_bearing.xlsx,DT_1ET0292,감귤,DT_1J49: 감귤 | DT_1J60: 감귤,감귤,"종합 (온주밀감류, 만감류)","","",727295,21396,20661,3520.134553022602,3399.210132735091,"","",13.497087451376805,9.97095926765114,9.97095926765114,9.936003144212808,8.166254493152087,"",2002,2004,2004,2004,high,0,0,1,5,7,2004,tangerine,"",20.325,"",2005Q1-2012Q4,20.325,28.310085917850564,3.343218134013253,3.343218134013253,"",approximate,FALSE,FALSE,FALSE,FALSE
tangerine,Tangerine,감귤,total,fruit,1,baseline_treated,2010,01_fruit_total.xls; 02_fruit_bearing.xlsx,DT_1ET0292,감귤,DT_1J49: 감귤 | DT_1J60: 감귤,감귤,"종합 (온주밀감류, 만감류)","","",614871,21143,20407,3013.039643259666,2908.153998959466,"","",13.329167768689206,9.95906416042487,9.95906416042487,9.923633258229083,8.010704696448213,"",2002,2004,2004,2004,high,0,0,1,6,8,2004,tangerine,"",13.825,"",2005Q1-2012Q4,13.825,18.106045492269292,2.896245887602246,2.896245887602246,"",approximate,FALSE,FALSE,FALSE,FALSE
tangerine,Tangerine,감귤,total,fruit,1,baseline_treated,2011,01_fruit_total.xls; 02_fruit_bearing.xlsx,DT_1ET0292,감귤,DT_1J49: 감귤 | DT_1J60: 감귤,감귤,"종합 (온주밀감류, 만감류)","","",644631,21424,20268,3180.535820011841,3008.919902912621,"","",13.376433339047,9.972267067930954,9.972267067930954,9.9167985665958,8.064804958439291,"",2002,2004,2004,2004,high,0,0,1,7,9,2004,tangerine,"",15.8,"",2005Q1-2012Q4,15.8,19.27519320312496,2.958818942907586,2.958818942907586,"",approximate,FALSE,FALSE,FALSE,FALSE
tangerine,Tangerine,감귤,total,fruit,1,baseline_treated,2012,01_fruit_total.xls; 02_fruit_bearing.xlsx,DT_1ET0292,감귤,DT_1J49: 감귤 | DT_1J60: 감귤,감귤,"종합 (온주밀감류, 만감류)","","",654031,21362,20170,3242.592959841348,3061.656211965172,"","",13.390910029927584,9.96936892164964,9.96936892164964,9.911951630948256,8.084128584967416,"",2002,2004,2004,2004,high,0,0,1,8,10,2004,tangerine,"",38.825,"",2005Q1-2012Q4,38.825,44.04965250010292,3.785317463590639,3.785317463590639,"",approximate,FALSE,FALSE,FALSE,FALSE
tangerine,Tangerine,감귤,total,fruit,1,baseline_treated,2013,01_fruit_total.xls; 02_fruit_bearing.xlsx,DT_1ET0292,감귤,DT_1J49: 감귤 | DT_1J60: 감귤,감귤,"종합 (온주밀감류, 만감류)","","",655284,21334,20470,3201.191988275525,3071.547764132371,"","",13.392824008431626,9.968057323185429,9.968057323185429,9.926715678655334,8.071278515764384,"",2002,2004,2004,2004,high,0,0,1,9,11,2004,tangerine,"",26.75,"",2005Q1-2012Q4,26.75,31.22697482034175,3.441282298858584,3.441282298858584,"",approximate,FALSE,FALSE,FALSE,FALSE
tangerine,Tangerine,감귤,total,fruit,1,baseline_treated,2014,01_fruit_total.xls; 02_fruit_bearing.xlsx,DT_1ET0292,감귤,DT_1J49: 감귤 | DT_1J60: 감귤,감귤,"종합 (온주밀감류, 만감류)","","",687516,21338,20303,3386.277889967,3222.0264317180613,"","",13.44084038097933,9.968244799751409,9.968244799751409,9.918523937362242,8.12748662960518,"",2002,2004,2004,2004,high,0,0,1,10,12,2004,tangerine,"",34.075,"",2005Q1-2012Q4,34.075,40.62423019858185,3.7043646915123833,3.7043646915123833,"",approximate,FALSE,FALSE,FALSE,FALSE
tangerine,Tangerine,감귤,total,fruit,1,baseline_treated,2015,01_fruit_total.xls; 02_fruit_bearing.xlsx,DT_1ET0292,감귤,DT_1J49: 감귤 | DT_1J60: 감귤,감귤,"종합 (온주밀감류, 만감류)","","",639892,21265,20243,3161.053203576545,3009.132377145544,"","",13.369054691095972,9.964817807687734,9.964817807687734,9.915564333761576,8.058660543322485,"",2002,2004,2004,2004,high,0,0,1,11,13,2004,tangerine,"",36.525,"",2005Q1-2012Q4,36.525,42.92198742825174,3.759384222101706,3.759384222101706,"",approximate,FALSE,FALSE,FALSE,FALSE
tangerine,Tangerine,감귤,total,fruit,1,baseline_treated,2016,01_fruit_total.xls; 02_fruit_bearing.xlsx,DT_1ET0292,감귤,DT_1J49: 감귤 | DT_1J60: 감귤,감귤,"종합 (온주밀감류, 만감류)","","",609832,21682,20656,2952.323780015492,2812.6187621068166,"","",13.320938788381175,9.984237702221238,9.984237702221238,9.935761113086423,7.990347861282842,"",2002,2004,2004,2004,high,0,0,1,12,14,2004,tangerine,"",63.625,"",2005Q1-2012Q4,63.625,73.77406937166295,4.301007306336197,4.301007306336197,"",approximate,FALSE,FALSE,FALSE,FALSE
tangerine,Tangerine,감귤,total,fruit,1,baseline_treated,2017,01_fruit_total.xls; 02_fruit_bearing.xlsx,DT_1ET0292,감귤,DT_1J49: 감귤 | DT_1J60: 감귤,감귤,"종합 (온주밀감류, 만감류)","","",597294,21586.9506,20538,2908.2383873794915,2766.921604944054,"","",13.300164733466527,9.979844272217935,9.979844272217935,9.93003210775824,7.97530281169638,"",2002,2004,2004,2004,high,0,0,1,13,15,2004,tangerine,"",108.85,"",2005Q1-2012Q4,108.85,118.9076114095385,4.778346816866844,4.778346816866844,"",approximate,FALSE,FALSE,FALSE,FALSE
tangerine,Tangerine,감귤,total,fruit,1,baseline_treated,2018,01_fruit_total.xls; 02_fruit_bearing.xlsx,DT_1ET0292,감귤,DT_1J49: 감귤 | DT_1J60: 감귤,감귤,"종합 (온주밀감류, 만감류)","","",621154,21572.2102,20307,3058.817156645492,2879.417520231654,"","",13.339334317289444,9.979161200522382,9.979161200522382,9.918720933176717,8.025783570100819,"",2002,2004,2004,2004,high,0,0,1,14,16,2004,tangerine,"",78.975,"",2005Q1-2012Q4,78.975,85.634646843373,4.450089954100503,4.450089954100503,"",approximate,FALSE,FALSE,FALSE,FALSE
tangerine,Tangerine,감귤,total,fruit,1,baseline_treated,2019,01_fruit_total.xls; 02_fruit_bearing.xlsx,DT_1ET0292,감귤,DT_1J49: 감귤 | DT_1J60: 감귤,감귤,"종합 (온주밀감류, 만감류)","","",629785,21179.6299,19855,3171.921430370184,2973.541100451429,"","",13.35313377028064,9.96079514497062,9.96079514497062,9.896211143565353,8.06209281270338,"",2002,2004,2004,2004,high,0,0,1,15,17,2004,tangerine,"",88.57499999999999,"",2005Q1-2012Q4,88.57499999999999,98.15730600557158,4.586571355095022,4.586571355095022,"",approximate,FALSE,FALSE,FALSE,FALSE
tangerine,Tangerine,감귤,total,fruit,1,baseline_treated,2020,01_fruit_total.xls; 02_fruit_bearing.xlsx,DT_1ET0292,감귤,DT_1J49: 감귤 | DT_1J60: 감귤,감귤,"종합 (온주밀감류, 만감류)","","",658858.8151866306,21111.0677,20113,3275.7858856790663,3120.9165947899005,"","",13.39826454954031,9.9575527174885,9.9575527174885,9.90912165115322,8.094313084375178,"",2002,2004,2004,2004,high,0,0,1,16,18,2004,tangerine,"",100.02499999999999,"",2005Q1-2012Q4,100.025,99.17891776797848,4.596925469204503,4.596925469204503,"",approximate,FALSE,FALSE,FALSE,FALSE
tangerine,Tangerine,감귤,total,fruit,1,baseline_treated,2021,01_fruit_total.xls; 02_fruit_bearing.xlsx,DT_1ET0292,감귤,DT_1J49: 감귤 | DT_1J60: 감귤,감귤,"종합 (온주밀감류, 만감류)","","",635835,22028.9451,20860,3048.106423777565,2886.36154438462,"","",13.362694374701183,10.000112553947202,10.000112553947202,9.945588728554764,8.022275832134511,"",2002,2004,2004,2004,high,0,0,1,17,19,2004,tangerine,"",98.55,"",2005Q1-2012Q4,98.55,87.61537961923783,4.47295654896202,4.47295654896202,"",approximate,FALSE,FALSE,FALSE,FALSE
tangerine,Tangerine,감귤,total,fruit,1,baseline_treated,2022,01_fruit_total.xls; 02_fruit_bearing.xlsx,DT_1ET0292,감귤,DT_1J49: 감귤 | DT_1J60: 감귤,감귤,"종합 (온주밀감류, 만감류)","","",610454,22125.3114,20733,2944.359234071287,2759.0752914781574,"","",13.32195822161874,10.004477544353357,10.004477544353357,9.939481912759504,7.9876464948473265,"",2002,2004,2004,2004,high,0,0,1,18,20,2004,tangerine,"",97.9,"",2005Q1-2012Q4,97.9,88.62471481358835,4.484410766946842,4.484410766946842,"",approximate,FALSE,FALSE,FALSE,FALSE
tangerine,Tangerine,감귤,total,fruit,1,baseline_treated,2023,01_fruit_total.xls; 02_fruit_bearing.xlsx,DT_1ET0292,감귤,DT_1J49: 감귤 | DT_1J60: 감귤,감귤,"종합 (온주밀감류, 만감류)","","",607766,22107.7871,20663,2941.3250738034167,2749.103730965457,"","",13.317545218446392,10.003685182908594,10.003685182908594,9.936099940263604,7.986615464170879,"",2002,2004,2004,2004,high,0,0,1,19,21,2004,tangerine,"",112.225,"",2005Q1-2012Q4,112.225,101.697887464861,4.622006530615179,4.622006530615179,"",approximate,FALSE,FALSE,FALSE,FALSE
tangerine,Tangerine,감귤,total,fruit,1,baseline_treated,2024,01_fruit_total.xls; 02_fruit_bearing.xlsx,DT_1ET0292,감귤,DT_1J49: 감귤 | DT_1J60: 감귤,감귤,"종합 (온주밀감류, 만감류)","","",556921,21950.9311,20227,2753.354427250704,2537.11789018371,"","",13.23017867761164,9.996564836738049,9.996564836738049,9.914773624553096,7.920575239046636,"",2002,2004,2004,2004,high,0,0,1,20,22,2004,tangerine,"",141.82500000000002,"",2005Q1-2012Q4,141.82500000000002,121.06201077882254,4.796302900096149,4.796302900096149,"",approximate,FALSE,FALSE,FALSE,FALSE
wheat,Wheat,밀,all,grain,0,control_pool,1980,07_barely.xlsx,DT_1ET0231,밀,"",밀,종합 (see Yearbook 2025 pp.44–51),27868,330,91957,"","","","",10.23523435615001,5.799092654460526,11.429076355465469,"",10.23523435615001,"","",-0.00008046915697690338,2017,2021,2024,2025,low,1,0,0,-41,-37,2021,"","","","","","","","","","","","","","",""
wheat,Wheat,밀,all,grain,0,control_pool,1981,07_barely.xlsx,DT_1ET0231,밀,"",밀,종합 (see Yearbook 2025 pp.44–51),19692,290,57128,"","","","",9.887967740878093,5.66988092298052,10.953049643228946,"",9.887967740878093,"","",0.0003711653584268,2017,2021,2024,2025,low,1,0,0,-40,-36,2021,"","","","","","","","","","","","","","",""
wheat,Wheat,밀,all,grain,0,control_pool,1982,07_barely.xlsx,DT_1ET0231,밀,"",밀,종합 (see Yearbook 2025 pp.44–51),19656,335,65812,"","","","",9.886137914201017,5.814130531825066,11.09455747150654,"",9.886137914201017,"","",-0.000540788531449,2017,2021,2024,2025,low,1,0,0,-39,-35,2021,"","","","","","","","","","","","","","",""
wheat,Wheat,밀,all,grain,0,control_pool,1983,07_barely.xlsx,DT_1ET0231,밀,"",밀,종합 (see Yearbook 2025 pp.44–51),26446,422,111637,"","","","",10.182860197116767,6.045005314036012,11.62300781520034,"",10.182860197116767,"","",0.0003124900356521,2017,2021,2024,2025,low,1,0,0,-38,-34,2021,"","","","","","","","","","","","","","",""
wheat,Wheat,밀,all,grain,0,control_pool,1984,07_barely.xlsx,DT_1ET0231,밀,"",밀,종합 (see Yearbook 2025 pp.44–51),6411,269,17237,"","","","",8.765770543987257,5.594711379601839,9.75481351515439,"",8.765770543987257,"","",-0.0004982224466143,2017,2021,2024,2025,low,1,0,0,-37,-33,2021,"","","","","","","","","","","","","","",""
wheat,Wheat,밀,all,grain,0,control_pool,1985,07_barely.xlsx,DT_1ET0231,밀,"",밀,종합 (see Yearbook 2025 pp.44–51),3070,343,10517,"","","","",8.029432840581244,5.83773044716594,9.260748274520028,"",8.029432840581244,"","",-0.0012448272390646,2017,2021,2024,2025,low,1,0,0,-36,-32,2021,"","","","","","","","","","","","","","",""
wheat,Wheat,밀,all,grain,0,control_pool,1986,07_barely.xlsx,DT_1ET0231,밀,"",밀,종합 (see Yearbook 2025 pp.44–51),1547,294,4545,"","","","",7.344072850573066,5.683579767338681,8.421783006611578,"",7.344072850573066,"","",-0.000699425312078,2017,2021,2024,2025,low,1,0,0,-35,-31,2021,"","","","","","","","","","","","","","",""
wheat,Wheat,밀,all,grain,0,control_pool,1987,07_barely.xlsx,DT_1ET0231,밀,"",밀,종합 (see Yearbook 2025 pp.44–51),1235,302,3734,"","","","",7.118826249062078,5.71042701737487,8.225235324101668,"",7.118826249062078,"","",0.0011522436528128,2017,2021,2024,2025,low,1,0,0,-34,-30,2021,"","","","","","","","","","","","","","",""
wheat,Wheat,밀,all,grain,0,control_pool,1988,07_barely.xlsx,DT_1ET0231,밀,"",밀,종합 (see Yearbook 2025 pp.44–51),753,329,2473,"","","","",6.6240652277998935,5.796057750765372,7.813187267521416,"",6.6240652277998935,"","",-0.0017655250557586,2017,2021,2024,2025,low,1,0,0,-33,-29,2021,"","","","","","","","","","","","","","",""
wheat,Wheat,밀,all,grain,0,control_pool,1989,07_barely.xlsx,DT_1ET0231,밀,"",밀,종합 (see Yearbook 2025 pp.44–51),364,309,1121,"","","","",5.8971538676367405,5.733341276897746,7.02197642307216,"",5.8971538676367405,"","",-0.0033485354742346,2017,2021,2024,2025,low,1,0,0,-32,-28,2021,"","","","","","","","","","","","","","",""
wheat,Wheat,밀,all,grain,0,control_pool,1990,07_barely.xlsx,DT_1ET0231,밀,"",밀,종합 (see Yearbook 2025 pp.44–51),294,303,889,"","","","",5.683579767338681,5.713732805509369,6.790097235513905,"",5.683579767338681,"","",-0.0020451513460546,2017,2021,2024,2025,low,1,0,0,-31,-27,2021,"","","","","","","","","","","","","","",""
wheat,Wheat,밀,all,grain,0,control_pool,1991,07_barely.xlsx,DT_1ET0231,밀,"",밀,종합 (see Yearbook 2025 pp.44–51),178,310,551,"","","","",5.181783550292085,5.736572297479192,6.311734809152915,"",5.181783550292085,"","",-0.0014508526302705,2017,2021,2024,2025,low,1,0,0,-30,-26,2021,"","","","","","","","","","","","","","",""
wheat,Wheat,밀,all,grain,0,control_pool,1992,07_barely.xlsx,DT_1ET0231,밀,"",밀,종합 (see Yearbook 2025 pp.44–51),164,337,552,"","","","",5.099866427824199,5.820082930352362,6.313548046277095,"",5.099866427824199,"","",-0.0012311259113735,2017,2021,2024,2025,low,1,0,0,-29,-25,2021,"","","","","","","","","","","","","","",""
wheat,Wheat,밀,all,grain,0,control_pool,1993,07_barely.xlsx,DT_1ET0231,밀,"",밀,종합 (see Yearbook 2025 pp.44–51),547,271,1483,"","","","",6.304448802421981,5.602118820879701,7.301822342137932,"",6.304448802421981,"","",0.0004249048243414,2017,2021,2024,2025,low,1,0,0,-28,-24,2021,"","","","","","","","","","","","","","",""
wheat,Wheat,밀,all,grain,0,control_pool,1994,07_barely.xlsx,DT_1ET0231,밀,"",밀,종합 (see Yearbook 2025 pp.44–51),582,370,2156,"","","","",6.366470447731438,5.91350300563827,7.676009932028887,"",6.366470447731438,"","",0.0012066646472712,2017,2021,2024,2025,low,1,0,0,-27,-23,2021,"","","","","","","","","","","","","","",""
wheat,Wheat,밀,all,grain,0,control_pool,1995,07_barely.xlsx,DT_1ET0231,밀,"",밀,종합 (see Yearbook 2025 pp.44–51),2312,444,10262,"","","","",7.7458682297922685,6.095824562432225,9.23620303150191,"",7.7458682297922685,"","",-0.0003195747344921,2017,2021,2024,2025,low,1,0,0,-26,-22,2021,"","","","","","","","","","","","","","",""
wheat,Wheat,밀,all,grain,0,control_pool,1996,07_barely.xlsx,DT_1ET0231,밀,"",밀,종합 (see Yearbook 2025 pp.44–51),2787,392,10923,"","","","",7.932721027481948,5.971261839790462,9.298625936843544,"",7.932721027481948,"","",-0.0001867444407768,2017,2021,2024,2025,low,1,0,0,-25,-21,2021,"","","","","","","","","","","","","","",""
wheat,Wheat,밀,all,grain,0,control_pool,1997,07_barely.xlsx,DT_1ET0231,밀,"",밀,종합 (see Yearbook 2025 pp.44–51),1838,404,7433,"","","","",7.516433302915632,6.001414877961151,8.913684824725294,"",7.516433302915632,"","",0.0010068298366032,2017,2021,2024,2025,low,1,0,0,-24,-20,2021,"","","","","","","","","","","","","","",""
wheat,Wheat,밀,all,grain,0,control_pool,1998,07_barely.xlsx,DT_1ET0231,밀,"",밀,종합 (see Yearbook 2025 pp.44–51),1372,348,4781,"","","","",7.22402480828583,5.8522024797744745,8.472405008626103,"",7.22402480828583,"","",0.0013479065538888,2017,2021,2024,2025,low,1,0,0,-23,-19,2021,"","","","","","","","","","","","","","",""
wheat,Wheat,밀,all,grain,0,control_pool,1999,07_barely.xlsx,DT_1ET0231,밀,"",밀,종합 (see Yearbook 2025 pp.44–51),1533,367,5626,"","","","",7.334981878871814,5.905361848054571,8.635153989049803,"",7.334981878871814,"","",-0.000019551888490454417,2017,2021,2024,2025,low,1,0,0,-22,-18,2021,"","","","","","","","","","","","","","",""
wheat,Wheat,밀,all,grain,0,control_pool,2000,07_barely.xlsx,DT_1ET0231,밀,"",밀,종합 (see Yearbook 2025 pp.44–51),919,255,2339,"","","","",6.823286122355687,5.541263545158426,7.757478766584179,"",6.823286122355687,"","",-0.0019007149418426,2017,2021,2024,2025,low,1,0,0,-21,-17,2021,"","","","","","","","","","","","","","",""
wheat,Wheat,밀,all,grain,0,control_pool,2001,07_barely.xlsx,DT_1ET0231,밀,"",밀,종합 (see Yearbook 2025 pp.44–51),915,310,2841,"","","","",6.818924065275521,5.736572297479192,7.951911381854188,"",6.818924065275521,"","",0.0015852050875659,2017,2021,2024,2025,low,1,0,0,-20,-16,2021,"","","","","","","","","","","","","","",""
wheat,Wheat,밀,all,grain,0,control_pool,2002,07_barely.xlsx,DT_1ET0231,밀,"",밀,종합 (see Yearbook 2025 pp.44–51),1808,323,5834,"","","","",7.4999765409521215,5.777652323222656,8.671458150427666,"",7.4999765409521215,"","",-0.0010005277590199,2017,2021,2024,2025,low,1,0,0,-19,-15,2021,"","","","","","","","","","","","","","",""
wheat,Wheat,밀,all,grain,0,control_pool,2003,07_barely.xlsx,DT_1ET0231,밀,"",밀,종합 (see Yearbook 2025 pp.44–51),3281,305,10011,"","","","",8.0959035329611,5.720311776607412,9.211439767419485,"",8.0959035329611,"","",0.000394643839062,2017,2021,2024,2025,low,1,0,0,-18,-14,2021,"","","","","","","","","","","","","","",""
wheat,Wheat,밀,all,grain,0,control_pool,2004,07_barely.xlsx,DT_1ET0231,밀,"",밀,종합 (see Yearbook 2025 pp.44–51),3792,333,12623,"","","","",8.240648863374913,5.808142489980444,9.443275825752862,"",8.240648863374913,"","",-0.0003453416144036,2017,2021,2024,2025,low,1,0,0,-17,-13,2021,"","","","","","","","","","","","","","",""
wheat,Wheat,밀,all,grain,0,control_pool,2005,07_barely.xlsx,DT_1ET0231,밀,"",밀,종합 (see Yearbook 2025 pp.44–51),2395,321,7678,"","","","",7.781138509845015,5.771441123130016,8.946114375560743,"",7.781138509845015,"","",-0.0012950714261972,2017,2021,2024,2025,low,1,0,0,-16,-12,2021,"","","","","","","","","","","","","","",""
wheat,Wheat,밀,all,grain,0,control_pool,2006,07_barely.xlsx,DT_1ET0231,밀,"",밀,종합 (see Yearbook 2025 pp.44–51),1738,334,5810,"","","","",7.460490305825338,5.811140992976701,8.667335849845957,"",7.460490305825338,"","",0.0008747370320101,2017,2021,2024,2025,low,1,0,0,-15,-11,2021,"","","","","","","","","","","","","","",""
wheat,Wheat,밀,all,grain,0,control_pool,2007,07_barely.xlsx,DT_1ET0231,밀,"",밀,종합 (see Yearbook 2025 pp.44–51),1928,381,7351,"","","","",7.564238475170491,5.942799375126701,8.902591637374087,"",7.564238475170491,"","",0.0007239730649857,2017,2021,2024,2025,low,1,0,0,-14,-10,2021,"","","","","","","","","","","","","","",""
wheat,Wheat,밀,all,grain,0,control_pool,2008,07_barely.xlsx,DT_1ET0231,밀,"",밀,종합 (see Yearbook 2025 pp.44–51),2549,406,10359,"","","","",7.8434564043761155,6.0063531596017325,9.245610986058102,"",7.8434564043761155,"","",0.0009716080683457,2017,2021,2024,2025,low,1,0,0,-13,-9,2021,"","","","","","","","","","","","","","",""
wheat,Wheat,밀,all,grain,0,control_pool,2009,07_barely.xlsx,DT_1ET0231,밀,"",밀,종합 (see Yearbook 2025 pp.44–51),5067,371,18782,"","","","",8.53050420547591,5.916202062607435,9.84065424336456,"",8.53050420547591,"","",-0.0008818387306934,2017,2021,2024,2025,low,1,0,0,-12,-8,2021,"","","","","","","","","","","","","","",""
wheat,Wheat,밀,all,grain,0,control_pool,2010,07_barely.xlsx,DT_1ET0231,밀,"",밀,종합 (see Yearbook 2025 pp.44–51),12548,312,39116,"","","","",9.43731656931057,5.7430031878094825,10.574286869432166,"",9.43731656931057,"","",-0.000862701699793,2017,2021,2024,2025,low,1,0,0,-11,-7,2021,"","","","","","","","","","","","","","",""
wheat,Wheat,밀,all,grain,0,control_pool,2011,07_barely.xlsx,DT_1ET0231,밀,"",밀,종합 (see Yearbook 2025 pp.44–51),13044,335,43677,"","","","",9.47608353690921,5.814130531825066,10.684576926741435,"",9.47608353690921,"","",-0.0004669560047485,2017,2021,2024,2025,low,1,0,0,-10,-6,2021,"","","","","","","","","","","","","","",""
wheat,Wheat,밀,all,grain,0,control_pool,2012,07_barely.xlsx,DT_1ET0231,밀,"",밀,종합 (see Yearbook 2025 pp.44–51),9467,391,37014,"","","","",9.15556734612889,5.968707559985366,10.519051498437694,"",9.15556734612889,"","",-0.00005322168847143871,2017,2021,2024,2025,low,1,0,0,-9,-5,2021,"","","","","","","","","","","","","","",""
wheat,Wheat,밀,all,grain,0,control_pool,2013,07_barely.xlsx,DT_1ET0231,밀,"",밀,종합 (see Yearbook 2025 pp.44–51),7373,259,19061,"","","","",8.90557995798965,5.556828061699537,9.855399641729074,"",8.90557995798965,"","",-0.0018381919720233,2017,2021,2024,2025,low,1,0,0,-8,-4,2021,"","","","","","","","","","","","","","",""
wheat,Wheat,밀,all,grain,0,control_pool,2014,07_barely.xlsx,DT_1ET0231,밀,"",밀,종합 (see Yearbook 2025 pp.44–51),7180,326,23409,"","","","",8.87905466204227,5.786897381366708,10.06087584278487,"",8.87905466204227,"","",0.0000939853639838617,2017,2021,2024,2025,low,1,0,0,-7,-3,2021,"","","","","","","","","","","","","","",""
wheat,Wheat,밀,all,grain,0,control_pool,2015,07_barely.xlsx,DT_1ET0231,밀,"",밀,종합 (see Yearbook 2025 pp.44–51),10076,262,26433,"","","","",9.2179116374725,5.568344503761097,10.18236850853484,"",9.2179116374725,"","",0.0012825532893323,2017,2021,2024,2025,low,1,0,0,-6,-2,2021,"","","","","","","","","","","","","","",""
wheat,Wheat,밀,all,grain,0,control_pool,2016,07_barely.xlsx,DT_1ET0231,밀,"",밀,종합 (see Yearbook 2025 pp.44–51),10440,371,38705,"","","","",9.25339986143663,5.916202062607435,10.563724069638814,"",9.25339986143663,"","",-0.0007076684171583,2017,2021,2024,2025,low,1,0,0,-5,-1,2021,"","","","","","","","","","","","","","",""
wheat,Wheat,밀,all,grain,0,control_pool,2017,07_barely.xlsx,DT_1ET0231,밀,"",밀,종합 (see Yearbook 2025 pp.44–51),9283,403,37425,"","","","",9.135940049399933,5.998936561946683,10.53009420928783,"",9.135940049399933,"","",0.0003877839293053,2017,2021,2024,2025,low,0,1,0,-4,0,2021,"","","","","","","","","","","","","","",""
wheat,Wheat,밀,all,grain,0,control_pool,2018,07_barely.xlsx,DT_1ET0231,밀,"",밀,종합 (see Yearbook 2025 pp.44–51),6600,391,25788,"","","","",8.794824928014517,5.968707559985366,10.15766454643051,"",8.794824928014517,"","",-0.0006977555812817,2017,2021,2024,2025,low,0,1,0,-3,1,2021,"","","","","","","","","","","","","","",""
wheat,Wheat,밀,all,grain,0,control_pool,2019,07_barely.xlsx,DT_1ET0231,밀,"",밀,종합 (see Yearbook 2025 pp.44–51),3736,402,15024,"","","","",8.225770799348734,5.996452088619021,9.617404201448045,"",8.225770799348734,"","",0.0003514994683815,2017,2021,2024,2025,low,0,1,0,-2,2,2021,"","","","","","","","","","","","","","",""
wheat,Wheat,밀,all,grain,0,control_pool,2020,07_barely.xlsx,DT_1ET0231,밀,"",밀,종합 (see Yearbook 2025 pp.44–51),5224,325,16985,"","","","",8.561018670956267,5.783825182329737,9.740085880594684,"",8.561018670956267,"","",0.0004122132967712,2017,2021,2024,2025,low,0,1,0,-1,3,2021,"","","","","","","","","","","","","","",""
wheat,Wheat,밀,all,grain,0,control_pool,2021,07_barely.xlsx,DT_1ET0231,밀,"",밀,종합 (see Yearbook 2025 pp.44–51),6224,423,26324,"","","","",8.736168065858228,6.0473721790462776,10.178236349576007,"",8.736168065858228,"","",-0.000133709340405,2017,2021,2024,2025,low,0,0,1,0,4,2021,"","","","","","","","","","","","","","",""
wheat,Wheat,밀,all,grain,0,control_pool,2022,07_barely.xlsx,DT_1ET0231,밀,"",밀,종합 (see Yearbook 2025 pp.44–51),8259,418,34562,"","","","",9.019058793810718,6.035481432524756,10.450510091613936,"",9.019058793810718,"","",0.0011400512665549,2017,2021,2024,2025,low,0,0,1,1,5,2021,"","","","","","","","","","","","","","",""
wheat,Wheat,밀,all,grain,0,control_pool,2023,07_barely.xlsx,DT_1ET0231,밀,"",밀,종합 (see Yearbook 2025 pp.44–51),11600,447,51809,"","","","",9.358760377094455,6.102558594613569,10.855319158329374,"",9.358760377094455,"","",-0.0008296273905585,2017,2021,2024,2025,low,0,0,1,2,6,2021,"","","","","","","","","","","","","","",""
wheat,Wheat,밀,all,grain,0,control_pool,2024,07_barely.xlsx,DT_1ET0231,밀,"",밀,종합 (see Yearbook 2025 pp.44–51),9536,392,37376,"","","","",9.16282938930513,5.971261839790462,10.5287840661879,"",9.16282938930513,"","",-0.0001369769196024,2017,2021,2024,2025,low,0,0,1,3,7,2021,"","","","","","","","","","","","","","",""
winter_napa,Winter Napa cabbage,월동배추,winter,vegetable,0,control_pool,1980,09_vegetables_leafy.xls,DT_1ET0028,노지겨울배추,DT_1J49: 배추 | DT_1J60: 배추,월동배추,종합 (see Yearbook 2025 pp.44–51),"","","","","","","","","","","","","","","",2020,"","","",medium,1,0,0,"",-40,0,napa_cabbage,44.675,"",1.6918478281364864,2005Q1-2012Q4,75.58330172199753,346.90130945240463,5.849040328694451,"",5.323219007644459,approximate,TRUE,TRUE,FALSE,FALSE
winter_napa,Winter Napa cabbage,월동배추,winter,vegetable,0,control_pool,1981,09_vegetables_leafy.xls,DT_1ET0028,노지겨울배추,DT_1J49: 배추 | DT_1J60: 배추,월동배추,종합 (see Yearbook 2025 pp.44–51),"","","","","","","","","","","","","","","",2020,"","","",medium,1,0,0,"",-39,0,napa_cabbage,44.3,"",1.6918478281364864,2005Q1-2012Q4,74.94885878644635,256.711875261864,5.547954348053138,"",5.022133027003146,approximate,TRUE,TRUE,FALSE,FALSE
winter_napa,Winter Napa cabbage,월동배추,winter,vegetable,0,control_pool,1982,09_vegetables_leafy.xls,DT_1ET0028,노지겨울배추,DT_1J49: 배추 | DT_1J60: 배추,월동배추,종합 (see Yearbook 2025 pp.44–51),"","","","","","","","","","","","","","","",2020,"","","",medium,1,0,0,"",-38,0,napa_cabbage,33.925,"",1.6918478281364864,2005Q1-2012Q4,57.395937569530304,185.99897373804905,5.225741156160609,"",4.699919835110617,approximate,TRUE,TRUE,FALSE,FALSE
winter_napa,Winter Napa cabbage,월동배추,winter,vegetable,0,control_pool,1983,09_vegetables_leafy.xls,DT_1ET0028,노지겨울배추,DT_1J49: 배추 | DT_1J60: 배추,월동배추,종합 (see Yearbook 2025 pp.44–51),"","","","","","","","","","","","","","","",2020,"","","",medium,1,0,0,"",-37,0,napa_cabbage,41.5,"",1.6918478281364864,2005Q1-2012Q4,70.21168486766419,222.61405577895133,5.405439580509024,"",4.879618259459033,approximate,TRUE,TRUE,FALSE,FALSE
winter_napa,Winter Napa cabbage,월동배추,winter,vegetable,0,control_pool,1984,09_vegetables_leafy.xls,DT_1ET0028,노지겨울배추,DT_1J49: 배추 | DT_1J60: 배추,월동배추,종합 (see Yearbook 2025 pp.44–51),"","","","","","","","","","","","","","","",2020,"","","",medium,1,0,0,"",-36,0,napa_cabbage,37.325,"",1.6918478281364864,2005Q1-2012Q4,63.14822018519435,203.35795670788667,5.314967759730785,"",4.789146438680794,approximate,TRUE,TRUE,FALSE,FALSE
winter_napa,Winter Napa cabbage,월동배추,winter,vegetable,0,control_pool,1985,09_vegetables_leafy.xls,DT_1ET0028,노지겨울배추,DT_1J49: 배추 | DT_1J60: 배추,월동배추,종합 (see Yearbook 2025 pp.44–51),"","","","","","","","","","","","","","","",2020,"","","",medium,1,0,0,"",-35,0,napa_cabbage,40.025,"",1.6918478281364864,2005Q1-2012Q4,67.71620932116286,211.0215940147406,5.351960469541641,"",4.826139148491649,approximate,TRUE,TRUE,FALSE,FALSE
winter_napa,Winter Napa cabbage,월동배추,winter,vegetable,0,control_pool,1986,09_vegetables_leafy.xls,DT_1ET0028,노지겨울배추,DT_1J49: 배추 | DT_1J60: 배추,월동배추,종합 (see Yearbook 2025 pp.44–51),"","","","","","","","","","","","","","","",2020,"","","",medium,1,0,0,"",-34,0,napa_cabbage,46.525,"",1.6918478281364864,2005Q1-2012Q4,78.71322020405003,251.94115868117652,5.529195562949766,"",5.003374241899775,approximate,TRUE,TRUE,FALSE,FALSE
winter_napa,Winter Napa cabbage,월동배추,winter,vegetable,0,control_pool,1987,09_vegetables_leafy.xls,DT_1ET0028,노지겨울배추,DT_1J49: 배추 | DT_1J60: 배추,월동배추,종합 (see Yearbook 2025 pp.44–51),"","","","","","","","","","","","","","","",2020,"","","",medium,1,0,0,"",-33,0,napa_cabbage,47.6,"",1.6918478281364864,2005Q1-2012Q4,80.53195661929675,250.04072727155,5.521623813680202,"",4.995802492630211,approximate,TRUE,TRUE,FALSE,FALSE
winter_napa,Winter Napa cabbage,월동배추,winter,vegetable,0,control_pool,1988,09_vegetables_leafy.xls,DT_1ET0028,노지겨울배추,DT_1J49: 배추 | DT_1J60: 배추,월동배추,종합 (see Yearbook 2025 pp.44–51),"","","","","","","","","","","","","","","",2020,"","","",medium,1,0,0,"",-32,0,napa_cabbage,80.8,"",1.6918478281364864,2005Q1-2012Q4,136.7013045134281,376.7075303943132,5.931469104926417,"",5.405647783876424,approximate,TRUE,TRUE,FALSE,FALSE
winter_napa,Winter Napa cabbage,월동배추,winter,vegetable,0,control_pool,1989,09_vegetables_leafy.xls,DT_1ET0028,노지겨울배추,DT_1J49: 배추 | DT_1J60: 배추,월동배추,종합 (see Yearbook 2025 pp.44–51),"","","","","","","","","","","","","","","",2020,"","","",medium,1,0,0,"",-31,0,napa_cabbage,70.55,"",1.6918478281364864,2005Q1-2012Q4,119.35986427502912,310.91439242350015,5.739517608767435,"",5.213696287717443,approximate,TRUE,TRUE,FALSE,FALSE
winter_napa,Winter Napa cabbage,월동배추,winter,vegetable,0,control_pool,1990,09_vegetables_leafy.xls,DT_1ET0028,노지겨울배추,DT_1J49: 배추 | DT_1J60: 배추,월동배추,종합 (see Yearbook 2025 pp.44–51),"","","","","","","","","","","","","","","",2020,"","","",medium,1,0,0,"",-30,0,napa_cabbage,71.1,"",1.6918478281364864,2005Q1-2012Q4,120.29038058050418,280.66578729360214,5.637164592411121,"",5.11134327136113,approximate,TRUE,TRUE,FALSE,FALSE
winter_napa,Winter Napa cabbage,월동배추,winter,vegetable,0,control_pool,1991,09_vegetables_leafy.xls,DT_1ET0028,노지겨울배추,DT_1J49: 배추 | DT_1J60: 배추,월동배추,종합 (see Yearbook 2025 pp.44–51),"","","","","","","","","","","","","","","",2020,"","","",medium,1,0,0,"",-29,0,napa_cabbage,40.9,"",1.6918478281364864,2005Q1-2012Q4,69.1965761707823,147.11413863788314,4.991208738813736,"",4.465387417763744,approximate,TRUE,TRUE,FALSE,FALSE
winter_napa,Winter Napa cabbage,월동배추,winter,vegetable,0,control_pool,1992,09_vegetables_leafy.xls,DT_1ET0028,노지겨울배추,DT_1J49: 배추 | DT_1J60: 배추,월동배추,종합 (see Yearbook 2025 pp.44–51),"","","","","","","","","","","","","","","",2020,"","","",medium,1,0,0,"",-28,0,napa_cabbage,36.625,"",1.6918478281364864,2005Q1-2012Q4,61.96392670549881,126.4651637865888,4.839966885155884,"",4.314145564105893,approximate,TRUE,TRUE,FALSE,FALSE
winter_napa,Winter Napa cabbage,월동배추,winter,vegetable,0,control_pool,1993,09_vegetables_leafy.xls,DT_1ET0028,노지겨울배추,DT_1J49: 배추 | DT_1J60: 배추,월동배추,종합 (see Yearbook 2025 pp.44–51),"","","","","","","","","","","","","","","",2020,"","","",medium,1,0,0,"",-27,0,napa_cabbage,30.900000000000002,"",1.6918478281364864,2005Q1-2012Q4,52.27809788941743,108.06976992728995,4.682777036389795,"",4.156955715339803,approximate,TRUE,TRUE,FALSE,FALSE
winter_napa,Winter Napa cabbage,월동배추,winter,vegetable,0,control_pool,1994,09_vegetables_leafy.xls,DT_1ET0028,노지겨울배추,DT_1J49: 배추 | DT_1J60: 배추,월동배추,종합 (see Yearbook 2025 pp.44–51),"","","","","","","","","","","","","","","",2020,"","","",medium,1,0,0,"",-26,0,napa_cabbage,41.05,"",1.6918478281364864,2005Q1-2012Q4,69.45035334500277,131.32643107953533,4.877686064016785,"",4.351864742966793,approximate,TRUE,TRUE,FALSE,FALSE
winter_napa,Winter Napa cabbage,월동배추,winter,vegetable,0,control_pool,1995,09_vegetables_leafy.xls,DT_1ET0028,노지겨울배추,DT_1J49: 배추 | DT_1J60: 배추,월동배추,종합 (see Yearbook 2025 pp.44–51),"","","","","","","","","","","","","","","",2020,"","","",medium,1,0,0,"",-25,0,napa_cabbage,77.5,"",1.6918478281364864,2005Q1-2012Q4,131.11820668057769,225.63417163641063,5.41891497817303,"",4.893093657123037,approximate,TRUE,TRUE,FALSE,FALSE
winter_napa,Winter Napa cabbage,월동배추,winter,vegetable,0,control_pool,1996,09_vegetables_leafy.xls,DT_1ET0028,노지겨울배추,DT_1J49: 배추 | DT_1J60: 배추,월동배추,종합 (see Yearbook 2025 pp.44–51),"","","","","","","","","","","","","","","",2020,"","","",medium,1,0,0,"",-24,0,napa_cabbage,105.925,"",1.6918478281364864,2005Q1-2012Q4,179.20898119535732,293.72498461042574,5.682643903059136,"",5.156822582009144,approximate,TRUE,TRUE,FALSE,FALSE
winter_napa,Winter Napa cabbage,월동배추,winter,vegetable,0,control_pool,1997,09_vegetables_leafy.xls,DT_1ET0028,노지겨울배추,DT_1J49: 배추 | DT_1J60: 배추,월동배추,종합 (see Yearbook 2025 pp.44–51),"","","","","","","","","","","","","","","",2020,"","","",medium,1,0,0,"",-23,0,napa_cabbage,96.95,"",1.6918478281364864,2005Q1-2012Q4,164.02464693783236,276.56421451298576,5.62244303455202,"",5.096621713502029,approximate,TRUE,TRUE,FALSE,FALSE
winter_napa,Winter Napa cabbage,월동배추,winter,vegetable,0,control_pool,1998,09_vegetables_leafy.xls,DT_1ET0028,노지겨울배추,DT_1J49: 배추 | DT_1J60: 배추,월동배추,종합 (see Yearbook 2025 pp.44–51),"","","","","","","","","","","","","","","",2020,"","","",medium,1,0,0,"",-22,0,napa_cabbage,106.075,"",1.6918478281364864,2005Q1-2012Q4,179.46275836957778,304.1611130277208,5.717557538082848,"",5.191736217032855,approximate,TRUE,TRUE,FALSE,FALSE
winter_napa,Winter Napa cabbage,월동배추,winter,vegetable,0,control_pool,1999,09_vegetables_leafy.xls,DT_1ET0028,노지겨울배추,DT_1J49: 배추 | DT_1J60: 배추,월동배추,종합 (see Yearbook 2025 pp.44–51),"","","","","","","","","","","","","","","",2020,"","","",medium,1,0,0,"",-21,0,napa_cabbage,113.675,"",1.6918478281364864,2005Q1-2012Q4,192.32080186341508,304.6701040361339,5.719229565116708,"",5.193408244066715,approximate,TRUE,TRUE,FALSE,FALSE
winter_napa,Winter Napa cabbage,월동배추,winter,vegetable,0,control_pool,2000,09_vegetables_leafy.xls,DT_1ET0028,노지겨울배추,DT_1J49: 배추 | DT_1J60: 배추,월동배추,종합 (see Yearbook 2025 pp.44–51),"","","","","","","","","","","","","","","",2020,"","","",medium,1,0,0,"",-20,0,napa_cabbage,88.025,"",1.6918478281364864,2005Q1-2012Q4,148.9249050717142,225.35808121289733,5.417690609212103,"",4.891869288162112,approximate,TRUE,TRUE,FALSE,FALSE
winter_napa,Winter Napa cabbage,월동배추,winter,vegetable,0,control_pool,2001,09_vegetables_leafy.xls,DT_1ET0028,노지겨울배추,DT_1J49: 배추 | DT_1J60: 배추,월동배추,종합 (see Yearbook 2025 pp.44–51),"","","","","","","","","","","","","","","",2020,"","","",medium,1,0,0,"",-19,0,napa_cabbage,104.825,"",1.6918478281364864,2005Q1-2012Q4,177.3479485844072,258.7204450077686,5.555748115863529,"",5.029926794813536,approximate,TRUE,TRUE,FALSE,FALSE
winter_napa,Winter Napa cabbage,월동배추,winter,vegetable,0,control_pool,2002,09_vegetables_leafy.xls,DT_1ET0028,노지겨울배추,DT_1J49: 배추 | DT_1J60: 배추,월동배추,종합 (see Yearbook 2025 pp.44–51),"","","","","","","","","","","","","","","",2020,"","","",medium,1,0,0,"",-18,0,napa_cabbage,134.2,"",1.6918478281364864,2005Q1-2012Q4,227.04597853591648,321.69750016111044,5.77361166350018,"",5.247790342450188,approximate,TRUE,TRUE,FALSE,FALSE
winter_napa,Winter Napa cabbage,월동배추,winter,vegetable,0,control_pool,2003,09_vegetables_leafy.xls,DT_1ET0028,노지겨울배추,DT_1J49: 배추 | DT_1J60: 배추,월동배추,종합 (see Yearbook 2025 pp.44–51),"","","","","","","","","","","","","","","",2020,"","","",medium,1,0,0,"",-17,0,napa_cabbage,208.3,"",1.6918478281364864,2005Q1-2012Q4,352.4119026008301,468.5377592108766,6.149616694398516,"",5.623795373348524,approximate,TRUE,TRUE,FALSE,FALSE
winter_napa,Winter Napa cabbage,월동배추,winter,vegetable,0,control_pool,2004,09_vegetables_leafy.xls,DT_1ET0028,노지겨울배추,DT_1J49: 배추 | DT_1J60: 배추,월동배추,종합 (see Yearbook 2025 pp.44–51),"","","","","","","","","","","","","","","",2020,"","","",medium,1,0,0,"",-16,0,napa_cabbage,125.95,"",1.6918478281364864,2005Q1-2012Q4,213.08823395379045,274.98010919481203,5.616698764849932,"",5.090877443799941,approximate,TRUE,TRUE,FALSE,FALSE
winter_napa,Winter Napa cabbage,월동배추,winter,vegetable,0,control_pool,2005,09_vegetables_leafy.xls,DT_1ET0028,노지겨울배추,DT_1J49: 배추 | DT_1J60: 배추,월동배추,종합 (see Yearbook 2025 pp.44–51),"","","","","","","","","","","","","","","",2020,"","","",medium,1,0,0,"",-15,0,napa_cabbage,73.125,123.6,1.6918478281364864,2005Q1-2012Q4,123.6,175.64180923335658,5.168446746445272,5.168446746445272,4.643564674147318,approximate,TRUE,TRUE,FALSE,FALSE
winter_napa,Winter Napa cabbage,월동배추,winter,vegetable,0,control_pool,2006,09_vegetables_leafy.xls,DT_1ET0028,노지겨울배추,DT_1J49: 배추 | DT_1J60: 배추,월동배추,종합 (see Yearbook 2025 pp.44–51),"","","","","","","","","","","","","","","",2020,"","","",medium,1,0,0,"",-14,0,napa_cabbage,49.025,82.875,1.6918478281364864,2005Q1-2012Q4,82.875,116.85404424394538,4.760925670946016,4.760925670946016,4.235921921643941,approximate,TRUE,TRUE,FALSE,FALSE
winter_napa,Winter Napa cabbage,월동배추,winter,vegetable,0,control_pool,2007,09_vegetables_leafy.xls,DT_1ET0028,노지겨울배추,DT_1J49: 배추 | DT_1J60: 배추,월동배추,종합 (see Yearbook 2025 pp.44–51),"","","","","","","","","","","","","","","",2020,"","","",medium,1,0,0,"",-13,0,napa_cabbage,49.375,83.475,1.6918478281364864,2005Q1-2012Q4,83.475,116.83218660111493,4.760738602646654,4.760738602646654,4.235634622301297,approximate,TRUE,TRUE,FALSE,FALSE
winter_napa,Winter Napa cabbage,월동배추,winter,vegetable,0,control_pool,2008,09_vegetables_leafy.xls,DT_1ET0028,노지겨울배추,DT_1J49: 배추 | DT_1J60: 배추,월동배추,종합 (see Yearbook 2025 pp.44–51),"","","","","","","","","","","","","","","",2020,"","","",medium,1,0,0,"",-12,0,napa_cabbage,31.05,52.475,1.6918478281364864,2005Q1-2012Q4,52.475,73.0157726280673,4.290675481208239,4.290675481208239,3.765935879661278,approximate,TRUE,TRUE,FALSE,FALSE
winter_napa,Winter Napa cabbage,월동배추,winter,vegetable,0,control_pool,2009,09_vegetables_leafy.xls,DT_1ET0028,노지겨울배추,DT_1J49: 배추 | DT_1J60: 배추,월동배추,종합 (see Yearbook 2025 pp.44–51),"","","","","","","","","","","","","","","",2020,"","","",medium,1,0,0,"",-11,0,napa_cabbage,23.875,40.375,1.6918478281364864,2005Q1-2012Q4,40.375,56.4389097960124,4.033158810639521,4.033158810639521,3.507788699230241,approximate,TRUE,TRUE,FALSE,FALSE
winter_napa,Winter Napa cabbage,월동배추,winter,vegetable,0,control_pool,2010,09_vegetables_leafy.xls,DT_1ET0028,노지겨울배추,DT_1J49: 배추 | DT_1J60: 배추,월동배추,종합 (see Yearbook 2025 pp.44–51),"","","","","","","","","","","","","","","",2020,"","","",medium,1,0,0,"",-10,0,napa_cabbage,32.225,54.475,1.6918478281364864,2005Q1-2012Q4,54.475,71.32982977098864,4.2673146097875705,4.2673146097875705,3.7422093813818087,approximate,TRUE,TRUE,FALSE,FALSE
winter_napa,Winter Napa cabbage,월동배추,winter,vegetable,0,control_pool,2011,09_vegetables_leafy.xls,DT_1ET0028,노지겨울배추,DT_1J49: 배추 | DT_1J60: 배추,월동배추,종합 (see Yearbook 2025 pp.44–51),"","","","","","","","","","","","","","","",2020,"","","",medium,1,0,0,"",-9,0,napa_cabbage,37.9,64.575,1.6918478281364864,2005Q1-2012Q4,64.575,78.86093840566076,4.367686028019319,4.367686028019319,3.834685858953634,approximate,TRUE,TRUE,FALSE,FALSE
winter_napa,Winter Napa cabbage,월동배추,winter,vegetable,0,control_pool,2012,09_vegetables_leafy.xls,DT_1ET0028,노지겨울배추,DT_1J49: 배추 | DT_1J60: 배추,월동배추,종합 (see Yearbook 2025 pp.44–51),"","","","","","","","","","","","","","","",2020,"","","",medium,1,0,0,"",-8,0,napa_cabbage,33.875,56.849999999999994,1.6918478281364864,2005Q1-2012Q4,56.85,65.03368293695662,4.174905334706987,4.174905334706987,3.65738158566276,approximate,TRUE,TRUE,FALSE,FALSE
winter_napa,Winter Napa cabbage,월동배추,winter,vegetable,0,control_pool,2013,09_vegetables_leafy.xls,DT_1ET0028,노지겨울배추,DT_1J49: 배추 | DT_1J60: 배추,월동배추,종합 (see Yearbook 2025 pp.44–51),"","","","","","","","","","","","","","","",2020,"","","",medium,1,0,0,"",-7,0,napa_cabbage,"",82.475,1.6918478281364864,2005Q1-2012Q4,82.475,96.14028955278992,4.565808474243991,4.565808474243991,"",approximate,TRUE,TRUE,FALSE,FALSE
winter_napa,Winter Napa cabbage,월동배추,winter,vegetable,0,control_pool,2014,09_vegetables_leafy.xls,DT_1ET0028,노지겨울배추,DT_1J49: 배추 | DT_1J60: 배추,월동배추,종합 (see Yearbook 2025 pp.44–51),4220,6937,292728,"","","","",8.347590407030058,8.844624683385302,12.586999129191184,"",8.347590407030058,"","",-0.00004577523608340073,2020,"","","",medium,1,0,0,"",-6,0,napa_cabbage,"",55.45,1.6918478281364864,2005Q1-2012Q4,55.45,66.2856583968459,4.193973560019555,4.193973560019555,"",approximate,TRUE,TRUE,FALSE,FALSE
winter_napa,Winter Napa cabbage,월동배추,winter,vegetable,0,control_pool,2015,09_vegetables_leafy.xls,DT_1ET0028,노지겨울배추,DT_1J49: 배추 | DT_1J60: 배추,월동배추,종합 (see Yearbook 2025 pp.44–51),3498,7488,261923,"","","","",8.159946655578548,8.921057018157429,12.475805846418414,"",8.159946655578548,"","",-0.00002764132947064013,2020,"","","",medium,1,0,0,"",-5,0,napa_cabbage,"",68.65,1.6918478281364864,2005Q1-2012Q4,68.65,80.43134528931955,4.387403966989195,4.387403966989195,"",approximate,TRUE,TRUE,FALSE,FALSE
winter_napa,Winter Napa cabbage,월동배추,winter,vegetable,0,control_pool,2016,09_vegetables_leafy.xls,DT_1ET0028,노지겨울배추,DT_1J49: 배추 | DT_1J60: 배추,월동배추,종합 (see Yearbook 2025 pp.44–51),3392,7593,257554,"","","","",8.129174996911793,8.934982049213234,12.458984685837988,"",8.129174996911793,"","",-0.000002174298947110742,2020,"","","",medium,1,0,0,"",-4,0,napa_cabbage,"",91.15,1.6918478281364864,2005Q1-2012Q4,91.15,105.53291725882464,4.659022916182508,4.659022916182508,"",approximate,TRUE,TRUE,FALSE,FALSE
winter_napa,Winter Napa cabbage,월동배추,winter,vegetable,0,control_pool,2017,09_vegetables_leafy.xls,DT_1ET0028,노지겨울배추,DT_1J49: 배추 | DT_1J60: 배추,월동배추,종합 (see Yearbook 2025 pp.44–51),4355.7911,8011,348943,"","","","",8.379261526061747,8.988570876215118,12.762663864063548,"",8.379261526061747,"","",0.0000016477747752929872,2020,"","","",medium,1,0,0,"",-3,0,napa_cabbage,"",79.2,1.6918478281364864,2005Q1-2012Q4,79.2,86.48564530729551,4.459978449961898,4.459978449961898,"",approximate,TRUE,TRUE,FALSE,FALSE
winter_napa,Winter Napa cabbage,월동배추,winter,vegetable,0,control_pool,2018,09_vegetables_leafy.xls,DT_1ET0028,노지겨울배추,DT_1J49: 배추 | DT_1J60: 배추,월동배추,종합 (see Yearbook 2025 pp.44–51),4734.5646,7572,358501,"","","","",8.462645047854705,8.932212512329214,12.7896867284182,"",8.462645047854705,"","",-6.45777628704991e-7,2020,"","","",medium,1,0,0,"",-2,0,napa_cabbage,"",77.825,1.6918478281364864,2005Q1-2012Q4,77.825,84.32624808173023,4.434693181688822,4.434693181688822,"",approximate,TRUE,TRUE,FALSE,FALSE
winter_napa,Winter Napa cabbage,월동배추,winter,vegetable,0,control_pool,2019,09_vegetables_leafy.xls,DT_1ET0028,노지겨울배추,DT_1J49: 배추 | DT_1J60: 배추,월동배추,종합 (see Yearbook 2025 pp.44–51),3358.2043,6767,227250,"","","","",8.119161675572409,8.819813136232225,12.333806012039725,"",8.119161675572409,"","",0.0000013862231824646187,2020,"","","",medium,1,0,0,"",-1,0,napa_cabbage,"",65.425,1.6918478281364864,2005Q1-2012Q4,65.425,71.77617044940887,4.2735525330759625,4.2735525330759625,"",approximate,TRUE,TRUE,FALSE,FALSE
winter_napa,Winter Napa cabbage,월동배추,winter,vegetable,0,control_pool,2020,09_vegetables_leafy.xls,DT_1ET0028,노지겨울배추,DT_1J49: 배추 | DT_1J60: 배추,월동배추,종합 (see Yearbook 2025 pp.44–51),4223.6564,6634,280197,"","","","",8.348456477380468,8.799963219506997,12.543248206189611,"",8.348456477380468,"","",-0.000001304709764227141,2020,"","","",medium,0,1,0,"",0,0,napa_cabbage,"",99.975,1.6918478281364864,2005Q1-2012Q4,99.975,99.22607366268056,4.597400819096157,4.597400819096157,"",approximate,TRUE,TRUE,FALSE,FALSE
winter_napa,Winter Napa cabbage,월동배추,winter,vegetable,0,control_pool,2021,09_vegetables_leafy.xls,DT_1ET0028,노지겨울배추,DT_1J49: 배추 | DT_1J60: 배추,월동배추,종합 (see Yearbook 2025 pp.44–51),3274.0996,6920,226584,"","","","",8.093798178971104,8.842171048611716,12.330871016080462,"",8.093798178971104,"","",0.00007197448573315057,2020,"","","",medium,0,1,0,"",1,0,napa_cabbage,"",70.375,1.6918478281364864,2005Q1-2012Q4,70.375,62.72905668482546,4.138824764291543,4.138824764291543,"",approximate,TRUE,TRUE,FALSE,FALSE
winter_napa,Winter Napa cabbage,월동배추,winter,vegetable,0,control_pool,2022,09_vegetables_leafy.xls,DT_1ET0028,노지겨울배추,DT_1J49: 배추 | DT_1J60: 배추,월동배추,종합 (see Yearbook 2025 pp.44–51),3967.2891,6599,261800,"","","","",8.285838294087876,8.794673401383422,12.475336132457937,"",8.285838294087876,"","",-0.0000053770252694818055,2020,"","","",medium,0,1,0,"",2,0,napa_cabbage,"",99.725,1.6918478281364864,2005Q1-2012Q4,99.725,90.71501185661512,4.507722854523933,4.507722854523933,"",approximate,TRUE,TRUE,FALSE,FALSE
winter_napa,Winter Napa cabbage,월동배추,winter,vegetable,0,control_pool,2023,09_vegetables_leafy.xls,DT_1ET0028,노지겨울배추,DT_1J49: 배추 | DT_1J60: 배추,월동배추,종합 (see Yearbook 2025 pp.44–51),3669.2239,6530,239604,"","","","",8.207735447295743,8.784162222270476,12.386742839574898,"",8.207735447295743,"","",0.000015355996769272906,2020,"","","",medium,0,1,0,"",3,0,napa_cabbage,"",76.725,1.6918478281364864,2005Q1-2012Q4,76.725,69.66529864795456,4.243702326471669,4.243702326471669,"",approximate,TRUE,TRUE,FALSE,FALSE
winter_napa,Winter Napa cabbage,월동배추,winter,vegetable,0,control_pool,2024,09_vegetables_leafy.xls,DT_1ET0028,노지겨울배추,DT_1J49: 배추 | DT_1J60: 배추,월동배추,종합 (see Yearbook 2025 pp.44–51),3427.4413,6532,223877,"","","","",8.139569285104548,8.784468454090355,12.318852072879782,"",8.139569285104548,"","",-0.00001548032703091451,2020,"","","",medium,0,1,0,"",4,0,napa_cabbage,"",124.825,1.6918478281364864,2005Q1-2012Q4,124.825,107.81539301219782,4.6804204406019885,4.6804204406019885,"",approximate,TRUE,TRUE,FALSE,FALSE
winter_radish,Winter Radish,월동무,winter,vegetable,0,control_pool,1980,08_vegetables_root.xls,DT_1ET0029,노지겨울무,DT_1J49: 무 | DT_1J60: 무,월동무,종합 (see Yearbook 2025 pp.44–51),"","","","","","","","","","","","","","","",2020,"","","",medium,1,0,0,"",-40,0,radish,33.775,"",0.4219656412156498,2005Q1-2012Q4,14.251889532058572,65.1834354118499,4.17720537855392,"",5.040036765735006,approximate,FALSE,TRUE,FALSE,FALSE
winter_radish,Winter Radish,월동무,winter,vegetable,0,control_pool,1981,08_vegetables_root.xls,DT_1ET0029,노지겨울무,DT_1J49: 무 | DT_1J60: 무,월동무,종합 (see Yearbook 2025 pp.44–51),"","","","","","","","","","","","","","","",2020,"","","",medium,1,0,0,"",-39,0,radish,38.425,"",0.4219656412156498,2005Q1-2012Q4,16.214029763711345,55.5571102958383,4.01741150601948,"",4.880242893200566,approximate,FALSE,TRUE,FALSE,FALSE
winter_radish,Winter Radish,월동무,winter,vegetable,0,control_pool,1982,08_vegetables_root.xls,DT_1ET0029,노지겨울무,DT_1J49: 무 | DT_1J60: 무,월동무,종합 (see Yearbook 2025 pp.44–51),"","","","","","","","","","","","","","","",2020,"","","",medium,1,0,0,"",-38,0,radish,24.35,"",0.4219656412156498,2005Q1-2012Q4,10.274863363601074,33.36569139536152,3.507528168315648,"",4.370359555496735,approximate,FALSE,TRUE,FALSE,FALSE
winter_radish,Winter Radish,월동무,winter,vegetable,0,control_pool,1983,08_vegetables_root.xls,DT_1ET0029,노지겨울무,DT_1J49: 무 | DT_1J60: 무,월동무,종합 (see Yearbook 2025 pp.44–51),"","","","","","","","","","","","","","","",2020,"","","",medium,1,0,0,"",-37,0,radish,25.375,"",0.4219656412156498,2005Q1-2012Q4,10.707378145847116,34.05663069179283,3.5280247476106803,"",4.390856134791767,approximate,FALSE,TRUE,FALSE,FALSE
winter_radish,Winter Radish,월동무,winter,vegetable,0,control_pool,1984,08_vegetables_root.xls,DT_1ET0029,노지겨울무,DT_1J49: 무 | DT_1J60: 무,월동무,종합 (see Yearbook 2025 pp.44–51),"","","","","","","","","","","","","","","",2020,"","","",medium,1,0,0,"",-36,0,radish,29.65,"",0.4219656412156498,2005Q1-2012Q4,12.511281262044015,40.23133155323984,3.6946460839284905,"",4.557477471109577,approximate,FALSE,TRUE,FALSE,FALSE
winter_radish,Winter Radish,월동무,winter,vegetable,0,control_pool,1985,08_vegetables_root.xls,DT_1ET0029,노지겨울무,DT_1J49: 무 | DT_1J60: 무,월동무,종합 (see Yearbook 2025 pp.44–51),"","","","","","","","","","","","","","","",2020,"","","",medium,1,0,0,"",-35,0,radish,27.525,"",0.4219656412156498,2005Q1-2012Q4,11.614604274460762,36.16338835324815,3.5880472355932835,"",4.45087862277437,approximate,FALSE,TRUE,FALSE,FALSE
winter_radish,Winter Radish,월동무,winter,vegetable,0,control_pool,1986,08_vegetables_root.xls,DT_1ET0029,노지겨울무,DT_1J49: 무 | DT_1J60: 무,월동무,종합 (see Yearbook 2025 pp.44–51),"","","","","","","","","","","","","","","",2020,"","","",medium,1,0,0,"",-34,0,radish,34.75,"",0.4219656412156498,2005Q1-2012Q4,14.663306032243831,47.112963983878686,3.8525482069688217,"",4.715379594149908,approximate,FALSE,TRUE,FALSE,FALSE
winter_radish,Winter Radish,월동무,winter,vegetable,0,control_pool,1987,08_vegetables_root.xls,DT_1ET0029,노지겨울무,DT_1J49: 무 | DT_1J60: 무,월동무,종합 (see Yearbook 2025 pp.44–51),"","","","","","","","","","","","","","","",2020,"","","",medium,1,0,0,"",-33,0,radish,36.375,"",0.4219656412156498,2005Q1-2012Q4,15.349000199219262,47.78253076070419,3.866660107441473,"",4.729491494622559,approximate,FALSE,TRUE,FALSE,FALSE
winter_radish,Winter Radish,월동무,winter,vegetable,0,control_pool,1988,08_vegetables_root.xls,DT_1ET0029,노지겨울무,DT_1J49: 무 | DT_1J60: 무,월동무,종합 (see Yearbook 2025 pp.44–51),"","","","","","","","","","","","","","","",2020,"","","",medium,1,0,0,"",-32,0,radish,58.3,"",0.4219656412156498,2005Q1-2012Q4,24.600596882872384,67.53654439585527,4.21266884983233,"",5.075500237013417,approximate,FALSE,TRUE,FALSE,FALSE
winter_radish,Winter Radish,월동무,winter,vegetable,0,control_pool,1989,08_vegetables_root.xls,DT_1ET0029,노지겨울무,DT_1J49: 무 | DT_1J60: 무,월동무,종합 (see Yearbook 2025 pp.44–51),"","","","","","","","","","","","","","","",2020,"","","",medium,1,0,0,"",-31,0,radish,44.175,"",0.4219656412156498,2005Q1-2012Q4,18.64033220070133,48.56308653643879,3.8828637060253537,"",4.74569509320644,approximate,FALSE,TRUE,FALSE,FALSE
winter_radish,Winter Radish,월동무,winter,vegetable,0,control_pool,1990,08_vegetables_root.xls,DT_1ET0029,노지겨울무,DT_1J49: 무 | DT_1J60: 무,월동무,종합 (see Yearbook 2025 pp.44–51),"","","","","","","","","","","","","","","",2020,"","","",medium,1,0,0,"",-30,0,radish,34.525,"",0.4219656412156498,2005Q1-2012Q4,14.56836376297031,33.84984237584125,3.521934342799178,"",4.3847657299802645,approximate,FALSE,TRUE,FALSE,FALSE
winter_radish,Winter Radish,월동무,winter,vegetable,0,control_pool,1991,08_vegetables_root.xls,DT_1ET0029,노지겨울무,DT_1J49: 무 | DT_1J60: 무,월동무,종합 (see Yearbook 2025 pp.44–51),"","","","","","","","","","","","","","","",2020,"","","",medium,1,0,0,"",-29,0,radish,21.975,"",0.4219656412156498,2005Q1-2012Q4,9.272694965713905,19.754808443214813,2.983396927193452,"",3.8462283143745375,approximate,FALSE,TRUE,FALSE,FALSE
winter_radish,Winter Radish,월동무,winter,vegetable,0,control_pool,1992,08_vegetables_root.xls,DT_1ET0029,노지겨울무,DT_1J49: 무 | DT_1J60: 무,월동무,종합 (see Yearbook 2025 pp.44–51),"","","","","","","","","","","","","","","",2020,"","","",medium,1,0,0,"",-28,0,radish,26.325,"",0.4219656412156498,2005Q1-2012Q4,11.108245505001982,22.63271053029944,3.119396228447222,"",3.9822276156283087,approximate,FALSE,TRUE,FALSE,FALSE
winter_radish,Winter Radish,월동무,winter,vegetable,0,control_pool,1993,08_vegetables_root.xls,DT_1ET0029,노지겨울무,DT_1J49: 무 | DT_1J60: 무,월동무,종합 (see Yearbook 2025 pp.44–51),"","","","","","","","","","","","","","","",2020,"","","",medium,1,0,0,"",-27,0,radish,22.625,"",0.4219656412156498,2005Q1-2012Q4,9.546972632504076,19.71107200870401,2.981180508762411,"",3.8440118959434977,approximate,FALSE,TRUE,FALSE,FALSE
winter_radish,Winter Radish,월동무,winter,vegetable,0,control_pool,1994,08_vegetables_root.xls,DT_1ET0029,노지겨울무,DT_1J49: 무 | DT_1J60: 무,월동무,종합 (see Yearbook 2025 pp.44–51),"","","","","","","","","","","","","","","",2020,"","","",medium,1,0,0,"",-26,0,radish,28.700000000000003,"",0.4219656412156498,2005Q1-2012Q4,12.11041390288915,23.06269732712303,3.1382164779537582,"",4.001047865134845,approximate,FALSE,TRUE,FALSE,FALSE
winter_radish,Winter Radish,월동무,winter,vegetable,0,control_pool,1995,08_vegetables_root.xls,DT_1ET0029,노지겨울무,DT_1J49: 무 | DT_1J60: 무,월동무,종합 (see Yearbook 2025 pp.44–51),"","","","","","","","","","","","","","","",2020,"","","",medium,1,0,0,"",-25,0,radish,38.45,"",0.4219656412156498,2005Q1-2012Q4,16.224578904741737,27.921176828330704,3.329385427017729,"",4.192216814198816,approximate,FALSE,TRUE,FALSE,FALSE
winter_radish,Winter Radish,월동무,winter,vegetable,0,control_pool,1996,08_vegetables_root.xls,DT_1ET0029,노지겨울무,DT_1J49: 무 | DT_1J60: 무,월동무,종합 (see Yearbook 2025 pp.44–51),"","","","","","","","","","","","","","","",2020,"","","",medium,1,0,0,"",-24,0,radish,61.375,"",0.4219656412156498,2005Q1-2012Q4,25.89814122961051,42.48091508229842,3.7490549181870367,"",4.611886305368123,approximate,FALSE,TRUE,FALSE,FALSE
winter_radish,Winter Radish,월동무,winter,vegetable,0,control_pool,1997,08_vegetables_root.xls,DT_1ET0029,노지겨울무,DT_1J49: 무 | DT_1J60: 무,월동무,종합 (see Yearbook 2025 pp.44–51),"","","","","","","","","","","","","","","",2020,"","","",medium,1,0,0,"",-23,0,radish,86.575,"",0.4219656412156498,2005Q1-2012Q4,36.531675388244885,61.60409087192866,4.120728278592993,"",4.983559665774079,approximate,FALSE,TRUE,FALSE,FALSE
winter_radish,Winter Radish,월동무,winter,vegetable,0,control_pool,1998,08_vegetables_root.xls,DT_1ET0029,노지겨울무,DT_1J49: 무 | DT_1J60: 무,월동무,종합 (see Yearbook 2025 pp.44–51),"","","","","","","","","","","","","","","",2020,"","","",medium,1,0,0,"",-22,0,radish,123.55,"",0.4219656412156498,2005Q1-2012Q4,52.13385497219354,88.08731885694125,4.478328582251892,"",5.3411599694329785,approximate,FALSE,TRUE,FALSE,FALSE
winter_radish,Winter Radish,월동무,winter,vegetable,0,control_pool,1999,08_vegetables_root.xls,DT_1ET0029,노지겨울무,DT_1J49: 무 | DT_1J60: 무,월동무,종합 (see Yearbook 2025 pp.44–51),"","","","","","","","","","","","","","","",2020,"","","",medium,1,0,0,"",-21,0,radish,71.6,"",0.4219656412156498,2005Q1-2012Q4,30.21273991104053,47.97292915668203,3.870636875911204,"",4.73346826309229,approximate,FALSE,TRUE,FALSE,FALSE
winter_radish,Winter Radish,월동무,winter,vegetable,0,control_pool,2000,08_vegetables_root.xls,DT_1ET0029,노지겨울무,DT_1J49: 무 | DT_1J60: 무,월동무,종합 (see Yearbook 2025 pp.44–51),"","","","","","","","","","","","","","","",2020,"","","",medium,1,0,0,"",-20,0,radish,46.425,"",0.4219656412156498,2005Q1-2012Q4,19.58975489343654,29.709123560406397,3.3914541892213603,"",4.254285576402447,approximate,FALSE,TRUE,FALSE,FALSE
winter_radish,Winter Radish,월동무,winter,vegetable,0,control_pool,2001,08_vegetables_root.xls,DT_1ET0029,노지겨울무,DT_1J49: 무 | DT_1J60: 무,월동무,종합 (see Yearbook 2025 pp.44–51),"","","","","","","","","","","","","","","",2020,"","","",medium,1,0,0,"",-19,0,radish,28.325000000000003,"",0.4219656412156498,2005Q1-2012Q4,11.95217678743328,17.4968255081079,2.862019464937891,"",3.7248508521189776,approximate,FALSE,TRUE,FALSE,FALSE
winter_radish,Winter Radish,월동무,winter,vegetable,0,control_pool,2002,08_vegetables_root.xls,DT_1ET0029,노지겨울무,DT_1J49: 무 | DT_1J60: 무,월동무,종합 (see Yearbook 2025 pp.44–51),"","","","","","","","","","","","","","","",2020,"","","",medium,1,0,0,"",-18,0,radish,51.425,"",0.4219656412156498,2005Q1-2012Q4,21.699583099514797,30.83902943780184,3.428781077311513,"",4.2916124644926,approximate,FALSE,TRUE,FALSE,FALSE
winter_radish,Winter Radish,월동무,winter,vegetable,0,control_pool,2003,08_vegetables_root.xls,DT_1ET0029,노지겨울무,DT_1J49: 무 | DT_1J60: 무,월동무,종합 (see Yearbook 2025 pp.44–51),"","","","","","","","","","","","","","","",2020,"","","",medium,1,0,0,"",-17,0,radish,109.825,"",0.4219656412156498,2005Q1-2012Q4,46.342376546508746,61.34823366593351,4.11656637964112,"",4.979397766822207,approximate,FALSE,TRUE,FALSE,FALSE
winter_radish,Winter Radish,월동무,winter,vegetable,0,control_pool,2004,08_vegetables_root.xls,DT_1ET0029,노지겨울무,DT_1J49: 무 | DT_1J60: 무,월동무,종합 (see Yearbook 2025 pp.44–51),"","","","","","","","","","","","","","","",2020,"","","",medium,1,0,0,"",-16,0,radish,120.525,"",0.4219656412156498,2005Q1-2012Q4,50.8574089075162,65.82379143612036,4.186981344957389,"",5.049812732138476,approximate,FALSE,TRUE,FALSE,FALSE
winter_radish,Winter Radish,월동무,winter,vegetable,0,control_pool,2005,08_vegetables_root.xls,DT_1ET0029,노지겨울무,DT_1J49: 무 | DT_1J60: 무,월동무,종합 (see Yearbook 2025 pp.44–51),"","","","","","","","","","","","","","","",2020,"","","",medium,1,0,0,"",-15,0,radish,95.525,40,0.4219656412156498,2005Q1-2012Q4,40,55.674647152053446,4.01952487548623,4.01952487548623,4.890029780933596,approximate,FALSE,TRUE,FALSE,FALSE
winter_radish,Winter Radish,월동무,winter,vegetable,0,control_pool,2006,08_vegetables_root.xls,DT_1ET0029,노지겨울무,DT_1J49: 무 | DT_1J60: 무,월동무,종합 (see Yearbook 2025 pp.44–51),"","","","","","","","","","","","","","","",2020,"","","",medium,1,0,0,"",-14,0,radish,151.925,63.6,0.4219656412156498,2005Q1-2012Q4,63.6,89.78107896360152,4.497374251143028,4.497374251143028,5.368150778918081,approximate,FALSE,TRUE,FALSE,FALSE
winter_radish,Winter Radish,월동무,winter,vegetable,0,control_pool,2007,08_vegetables_root.xls,DT_1ET0029,노지겨울무,DT_1J49: 무 | DT_1J60: 무,월동무,종합 (see Yearbook 2025 pp.44–51),"","","","","","","","","","","","","","","",2020,"","","",medium,1,0,0,"",-13,0,radish,174.25,72.95,0.4219656412156498,2005Q1-2012Q4,72.95,101.89796167730664,4.623971936861848,4.623971936861848,5.494682587079523,approximate,FALSE,TRUE,FALSE,FALSE
winter_radish,Winter Radish,월동무,winter,vegetable,0,control_pool,2008,08_vegetables_root.xls,DT_1ET0029,노지겨울무,DT_1J49: 무 | DT_1J60: 무,월동무,종합 (see Yearbook 2025 pp.44–51),"","","","","","","","","","","","","","","",2020,"","","",medium,1,0,0,"",-12,0,radish,120.125,50.3,0.4219656412156498,2005Q1-2012Q4,50.3,70.25797684142725,4.252173851111777,4.252173851111777,5.122687518933916,approximate,FALSE,TRUE,FALSE,FALSE
winter_radish,Winter Radish,월동무,winter,vegetable,0,control_pool,2009,08_vegetables_root.xls,DT_1ET0029,노지겨울무,DT_1J49: 무 | DT_1J60: 무,월동무,종합 (see Yearbook 2025 pp.44–51),"","","","","","","","","","","","","","","",2020,"","","",medium,1,0,0,"",-11,0,radish,111.225,46.599999999999994,0.4219656412156498,2005Q1-2012Q4,46.6,65.14161588651574,4.1765636059038735,4.1765636059038735,5.046511260052036,approximate,FALSE,TRUE,FALSE,FALSE
winter_radish,Winter Radish,월동무,winter,vegetable,0,control_pool,2010,08_vegetables_root.xls,DT_1ET0029,노지겨울무,DT_1J49: 무 | DT_1J60: 무,월동무,종합 (see Yearbook 2025 pp.44–51),"","","","","","","","","","","","","","","",2020,"","","",medium,1,0,0,"",-10,0,radish,170.8,71.525,0.4219656412156498,2005Q1-2012Q4,71.525,93.28443706989222,4.535653288686724,4.535653288686724,5.40553692884156,approximate,FALSE,TRUE,FALSE,FALSE
winter_radish,Winter Radish,월동무,winter,vegetable,0,control_pool,2011,08_vegetables_root.xls,DT_1ET0029,노지겨울무,DT_1J49: 무 | DT_1J60: 무,월동무,종합 (see Yearbook 2025 pp.44–51),"","","","","","","","","","","","","","","",2020,"","","",medium,1,0,0,"",-9,0,radish,264.85,114.9,0.4219656412156498,2005Q1-2012Q4,114.9,140.60653735020333,4.945965474385295,4.945965474385295,5.779836126222903,approximate,FALSE,TRUE,FALSE,FALSE
winter_radish,Winter Radish,월동무,winter,vegetable,0,control_pool,2012,08_vegetables_root.xls,DT_1ET0029,노지겨울무,DT_1J49: 무 | DT_1J60: 무,월동무,종합 (see Yearbook 2025 pp.44–51),"","","","","","","","","","","","","","","",2020,"","","",medium,1,0,0,"",-8,0,radish,172.85,73.375,0.4219656412156498,2005Q1-2012Q4,73.375,83.6384085606642,4.4265028471276695,4.4265028471276695,5.283524491507021,approximate,FALSE,TRUE,FALSE,FALSE
winter_radish,Winter Radish,월동무,winter,vegetable,0,control_pool,2013,08_vegetables_root.xls,DT_1ET0029,노지겨울무,DT_1J49: 무 | DT_1J60: 무,월동무,종합 (see Yearbook 2025 pp.44–51),"","","","","","","","","","","","","","","",2020,"","","",medium,1,0,0,"",-7,0,radish,"",79.1,0.4219656412156498,2005Q1-2012Q4,79.1,92.21909485440897,4.524167211662173,4.524167211662173,"",approximate,FALSE,TRUE,FALSE,FALSE
winter_radish,Winter Radish,월동무,winter,vegetable,0,control_pool,2014,08_vegetables_root.xls,DT_1ET0029,노지겨울무,DT_1J49: 무 | DT_1J60: 무,월동무,종합 (see Yearbook 2025 pp.44–51),5955,7200,428760,"","","","",8.691986481789401,8.881836305004146,12.968652600805456,"",8.691986481789401,"","",0,2020,"","","",medium,1,0,0,"",-6,0,radish,"",58.05,0.4219656412156498,2005Q1-2012Q4,58.05,69.25217642981721,4.237754573162999,4.237754573162999,"",approximate,FALSE,TRUE,FALSE,FALSE
winter_radish,Winter Radish,월동무,winter,vegetable,0,control_pool,2015,08_vegetables_root.xls,DT_1ET0029,노지겨울무,DT_1J49: 무 | DT_1J60: 무,월동무,종합 (see Yearbook 2025 pp.44–51),5477,6750,369698,"","","","",8.608312784783722,8.817297783866575,12.820441735118369,"",8.608312784783722,"","",0.0000013524561612854311,2020,"","","",medium,1,0,0,"",-5,0,radish,"",70.075,0.4219656412156498,2005Q1-2012Q4,70.075,82.35193351656366,4.411001935601977,4.411001935601977,"",approximate,FALSE,TRUE,FALSE,FALSE
winter_radish,Winter Radish,월동무,winter,vegetable,0,control_pool,2016,08_vegetables_root.xls,DT_1ET0029,노지겨울무,DT_1J49: 무 | DT_1J60: 무,월동무,종합 (see Yearbook 2025 pp.44–51),5100,5176,263976,"","","","",8.536995818712418,8.551787836180736,12.483613468905062,"",8.536995818712418,"","",0,2020,"","","",medium,1,0,0,"",-4,0,radish,"",90.775,0.4219656412156498,2005Q1-2012Q4,90.775,105.16641410701772,4.655543991792218,4.655543991792218,"",approximate,FALSE,TRUE,FALSE,FALSE
winter_radish,Winter Radish,월동무,winter,vegetable,0,control_pool,2017,08_vegetables_root.xls,DT_1ET0029,노지겨울무,DT_1J49: 무 | DT_1J60: 무,월동무,종합 (see Yearbook 2025 pp.44–51),6274.6774,4649,291710,"","","","",8.74427735231986,8.444407421690585,12.583515437064571,"",8.74427735231986,"","",8.490422160889466e-7,2020,"","","",medium,1,0,0,"",-3,0,radish,"",101.25,0.4219656412156498,2005Q1-2012Q4,101.25,109.63579807997812,4.697163946000961,4.697163946000961,"",approximate,FALSE,TRUE,FALSE,FALSE
winter_radish,Winter Radish,월동무,winter,vegetable,0,control_pool,2018,08_vegetables_root.xls,DT_1ET0029,노지겨울무,DT_1J49: 무 | DT_1J60: 무,월동무,종합 (see Yearbook 2025 pp.44–51),7563.5072,5163,390504,"","","","",8.93109027694204,8.54927308487965,12.875193491487265,"",8.93109027694204,"","",3.156536667603405e-7,2020,"","","",medium,1,0,0,"",-2,0,radish,"",89.6,0.4219656412156498,2005Q1-2012Q4,89.6,97.34570500776223,4.57826861176699,4.57826861176699,"",approximate,FALSE,TRUE,FALSE,FALSE
winter_radish,Winter Radish,월동무,winter,vegetable,0,control_pool,2019,08_vegetables_root.xls,DT_1ET0029,노지겨울무,DT_1J49: 무 | DT_1J60: 무,월동무,종합 (see Yearbook 2025 pp.44–51),5880.8774,6638,390373,"","","","",8.679461247447895,8.80056599227992,12.874857971293356,"",8.679461247447895,"","",9.175536330729984e-7,2020,"","","",medium,1,0,0,"",-1,0,radish,"",73.525,0.4219656412156498,2005Q1-2012Q4,73.525,80.11596980826029,4.383475207588602,4.383475207588602,"",approximate,FALSE,TRUE,FALSE,FALSE
winter_radish,Winter Radish,월동무,winter,vegetable,0,control_pool,2020,08_vegetables_root.xls,DT_1ET0029,노지겨울무,DT_1J49: 무 | DT_1J60: 무,월동무,종합 (see Yearbook 2025 pp.44–51),6585.5198,6516,429099,"","","","",8.792628548040001,8.782015969721936,12.9694429405178,"",8.792628548040001,"","",-0.00003139125604789683,2020,"","","",medium,0,1,0,"",0,0,radish,"",100.025,0.4219656412156498,2005Q1-2012Q4,100.025,99.53265270667784,4.600485758235547,4.600485758235547,"",approximate,FALSE,TRUE,FALSE,FALSE
winter_radish,Winter Radish,월동무,winter,vegetable,0,control_pool,2021,08_vegetables_root.xls,DT_1ET0029,노지겨울무,DT_1J49: 무 | DT_1J60: 무,월동무,종합 (see Yearbook 2025 pp.44–51),5888.3143,6662,392278,"","","","",8.680725038739498,8.804175018753625,12.879726051094156,"",8.680725038739498,"","",-0.000003820410876542724,2020,"","","",medium,0,1,0,"",1,0,radish,"",66.825,0.4219656412156498,2005Q1-2012Q4,66.825,59.34982867342345,4.083449234335815,4.083449234335815,"",approximate,FALSE,TRUE,FALSE,FALSE
winter_radish,Winter Radish,월동무,winter,vegetable,0,control_pool,2022,08_vegetables_root.xls,DT_1ET0029,노지겨울무,DT_1J49: 무 | DT_1J60: 무,월동무,종합 (see Yearbook 2025 pp.44–51),6107.5231,6657,406563,"","","","",8.7172765853597,8.803424211600703,12.915494177511418,"",8.7172765853597,"","",-0.00003643346089532429,2020,"","","",medium,0,1,0,"",2,0,radish,"",121.35,0.4219656412156498,2005Q1-2012Q4,121.35,111.29842249271977,4.712215084710433,4.712215084710433,"",approximate,FALSE,TRUE,FALSE,FALSE
winter_radish,Winter Radish,월동무,winter,vegetable,0,control_pool,2023,08_vegetables_root.xls,DT_1ET0029,노지겨울무,DT_1J49: 무 | DT_1J60: 무,월동무,종합 (see Yearbook 2025 pp.44–51),6016.9502,6737,405387,"","","","",8.702335798636325,8.81537000096066,12.912597445391649,"",8.702335798636325,"","",0.00006183178275520618,2020,"","","",medium,0,1,0,"",3,0,radish,"",92.575,0.4219656412156498,2005Q1-2012Q4,92.575,84.44184514892933,4.436063074339309,4.436063074339309,"",approximate,FALSE,TRUE,FALSE,FALSE
winter_radish,Winter Radish,월동무,winter,vegetable,0,control_pool,2024,08_vegetables_root.xls,DT_1ET0029,노지겨울무,DT_1J49: 무 | DT_1J60: 무,월동무,종합 (see Yearbook 2025 pp.44–51),5234.3403,6697,350563,"","","","",8.562996098171826,8.80941494391005,12.76729571252887,"",8.562996098171826,"","",0.0000548564350850711,2020,"","","",medium,0,1,0,"",4,0,radish,"",129.25,0.4219656412156498,2005Q1-2012Q4,129.25,111.44255775944016,4.713509281105504,4.713509281105504,"",approximate,FALSE,TRUE,FALSE,FALSE
