crop,event_time,year,base,base_last,att_i,n_ctrl,ctrl,outcome
soybean,0,2012,2007,2007,0.149673530013986,22,autumn_napa;autumn_radish;barley;cabbage;carrot;ginger;highland_napa;highland_radish;large_green_onion;leaf_lettuce;malting_barley;mung_bean;other_pulses;peanut;perilla;red_bean;sesame;small_green_onion;spinach;spring_napa;spring_radish;wheat,ln_area
soybean,1,2013,2007,2007,0.0728504438376295,22,autumn_napa;autumn_radish;barley;cabbage;carrot;ginger;highland_napa;highland_radish;large_green_onion;leaf_lettuce;malting_barley;mung_bean;other_pulses;peanut;perilla;red_bean;sesame;small_green_onion;spinach;spring_napa;spring_radish;wheat,ln_area
soybean,2,2014,2007,2007,0.035035167479565,22,autumn_napa;autumn_radish;barley;cabbage;carrot;ginger;highland_napa;highland_radish;large_green_onion;leaf_lettuce;malting_barley;mung_bean;other_pulses;peanut;perilla;red_bean;sesame;small_green_onion;spinach;spring_napa;spring_radish;wheat,ln_area
soybean,3,2015,2007,2007,-0.241596802617618,22,autumn_napa;autumn_radish;barley;cabbage;carrot;ginger;highland_napa;highland_radish;large_green_onion;leaf_lettuce;malting_barley;mung_bean;other_pulses;peanut;perilla;red_bean;sesame;small_green_onion;spinach;spring_napa;spring_radish;wheat,ln_area
soybean,4,2016,2007,2007,-0.384785439858839,22,autumn_napa;autumn_radish;barley;cabbage;carrot;ginger;highland_napa;highland_radish;large_green_onion;leaf_lettuce;malting_barley;mung_bean;other_pulses;peanut;perilla;red_bean;sesame;small_green_onion;spinach;spring_napa;spring_radish;wheat,ln_area
soybean,5,2017,2007,2007,-0.397053216504666,20,autumn_napa;autumn_radish;barley;carrot;ginger;highland_napa;highland_radish;large_green_onion;leaf_lettuce;malting_barley;mung_bean;other_pulses;peanut;perilla;red_bean;sesame;small_green_onion;spinach;spring_napa;spring_radish,ln_area
soybean,6,2018,2007,2007,-0.286582221755943,20,autumn_napa;autumn_radish;barley;carrot;ginger;highland_napa;highland_radish;large_green_onion;leaf_lettuce;malting_barley;mung_bean;other_pulses;peanut;perilla;red_bean;sesame;small_green_onion;spinach;spring_napa;spring_radish,ln_area
soybean,7,2019,2007,2007,-0.0482227074752045,15,autumn_napa;autumn_radish;barley;ginger;leaf_lettuce;malting_barley;mung_bean;other_pulses;peanut;perilla;red_bean;sesame;spinach;spring_napa;spring_radish,ln_area
soybean,8,2020,2007,2007,-0.0660497047584718,14,autumn_napa;autumn_radish;barley;ginger;leaf_lettuce;malting_barley;mung_bean;other_pulses;peanut;perilla;sesame;spinach;spring_napa;spring_radish,ln_area
soybean,9,2021,2007,2007,-0.136394873047956,11,autumn_napa;autumn_radish;ginger;leaf_lettuce;mung_bean;other_pulses;peanut;perilla;sesame;spring_napa;spring_radish,ln_area
soybean,-12,2000,2007,2007,-0.129423374550456,28,autumn_napa;autumn_radish;barley;cabbage;carrot;corn;garlic;ginger;highland_napa;highland_radish;large_green_onion;leaf_lettuce;malting_barley;mung_bean;onion;other_pulses;peanut;perilla;red_bean;red_pepper;sesame;small_green_onion;spinach;spring_napa;spring_potato;spring_radish;sweet_potato;wheat,ln_area
soybean,-11,2001,2007,2007,-0.216573126792777,28,autumn_napa;autumn_radish;barley;cabbage;carrot;corn;garlic;ginger;highland_napa;highland_radish;large_green_onion;leaf_lettuce;malting_barley;mung_bean;onion;other_pulses;peanut;perilla;red_bean;red_pepper;sesame;small_green_onion;spinach;spring_napa;spring_potato;spring_radish;sweet_potato;wheat,ln_area
soybean,-10,2002,2007,2007,-0.134009927785663,28,autumn_napa;autumn_radish;barley;cabbage;carrot;corn;garlic;ginger;highland_napa;highland_radish;large_green_onion;leaf_lettuce;malting_barley;mung_bean;onion;other_pulses;peanut;perilla;red_bean;red_pepper;sesame;small_green_onion;spinach;spring_napa;spring_potato;spring_radish;sweet_potato;wheat,ln_area
soybean,-9,2003,2007,2007,-0.0719273715980689,28,autumn_napa;autumn_radish;barley;cabbage;carrot;corn;garlic;ginger;highland_napa;highland_radish;large_green_onion;leaf_lettuce;malting_barley;mung_bean;onion;other_pulses;peanut;perilla;red_bean;red_pepper;sesame;small_green_onion;spinach;spring_napa;spring_potato;spring_radish;sweet_potato;wheat,ln_area
soybean,-8,2004,2007,2007,-0.0108160288293657,28,autumn_napa;autumn_radish;barley;cabbage;carrot;corn;garlic;ginger;highland_napa;highland_radish;large_green_onion;leaf_lettuce;malting_barley;mung_bean;onion;other_pulses;peanut;perilla;red_bean;red_pepper;sesame;small_green_onion;spinach;spring_napa;spring_potato;spring_radish;sweet_potato;wheat,ln_area
soybean,-7,2005,2007,2007,0.266677466903358,28,autumn_napa;autumn_radish;barley;cabbage;carrot;corn;garlic;ginger;highland_napa;highland_radish;large_green_onion;leaf_lettuce;malting_barley;mung_bean;onion;other_pulses;peanut;perilla;red_bean;red_pepper;sesame;small_green_onion;spinach;spring_napa;spring_potato;spring_radish;sweet_potato;wheat,ln_area
soybean,-6,2006,2007,2007,0.140539258092057,28,autumn_napa;autumn_radish;barley;cabbage;carrot;corn;garlic;ginger;highland_napa;highland_radish;large_green_onion;leaf_lettuce;malting_barley;mung_bean;onion;other_pulses;peanut;perilla;red_bean;red_pepper;sesame;small_green_onion;spinach;spring_napa;spring_potato;spring_radish;sweet_potato;wheat,ln_area
onion,0,2012,2008,2008,0.410114193747047,22,autumn_napa;autumn_radish;barley;cabbage;carrot;ginger;highland_napa;highland_radish;large_green_onion;leaf_lettuce;malting_barley;mung_bean;other_pulses;peanut;perilla;red_bean;sesame;small_green_onion;spinach;spring_napa;spring_radish;wheat,ln_area
onion,1,2013,2008,2008,0.298049955285184,22,autumn_napa;autumn_radish;barley;cabbage;carrot;ginger;highland_napa;highland_radish;large_green_onion;leaf_lettuce;malting_barley;mung_bean;other_pulses;peanut;perilla;red_bean;sesame;small_green_onion;spinach;spring_napa;spring_radish;wheat,ln_area
onion,2,2014,2008,2008,0.506619371826474,22,autumn_napa;autumn_radish;barley;cabbage;carrot;ginger;highland_napa;highland_radish;large_green_onion;leaf_lettuce;malting_barley;mung_bean;other_pulses;peanut;perilla;red_bean;sesame;small_green_onion;spinach;spring_napa;spring_radish;wheat,ln_area
onion,3,2015,2008,2008,0.222516473542703,22,autumn_napa;autumn_radish;barley;cabbage;carrot;ginger;highland_napa;highland_radish;large_green_onion;leaf_lettuce;malting_barley;mung_bean;other_pulses;peanut;perilla;red_bean;sesame;small_green_onion;spinach;spring_napa;spring_radish;wheat,ln_area
onion,4,2016,2008,2008,0.323710210621806,22,autumn_napa;autumn_radish;barley;cabbage;carrot;ginger;highland_napa;highland_radish;large_green_onion;leaf_lettuce;malting_barley;mung_bean;other_pulses;peanut;perilla;red_bean;sesame;small_green_onion;spinach;spring_napa;spring_radish;wheat,ln_area
onion,5,2017,2008,2008,0.352853275976125,20,autumn_napa;autumn_radish;barley;carrot;ginger;highland_napa;highland_radish;large_green_onion;leaf_lettuce;malting_barley;mung_bean;other_pulses;peanut;perilla;red_bean;sesame;small_green_onion;spinach;spring_napa;spring_radish,ln_area
onion,6,2018,2008,2008,0.659506365434928,20,autumn_napa;autumn_radish;barley;carrot;ginger;highland_napa;highland_radish;large_green_onion;leaf_lettuce;malting_barley;mung_bean;other_pulses;peanut;perilla;red_bean;sesame;small_green_onion;spinach;spring_napa;spring_radish,ln_area
onion,7,2019,2008,2008,0.537484675573392,15,autumn_napa;autumn_radish;barley;ginger;leaf_lettuce;malting_barley;mung_bean;other_pulses;peanut;perilla;red_bean;sesame;spinach;spring_napa;spring_radish,ln_area
onion,8,2020,2008,2008,0.179152117064065,14,autumn_napa;autumn_radish;barley;ginger;leaf_lettuce;malting_barley;mung_bean;other_pulses;peanut;perilla;sesame;spinach;spring_napa;spring_radish,ln_area
onion,9,2021,2008,2008,0.333130082690025,11,autumn_napa;autumn_radish;ginger;leaf_lettuce;mung_bean;other_pulses;peanut;perilla;sesame;spring_napa;spring_radish,ln_area
onion,-12,2000,2008,2008,-0.160240662357282,25,autumn_napa;autumn_radish;barley;cabbage;carrot;corn;garlic;ginger;highland_napa;highland_radish;large_green_onion;leaf_lettuce;malting_barley;mung_bean;other_pulses;peanut;perilla;red_bean;sesame;small_green_onion;spinach;spring_napa;spring_radish;sweet_potato;wheat,ln_area
onion,-11,2001,2008,2008,-0.0344874377189482,25,autumn_napa;autumn_radish;barley;cabbage;carrot;corn;garlic;ginger;highland_napa;highland_radish;large_green_onion;leaf_lettuce;malting_barley;mung_bean;other_pulses;peanut;perilla;red_bean;sesame;small_green_onion;spinach;spring_napa;spring_radish;sweet_potato;wheat,ln_area
onion,-10,2002,2008,2008,-0.198575997846414,25,autumn_napa;autumn_radish;barley;cabbage;carrot;corn;garlic;ginger;highland_napa;highland_radish;large_green_onion;leaf_lettuce;malting_barley;mung_bean;other_pulses;peanut;perilla;red_bean;sesame;small_green_onion;spinach;spring_napa;spring_radish;sweet_potato;wheat,ln_area
onion,-9,2003,2008,2008,-0.364398789849481,25,autumn_napa;autumn_radish;barley;cabbage;carrot;corn;garlic;ginger;highland_napa;highland_radish;large_green_onion;leaf_lettuce;malting_barley;mung_bean;other_pulses;peanut;perilla;red_bean;sesame;small_green_onion;spinach;spring_napa;spring_radish;sweet_potato;wheat,ln_area
onion,-8,2004,2008,2008,-0.110543932956119,25,autumn_napa;autumn_radish;barley;cabbage;carrot;corn;garlic;ginger;highland_napa;highland_radish;large_green_onion;leaf_lettuce;malting_barley;mung_bean;other_pulses;peanut;perilla;red_bean;sesame;small_green_onion;spinach;spring_napa;spring_radish;sweet_potato;wheat,ln_area
onion,-7,2005,2008,2008,0.0496466616678711,25,autumn_napa;autumn_radish;barley;cabbage;carrot;corn;garlic;ginger;highland_napa;highland_radish;large_green_onion;leaf_lettuce;malting_barley;mung_bean;other_pulses;peanut;perilla;red_bean;sesame;small_green_onion;spinach;spring_napa;spring_radish;sweet_potato;wheat,ln_area
onion,-6,2006,2008,2008,-0.0273500767448637,25,autumn_napa;autumn_radish;barley;cabbage;carrot;corn;garlic;ginger;highland_napa;highland_radish;large_green_onion;leaf_lettuce;malting_barley;mung_bean;other_pulses;peanut;perilla;red_bean;sesame;small_green_onion;spinach;spring_napa;spring_radish;sweet_potato;wheat,ln_area
onion,-5,2007,2008,2008,0.153081468779355,25,autumn_napa;autumn_radish;barley;cabbage;carrot;corn;garlic;ginger;highland_napa;highland_radish;large_green_onion;leaf_lettuce;malting_barley;mung_bean;other_pulses;peanut;perilla;red_bean;sesame;small_green_onion;spinach;spring_napa;spring_radish;sweet_potato;wheat,ln_area
sweet_potato,0,2013,2008,2008,0.166876265580732,22,autumn_napa;autumn_radish;barley;cabbage;carrot;ginger;highland_napa;highland_radish;large_green_onion;leaf_lettuce;malting_barley;mung_bean;other_pulses;peanut;perilla;red_bean;sesame;small_green_onion;spinach;spring_napa;spring_radish;wheat,ln_area
sweet_potato,1,2014,2008,2008,0.119386504918959,22,autumn_napa;autumn_radish;barley;cabbage;carrot;ginger;highland_napa;highland_radish;large_green_onion;leaf_lettuce;malting_barley;mung_bean;other_pulses;peanut;perilla;red_bean;sesame;small_green_onion;spinach;spring_napa;spring_radish;wheat,ln_area
sweet_potato,2,2015,2008,2008,0.0603152518048523,22,autumn_napa;autumn_radish;barley;cabbage;carrot;ginger;highland_napa;highland_radish;large_green_onion;leaf_lettuce;malting_barley;mung_bean;other_pulses;peanut;perilla;red_bean;sesame;small_green_onion;spinach;spring_napa;spring_radish;wheat,ln_area
sweet_potato,3,2016,2008,2008,0.241178891563073,22,autumn_napa;autumn_radish;barley;cabbage;carrot;ginger;highland_napa;highland_radish;large_green_onion;leaf_lettuce;malting_barley;mung_bean;other_pulses;peanut;perilla;red_bean;sesame;small_green_onion;spinach;spring_napa;spring_radish;wheat,ln_area
sweet_potato,4,2017,2008,2008,0.222992696990061,20,autumn_napa;autumn_radish;barley;carrot;ginger;highland_napa;highland_radish;large_green_onion;leaf_lettuce;malting_barley;mung_bean;other_pulses;peanut;perilla;red_bean;sesame;small_green_onion;spinach;spring_napa;spring_radish,ln_area
sweet_potato,5,2018,2008,2008,0.19317226258482,20,autumn_napa;autumn_radish;barley;carrot;ginger;highland_napa;highland_radish;large_green_onion;leaf_lettuce;malting_barley;mung_bean;other_pulses;peanut;perilla;red_bean;sesame;small_green_onion;spinach;spring_napa;spring_radish,ln_area
sweet_potato,6,2019,2008,2008,0.31092108018549,15,autumn_napa;autumn_radish;barley;ginger;leaf_lettuce;malting_barley;mung_bean;other_pulses;peanut;perilla;red_bean;sesame;spinach;spring_napa;spring_radish,ln_area
sweet_potato,7,2020,2008,2008,0.361954810065736,14,autumn_napa;autumn_radish;barley;ginger;leaf_lettuce;malting_barley;mung_bean;other_pulses;peanut;perilla;sesame;spinach;spring_napa;spring_radish,ln_area
sweet_potato,8,2021,2008,2008,0.329099995348391,11,autumn_napa;autumn_radish;ginger;leaf_lettuce;mung_bean;other_pulses;peanut;perilla;sesame;spring_napa;spring_radish,ln_area
sweet_potato,9,2022,2008,2008,0.204972406913749,10,autumn_radish;ginger;leaf_lettuce;mung_bean;other_pulses;peanut;perilla;sesame;spring_napa;spring_radish,ln_area
sweet_potato,-12,2001,2008,2008,-0.695103822714349,25,autumn_napa;autumn_radish;barley;cabbage;carrot;corn;garlic;ginger;highland_napa;highland_radish;large_green_onion;leaf_lettuce;malting_barley;mung_bean;onion;other_pulses;peanut;perilla;red_bean;sesame;small_green_onion;spinach;spring_napa;spring_radish;wheat,ln_area
sweet_potato,-11,2002,2008,2008,-0.482636905000451,25,autumn_napa;autumn_radish;barley;cabbage;carrot;corn;garlic;ginger;highland_napa;highland_radish;large_green_onion;leaf_lettuce;malting_barley;mung_bean;onion;other_pulses;peanut;perilla;red_bean;sesame;small_green_onion;spinach;spring_napa;spring_radish;wheat,ln_area
sweet_potato,-10,2003,2008,2008,-0.465670739581892,25,autumn_napa;autumn_radish;barley;cabbage;carrot;corn;garlic;ginger;highland_napa;highland_radish;large_green_onion;leaf_lettuce;malting_barley;mung_bean;onion;other_pulses;peanut;perilla;red_bean;sesame;small_green_onion;spinach;spring_napa;spring_radish;wheat,ln_area
sweet_potato,-9,2004,2008,2008,-0.288751114821149,25,autumn_napa;autumn_radish;barley;cabbage;carrot;corn;garlic;ginger;highland_napa;highland_radish;large_green_onion;leaf_lettuce;malting_barley;mung_bean;onion;other_pulses;peanut;perilla;red_bean;sesame;small_green_onion;spinach;spring_napa;spring_radish;wheat,ln_area
sweet_potato,-8,2005,2008,2008,-0.166717986456349,25,autumn_napa;autumn_radish;barley;cabbage;carrot;corn;garlic;ginger;highland_napa;highland_radish;large_green_onion;leaf_lettuce;malting_barley;mung_bean;onion;other_pulses;peanut;perilla;red_bean;sesame;small_green_onion;spinach;spring_napa;spring_radish;wheat,ln_area
sweet_potato,-7,2006,2008,2008,-0.182718396787631,25,autumn_napa;autumn_radish;barley;cabbage;carrot;corn;garlic;ginger;highland_napa;highland_radish;large_green_onion;leaf_lettuce;malting_barley;mung_bean;onion;other_pulses;peanut;perilla;red_bean;sesame;small_green_onion;spinach;spring_napa;spring_radish;wheat,ln_area
sweet_potato,-6,2007,2008,2008,0.0890682112334672,25,autumn_napa;autumn_radish;barley;cabbage;carrot;corn;garlic;ginger;highland_napa;highland_radish;large_green_onion;leaf_lettuce;malting_barley;mung_bean;onion;other_pulses;peanut;perilla;red_bean;sesame;small_green_onion;spinach;spring_napa;spring_radish;wheat,ln_area
corn,0,2013,2008,2008,-0.10950041027706,22,autumn_napa;autumn_radish;barley;cabbage;carrot;ginger;highland_napa;highland_radish;large_green_onion;leaf_lettuce;malting_barley;mung_bean;other_pulses;peanut;perilla;red_bean;sesame;small_green_onion;spinach;spring_napa;spring_radish;wheat,ln_area
corn,1,2014,2008,2008,-0.0818972144616871,22,autumn_napa;autumn_radish;barley;cabbage;carrot;ginger;highland_napa;highland_radish;large_green_onion;leaf_lettuce;malting_barley;mung_bean;other_pulses;peanut;perilla;red_bean;sesame;small_green_onion;spinach;spring_napa;spring_radish;wheat,ln_area
corn,2,2015,2008,2008,-0.113835228786781,22,autumn_napa;autumn_radish;barley;cabbage;carrot;ginger;highland_napa;highland_radish;large_green_onion;leaf_lettuce;malting_barley;mung_bean;other_pulses;peanut;perilla;red_bean;sesame;small_green_onion;spinach;spring_napa;spring_radish;wheat,ln_area
corn,3,2016,2008,2008,-0.123285350247227,22,autumn_napa;autumn_radish;barley;cabbage;carrot;ginger;highland_napa;highland_radish;large_green_onion;leaf_lettuce;malting_barley;mung_bean;other_pulses;peanut;perilla;red_bean;sesame;small_green_onion;spinach;spring_napa;spring_radish;wheat,ln_area
corn,4,2017,2008,2008,-0.0832132055535292,20,autumn_napa;autumn_radish;barley;carrot;ginger;highland_napa;highland_radish;large_green_onion;leaf_lettuce;malting_barley;mung_bean;other_pulses;peanut;perilla;red_bean;sesame;small_green_onion;spinach;spring_napa;spring_radish,ln_area
corn,5,2018,2008,2008,-0.0524416216882588,20,autumn_napa;autumn_radish;barley;carrot;ginger;highland_napa;highland_radish;large_green_onion;leaf_lettuce;malting_barley;mung_bean;other_pulses;peanut;perilla;red_bean;sesame;small_green_onion;spinach;spring_napa;spring_radish,ln_area
corn,6,2019,2008,2008,-0.0227123613018636,15,autumn_napa;autumn_radish;barley;ginger;leaf_lettuce;malting_barley;mung_bean;other_pulses;peanut;perilla;red_bean;sesame;spinach;spring_napa;spring_radish,ln_area
corn,7,2020,2008,2008,0.0658550390231122,14,autumn_napa;autumn_radish;barley;ginger;leaf_lettuce;malting_barley;mung_bean;other_pulses;peanut;perilla;sesame;spinach;spring_napa;spring_radish,ln_area
corn,8,2021,2008,2008,0.0224049528615681,11,autumn_napa;autumn_radish;ginger;leaf_lettuce;mung_bean;other_pulses;peanut;perilla;sesame;spring_napa;spring_radish,ln_area
corn,9,2022,2008,2008,-0.0589634932712119,10,autumn_radish;ginger;leaf_lettuce;mung_bean;other_pulses;peanut;perilla;sesame;spring_napa;spring_radish,ln_area
corn,-12,2001,2008,2008,-0.520192226803012,25,autumn_napa;autumn_radish;barley;cabbage;carrot;garlic;ginger;highland_napa;highland_radish;large_green_onion;leaf_lettuce;malting_barley;mung_bean;onion;other_pulses;peanut;perilla;red_bean;sesame;small_green_onion;spinach;spring_napa;spring_radish;sweet_potato;wheat,ln_area
corn,-11,2002,2008,2008,-0.25283701265616,25,autumn_napa;autumn_radish;barley;cabbage;carrot;garlic;ginger;highland_napa;highland_radish;large_green_onion;leaf_lettuce;malting_barley;mung_bean;onion;other_pulses;peanut;perilla;red_bean;sesame;small_green_onion;spinach;spring_napa;spring_radish;sweet_potato;wheat,ln_area
corn,-10,2003,2008,2008,-0.218029072500934,25,autumn_napa;autumn_radish;barley;cabbage;carrot;garlic;ginger;highland_napa;highland_radish;large_green_onion;leaf_lettuce;malting_barley;mung_bean;onion;other_pulses;peanut;perilla;red_bean;sesame;small_green_onion;spinach;spring_napa;spring_radish;sweet_potato;wheat,ln_area
corn,-9,2004,2008,2008,-0.130448930971084,25,autumn_napa;autumn_radish;barley;cabbage;carrot;garlic;ginger;highland_napa;highland_radish;large_green_onion;leaf_lettuce;malting_barley;mung_bean;onion;other_pulses;peanut;perilla;red_bean;sesame;small_green_onion;spinach;spring_napa;spring_radish;sweet_potato;wheat,ln_area
corn,-8,2005,2008,2008,-0.235895572105568,25,autumn_napa;autumn_radish;barley;cabbage;carrot;garlic;ginger;highland_napa;highland_radish;large_green_onion;leaf_lettuce;malting_barley;mung_bean;onion;other_pulses;peanut;perilla;red_bean;sesame;small_green_onion;spinach;spring_napa;spring_radish;sweet_potato;wheat,ln_area
corn,-7,2006,2008,2008,-0.329928631098129,25,autumn_napa;autumn_radish;barley;cabbage;carrot;garlic;ginger;highland_napa;highland_radish;large_green_onion;leaf_lettuce;malting_barley;mung_bean;onion;other_pulses;peanut;perilla;red_bean;sesame;small_green_onion;spinach;spring_napa;spring_radish;sweet_potato;wheat,ln_area
corn,-6,2007,2008,2008,-0.0767585475137879,25,autumn_napa;autumn_radish;barley;cabbage;carrot;garlic;ginger;highland_napa;highland_radish;large_green_onion;leaf_lettuce;malting_barley;mung_bean;onion;other_pulses;peanut;perilla;red_bean;sesame;small_green_onion;spinach;spring_napa;spring_radish;sweet_potato;wheat,ln_area
garlic,0,2013,2009,2009,0.146612463505457,22,autumn_napa;autumn_radish;barley;cabbage;carrot;ginger;highland_napa;highland_radish;large_green_onion;leaf_lettuce;malting_barley;mung_bean;other_pulses;peanut;perilla;red_bean;sesame;small_green_onion;spinach;spring_napa;spring_radish;wheat,ln_area
garlic,1,2014,2009,2009,0.0203659991317681,22,autumn_napa;autumn_radish;barley;cabbage;carrot;ginger;highland_napa;highland_radish;large_green_onion;leaf_lettuce;malting_barley;mung_bean;other_pulses;peanut;perilla;red_bean;sesame;small_green_onion;spinach;spring_napa;spring_radish;wheat,ln_area
garlic,2,2015,2009,2009,-0.174821757301168,22,autumn_napa;autumn_radish;barley;cabbage;carrot;ginger;highland_napa;highland_radish;large_green_onion;leaf_lettuce;malting_barley;mung_bean;other_pulses;peanut;perilla;red_bean;sesame;small_green_onion;spinach;spring_napa;spring_radish;wheat,ln_area
garlic,3,2016,2009,2009,-0.167096131635979,22,autumn_napa;autumn_radish;barley;cabbage;carrot;ginger;highland_napa;highland_radish;large_green_onion;leaf_lettuce;malting_barley;mung_bean;other_pulses;peanut;perilla;red_bean;sesame;small_green_onion;spinach;spring_napa;spring_radish;wheat,ln_area
garlic,4,2017,2009,2009,0.0273353616857157,20,autumn_napa;autumn_radish;barley;carrot;ginger;highland_napa;highland_radish;large_green_onion;leaf_lettuce;malting_barley;mung_bean;other_pulses;peanut;perilla;red_bean;sesame;small_green_onion;spinach;spring_napa;spring_radish,ln_area
garlic,5,2018,2009,2009,0.163309417981826,20,autumn_napa;autumn_radish;barley;carrot;ginger;highland_napa;highland_radish;large_green_onion;leaf_lettuce;malting_barley;mung_bean;other_pulses;peanut;perilla;red_bean;sesame;small_green_onion;spinach;spring_napa;spring_radish,ln_area
garlic,6,2019,2009,2009,0.234963209052831,15,autumn_napa;autumn_radish;barley;ginger;leaf_lettuce;malting_barley;mung_bean;other_pulses;peanut;perilla;red_bean;sesame;spinach;spring_napa;spring_radish,ln_area
garlic,7,2020,2009,2009,0.187887053479116,14,autumn_napa;autumn_radish;barley;ginger;leaf_lettuce;malting_barley;mung_bean;other_pulses;peanut;perilla;sesame;spinach;spring_napa;spring_radish,ln_area
garlic,8,2021,2009,2009,-0.0121422016898437,11,autumn_napa;autumn_radish;ginger;leaf_lettuce;mung_bean;other_pulses;peanut;perilla;sesame;spring_napa;spring_radish,ln_area
garlic,9,2022,2009,2009,-0.0318423287700122,10,autumn_radish;ginger;leaf_lettuce;mung_bean;other_pulses;peanut;perilla;sesame;spring_napa;spring_radish,ln_area
garlic,-12,2001,2009,2009,0.0499498047475084,22,autumn_napa;autumn_radish;barley;cabbage;carrot;ginger;highland_napa;highland_radish;large_green_onion;leaf_lettuce;malting_barley;mung_bean;other_pulses;peanut;perilla;red_bean;sesame;small_green_onion;spinach;spring_napa;spring_radish;wheat,ln_area
garlic,-11,2002,2009,2009,0.00589605370954108,22,autumn_napa;autumn_radish;barley;cabbage;carrot;ginger;highland_napa;highland_radish;large_green_onion;leaf_lettuce;malting_barley;mung_bean;other_pulses;peanut;perilla;red_bean;sesame;small_green_onion;spinach;spring_napa;spring_radish;wheat,ln_area
garlic,-10,2003,2009,2009,0.0585287698188869,22,autumn_napa;autumn_radish;barley;cabbage;carrot;ginger;highland_napa;highland_radish;large_green_onion;leaf_lettuce;malting_barley;mung_bean;other_pulses;peanut;perilla;red_bean;sesame;small_green_onion;spinach;spring_napa;spring_radish;wheat,ln_area
garlic,-9,2004,2009,2009,-0.00105317822959997,22,autumn_napa;autumn_radish;barley;cabbage;carrot;ginger;highland_napa;highland_radish;large_green_onion;leaf_lettuce;malting_barley;mung_bean;other_pulses;peanut;perilla;red_bean;sesame;small_green_onion;spinach;spring_napa;spring_radish;wheat,ln_area
garlic,-8,2005,2009,2009,0.143245083436685,22,autumn_napa;autumn_radish;barley;cabbage;carrot;ginger;highland_napa;highland_radish;large_green_onion;leaf_lettuce;malting_barley;mung_bean;other_pulses;peanut;perilla;red_bean;sesame;small_green_onion;spinach;spring_napa;spring_radish;wheat,ln_area
garlic,-7,2006,2009,2009,0.0405136529276729,22,autumn_napa;autumn_radish;barley;cabbage;carrot;ginger;highland_napa;highland_radish;large_green_onion;leaf_lettuce;malting_barley;mung_bean;other_pulses;peanut;perilla;red_bean;sesame;small_green_onion;spinach;spring_napa;spring_radish;wheat,ln_area
garlic,-6,2007,2009,2009,0.0378932637812326,22,autumn_napa;autumn_radish;barley;cabbage;carrot;ginger;highland_napa;highland_radish;large_green_onion;leaf_lettuce;malting_barley;mung_bean;other_pulses;peanut;perilla;red_bean;sesame;small_green_onion;spinach;spring_napa;spring_radish;wheat,ln_area
garlic,-5,2008,2009,2009,0.0798369495490695,22,autumn_napa;autumn_radish;barley;cabbage;carrot;ginger;highland_napa;highland_radish;large_green_onion;leaf_lettuce;malting_barley;mung_bean;other_pulses;peanut;perilla;red_bean;sesame;small_green_onion;spinach;spring_napa;spring_radish;wheat,ln_area
spring_potato,0,2013,2007,2007,0.500618722547906,22,autumn_napa;autumn_radish;barley;cabbage;carrot;ginger;highland_napa;highland_radish;large_green_onion;leaf_lettuce;malting_barley;mung_bean;other_pulses;peanut;perilla;red_bean;sesame;small_green_onion;spinach;spring_napa;spring_radish;wheat,ln_area
spring_potato,1,2014,2007,2007,0.235968062187803,22,autumn_napa;autumn_radish;barley;cabbage;carrot;ginger;highland_napa;highland_radish;large_green_onion;leaf_lettuce;malting_barley;mung_bean;other_pulses;peanut;perilla;red_bean;sesame;small_green_onion;spinach;spring_napa;spring_radish;wheat,ln_area
spring_potato,2,2015,2007,2007,0.165231844631251,22,autumn_napa;autumn_radish;barley;cabbage;carrot;ginger;highland_napa;highland_radish;large_green_onion;leaf_lettuce;malting_barley;mung_bean;other_pulses;peanut;perilla;red_bean;sesame;small_green_onion;spinach;spring_napa;spring_radish;wheat,ln_area
spring_potato,3,2016,2007,2007,0.215033820371741,22,autumn_napa;autumn_radish;barley;cabbage;carrot;ginger;highland_napa;highland_radish;large_green_onion;leaf_lettuce;malting_barley;mung_bean;other_pulses;peanut;perilla;red_bean;sesame;small_green_onion;spinach;spring_napa;spring_radish;wheat,ln_area
spring_potato,4,2017,2007,2007,0.255003146751251,20,autumn_napa;autumn_radish;barley;carrot;ginger;highland_napa;highland_radish;large_green_onion;leaf_lettuce;malting_barley;mung_bean;other_pulses;peanut;perilla;red_bean;sesame;small_green_onion;spinach;spring_napa;spring_radish,ln_area
spring_potato,5,2018,2007,2007,0.31668298378405,20,autumn_napa;autumn_radish;barley;carrot;ginger;highland_napa;highland_radish;large_green_onion;leaf_lettuce;malting_barley;mung_bean;other_pulses;peanut;perilla;red_bean;sesame;small_green_onion;spinach;spring_napa;spring_radish,ln_area
spring_potato,6,2019,2007,2007,0.547544559204448,15,autumn_napa;autumn_radish;barley;ginger;leaf_lettuce;malting_barley;mung_bean;other_pulses;peanut;perilla;red_bean;sesame;spinach;spring_napa;spring_radish,ln_area
spring_potato,7,2020,2007,2007,0.486782292998544,14,autumn_napa;autumn_radish;barley;ginger;leaf_lettuce;malting_barley;mung_bean;other_pulses;peanut;perilla;sesame;spinach;spring_napa;spring_radish,ln_area
spring_potato,8,2021,2007,2007,0.291067299246835,11,autumn_napa;autumn_radish;ginger;leaf_lettuce;mung_bean;other_pulses;peanut;perilla;sesame;spring_napa;spring_radish,ln_area
spring_potato,9,2022,2007,2007,0.183913830841463,10,autumn_radish;ginger;leaf_lettuce;mung_bean;other_pulses;peanut;perilla;sesame;spring_napa;spring_radish,ln_area
spring_potato,-12,2001,2007,2007,-0.102865995838332,28,autumn_napa;autumn_radish;barley;cabbage;carrot;corn;garlic;ginger;highland_napa;highland_radish;large_green_onion;leaf_lettuce;malting_barley;mung_bean;onion;other_pulses;peanut;perilla;red_bean;red_pepper;sesame;small_green_onion;soybean;spinach;spring_napa;spring_radish;sweet_potato;wheat,ln_area
spring_potato,-11,2002,2007,2007,-0.0433145121704398,28,autumn_napa;autumn_radish;barley;cabbage;carrot;corn;garlic;ginger;highland_napa;highland_radish;large_green_onion;leaf_lettuce;malting_barley;mung_bean;onion;other_pulses;peanut;perilla;red_bean;red_pepper;sesame;small_green_onion;soybean;spinach;spring_napa;spring_radish;sweet_potato;wheat,ln_area
spring_potato,-10,2003,2007,2007,-0.176421468375676,28,autumn_napa;autumn_radish;barley;cabbage;carrot;corn;garlic;ginger;highland_napa;highland_radish;large_green_onion;leaf_lettuce;malting_barley;mung_bean;onion;other_pulses;peanut;perilla;red_bean;red_pepper;sesame;small_green_onion;soybean;spinach;spring_napa;spring_radish;sweet_potato;wheat,ln_area
spring_potato,-9,2004,2007,2007,0.0148431737422766,28,autumn_napa;autumn_radish;barley;cabbage;carrot;corn;garlic;ginger;highland_napa;highland_radish;large_green_onion;leaf_lettuce;malting_barley;mung_bean;onion;other_pulses;peanut;perilla;red_bean;red_pepper;sesame;small_green_onion;soybean;spinach;spring_napa;spring_radish;sweet_potato;wheat,ln_area
spring_potato,-8,2005,2007,2007,0.376747615000273,28,autumn_napa;autumn_radish;barley;cabbage;carrot;corn;garlic;ginger;highland_napa;highland_radish;large_green_onion;leaf_lettuce;malting_barley;mung_bean;onion;other_pulses;peanut;perilla;red_bean;red_pepper;sesame;small_green_onion;soybean;spinach;spring_napa;spring_radish;sweet_potato;wheat,ln_area
spring_potato,-7,2006,2007,2007,0.109026900214268,28,autumn_napa;autumn_radish;barley;cabbage;carrot;corn;garlic;ginger;highland_napa;highland_radish;large_green_onion;leaf_lettuce;malting_barley;mung_bean;onion;other_pulses;peanut;perilla;red_bean;red_pepper;sesame;small_green_onion;soybean;spinach;spring_napa;spring_radish;sweet_potato;wheat,ln_area
red_pepper,0,2015,2007,2007,-0.40824190040586,22,autumn_napa;autumn_radish;barley;cabbage;carrot;ginger;highland_napa;highland_radish;large_green_onion;leaf_lettuce;malting_barley;mung_bean;other_pulses;peanut;perilla;red_bean;sesame;small_green_onion;spinach;spring_napa;spring_radish;wheat,ln_area
red_pepper,1,2016,2007,2007,-0.476350948169789,22,autumn_napa;autumn_radish;barley;cabbage;carrot;ginger;highland_napa;highland_radish;large_green_onion;leaf_lettuce;malting_barley;mung_bean;other_pulses;peanut;perilla;red_bean;sesame;small_green_onion;spinach;spring_napa;spring_radish;wheat,ln_area
red_pepper,2,2017,2007,2007,-0.54267488935168,20,autumn_napa;autumn_radish;barley;carrot;ginger;highland_napa;highland_radish;large_green_onion;leaf_lettuce;malting_barley;mung_bean;other_pulses;peanut;perilla;red_bean;sesame;small_green_onion;spinach;spring_napa;spring_radish,ln_area
red_pepper,3,2018,2007,2007,-0.52092195889024,20,autumn_napa;autumn_radish;barley;carrot;ginger;highland_napa;highland_radish;large_green_onion;leaf_lettuce;malting_barley;mung_bean;other_pulses;peanut;perilla;red_bean;sesame;small_green_onion;spinach;spring_napa;spring_radish,ln_area
red_pepper,4,2019,2007,2007,-0.334172756899397,15,autumn_napa;autumn_radish;barley;ginger;leaf_lettuce;malting_barley;mung_bean;other_pulses;peanut;perilla;red_bean;sesame;spinach;spring_napa;spring_radish,ln_area
red_pepper,5,2020,2007,2007,-0.305673541196283,14,autumn_napa;autumn_radish;barley;ginger;leaf_lettuce;malting_barley;mung_bean;other_pulses;peanut;perilla;sesame;spinach;spring_napa;spring_radish,ln_area
red_pepper,6,2021,2007,2007,-0.2966477416586,11,autumn_napa;autumn_radish;ginger;leaf_lettuce;mung_bean;other_pulses;peanut;perilla;sesame;spring_napa;spring_radish,ln_area
red_pepper,7,2022,2007,2007,-0.426446289281812,10,autumn_radish;ginger;leaf_lettuce;mung_bean;other_pulses;peanut;perilla;sesame;spring_napa;spring_radish,ln_area
red_pepper,8,2023,2007,2007,-0.489391200273169,10,autumn_radish;ginger;leaf_lettuce;mung_bean;other_pulses;peanut;perilla;sesame;spring_napa;spring_radish,ln_area
red_pepper,9,2024,2007,2007,-0.575853458840185,8,ginger;leaf_lettuce;mung_bean;other_pulses;peanut;perilla;sesame;spring_radish,ln_area
red_pepper,-12,2003,2007,2007,-0.0787782132161075,28,autumn_napa;autumn_radish;barley;cabbage;carrot;corn;garlic;ginger;highland_napa;highland_radish;large_green_onion;leaf_lettuce;malting_barley;mung_bean;onion;other_pulses;peanut;perilla;red_bean;sesame;small_green_onion;soybean;spinach;spring_napa;spring_potato;spring_radish;sweet_potato;wheat,ln_area
red_pepper,-11,2004,2007,2007,-0.0017382016055693,28,autumn_napa;autumn_radish;barley;cabbage;carrot;corn;garlic;ginger;highland_napa;highland_radish;large_green_onion;leaf_lettuce;malting_barley;mung_bean;onion;other_pulses;peanut;perilla;red_bean;sesame;small_green_onion;soybean;spinach;spring_napa;spring_potato;spring_radish;sweet_potato;wheat,ln_area
red_pepper,-10,2005,2007,2007,0.0460350262205166,28,autumn_napa;autumn_radish;barley;cabbage;carrot;corn;garlic;ginger;highland_napa;highland_radish;large_green_onion;leaf_lettuce;malting_barley;mung_bean;onion;other_pulses;peanut;perilla;red_bean;sesame;small_green_onion;soybean;spinach;spring_napa;spring_potato;spring_radish;sweet_potato;wheat,ln_area
red_pepper,-9,2006,2007,2007,-0.0679259574487038,28,autumn_napa;autumn_radish;barley;cabbage;carrot;corn;garlic;ginger;highland_napa;highland_radish;large_green_onion;leaf_lettuce;malting_barley;mung_bean;onion;other_pulses;peanut;perilla;red_bean;sesame;small_green_onion;soybean;spinach;spring_napa;spring_potato;spring_radish;sweet_potato;wheat,ln_area
soybean,0,2012,2007,2007,0.0898386458208282,22,autumn_napa;autumn_radish;barley;cabbage;carrot;ginger;highland_napa;highland_radish;large_green_onion;leaf_lettuce;malting_barley;mung_bean;other_pulses;peanut;perilla;red_bean;sesame;small_green_onion;spinach;spring_napa;spring_radish;wheat,ln_yield
soybean,1,2013,2007,2007,0.301129544165505,22,autumn_napa;autumn_radish;barley;cabbage;carrot;ginger;highland_napa;highland_radish;large_green_onion;leaf_lettuce;malting_barley;mung_bean;other_pulses;peanut;perilla;red_bean;sesame;small_green_onion;spinach;spring_napa;spring_radish;wheat,ln_yield
soybean,2,2014,2007,2007,0.201967157148424,22,autumn_napa;autumn_radish;barley;cabbage;carrot;ginger;highland_napa;highland_radish;large_green_onion;leaf_lettuce;malting_barley;mung_bean;other_pulses;peanut;perilla;red_bean;sesame;small_green_onion;spinach;spring_napa;spring_radish;wheat,ln_yield
soybean,3,2015,2007,2007,0.237221442161316,22,autumn_napa;autumn_radish;barley;cabbage;carrot;ginger;highland_napa;highland_radish;large_green_onion;leaf_lettuce;malting_barley;mung_bean;other_pulses;peanut;perilla;red_bean;sesame;small_green_onion;spinach;spring_napa;spring_radish;wheat,ln_yield
soybean,4,2016,2007,2007,0.0768762839629491,22,autumn_napa;autumn_radish;barley;cabbage;carrot;ginger;highland_napa;highland_radish;large_green_onion;leaf_lettuce;malting_barley;mung_bean;other_pulses;peanut;perilla;red_bean;sesame;small_green_onion;spinach;spring_napa;spring_radish;wheat,ln_yield
soybean,5,2017,2007,2007,0.217092230563655,20,autumn_napa;autumn_radish;barley;carrot;ginger;highland_napa;highland_radish;large_green_onion;leaf_lettuce;malting_barley;mung_bean;other_pulses;peanut;perilla;red_bean;sesame;small_green_onion;spinach;spring_napa;spring_radish,ln_yield
soybean,6,2018,2007,2007,0.181261087797401,20,autumn_napa;autumn_radish;barley;carrot;ginger;highland_napa;highland_radish;large_green_onion;leaf_lettuce;malting_barley;mung_bean;other_pulses;peanut;perilla;red_bean;sesame;small_green_onion;spinach;spring_napa;spring_radish,ln_yield
soybean,7,2019,2007,2007,0.146953978457155,15,autumn_napa;autumn_radish;barley;ginger;leaf_lettuce;malting_barley;mung_bean;other_pulses;peanut;perilla;red_bean;sesame;spinach;spring_napa;spring_radish,ln_yield
soybean,8,2020,2007,2007,0.00459812253587174,14,autumn_napa;autumn_radish;barley;ginger;leaf_lettuce;malting_barley;mung_bean;other_pulses;peanut;perilla;sesame;spinach;spring_napa;spring_radish,ln_yield
soybean,9,2021,2007,2007,0.232815162606447,11,autumn_napa;autumn_radish;ginger;leaf_lettuce;mung_bean;other_pulses;peanut;perilla;sesame;spring_napa;spring_radish,ln_yield
soybean,-12,2000,2007,2007,-0.0250754732066349,28,autumn_napa;autumn_radish;barley;cabbage;carrot;corn;garlic;ginger;highland_napa;highland_radish;large_green_onion;leaf_lettuce;malting_barley;mung_bean;onion;other_pulses;peanut;perilla;red_bean;red_pepper;sesame;small_green_onion;spinach;spring_napa;spring_potato;spring_radish;sweet_potato;wheat,ln_yield
soybean,-11,2001,2007,2007,0.0628306344513846,28,autumn_napa;autumn_radish;barley;cabbage;carrot;corn;garlic;ginger;highland_napa;highland_radish;large_green_onion;leaf_lettuce;malting_barley;mung_bean;onion;other_pulses;peanut;perilla;red_bean;red_pepper;sesame;small_green_onion;spinach;spring_napa;spring_potato;spring_radish;sweet_potato;wheat,ln_yield
soybean,-10,2002,2007,2007,0.011641278741528,28,autumn_napa;autumn_radish;barley;cabbage;carrot;corn;garlic;ginger;highland_napa;highland_radish;large_green_onion;leaf_lettuce;malting_barley;mung_bean;onion;other_pulses;peanut;perilla;red_bean;red_pepper;sesame;small_green_onion;spinach;spring_napa;spring_potato;spring_radish;sweet_potato;wheat,ln_yield
soybean,-9,2003,2007,2007,-0.0275995124469648,28,autumn_napa;autumn_radish;barley;cabbage;carrot;corn;garlic;ginger;highland_napa;highland_radish;large_green_onion;leaf_lettuce;malting_barley;mung_bean;onion;other_pulses;peanut;perilla;red_bean;red_pepper;sesame;small_green_onion;spinach;spring_napa;spring_potato;spring_radish;sweet_potato;wheat,ln_yield
soybean,-8,2004,2007,2007,0.111605066378005,28,autumn_napa;autumn_radish;barley;cabbage;carrot;corn;garlic;ginger;highland_napa;highland_radish;large_green_onion;leaf_lettuce;malting_barley;mung_bean;onion;other_pulses;peanut;perilla;red_bean;red_pepper;sesame;small_green_onion;spinach;spring_napa;spring_potato;spring_radish;sweet_potato;wheat,ln_yield
soybean,-7,2005,2007,2007,0.169819532870192,28,autumn_napa;autumn_radish;barley;cabbage;carrot;corn;garlic;ginger;highland_napa;highland_radish;large_green_onion;leaf_lettuce;malting_barley;mung_bean;onion;other_pulses;peanut;perilla;red_bean;red_pepper;sesame;small_green_onion;spinach;spring_napa;spring_potato;spring_radish;sweet_potato;wheat,ln_yield
soybean,-6,2006,2007,2007,0.182646358771488,28,autumn_napa;autumn_radish;barley;cabbage;carrot;corn;garlic;ginger;highland_napa;highland_radish;large_green_onion;leaf_lettuce;malting_barley;mung_bean;onion;other_pulses;peanut;perilla;red_bean;red_pepper;sesame;small_green_onion;spinach;spring_napa;spring_potato;spring_radish;sweet_potato;wheat,ln_yield
onion,0,2012,2008,2008,-0.0674122448461272,22,autumn_napa;autumn_radish;barley;cabbage;carrot;ginger;highland_napa;highland_radish;large_green_onion;leaf_lettuce;malting_barley;mung_bean;other_pulses;peanut;perilla;red_bean;sesame;small_green_onion;spinach;spring_napa;spring_radish;wheat,ln_yield
onion,1,2013,2008,2008,0.0293752581073761,22,autumn_napa;autumn_radish;barley;cabbage;carrot;ginger;highland_napa;highland_radish;large_green_onion;leaf_lettuce;malting_barley;mung_bean;other_pulses;peanut;perilla;red_bean;sesame;small_green_onion;spinach;spring_napa;spring_radish;wheat,ln_yield
onion,2,2014,2008,2008,-0.00905190363850344,22,autumn_napa;autumn_radish;barley;cabbage;carrot;ginger;highland_napa;highland_radish;large_green_onion;leaf_lettuce;malting_barley;mung_bean;other_pulses;peanut;perilla;red_bean;sesame;small_green_onion;spinach;spring_napa;spring_radish;wheat,ln_yield
onion,3,2015,2008,2008,-0.0429691888030513,22,autumn_napa;autumn_radish;barley;cabbage;carrot;ginger;highland_napa;highland_radish;large_green_onion;leaf_lettuce;malting_barley;mung_bean;other_pulses;peanut;perilla;red_bean;sesame;small_green_onion;spinach;spring_napa;spring_radish;wheat,ln_yield
onion,4,2016,2008,2008,0.0415276547081341,22,autumn_napa;autumn_radish;barley;cabbage;carrot;ginger;highland_napa;highland_radish;large_green_onion;leaf_lettuce;malting_barley;mung_bean;other_pulses;peanut;perilla;red_bean;sesame;small_green_onion;spinach;spring_napa;spring_radish;wheat,ln_yield
onion,5,2017,2008,2008,-0.125989102427468,20,autumn_napa;autumn_radish;barley;carrot;ginger;highland_napa;highland_radish;large_green_onion;leaf_lettuce;malting_barley;mung_bean;other_pulses;peanut;perilla;red_bean;sesame;small_green_onion;spinach;spring_napa;spring_radish,ln_yield
onion,6,2018,2008,2008,-0.119084071511917,20,autumn_napa;autumn_radish;barley;carrot;ginger;highland_napa;highland_radish;large_green_onion;leaf_lettuce;malting_barley;mung_bean;other_pulses;peanut;perilla;red_bean;sesame;small_green_onion;spinach;spring_napa;spring_radish,ln_yield
onion,7,2019,2008,2008,0.0837473307933962,15,autumn_napa;autumn_radish;barley;ginger;leaf_lettuce;malting_barley;mung_bean;other_pulses;peanut;perilla;red_bean;sesame;spinach;spring_napa;spring_radish,ln_yield
onion,8,2020,2008,2008,0.228897556787293,14,autumn_napa;autumn_radish;barley;ginger;leaf_lettuce;malting_barley;mung_bean;other_pulses;peanut;perilla;sesame;spinach;spring_napa;spring_radish,ln_yield
onion,9,2021,2008,2008,0.213312121317482,11,autumn_napa;autumn_radish;ginger;leaf_lettuce;mung_bean;other_pulses;peanut;perilla;sesame;spring_napa;spring_radish,ln_yield
onion,-12,2000,2008,2008,-0.129485762707659,25,autumn_napa;autumn_radish;barley;cabbage;carrot;corn;garlic;ginger;highland_napa;highland_radish;large_green_onion;leaf_lettuce;malting_barley;mung_bean;other_pulses;peanut;perilla;red_bean;sesame;small_green_onion;spinach;spring_napa;spring_radish;sweet_potato;wheat,ln_yield
onion,-11,2001,2008,2008,-0.104405392151259,25,autumn_napa;autumn_radish;barley;cabbage;carrot;corn;garlic;ginger;highland_napa;highland_radish;large_green_onion;leaf_lettuce;malting_barley;mung_bean;other_pulses;peanut;perilla;red_bean;sesame;small_green_onion;spinach;spring_napa;spring_radish;sweet_potato;wheat,ln_yield
onion,-10,2002,2008,2008,-0.0151239094546443,25,autumn_napa;autumn_radish;barley;cabbage;carrot;corn;garlic;ginger;highland_napa;highland_radish;large_green_onion;leaf_lettuce;malting_barley;mung_bean;other_pulses;peanut;perilla;red_bean;sesame;small_green_onion;spinach;spring_napa;spring_radish;sweet_potato;wheat,ln_yield
onion,-9,2003,2008,2008,0.0126437077151662,25,autumn_napa;autumn_radish;barley;cabbage;carrot;corn;garlic;ginger;highland_napa;highland_radish;large_green_onion;leaf_lettuce;malting_barley;mung_bean;other_pulses;peanut;perilla;red_bean;sesame;small_green_onion;spinach;spring_napa;spring_radish;sweet_potato;wheat,ln_yield
onion,-8,2004,2008,2008,-0.0605811198334953,25,autumn_napa;autumn_radish;barley;cabbage;carrot;corn;garlic;ginger;highland_napa;highland_radish;large_green_onion;leaf_lettuce;malting_barley;mung_bean;other_pulses;peanut;perilla;red_bean;sesame;small_green_onion;spinach;spring_napa;spring_radish;sweet_potato;wheat,ln_yield
onion,-7,2005,2008,2008,-0.0598219309931905,25,autumn_napa;autumn_radish;barley;cabbage;carrot;corn;garlic;ginger;highland_napa;highland_radish;large_green_onion;leaf_lettuce;malting_barley;mung_bean;other_pulses;peanut;perilla;red_bean;sesame;small_green_onion;spinach;spring_napa;spring_radish;sweet_potato;wheat,ln_yield
onion,-6,2006,2008,2008,-0.0989013515814305,25,autumn_napa;autumn_radish;barley;cabbage;carrot;corn;garlic;ginger;highland_napa;highland_radish;large_green_onion;leaf_lettuce;malting_barley;mung_bean;other_pulses;peanut;perilla;red_bean;sesame;small_green_onion;spinach;spring_napa;spring_radish;sweet_potato;wheat,ln_yield
onion,-5,2007,2008,2008,0.0371801158346288,25,autumn_napa;autumn_radish;barley;cabbage;carrot;corn;garlic;ginger;highland_napa;highland_radish;large_green_onion;leaf_lettuce;malting_barley;mung_bean;other_pulses;peanut;perilla;red_bean;sesame;small_green_onion;spinach;spring_napa;spring_radish;sweet_potato;wheat,ln_yield
sweet_potato,0,2013,2008,2008,-0.0619735292047905,22,autumn_napa;autumn_radish;barley;cabbage;carrot;ginger;highland_napa;highland_radish;large_green_onion;leaf_lettuce;malting_barley;mung_bean;other_pulses;peanut;perilla;red_bean;sesame;small_green_onion;spinach;spring_napa;spring_radish;wheat,ln_yield
sweet_potato,1,2014,2008,2008,-0.0732198695565444,22,autumn_napa;autumn_radish;barley;cabbage;carrot;ginger;highland_napa;highland_radish;large_green_onion;leaf_lettuce;malting_barley;mung_bean;other_pulses;peanut;perilla;red_bean;sesame;small_green_onion;spinach;spring_napa;spring_radish;wheat,ln_yield
sweet_potato,2,2015,2008,2008,-0.0473934804512105,22,autumn_napa;autumn_radish;barley;cabbage;carrot;ginger;highland_napa;highland_radish;large_green_onion;leaf_lettuce;malting_barley;mung_bean;other_pulses;peanut;perilla;red_bean;sesame;small_green_onion;spinach;spring_napa;spring_radish;wheat,ln_yield
sweet_potato,3,2016,2008,2008,-0.0672505538941339,22,autumn_napa;autumn_radish;barley;cabbage;carrot;ginger;highland_napa;highland_radish;large_green_onion;leaf_lettuce;malting_barley;mung_bean;other_pulses;peanut;perilla;red_bean;sesame;small_green_onion;spinach;spring_napa;spring_radish;wheat,ln_yield
sweet_potato,4,2017,2008,2008,-0.10964295057625,20,autumn_napa;autumn_radish;barley;carrot;ginger;highland_napa;highland_radish;large_green_onion;leaf_lettuce;malting_barley;mung_bean;other_pulses;peanut;perilla;red_bean;sesame;small_green_onion;spinach;spring_napa;spring_radish,ln_yield
sweet_potato,5,2018,2008,2008,-0.113600554993777,20,autumn_napa;autumn_radish;barley;carrot;ginger;highland_napa;highland_radish;large_green_onion;leaf_lettuce;malting_barley;mung_bean;other_pulses;peanut;perilla;red_bean;sesame;small_green_onion;spinach;spring_napa;spring_radish,ln_yield
sweet_potato,6,2019,2008,2008,-0.00958833590790746,15,autumn_napa;autumn_radish;barley;ginger;leaf_lettuce;malting_barley;mung_bean;other_pulses;peanut;perilla;red_bean;sesame;spinach;spring_napa;spring_radish,ln_yield
sweet_potato,7,2020,2008,2008,-0.0730444462368262,14,autumn_napa;autumn_radish;barley;ginger;leaf_lettuce;malting_barley;mung_bean;other_pulses;peanut;perilla;sesame;spinach;spring_napa;spring_radish,ln_yield
sweet_potato,8,2021,2008,2008,-0.145450180502294,11,autumn_napa;autumn_radish;ginger;leaf_lettuce;mung_bean;other_pulses;peanut;perilla;sesame;spring_napa;spring_radish,ln_yield
sweet_potato,9,2022,2008,2008,-0.133747680352465,10,autumn_radish;ginger;leaf_lettuce;mung_bean;other_pulses;peanut;perilla;sesame;spring_napa;spring_radish,ln_yield
sweet_potato,-12,2001,2008,2008,0.323221748415683,25,autumn_napa;autumn_radish;barley;cabbage;carrot;corn;garlic;ginger;highland_napa;highland_radish;large_green_onion;leaf_lettuce;malting_barley;mung_bean;onion;other_pulses;peanut;perilla;red_bean;sesame;small_green_onion;spinach;spring_napa;spring_radish;wheat,ln_yield
sweet_potato,-11,2002,2008,2008,0.336003045968811,25,autumn_napa;autumn_radish;barley;cabbage;carrot;corn;garlic;ginger;highland_napa;highland_radish;large_green_onion;leaf_lettuce;malting_barley;mung_bean;onion;other_pulses;peanut;perilla;red_bean;sesame;small_green_onion;spinach;spring_napa;spring_radish;wheat,ln_yield
sweet_potato,-10,2003,2008,2008,0.244408854188754,25,autumn_napa;autumn_radish;barley;cabbage;carrot;corn;garlic;ginger;highland_napa;highland_radish;large_green_onion;leaf_lettuce;malting_barley;mung_bean;onion;other_pulses;peanut;perilla;red_bean;sesame;small_green_onion;spinach;spring_napa;spring_radish;wheat,ln_yield
sweet_potato,-9,2004,2008,2008,0.258632157737905,25,autumn_napa;autumn_radish;barley;cabbage;carrot;corn;garlic;ginger;highland_napa;highland_radish;large_green_onion;leaf_lettuce;malting_barley;mung_bean;onion;other_pulses;peanut;perilla;red_bean;sesame;small_green_onion;spinach;spring_napa;spring_radish;wheat,ln_yield
sweet_potato,-8,2005,2008,2008,0.00929018990076145,25,autumn_napa;autumn_radish;barley;cabbage;carrot;corn;garlic;ginger;highland_napa;highland_radish;large_green_onion;leaf_lettuce;malting_barley;mung_bean;onion;other_pulses;peanut;perilla;red_bean;sesame;small_green_onion;spinach;spring_napa;spring_radish;wheat,ln_yield
sweet_potato,-7,2006,2008,2008,0.0667700694056886,25,autumn_napa;autumn_radish;barley;cabbage;carrot;corn;garlic;ginger;highland_napa;highland_radish;large_green_onion;leaf_lettuce;malting_barley;mung_bean;onion;other_pulses;peanut;perilla;red_bean;sesame;small_green_onion;spinach;spring_napa;spring_radish;wheat,ln_yield
sweet_potato,-6,2007,2008,2008,0.00596370603648566,25,autumn_napa;autumn_radish;barley;cabbage;carrot;corn;garlic;ginger;highland_napa;highland_radish;large_green_onion;leaf_lettuce;malting_barley;mung_bean;onion;other_pulses;peanut;perilla;red_bean;sesame;small_green_onion;spinach;spring_napa;spring_radish;wheat,ln_yield
corn,0,2013,2008,2008,0.0717656692131239,22,autumn_napa;autumn_radish;barley;cabbage;carrot;ginger;highland_napa;highland_radish;large_green_onion;leaf_lettuce;malting_barley;mung_bean;other_pulses;peanut;perilla;red_bean;sesame;small_green_onion;spinach;spring_napa;spring_radish;wheat,ln_yield
corn,1,2014,2008,2008,0.0276234272183592,22,autumn_napa;autumn_radish;barley;cabbage;carrot;ginger;highland_napa;highland_radish;large_green_onion;leaf_lettuce;malting_barley;mung_bean;other_pulses;peanut;perilla;red_bean;sesame;small_green_onion;spinach;spring_napa;spring_radish;wheat,ln_yield
corn,2,2015,2008,2008,0.0689356597033045,22,autumn_napa;autumn_radish;barley;cabbage;carrot;ginger;highland_napa;highland_radish;large_green_onion;leaf_lettuce;malting_barley;mung_bean;other_pulses;peanut;perilla;red_bean;sesame;small_green_onion;spinach;spring_napa;spring_radish;wheat,ln_yield
corn,3,2016,2008,2008,0.0308622171518421,22,autumn_napa;autumn_radish;barley;cabbage;carrot;ginger;highland_napa;highland_radish;large_green_onion;leaf_lettuce;malting_barley;mung_bean;other_pulses;peanut;perilla;red_bean;sesame;small_green_onion;spinach;spring_napa;spring_radish;wheat,ln_yield
corn,4,2017,2008,2008,-0.0345533817704734,20,autumn_napa;autumn_radish;barley;carrot;ginger;highland_napa;highland_radish;large_green_onion;leaf_lettuce;malting_barley;mung_bean;other_pulses;peanut;perilla;red_bean;sesame;small_green_onion;spinach;spring_napa;spring_radish,ln_yield
corn,5,2018,2008,2008,0.0345398597401615,20,autumn_napa;autumn_radish;barley;carrot;ginger;highland_napa;highland_radish;large_green_onion;leaf_lettuce;malting_barley;mung_bean;other_pulses;peanut;perilla;red_bean;sesame;small_green_onion;spinach;spring_napa;spring_radish,ln_yield
corn,6,2019,2008,2008,0.0163802253274918,15,autumn_napa;autumn_radish;barley;ginger;leaf_lettuce;malting_barley;mung_bean;other_pulses;peanut;perilla;red_bean;sesame;spinach;spring_napa;spring_radish,ln_yield
corn,7,2020,2008,2008,0.210531520593013,14,autumn_napa;autumn_radish;barley;ginger;leaf_lettuce;malting_barley;mung_bean;other_pulses;peanut;perilla;sesame;spinach;spring_napa;spring_radish,ln_yield
corn,8,2021,2008,2008,0.128122123682987,11,autumn_napa;autumn_radish;ginger;leaf_lettuce;mung_bean;other_pulses;peanut;perilla;sesame;spring_napa;spring_radish,ln_yield
corn,9,2022,2008,2008,0.0891973301358833,10,autumn_radish;ginger;leaf_lettuce;mung_bean;other_pulses;peanut;perilla;sesame;spring_napa;spring_radish,ln_yield
corn,-12,2001,2008,2008,-0.158497185981614,25,autumn_napa;autumn_radish;barley;cabbage;carrot;garlic;ginger;highland_napa;highland_radish;large_green_onion;leaf_lettuce;malting_barley;mung_bean;onion;other_pulses;peanut;perilla;red_bean;sesame;small_green_onion;spinach;spring_napa;spring_radish;sweet_potato;wheat,ln_yield
corn,-11,2002,2008,2008,-0.099256562428228,25,autumn_napa;autumn_radish;barley;cabbage;carrot;garlic;ginger;highland_napa;highland_radish;large_green_onion;leaf_lettuce;malting_barley;mung_bean;onion;other_pulses;peanut;perilla;red_bean;sesame;small_green_onion;spinach;spring_napa;spring_radish;sweet_potato;wheat,ln_yield
corn,-10,2003,2008,2008,-0.081101840397502,25,autumn_napa;autumn_radish;barley;cabbage;carrot;garlic;ginger;highland_napa;highland_radish;large_green_onion;leaf_lettuce;malting_barley;mung_bean;onion;other_pulses;peanut;perilla;red_bean;sesame;small_green_onion;spinach;spring_napa;spring_radish;sweet_potato;wheat,ln_yield
corn,-9,2004,2008,2008,-0.134390190158052,25,autumn_napa;autumn_radish;barley;cabbage;carrot;garlic;ginger;highland_napa;highland_radish;large_green_onion;leaf_lettuce;malting_barley;mung_bean;onion;other_pulses;peanut;perilla;red_bean;sesame;small_green_onion;spinach;spring_napa;spring_radish;sweet_potato;wheat,ln_yield
corn,-8,2005,2008,2008,-0.00497008586930704,25,autumn_napa;autumn_radish;barley;cabbage;carrot;garlic;ginger;highland_napa;highland_radish;large_green_onion;leaf_lettuce;malting_barley;mung_bean;onion;other_pulses;peanut;perilla;red_bean;sesame;small_green_onion;spinach;spring_napa;spring_radish;sweet_potato;wheat,ln_yield
corn,-7,2006,2008,2008,-0.0147389095746577,25,autumn_napa;autumn_radish;barley;cabbage;carrot;garlic;ginger;highland_napa;highland_radish;large_green_onion;leaf_lettuce;malting_barley;mung_bean;onion;other_pulses;peanut;perilla;red_bean;sesame;small_green_onion;spinach;spring_napa;spring_radish;sweet_potato;wheat,ln_yield
corn,-6,2007,2008,2008,-0.00693357946666033,25,autumn_napa;autumn_radish;barley;cabbage;carrot;garlic;ginger;highland_napa;highland_radish;large_green_onion;leaf_lettuce;malting_barley;mung_bean;onion;other_pulses;peanut;perilla;red_bean;sesame;small_green_onion;spinach;spring_napa;spring_radish;sweet_potato;wheat,ln_yield
garlic,0,2013,2009,2009,0.0780097569167706,22,autumn_napa;autumn_radish;barley;cabbage;carrot;ginger;highland_napa;highland_radish;large_green_onion;leaf_lettuce;malting_barley;mung_bean;other_pulses;peanut;perilla;red_bean;sesame;small_green_onion;spinach;spring_napa;spring_radish;wheat,ln_yield
garlic,1,2014,2009,2009,0.0154265674485888,22,autumn_napa;autumn_radish;barley;cabbage;carrot;ginger;highland_napa;highland_radish;large_green_onion;leaf_lettuce;malting_barley;mung_bean;other_pulses;peanut;perilla;red_bean;sesame;small_green_onion;spinach;spring_napa;spring_radish;wheat,ln_yield
garlic,2,2015,2009,2009,-0.0175814737745053,22,autumn_napa;autumn_radish;barley;cabbage;carrot;ginger;highland_napa;highland_radish;large_green_onion;leaf_lettuce;malting_barley;mung_bean;other_pulses;peanut;perilla;red_bean;sesame;small_green_onion;spinach;spring_napa;spring_radish;wheat,ln_yield
garlic,3,2016,2009,2009,0.0230095569750597,22,autumn_napa;autumn_radish;barley;cabbage;carrot;ginger;highland_napa;highland_radish;large_green_onion;leaf_lettuce;malting_barley;mung_bean;other_pulses;peanut;perilla;red_bean;sesame;small_green_onion;spinach;spring_napa;spring_radish;wheat,ln_yield
garlic,4,2017,2009,2009,-0.118903549705157,20,autumn_napa;autumn_radish;barley;carrot;ginger;highland_napa;highland_radish;large_green_onion;leaf_lettuce;malting_barley;mung_bean;other_pulses;peanut;perilla;red_bean;sesame;small_green_onion;spinach;spring_napa;spring_radish,ln_yield
garlic,5,2018,2009,2009,-0.136989824085204,20,autumn_napa;autumn_radish;barley;carrot;ginger;highland_napa;highland_radish;large_green_onion;leaf_lettuce;malting_barley;mung_bean;other_pulses;peanut;perilla;red_bean;sesame;small_green_onion;spinach;spring_napa;spring_radish,ln_yield
garlic,6,2019,2009,2009,0.0026545355456029,15,autumn_napa;autumn_radish;barley;ginger;leaf_lettuce;malting_barley;mung_bean;other_pulses;peanut;perilla;red_bean;sesame;spinach;spring_napa;spring_radish,ln_yield
garlic,7,2020,2009,2009,0.0824492938574381,14,autumn_napa;autumn_radish;barley;ginger;leaf_lettuce;malting_barley;mung_bean;other_pulses;peanut;perilla;sesame;spinach;spring_napa;spring_radish,ln_yield
garlic,8,2021,2009,2009,-0.0271927785896773,11,autumn_napa;autumn_radish;ginger;leaf_lettuce;mung_bean;other_pulses;peanut;perilla;sesame;spring_napa;spring_radish,ln_yield
garlic,9,2022,2009,2009,-0.215787695697194,10,autumn_radish;ginger;leaf_lettuce;mung_bean;other_pulses;peanut;perilla;sesame;spring_napa;spring_radish,ln_yield
garlic,-12,2001,2009,2009,-0.170062642012025,22,autumn_napa;autumn_radish;barley;cabbage;carrot;ginger;highland_napa;highland_radish;large_green_onion;leaf_lettuce;malting_barley;mung_bean;other_pulses;peanut;perilla;red_bean;sesame;small_green_onion;spinach;spring_napa;spring_radish;wheat,ln_yield
garlic,-11,2002,2009,2009,-0.064643414190119,22,autumn_napa;autumn_radish;barley;cabbage;carrot;ginger;highland_napa;highland_radish;large_green_onion;leaf_lettuce;malting_barley;mung_bean;other_pulses;peanut;perilla;red_bean;sesame;small_green_onion;spinach;spring_napa;spring_radish;wheat,ln_yield
garlic,-10,2003,2009,2009,-0.0705089128660985,22,autumn_napa;autumn_radish;barley;cabbage;carrot;ginger;highland_napa;highland_radish;large_green_onion;leaf_lettuce;malting_barley;mung_bean;other_pulses;peanut;perilla;red_bean;sesame;small_green_onion;spinach;spring_napa;spring_radish;wheat,ln_yield
garlic,-9,2004,2009,2009,-0.122895973999114,22,autumn_napa;autumn_radish;barley;cabbage;carrot;ginger;highland_napa;highland_radish;large_green_onion;leaf_lettuce;malting_barley;mung_bean;other_pulses;peanut;perilla;red_bean;sesame;small_green_onion;spinach;spring_napa;spring_radish;wheat,ln_yield
garlic,-8,2005,2009,2009,-0.134107445445451,22,autumn_napa;autumn_radish;barley;cabbage;carrot;ginger;highland_napa;highland_radish;large_green_onion;leaf_lettuce;malting_barley;mung_bean;other_pulses;peanut;perilla;red_bean;sesame;small_green_onion;spinach;spring_napa;spring_radish;wheat,ln_yield
garlic,-7,2006,2009,2009,-0.138288846801497,22,autumn_napa;autumn_radish;barley;cabbage;carrot;ginger;highland_napa;highland_radish;large_green_onion;leaf_lettuce;malting_barley;mung_bean;other_pulses;peanut;perilla;red_bean;sesame;small_green_onion;spinach;spring_napa;spring_radish;wheat,ln_yield
garlic,-6,2007,2009,2009,-0.0577572186342461,22,autumn_napa;autumn_radish;barley;cabbage;carrot;ginger;highland_napa;highland_radish;large_green_onion;leaf_lettuce;malting_barley;mung_bean;other_pulses;peanut;perilla;red_bean;sesame;small_green_onion;spinach;spring_napa;spring_radish;wheat,ln_yield
garlic,-5,2008,2009,2009,-0.0528389969323424,22,autumn_napa;autumn_radish;barley;cabbage;carrot;ginger;highland_napa;highland_radish;large_green_onion;leaf_lettuce;malting_barley;mung_bean;other_pulses;peanut;perilla;red_bean;sesame;small_green_onion;spinach;spring_napa;spring_radish;wheat,ln_yield
spring_potato,0,2013,2007,2007,0.0144141401096616,22,autumn_napa;autumn_radish;barley;cabbage;carrot;ginger;highland_napa;highland_radish;large_green_onion;leaf_lettuce;malting_barley;mung_bean;other_pulses;peanut;perilla;red_bean;sesame;small_green_onion;spinach;spring_napa;spring_radish;wheat,ln_yield
spring_potato,1,2014,2007,2007,-0.0349644977587375,22,autumn_napa;autumn_radish;barley;cabbage;carrot;ginger;highland_napa;highland_radish;large_green_onion;leaf_lettuce;malting_barley;mung_bean;other_pulses;peanut;perilla;red_bean;sesame;small_green_onion;spinach;spring_napa;spring_radish;wheat,ln_yield
spring_potato,2,2015,2007,2007,-0.0710198061320399,22,autumn_napa;autumn_radish;barley;cabbage;carrot;ginger;highland_napa;highland_radish;large_green_onion;leaf_lettuce;malting_barley;mung_bean;other_pulses;peanut;perilla;red_bean;sesame;small_green_onion;spinach;spring_napa;spring_radish;wheat,ln_yield
spring_potato,3,2016,2007,2007,-0.037679038897386,22,autumn_napa;autumn_radish;barley;cabbage;carrot;ginger;highland_napa;highland_radish;large_green_onion;leaf_lettuce;malting_barley;mung_bean;other_pulses;peanut;perilla;red_bean;sesame;small_green_onion;spinach;spring_napa;spring_radish;wheat,ln_yield
spring_potato,4,2017,2007,2007,-0.278344209346987,20,autumn_napa;autumn_radish;barley;carrot;ginger;highland_napa;highland_radish;large_green_onion;leaf_lettuce;malting_barley;mung_bean;other_pulses;peanut;perilla;red_bean;sesame;small_green_onion;spinach;spring_napa;spring_radish,ln_yield
spring_potato,5,2018,2007,2007,-0.130334007622106,20,autumn_napa;autumn_radish;barley;carrot;ginger;highland_napa;highland_radish;large_green_onion;leaf_lettuce;malting_barley;mung_bean;other_pulses;peanut;perilla;red_bean;sesame;small_green_onion;spinach;spring_napa;spring_radish,ln_yield
spring_potato,6,2019,2007,2007,-0.128657089924285,15,autumn_napa;autumn_radish;barley;ginger;leaf_lettuce;malting_barley;mung_bean;other_pulses;peanut;perilla;red_bean;sesame;spinach;spring_napa;spring_radish,ln_yield
spring_potato,7,2020,2007,2007,-0.177013962784548,14,autumn_napa;autumn_radish;barley;ginger;leaf_lettuce;malting_barley;mung_bean;other_pulses;peanut;perilla;sesame;spinach;spring_napa;spring_radish,ln_yield
spring_potato,8,2021,2007,2007,-0.12708094382002,11,autumn_napa;autumn_radish;ginger;leaf_lettuce;mung_bean;other_pulses;peanut;perilla;sesame;spring_napa;spring_radish,ln_yield
spring_potato,9,2022,2007,2007,-0.294578129461056,10,autumn_radish;ginger;leaf_lettuce;mung_bean;other_pulses;peanut;perilla;sesame;spring_napa;spring_radish,ln_yield
spring_potato,-12,2001,2007,2007,-0.168925715861653,28,autumn_napa;autumn_radish;barley;cabbage;carrot;corn;garlic;ginger;highland_napa;highland_radish;large_green_onion;leaf_lettuce;malting_barley;mung_bean;onion;other_pulses;peanut;perilla;red_bean;red_pepper;sesame;small_green_onion;soybean;spinach;spring_napa;spring_radish;sweet_potato;wheat,ln_yield
spring_potato,-11,2002,2007,2007,-0.0225810580836666,28,autumn_napa;autumn_radish;barley;cabbage;carrot;corn;garlic;ginger;highland_napa;highland_radish;large_green_onion;leaf_lettuce;malting_barley;mung_bean;onion;other_pulses;peanut;perilla;red_bean;red_pepper;sesame;small_green_onion;soybean;spinach;spring_napa;spring_radish;sweet_potato;wheat,ln_yield
spring_potato,-10,2003,2007,2007,-0.0386222944240386,28,autumn_napa;autumn_radish;barley;cabbage;carrot;corn;garlic;ginger;highland_napa;highland_radish;large_green_onion;leaf_lettuce;malting_barley;mung_bean;onion;other_pulses;peanut;perilla;red_bean;red_pepper;sesame;small_green_onion;soybean;spinach;spring_napa;spring_radish;sweet_potato;wheat,ln_yield
spring_potato,-9,2004,2007,2007,-0.0602626405680494,28,autumn_napa;autumn_radish;barley;cabbage;carrot;corn;garlic;ginger;highland_napa;highland_radish;large_green_onion;leaf_lettuce;malting_barley;mung_bean;onion;other_pulses;peanut;perilla;red_bean;red_pepper;sesame;small_green_onion;soybean;spinach;spring_napa;spring_radish;sweet_potato;wheat,ln_yield
spring_potato,-8,2005,2007,2007,-0.00281717484085091,28,autumn_napa;autumn_radish;barley;cabbage;carrot;corn;garlic;ginger;highland_napa;highland_radish;large_green_onion;leaf_lettuce;malting_barley;mung_bean;onion;other_pulses;peanut;perilla;red_bean;red_pepper;sesame;small_green_onion;soybean;spinach;spring_napa;spring_radish;sweet_potato;wheat,ln_yield
spring_potato,-7,2006,2007,2007,0.0278883731644836,28,autumn_napa;autumn_radish;barley;cabbage;carrot;corn;garlic;ginger;highland_napa;highland_radish;large_green_onion;leaf_lettuce;malting_barley;mung_bean;onion;other_pulses;peanut;perilla;red_bean;red_pepper;sesame;small_green_onion;soybean;spinach;spring_napa;spring_radish;sweet_potato;wheat,ln_yield
red_pepper,0,2015,2007,2007,0.00629403192893919,22,autumn_napa;autumn_radish;barley;cabbage;carrot;ginger;highland_napa;highland_radish;large_green_onion;leaf_lettuce;malting_barley;mung_bean;other_pulses;peanut;perilla;red_bean;sesame;small_green_onion;spinach;spring_napa;spring_radish;wheat,ln_yield
red_pepper,1,2016,2007,2007,-0.0453628977285452,22,autumn_napa;autumn_radish;barley;cabbage;carrot;ginger;highland_napa;highland_radish;large_green_onion;leaf_lettuce;malting_barley;mung_bean;other_pulses;peanut;perilla;red_bean;sesame;small_green_onion;spinach;spring_napa;spring_radish;wheat,ln_yield
red_pepper,2,2017,2007,2007,-0.405217181028725,20,autumn_napa;autumn_radish;barley;carrot;ginger;highland_napa;highland_radish;large_green_onion;leaf_lettuce;malting_barley;mung_bean;other_pulses;peanut;perilla;red_bean;sesame;small_green_onion;spinach;spring_napa;spring_radish,ln_yield
red_pepper,3,2018,2007,2007,-0.148203601870941,20,autumn_napa;autumn_radish;barley;carrot;ginger;highland_napa;highland_radish;large_green_onion;leaf_lettuce;malting_barley;mung_bean;other_pulses;peanut;perilla;red_bean;sesame;small_green_onion;spinach;spring_napa;spring_radish,ln_yield
red_pepper,4,2019,2007,2007,-0.200192160925652,15,autumn_napa;autumn_radish;barley;ginger;leaf_lettuce;malting_barley;mung_bean;other_pulses;peanut;perilla;red_bean;sesame;spinach;spring_napa;spring_radish,ln_yield
red_pepper,5,2020,2007,2007,-0.390859345326505,14,autumn_napa;autumn_radish;barley;ginger;leaf_lettuce;malting_barley;mung_bean;other_pulses;peanut;perilla;sesame;spinach;spring_napa;spring_radish,ln_yield
red_pepper,6,2021,2007,2007,-0.120104559644346,11,autumn_napa;autumn_radish;ginger;leaf_lettuce;mung_bean;other_pulses;peanut;perilla;sesame;spring_napa;spring_radish,ln_yield
red_pepper,7,2022,2007,2007,-0.336187790946072,10,autumn_radish;ginger;leaf_lettuce;mung_bean;other_pulses;peanut;perilla;sesame;spring_napa;spring_radish,ln_yield
red_pepper,8,2023,2007,2007,-0.301251341419945,10,autumn_radish;ginger;leaf_lettuce;mung_bean;other_pulses;peanut;perilla;sesame;spring_napa;spring_radish,ln_yield
red_pepper,9,2024,2007,2007,-0.197719960682652,8,ginger;leaf_lettuce;mung_bean;other_pulses;peanut;perilla;sesame;spring_radish,ln_yield
red_pepper,-12,2003,2007,2007,-0.135555557324209,28,autumn_napa;autumn_radish;barley;cabbage;carrot;corn;garlic;ginger;highland_napa;highland_radish;large_green_onion;leaf_lettuce;malting_barley;mung_bean;onion;other_pulses;peanut;perilla;red_bean;sesame;small_green_onion;soybean;spinach;spring_napa;spring_potato;spring_radish;sweet_potato;wheat,ln_yield
red_pepper,-11,2004,2007,2007,-0.13634979247532,28,autumn_napa;autumn_radish;barley;cabbage;carrot;corn;garlic;ginger;highland_napa;highland_radish;large_green_onion;leaf_lettuce;malting_barley;mung_bean;onion;other_pulses;peanut;perilla;red_bean;sesame;small_green_onion;soybean;spinach;spring_napa;spring_potato;spring_radish;sweet_potato;wheat,ln_yield
red_pepper,-10,2005,2007,2007,-0.0932691666501043,28,autumn_napa;autumn_radish;barley;cabbage;carrot;corn;garlic;ginger;highland_napa;highland_radish;large_green_onion;leaf_lettuce;malting_barley;mung_bean;onion;other_pulses;peanut;perilla;red_bean;sesame;small_green_onion;soybean;spinach;spring_napa;spring_potato;spring_radish;sweet_potato;wheat,ln_yield
red_pepper,-9,2006,2007,2007,-0.25937522118277,28,autumn_napa;autumn_radish;barley;cabbage;carrot;corn;garlic;ginger;highland_napa;highland_radish;large_green_onion;leaf_lettuce;malting_barley;mung_bean;onion;other_pulses;peanut;perilla;red_bean;sesame;small_green_onion;soybean;spinach;spring_napa;spring_potato;spring_radish;sweet_potato;wheat,ln_yield
soybean,0,2012,2007,2007,0.238407253290537,22,autumn_napa;autumn_radish;barley;cabbage;carrot;ginger;highland_napa;highland_radish;large_green_onion;leaf_lettuce;malting_barley;mung_bean;other_pulses;peanut;perilla;red_bean;sesame;small_green_onion;spinach;spring_napa;spring_radish;wheat,ln_production
soybean,1,2013,2007,2007,0.372685827021585,22,autumn_napa;autumn_radish;barley;cabbage;carrot;ginger;highland_napa;highland_radish;large_green_onion;leaf_lettuce;malting_barley;mung_bean;other_pulses;peanut;perilla;red_bean;sesame;small_green_onion;spinach;spring_napa;spring_radish;wheat,ln_production
soybean,2,2014,2007,2007,0.23587512329073,22,autumn_napa;autumn_radish;barley;cabbage;carrot;ginger;highland_napa;highland_radish;large_green_onion;leaf_lettuce;malting_barley;mung_bean;other_pulses;peanut;perilla;red_bean;sesame;small_green_onion;spinach;spring_napa;spring_radish;wheat,ln_production
soybean,3,2015,2007,2007,-0.00527601758733122,22,autumn_napa;autumn_radish;barley;cabbage;carrot;ginger;highland_napa;highland_radish;large_green_onion;leaf_lettuce;malting_barley;mung_bean;other_pulses;peanut;perilla;red_bean;sesame;small_green_onion;spinach;spring_napa;spring_radish;wheat,ln_production
soybean,4,2016,2007,2007,-0.306548546645608,22,autumn_napa;autumn_radish;barley;cabbage;carrot;ginger;highland_napa;highland_radish;large_green_onion;leaf_lettuce;malting_barley;mung_bean;other_pulses;peanut;perilla;red_bean;sesame;small_green_onion;spinach;spring_napa;spring_radish;wheat,ln_production
soybean,5,2017,2007,2007,-0.178807203524426,20,autumn_napa;autumn_radish;barley;carrot;ginger;highland_napa;highland_radish;large_green_onion;leaf_lettuce;malting_barley;mung_bean;other_pulses;peanut;perilla;red_bean;sesame;small_green_onion;spinach;spring_napa;spring_radish,ln_production
soybean,6,2018,2007,2007,-0.106737625615427,20,autumn_napa;autumn_radish;barley;carrot;ginger;highland_napa;highland_radish;large_green_onion;leaf_lettuce;malting_barley;mung_bean;other_pulses;peanut;perilla;red_bean;sesame;small_green_onion;spinach;spring_napa;spring_radish,ln_production
soybean,7,2019,2007,2007,0.10059164534584,15,autumn_napa;autumn_radish;barley;ginger;leaf_lettuce;malting_barley;mung_bean;other_pulses;peanut;perilla;red_bean;sesame;spinach;spring_napa;spring_radish,ln_production
soybean,8,2020,2007,2007,-0.0590420246940541,14,autumn_napa;autumn_radish;barley;ginger;leaf_lettuce;malting_barley;mung_bean;other_pulses;peanut;perilla;sesame;spinach;spring_napa;spring_radish,ln_production
soybean,9,2021,2007,2007,0.100922229992324,11,autumn_napa;autumn_radish;ginger;leaf_lettuce;mung_bean;other_pulses;peanut;perilla;sesame;spring_napa;spring_radish,ln_production
soybean,-12,2000,2007,2007,-0.150298457043864,28,autumn_napa;autumn_radish;barley;cabbage;carrot;corn;garlic;ginger;highland_napa;highland_radish;large_green_onion;leaf_lettuce;malting_barley;mung_bean;onion;other_pulses;peanut;perilla;red_bean;red_pepper;sesame;small_green_onion;spinach;spring_napa;spring_potato;spring_radish;sweet_potato;wheat,ln_production
soybean,-11,2001,2007,2007,-0.149383222336294,28,autumn_napa;autumn_radish;barley;cabbage;carrot;corn;garlic;ginger;highland_napa;highland_radish;large_green_onion;leaf_lettuce;malting_barley;mung_bean;onion;other_pulses;peanut;perilla;red_bean;red_pepper;sesame;small_green_onion;spinach;spring_napa;spring_potato;spring_radish;sweet_potato;wheat,ln_production
soybean,-10,2002,2007,2007,-0.118632008021747,28,autumn_napa;autumn_radish;barley;cabbage;carrot;corn;garlic;ginger;highland_napa;highland_radish;large_green_onion;leaf_lettuce;malting_barley;mung_bean;onion;other_pulses;peanut;perilla;red_bean;red_pepper;sesame;small_green_onion;spinach;spring_napa;spring_potato;spring_radish;sweet_potato;wheat,ln_production
soybean,-9,2003,2007,2007,-0.101161803193309,28,autumn_napa;autumn_radish;barley;cabbage;carrot;corn;garlic;ginger;highland_napa;highland_radish;large_green_onion;leaf_lettuce;malting_barley;mung_bean;onion;other_pulses;peanut;perilla;red_bean;red_pepper;sesame;small_green_onion;spinach;spring_napa;spring_potato;spring_radish;sweet_potato;wheat,ln_production
soybean,-8,2004,2007,2007,0.0992682885357004,28,autumn_napa;autumn_radish;barley;cabbage;carrot;corn;garlic;ginger;highland_napa;highland_radish;large_green_onion;leaf_lettuce;malting_barley;mung_bean;onion;other_pulses;peanut;perilla;red_bean;red_pepper;sesame;small_green_onion;spinach;spring_napa;spring_potato;spring_radish;sweet_potato;wheat,ln_production
soybean,-7,2005,2007,2007,0.437777622688812,28,autumn_napa;autumn_radish;barley;cabbage;carrot;corn;garlic;ginger;highland_napa;highland_radish;large_green_onion;leaf_lettuce;malting_barley;mung_bean;onion;other_pulses;peanut;perilla;red_bean;red_pepper;sesame;small_green_onion;spinach;spring_napa;spring_potato;spring_radish;sweet_potato;wheat,ln_production
soybean,-6,2006,2007,2007,0.32640923317398,28,autumn_napa;autumn_radish;barley;cabbage;carrot;corn;garlic;ginger;highland_napa;highland_radish;large_green_onion;leaf_lettuce;malting_barley;mung_bean;onion;other_pulses;peanut;perilla;red_bean;red_pepper;sesame;small_green_onion;spinach;spring_napa;spring_potato;spring_radish;sweet_potato;wheat,ln_production
onion,0,2012,2008,2008,0.343085774530651,22,autumn_napa;autumn_radish;barley;cabbage;carrot;ginger;highland_napa;highland_radish;large_green_onion;leaf_lettuce;malting_barley;mung_bean;other_pulses;peanut;perilla;red_bean;sesame;small_green_onion;spinach;spring_napa;spring_radish;wheat,ln_production
onion,1,2013,2008,2008,0.327225443311727,22,autumn_napa;autumn_radish;barley;cabbage;carrot;ginger;highland_napa;highland_radish;large_green_onion;leaf_lettuce;malting_barley;mung_bean;other_pulses;peanut;perilla;red_bean;sesame;small_green_onion;spinach;spring_napa;spring_radish;wheat,ln_production
onion,2,2014,2008,2008,0.497370959940574,22,autumn_napa;autumn_radish;barley;cabbage;carrot;ginger;highland_napa;highland_radish;large_green_onion;leaf_lettuce;malting_barley;mung_bean;other_pulses;peanut;perilla;red_bean;sesame;small_green_onion;spinach;spring_napa;spring_radish;wheat,ln_production
onion,3,2015,2008,2008,0.179074618642889,22,autumn_napa;autumn_radish;barley;cabbage;carrot;ginger;highland_napa;highland_radish;large_green_onion;leaf_lettuce;malting_barley;mung_bean;other_pulses;peanut;perilla;red_bean;sesame;small_green_onion;spinach;spring_napa;spring_radish;wheat,ln_production
onion,4,2016,2008,2008,0.365591085676412,22,autumn_napa;autumn_radish;barley;cabbage;carrot;ginger;highland_napa;highland_radish;large_green_onion;leaf_lettuce;malting_barley;mung_bean;other_pulses;peanut;perilla;red_bean;sesame;small_green_onion;spinach;spring_napa;spring_radish;wheat,ln_production
onion,5,2017,2008,2008,0.2265559438227,20,autumn_napa;autumn_radish;barley;carrot;ginger;highland_napa;highland_radish;large_green_onion;leaf_lettuce;malting_barley;mung_bean;other_pulses;peanut;perilla;red_bean;sesame;small_green_onion;spinach;spring_napa;spring_radish,ln_production
onion,6,2018,2008,2008,0.539978140173968,20,autumn_napa;autumn_radish;barley;carrot;ginger;highland_napa;highland_radish;large_green_onion;leaf_lettuce;malting_barley;mung_bean;other_pulses;peanut;perilla;red_bean;sesame;small_green_onion;spinach;spring_napa;spring_radish,ln_production
onion,7,2019,2008,2008,0.621809056861324,15,autumn_napa;autumn_radish;barley;ginger;leaf_lettuce;malting_barley;mung_bean;other_pulses;peanut;perilla;red_bean;sesame;spinach;spring_napa;spring_radish,ln_production
onion,8,2020,2008,2008,0.407963932318123,14,autumn_napa;autumn_radish;barley;ginger;leaf_lettuce;malting_barley;mung_bean;other_pulses;peanut;perilla;sesame;spinach;spring_napa;spring_radish,ln_production
onion,9,2021,2008,2008,0.546859204871411,11,autumn_napa;autumn_radish;ginger;leaf_lettuce;mung_bean;other_pulses;peanut;perilla;sesame;spring_napa;spring_radish,ln_production
onion,-12,2000,2008,2008,-0.28963038306656,25,autumn_napa;autumn_radish;barley;cabbage;carrot;corn;garlic;ginger;highland_napa;highland_radish;large_green_onion;leaf_lettuce;malting_barley;mung_bean;other_pulses;peanut;perilla;red_bean;sesame;small_green_onion;spinach;spring_napa;spring_radish;sweet_potato;wheat,ln_production
onion,-11,2001,2008,2008,-0.136655108533283,25,autumn_napa;autumn_radish;barley;cabbage;carrot;corn;garlic;ginger;highland_napa;highland_radish;large_green_onion;leaf_lettuce;malting_barley;mung_bean;other_pulses;peanut;perilla;red_bean;sesame;small_green_onion;spinach;spring_napa;spring_radish;sweet_potato;wheat,ln_production
onion,-10,2002,2008,2008,-0.213751964707669,25,autumn_napa;autumn_radish;barley;cabbage;carrot;corn;garlic;ginger;highland_napa;highland_radish;large_green_onion;leaf_lettuce;malting_barley;mung_bean;other_pulses;peanut;perilla;red_bean;sesame;small_green_onion;spinach;spring_napa;spring_radish;sweet_potato;wheat,ln_production
onion,-9,2003,2008,2008,-0.352046326824992,25,autumn_napa;autumn_radish;barley;cabbage;carrot;corn;garlic;ginger;highland_napa;highland_radish;large_green_onion;leaf_lettuce;malting_barley;mung_bean;other_pulses;peanut;perilla;red_bean;sesame;small_green_onion;spinach;spring_napa;spring_radish;sweet_potato;wheat,ln_production
onion,-8,2004,2008,2008,-0.170918901737415,25,autumn_napa;autumn_radish;barley;cabbage;carrot;corn;garlic;ginger;highland_napa;highland_radish;large_green_onion;leaf_lettuce;malting_barley;mung_bean;other_pulses;peanut;perilla;red_bean;sesame;small_green_onion;spinach;spring_napa;spring_radish;sweet_potato;wheat,ln_production
onion,-7,2005,2008,2008,-0.00963466354113997,25,autumn_napa;autumn_radish;barley;cabbage;carrot;corn;garlic;ginger;highland_napa;highland_radish;large_green_onion;leaf_lettuce;malting_barley;mung_bean;other_pulses;peanut;perilla;red_bean;sesame;small_green_onion;spinach;spring_napa;spring_radish;sweet_potato;wheat,ln_production
onion,-6,2006,2008,2008,-0.126168570408863,25,autumn_napa;autumn_radish;barley;cabbage;carrot;corn;garlic;ginger;highland_napa;highland_radish;large_green_onion;leaf_lettuce;malting_barley;mung_bean;other_pulses;peanut;perilla;red_bean;sesame;small_green_onion;spinach;spring_napa;spring_radish;sweet_potato;wheat,ln_production
onion,-5,2007,2008,2008,0.190235521373873,25,autumn_napa;autumn_radish;barley;cabbage;carrot;corn;garlic;ginger;highland_napa;highland_radish;large_green_onion;leaf_lettuce;malting_barley;mung_bean;other_pulses;peanut;perilla;red_bean;sesame;small_green_onion;spinach;spring_napa;spring_radish;sweet_potato;wheat,ln_production
sweet_potato,0,2013,2008,2008,0.104455712246537,22,autumn_napa;autumn_radish;barley;cabbage;carrot;ginger;highland_napa;highland_radish;large_green_onion;leaf_lettuce;malting_barley;mung_bean;other_pulses;peanut;perilla;red_bean;sesame;small_green_onion;spinach;spring_napa;spring_radish;wheat,ln_production
sweet_potato,1,2014,2008,2008,0.0457867342573312,22,autumn_napa;autumn_radish;barley;cabbage;carrot;ginger;highland_napa;highland_radish;large_green_onion;leaf_lettuce;malting_barley;mung_bean;other_pulses;peanut;perilla;red_bean;sesame;small_green_onion;spinach;spring_napa;spring_radish;wheat,ln_production
sweet_potato,2,2015,2008,2008,0.0124514503114256,22,autumn_napa;autumn_radish;barley;cabbage;carrot;ginger;highland_napa;highland_radish;large_green_onion;leaf_lettuce;malting_barley;mung_bean;other_pulses;peanut;perilla;red_bean;sesame;small_green_onion;spinach;spring_napa;spring_radish;wheat,ln_production
sweet_potato,3,2016,2008,2008,0.174082406629916,22,autumn_napa;autumn_radish;barley;cabbage;carrot;ginger;highland_napa;highland_radish;large_green_onion;leaf_lettuce;malting_barley;mung_bean;other_pulses;peanut;perilla;red_bean;sesame;small_green_onion;spinach;spring_napa;spring_radish;wheat,ln_production
sweet_potato,4,2017,2008,2008,0.112647268451165,20,autumn_napa;autumn_radish;barley;carrot;ginger;highland_napa;highland_radish;large_green_onion;leaf_lettuce;malting_barley;mung_bean;other_pulses;peanut;perilla;red_bean;sesame;small_green_onion;spinach;spring_napa;spring_radish,ln_production
sweet_potato,5,2018,2008,2008,0.079289387079813,20,autumn_napa;autumn_radish;barley;carrot;ginger;highland_napa;highland_radish;large_green_onion;leaf_lettuce;malting_barley;mung_bean;other_pulses;peanut;perilla;red_bean;sesame;small_green_onion;spinach;spring_napa;spring_radish,ln_production
sweet_potato,6,2019,2008,2008,0.301593904422602,15,autumn_napa;autumn_radish;barley;ginger;leaf_lettuce;malting_barley;mung_bean;other_pulses;peanut;perilla;red_bean;sesame;spinach;spring_napa;spring_radish,ln_production
sweet_potato,7,2020,2008,2008,0.288698862165656,14,autumn_napa;autumn_radish;barley;ginger;leaf_lettuce;malting_barley;mung_bean;other_pulses;peanut;perilla;sesame;spinach;spring_napa;spring_radish,ln_production
sweet_potato,8,2021,2008,2008,0.183662739373465,11,autumn_napa;autumn_radish;ginger;leaf_lettuce;mung_bean;other_pulses;peanut;perilla;sesame;spring_napa;spring_radish,ln_production
sweet_potato,9,2022,2008,2008,0.0708534333737913,10,autumn_radish;ginger;leaf_lettuce;mung_bean;other_pulses;peanut;perilla;sesame;spring_napa;spring_radish,ln_production
sweet_potato,-12,2001,2008,2008,-0.369549392648491,25,autumn_napa;autumn_radish;barley;cabbage;carrot;corn;garlic;ginger;highland_napa;highland_radish;large_green_onion;leaf_lettuce;malting_barley;mung_bean;onion;other_pulses;peanut;perilla;red_bean;sesame;small_green_onion;spinach;spring_napa;spring_radish;wheat,ln_production
sweet_potato,-11,2002,2008,2008,-0.146606185800159,25,autumn_napa;autumn_radish;barley;cabbage;carrot;corn;garlic;ginger;highland_napa;highland_radish;large_green_onion;leaf_lettuce;malting_barley;mung_bean;onion;other_pulses;peanut;perilla;red_bean;sesame;small_green_onion;spinach;spring_napa;spring_radish;wheat,ln_production
sweet_potato,-10,2003,2008,2008,-0.221872129270218,25,autumn_napa;autumn_radish;barley;cabbage;carrot;corn;garlic;ginger;highland_napa;highland_radish;large_green_onion;leaf_lettuce;malting_barley;mung_bean;onion;other_pulses;peanut;perilla;red_bean;sesame;small_green_onion;spinach;spring_napa;spring_radish;wheat,ln_production
sweet_potato,-9,2004,2008,2008,-0.0303083776432405,25,autumn_napa;autumn_radish;barley;cabbage;carrot;corn;garlic;ginger;highland_napa;highland_radish;large_green_onion;leaf_lettuce;malting_barley;mung_bean;onion;other_pulses;peanut;perilla;red_bean;sesame;small_green_onion;spinach;spring_napa;spring_radish;wheat,ln_production
sweet_potato,-8,2005,2008,2008,-0.15725418704678,25,autumn_napa;autumn_radish;barley;cabbage;carrot;corn;garlic;ginger;highland_napa;highland_radish;large_green_onion;leaf_lettuce;malting_barley;mung_bean;onion;other_pulses;peanut;perilla;red_bean;sesame;small_green_onion;spinach;spring_napa;spring_radish;wheat,ln_production
sweet_potato,-7,2006,2008,2008,-0.116030368055457,25,autumn_napa;autumn_radish;barley;cabbage;carrot;corn;garlic;ginger;highland_napa;highland_radish;large_green_onion;leaf_lettuce;malting_barley;mung_bean;onion;other_pulses;peanut;perilla;red_bean;sesame;small_green_onion;spinach;spring_napa;spring_radish;wheat,ln_production
sweet_potato,-6,2007,2008,2008,0.0949090348057352,25,autumn_napa;autumn_radish;barley;cabbage;carrot;corn;garlic;ginger;highland_napa;highland_radish;large_green_onion;leaf_lettuce;malting_barley;mung_bean;onion;other_pulses;peanut;perilla;red_bean;sesame;small_green_onion;spinach;spring_napa;spring_radish;wheat,ln_production
corn,0,2013,2008,2008,-0.0389927037146529,22,autumn_napa;autumn_radish;barley;cabbage;carrot;ginger;highland_napa;highland_radish;large_green_onion;leaf_lettuce;malting_barley;mung_bean;other_pulses;peanut;perilla;red_bean;sesame;small_green_onion;spinach;spring_napa;spring_radish;wheat,ln_production
corn,1,2014,2008,2008,-0.0558142924406785,22,autumn_napa;autumn_radish;barley;cabbage;carrot;ginger;highland_napa;highland_radish;large_green_onion;leaf_lettuce;malting_barley;mung_bean;other_pulses;peanut;perilla;red_bean;sesame;small_green_onion;spinach;spring_napa;spring_radish;wheat,ln_production
corn,2,2015,2008,2008,-0.0471801736105245,22,autumn_napa;autumn_radish;barley;cabbage;carrot;ginger;highland_napa;highland_radish;large_green_onion;leaf_lettuce;malting_barley;mung_bean;other_pulses;peanut;perilla;red_bean;sesame;small_green_onion;spinach;spring_napa;spring_radish;wheat,ln_production
corn,3,2016,2008,2008,-0.0923605250994283,22,autumn_napa;autumn_radish;barley;cabbage;carrot;ginger;highland_napa;highland_radish;large_green_onion;leaf_lettuce;malting_barley;mung_bean;other_pulses;peanut;perilla;red_bean;sesame;small_green_onion;spinach;spring_napa;spring_radish;wheat,ln_production
corn,4,2017,2008,2008,-0.119914798990957,20,autumn_napa;autumn_radish;barley;carrot;ginger;highland_napa;highland_radish;large_green_onion;leaf_lettuce;malting_barley;mung_bean;other_pulses;peanut;perilla;red_bean;sesame;small_green_onion;spinach;spring_napa;spring_radish,ln_production
corn,5,2018,2008,2008,-0.0188017654780344,20,autumn_napa;autumn_radish;barley;carrot;ginger;highland_napa;highland_radish;large_green_onion;leaf_lettuce;malting_barley;mung_bean;other_pulses;peanut;perilla;red_bean;sesame;small_green_onion;spinach;spring_napa;spring_radish,ln_production
corn,6,2019,2008,2008,-0.00587024444598788,15,autumn_napa;autumn_radish;barley;ginger;leaf_lettuce;malting_barley;mung_bean;other_pulses;peanut;perilla;red_bean;sesame;spinach;spring_napa;spring_radish,ln_production
corn,7,2020,2008,2008,0.27542349090322,14,autumn_napa;autumn_radish;barley;ginger;leaf_lettuce;malting_barley;mung_bean;other_pulses;peanut;perilla;sesame;spinach;spring_napa;spring_radish,ln_production
corn,8,2021,2008,2008,0.150557187691962,11,autumn_napa;autumn_radish;ginger;leaf_lettuce;mung_bean;other_pulses;peanut;perilla;sesame;spring_napa;spring_radish,ln_production
corn,9,2022,2008,2008,0.0298462919121502,10,autumn_radish;ginger;leaf_lettuce;mung_bean;other_pulses;peanut;perilla;sesame;spring_napa;spring_radish,ln_production
corn,-12,2001,2008,2008,-0.67802169494438,25,autumn_napa;autumn_radish;barley;cabbage;carrot;garlic;ginger;highland_napa;highland_radish;large_green_onion;leaf_lettuce;malting_barley;mung_bean;onion;other_pulses;peanut;perilla;red_bean;sesame;small_green_onion;spinach;spring_napa;spring_radish;sweet_potato;wheat,ln_production
corn,-11,2002,2008,2008,-0.352630871127214,25,autumn_napa;autumn_radish;barley;cabbage;carrot;garlic;ginger;highland_napa;highland_radish;large_green_onion;leaf_lettuce;malting_barley;mung_bean;onion;other_pulses;peanut;perilla;red_bean;sesame;small_green_onion;spinach;spring_napa;spring_radish;sweet_potato;wheat,ln_production
corn,-10,2003,2008,2008,-0.300306548655884,25,autumn_napa;autumn_radish;barley;cabbage;carrot;garlic;ginger;highland_napa;highland_radish;large_green_onion;leaf_lettuce;malting_barley;mung_bean;onion;other_pulses;peanut;perilla;red_bean;sesame;small_green_onion;spinach;spring_napa;spring_radish;sweet_potato;wheat,ln_production
corn,-9,2004,2008,2008,-0.265461895052253,25,autumn_napa;autumn_radish;barley;cabbage;carrot;garlic;ginger;highland_napa;highland_radish;large_green_onion;leaf_lettuce;malting_barley;mung_bean;onion;other_pulses;peanut;perilla;red_bean;sesame;small_green_onion;spinach;spring_napa;spring_radish;sweet_potato;wheat,ln_production
corn,-8,2005,2008,2008,-0.24101499057703,25,autumn_napa;autumn_radish;barley;cabbage;carrot;garlic;ginger;highland_napa;highland_radish;large_green_onion;leaf_lettuce;malting_barley;mung_bean;onion;other_pulses;peanut;perilla;red_bean;sesame;small_green_onion;spinach;spring_napa;spring_radish;sweet_potato;wheat,ln_production
corn,-7,2006,2008,2008,-0.345361953282928,25,autumn_napa;autumn_radish;barley;cabbage;carrot;garlic;ginger;highland_napa;highland_radish;large_green_onion;leaf_lettuce;malting_barley;mung_bean;onion;other_pulses;peanut;perilla;red_bean;sesame;small_green_onion;spinach;spring_napa;spring_radish;sweet_potato;wheat,ln_production
corn,-6,2007,2008,2008,-0.0850511008459266,25,autumn_napa;autumn_radish;barley;cabbage;carrot;garlic;ginger;highland_napa;highland_radish;large_green_onion;leaf_lettuce;malting_barley;mung_bean;onion;other_pulses;peanut;perilla;red_bean;sesame;small_green_onion;spinach;spring_napa;spring_radish;sweet_potato;wheat,ln_production
garlic,0,2013,2009,2009,0.223757992041355,22,autumn_napa;autumn_radish;barley;cabbage;carrot;ginger;highland_napa;highland_radish;large_green_onion;leaf_lettuce;malting_barley;mung_bean;other_pulses;peanut;perilla;red_bean;sesame;small_green_onion;spinach;spring_napa;spring_radish;wheat,ln_production
garlic,1,2014,2009,2009,0.034931597139511,22,autumn_napa;autumn_radish;barley;cabbage;carrot;ginger;highland_napa;highland_radish;large_green_onion;leaf_lettuce;malting_barley;mung_bean;other_pulses;peanut;perilla;red_bean;sesame;small_green_onion;spinach;spring_napa;spring_radish;wheat,ln_production
garlic,2,2015,2009,2009,-0.193540355587512,22,autumn_napa;autumn_radish;barley;cabbage;carrot;ginger;highland_napa;highland_radish;large_green_onion;leaf_lettuce;malting_barley;mung_bean;other_pulses;peanut;perilla;red_bean;sesame;small_green_onion;spinach;spring_napa;spring_radish;wheat,ln_production
garlic,3,2016,2009,2009,-0.144397813266066,22,autumn_napa;autumn_radish;barley;cabbage;carrot;ginger;highland_napa;highland_radish;large_green_onion;leaf_lettuce;malting_barley;mung_bean;other_pulses;peanut;perilla;red_bean;sesame;small_green_onion;spinach;spring_napa;spring_radish;wheat,ln_production
garlic,4,2017,2009,2009,-0.0925188068992544,20,autumn_napa;autumn_radish;barley;carrot;ginger;highland_napa;highland_radish;large_green_onion;leaf_lettuce;malting_barley;mung_bean;other_pulses;peanut;perilla;red_bean;sesame;small_green_onion;spinach;spring_napa;spring_radish,ln_production
garlic,5,2018,2009,2009,0.0252330521963094,20,autumn_napa;autumn_radish;barley;carrot;ginger;highland_napa;highland_radish;large_green_onion;leaf_lettuce;malting_barley;mung_bean;other_pulses;peanut;perilla;red_bean;sesame;small_green_onion;spinach;spring_napa;spring_radish,ln_production
garlic,6,2019,2009,2009,0.237347285652424,15,autumn_napa;autumn_radish;barley;ginger;leaf_lettuce;malting_barley;mung_bean;other_pulses;peanut;perilla;red_bean;sesame;spinach;spring_napa;spring_radish,ln_production
garlic,7,2020,2009,2009,0.269738791644679,14,autumn_napa;autumn_radish;barley;ginger;leaf_lettuce;malting_barley;mung_bean;other_pulses;peanut;perilla;sesame;spinach;spring_napa;spring_radish,ln_production
garlic,8,2021,2009,2009,-0.0394997316511746,11,autumn_napa;autumn_radish;ginger;leaf_lettuce;mung_bean;other_pulses;peanut;perilla;sesame;spring_napa;spring_radish,ln_production
garlic,9,2022,2009,2009,-0.248214204775081,10,autumn_radish;ginger;leaf_lettuce;mung_bean;other_pulses;peanut;perilla;sesame;spring_napa;spring_radish,ln_production
garlic,-12,2001,2009,2009,-0.118368523926804,22,autumn_napa;autumn_radish;barley;cabbage;carrot;ginger;highland_napa;highland_radish;large_green_onion;leaf_lettuce;malting_barley;mung_bean;other_pulses;peanut;perilla;red_bean;sesame;small_green_onion;spinach;spring_napa;spring_radish;wheat,ln_production
garlic,-11,2002,2009,2009,-0.0596057992834134,22,autumn_napa;autumn_radish;barley;cabbage;carrot;ginger;highland_napa;highland_radish;large_green_onion;leaf_lettuce;malting_barley;mung_bean;other_pulses;peanut;perilla;red_bean;sesame;small_green_onion;spinach;spring_napa;spring_radish;wheat,ln_production
garlic,-10,2003,2009,2009,-0.0128837576612186,22,autumn_napa;autumn_radish;barley;cabbage;carrot;ginger;highland_napa;highland_radish;large_green_onion;leaf_lettuce;malting_barley;mung_bean;other_pulses;peanut;perilla;red_bean;sesame;small_green_onion;spinach;spring_napa;spring_radish;wheat,ln_production
garlic,-9,2004,2009,2009,-0.124092717536876,22,autumn_napa;autumn_radish;barley;cabbage;carrot;ginger;highland_napa;highland_radish;large_green_onion;leaf_lettuce;malting_barley;mung_bean;other_pulses;peanut;perilla;red_bean;sesame;small_green_onion;spinach;spring_napa;spring_radish;wheat,ln_production
garlic,-8,2005,2009,2009,0.00940356613160062,22,autumn_napa;autumn_radish;barley;cabbage;carrot;ginger;highland_napa;highland_radish;large_green_onion;leaf_lettuce;malting_barley;mung_bean;other_pulses;peanut;perilla;red_bean;sesame;small_green_onion;spinach;spring_napa;spring_radish;wheat,ln_production
garlic,-7,2006,2009,2009,-0.0984325035909072,22,autumn_napa;autumn_radish;barley;cabbage;carrot;ginger;highland_napa;highland_radish;large_green_onion;leaf_lettuce;malting_barley;mung_bean;other_pulses;peanut;perilla;red_bean;sesame;small_green_onion;spinach;spring_napa;spring_radish;wheat,ln_production
garlic,-6,2007,2009,2009,-0.0206193624215432,22,autumn_napa;autumn_radish;barley;cabbage;carrot;ginger;highland_napa;highland_radish;large_green_onion;leaf_lettuce;malting_barley;mung_bean;other_pulses;peanut;perilla;red_bean;sesame;small_green_onion;spinach;spring_napa;spring_radish;wheat,ln_production
garlic,-5,2008,2009,2009,0.0263334907752316,22,autumn_napa;autumn_radish;barley;cabbage;carrot;ginger;highland_napa;highland_radish;large_green_onion;leaf_lettuce;malting_barley;mung_bean;other_pulses;peanut;perilla;red_bean;sesame;small_green_onion;spinach;spring_napa;spring_radish;wheat,ln_production
spring_potato,0,2013,2007,2007,0.514958427970537,22,autumn_napa;autumn_radish;barley;cabbage;carrot;ginger;highland_napa;highland_radish;large_green_onion;leaf_lettuce;malting_barley;mung_bean;other_pulses;peanut;perilla;red_bean;sesame;small_green_onion;spinach;spring_napa;spring_radish;wheat,ln_production
spring_potato,1,2014,2007,2007,0.200928044445529,22,autumn_napa;autumn_radish;barley;cabbage;carrot;ginger;highland_napa;highland_radish;large_green_onion;leaf_lettuce;malting_barley;mung_bean;other_pulses;peanut;perilla;red_bean;sesame;small_green_onion;spinach;spring_napa;spring_radish;wheat,ln_production
spring_potato,2,2015,2007,2007,0.0936931165331296,22,autumn_napa;autumn_radish;barley;cabbage;carrot;ginger;highland_napa;highland_radish;large_green_onion;leaf_lettuce;malting_barley;mung_bean;other_pulses;peanut;perilla;red_bean;sesame;small_green_onion;spinach;spring_napa;spring_radish;wheat,ln_production
spring_potato,3,2016,2007,2007,0.177749704394706,22,autumn_napa;autumn_radish;barley;cabbage;carrot;ginger;highland_napa;highland_radish;large_green_onion;leaf_lettuce;malting_barley;mung_bean;other_pulses;peanut;perilla;red_bean;sesame;small_green_onion;spinach;spring_napa;spring_radish;wheat,ln_production
spring_potato,4,2017,2007,2007,-0.0237239102446203,20,autumn_napa;autumn_radish;barley;carrot;ginger;highland_napa;highland_radish;large_green_onion;leaf_lettuce;malting_barley;mung_bean;other_pulses;peanut;perilla;red_bean;sesame;small_green_onion;spinach;spring_napa;spring_radish,ln_production
spring_potato,5,2018,2007,2007,0.186135674801875,20,autumn_napa;autumn_radish;barley;carrot;ginger;highland_napa;highland_radish;large_green_onion;leaf_lettuce;malting_barley;mung_bean;other_pulses;peanut;perilla;red_bean;sesame;small_green_onion;spinach;spring_napa;spring_radish,ln_production
spring_potato,6,2019,2007,2007,0.419701404594996,15,autumn_napa;autumn_radish;barley;ginger;leaf_lettuce;malting_barley;mung_bean;other_pulses;peanut;perilla;red_bean;sesame;spinach;spring_napa;spring_radish,ln_production
spring_potato,7,2020,2007,2007,0.310168656213087,14,autumn_napa;autumn_radish;barley;ginger;leaf_lettuce;malting_barley;mung_bean;other_pulses;peanut;perilla;sesame;spinach;spring_napa;spring_radish,ln_production
spring_potato,8,2021,2007,2007,0.164900972150502,11,autumn_napa;autumn_radish;ginger;leaf_lettuce;mung_bean;other_pulses;peanut;perilla;sesame;spring_napa;spring_radish,ln_production
spring_potato,9,2022,2007,2007,-0.110065495938021,10,autumn_radish;ginger;leaf_lettuce;mung_bean;other_pulses;peanut;perilla;sesame;spring_napa;spring_radish,ln_production
spring_potato,-12,2001,2007,2007,-0.269853733083738,28,autumn_napa;autumn_radish;barley;cabbage;carrot;corn;garlic;ginger;highland_napa;highland_radish;large_green_onion;leaf_lettuce;malting_barley;mung_bean;onion;other_pulses;peanut;perilla;red_bean;red_pepper;sesame;small_green_onion;soybean;spinach;spring_napa;spring_radish;sweet_potato;wheat,ln_production
spring_potato,-11,2002,2007,2007,-0.0660804331410268,28,autumn_napa;autumn_radish;barley;cabbage;carrot;corn;garlic;ginger;highland_napa;highland_radish;large_green_onion;leaf_lettuce;malting_barley;mung_bean;onion;other_pulses;peanut;perilla;red_bean;red_pepper;sesame;small_green_onion;soybean;spinach;spring_napa;spring_radish;sweet_potato;wheat,ln_production
spring_potato,-10,2003,2007,2007,-0.215235828518379,28,autumn_napa;autumn_radish;barley;cabbage;carrot;corn;garlic;ginger;highland_napa;highland_radish;large_green_onion;leaf_lettuce;malting_barley;mung_bean;onion;other_pulses;peanut;perilla;red_bean;red_pepper;sesame;small_green_onion;soybean;spinach;spring_napa;spring_radish;sweet_potato;wheat,ln_production
spring_potato,-9,2004,2007,2007,-0.0452544790753377,28,autumn_napa;autumn_radish;barley;cabbage;carrot;corn;garlic;ginger;highland_napa;highland_radish;large_green_onion;leaf_lettuce;malting_barley;mung_bean;onion;other_pulses;peanut;perilla;red_bean;red_pepper;sesame;small_green_onion;soybean;spinach;spring_napa;spring_radish;sweet_potato;wheat,ln_production
spring_potato,-8,2005,2007,2007,0.374500432154102,28,autumn_napa;autumn_radish;barley;cabbage;carrot;corn;garlic;ginger;highland_napa;highland_radish;large_green_onion;leaf_lettuce;malting_barley;mung_bean;onion;other_pulses;peanut;perilla;red_bean;red_pepper;sesame;small_green_onion;soybean;spinach;spring_napa;spring_radish;sweet_potato;wheat,ln_production
spring_potato,-7,2006,2007,2007,0.136708723969958,28,autumn_napa;autumn_radish;barley;cabbage;carrot;corn;garlic;ginger;highland_napa;highland_radish;large_green_onion;leaf_lettuce;malting_barley;mung_bean;onion;other_pulses;peanut;perilla;red_bean;red_pepper;sesame;small_green_onion;soybean;spinach;spring_napa;spring_radish;sweet_potato;wheat,ln_production
red_pepper,0,2015,2007,2007,-0.402328604675093,22,autumn_napa;autumn_radish;barley;cabbage;carrot;ginger;highland_napa;highland_radish;large_green_onion;leaf_lettuce;malting_barley;mung_bean;other_pulses;peanut;perilla;red_bean;sesame;small_green_onion;spinach;spring_napa;spring_radish;wheat,ln_production
red_pepper,1,2016,2007,2007,-0.521268704540264,22,autumn_napa;autumn_radish;barley;cabbage;carrot;ginger;highland_napa;highland_radish;large_green_onion;leaf_lettuce;malting_barley;mung_bean;other_pulses;peanut;perilla;red_bean;sesame;small_green_onion;spinach;spring_napa;spring_radish;wheat,ln_production
red_pepper,2,2017,2007,2007,-0.948083538359763,20,autumn_napa;autumn_radish;barley;carrot;ginger;highland_napa;highland_radish;large_green_onion;leaf_lettuce;malting_barley;mung_bean;other_pulses;peanut;perilla;red_bean;sesame;small_green_onion;spinach;spring_napa;spring_radish,ln_production
red_pepper,3,2018,2007,2007,-0.66945291583435,20,autumn_napa;autumn_radish;barley;carrot;ginger;highland_napa;highland_radish;large_green_onion;leaf_lettuce;malting_barley;mung_bean;other_pulses;peanut;perilla;red_bean;sesame;small_green_onion;spinach;spring_napa;spring_radish,ln_production
red_pepper,4,2019,2007,2007,-0.533612222679009,15,autumn_napa;autumn_radish;barley;ginger;leaf_lettuce;malting_barley;mung_bean;other_pulses;peanut;perilla;red_bean;sesame;spinach;spring_napa;spring_radish,ln_production
red_pepper,5,2020,2007,2007,-0.696277740160891,14,autumn_napa;autumn_radish;barley;ginger;leaf_lettuce;malting_barley;mung_bean;other_pulses;peanut;perilla;sesame;spinach;spring_napa;spring_radish,ln_production
red_pepper,6,2021,2007,2007,-0.415957302865767,11,autumn_napa;autumn_radish;ginger;leaf_lettuce;mung_bean;other_pulses;peanut;perilla;sesame;spring_napa;spring_radish,ln_production
red_pepper,7,2022,2007,2007,-0.76216481399388,10,autumn_radish;ginger;leaf_lettuce;mung_bean;other_pulses;peanut;perilla;sesame;spring_napa;spring_radish,ln_production
red_pepper,8,2023,2007,2007,-0.791329892905984,10,autumn_radish;ginger;leaf_lettuce;mung_bean;other_pulses;peanut;perilla;sesame;spring_napa;spring_radish,ln_production
red_pepper,9,2024,2007,2007,-0.772979178113519,8,ginger;leaf_lettuce;mung_bean;other_pulses;peanut;perilla;sesame;spring_radish,ln_production
red_pepper,-12,2003,2007,2007,-0.216375975756959,28,autumn_napa;autumn_radish;barley;cabbage;carrot;corn;garlic;ginger;highland_napa;highland_radish;large_green_onion;leaf_lettuce;malting_barley;mung_bean;onion;other_pulses;peanut;perilla;red_bean;sesame;small_green_onion;soybean;spinach;spring_napa;spring_potato;spring_radish;sweet_potato;wheat,ln_production
red_pepper,-11,2004,2007,2007,-0.136363987060717,28,autumn_napa;autumn_radish;barley;cabbage;carrot;corn;garlic;ginger;highland_napa;highland_radish;large_green_onion;leaf_lettuce;malting_barley;mung_bean;onion;other_pulses;peanut;perilla;red_bean;sesame;small_green_onion;soybean;spinach;spring_napa;spring_potato;spring_radish;sweet_potato;wheat,ln_production
red_pepper,-10,2005,2007,2007,-0.0457776454363941,28,autumn_napa;autumn_radish;barley;cabbage;carrot;corn;garlic;ginger;highland_napa;highland_radish;large_green_onion;leaf_lettuce;malting_barley;mung_bean;onion;other_pulses;peanut;perilla;red_bean;sesame;small_green_onion;soybean;spinach;spring_napa;spring_potato;spring_radish;sweet_potato;wheat,ln_production
red_pepper,-9,2006,2007,2007,-0.326417139682996,28,autumn_napa;autumn_radish;barley;cabbage;carrot;corn;garlic;ginger;highland_napa;highland_radish;large_green_onion;leaf_lettuce;malting_barley;mung_bean;onion;other_pulses;peanut;perilla;red_bean;sesame;small_green_onion;soybean;spinach;spring_napa;spring_potato;spring_radish;sweet_potato;wheat,ln_production
