sample,spec,outcome,event_time,est,n_treated,n_ctrl_min,n_ctrl_max,treated_crops,est_w,se_cluster,ci_lo,ci_hi,p_wild,se_wild,G_contrib,p_normal,G,Py_est,Py_se,Py_n_tr,Py_cmin,Py_cmax,d_est
annual,CS-A (preferred),ln_area,-12,-0.23380778439029,7,22,28,soybean;onion;sweet_potato;corn;garlic;spring_potato;red_pepper,-0.233807784390289,0.120786388835401,-0.459423871680657,-0.00819169709992251,0.03959,0.118729065633865,29,0.0529028600584225,,-0.233807784390289,0.1207863888354,7,22,28,-6.93889390390723e-16
annual,CS-A (preferred),ln_area,-11,-0.146527306033543,7,22,28,soybean;onion;sweet_potato;corn;garlic;spring_potato;red_pepper,-0.146527306033543,0.0789296579007943,-0.294757193869335,0.00170258180224858,0.05346,0.0777027970637267,29,0.0633924341062209,,-0.146527306033543,0.0789296579007954,7,22,28,-8.04911692853239e-16
annual,CS-A (preferred),ln_area,-10,-0.155449058578739,7,22,28,soybean;onion;sweet_potato;corn;garlic;spring_potato;red_pepper,-0.155449058578738,0.0749946459125027,-0.295337594937725,-0.0155605222197535,0.02514,0.0737809788271212,29,0.038190702119124,,-0.155449058578738,0.0749946459125033,7,22,28,-9.43689570931383e-16
annual,CS-A (preferred),ln_area,-9,-0.129951738453687,7,22,28,soybean;onion;sweet_potato;corn;garlic;spring_potato;red_pepper,-0.129951738453686,0.0649827640309918,-0.250946761357181,-0.00895671555019342,0.03204,0.0638435959635034,29,0.0455231829671799,,-0.129951738453686,0.0649827640309926,7,22,28,-6.66133814775094e-16
annual,CS-A (preferred),ln_area,-8,-0.000663470318407321,6,22,28,soybean;onion;sweet_potato;corn;garlic;spring_potato,-0.000663470318408257,0.085691312829388,-0.158281934015434,0.15695499337862,0.99433,0.0840392185989078,29,0.993822390892355,,-0.000663470318408257,0.0856913128293873,6,22,28,9.36750677027476e-16
annual,CS-A (preferred),ln_area,-7,-0.00779705769543171,6,22,28,soybean;onion;sweet_potato;corn;garlic;spring_potato,-0.00779705769543256,0.0777784506493343,-0.153498614712394,0.13790449932153,0.9228,0.0763999544006586,29,0.920148219499227,,-0.00779705769543256,0.0777784506493334,6,22,28,8.50014503228636e-16
annual,CS-A (preferred),ln_area,-6,0.0326784217696209,5,22,28,soybean;onion;sweet_potato;corn;garlic,0.0326784217696212,0.0447988780324142,-0.0516631701160207,0.117020013655263,0.47865,0.0439454421785553,29,0.465728077646505,,0.0326784217696212,0.0447988780324142,5,22,28,-3.05311331771918e-16
annual,CS-A (preferred),ln_area,-5,0.116459209164212,2,22,25,onion;garlic,0.116459209164212,0.0817319903571675,-0.0161233358306961,0.24904175415912,0.11832,0.0801984392042925,26,0.154188599526976,,0.116459209164212,0.0817319903571673,2,22,25,-2.22044604925031e-16
annual,CS-A (preferred),ln_area,0,0.122307552101744,7,22,22,soybean;onion;sweet_potato;corn;garlic;spring_potato;red_pepper,0.122307552101744,0.147903503451371,-0.158002865914051,0.402617970117539,0.4149,0.145424601779253,29,0.40827019262914,,0.122307552101744,0.147903503451374,7,22,22,1.66533453693773e-16
annual,CS-A (preferred),ln_area,1,0.0269104003899811,7,22,22,soybean;onion;sweet_potato;corn;garlic;spring_potato;red_pepper,0.0269104003899807,0.134497390530737,-0.229320779825259,0.283141580605221,0.84441,0.132255242461122,29,0.841417069932638,,0.0269104003899807,0.134497390530739,7,22,22,3.95516952522712e-16
annual,CS-A (preferred),ln_area,2,-0.00916146281392664,7,20,22,soybean;onion;sweet_potato;corn;garlic;spring_potato;red_pepper,-0.00916146281392737,0.152548789428981,-0.298441612277317,0.280118686649463,0.95249,0.150036699089493,29,0.952111071615138,,-0.00916146281392737,0.152548789428977,7,20,22,7.30318583386236e-16
annual,CS-A (preferred),ln_area,3,-0.0534530082733637,7,20,22,soybean;onion;sweet_potato;corn;garlic;spring_potato;red_pepper,-0.053453008273364,0.151052923479018,-0.342735517185693,0.235829500638966,0.7252,0.148569196878213,29,0.723436756037359,,-0.053453008273364,0.151052923479014,7,20,22,3.2612801348364e-16
annual,CS-A (preferred),ln_area,4,0.00383857339100988,7,15,22,soybean;onion;sweet_potato;corn;garlic;spring_potato;red_pepper,0.00383857339100969,0.1354584140045,-0.255393415420146,0.263070562202165,0.97783,0.133110228714706,29,0.977392850727796,,0.00383857339100969,0.135458414004503,7,15,22,1.91253263226443e-16
annual,CS-A (preferred),ln_area,5,0.0386927944196588,7,14,20,soybean;onion;sweet_potato;corn;garlic;spring_potato;red_pepper,0.0386927944196588,0.131949396915003,-0.213504595566233,0.290890184405551,0.77177,0.129538023366299,27,0.769338982333757,,0.0386927944196588,0.131949396915008,7,14,20,6.93889390390723e-18
annual,CS-A (preferred),ln_area,6,0.163856127023042,7,11,20,soybean;onion;sweet_potato;corn;garlic;spring_potato;red_pepper,0.163856127023042,0.164835758175787,-0.150396952109152,0.478109206155235,0.32054,0.161838201415331,27,0.320195154223071,,0.163856127023042,0.164835758175787,7,11,20,5.55111512312578e-17
annual,CS-A (preferred),ln_area,7,0.166470696340412,7,10,15,soybean;onion;sweet_potato;corn;garlic;spring_potato;red_pepper,0.166470696340412,0.16365693257295,-0.144315497333642,0.477256890014465,0.30846,0.160035876522675,22,0.309061595954872,,0.166470696340412,0.163656932572949,7,10,15,4.16333634234434e-16
annual,CS-A (preferred),ln_area,8,0.036305893971339,7,10,14,soybean;onion;sweet_potato;corn;garlic;spring_potato;red_pepper,0.0363058939713401,0.165455637793351,-0.277295543026499,0.349907330969177,0.82816,0.161600490919033,21,0.826315275238689,,0.0363058939713401,0.165455637793351,7,10,14,-1.12410081243297e-15
annual,CS-A (preferred),ln_area,9,-0.0115768333548753,7,8,11,soybean;onion;sweet_potato;corn;garlic;spring_potato;red_pepper,-0.0115768333548756,0.181233408395195,-0.35352204052146,0.330368373811709,0.94818,0.176065228983534,18,0.949067344938291,,-0.0115768333548756,0.181233408395195,7,8,11,3.15719672627779e-16
annual,CS-A (preferred),ln_production,-12,-0.298871165781542,7,22,28,soybean;onion;sweet_potato;corn;garlic;spring_potato;red_pepper,-0.298871165781541,0.129476292464382,-0.542072769030895,-0.0556695625321899,0.01221,0.127057594791887,29,0.0209820100556707,,-0.298871165781541,0.129476292464383,7,22,28,-1.38777878078145e-15
annual,CS-A (preferred),ln_production,-11,-0.149617943897444,7,22,28,soybean;onion;sweet_potato;corn;garlic;spring_potato;red_pepper,-0.149617943897442,0.0698699959349735,-0.281909963587317,-0.0173259242075704,0.02391,0.0684001342422591,29,0.0322437155128767,,-0.149617943897442,0.0698699959349777,7,22,28,-1.47104550762833e-15
annual,CS-A (preferred),ln_production,-10,-0.161208554610216,7,22,28,soybean;onion;sweet_potato;corn;garlic;spring_potato;red_pepper,-0.161208554610214,0.0669700720753247,-0.288679936849722,-0.0337371723707088,0.00991,0.0657498162299101,29,0.0160765487311127,,-0.161208554610214,0.066970072075327,7,22,28,-1.58206781009085e-15
annual,CS-A (preferred),ln_production,-9,-0.177820391287,7,22,28,soybean;onion;sweet_potato;corn;garlic;spring_potato;red_pepper,-0.177820391286999,0.0790197434582682,-0.327253874361098,-0.0283869082129028,0.01522,0.0774293222518074,29,0.024428091618806,,-0.177820391286999,0.0790197434582709,7,22,28,-1.27675647831893e-15
annual,CS-A (preferred),ln_production,-8,-0.0143359654233038,6,22,28,soybean;onion;sweet_potato;corn;garlic;spring_potato,-0.0143359654233054,0.0896890658761092,-0.181228381856952,0.152556451010345,0.88067,0.0881009557572521,29,0.873006541623701,,-0.0143359654233054,0.0896890658761075,6,22,28,1.53176082928752e-15
annual,CS-A (preferred),ln_production,-7,0.000837809698056167,6,22,28,soybean;onion;sweet_potato;corn;garlic;spring_potato,0.000837809698054512,0.0983131580656417,-0.179876049265909,0.181551668662022,0.99321,0.0969725854671671,29,0.993200632090145,,0.000837809698054512,0.0983131580656375,6,22,28,1.65546829716812e-15
annual,CS-A (preferred),ln_production,-6,0.0378958468606764,5,22,28,soybean;onion;sweet_potato;corn;garlic,0.0378958468606773,0.080238445603169,-0.104664003593324,0.180455697314677,0.6984,0.0789831780518541,29,0.636719527982274,,0.0378958468606773,0.080238445603169,5,22,28,-8.39606162372775e-16
annual,CS-A (preferred),ln_production,-5,0.108284506074552,2,22,25,onion;garlic,0.108284506074553,0.096990679964325,-0.0408734528939559,0.25744246504306,0.29733,0.095102701975735,26,0.264232819168457,,0.108284506074553,0.0969906799643334,2,22,25,-4.9960036108132e-16
annual,CS-A (preferred),ln_production,0,0.140477693098553,7,22,22,soybean;onion;sweet_potato;corn;garlic;spring_potato;red_pepper,0.140477693098553,0.148222109237525,-0.141236193174077,0.422191579371184,0.35054,0.145801645576624,29,0.343256090612671,,0.140477693098553,0.148222109237527,7,22,22,7.49400541621981e-16
annual,CS-A (preferred),ln_production,1,0.0577820927421058,7,22,22,soybean;onion;sweet_potato;corn;garlic;spring_potato;red_pepper,0.057782092742105,0.148263538730091,-0.223983836747718,0.33954802223193,0.69955,0.145632285776398,29,0.696739483527775,,0.057782092742105,0.148263538730094,7,22,22,7.49400541621981e-16
annual,CS-A (preferred),ln_production,2,-0.04991620249742,7,20,22,soybean;onion;sweet_potato;corn;garlic;spring_potato;red_pepper,-0.0499162024974208,0.191754063720247,-0.410517478380324,0.310685073385484,0.80419,0.188507578108277,29,0.79462183516464,,-0.0499162024974208,0.191754063720241,7,20,22,7.70217223333702e-16
annual,CS-A (preferred),ln_production,3,-0.0543686488742377,7,20,22,soybean;onion;sweet_potato;corn;garlic;spring_potato;red_pepper,-0.0543686488742382,0.161958496212418,-0.36285740392811,0.254120106179635,0.74123,0.158938830435767,29,0.737100916306837,,-0.0543686488742382,0.161958496212412,7,20,22,4.92661467177413e-16
annual,CS-A (preferred),ln_production,4,-0.0854399901902675,7,15,22,soybean;onion;sweet_potato;corn;garlic;spring_potato;red_pepper,-0.085439990190268,0.149777243953626,-0.371153671005656,0.200273690625121,0.57114,0.147017158732646,29,0.568374511106192,,-0.085439990190268,0.14977724395363,7,15,22,4.85722573273506e-16
annual,CS-A (preferred),ln_production,5,-0.0538103787518075,7,14,20,soybean;onion;sweet_potato;corn;garlic;spring_potato;red_pepper,-0.0538103787518077,0.149351878162834,-0.337025780966792,0.229405023463177,0.72722,0.146843306761721,27,0.718628321321869,,-0.0538103787518077,0.149351878162845,7,14,20,1.87350135405495e-16
annual,CS-A (preferred),ln_production,6,0.138579365988115,7,11,20,soybean;onion;sweet_potato;corn;garlic;spring_potato;red_pepper,0.138579365988115,0.159237058846942,-0.164922696264635,0.442081428240866,0.38471,0.156162366553567,27,0.384152420805739,,0.138579365988115,0.159237058846943,7,11,20,3.88578058618805e-16
annual,CS-A (preferred),ln_production,7,0.157752241305704,7,10,15,soybean;onion;sweet_potato;corn;garlic;spring_potato;red_pepper,0.157752241305703,0.202057973736979,-0.22134452299356,0.536849005604967,0.44652,0.197614577441342,22,0.434962711198321,,0.157752241305703,0.202057973736976,7,10,15,4.71844785465692e-16
annual,CS-A (preferred),ln_production,8,0.0024590260404055,7,10,14,soybean;onion;sweet_potato;corn;garlic;spring_potato;red_pepper,0.00245902604040664,0.202710291495111,-0.380332433491505,0.385250485572316,0.99055,0.197809319902876,21,0.990321306438195,,0.00245902604040664,0.202710291495111,7,10,14,-1.14014700458576e-15
annual,CS-A (preferred),ln_production,9,-0.0546825312395634,7,8,11,soybean;onion;sweet_potato;corn;garlic;spring_potato;red_pepper,-0.0546825312395641,0.229953380606639,-0.488428152019247,0.37906308954012,0.80988,0.223075066579664,18,0.81203750942448,,-0.0546825312395641,0.229953380606642,7,8,11,6.86950496486816e-16
annual,CS-A (preferred),ln_yield,-12,-0.066340084096873,7,22,28,soybean;onion;sweet_potato;corn;garlic;spring_potato;red_pepper,-0.0663400840968725,0.0601364215587366,-0.180088632654312,0.0474084644605664,0.27665,0.0591329338490021,29,0.269957765898501,,-0.0663400840968725,0.0601364215587382,7,22,28,-4.85722573273506e-16
annual,CS-A (preferred),ln_yield,-11,-0.00405750555834258,7,22,28,soybean;onion;sweet_potato;corn;garlic;spring_potato;red_pepper,-0.00405750555834223,0.0499273924904815,-0.0940054246539709,0.0858904135372858,0.94523,0.0489862684492314,29,0.935228722929809,,-0.00405750555834223,0.0499273924904826,7,22,28,-3.55618312575245e-16
annual,CS-A (preferred),ln_yield,-10,-0.00608228440887221,7,22,28,soybean;onion;sweet_potato;corn;garlic;spring_potato;red_pepper,-0.00608228440887151,0.0392339551249502,-0.0779219497473069,0.0657573809295625,0.89234,0.0385912143701841,29,0.87680079430326,,-0.00608228440887151,0.0392339551249511,7,22,28,-6.956241138667e-16
annual,CS-A (preferred),ln_yield,-9,-0.0476068104145541,7,22,28,soybean;onion;sweet_potato;corn;garlic;spring_potato;red_pepper,-0.0476068104145535,0.0546555225867403,-0.149707085964563,0.0544934651354544,0.4024,0.0537679037945727,29,0.383735669291876,,-0.0476068104145535,0.054655522586741,7,22,28,-5.89805981832114e-16
annual,CS-A (preferred),ln_yield,-8,-0.0135967616183898,6,22,28,soybean;onion;sweet_potato;corn;garlic;spring_potato,-0.0135967616183906,0.0313448318742289,-0.0725151010562471,0.0453215778194676,0.67391,0.0308312701686115,29,0.664448195983073,,-0.0135967616183906,0.0313448318742286,6,22,28,8.36136715420821e-16
annual,CS-A (preferred),ln_yield,-7,0.00860471467850313,6,22,28,soybean;onion;sweet_potato;corn;garlic;spring_potato,0.00860471467850203,0.037281910648734,-0.0596590193757847,0.076868448732791,0.82715,0.0366747415177072,29,0.817469145524424,,0.00860471467850203,0.0372819106487331,6,22,28,1.0998146837693e-15
annual,CS-A (preferred),ln_yield,-6,0.00500358302512739,5,22,28,soybean;onion;sweet_potato;corn;garlic,0.00500358302512776,0.0427756629168058,-0.0680809858641867,0.0780881519144415,0.92271,0.0419947329076211,29,0.906881719800469,,0.00500358302512776,0.0427756629168057,5,22,28,-3.6949610038306e-16
annual,CS-A (preferred),ln_yield,-5,-0.00782944054885679,2,22,25,onion;garlic,-0.00782944054885646,0.0308608791904237,-0.0639187150590954,0.0482598339613819,0.80649,0.0302670083815335,26,0.799726445343215,,-0.00782944054885646,0.0308608791904289,2,22,25,-3.3133218391157e-16
annual,CS-A (preferred),ln_yield,0,0.0187052099912009,7,22,22,soybean;onion;sweet_potato;corn;garlic;spring_potato;red_pepper,0.0187052099912005,0.0347622559046746,-0.0477689410262208,0.0851793610086225,0.58966,0.0340968615593665,29,0.590515159950712,,0.0187052099912005,0.0347622559046743,7,22,22,3.33066907387547e-16
annual,CS-A (preferred),ln_yield,1,0.0314296474137145,7,22,22,soybean;onion;sweet_potato;corn;garlic;spring_potato;red_pepper,0.0314296474137139,0.0524203911561768,-0.0638809521804853,0.126740247007914,0.59178,0.0513439031375818,29,0.548793437103576,,0.0314296474137139,0.052420391156178,7,22,22,5.82867087928207e-16
annual,CS-A (preferred),ln_yield,2,-0.039908718310465,7,20,22,soybean;onion;sweet_potato;corn;garlic;spring_potato;red_pepper,-0.0399087183104654,0.0708549591734358,-0.169095649136766,0.0892782125158361,0.59628,0.069476353398416,29,0.573267902546609,,-0.0399087183104654,0.0708549591734327,7,20,22,4.02455846426619e-16
annual,CS-A (preferred),ln_yield,3,-0.000715595311042169,7,20,22,soybean;onion;sweet_potato;corn;garlic;spring_potato;red_pepper,-0.000715595311042434,0.0527338915157293,-0.0996310176005847,0.0981998269785004,0.98982,0.0515437479749228,29,0.989173093215595,,-0.000715595311042434,0.0527338915157271,7,20,22,2.65629532258949e-16
annual,CS-A (preferred),ln_yield,4,-0.0890331876647767,7,15,22,soybean;onion;sweet_potato;corn;garlic;spring_potato;red_pepper,-0.0890331876647768,0.0516110553458757,-0.186956740885076,0.00889036555552297,0.07868,0.0505698309315785,29,0.0845130971164313,,-0.0890331876647768,0.0516110553458728,7,15,22,1.52655665885959e-16
annual,CS-A (preferred),ln_yield,5,-0.0923058205930347,7,14,20,soybean;onion;sweet_potato;corn;garlic;spring_potato;red_pepper,-0.0923058205930347,0.0748768384892398,-0.23148713395293,0.0468754927668604,0.2297,0.0732764611749311,27,0.217662083394586,,-0.0923058205930347,0.0748768384892435,7,14,20,-8.32667268468867e-17
annual,CS-A (preferred),ln_yield,6,-0.0253054583311372,7,11,20,soybean;onion;sweet_potato;corn;garlic;spring_potato;red_pepper,-0.0253054583311372,0.0539812987065358,-0.127252305605619,0.0766413889433448,0.64686,0.0527841386179729,27,0.639225504964787,,-0.0253054583311372,0.0539812987065367,7,11,20,6.93889390390723e-17
annual,CS-A (preferred),ln_yield,7,-0.00893772518092058,7,10,15,soybean;onion;sweet_potato;corn;garlic;spring_potato;red_pepper,-0.00893772518092092,0.0874661456242329,-0.174611947556639,0.156736497194798,0.91973,0.0853957739842679,22,0.918609860098413,,-0.00893772518092092,0.0874661456242334,7,10,15,3.43475248243408e-16
annual,CS-A (preferred),ln_yield,8,-0.0341939201893979,7,10,14,soybean;onion;sweet_potato;corn;garlic;spring_potato;red_pepper,-0.0341939201893971,0.0848906823259031,-0.194927279306942,0.126539438928146,0.68906,0.0828743240948113,21,0.687095765459629,,-0.0341939201893971,0.084890682325903,7,10,14,-8.18789480661053e-16
annual,CS-A (preferred),ln_yield,9,-0.0437869788762223,7,8,11,soybean;onion;sweet_potato;corn;garlic;spring_potato;red_pepper,-0.0437869788762225,0.10394605790291,-0.239598336552154,0.15202437879971,0.67406,0.100989360878662,18,0.673574630245115,,-0.0437869788762225,0.103946057902912,7,8,11,2.42861286636753e-16
annual,CS-B (mean of all clean-pre years),ln_area,-12,-0.0822236708546196,7,20,26,soybean;onion;sweet_potato;corn;garlic;spring_potato;red_pepper,-0.0822236708546194,0.0621649835678584,-0.200272201298332,0.0358248595890928,0.18376,0.0608801634506196,27,0.185945615054601,,-0.0822236708546198,0.0621649835678582,7,20,26,2.08166817117217e-16
annual,CS-B (mean of all clean-pre years),ln_area,-11,0.00135857213441313,7,20,26,soybean;onion;sweet_potato;corn;garlic;spring_potato;red_pepper,0.00135857213441346,0.0528652698807147,-0.0949660441621522,0.0976831884309785,0.98007,0.0518264031419191,27,0.979497609114937,,0.00135857213441339,0.052865269880715,7,20,26,-2.53703308361608e-16
annual,CS-B (mean of all clean-pre years),ln_area,-10,-0.0144730431315384,7,20,26,soybean;onion;sweet_potato;corn;garlic;spring_potato;red_pepper,-0.0144730431315384,0.056350116500634,-0.120425143903985,0.0914790576409085,0.80748,0.0553896301349248,27,0.797301204867051,,-0.0144730431315385,0.0563501165006341,7,20,26,8.32667268468867e-17
annual,CS-B (mean of all clean-pre years),ln_area,-9,0.0249745061426172,7,20,26,soybean;onion;sweet_potato;corn;garlic;spring_potato;red_pepper,0.024974506142617,0.0706151428966297,-0.107088166256384,0.157037178541619,0.73563,0.0692004894155572,27,0.723585692490097,,0.0249745061426168,0.0706151428966293,7,20,26,4.26741975090295e-16
annual,CS-B (mean of all clean-pre years),ln_area,-8,0.154243819084372,7,20,26,soybean;onion;sweet_potato;corn;garlic;spring_potato;red_pepper,0.154243819084372,0.087281388565107,-0.00877905039241583,0.31726668856116,0.06648,0.0855846125916314,27,0.077194453509101,,0.154243819084372,0.0872813885651065,7,20,26,2.77555756156289e-16
annual,CS-B (mean of all clean-pre years),ln_area,-7,0.169755768627654,6,20,26,soybean;onion;sweet_potato;corn;garlic;spring_potato,0.169755768627655,0.0950252744206622,-0.010947854417144,0.350459391672452,0.06736,0.0932696596027013,27,0.0740300574137107,,0.169755768627655,0.0950252744206619,6,20,26,-1.19348975147204e-15
annual,CS-B (mean of all clean-pre years),ln_area,-6,0.198556793610488,6,20,26,soybean;onion;sweet_potato;corn;garlic;spring_potato,0.198556793610488,0.103667489404255,0.00731910137086558,0.389794485850109,0.04007,0.101640401732177,27,0.0554512420386158,,0.198556793610489,0.103667489404255,6,20,26,-1.47104550762833e-15
annual,CS-B (mean of all clean-pre years),ln_area,-5,0.24401014511884,5,20,26,soybean;onion;sweet_potato;corn;garlic,0.24401014511884,0.133337054882099,-0.00535157694525468,0.493371867182934,0.05727,0.130787108937928,27,0.0672461992006604,,0.244010145118838,0.133337054882099,5,20,26,1.38777878078145e-15
annual,CS-B (mean of all clean-pre years),ln_area,-4,0.142654939271566,2,20,23,onion;garlic,0.142654939271566,0.183768834862263,-0.156230037955421,0.441539916498553,0.56474,0.180113431687092,24,0.43758731516231,,0.142654939271566,0.183768834862262,2,20,23,-4.44089209850063e-16
annual,CS-B (mean of all clean-pre years),ln_area,0,0.295062330082613,7,20,20,soybean;onion;sweet_potato;corn;garlic;spring_potato;red_pepper,0.29506233008261,0.20716242691172,-0.0991163310053925,0.689240991170618,0.15201,0.203762952249263,27,0.154358410790091,,0.29506233008261,0.207162426911722,7,20,20,2.38697950294409e-15
annual,CS-B (mean of all clean-pre years),ln_area,1,0.198962391442938,7,20,20,soybean;onion;sweet_potato;corn;garlic;spring_potato;red_pepper,0.198962391442936,0.19986127807449,-0.181932710851938,0.579857493737815,0.3255,0.196466382643578,27,0.319491954597965,,0.198962391442936,0.199861278074491,7,20,20,2.47024622979097e-15
annual,CS-B (mean of all clean-pre years),ln_area,2,0.171549770395897,7,18,20,soybean;onion;sweet_potato;corn;garlic;spring_potato;red_pepper,0.171549770395895,0.214620063493211,-0.236897152008366,0.579996692800159,0.432,0.210899198140341,27,0.424105799824397,,0.171549770395895,0.214620063493207,7,18,20,1.9151347174784e-15
annual,CS-B (mean of all clean-pre years),ln_area,3,0.12651534499718,7,18,20,soybean;onion;sweet_potato;corn;garlic;spring_potato;red_pepper,0.126515344997178,0.217554378082871,-0.286822127794084,0.539852817788444,0.56585,0.213488137894073,27,0.560880370817443,,0.126515344997178,0.217554378082867,7,18,20,1.49880108324396e-15
annual,CS-B (mean of all clean-pre years),ln_area,4,0.234117253154679,7,15,20,soybean;onion;sweet_potato;corn;garlic;spring_potato;red_pepper,0.234117253154678,0.183251960923856,-0.114786253112355,0.583020759421713,0.19976,0.180060936618268,27,0.201400996585024,,0.234117253154678,0.183251960923857,7,15,20,9.99200722162641e-16
annual,CS-B (mean of all clean-pre years),ln_area,5,0.296315016677545,7,14,18,soybean;onion;sweet_potato;corn;garlic;spring_potato;red_pepper,0.296315016677545,0.176492318443465,-0.0385996009209719,0.631229634276062,0.08804,0.173235054549279,25,0.0931692558586339,,0.296315016677545,0.176492318443466,7,14,18,-2.77555756156289e-16
annual,CS-B (mean of all clean-pre years),ln_area,6,0.416845552633673,7,11,18,soybean;onion;sweet_potato;corn;garlic;spring_potato;red_pepper,0.416845552633675,0.201706409007619,0.033338827184621,0.800352278082726,0.03108,0.197794475198727,25,0.038772287323025,,0.416845552633675,0.201706409007618,7,11,18,-1.88737914186277e-15
annual,CS-B (mean of all clean-pre years),ln_area,7,0.403137751263742,7,10,15,soybean;onion;sweet_potato;corn;garlic;spring_potato;red_pepper,0.403137751263741,0.199901865841129,0.0258788088914089,0.780396693636074,0.03465,0.195579008150758,22,0.043729097848595,,0.403137751263741,0.199901865841128,7,10,15,7.21644966006352e-16
annual,CS-B (mean of all clean-pre years),ln_area,8,0.26673480818173,7,10,14,soybean;onion;sweet_potato;corn;garlic;spring_potato;red_pepper,0.26673480818173,0.195515795652287,-0.102516398969612,0.635986015333072,0.16758,0.190680667932267,21,0.172485060293153,,0.26673480818173,0.195515795652287,7,10,14,2.77555756156289e-16
annual,CS-B (mean of all clean-pre years),ln_area,9,0.234369111199468,7,8,11,soybean;onion;sweet_potato;corn;garlic;spring_potato;red_pepper,0.234369111199468,0.207569554207306,-0.15635003905183,0.625088261450767,0.25332,0.201239606439386,18,0.258850921582561,,0.234369111199468,0.207569554207306,7,8,11,1.66533453693773e-16
annual,CS-B (mean of all clean-pre years),ln_production,-12,-0.142166599853093,7,20,26,soybean;onion;sweet_potato;corn;garlic;spring_potato;red_pepper,-0.142166599853093,0.0750431600135233,-0.284365987173251,3.27874670658646e-05,0.05006,0.0735967975186636,27,0.0581633869938728,,-0.142166599853093,0.0750431600135232,7,20,26,6.38378239159465e-16
annual,CS-B (mean of all clean-pre years),ln_production,-11,0.000361302796736119,7,20,26,soybean;onion;sweet_potato;corn;garlic;spring_potato;red_pepper,0.000361302796735683,0.0500621152581484,-0.0933605816437147,0.0940831872371869,0.99407,0.0491087417060272,27,0.994241645218858,,0.000361302796735645,0.0500621152581486,7,20,26,4.74501080788281e-16
annual,CS-B (mean of all clean-pre years),ln_production,-10,-0.0180339346790807,7,20,26,soybean;onion;sweet_potato;corn;garlic;spring_potato;red_pepper,-0.0180339346790809,0.063200883949295,-0.138335181237019,0.102267311878858,0.77736,0.062170368943208,27,0.775381313509294,,-0.0180339346790813,0.0632008839492955,7,20,26,6.21031004399697e-16
annual,CS-B (mean of all clean-pre years),ln_production,-9,-0.0224762253216267,7,20,26,soybean;onion;sweet_potato;corn;garlic;spring_potato;red_pepper,-0.0224762253216268,0.079118726068948,-0.173115596137333,0.12816314549408,0.78239,0.0776976152015462,27,0.776347353131123,,-0.0224762253216271,0.079118726068946,7,20,26,4.05925293378573e-16
annual,CS-B (mean of all clean-pre years),ln_production,-8,0.137465936500269,7,20,26,soybean;onion;sweet_potato;corn;garlic;spring_potato;red_pepper,0.137465936500268,0.0885953446804021,-0.0235340465722387,0.298465919572776,0.10895,0.0867988477353735,27,0.120754180631187,,0.137465936500268,0.088595344680401,7,20,26,4.44089209850063e-16
annual,CS-B (mean of all clean-pre years),ln_production,-7,0.156713996506359,6,20,26,soybean;onion;sweet_potato;corn;garlic;spring_potato,0.156713996506361,0.0981714790297755,-0.0286427139913492,0.342070707004068,0.10544,0.096533011202812,27,0.110415318782584,,0.156713996506361,0.0981714790297748,6,20,26,-1.9151347174784e-15
annual,CS-B (mean of all clean-pre years),ln_production,-6,0.183079678406114,6,20,26,soybean;onion;sweet_potato;corn;garlic;spring_potato,0.183079678406115,0.0893709908536385,0.0132862190443987,0.35287313776783,0.03339,0.0878202560728789,27,0.0405075234040015,,0.183079678406116,0.0893709908536419,6,20,26,-1.27675647831893e-15
annual,CS-B (mean of all clean-pre years),ln_production,-5,0.2034248123209,5,20,26,soybean;onion;sweet_potato;corn;garlic,0.2034248123209,0.130136395137804,-0.0336574629454877,0.440507087587288,0.11083,0.128004108658616,27,0.11801351149108,,0.203424812320898,0.130136395137805,5,20,26,2.33146835171283e-15
annual,CS-B (mean of all clean-pre years),ln_production,-4,0.19926937443126,2,20,23,onion;garlic,0.199269374431259,0.195400567270165,-0.116879706696752,0.515418455559272,0.37777,0.191347576022398,24,0.307823624399752,,0.199269374431259,0.195400567270165,2,20,23,4.16333634234434e-16
annual,CS-B (mean of all clean-pre years),ln_production,0,0.30943098195815,7,20,20,soybean;onion;sweet_potato;corn;garlic;spring_potato;red_pepper,0.309430981958147,0.195009938531662,-0.0602451786022547,0.679107142518555,0.10753,0.191132904906823,27,0.112570483176329,,0.309430981958147,0.195009938531664,7,20,20,3.71924713249427e-15
annual,CS-B (mean of all clean-pre years),ln_production,1,0.227693986337116,7,20,20,soybean;onion;sweet_potato;corn;garlic;spring_potato;red_pepper,0.227693986337113,0.192260495591991,-0.138043655058286,0.593431627732518,0.23679,0.18862906577869,27,0.236294572926731,,0.227693986337113,0.192260495591993,7,20,20,3.69149155687865e-15
annual,CS-B (mean of all clean-pre years),ln_production,2,0.130610342398745,7,18,20,soybean;onion;sweet_potato;corn;garlic;spring_potato;red_pepper,0.130610342398743,0.233476985254328,-0.311051709778777,0.572272394576268,0.58496,0.229087424272429,27,0.575879068158808,,0.130610342398743,0.233476985254322,7,18,20,2.3037127760972e-15
annual,CS-B (mean of all clean-pre years),ln_production,3,0.123770994661135,7,18,20,soybean;onion;sweet_potato;corn;garlic;spring_potato;red_pepper,0.123770994661133,0.210996920195597,-0.278131691037889,0.525673680360159,0.55959,0.206948792575036,27,0.557471741868591,,0.123770994661133,0.210996920195592,7,18,20,2.04003480774873e-15
annual,CS-B (mean of all clean-pre years),ln_production,4,0.141796312062011,7,15,20,soybean;onion;sweet_potato;corn;garlic;spring_potato;red_pepper,0.141796312062009,0.191540851002339,-0.223321205072304,0.506913829196327,0.46041,0.187894410201702,27,0.459122351476924,,0.141796312062009,0.19154085100234,7,15,20,1.58206781009085e-15
annual,CS-B (mean of all clean-pre years),ln_production,5,0.201403400206393,7,14,18,soybean;onion;sweet_potato;corn;garlic;spring_potato;red_pepper,0.201403400206393,0.18483000819713,-0.145622427451653,0.548429227864439,0.27945,0.180822000040879,25,0.275859286302908,,0.201403400206393,0.184830008197134,7,14,18,-1.66533453693773e-16
annual,CS-B (mean of all clean-pre years),ln_production,6,0.386863195143435,7,11,18,soybean;onion;sweet_potato;corn;garlic;spring_potato;red_pepper,0.386863195143437,0.188455873335043,0.0300053804869381,0.743721009799932,0.03226,0.184468238363314,25,0.040091474850465,,0.386863195143437,0.188455873335042,7,11,18,-1.88737914186277e-15
annual,CS-B (mean of all clean-pre years),ln_production,7,0.3856036850493,7,10,15,soybean;onion;sweet_potato;corn;garlic;spring_potato;red_pepper,0.385603685049298,0.229790408192671,-0.0427672654572621,0.813974635555861,0.08368,0.224187652106931,22,0.093334033546043,,0.385603685049298,0.22979040819267,7,10,15,1.11022302462516e-15
annual,CS-B (mean of all clean-pre years),ln_production,8,0.212723699436998,7,10,14,soybean;onion;sweet_potato;corn;garlic;spring_potato;red_pepper,0.212723699436997,0.2271241767173,-0.215168964373346,0.640616363247343,0.34893,0.221339952420744,21,0.348966174659141,,0.212723699436997,0.227124176717299,7,10,14,1.0547118733939e-15
annual,CS-B (mean of all clean-pre years),ln_production,9,0.158433817903268,7,8,11,soybean;onion;sweet_potato;corn;garlic;spring_potato;red_pepper,0.158433817903267,0.248101863487703,-0.309352819991799,0.626220455798335,0.52455,0.241301048471791,18,0.523093756564484,,0.158433817903267,0.248101863487705,7,8,11,8.88178419700125e-16
annual,CS-B (mean of all clean-pre years),ln_yield,-12,-0.0611864170126765,7,20,26,soybean;onion;sweet_potato;corn;garlic;spring_potato;red_pepper,-0.0611864170126768,0.0335003984835373,-0.125197289418839,0.00282445539348628,0.0618,0.0328949791839391,27,0.0677842395032072,,-0.0611864170126771,0.0335003984835374,7,20,26,5.68989300120393e-16
annual,CS-B (mean of all clean-pre years),ln_yield,-11,-0.00186503075477238,7,20,26,soybean;onion;sweet_potato;corn;garlic;spring_potato;red_pepper,-0.00186503075477263,0.0205985805080994,-0.0411737493125168,0.0374436878029721,0.9296,0.0202368566550579,27,0.927856748252241,,-0.00186503075477291,0.020598580508099,7,20,26,5.310422240834e-16
annual,CS-B (mean of all clean-pre years),ln_yield,-10,-0.00371640745352509,7,20,26,soybean;onion;sweet_potato;corn;garlic;spring_potato;red_pepper,-0.00371640745352532,0.0243961419161153,-0.050067371516475,0.0426345566094248,0.88144,0.0240099423218753,27,0.878922036500349,,-0.00371640745352556,0.0243961419161161,7,20,26,4.74446870679657e-16
annual,CS-B (mean of all clean-pre years),ln_yield,-9,-0.0470364384145687,7,20,26,soybean;onion;sweet_potato;corn;garlic;spring_potato;red_pepper,-0.0470364384145689,0.0331752538331143,-0.108807486288344,0.0147346094592064,0.16272,0.0326754637492097,27,0.156244203544513,,-0.0470364384145693,0.0331752538331137,7,20,26,5.82867087928207e-16
annual,CS-B (mean of all clean-pre years),ln_yield,-8,-0.0165874609417671,7,20,26,soybean;onion;sweet_potato;corn;garlic;spring_potato;red_pepper,-0.0165874609417677,0.0393388219279443,-0.0863579907888957,0.0531830689053614,0.72674,0.0385665863713797,27,0.673275927380327,,-0.0165874609417679,0.0393388219279452,7,20,26,7.94503351997378e-16
annual,CS-B (mean of all clean-pre years),ln_yield,-7,-0.0129880872648766,6,20,26,soybean;onion;sweet_potato;corn;garlic;spring_potato,-0.0129880872648764,0.0370974188229987,-0.082264021971256,0.0562878474415029,0.74247,0.0364371643197412,27,0.726257967786046,,-0.0129880872648759,0.0370974188229984,6,20,26,-6.956241138667e-16
annual,CS-B (mean of all clean-pre years),ln_yield,-6,-0.0155458334334809,6,20,26,soybean;onion;sweet_potato;corn;garlic;spring_potato,-0.0155458334334806,0.046657898566091,-0.0997115656070278,0.068619898740066,0.77677,0.0458159074254828,27,0.738992674605472,,-0.0155458334334801,0.0466578985660908,6,20,26,-7.73686670285656e-16
annual,CS-B (mean of all clean-pre years),ln_yield,-5,-0.0403396841476174,5,20,26,soybean;onion;sweet_potato;corn;garlic,-0.0403396841476178,0.0544979895074513,-0.135941062126491,0.055261693831256,0.53043,0.0534573551835293,27,0.459175616115035,,-0.0403396841476189,0.0544979895074506,5,20,26,1.52655665885959e-15
annual,CS-B (mean of all clean-pre years),ln_yield,-4,0.0564558050443334,2,20,23,onion;garlic,0.0564558050443333,0.0524692800708706,-0.0313634863151867,0.144275096403853,0.3228,0.0512876770200567,24,0.281936976167564,,0.0564558050443333,0.0524692800708774,2,20,23,9.0205620750794e-17
annual,CS-B (mean of all clean-pre years),ln_yield,0,0.015105610766028,7,20,20,soybean;onion;sweet_potato;corn;garlic;spring_potato;red_pepper,0.0151056107660259,0.0695885987434056,-0.11385512347778,0.144066345009836,0.84244,0.0682296809201149,27,0.828153640364857,,0.0151056107660259,0.0695885987434052,7,20,20,2.07472927726826e-15
annual,CS-B (mean of all clean-pre years),ln_yield,1,0.0294889122821082,7,20,20,soybean;onion;sweet_potato;corn;garlic;spring_potato;red_pepper,0.0294889122821059,0.0721810808724297,-0.102530702174908,0.161508526739125,0.7167,0.0707864289669432,27,0.682876726172262,,0.0294889122821059,0.0721810808724303,7,20,20,2.28983498828939e-15
annual,CS-B (mean of all clean-pre years),ln_yield,2,-0.0398648867164695,7,18,20,soybean;onion;sweet_potato;corn;garlic;spring_potato;red_pepper,-0.039864886716471,0.0782420456351918,-0.187885848159746,0.108156074726807,0.61583,0.0765761104900617,27,0.610396742790994,,-0.039864886716471,0.0782420456351897,7,18,20,1.49880108324396e-15
annual,CS-B (mean of all clean-pre years),ln_yield,3,-0.00234824414550286,7,18,20,soybean;onion;sweet_potato;corn;garlic;spring_potato;red_pepper,-0.00234824414550419,0.0708261868656297,-0.134790854684718,0.130094366393713,0.9747,0.0694237603082942,27,0.97355096155601,,-0.00234824414550419,0.0708261868656294,7,18,20,1.33270131041918e-15
annual,CS-B (mean of all clean-pre years),ln_yield,4,-0.0918664146191857,7,15,20,soybean;onion;sweet_potato;corn;garlic;spring_potato;red_pepper,-0.0918664146191867,0.0675965894656044,-0.219989438170927,0.0362566089325554,0.16968,0.0662355482086858,27,0.174134168512894,,-0.0918664146191867,0.0675965894656024,7,15,20,9.15933995315754e-16
annual,CS-B (mean of all clean-pre years),ln_yield,5,-0.0944955279598141,7,14,18,soybean;onion;sweet_potato;corn;garlic;spring_potato;red_pepper,-0.0944955279598139,0.0794922305845444,-0.245111325643873,0.0561202697242453,0.23325,0.0776956261991279,25,0.23454232296805,,-0.0944955279598139,0.0794922305845471,7,14,18,-1.2490009027033e-16
annual,CS-B (mean of all clean-pre years),ln_yield,6,-0.029826152510856,7,11,18,soybean;onion;sweet_potato;corn;garlic;spring_potato;red_pepper,-0.0298261525108549,0.0650918494685925,-0.153426767551814,0.0937744625301021,0.64727,0.063628488444577,25,0.646796983256049,,-0.0298261525108549,0.0650918494685931,7,11,18,-1.17267306976032e-15
annual,CS-B (mean of all clean-pre years),ln_yield,7,-0.0176057152456713,7,10,15,soybean;onion;sweet_potato;corn;garlic;spring_potato;red_pepper,-0.017605715245672,0.100176539631729,-0.207027694117383,0.17181626362604,0.86118,0.0975979816028122,22,0.86049279604845,,-0.017605715245672,0.100176539631729,7,10,15,6.93889390390723e-16
annual,CS-B (mean of all clean-pre years),ln_yield,8,-0.0542567039851878,7,10,14,soybean;onion;sweet_potato;corn;garlic;spring_potato;red_pepper,-0.0542567039851884,0.102804703284569,-0.248548511983285,0.14003510401291,0.59925,0.100131977367393,21,0.59766258905717,,-0.0542567039851884,0.102804703284569,7,10,14,5.62050406216486e-16
annual,CS-B (mean of all clean-pre years),ln_yield,9,-0.0765118589720082,7,8,11,soybean;onion;sweet_potato;corn;garlic;spring_potato;red_pepper,-0.0765118589720087,0.106505459851662,-0.277455782168341,0.124432064224325,0.46829,0.103263018213423,18,0.472520313890944,,-0.0765118589720087,0.106505459851663,7,8,11,5.68989300120393e-16
annual,CS-B5 (mean of last 5 clean-pre years),ln_area,-12,-0.222105907276573,7,22,28,soybean;onion;sweet_potato;corn;garlic;spring_potato;red_pepper,-0.222105907276576,0.105624126162049,-0.420376024143757,-0.0238357904093896,0.02333,0.10370624294465,29,0.0354836743319597,,-0.222105907276576,0.105624126162048,7,22,28,2.19269047363468e-15
annual,CS-B5 (mean of last 5 clean-pre years),ln_area,-11,-0.134825428919827,7,22,28,soybean;onion;sweet_potato;corn;garlic;spring_potato;red_pepper,-0.13482542891983,0.0697194729762184,-0.265934097577016,-0.0037167602626379,0.04248,0.0682961935703629,29,0.0531343496203989,,-0.134825428919829,0.069719472976219,7,22,28,2.33146835171283e-15
annual,CS-B5 (mean of last 5 clean-pre years),ln_area,-10,-0.143747181465023,7,22,28,soybean;onion;sweet_potato;corn;garlic;spring_potato;red_pepper,-0.143747181465025,0.0685710261957459,-0.274152747476908,-0.0133416154531371,0.02585,0.067239060319304,29,0.0360533382061926,,-0.143747181465025,0.0685710261957467,7,22,28,2.13717932240343e-15
annual,CS-B5 (mean of last 5 clean-pre years),ln_area,-9,-0.118249861339971,7,22,28,soybean;onion;sweet_potato;corn;garlic;spring_potato;red_pepper,-0.118249861339973,0.0592340436640577,-0.223785441178714,-0.0127142815012268,0.02078,0.0581760663752172,29,0.0458995518255069,,-0.118249861339971,0.0592340436640582,7,22,28,6.10622663543836e-16
annual,CS-B5 (mean of last 5 clean-pre years),ln_area,-8,0.0111331882693675,7,22,28,soybean;onion;sweet_potato;corn;garlic;spring_potato;red_pepper,0.0111331882693647,0.0543427603648752,-0.0845012644079478,0.106767640946683,0.87767,0.053271351418401,29,0.83767388216645,,0.0111331882693669,0.0543427603648756,7,22,28,5.62050406216486e-16
annual,CS-B5 (mean of last 5 clean-pre years),ln_area,-7,0.00244155406890892,6,22,28,soybean;onion;sweet_potato;corn;garlic;spring_potato,0.00244155406890693,0.0463504613938235,-0.0817331637797789,0.0866162719175967,0.9571,0.0453697206051803,29,0.957990110438479,,0.0024415540689076,0.0463504613938231,6,22,28,1.32142560782533e-15
annual,CS-B5 (mean of last 5 clean-pre years),ln_area,-6,0.0374706299056914,6,22,28,soybean;onion;sweet_potato;corn;garlic;spring_potato,0.0374706299056892,0.0436647477112388,-0.043462440754639,0.118403700566022,0.41721,0.0429270563045407,29,0.390813097362918,,0.0374706299056901,0.0436647477112393,6,22,28,1.26981758441502e-15
annual,CS-B5 (mean of last 5 clean-pre years),ln_area,-5,0.0718378666061391,5,22,28,soybean;onion;sweet_potato;corn;garlic,0.0718378666061391,0.0484374298595876,-0.0194591252639637,0.163134858476242,0.14056,0.0475500929742155,29,0.138046119858535,,0.0718378666061381,0.0484374298595878,5,22,28,1.06858966120171e-15
annual,CS-B5 (mean of last 5 clean-pre years),ln_area,-4,-0.0366323070440899,2,22,25,onion;garlic,-0.0366323070440903,0.0303158855935988,-0.093435139018717,0.0201705249305373,0.22874,0.0295991743441602,26,0.226911310487207,,-0.0366323070440903,0.0303158855935964,2,22,25,4.09394740330526e-16
annual,CS-B5 (mean of last 5 clean-pre years),ln_area,0,0.147190943272318,7,22,22,soybean;onion;sweet_potato;corn;garlic;spring_potato;red_pepper,0.147190943272316,0.148520452884408,-0.135478784993918,0.429860671538553,0.32221,0.145205201939967,29,0.321661993052391,,0.147190943272316,0.148520452884411,7,22,22,1.08246744900953e-15
annual,CS-B5 (mean of last 5 clean-pre years),ln_area,1,0.0517937915605546,7,22,22,soybean;onion;sweet_potato;corn;garlic;spring_potato;red_pepper,0.0517937915605533,0.142112159748626,-0.21879807404532,0.322385657166429,0.71722,0.139019448614487,29,0.715516672095268,,0.0517937915605533,0.142112159748627,7,22,22,1.29757316003065e-15
annual,CS-B5 (mean of last 5 clean-pre years),ln_area,2,0.0156013911703517,7,20,22,soybean;onion;sweet_potato;corn;garlic;spring_potato;red_pepper,0.0156013911703495,0.159327769822984,-0.28702045168184,0.318223234022543,0.9227,0.156170386086958,29,0.921995739112879,,0.0156013911703495,0.159327769822981,7,20,22,2.1614654510671e-15
annual,CS-B5 (mean of last 5 clean-pre years),ln_area,3,-0.0286901542890853,7,20,22,soybean;onion;sweet_potato;corn;garlic;spring_potato;red_pepper,-0.0286901542890871,0.163445854362274,-0.341184250716682,0.283803942138511,0.86174,0.160405443292976,29,0.86066077990442,,-0.0286901542890871,0.163445854362271,7,20,22,1.76594849854439e-15
annual,CS-B5 (mean of last 5 clean-pre years),ln_area,4,0.0348143963744929,7,15,22,soybean;onion;sweet_potato;corn;garlic;spring_potato;red_pepper,0.0348143963744912,0.148035882877731,-0.247271867128327,0.316900659877313,0.81466,0.145210455235258,29,0.8140726069168,,0.0348143963744912,0.148035882877734,7,15,22,1.70696790036118e-15
annual,CS-B5 (mean of last 5 clean-pre years),ln_area,5,0.0705048283148674,7,14,20,soybean;onion;sweet_potato;corn;garlic;spring_potato;red_pepper,0.0705048283148651,0.143011995287221,-0.200569988103908,0.341579644733642,0.6232,0.140096664451921,27,0.622013009089291,,0.0705048283148651,0.143011995287225,7,14,20,2.23432383705813e-15
annual,CS-B5 (mean of last 5 clean-pre years),ln_area,6,0.191896834702092,7,11,20,soybean;onion;sweet_potato;corn;garlic;spring_potato;red_pepper,0.191896834702091,0.17412730349902,-0.138989345155412,0.522783014559597,0.26933,0.170671697302716,27,0.270440334660526,,0.191896834702091,0.174127303499021,7,11,20,1.36002320516582e-15
annual,CS-B5 (mean of last 5 clean-pre years),ln_area,7,0.194680391050438,7,10,15,soybean;onion;sweet_potato;corn;garlic;spring_potato;red_pepper,0.194680391050437,0.175249687295923,-0.13816066026864,0.527521442369516,0.26237,0.171140383028808,22,0.266622416524689,,0.194680391050437,0.175249687295921,7,10,15,1.02695629777827e-15
annual,CS-B5 (mean of last 5 clean-pre years),ln_area,8,0.0628641624650752,7,10,14,soybean;onion;sweet_potato;corn;garlic;spring_potato;red_pepper,0.0628641624650729,0.181338818294324,-0.281856304737354,0.407584629667505,0.73163,0.17714817613701,21,0.728841594440722,,0.0628641624650729,0.181338818294325,7,10,14,2.3037127760972e-15
annual,CS-B5 (mean of last 5 clean-pre years),ln_area,9,0.0136336496076409,7,8,11,soybean;onion;sweet_potato;corn;garlic;spring_potato;red_pepper,0.0136336496076386,0.200275729959287,-0.364810313771075,0.392077612986357,0.94802,0.194805270227325,18,0.945726411074168,,0.0136336496076386,0.200275729959287,7,8,11,2.23258911358215e-15
annual,CS-B5 (mean of last 5 clean-pre years),ln_production,-12,-0.268662656658154,7,22,28,soybean;onion;sweet_potato;corn;garlic;spring_potato;red_pepper,-0.268662656658157,0.113689685841814,-0.485102065840172,-0.0522232474761359,0.01249,0.111700886708598,29,0.0181216775371102,,-0.268662656658157,0.113689685841813,7,22,28,2.44249065417534e-15
annual,CS-B5 (mean of last 5 clean-pre years),ln_production,-11,-0.119409434774055,7,22,28,soybean;onion;sweet_potato;corn;garlic;spring_potato;red_pepper,-0.119409434774058,0.061219147778402,-0.233911530426489,-0.00490733912162182,0.03925,0.0601499969725133,29,0.0511136611247719,,-0.119409434774058,0.0612191477784029,7,22,28,2.63677968348475e-15
annual,CS-B5 (mean of last 5 clean-pre years),ln_production,-10,-0.131000045486827,7,22,28,soybean;onion;sweet_potato;corn;garlic;spring_potato;red_pepper,-0.13100004548683,0.0664117732931341,-0.256098168613567,-0.00590192236008733,0.03765,0.0653772402555293,29,0.0485477093507008,,-0.13100004548683,0.0664117732931361,7,22,28,2.33146835171283e-15
annual,CS-B5 (mean of last 5 clean-pre years),ln_production,-9,-0.147611882163612,7,22,28,soybean;onion;sweet_potato;corn;garlic;spring_potato;red_pepper,-0.147611882163614,0.0659385933594072,-0.271957686804184,-0.0232660775230401,0.01363,0.0646976522287769,29,0.025180228803469,,-0.147611882163613,0.0659385933594076,7,22,28,8.04911692853239e-16
annual,CS-B5 (mean of last 5 clean-pre years),ln_production,-8,0.0179205387605565,7,22,28,soybean;onion;sweet_potato;corn;garlic;spring_potato;red_pepper,0.0179205387605537,0.0611489111171647,-0.0934501013628645,0.129291178883977,0.79978,0.0599494753218436,29,0.769473304671421,,0.017920538760556,0.061148911117167,7,22,28,5.62050406216486e-16
annual,CS-B5 (mean of last 5 clean-pre years),ln_production,-7,0.0119165787441069,6,22,28,soybean;onion;sweet_potato;corn;garlic;spring_potato,0.011916578744105,0.0579028261912874,-0.0916991725707757,0.11553233005899,0.86152,0.0569570744564935,29,0.836944751761146,,0.011916578744106,0.0579028261912855,6,22,28,9.21138165743685e-16
annual,CS-B5 (mean of last 5 clean-pre years),ln_production,-6,0.0426586414299478,6,22,28,soybean;onion;sweet_potato;corn;garlic;spring_potato,0.0426586414299455,0.0510112779087713,-0.0540555775758195,0.139372860435715,0.41096,0.0501206937010229,29,0.403009200169102,,0.0426586414299466,0.051011277908773,6,22,28,1.13103970633688e-15
annual,CS-B5 (mean of last 5 clean-pre years),ln_production,-5,0.0666370792262953,5,22,28,soybean;onion;sweet_potato;corn;garlic,0.066637079226296,0.0641142826544841,-0.0537132047851527,0.186987363237743,0.29874,0.0631067768717647,29,0.298642717233523,,0.0666370792262945,0.0641142826544841,5,22,28,8.74300631892311e-16
annual,CS-B5 (mean of last 5 clean-pre years),ln_production,-4,0.0199801423419164,2,22,25,onion;garlic,0.019980142341917,0.0427729082508529,-0.0607115990349416,0.100671883718774,0.65082,0.0419182033573854,26,0.640412998180119,,0.019980142341917,0.0427729082508573,2,22,25,-5.48172618408671e-16
annual,CS-B5 (mean of last 5 clean-pre years),ln_production,0,0.186227294710303,7,22,22,soybean;onion;sweet_potato;corn;garlic;spring_potato;red_pepper,0.186227294710301,0.142180223819337,-0.0846868046187502,0.457141394039356,0.18793,0.139636296687952,29,0.190264365769497,,0.186227294710301,0.142180223819339,7,22,22,1.74860126378462e-15
annual,CS-B5 (mean of last 5 clean-pre years),ln_production,1,0.103531694353855,7,22,22,soybean;onion;sweet_potato;corn;garlic;spring_potato;red_pepper,0.103531694353853,0.142022905458836,-0.167878761955999,0.374942150663709,0.46649,0.139257566756577,29,0.466014599802539,,0.103531694353853,0.142022905458838,7,22,22,1.70696790036118e-15
annual,CS-B5 (mean of last 5 clean-pre years),ln_production,2,-0.00366219905569257,7,20,22,soybean;onion;sweet_potato;corn;garlic;spring_potato;red_pepper,-0.00366219905569504,0.18604041069973,-0.354947399241487,0.347623001130102,0.98469,0.182046281538355,29,0.984294684295405,,-0.00366219905569504,0.186040410699724,7,20,22,2.46417469762505e-15
annual,CS-B5 (mean of last 5 clean-pre years),ln_production,3,-0.00811464543251021,7,20,22,soybean;onion;sweet_potato;corn;garlic;spring_potato;red_pepper,-0.00811464543251239,0.165101508058042,-0.322777328754404,0.306548037889384,0.96096,0.161946405204722,29,0.960800209510865,,-0.00811464543251239,0.165101508058037,7,20,22,2.18054740930285e-15
annual,CS-B5 (mean of last 5 clean-pre years),ln_production,4,-0.0315018953820527,7,15,22,soybean;onion;sweet_potato;corn;garlic;spring_potato;red_pepper,-0.0315018953820552,0.162359015963735,-0.342293875996363,0.279290085232258,0.84711,0.159521061091542,29,0.846155403355926,,-0.0315018953820552,0.162359015963739,7,15,22,2.51881848711832e-15
annual,CS-B5 (mean of last 5 clean-pre years),ln_production,5,0.00214231567348988,7,14,20,soybean;onion;sweet_potato;corn;garlic;spring_potato;red_pepper,0.00214231567348708,0.155272844436316,-0.293857013156665,0.298141644503645,0.98932,0.152433392924824,27,0.988991852523052,,0.00214231567348708,0.155272844436324,7,14,20,2.80548154152349e-15
annual,CS-B5 (mean of last 5 clean-pre years),ln_production,6,0.187279530227914,7,11,20,soybean;onion;sweet_potato;corn;garlic;spring_potato;red_pepper,0.187279530227912,0.170463025900173,-0.139204781406496,0.513763841862323,0.26912,0.167392913045605,27,0.271919922947078,,0.187279530227912,0.170463025900172,7,11,20,1.66533453693773e-15
annual,CS-B5 (mean of last 5 clean-pre years),ln_production,7,0.203981285838709,7,10,15,soybean;onion;sweet_potato;corn;garlic;spring_potato;red_pepper,0.203981285838708,0.211152662707489,-0.195607151783663,0.603569723461081,0.33376,0.206089101988159,22,0.334025664566017,,0.203981285838708,0.211152662707486,7,10,15,1.13797860024079e-15
annual,CS-B5 (mean of last 5 clean-pre years),ln_production,8,0.0444401082475264,7,10,14,soybean;onion;sweet_potato;corn;garlic;spring_potato;red_pepper,0.0444401082475233,0.21730534817747,-0.36854677137914,0.457426987874192,0.83576,0.211888119232042,21,0.837958604592146,,0.0444401082475233,0.21730534817747,7,10,14,3.0739299994309e-15
annual,CS-B5 (mean of last 5 clean-pre years),ln_production,9,-0.0157654730152401,7,8,11,soybean;onion;sweet_potato;corn;garlic;spring_potato;red_pepper,-0.0157654730152432,0.248126132388513,-0.482816380082616,0.451285434052135,0.94808,0.240406672385362,18,0.949337989006807,,-0.0157654730152432,0.248126132388514,7,8,11,3.08780778723872e-15
annual,CS-B5 (mean of last 5 clean-pre years),ln_yield,-12,-0.0478433565225016,7,22,28,soybean;onion;sweet_potato;corn;garlic;spring_potato;red_pepper,-0.0478433565225032,0.0476107864047254,-0.137654135234539,0.0419674221895356,0.32721,0.0467820842597257,29,0.314952314786342,,-0.047843356522503,0.0476107864047257,7,22,28,1.45716771982052e-15
annual,CS-B5 (mean of last 5 clean-pre years),ln_yield,-11,0.0144392220160288,7,22,28,soybean;onion;sweet_potato;corn;garlic;spring_potato;red_pepper,0.014439222016027,0.0353633513318351,-0.043707309589411,0.0725857536214686,0.82517,0.0347423481327299,29,0.683045848778648,,0.0144392220160272,0.0353633513318343,7,22,28,1.59768032137464e-15
annual,CS-B5 (mean of last 5 clean-pre years),ln_yield,-10,0.0124144431654992,7,22,28,soybean;onion;sweet_potato;corn;garlic;spring_potato;red_pepper,0.0124144431654977,0.0292570662549849,-0.0410797496358337,0.0659086359668321,0.70786,0.0287875008007141,29,0.671330341449784,,0.0124144431654979,0.0292570662549853,7,22,28,1.28196064874686e-15
annual,CS-B5 (mean of last 5 clean-pre years),ln_yield,-9,-0.0291100828401827,7,22,28,soybean;onion;sweet_potato;corn;garlic;spring_potato;red_pepper,-0.0291100828401839,0.0396102882552527,-0.104643186541108,0.0464230208607429,0.47831,0.0390671749815175,29,0.462392986949625,,-0.0291100828401832,0.0396102882552519,7,22,28,4.9960036108132e-16
annual,CS-B5 (mean of last 5 clean-pre years),ln_yield,-8,0.00684236047289447,7,22,28,soybean;onion;sweet_potato;corn;garlic;spring_potato;red_pepper,0.00684236047289295,0.0234999337089749,-0.0362830708494097,0.0499677917951986,0.79952,0.0231606298437934,29,0.770925055372244,,0.00684236047289428,0.0234999337089766,7,22,28,1.82145964977565e-16
annual,CS-B5 (mean of last 5 clean-pre years),ln_yield,-7,0.00936590559418967,6,22,28,soybean;onion;sweet_potato;corn;garlic;spring_potato,0.00936590559418845,0.0183510715034276,-0.0247730654350533,0.0435048766234326,0.63547,0.0180805678810394,29,0.609789627755612,,0.00936590559418909,0.0183510715034283,6,22,28,5.74193470548323e-16
annual,CS-B5 (mean of last 5 clean-pre years),ln_yield,-6,0.00493084343662602,6,22,28,soybean;onion;sweet_potato;corn;garlic;spring_potato,0.0049308434366251,0.0231340124585392,-0.038032283411813,0.0478939702850651,0.84626,0.0227424474882746,29,0.831215742273305,,0.00493084343662572,0.0231340124585396,6,22,28,3.00107161343988e-16
annual,CS-B5 (mean of last 5 clean-pre years),ln_yield,-5,-0.00517089658745708,5,22,28,soybean;onion;sweet_potato;corn;garlic,-0.00517089658745675,0.0265508381716366,-0.0551681879104933,0.0448263947355791,0.85906,0.0260652949766694,29,0.845585103341074,,-0.0051708965874576,0.0265508381716359,5,22,28,5.21284404531031e-16
annual,CS-B5 (mean of last 5 clean-pre years),ln_yield,-4,0.0565116794387019,2,22,25,onion;garlic,0.0565116794387027,0.0406274308363487,-0.0123224546781473,0.125345813555551,0.17276,0.0398219424811469,26,0.164233464450911,,0.0565116794387027,0.0406274308363525,2,22,25,-8.32667268468867e-16
annual,CS-B5 (mean of last 5 clean-pre years),ln_yield,0,0.0395866256005511,7,22,22,soybean;onion;sweet_potato;corn;garlic;spring_potato;red_pepper,0.0395866256005506,0.0443201808627955,-0.044427513668601,0.123600764869703,0.37543,0.0435094755784026,29,0.371752010389796,,0.0395866256005506,0.0443201808627945,7,22,22,5.82867087928207e-16
annual,CS-B5 (mean of last 5 clean-pre years),ln_yield,1,0.0523110630230648,7,22,22,soybean;onion;sweet_potato;corn;garlic;spring_potato;red_pepper,0.052311063023064,0.0493511304102178,-0.0411830439350037,0.145805169981133,0.29689,0.0485525547586713,29,0.289155064310048,,0.052311063023064,0.0493511304102187,7,22,22,8.39606162372775e-16
annual,CS-B5 (mean of last 5 clean-pre years),ln_yield,2,-0.0184047631045536,7,20,22,soybean;onion;sweet_potato;corn;garlic;spring_potato;red_pepper,-0.0184047631045547,0.0591738174546575,-0.129760940322117,0.0929514141130102,0.76541,0.0579947239215275,29,0.755778706033074,,-0.0184047631045547,0.0591738174546545,7,20,22,1.13103970633688e-15
annual,CS-B5 (mean of last 5 clean-pre years),ln_yield,3,0.0207883598948693,7,20,22,soybean;onion;sweet_potato;corn;garlic;spring_potato;red_pepper,0.0207883598948683,0.0478270111662093,-0.070495532763018,0.112072252552757,0.66466,0.0469373728593481,29,0.663811191393514,,0.0207883598948683,0.0478270111662087,7,20,22,1.00267016911459e-15
annual,CS-B5 (mean of last 5 clean-pre years),ln_yield,4,-0.0660602226367786,7,15,22,soybean;onion;sweet_potato;corn;garlic;spring_potato;red_pepper,-0.0660602226367796,0.0507480544356949,-0.162524213916119,0.0304037686425624,0.1913,0.0498291164909525,29,0.193008985189774,,-0.0660602226367796,0.0507480544356918,7,15,22,1.04083408558608e-15
annual,CS-B5 (mean of last 5 clean-pre years),ln_yield,5,-0.0681642002243892,7,14,20,soybean;onion;sweet_potato;corn;garlic;spring_potato;red_pepper,-0.0681642002243905,0.0613902657281487,-0.184728000013396,0.0483995995646172,0.26602,0.0601148271609544,27,0.266851612345378,,-0.0681642002243905,0.0613902657281514,7,14,20,1.30451205393456e-15
annual,CS-B5 (mean of last 5 clean-pre years),ln_yield,6,-0.00465255246372035,7,11,20,soybean;onion;sweet_potato;corn;garlic;spring_potato;red_pepper,-0.00465255246372104,0.0498117779673118,-0.100310830093325,0.0910057251658845,0.9243,0.0488962728819222,27,0.925583678942596,,-0.00465255246372104,0.049811777967312,7,11,20,6.89552581700781e-16
annual,CS-B5 (mean of last 5 clean-pre years),ln_yield,7,0.00904832188027244,7,10,15,soybean;onion;sweet_potato;corn;garlic;spring_potato;red_pepper,0.00904832188027194,0.0842394269032955,-0.150405252226932,0.168501895987477,0.9135,0.0819586100737872,22,0.914462167376616,,0.00904832188027194,0.0842394269032954,7,10,15,4.9960036108132e-16
annual,CS-B5 (mean of last 5 clean-pre years),ln_yield,8,-0.01886025779238,7,10,14,soybean;onion;sweet_potato;corn;garlic;spring_potato;red_pepper,-0.0188602577923814,0.0860253894331074,-0.181386769383042,0.143666253798282,0.82514,0.0835905615098159,21,0.826462632313182,,-0.0188602577923814,0.0860253894331068,7,10,14,1.42594269725294e-15
annual,CS-B5 (mean of last 5 clean-pre years),ln_yield,9,-0.0301811843888708,7,8,11,soybean;onion;sweet_potato;corn;garlic;spring_potato;red_pepper,-0.0301811843888724,0.0986940051031393,-0.216820060735789,0.156457691958047,0.75898,0.0958732362301853,18,0.759752626299658,,-0.0301811843888724,0.0986940051031405,7,8,11,1.55431223447522e-15
annual,Cohort 2012 only,ln_area,-12,-0.167573963688861,2,22,23,soybean;onion,-0.167573963688861,0.131314359970667,-0.413181700549195,0.0780337731714732,0.20999,0.128211596173475,24,0.201910188657258,,-0.167573963688861,0.131314359970673,2,22,23,-5.55111512312578e-17
annual,Cohort 2012 only,ln_area,-11,-0.177635138374456,2,22,23,soybean;onion,-0.177635138374456,0.152602394042041,-0.435402523485678,0.0801322467367658,0.26943,0.148806553169378,24,0.244408206620902,,-0.177635138374456,0.152602394042039,2,22,23,-1.38777878078145e-16
annual,Cohort 2012 only,ln_area,-10,-0.198233991191931,2,22,23,soybean;onion,-0.198233991191931,0.139850003115666,-0.445229289890725,0.0487613075068631,0.17033,0.136764190017633,24,0.156343872865858,,-0.198233991191931,0.139850003115669,2,22,23,0
annual,Cohort 2012 only,ln_area,-9,-0.251377646298806,2,22,23,soybean;onion,-0.251377646298806,0.191631620769273,-0.544226434191113,0.0414711415935012,0.1605,0.1877453899319,24,0.189595926934265,,-0.251377646298806,0.191631620769277,2,22,23,2.22044604925031e-16
annual,Cohort 2012 only,ln_area,-8,-0.0803548222026457,2,22,23,soybean;onion,-0.0803548222026451,0.0766926653498715,-0.218722381831783,0.0580127374264916,0.32283,0.07530654481052,24,0.294753311203568,,-0.0803548222026451,0.0766926653498725,2,22,23,-6.38378239159465e-16
annual,Cohort 2012 only,ln_area,-7,0.153400080914606,2,22,23,soybean;onion,0.153400080914607,0.138279633323474,-0.049361175097746,0.356161336926959,0.2922,0.135058714123638,24,0.267280565084501,,0.153400080914607,0.138279633323475,2,22,23,-3.60822483003176e-16
annual,Cohort 2012 only,ln_area,-6,0.0356500623752248,2,22,23,soybean;onion,0.0356500623752246,0.072560863213614,-0.0907181995938669,0.162018324344317,0.69976,0.0709784745773965,24,0.623205408372823,,0.0356500623752246,0.072560863213616,2,22,23,2.35922392732846e-16
annual,Cohort 2012 only,ln_area,-5,0.152284426472644,1,22,22,onion,0.152284426472644,0.151195555552526,-0.0643820188164962,0.368950871761784,0.40782,0.147851265727954,23,0.31383783759814,,0.152284426472644,0.151195555552517,1,22,22,0
annual,Cohort 2012 only,ln_area,0,0.279893861880517,2,22,22,soybean;onion,0.279893861880517,0.145878691382909,0.000606736571394539,0.559180987189639,0.04938,0.143113687894203,24,0.0550254220258044,,0.279893861880517,0.145878691382906,2,22,22,0
annual,Cohort 2012 only,ln_area,1,0.185450199561407,2,22,22,soybean;onion,0.185450199561407,0.131300791583096,-0.0643027871788287,0.435203186301642,0.15573,0.128814287949402,24,0.157830061453274,,0.185450199561407,0.131300791583094,2,22,22,-1.11022302462516e-16
annual,Cohort 2012 only,ln_area,2,0.27082726965302,2,22,22,soybean;onion,0.27082726965302,0.198971365312994,-0.100240220258174,0.641894759564213,0.18128,0.195178990229145,24,0.173470426812493,,0.27082726965302,0.198971365312991,2,22,22,0
annual,Cohort 2012 only,ln_area,3,-0.00954016453745732,2,22,22,soybean;onion,-0.00954016453745729,0.201257551207435,-0.385577502197911,0.366497173122997,0.96514,0.197404100699774,24,0.962192224821074,,-0.00954016453745729,0.201257551207432,2,22,22,-2.77555756156289e-17
annual,Cohort 2012 only,ln_area,4,-0.0305376146185165,2,22,22,soybean;onion,-0.0305376146185164,0.28334337270624,-0.547979490861934,0.486904261624901,0.91215,0.277676027002526,24,0.914173383213609,,-0.0305376146185164,0.283343372706237,2,22,22,-1.38777878078145e-16
annual,Cohort 2012 only,ln_area,5,-0.0220999702642709,2,20,20,soybean;onion,-0.0220999702642709,0.286363493862639,-0.520641322193939,0.476441381665398,0.91828,0.279825000826713,22,0.938484697163141,,-0.0220999702642709,0.286363493862635,2,20,20,5.55111512312578e-17
annual,Cohort 2012 only,ln_area,6,0.186462071839493,2,20,20,soybean;onion,0.186462071839493,0.351390854928298,-0.407549054694019,0.780473198373004,0.52928,0.343575386528325,22,0.595668215012389,,0.186462071839493,0.351390854928294,2,20,20,1.66533453693773e-16
annual,Cohort 2012 only,ln_area,7,0.244630984049094,2,15,15,soybean;onion,0.244630984049094,0.246267038203026,-0.195191053470156,0.684453021568343,0.35936,0.238988121685587,17,0.320536211071115,,0.244630984049094,0.246267038203022,2,15,15,5.55111512312578e-17
annual,Cohort 2012 only,ln_area,8,0.0565512061527965,2,14,14,soybean;onion,0.0565512061527965,0.15597554221476,-0.23574574410892,0.348848156414513,0.71345,0.150886918785902,16,0.716930177231693,,0.0565512061527965,0.155975542214758,2,14,14,-1.38777878078145e-17
annual,Cohort 2012 only,ln_area,9,0.0983676048210347,2,11,11,soybean;onion,0.0983676048210346,0.242216006519596,-0.345124442044134,0.541859651686203,0.69256,0.232511265914395,13,0.684657949104041,,0.0983676048210346,0.242216006519592,2,11,11,4.16333634234434e-17
annual,Cohort 2012 only,ln_production,-12,-0.236973169968045,2,22,23,soybean;onion,-0.236973169968045,0.182851797086901,-0.569803484579443,0.0958571446433528,0.20555,0.178767241974582,24,0.194980683434349,,-0.236973169968045,0.182851797086902,2,22,23,-2.22044604925031e-16
annual,Cohort 2012 only,ln_production,-11,-0.197497651994482,2,22,23,soybean;onion,-0.197497651994482,0.150874761310541,-0.477727506826707,0.0827322028377436,0.202,0.147570695442591,24,0.190528537115477,,-0.197497651994482,0.150874761310537,2,22,23,-3.05311331771918e-16
annual,Cohort 2012 only,ln_production,-10,-0.189659683167147,2,22,23,soybean;onion,-0.189659683167147,0.134288339059226,-0.426735677613514,0.0474163112792205,0.16601,0.13127874494249,24,0.157852305775545,,-0.189659683167147,0.134288339059229,2,22,23,-5.55111512312578e-17
annual,Cohort 2012 only,ln_production,-9,-0.257092549133347,2,22,23,soybean;onion,-0.257092549133347,0.1869397087106,-0.558261691129681,0.044076592862987,0.15222,0.182744584143452,24,0.169047793511656,,-0.257092549133347,0.186939708710589,2,22,23,-1.66533453693773e-16
annual,Cohort 2012 only,ln_production,-8,-0.0567384983016411,2,22,23,soybean;onion,-0.0567384983016411,0.106069881380642,-0.243852693628882,0.1303756970256,0.65966,0.103887838688957,24,0.592707802872145,,-0.0567384983016411,0.106069881380637,2,22,23,2.08166817117217e-17
annual,Cohort 2012 only,ln_production,-7,0.204692288947913,2,22,23,soybean;onion,0.204692288947913,0.218110758606799,-0.099150932864008,0.508535510759833,0.50621,0.213624449840047,24,0.347998486993129,,0.204692288947913,0.218110758606797,2,22,23,-3.33066907387547e-16
annual,Cohort 2012 only,ln_production,-6,0.0737102703826672,2,22,23,soybean;onion,0.0737102703826676,0.167743725954521,-0.201837865126463,0.349258405891797,0.74427,0.164485584732013,24,0.660355845310836,,0.0737102703826676,0.167743725954525,2,22,23,-4.16333634234434e-16
annual,Cohort 2012 only,ln_production,-5,0.189242453160874,1,22,22,onion,0.189242453160874,0.191847228372582,-0.0810714446300763,0.459556350951825,0.43917,0.187598410814426,23,0.323925750392147,,0.189242453160874,0.191847228372587,1,22,22,-2.77555756156289e-17
annual,Cohort 2012 only,ln_production,0,0.290746513910594,2,22,22,soybean;onion,0.290746513910594,0.129630191794409,0.0502093624075487,0.53128366541364,0.01086,0.126568748559823,24,0.0249037828718366,,0.290746513910594,0.12963019179441,2,22,22,5.55111512312578e-17
annual,Cohort 2012 only,ln_production,1,0.349955635166656,2,22,22,soybean;onion,0.349955635166656,0.109597028044097,0.146976089235524,0.552935181097788,5e-05,0.106923781715864,24,0.00140748123044979,,0.349955635166656,0.109597028044099,2,22,22,-2.22044604925031e-16
annual,Cohort 2012 only,ln_production,2,0.366623041615652,2,22,22,soybean;onion,0.366623041615652,0.143728294246054,0.0938348938800514,0.639411189351253,0.00552,0.140646539374563,24,0.0107474032091834,,0.366623041615652,0.143728294246056,2,22,22,-5.55111512312578e-17
annual,Cohort 2012 only,ln_production,3,0.0868993005277791,2,22,22,soybean;onion,0.0868993005277791,0.136835883244517,-0.172761023365686,0.346559624421245,0.52718,0.133833999064143,24,0.525387832387789,,0.0868993005277791,0.136835883244519,2,22,22,-2.77555756156289e-17
annual,Cohort 2012 only,ln_production,4,0.0295212695154018,2,22,22,soybean;onion,0.0295212695154018,0.280655138449518,-0.48817304213299,0.547215581163793,0.91835,0.274931914881642,24,0.916227433152383,,0.0295212695154018,0.28065513844952,2,22,22,0
annual,Cohort 2012 only,ln_production,5,0.0238743701491375,2,20,20,soybean;onion,0.0238743701491375,0.186298773812551,-0.32157622507073,0.369324965369005,0.90243,0.182251480954995,22,0.898029493622597,,0.0238743701491375,0.186298773812553,2,20,20,0
annual,Cohort 2012 only,ln_production,6,0.216620257279271,2,20,20,soybean;onion,0.216620257279271,0.25369363156038,-0.233547184524757,0.666787699083299,0.44127,0.248339358089816,22,0.393179478483801,,0.216620257279271,0.253693631560383,2,20,20,1.66533453693773e-16
annual,Cohort 2012 only,ln_production,7,0.361200351103582,2,15,15,soybean;onion,0.361200351103582,0.229802353958483,-0.0573302521238586,0.779730954331023,0.10631,0.223113588763167,17,0.115999958862859,,0.361200351103582,0.229802353958486,2,15,15,1.11022302462516e-16
annual,Cohort 2012 only,ln_production,8,0.174460953812034,2,14,14,soybean;onion,0.174460953812034,0.228120983086361,-0.25027709324119,0.599199000865259,0.45159,0.221049216275656,16,0.444406244553958,,0.174460953812034,0.228120983086364,2,14,14,3.05311331771918e-16
annual,Cohort 2012 only,ln_production,9,0.323890717431868,2,11,11,soybean;onion,0.323890717431868,0.241353452133882,-0.120146586546086,0.767928021409822,0.17034,0.231861077757392,13,0.179603539531176,,0.323890717431868,0.241353452133886,2,11,11,-1.11022302462516e-16
annual,Cohort 2012 only,ln_yield,-12,-0.0715626610536505,2,22,23,soybean;onion,-0.0715626610536501,0.0626654406897603,-0.178006504866521,0.0348811827592204,0.2787,0.0614332304428951,24,0.253462458499042,,-0.0715626610536501,0.0626654406897518,2,22,23,-4.44089209850063e-16
annual,Cohort 2012 only,ln_yield,-11,-0.0234721010372358,2,22,23,soybean;onion,-0.0234721010372361,0.0579225389784618,-0.124460744825817,0.0775165427513459,0.71501,0.0566558889966915,24,0.685306544564941,,-0.0234721010372361,0.0579225389784545,2,22,23,3.40005801291454e-16
annual,Cohort 2012 only,ln_yield,-10,0.006708672826624,2,22,23,soybean;onion,0.00670867282662399,0.0213133008965116,-0.0335649189378059,0.0469822645910539,0.76028,0.0208893221605924,24,0.752940384616121,,0.00670867282662399,0.0213133008965104,2,22,23,6.93889390390723e-18
annual,Cohort 2012 only,ln_yield,-9,-0.00465623168223055,2,22,23,soybean;onion,-0.00465623168223089,0.0372021977684637,-0.075004605124546,0.0656921417600849,0.90288,0.036350085153568,24,0.900396785456776,,-0.00465623168223089,0.0372021977684668,2,22,23,3.46944695195361e-16
annual,Cohort 2012 only,ln_yield,-8,0.0242199734367343,2,22,23,soybean;onion,0.024219973436734,0.0618310365476005,-0.0803088185372029,0.128748765410671,0.75741,0.0604868617561344,24,0.695270849806205,,0.024219973436734,0.061831036547599,2,22,23,2.32452945780892e-16
annual,Cohort 2012 only,ln_yield,-7,0.0502697943076983,2,22,23,soybean;onion,0.0502697943076987,0.087689367919132,-0.08806366706554,0.188603255680937,0.72874,0.0857271878322339,24,0.566461042684958,,0.0502697943076987,0.0876893679191281,2,22,23,-3.60822483003176e-16
annual,Cohort 2012 only,ln_yield,-6,0.0363900075209461,2,22,23,soybean;onion,0.0363900075209462,0.0990481136958882,-0.125076876380059,0.197856891421951,0.74691,0.0968787034082916,24,0.713322700501237,,0.0363900075209462,0.0990481136958885,2,22,23,-1.04083408558608e-16
annual,Cohort 2012 only,ln_yield,-5,0.0370500817738686,1,22,22,onion,0.0370500817738687,0.0432311543552452,-0.0297185177372031,0.10381868128494,0.53868,0.0423030633895123,23,0.391432324779697,,0.0370500817738687,0.0432311543552622,1,22,22,-9.0205620750794e-17
annual,Cohort 2012 only,ln_yield,0,0.0112132004873505,2,22,22,soybean;onion,0.0112132004873507,0.0622529363929897,-0.102605889974195,0.125032290948896,0.85141,0.060968772375765,24,0.857055819565206,,0.0112132004873507,0.0622529363929833,2,22,22,-1.59594559789866e-16
annual,Cohort 2012 only,ln_yield,1,0.16525240113644,2,22,22,soybean;onion,0.16525240113644,0.102043562111561,-0.0132452329797295,0.34375003525261,0.09042,0.0998621143695755,24,0.105354786182757,,0.16525240113644,0.102043562111556,2,22,22,-8.32667268468867e-17
annual,Cohort 2012 only,ln_yield,2,0.0964576267549603,2,22,22,soybean;onion,0.0964576267549604,0.0815936442115758,-0.0504624349906651,0.243377688500586,0.2828,0.0799219880634342,24,0.237137921238616,,0.0964576267549604,0.0815936442115688,2,22,22,-1.11022302462516e-16
annual,Cohort 2012 only,ln_yield,3,0.0971261266791321,2,22,22,soybean;onion,0.0971261266791321,0.108052548142403,-0.0953795369902565,0.289631790348521,0.41702,0.105724467725756,24,0.368717310670169,,0.0971261266791321,0.108052548142397,2,22,22,1.38777878078145e-17
annual,Cohort 2012 only,ln_yield,4,0.0592019693355416,2,22,22,soybean;onion,0.0592019693355415,0.0376116549147377,-0.0125498718054911,0.130953810476574,0.11066,0.036850523422617,24,0.115479923024424,,0.0592019693355415,0.0376116549147356,2,22,22,6.24500451351651e-17
annual,Cohort 2012 only,ln_yield,5,0.0455515640680938,2,20,20,soybean;onion,0.045551564068094,0.127888103745948,-0.173908998484377,0.265012126620564,0.64699,0.124857204473814,22,0.721703547949156,,0.045551564068094,0.127888103745942,2,20,20,-1.11022302462516e-16
annual,Cohort 2012 only,ln_yield,6,0.0310885081427421,2,20,20,soybean;onion,0.0310885081427421,0.115340289387964,-0.173179764331029,0.235356780616513,0.75114,0.112590061022866,22,0.78751625626352,,0.0310885081427421,0.115340289387959,2,20,20,2.08166817117217e-17
annual,Cohort 2012 only,ln_yield,7,0.115350654625275,2,15,15,soybean;onion,0.115350654625275,0.0507102230696464,0.0198802760972246,0.210821033153326,0.01489,0.0491106257221122,17,0.0229238020367981,,0.115350654625275,0.0507102230696444,2,15,15,-8.32667268468867e-17
annual,Cohort 2012 only,ln_yield,8,0.116747839661582,2,14,14,soybean;onion,0.116747839661582,0.103462384495301,-0.0763410407904787,0.309836720113643,0.25591,0.0998825620331381,16,0.259147416969369,,0.116747839661582,0.103462384495306,2,14,14,1.52655665885959e-16
annual,Cohort 2012 only,ln_yield,9,0.223063641961964,2,11,11,soybean;onion,0.223063641961964,0.0653956948765467,0.101692869992746,0.344434413931182,1e-05,0.0626803155070772,13,0.000647289874948305,,0.223063641961964,0.0653956948765463,2,11,11,-1.11022302462516e-16
annual,Cohort 2013 only,ln_area,-12,-0.321949750579645,4,22,25,sweet_potato;corn;garlic;spring_potato,-0.321949750579646,0.21191107438069,-0.702520326208488,0.0586208250491972,0.13544,0.207890899821465,26,0.128695007784034,,-0.321949750579646,0.211911074380688,4,22,25,4.44089209850063e-16
annual,Cohort 2013 only,ln_area,-11,-0.201324247000866,4,22,25,sweet_potato;corn;garlic;spring_potato,-0.201324247000867,0.136588590924638,-0.441765426095299,0.039116932093567,0.13363,0.134087374024202,26,0.14049605265013,,-0.201324247000867,0.136588590924635,4,22,25,5.55111512312578e-16
annual,Cohort 2013 only,ln_area,-10,-0.214463586646903,4,22,25,sweet_potato;corn;garlic;spring_potato,-0.214463586646904,0.133448881098338,-0.453083249405146,0.0241560761113398,0.09421,0.130917676460143,26,0.108035901530934,,-0.214463586646904,0.133448881098336,4,22,25,7.21644966006352e-16
annual,Cohort 2013 only,ln_area,-9,-0.106376450929677,4,22,25,sweet_potato;corn;garlic;spring_potato,-0.106376450929678,0.0836594596568856,-0.255380461650647,0.0426275597912933,0.21423,0.0820550445382572,26,0.203536174889928,,-0.106376450929678,0.0836594596568846,4,22,25,9.15933995315754e-16
annual,Cohort 2013 only,ln_area,-8,0.0323364394969679,4,22,25,sweet_potato;corn;garlic;spring_potato,0.032336439496967,0.125660095463607,-0.19550467641635,0.260177555410286,0.8168,0.123269934233067,26,0.796922025886508,,0.032336439496967,0.125660095463606,4,22,25,9.29811783123569e-16
annual,Cohort 2013 only,ln_area,-7,-0.0925183751726228,4,22,25,sweet_potato;corn;garlic;spring_potato,-0.0925183751726237,0.0988278959576337,-0.270797882971326,0.0857611326260805,0.39003,0.0970792587496755,26,0.349192626807396,,-0.0925183751726237,0.0988278959576316,4,22,25,9.15933995315754e-16
annual,Cohort 2013 only,ln_area,-6,0.0208295992859276,3,22,24,sweet_potato;corn;garlic,0.0208295992859279,0.0543281136268927,-0.0821261001403427,0.123785298712198,0.70494,0.0531401608247318,25,0.701420467080535,,0.0208295992859279,0.0543281136268929,3,22,24,-3.01841884819964e-16
annual,Cohort 2013 only,ln_area,-5,0.0798369495490695,1,22,22,garlic,0.0798369495490694,0.0635770703768579,-0.0333900670715631,0.193063966169702,0.23746,0.0621708986323677,23,0.20920637714683,,0.0798369495490694,0.0635770703768512,1,22,22,2.77555756156289e-17
annual,Cohort 2013 only,ln_area,0,0.176151760339259,4,22,22,sweet_potato;corn;garlic;spring_potato,0.176151760339259,0.14810585725628,-0.10362165442641,0.455925175104928,0.23901,0.145142256751295,26,0.234296499153619,,0.176151760339259,0.148105857256279,4,22,22,-1.11022302462516e-16
annual,Cohort 2013 only,ln_area,1,0.0734558379442107,4,22,22,sweet_potato;corn;garlic;spring_potato,0.0734558379442107,0.11799366262761,-0.151588561118362,0.298500237006783,0.53515,0.115611843518372,26,0.533586498108333,,0.0734558379442107,0.11799366262761,4,22,22,-2.77555756156289e-17
annual,Cohort 2013 only,ln_area,2,-0.0157774724129614,4,22,22,sweet_potato;corn;garlic;spring_potato,-0.0157774724129614,0.129806806701637,-0.261896769173831,0.230341824347908,0.90229,0.127156599950801,26,0.9032587389217,,-0.0157774724129614,0.129806806701637,4,22,22,-2.08166817117217e-17
annual,Cohort 2013 only,ln_area,3,0.0414578075129022,4,22,22,sweet_potato;corn;garlic;spring_potato,0.0414578075129023,0.157038815561032,-0.257609432916492,0.340525047942297,0.79246,0.154118460267072,26,0.791782076741097,,0.0414578075129023,0.157038815561032,4,22,22,-1.31838984174237e-16
annual,Cohort 2013 only,ln_area,4,0.105529499968375,4,20,20,sweet_potato;corn;garlic;spring_potato,0.105529499968375,0.110971988649756,-0.10607834710877,0.31713734704552,0.33744,0.108619009902776,24,0.341626613800466,,0.105529499968375,0.110971988649756,4,20,20,4.16333634234434e-17
annual,Cohort 2013 only,ln_area,5,0.155180760665609,4,20,20,sweet_potato;corn;garlic;spring_potato,0.155180760665609,0.0971948065589341,-0.0298262949434901,0.340187816274708,0.10534,0.0952549473857519,24,0.110355971762438,,0.155180760665609,0.0971948065589333,4,20,20,1.66533453693773e-16
annual,Cohort 2013 only,ln_area,6,0.267679121785227,4,15,15,sweet_potato;corn;garlic;spring_potato,0.267679121785227,0.143428514260776,-0.00301917888933911,0.538377422459792,0.05292,0.139620444083963,19,0.0620008812037741,,0.267679121785227,0.143428514260775,4,15,15,5.55111512312578e-17
annual,Cohort 2013 only,ln_area,7,0.275619798891627,4,14,14,sweet_potato;corn;garlic;spring_potato,0.275619798891627,0.140863721859128,0.00963293656898484,0.541606661214269,0.041,0.136844343662801,18,0.0503896365170294,,0.275619798891627,0.140863721859128,4,14,14,-5.55111512312578e-17
annual,Cohort 2013 only,ln_area,8,0.157607511441737,4,11,11,sweet_potato;corn;garlic;spring_potato,0.157607511441737,0.169536776880805,-0.160159303128669,0.475374326012143,0.35242,0.164197941429981,15,0.352559519321154,,0.157607511441737,0.169536776880808,4,11,11,5.55111512312578e-17
annual,Cohort 2013 only,ln_area,9,0.074520103928497,4,10,10,sweet_potato;corn;garlic;spring_potato,0.0745201039284972,0.169847724459939,-0.244608493770218,0.393648701627212,0.65965,0.164451136403973,14,0.660845190012365,,0.0745201039284972,0.169847724459942,4,10,10,-1.80411241501588e-16
annual,Cohort 2013 only,ln_production,-12,-0.367374632042603,4,22,25,sweet_potato;corn;garlic;spring_potato,-0.367374632042604,0.206895783733957,-0.747562305593703,0.0128130415084975,0.06108,0.203514830770182,26,0.0757905168017571,,-0.367374632042604,0.206895783733953,4,22,25,9.43689570931383e-16
annual,Cohort 2013 only,ln_production,-11,-0.165142244988464,4,22,25,sweet_potato;corn;garlic;spring_potato,-0.165142244988465,0.10806966082368,-0.360861761591567,0.0305772716146379,0.11683,0.106277552876706,26,0.126485422949034,,-0.165142244988465,0.108069660823675,4,22,25,8.88178419700125e-16
annual,Cohort 2013 only,ln_production,-10,-0.203140923634819,4,22,25,sweet_potato;corn;garlic;spring_potato,-0.203140923634819,0.114894610228596,-0.419932667132328,0.0136508198626905,0.07345,0.113093268495183,26,0.0770503511716571,,-0.203140923634819,0.114894610228592,4,22,25,8.60422844084496e-16
annual,Cohort 2013 only,ln_production,-9,-0.123668759296386,4,22,25,sweet_potato;corn;garlic;spring_potato,-0.123668759296386,0.083855039486399,-0.275904349639986,0.0285668310472145,0.13192,0.0821390780035333,26,0.140268415265322,,-0.123668759296386,0.0838550394864016,4,22,25,7.35522753814166e-16
annual,Cohort 2013 only,ln_production,-8,-0.00197808903669287,4,22,25,sweet_potato;corn;garlic;spring_potato,-0.0019780890366938,0.125824429961334,-0.230156210356665,0.22620003228328,0.9882,0.123045466675255,26,0.987456953369554,,-0.0019780890366938,0.125824429961334,4,22,25,9.36750677027476e-16
annual,Cohort 2013 only,ln_production,-7,-0.111443057991767,4,22,25,sweet_potato;corn;garlic;spring_potato,-0.111443057991768,0.10456630755115,-0.298128086345654,0.0752419703621193,0.31562,0.102454371600928,26,0.286530114442086,,-0.111443057991768,0.104566307551149,4,22,25,5.96744875736022e-16
annual,Cohort 2013 only,ln_production,-6,0.00149920012955721,3,22,24,sweet_potato;corn;garlic,0.00149920012955676,0.0628627274133135,-0.118211993083209,0.121210393342324,0.9807,0.0615345250286927,25,0.980973220473672,,0.00149920012955676,0.0628627274133151,3,22,24,4.46474454629531e-16
annual,Cohort 2013 only,ln_production,-5,0.0263334907752316,1,22,22,garlic,0.0263334907752316,0.0454270047820517,-0.0580679332791388,0.110734914829602,0.57694,0.0443125943122672,23,0.56212501889684,,0.0263334907752316,0.0454270047820508,1,22,22,3.46944695195361e-18
annual,Cohort 2013 only,ln_production,0,0.201044857135944,4,22,22,sweet_potato;corn;garlic;spring_potato,0.201044857135945,0.144048264099834,-0.0694094485690602,0.471499162840949,0.16402,0.141087696285226,26,0.162811766599313,,0.201044857135945,0.144048264099835,4,22,22,-1.94289029309402e-16
annual,Cohort 2013 only,ln_production,1,0.0564580208504231,4,22,22,sweet_potato;corn;garlic;spring_potato,0.0564580208504231,0.112831943458135,-0.158694028790484,0.271610070491331,0.62057,0.110889010076225,26,0.616812693278076,,0.0564580208504231,0.112831943458135,4,22,22,-9.71445146547012e-17
annual,Cohort 2013 only,ln_production,2,-0.0336439905883703,4,22,22,sweet_potato;corn;garlic;spring_potato,-0.0336439905883703,0.126229778659398,-0.274567359935166,0.207279378758426,0.79113,0.123777605104092,26,0.789831255206129,,-0.0336439905883703,0.1262297786594,4,22,22,-4.16333634234434e-17
annual,Cohort 2013 only,ln_production,3,0.028768443164782,4,22,22,sweet_potato;corn;garlic;spring_potato,0.028768443164782,0.158637074614222,-0.274253979050413,0.331790865379977,0.85539,0.155665358352346,26,0.856094793402379,,0.028768443164782,0.158637074614223,4,22,22,6.93889390390723e-18
annual,Cohort 2013 only,ln_production,4,-0.0308775619209167,4,20,20,sweet_potato;corn;garlic;spring_potato,-0.0308775619209166,0.119213367487029,-0.258520170962087,0.196765047120254,0.79726,0.117010173904026,24,0.795626828379285,,-0.0308775619209166,0.11921336748703,4,20,20,-1.04083408558608e-17
annual,Cohort 2013 only,ln_production,5,0.0679640871499908,4,20,20,sweet_potato;corn;garlic;spring_potato,0.0679640871499907,0.0956369526485176,-0.115486713214872,0.251414887514854,0.47902,0.0939849103753298,24,0.477303181044398,,0.0679640871499907,0.0956369526485174,4,20,20,1.52655665885959e-16
annual,Cohort 2013 only,ln_production,6,0.238193087556008,4,15,15,sweet_potato;corn;garlic;spring_potato,0.238193087556008,0.139573942310822,-0.026221242495362,0.502607417607379,0.07967,0.136140959700778,19,0.0879014923440873,,0.238193087556008,0.139573942310821,4,15,15,8.32667268468867e-17
annual,Cohort 2013 only,ln_production,7,0.28600745023166,4,14,14,sweet_potato;corn;garlic;spring_potato,0.28600745023166,0.13615492787594,0.0290513502876029,0.542963550175718,0.02794,0.132792967930536,18,0.0356758303082082,,0.28600745023166,0.136154927875939,4,14,14,3.33066907387547e-16
annual,Cohort 2013 only,ln_production,8,0.114905291891189,4,11,11,sweet_potato;corn;garlic;spring_potato,0.114905291891189,0.169094670324,-0.201605640234067,0.431416224016444,0.495,0.163675425845486,15,0.496800642825285,,0.114905291891189,0.169094670324003,4,11,11,-1.38777878078145e-16
annual,Cohort 2013 only,ln_production,9,-0.0643949938567903,4,10,10,sweet_potato;corn;garlic;spring_potato,-0.0643949938567905,0.214611810381668,-0.46499514975321,0.33620516203963,0.76482,0.206839974305304,14,0.764136457595032,,-0.0643949938567905,0.214611810381671,4,10,10,1.66533453693773e-16
annual,Cohort 2013 only,ln_yield,-12,-0.0472105863903839,4,22,25,sweet_potato;corn;garlic;spring_potato,-0.0472105863903843,0.101388644426087,-0.236294134797414,0.141872962016646,0.6653,0.0993491486316235,26,0.641473361676115,,-0.0472105863903843,0.101388644426087,4,22,25,4.30211422042248e-16
annual,Cohort 2013 only,ln_yield,-11,0.0365274341204232,4,22,25,sweet_potato;corn;garlic;spring_potato,0.0365274341204228,0.0827294366478522,-0.0965567219225814,0.169611590163428,0.82106,0.0810582433290316,26,0.658830170685886,,0.0365274341204228,0.0827294366478538,4,22,25,3.46944695195361e-16
annual,Cohort 2013 only,ln_yield,-10,0.0120864176746434,4,22,25,sweet_potato;corn;garlic;spring_potato,0.0120864176746432,0.0676473661794951,-0.106792978222701,0.130965813571988,0.89244,0.066299842539317,26,0.85819841971713,,0.0120864176746432,0.0676473661794963,4,22,25,2.67147415300428e-16
annual,Cohort 2013 only,ln_yield,-9,-0.0171026488352508,4,22,25,sweet_potato;corn;garlic;spring_potato,-0.017102648835251,0.0751392139608071,-0.153094564732367,0.118889267061866,0.84572,0.0736947902289722,26,0.819947247933878,,-0.017102648835251,0.0751392139608087,4,22,25,2.46330733588707e-16
annual,Cohort 2013 only,ln_yield,-8,-0.0345716545915612,4,22,25,sweet_potato;corn;garlic;spring_potato,-0.0345716545915617,0.0352491096341962,-0.0963930647823715,0.0272497555992491,0.37361,0.0345724375255742,26,0.326700783413187,,-0.0345716545915617,0.0352491096341971,4,22,25,4.85722573273506e-16
annual,Cohort 2013 only,ln_yield,-7,-0.0185549985320112,4,22,25,sweet_potato;corn;garlic;spring_potato,-0.0185549985320116,0.0369612841649184,-0.0831018330078902,0.0459918359438678,0.68731,0.0362100582960828,26,0.615659263630606,,-0.0185549985320116,0.0369612841649218,4,22,25,4.57966997657877e-16
annual,Cohort 2013 only,ln_yield,-6,-0.0185831568001588,3,22,24,sweet_potato;corn;garlic,-0.0185831568001588,0.0216380044652376,-0.0573961137252155,0.0202298001248979,0.43413,0.0211782587425504,25,0.390439683527546,,-0.0185831568001588,0.0216380044652446,3,22,24,-2.08166817117217e-17
annual,Cohort 2013 only,ln_yield,-5,-0.0528389969323424,1,22,22,garlic,-0.0528389969323424,0.0530114585565162,-0.14134582881272,0.0356678349480357,0.41504,0.0518036163891621,23,0.318887470509792,,-0.0528389969323424,0.0530114585565332,1,22,22,2.77555756156289e-17
annual,Cohort 2013 only,ln_yield,0,0.0255540092586914,4,22,22,sweet_potato;corn;garlic;spring_potato,0.0255540092586915,0.0414357966438417,-0.0530858352716952,0.104193853789078,0.54397,0.040676762303271,26,0.537423809316775,,0.0255540092586915,0.0414357966438391,4,22,22,-9.71445146547012e-17
annual,Cohort 2013 only,ln_yield,1,-0.0162835931620835,4,22,22,sweet_potato;corn;garlic;spring_potato,-0.0162835931620834,0.0343993780888946,-0.0816323989949612,0.0490652126707942,0.63627,0.033669417729148,26,0.635950067851906,,-0.0162835931620834,0.0343993780888926,4,22,22,-1.31838984174237e-16
annual,Cohort 2013 only,ln_yield,2,-0.0167647751636128,4,22,22,sweet_potato;corn;garlic;spring_potato,-0.0167647751636128,0.0454277858908327,-0.103227760170571,0.0696982098433454,0.71317,0.0444837546750493,26,0.712096186356604,,-0.0167647751636128,0.0454277858908317,4,22,22,0
annual,Cohort 2013 only,ln_yield,3,-0.0127644546661545,4,22,22,sweet_potato;corn;garlic;spring_potato,-0.0127644546661546,0.0400464258639388,-0.0888479042532475,0.0633189949209385,0.75258,0.0391343658224498,26,0.749922602546745,,-0.0127644546661546,0.040046425863937,4,22,22,4.33680868994202e-17
annual,Cohort 2013 only,ln_yield,4,-0.135361022849717,4,20,20,sweet_potato;corn;garlic;spring_potato,-0.135361022849717,0.0543802986060296,-0.236951032539201,-0.0337710131602327,0.00456,0.0532891330873241,24,0.0128046923988628,,-0.135361022849717,0.0543802986060283,4,20,20,-8.32667268468867e-17
annual,Cohort 2013 only,ln_yield,5,-0.0865961317402314,4,20,20,sweet_potato;corn;garlic;spring_potato,-0.0865961317402315,0.0516824960943381,-0.183511933098584,0.010319669618121,0.08524,0.050542382367729,24,0.0938281695897184,,-0.0865961317402315,0.0516824960943387,4,20,20,2.77555756156289e-17
annual,Cohort 2013 only,ln_yield,6,-0.0298026662397745,4,15,15,sweet_potato;corn;garlic;spring_potato,-0.0298026662397744,0.0468151688707736,-0.118134423452847,0.0585290909732979,0.524,0.0454740240307322,19,0.524383619630102,,-0.0298026662397744,0.0468151688707717,4,15,15,-6.24500451351651e-17
annual,Cohort 2013 only,ln_yield,7,0.0107306013572693,4,14,14,sweet_potato;corn;garlic;spring_potato,0.0107306013572691,0.0956105286604148,-0.168138691121153,0.189599893835692,0.91157,0.0927137891601545,18,0.910639121221194,,0.0107306013572691,0.0956105286604129,4,14,14,1.45716771982052e-16
annual,Cohort 2013 only,ln_yield,8,-0.0429004448072512,4,11,11,sweet_potato;corn;garlic;spring_potato,-0.042900444807251,0.0802324250382447,-0.192927543222992,0.10712665360849,0.59181,0.0774029665334578,15,0.59285588075922,,-0.042900444807251,0.080232425038244,4,11,11,-1.31838984174237e-16
annual,Cohort 2013 only,ln_yield,9,-0.138729043843708,4,10,10,sweet_potato;corn;garlic;spring_potato,-0.138729043843708,0.100433881768214,-0.325907806747576,0.0484497190601603,0.15924,0.0967946077364149,14,0.167187586019222,,-0.138729043843708,0.100433881768214,4,10,10,-2.77555756156289e-17
annual,Cohort 2015 only,ln_area,-12,-0.13804365760899,1,22,22,red_pepper,-0.13804365760899,0.143330822946414,-0.356657006050775,0.0805696908327951,0.43944,0.140201930643104,23,0.335491243099699,,-0.13804365760899,0.143330822946413,1,22,22,0
annual,Cohort 2015 only,ln_area,-11,-0.0323474190476443,1,22,22,red_pepper,-0.0323474190476442,0.0671691529818085,-0.160099501085351,0.0954046629900621,0.6329,0.0655288905261761,23,0.630103296216906,,-0.0323474190476442,0.0671691529818068,1,22,22,-8.32667268468867e-17
annual,Cohort 2015 only,ln_area,-10,0.0529609323825689,1,22,22,red_pepper,0.0529609323825689,0.066836926130555,-0.0669939911069636,0.172915855872101,0.47619,0.0653044015827001,23,0.428133129779262,,0.0529609323825689,0.0668369261305564,1,22,22,6.93889390390723e-18
annual,Cohort 2015 only,ln_area,-9,-0.088213968439129,1,22,22,red_pepper,-0.088213968439129,0.0959634914248574,-0.244129617181004,0.0677016803027463,0.45208,0.0938821271985713,23,0.357967390803028,,-0.088213968439129,0.0959634914248623,1,22,22,0
annual,Cohort 2015 only,ln_area,0,-0.40824190040586,1,22,22,red_pepper,-0.40824190040586,0.117767886876154,-0.627824385764767,-0.188659415046953,1e-05,0.115475032285464,23,0.000527289720068085,,-0.40824190040586,0.117767886876154,1,22,22,-5.55111512312578e-17
annual,Cohort 2015 only,ln_area,1,-0.476350948169789,1,22,22,red_pepper,-0.476350948169789,0.126301942973613,-0.713329206972135,-0.239372689367442,1e-05,0.12378259735511,23,0.000162252832960703,,-0.476350948169789,0.126301942973613,1,22,22,-1.11022302462516e-16
annual,Cohort 2015 only,ln_area,2,-0.54267488935168,1,20,20,red_pepper,-0.54267488935168,0.0792621959497903,-0.692745965803803,-0.392603812899557,1e-05,0.0774042889904446,21,7.56368646091318e-12,,-0.54267488935168,0.0792621959497902,1,20,20,0
annual,Cohort 2015 only,ln_area,3,-0.52092195889024,1,20,20,red_pepper,-0.52092195889024,0.0700840402399729,-0.653246508558666,-0.388597409221813,1e-05,0.0683916571261971,21,1.06307635177825e-13,,-0.52092195889024,0.0700840402399731,1,20,20,2.22044604925031e-16
annual,Cohort 2015 only,ln_area,4,-0.334172756899397,1,15,15,red_pepper,-0.334172756899397,0.0958203187815247,-0.514806814251436,-0.153538699547358,1e-05,0.0928634256403108,16,0.000487570432639968,,-0.334172756899397,0.0958203187815245,1,15,15,-5.55111512312578e-17
annual,Cohort 2015 only,ln_area,5,-0.305673541196283,1,14,14,red_pepper,-0.305673541196283,0.114118557750845,-0.520188644594397,-0.0911584377981695,0.00325,0.110497041302846,15,0.00739392184198688,,-0.305673541196283,0.114118557750845,1,14,14,0
annual,Cohort 2015 only,ln_area,6,-0.2966477416586,1,11,11,red_pepper,-0.2966477416586,0.133644357279055,-0.546320012623094,-0.0469754706941066,0.01649,0.128161142702748,12,0.0264404797858595,,-0.2966477416586,0.133644357279055,1,11,11,1.11022302462516e-16
annual,Cohort 2015 only,ln_area,7,-0.426446289281812,1,10,10,red_pepper,-0.426446289281812,0.139008522889058,-0.681500759015463,-0.171391819548161,1e-05,0.132698558719869,11,0.00215661950183597,,-0.426446289281812,0.139008522889058,1,10,10,-1.11022302462516e-16
annual,Cohort 2015 only,ln_area,8,-0.489391200273169,1,10,10,red_pepper,-0.489391200273169,0.110511035411673,-0.694615314678855,-0.284167085867484,1e-05,0.105574596790316,11,9.49182672240038e-06,,-0.489391200273169,0.110511035411673,1,10,10,5.55111512312578e-17
annual,Cohort 2015 only,ln_area,9,-0.575853458840185,1,8,8,red_pepper,-0.575853458840185,0.128108583815049,-0.807400974118004,-0.344305943562365,1e-05,0.120963655490843,9,6.95562320044832e-06,,-0.575853458840185,0.128108583815051,1,8,8,0
annual,Cohort 2015 only,ln_production,-12,-0.273276079970967,1,22,22,red_pepper,-0.273276079970967,0.273103167215066,-0.655032025472484,0.108479865530549,0.42386,0.267337268347762,23,0.31700420178817,,-0.273276079970967,0.273103167215048,1,22,22,-1.66533453693773e-16
annual,Cohort 2015 only,ln_production,-11,-0.167094246918292,1,22,22,red_pepper,-0.167094246918291,0.176410977400888,-0.443631033029719,0.109442539193136,0.44255,0.172434144822389,23,0.34354331812097,,-0.167094246918291,0.17641097740087,1,22,22,-5.55111512312578e-17
annual,Cohort 2015 only,ln_production,-10,-0.0398475022120645,1,22,22,red_pepper,-0.0398475022120643,0.0624561849785698,-0.156731553923626,0.0770365494994972,0.53217,0.0607777980887378,23,0.52346892535373,,-0.0398475022120643,0.0624561849785675,1,22,22,-1.17961196366423e-16
annual,Cohort 2015 only,ln_production,-9,-0.346396826806747,1,22,22,red_pepper,-0.346396826806747,0.342324896419394,-0.803086756959511,0.110293103346017,0.42665,0.33487910186575,23,0.311588294088995,,-0.346396826806747,0.342324896419396,1,22,22,0
annual,Cohort 2015 only,ln_production,0,-0.402328604675093,1,22,22,red_pepper,-0.402328604675093,0.123406164673436,-0.63647344030161,-0.168183769048576,7e-05,0.120332074502813,23,0.00111334228344834,,-0.402328604675093,0.123406164673437,1,22,22,0
annual,Cohort 2015 only,ln_production,1,-0.521268704540264,1,22,22,red_pepper,-0.521268704540264,0.143938174018207,-0.792639175120842,-0.249898233959685,1e-05,0.140322667374772,23,0.000292926497483822,,-0.521268704540264,0.143938174018209,1,22,22,0
annual,Cohort 2015 only,ln_production,2,-0.948083538359763,1,20,20,red_pepper,-0.948083538359763,0.104236602663462,-1.14547233009584,-0.750694746623691,1e-05,0.101369487351454,21,9.41562451195609e-20,,-0.948083538359763,0.104236602663464,1,20,20,1.11022302462516e-16
annual,Cohort 2015 only,ln_production,3,-0.66945291583435,1,20,20,red_pepper,-0.66945291583435,0.0898810286779202,-0.839484130508549,-0.499421701160151,1e-05,0.0875026653320503,21,9.46140240447976e-14,,-0.66945291583435,0.0898810286779208,1,20,20,2.22044604925031e-16
annual,Cohort 2015 only,ln_production,4,-0.533612222679009,1,15,15,red_pepper,-0.533612222679009,0.113913663723029,-0.747147629563582,-0.320076815794437,1e-05,0.109986061159212,16,2.80840699579171e-06,,-0.533612222679009,0.113913663723034,1,15,15,1.11022302462516e-16
annual,Cohort 2015 only,ln_production,5,-0.696277740160891,1,14,14,red_pepper,-0.696277740160891,0.136181886478099,-0.951972387062994,-0.440583093258787,1e-05,0.131236196527978,15,3.17332034813905e-07,,-0.696277740160891,0.136181886478098,1,14,14,2.22044604925031e-16
annual,Cohort 2015 only,ln_production,6,-0.415957302865767,1,11,11,red_pepper,-0.415957302865767,0.152023640938737,-0.697736815749612,-0.134177789981922,0.0018,0.145000644038496,12,0.00621653950266499,,-0.415957302865767,0.152023640938742,1,11,11,-5.55111512312578e-17
annual,Cohort 2015 only,ln_production,7,-0.76216481399388,1,10,10,red_pepper,-0.76216481399388,0.190370570680124,-1.11227605801057,-0.41205356997719,1e-05,0.180921876921853,11,6.23896971285041e-05,,-0.76216481399388,0.190370570680125,1,10,10,1.11022302462516e-16
annual,Cohort 2015 only,ln_production,8,-0.791329892905984,1,10,10,red_pepper,-0.791329892905984,0.155109035605193,-1.07726414541954,-0.505395640392434,1e-05,0.147338742198415,11,3.36499922852578e-07,,-0.791329892905984,0.155109035605194,1,10,10,-1.11022302462516e-16
annual,Cohort 2015 only,ln_production,9,-0.772979178113519,1,8,8,red_pepper,-0.772979178113519,0.173922389896455,-1.09115392308673,-0.454804433140306,1e-05,0.163828351639687,9,8.81410063482108e-06,,-0.772979178113519,0.173922389896459,1,8,8,0
annual,Cohort 2015 only,ln_yield,-12,-0.133086714593482,1,22,22,red_pepper,-0.133086714593482,0.133549856900685,-0.322297223854769,0.0561237946678049,0.42658,0.130825655662689,23,0.318991695730984,,-0.133086714593482,0.133549856900669,1,22,22,5.55111512312578e-17
annual,Cohort 2015 only,ln_yield,-11,-0.136489366971023,1,22,22,red_pepper,-0.136489366971024,0.135342870191931,-0.320032709750952,0.047053975808905,0.42619,0.132500752139163,23,0.313228376965194,,-0.136489366971024,0.135342870191914,1,22,22,8.32667268468867e-17
annual,Cohort 2015 only,ln_yield,-10,-0.0944685775831655,1,22,22,red_pepper,-0.0944685775831654,0.0950939451719025,-0.230617404733618,0.041680249567287,0.42663,0.0931084842798087,23,0.320503523163279,,-0.0944685775831654,0.0950939451719008,1,22,22,-2.77555756156289e-17
annual,Cohort 2015 only,ln_yield,-9,-0.259219590644655,1,22,22,red_pepper,-0.259219590644655,0.25416341318357,-0.581623575715665,0.0631843944263546,0.42382,0.248893561211301,23,0.307779014395443,,-0.259219590644655,0.254163413183568,1,22,22,5.55111512312578e-17
annual,Cohort 2015 only,ln_yield,0,0.00629403192893919,1,22,22,red_pepper,0.00629403192893913,0.0406594838934534,-0.0710620263858792,0.0836500902437576,0.87524,0.0396816425972276,23,0.876980080489622,,0.00629403192893913,0.0406594838934523,1,22,22,6.24500451351651e-17
annual,Cohort 2015 only,ln_yield,1,-0.0453628977285452,1,22,22,red_pepper,-0.0453628977285453,0.0366435850980771,-0.114875320774272,0.0241495253171821,0.21138,0.0358243866917498,23,0.215734888848493,,-0.0453628977285453,0.0366435850980785,1,22,22,1.04083408558608e-16
annual,Cohort 2015 only,ln_yield,2,-0.405217181028725,1,20,20,red_pepper,-0.405217181028725,0.0368602985664259,-0.475298382881048,-0.335135979176402,1e-05,0.0360570475208413,21,4.11489789251848e-28,,-0.405217181028725,0.0368602985664278,1,20,20,-1.11022302462516e-16
annual,Cohort 2015 only,ln_yield,3,-0.148203601870941,1,20,20,red_pepper,-0.148203601870941,0.0427684233059514,-0.228928268598667,-0.0674789351432155,0.00011,0.0416822387457653,21,0.000529723912230111,,-0.148203601870941,0.0427684233059545,1,20,20,2.77555756156289e-17
annual,Cohort 2015 only,ln_yield,4,-0.200192160925652,1,15,15,red_pepper,-0.200192160925652,0.047165651093967,-0.288444014255528,-0.111940307595775,1e-05,0.0456349398457394,16,2.1913201881209e-05,,-0.200192160925652,0.0471656510939749,1,15,15,-5.55111512312578e-17
annual,Cohort 2015 only,ln_yield,5,-0.390859345326505,1,14,14,red_pepper,-0.390859345326505,0.0675461091873984,-0.515449536547669,-0.266269154105341,1e-05,0.0651282568795345,15,7.18441310221372e-09,,-0.390859345326505,0.0675461091874032,1,14,14,1.11022302462516e-16
annual,Cohort 2015 only,ln_yield,6,-0.120104559644346,1,11,11,red_pepper,-0.120104559644346,0.0666167435818933,-0.24324780141293,0.00303868212423733,0.05658,0.0637541955088597,12,0.071401014587036,,-0.120104559644346,0.0666167435818989,1,11,11,1.38777878078145e-17
annual,Cohort 2015 only,ln_yield,7,-0.336187790946072,1,10,10,red_pepper,-0.336187790946072,0.0768565414232029,-0.474002036210291,-0.198373545681852,1e-05,0.0732945948539324,11,1.21864739409082e-05,,-0.336187790946072,0.0768565414232046,1,10,10,-1.11022302462516e-16
annual,Cohort 2015 only,ln_yield,8,-0.301251341419945,1,10,10,red_pepper,-0.301251341419945,0.0741200821993989,-0.437924222655498,-0.164578460184393,1e-05,0.0705294073758652,11,4.81626436880965e-05,,-0.301251341419945,0.074120082199401,1,10,10,-5.55111512312578e-17
annual,Cohort 2015 only,ln_yield,9,-0.197719960682652,1,8,8,red_pepper,-0.197719960682652,0.0920157562212268,-0.361618594782286,-0.0338213265830193,0.01267,0.086584953058614,9,0.0316532708305155,,-0.197719960682652,0.0920157562212289,1,8,8,0
annual,"Controls: excl. likely spillover (leaf lettuce, spinach, malting barley)",ln_area,-12,-0.225084410140234,7,19,25,soybean;onion;sweet_potato;corn;garlic;spring_potato;red_pepper,-0.225084410140234,0.121140629523637,-0.451847966054052,0.0016791457735845,0.05237,0.118776784237147,26,0.063163012025605,,-0.225084410140234,0.121140629523636,7,19,25,-1.66533453693773e-16
annual,"Controls: excl. likely spillover (leaf lettuce, spinach, malting barley)",ln_area,-11,-0.136502756711655,7,19,25,soybean;onion;sweet_potato;corn;garlic;spring_potato;red_pepper,-0.136502756711654,0.0786743272762318,-0.28449261198782,0.0114870985645105,0.07397,0.0770885601883288,26,0.0827345041012868,,-0.136502756711654,0.0786743272762318,7,19,25,-1.38777878078145e-16
annual,"Controls: excl. likely spillover (leaf lettuce, spinach, malting barley)",ln_area,-10,-0.142076705683825,7,19,25,soybean;onion;sweet_potato;corn;garlic;spring_potato;red_pepper,-0.142076705683824,0.0709090350105179,-0.274683644476783,-0.00946976689086601,0.03307,0.0696181874155215,26,0.0451078414193538,,-0.142076705683824,0.0709090350105172,7,19,25,-1.38777878078145e-16
annual,"Controls: excl. likely spillover (leaf lettuce, spinach, malting barley)",ln_area,-9,-0.112047315198987,7,19,25,soybean;onion;sweet_potato;corn;garlic;spring_potato;red_pepper,-0.112047315198987,0.0613009117431781,-0.226409288589593,0.00231465819161891,0.05592,0.0601255674908204,26,0.0675758782446941,,-0.112047315198987,0.0613009117431768,7,19,25,-2.63677968348475e-16
annual,"Controls: excl. likely spillover (leaf lettuce, spinach, malting barley)",ln_area,-8,0.0145762287320313,6,19,25,soybean;onion;sweet_potato;corn;garlic;spring_potato,0.0145762287320312,0.0858391703453886,-0.14198283333872,0.171135290802782,0.8777,0.0841019996040338,26,0.865160668920808,,0.0145762287320312,0.0858391703453876,6,19,25,1.61329283265843e-16
annual,"Controls: excl. likely spillover (leaf lettuce, spinach, malting barley)",ln_area,-7,0.0124599258337403,6,19,25,soybean;onion;sweet_potato;corn;garlic;spring_potato,0.0124599258337403,0.0763559159814728,-0.130490942208197,0.155410793875678,0.87512,0.0750267476603525,26,0.870374986045269,,0.0124599258337403,0.076355915981472,6,19,25,7.80625564189563e-17
annual,"Controls: excl. likely spillover (leaf lettuce, spinach, malting barley)",ln_area,-6,0.044038970201201,5,19,25,soybean;onion;sweet_potato;corn;garlic,0.0440389702012016,0.0482470054843596,-0.0467507272744994,0.134828667676901,0.37642,0.0472439575952582,26,0.361357511823309,,0.0440389702012016,0.0482470054843597,5,19,25,-5.68989300120393e-16
annual,"Controls: excl. likely spillover (leaf lettuce, spinach, malting barley)",ln_area,-5,0.120939009121015,2,19,22,onion;garlic,0.120939009121015,0.0853627497033134,-0.0189435024341612,0.260821520676191,0.12662,0.083487171954804,23,0.156551464099681,,0.120939009121015,0.0853627497033164,2,19,22,1.2490009027033e-16
annual,"Controls: excl. likely spillover (leaf lettuce, spinach, malting barley)",ln_area,0,0.0373251289005072,7,19,19,soybean;onion;sweet_potato;corn;garlic;spring_potato;red_pepper,0.0373251289005077,0.133415027212754,-0.216561319828378,0.291211577629393,0.78503,0.130897548038201,26,0.779656231095531,,0.0373251289005077,0.133415027212754,7,19,19,-4.64905891561784e-16
annual,"Controls: excl. likely spillover (leaf lettuce, spinach, malting barley)",ln_area,1,-0.0478183640399258,7,19,19,soybean;onion;sweet_potato;corn;garlic;spring_potato;red_pepper,-0.0478183640399256,0.127358687234585,-0.290167957488191,0.194531229408339,0.71126,0.124859449068222,26,0.707316805324825,,-0.0478183640399256,0.127358687234586,7,19,19,-2.0122792321331e-16
annual,"Controls: excl. likely spillover (leaf lettuce, spinach, malting barley)",ln_area,2,-0.0647466584905574,7,17,19,soybean;onion;sweet_potato;corn;garlic;spring_potato;red_pepper,-0.0647466584905579,0.154553174617477,-0.357852707338675,0.22835939035756,0.68165,0.151406442567862,26,0.675268723936634,,-0.0647466584905579,0.154553174617478,7,17,19,4.71844785465692e-16
annual,"Controls: excl. likely spillover (leaf lettuce, spinach, malting barley)",ln_area,3,-0.105263175843187,7,17,19,soybean;onion;sweet_potato;corn;garlic;spring_potato;red_pepper,-0.105263175843187,0.158077840184277,-0.405940790530616,0.195414438844242,0.5076,0.155020986825337,26,0.505478489775518,,-0.105263175843187,0.158077840184277,7,17,19,-5.55111512312578e-17
annual,"Controls: excl. likely spillover (leaf lettuce, spinach, malting barley)",ln_area,4,-0.0607384369385644,7,12,19,soybean;onion;sweet_potato;corn;garlic;spring_potato;red_pepper,-0.0607384369385648,0.137980655862803,-0.325162077645596,0.203685203768467,0.66235,0.135481807165109,26,0.659795659646981,,-0.0607384369385648,0.137980655862802,7,12,19,3.67761376907083e-16
annual,"Controls: excl. likely spillover (leaf lettuce, spinach, malting barley)",ln_area,5,-0.0193261558969079,7,11,17,soybean;onion;sweet_potato;corn;garlic;spring_potato;red_pepper,-0.0193261558969076,0.135443734073391,-0.27824402319799,0.239591711404174,0.88771,0.132865582184591,24,0.886536825444833,,-0.0193261558969076,0.135443734073391,7,11,17,-3.36536354339501e-16
annual,"Controls: excl. likely spillover (leaf lettuce, spinach, malting barley)",ln_area,6,0.116271771732872,7,10,17,soybean;onion;sweet_potato;corn;garlic;spring_potato;red_pepper,0.116271771732873,0.172588802047312,-0.212836329077461,0.445379872543206,0.50344,0.169177735197086,24,0.500506867146991,,0.116271771732873,0.172588802047311,7,10,17,-2.63677968348475e-16
annual,"Controls: excl. likely spillover (leaf lettuce, spinach, malting barley)",ln_area,7,0.109507949016284,7,9,12,soybean;onion;sweet_potato;corn;garlic;spring_potato;red_pepper,0.109507949016284,0.174374295805501,-0.220481510708381,0.439497408740948,0.53049,0.169852591816173,19,0.530000591742512,,0.109507949016284,0.1743742958055,7,9,12,-6.38378239159465e-16
annual,"Controls: excl. likely spillover (leaf lettuce, spinach, malting barley)",ln_area,8,0.00737684020977356,7,9,11,soybean;onion;sweet_potato;corn;garlic;spring_potato;red_pepper,0.00737684020977353,0.177195081344436,-0.327551961013894,0.342305641433441,0.96663,0.172390134939802,18,0.96679271726138,,0.00737684020977353,0.177195081344437,7,9,11,3.20923843055709e-17
annual,"Controls: excl. likely spillover (leaf lettuce, spinach, malting barley)",ln_area,9,-0.0217084591480276,7,7,10,soybean;onion;sweet_potato;corn;garlic;spring_potato;red_pepper,-0.021708459148027,0.190591925142913,-0.381480384981334,0.338063466685278,0.90952,0.184957330071688,17,0.909316903878835,,-0.021708459148027,0.190591925142915,7,7,10,-5.72458747072346e-16
annual,"Controls: excl. likely spillover (leaf lettuce, spinach, malting barley)",ln_production,-12,-0.28084215425378,7,19,25,soybean;onion;sweet_potato;corn;garlic;spring_potato;red_pepper,-0.28084215425378,0.128300613659183,-0.523448092453431,-0.0382362160541295,0.0191,0.126169588124914,26,0.0286013094888701,,-0.28084215425378,0.128300613659184,7,19,25,-3.33066907387547e-16
annual,"Controls: excl. likely spillover (leaf lettuce, spinach, malting barley)",ln_production,-11,-0.128025732057631,7,19,25,soybean;onion;sweet_potato;corn;garlic;spring_potato;red_pepper,-0.128025732057631,0.0686258959782996,-0.25903295127739,0.00298148716212693,0.05663,0.0676588760557693,26,0.0621029390082338,,-0.128025732057631,0.0686258959783003,7,19,25,5.55111512312578e-17
annual,"Controls: excl. likely spillover (leaf lettuce, spinach, malting barley)",ln_production,-10,-0.133638429814423,7,19,25,soybean;onion;sweet_potato;corn;garlic;spring_potato;red_pepper,-0.133638429814423,0.0597879986401181,-0.247544760592172,-0.0197320990366733,0.01897,0.0587183193658991,26,0.0254038974369656,,-0.133638429814423,0.0597879986401172,7,19,25,1.66533453693773e-16
annual,"Controls: excl. likely spillover (leaf lettuce, spinach, malting barley)",ln_production,-9,-0.151498374792879,7,19,25,soybean;onion;sweet_potato;corn;garlic;spring_potato;red_pepper,-0.151498374792879,0.0721527590140214,-0.287674274338839,-0.0153224752469193,0.027,0.0707406838306794,26,0.0357561830047999,,-0.151498374792879,0.07215275901402,7,19,25,2.77555756156289e-17
annual,"Controls: excl. likely spillover (leaf lettuce, spinach, malting barley)",ln_production,-8,0.0103982608090746,6,19,25,soybean;onion;sweet_potato;corn;garlic;spring_potato,0.0103982608090739,0.0890017253995644,-0.153018805007385,0.173815326625534,0.91582,0.087245462216966,26,0.906993085095036,,0.0103982608090739,0.0890017253995656,6,19,25,6.29704621779581e-16
annual,"Controls: excl. likely spillover (leaf lettuce, spinach, malting barley)",ln_production,-7,0.0254242844537312,6,19,25,soybean;onion;sweet_potato;corn;garlic;spring_potato,0.0254242844537306,0.0976721398373696,-0.151970532367087,0.202819101274549,0.80717,0.0958244434397226,26,0.794630584319982,,0.0254242844537306,0.0976721398373731,6,19,25,6.86950496486816e-16
annual,"Controls: excl. likely spillover (leaf lettuce, spinach, malting barley)",ln_production,-6,0.0508716792409805,5,19,25,soybean;onion;sweet_potato;corn;garlic,0.0508716792409815,0.0831358825387102,-0.0943699881848548,0.196113346666816,0.61836,0.0813514728791578,26,0.540597294237968,,0.0508716792409815,0.0831358825387108,5,19,25,-1.06858966120171e-15
annual,"Controls: excl. likely spillover (leaf lettuce, spinach, malting barley)",ln_production,-5,0.115182127686031,2,19,22,onion;garlic,0.11518212768603,0.101163319401397,-0.0425317477809815,0.272896003153043,0.28058,0.0989394965022226,23,0.254880042751373,,0.11518212768603,0.101163319401395,2,19,22,2.77555756156289e-16
annual,"Controls: excl. likely spillover (leaf lettuce, spinach, malting barley)",ln_production,0,0.0511732448661772,7,19,19,soybean;onion;sweet_potato;corn;garlic;spring_potato;red_pepper,0.0511732448661772,0.132141024246545,-0.19973196322652,0.302078452958874,0.70161,0.129422490719838,26,0.698561988265322,,0.0511732448661772,0.132141024246545,7,19,19,2.08166817117217e-17
annual,"Controls: excl. likely spillover (leaf lettuce, spinach, malting barley)",ln_production,1,-0.0239595065302877,7,19,19,soybean;onion;sweet_potato;corn;garlic;spring_potato;red_pepper,-0.0239595065302877,0.140848660331442,-0.291855274637795,0.243936261577219,0.86703,0.137988156310105,26,0.864925075832318,,-0.0239595065302877,0.140848660331443,7,19,19,6.93889390390723e-18
annual,"Controls: excl. likely spillover (leaf lettuce, spinach, malting barley)",ln_production,2,-0.121760520405346,7,17,19,soybean;onion;sweet_potato;corn;garlic;spring_potato;red_pepper,-0.121760520405346,0.19362558158938,-0.483327867122558,0.239806826311866,0.54598,0.189792795797677,26,0.52945039573785,,-0.121760520405346,0.19362558158938,7,17,19,1.2490009027033e-16
annual,"Controls: excl. likely spillover (leaf lettuce, spinach, malting barley)",ln_production,3,-0.131228606477961,7,17,19,soybean;onion;sweet_potato;corn;garlic;spring_potato;red_pepper,-0.131228606477961,0.166725047173861,-0.448864667648835,0.186407454692913,0.43478,0.16340160601292,26,0.431225710284396,,-0.131228606477961,0.166725047173859,7,17,19,-2.4980018054066e-16
annual,"Controls: excl. likely spillover (leaf lettuce, spinach, malting barley)",ln_production,4,-0.175182904728271,7,12,19,soybean;onion;sweet_potato;corn;garlic;spring_potato;red_pepper,-0.175182904728271,0.15240186459224,-0.46475746428667,0.114391654830129,0.24724,0.149175086145585,26,0.250358083570347,,-0.175182904728271,0.152401864592238,7,12,19,7.49400541621981e-16
annual,"Controls: excl. likely spillover (leaf lettuce, spinach, malting barley)",ln_production,5,-0.140757750479312,7,11,17,soybean;onion;sweet_potato;corn;garlic;spring_potato;red_pepper,-0.140757750479311,0.150823177757713,-0.425308348764333,0.14379284780571,0.35698,0.147577195326817,24,0.350683991452998,,-0.140757750479311,0.150823177757713,7,11,17,-4.44089209850063e-16
annual,"Controls: excl. likely spillover (leaf lettuce, spinach, malting barley)",ln_production,6,0.0620715593784492,7,10,17,soybean;onion;sweet_potato;corn;garlic;spring_potato;red_pepper,0.0620715593784491,0.165465684837579,-0.252436037423335,0.376579156180234,0.70941,0.161846378381477,24,0.707561912396781,,0.0620715593784491,0.165465684837579,7,10,17,9.0205620750794e-17
annual,"Controls: excl. likely spillover (leaf lettuce, spinach, malting barley)",ln_production,7,0.0705076654173025,7,9,12,soybean;onion;sweet_potato;corn;garlic;spring_potato;red_pepper,0.0705076654173032,0.211703776310486,-0.326964881393062,0.467980212227667,0.74371,0.205745407955958,19,0.739097529617929,,0.0705076654173032,0.211703776310485,7,9,12,-6.5225602696728e-16
annual,"Controls: excl. likely spillover (leaf lettuce, spinach, malting barley)",ln_production,8,-0.0492781299825435,7,9,11,soybean;onion;sweet_potato;corn;garlic;spring_potato;red_pepper,-0.0492781299825439,0.212247778513462,-0.449501163473286,0.350944903508199,0.81723,0.205930557647831,18,0.816403916649609,,-0.0492781299825439,0.212247778513461,7,9,11,4.30211422042248e-16
annual,"Controls: excl. likely spillover (leaf lettuce, spinach, malting barley)",ln_production,9,-0.0887880283823569,7,7,10,soybean;onion;sweet_potato;corn;garlic;spring_potato;red_pepper,-0.0887880283823567,0.240169986268336,-0.541096404927246,0.363520348162533,0.70953,0.232481835392078,17,0.711614767637326,,-0.0887880283823567,0.240169986268336,7,7,10,-1.66533453693773e-16
annual,"Controls: excl. likely spillover (leaf lettuce, spinach, malting barley)",ln_yield,-12,-0.0572268991253909,7,19,25,soybean;onion;sweet_potato;corn;garlic;spring_potato;red_pepper,-0.057226899125391,0.0577333285098517,-0.165591087737584,0.0511372894868021,0.33482,0.0566993738970741,26,0.321574198826942,,-0.057226899125391,0.0577333285098515,7,19,25,9.71445146547012e-17
annual,"Controls: excl. likely spillover (leaf lettuce, spinach, malting barley)",ln_yield,-11,0.00744688839467503,7,19,25,soybean;onion;sweet_potato;corn;garlic;spring_potato;red_pepper,0.00744688839467484,0.0486974376602798,-0.0787951848324625,0.0936889616218125,0.90355,0.0477349676872851,26,0.878460129253214,,0.00744688839467484,0.0486974376602785,7,19,25,1.88217497143484e-16
annual,"Controls: excl. likely spillover (leaf lettuce, spinach, malting barley)",ln_yield,-10,0.00819309926533494,7,19,25,soybean;onion;sweet_potato;corn;garlic;spring_potato;red_pepper,0.00819309926533475,0.0378388873895056,-0.0595100451418731,0.075896243672543,0.86116,0.0371348295281991,26,0.8285778362501,,0.00819309926533475,0.0378388873895051,7,19,25,1.97758476261356e-16
annual,"Controls: excl. likely spillover (leaf lettuce, spinach, malting barley)",ln_yield,-9,-0.0391304014735436,7,19,25,soybean;onion;sweet_potato;corn;garlic;spring_potato;red_pepper,-0.0391304014735439,0.0536067504119139,-0.138593433050944,0.0603326301038563,0.48321,0.052599757656995,26,0.465418991724039,,-0.0391304014735439,0.0536067504119138,7,19,25,2.4980018054066e-16
annual,"Controls: excl. likely spillover (leaf lettuce, spinach, malting barley)",ln_yield,-8,-0.00407974348280419,6,19,25,soybean;onion;sweet_potato;corn;garlic;spring_potato,-0.00407974348280429,0.030431269804537,-0.0613180849764022,0.0531585980107938,0.89717,0.0299242436050232,26,0.893351817613331,,-0.00407974348280429,0.0304312698045387,6,19,25,1.01481323344643e-16
annual,"Controls: excl. likely spillover (leaf lettuce, spinach, malting barley)",ln_yield,-7,0.0129802199900953,6,19,25,soybean;onion;sweet_potato;corn;garlic;spring_potato,0.012980219990095,0.0369123890925747,-0.0534686893148037,0.0794291292949943,0.75016,0.0362293680797135,26,0.725101202155264,,0.012980219990095,0.0369123890925778,6,19,25,3.52148865623292e-16
annual,"Controls: excl. likely spillover (leaf lettuce, spinach, malting barley)",ln_yield,-6,0.00665593079936228,5,19,25,soybean;onion;sweet_potato;corn;garlic,0.00665593079936257,0.0423887089186639,-0.0647558284032862,0.0780676900020108,0.9011,0.0415092966061231,26,0.875228049836851,,0.00665593079936257,0.042388708918665,5,19,25,-2.81892564846231e-16
annual,"Controls: excl. likely spillover (leaf lettuce, spinach, malting barley)",ln_yield,-5,-0.00537119167697903,2,19,22,onion;garlic,-0.00537119167697915,0.030068721725912,-0.0613770770083586,0.0506346936544005,0.87286,0.0293894926053702,23,0.858227821121767,,-0.00537119167697915,0.0300687217259137,2,19,22,1.23165366794353e-16
annual,"Controls: excl. likely spillover (leaf lettuce, spinach, malting barley)",ln_yield,0,0.0144686733713476,7,19,19,soybean;onion;sweet_potato;corn;garlic;spring_potato;red_pepper,0.0144686733713477,0.0374361912524008,-0.0569332450460359,0.0858705917887311,0.69742,0.036648237601339,26,0.699134602077721,,0.0144686733713477,0.0374361912524007,7,19,19,-1.52655665885959e-16
annual,"Controls: excl. likely spillover (leaf lettuce, spinach, malting barley)",ln_yield,1,0.0244484793154916,7,19,19,soybean;onion;sweet_potato;corn;garlic;spring_potato;red_pepper,0.0244484793154916,0.0549978560255789,-0.0770483743908627,0.125945333021846,0.68011,0.0539239431975892,26,0.656655732922669,,0.0244484793154916,0.0549978560255791,7,19,19,-1.04083408558608e-17
annual,"Controls: excl. likely spillover (leaf lettuce, spinach, malting barley)",ln_yield,2,-0.0561237520175743,7,17,19,soybean;onion;sweet_potato;corn;garlic;spring_potato;red_pepper,-0.0561237520175744,0.0738106178393337,-0.191962363814581,0.0797148597794328,0.47706,0.0725478195632697,26,0.447030434357086,,-0.0561237520175744,0.0738106178393334,7,17,19,1.52655665885959e-16
annual,"Controls: excl. likely spillover (leaf lettuce, spinach, malting barley)",ln_yield,3,-0.0257339028981137,7,17,19,soybean;onion;sweet_potato;corn;garlic;spring_potato;red_pepper,-0.0257339028981136,0.0537972901008559,-0.127062157376359,0.0755943515801313,0.64006,0.0527566934665429,26,0.632401522283247,,-0.0257339028981136,0.0537972901008554,7,17,19,-8.32667268468867e-17
annual,"Controls: excl. likely spillover (leaf lettuce, spinach, malting barley)",ln_yield,4,-0.114138461490052,7,12,19,soybean;onion;sweet_potato;corn;garlic;spring_potato;red_pepper,-0.114138461490052,0.0521213277282264,-0.213320466450125,-0.0149564565299792,0.02107,0.0510994710295089,26,0.0285343210625105,,-0.114138461490052,0.0521213277282257,7,12,19,2.63677968348475e-16
annual,"Controls: excl. likely spillover (leaf lettuce, spinach, malting barley)",ln_yield,5,-0.121084958698814,7,11,17,soybean;onion;sweet_potato;corn;garlic;spring_potato;red_pepper,-0.121084958698813,0.0769219023803961,-0.264668385947114,0.0224984685494866,0.11262,0.0755185591137688,24,0.115457745280088,,-0.121084958698813,0.0769219023803953,7,11,17,-3.60822483003176e-16
annual,"Controls: excl. likely spillover (leaf lettuce, spinach, malting barley)",ln_yield,6,-0.0542121203935656,7,10,17,soybean;onion;sweet_potato;corn;garlic;spring_potato;red_pepper,-0.0542121203935656,0.0557040520135004,-0.159760054242922,0.0513358134557913,0.33316,0.0545204023903099,24,0.330445552628435,,-0.0542121203935656,0.0557040520135002,7,10,17,4.85722573273506e-17
annual,"Controls: excl. likely spillover (leaf lettuce, spinach, malting barley)",ln_yield,7,-0.0392151689953761,7,9,12,soybean;onion;sweet_potato;corn;garlic;spring_potato;red_pepper,-0.0392151689953761,0.0930904570868183,-0.214873929071222,0.13644359108047,0.67783,0.0906820776519987,19,0.673566152847811,,-0.0392151689953761,0.0930904570868185,7,9,12,4.16333634234434e-17
annual,"Controls: excl. likely spillover (leaf lettuce, spinach, malting barley)",ln_yield,8,-0.0569926015040437,7,9,11,soybean;onion;sweet_potato;corn;garlic;spring_potato;red_pepper,-0.0569926015040441,0.0879807119026149,-0.22351259414367,0.109527391135583,0.51595,0.085681198085439,18,0.517123900497887,,-0.0569926015040441,0.0879807119026155,7,9,11,3.53883589099269e-16
annual,"Controls: excl. likely spillover (leaf lettuce, spinach, malting barley)",ln_yield,9,-0.0677855595601373,7,7,10,soybean;onion;sweet_potato;corn;garlic;spring_potato;red_pepper,-0.0677855595601373,0.106576394956939,-0.268959417947458,0.133388298827184,0.52358,0.103680226158564,17,0.524758244180858,,-0.0677855595601373,0.106576394956941,7,7,10,6.93889390390723e-17
annual,Controls: excl. other pulses,ln_area,-12,-0.232882812501867,7,21,27,soybean;onion;sweet_potato;corn;garlic;spring_potato;red_pepper,-0.232882812501868,0.120815453630314,-0.459113192436761,-0.00665243256697329,0.04168,0.118784456413716,28,0.0539059868338695,,-0.232882812501868,0.120815453630313,7,21,27,5.27355936696949e-16
annual,Controls: excl. other pulses,ln_area,-11,-0.139818060137515,7,21,27,soybean;onion;sweet_potato;corn;garlic;spring_potato;red_pepper,-0.139818060137515,0.0776610865913053,-0.28585081068851,0.00621469041348058,0.06268,0.0762647015859003,28,0.0718035152996451,,-0.139818060137515,0.0776610865913054,7,21,27,1.38777878078145e-16
annual,Controls: excl. other pulses,ln_area,-10,-0.15048956308835,7,21,27,soybean;onion;sweet_potato;corn;garlic;spring_potato;red_pepper,-0.150489563088351,0.0733641906138332,-0.287039805741828,-0.013939320434873,0.02691,0.0720872432289175,28,0.0402409258956901,,-0.150489563088351,0.073364190613833,7,21,27,3.60822483003176e-16
annual,Controls: excl. other pulses,ln_area,-9,-0.126624861532024,7,21,27,soybean;onion;sweet_potato;corn;garlic;spring_potato;red_pepper,-0.126624861532024,0.0642968470478906,-0.246513800615086,-0.00673592244896211,0.03585,0.0630490660013299,28,0.048909583290682,,-0.126624861532024,0.0642968470478899,7,21,27,3.05311331771918e-16
annual,Controls: excl. other pulses,ln_area,-8,0.00256292343393345,6,21,27,soybean;onion;sweet_potato;corn;garlic;spring_potato,0.00256292343393393,0.0855038235576477,-0.153998892813112,0.159124739680979,0.97755,0.0838457221398485,28,0.97608749198651,,0.00256292343393393,0.0855038235576469,6,21,27,-4.76615275024628e-16
annual,Controls: excl. other pulses,ln_area,-7,-0.00652579689974912,6,21,27,soybean;onion;sweet_potato;corn;garlic;spring_potato,-0.00652579689974861,0.0780115404165623,-0.151717467496885,0.138665873697386,0.93451,0.0762968968441016,28,0.933333371256562,,-0.00652579689974861,0.0780115404165614,6,21,27,-5.05671893247239e-16
annual,Controls: excl. other pulses,ln_area,-6,0.0327725804753047,5,21,27,soybean;onion;sweet_potato;corn;garlic,0.0327725804753053,0.0457433699543461,-0.053979789972217,0.119524950922826,0.4875,0.0449735993791544,28,0.473716997745246,,0.0327725804753053,0.0457433699543462,5,21,27,-5.96744875736022e-16
annual,Controls: excl. other pulses,ln_area,-5,0.112847608779653,2,21,24,onion;garlic,0.112847608779653,0.0818520566558846,-0.0177306850542581,0.243425902613564,0.13584,0.0802661606088668,25,0.167994134588136,,0.112847608779653,0.0818520566558868,2,21,24,-5.13478148889135e-16
annual,Controls: excl. other pulses,ln_area,0,0.133907185885764,7,21,21,soybean;onion;sweet_potato;corn;garlic;spring_potato;red_pepper,0.133907185885764,0.150809882910574,-0.15434287986119,0.422157251632718,0.37924,0.148460258155131,28,0.374583519380984,,0.133907185885764,0.150809882910574,7,21,21,-8.32667268468867e-17
annual,Controls: excl. other pulses,ln_area,1,0.0408251082450602,7,21,21,soybean;onion;sweet_potato;corn;garlic;spring_potato;red_pepper,0.0408251082450601,0.137285018150776,-0.221969349895724,0.303619566385845,0.76768,0.135037532946558,28,0.766180361564695,,0.0408251082450601,0.137285018150776,7,21,21,1.11022302462516e-16
annual,Controls: excl. other pulses,ln_area,2,0.00355536995889827,7,19,21,soybean;onion;sweet_potato;corn;garlic;spring_potato;red_pepper,0.00355536995889829,0.155355907003908,-0.292832070301223,0.29994281021902,0.98166,0.152807441236447,28,0.98174174866477,,0.00355536995889829,0.155355907003908,7,19,21,-1.69135538907739e-17
annual,Controls: excl. other pulses,ln_area,3,-0.0386600929802076,7,19,21,soybean;onion;sweet_potato;corn;garlic;spring_potato;red_pepper,-0.0386600929802072,0.154540891602568,-0.334537457941396,0.257217271980981,0.80243,0.151884143484906,28,0.802462899069434,,-0.0386600929802072,0.154540891602569,7,19,21,-3.95516952522712e-16
annual,Controls: excl. other pulses,ln_area,4,0.021137693478722,7,14,21,soybean;onion;sweet_potato;corn;garlic;spring_potato;red_pepper,0.0211376934787225,0.137165035038444,-0.241230544787165,0.283505931744609,0.87838,0.134655112346075,28,0.877527660150074,,0.0211376934787225,0.137165035038443,7,14,21,-4.8919202022546e-16
annual,Controls: excl. other pulses,ln_area,5,0.0545944772025353,7,13,19,soybean;onion;sweet_potato;corn;garlic;spring_potato;red_pepper,0.0545944772025355,0.132707917542779,-0.198769555662234,0.307958510067304,0.68092,0.13010503872442,26,0.680787872529332,,0.0545944772025355,0.132707917542777,7,13,19,-2.15105711021124e-16
annual,Controls: excl. other pulses,ln_area,6,0.18395502833974,7,10,19,soybean;onion;sweet_potato;corn;garlic;spring_potato;red_pepper,0.18395502833974,0.167314386241849,-0.134765292765313,0.502675349444793,0.27158,0.164047634386667,26,0.271568636221781,,0.18395502833974,0.167314386241849,7,10,19,1.66533453693773e-16
annual,Controls: excl. other pulses,ln_area,7,0.19252023035981,7,9,14,soybean;onion;sweet_potato;corn;garlic;spring_potato;red_pepper,0.192520230359811,0.167292221634035,-0.125273200748803,0.510313661468423,0.24607,0.163227872533713,21,0.24981368430515,,0.192520230359811,0.167292221634037,7,9,14,-4.44089209850063e-16
annual,Controls: excl. other pulses,ln_area,8,0.0576625228198829,7,9,13,soybean;onion;sweet_potato;corn;garlic;spring_potato;red_pepper,0.0576625228198826,0.174752346237542,-0.272577217584763,0.387902263224528,0.74226,0.170100537235842,20,0.741424830559144,,0.0576625228198826,0.174752346237542,7,9,13,2.84494650060196e-16
annual,Controls: excl. other pulses,ln_area,9,0.00959312901420235,7,7,10,soybean;onion;sweet_potato;corn;garlic;spring_potato;red_pepper,0.00959312901420287,0.193541325668674,-0.355611799939303,0.374798057967708,0.96005,0.187768958528329,17,0.960467995707543,,0.00959312901420287,0.193541325668674,7,7,10,-5.15212872365112e-16
annual,Controls: excl. other pulses,ln_production,-12,-0.297992412830507,7,21,27,soybean;onion;sweet_potato;corn;garlic;spring_potato;red_pepper,-0.297992412830507,0.129968301968414,-0.542491933377154,-0.0534928922838602,0.01318,0.127533868584322,28,0.0218590389396108,,-0.297992412830507,0.129968301968414,7,21,27,-5.55111512312578e-17
annual,Controls: excl. other pulses,ln_production,-11,-0.143911850099316,7,21,27,soybean;onion;sweet_potato;corn;garlic;spring_potato;red_pepper,-0.143911850099316,0.0695470828544872,-0.275950056595963,-0.0118736436026693,0.03067,0.0682600602180306,28,0.0385205441568062,,-0.143911850099316,0.0695470828544874,7,21,27,5.55111512312578e-17
annual,Controls: excl. other pulses,ln_production,-10,-0.155516029306215,7,21,27,soybean;onion;sweet_potato;corn;garlic;spring_potato;red_pepper,-0.155516029306215,0.0655028667326413,-0.280383552849123,-0.030648505763307,0.01128,0.0642680315837145,28,0.0175876590767475,,-0.155516029306215,0.0655028667326416,7,21,27,-3.05311331771918e-16
annual,Controls: excl. other pulses,ln_production,-9,-0.175248188121386,7,21,27,soybean;onion;sweet_potato;corn;garlic;spring_potato;red_pepper,-0.175248188121386,0.0788100186541459,-0.325009371507568,-0.0254870047352031,0.01816,0.0773770533278604,28,0.0261700451400155,,-0.175248188121386,0.0788100186541443,7,21,27,0
annual,Controls: excl. other pulses,ln_production,-8,-0.00885447470962548,6,21,27,soybean;onion;sweet_potato;corn;garlic;spring_potato,-0.00885447470962601,0.0901717947646265,-0.176495618165608,0.158786668746357,0.92664,0.0886660068169015,28,0.921776965531726,,-0.00885447470962601,0.0901717947646282,6,21,27,5.30825383648903e-16
annual,Controls: excl. other pulses,ln_production,-7,0.003973174530585,6,21,27,soybean;onion;sweet_potato;corn;garlic;spring_potato,0.00397317453058481,0.0997822303513649,-0.178727230524647,0.186673579585817,0.96919,0.0979974596101039,28,0.968237860686957,,0.00397317453058481,0.0997822303513676,6,21,27,1.89084858881472e-16
annual,Controls: excl. other pulses,ln_production,-6,0.0366051872856762,5,21,27,soybean;onion;sweet_potato;corn;garlic,0.0366051872856773,0.0815955639077818,-0.108369446288937,0.181579820860289,0.71229,0.0800159728126854,28,0.653707701238733,,0.0366051872856773,0.0815955639077821,5,21,27,-1.07552855510562e-15
annual,Controls: excl. other pulses,ln_production,-5,0.10190406027149,2,21,24,onion;garlic,0.10190406027149,0.0976083893373791,-0.0504398152378545,0.254247935780834,0.36003,0.0955108117530572,25,0.296481115124948,,0.10190406027149,0.0976083893373709,2,21,24,-1.94289029309402e-16
annual,Controls: excl. other pulses,ln_production,0,0.155795659652895,7,21,21,soybean;onion;sweet_potato;corn;garlic;spring_potato;red_pepper,0.155795659652895,0.150903088184387,-0.131950173621609,0.443541492927399,0.30451,0.148328903570743,28,0.301874496432595,,0.155795659652895,0.150903088184388,7,21,21,4.16333634234434e-16
annual,Controls: excl. other pulses,ln_production,1,0.0777530288444543,7,21,21,soybean;onion;sweet_potato;corn;garlic;spring_potato;red_pepper,0.0777530288444539,0.150168802143907,-0.209754390165583,0.365260447854492,0.60833,0.147742888174669,28,0.604618156413766,,0.0777530288444539,0.150168802143906,7,21,21,4.30211422042248e-16
annual,Controls: excl. other pulses,ln_production,2,-0.0329443094440356,7,19,21,soybean;onion;sweet_potato;corn;garlic;spring_potato;red_pepper,-0.0329443094440353,0.194479701025578,-0.400025795817731,0.33413717692966,0.87021,0.191427620209615,28,0.865484255548092,,-0.0329443094440353,0.194479701025576,7,19,21,-2.91433543964104e-16
annual,Controls: excl. other pulses,ln_production,3,-0.0346364093619374,7,19,21,soybean;onion;sweet_potato;corn;garlic;spring_potato;red_pepper,-0.0346364093619368,0.164941665401624,-0.350310618412507,0.281037799688632,0.83509,0.162398406159713,28,0.833674015518544,,-0.0346364093619368,0.164941665401623,7,19,21,-5.41233724504764e-16
annual,Controls: excl. other pulses,ln_production,4,-0.0634665917153939,7,14,21,soybean;onion;sweet_potato;corn;garlic;spring_potato;red_pepper,-0.0634665917153934,0.150811433966007,-0.352797406368852,0.225864222938064,0.67805,0.148810847638467,28,0.673876240758848,,-0.0634665917153934,0.150811433966005,7,14,21,-5.68989300120393e-16
annual,Controls: excl. other pulses,ln_production,5,-0.0284893085806661,7,13,19,soybean;onion;sweet_potato;corn;garlic;spring_potato;red_pepper,-0.0284893085806656,0.147565268215954,-0.309468863063657,0.252490245902325,0.84963,0.145381546874532,26,0.846910079220848,,-0.0284893085806656,0.147565268215949,7,13,19,-5.44703171456717e-16
annual,Controls: excl. other pulses,ln_production,6,0.178286530402343,7,10,19,soybean;onion;sweet_potato;corn;garlic;spring_potato;red_pepper,0.178286530402343,0.157710951167044,-0.12544863966408,0.482021700468766,0.25754,0.155482557626458,26,0.258280819086383,,0.178286530402343,0.157710951167042,7,10,19,1.94289029309402e-16
annual,Controls: excl. other pulses,ln_production,7,0.208502892167524,7,9,14,soybean;onion;sweet_potato;corn;garlic;spring_potato;red_pepper,0.208502892167525,0.202093781863286,-0.172242394477298,0.589248178812346,0.31009,0.198315808252978,21,0.302206330073065,,0.208502892167525,0.202093781863286,7,9,14,-5.55111512312578e-16
annual,Controls: excl. other pulses,ln_production,8,0.0520678046816392,7,9,13,soybean;onion;sweet_potato;corn;garlic;spring_potato;red_pepper,0.0520678046816385,0.207800619332774,-0.343187560528971,0.44732316989225,0.80374,0.203656877918422,20,0.802149542204709,,0.0520678046816385,0.207800619332774,7,9,13,7.0082828429463e-16
annual,Controls: excl. other pulses,ln_production,9,-0.00594856431912426,7,7,10,soybean;onion;sweet_potato;corn;garlic;spring_potato;red_pepper,-0.00594856431912405,0.238975955392942,-0.459179199519108,0.447282070880859,0.98055,0.232911028510531,17,0.98014119231953,,-0.00594856431912405,0.238975955392943,7,7,10,-2.14238349283136e-16
annual,Controls: excl. other pulses,ln_yield,-12,-0.066475762469287,7,21,27,soybean;onion;sweet_potato;corn;garlic;spring_potato;red_pepper,-0.0664757624692868,0.0601400742012316,-0.179984305562701,0.0470327806241272,0.27598,0.0590589028616942,28,0.269008453960484,,-0.0664757624692868,0.06014007420123,7,21,27,-2.22044604925031e-16
annual,Controls: excl. other pulses,ln_yield,-11,-0.00519648526728988,7,21,27,soybean;onion;sweet_potato;corn;garlic;spring_potato;red_pepper,-0.00519648526728984,0.0498587875633976,-0.0953788610349977,0.0849858905004179,0.93003,0.048903554309428,28,0.916991540818055,,-0.00519648526728984,0.0498587875633954,7,21,27,-4.33680868994202e-17
annual,Controls: excl. other pulses,ln_yield,-10,-0.00530002747878134,7,21,27,soybean;onion;sweet_potato;corn;garlic;spring_potato;red_pepper,-0.00530002747878134,0.0393054357373485,-0.0774435297892577,0.066843474831695,0.90426,0.038609201528912,28,0.892736719152433,,-0.00530002747878134,0.0393054357373468,7,21,27,5.20417042793042e-18
annual,Controls: excl. other pulses,ln_yield,-9,-0.048421012536034,7,21,27,soybean;onion;sweet_potato;corn;garlic;spring_potato;red_pepper,-0.0484210125360338,0.0545694900225585,-0.150604253917681,0.053762228845613,0.39174,0.0535324195444498,28,0.374902570716774,,-0.0484210125360338,0.0545694900225568,7,21,27,-2.22044604925031e-16
annual,Controls: excl. other pulses,ln_yield,-8,-0.0113783421770167,6,21,27,soybean;onion;sweet_potato;corn;garlic;spring_potato,-0.0113783421770165,0.031615689222038,-0.0709121591848706,0.0481554748308372,0.72623,0.031059302208918,28,0.71892533210482,,-0.0113783421770165,0.0316156892220389,6,21,27,-2.60208521396521e-16
annual,Controls: excl. other pulses,ln_yield,-7,0.0104052475311661,6,21,27,soybean;onion;sweet_potato;corn;garlic;spring_potato,0.010405247531166,0.0381856091403626,-0.0593197186104596,0.0801302136727918,0.79712,0.0374864750174813,28,0.785244254601307,,0.010405247531166,0.0381856091403637,6,21,27,2.42861286636753e-17
annual,Controls: excl. other pulses,ln_yield,-6,0.00363249826543514,5,21,27,soybean;onion;sweet_potato;corn;garlic,0.00363249826543552,0.0434571087178268,-0.070908923238693,0.0781739197695632,0.94588,0.0426596548540964,28,0.933383908224614,,0.00363249826543552,0.0434571087178287,5,21,27,-3.83807569059869e-16
annual,Controls: excl. other pulses,ln_yield,-5,-0.010615821288306,2,21,24,onion;garlic,-0.0106158212883056,0.0316583344559421,-0.0679022771292192,0.0466706345526073,0.75608,0.0309664600758297,25,0.737380168466066,,-0.0106158212883056,0.0316583344559302,2,21,24,-4.14598910758457e-16
annual,Controls: excl. other pulses,ln_yield,0,0.0223219804189507,7,21,21,soybean;onion;sweet_potato;corn;garlic;spring_potato;red_pepper,0.0223219804189507,0.0354030482963528,-0.0457327105554915,0.0903766713933928,0.52652,0.0347541812308849,28,0.528360880225494,,0.0223219804189507,0.0354030482963542,7,21,21,-1.73472347597681e-17
annual,Controls: excl. other pulses,ln_yield,1,0.0375232814670416,7,21,21,soybean;onion;sweet_potato;corn;garlic;spring_potato;red_pepper,0.0375232814670414,0.0525271845270936,-0.0586074344476735,0.133653997381757,0.51433,0.0516318520506815,28,0.47500504762462,,0.0375232814670414,0.0525271845270943,7,21,21,2.0122792321331e-16
annual,Controls: excl. other pulses,ln_yield,2,-0.0355851205928342,7,19,21,soybean;onion;sweet_potato;corn;garlic;spring_potato;red_pepper,-0.0355851205928339,0.0718383268011896,-0.166898506135748,0.0957282649500793,0.64359,0.0705755592970317,28,0.620353029220896,,-0.0355851205928339,0.0718383268011889,7,19,21,-2.70616862252382e-16
annual,Controls: excl. other pulses,ln_yield,3,0.00425373893087692,7,19,21,soybean;onion;sweet_potato;corn;garlic;spring_potato;red_pepper,0.00425373893087729,0.0531670852340628,-0.0957156145196926,0.104223092381446,0.93928,0.0522244276759879,28,0.936231689485032,,0.00425373893087729,0.0531670852340638,7,19,21,-3.62557206479153e-16
annual,Controls: excl. other pulses,ln_yield,4,-0.0843261104916251,7,14,21,soybean;onion;sweet_potato;corn;garlic;spring_potato;red_pepper,-0.0843261104916248,0.0517868387033695,-0.18267844024677,0.0140262192635195,0.09678,0.0507552306030784,28,0.103454737496297,,-0.0843261104916248,0.0517868387033686,7,14,21,-2.35922392732846e-16
annual,Controls: excl. other pulses,ln_yield,5,-0.0829946833809698,7,13,19,soybean;onion;sweet_potato;corn;garlic;spring_potato;red_pepper,-0.0829946833809695,0.0732316394856673,-0.219513056714323,0.0535236899523831,0.2704,0.0718638606658364,26,0.257081032476619,,-0.0829946833809695,0.0732316394856641,7,13,19,-2.35922392732846e-16
annual,Controls: excl. other pulses,ln_yield,6,-0.00582252959407826,7,10,19,soybean;onion;sweet_potato;corn;garlic;spring_potato;red_pepper,-0.00582252959407852,0.0513134535803579,-0.103182987936455,0.0915379287482983,0.91226,0.0502807724462477,26,0.909658069320291,,-0.00582252959407852,0.0513134535803579,7,10,19,2.59341159658533e-16
annual,Controls: excl. other pulses,ln_yield,7,0.0156017512123435,7,9,14,soybean;onion;sweet_potato;corn;garlic;spring_potato;red_pepper,0.0156017512123437,0.0867430096913421,-0.148227763666133,0.17943126609082,0.86023,0.0846989812554473,21,0.857261089216884,,0.0156017512123437,0.0867430096913399,7,9,14,-1.96023752785379e-16
annual,Controls: excl. other pulses,ln_yield,8,-0.00616836409629511,7,9,13,soybean;onion;sweet_potato;corn;garlic;spring_potato;red_pepper,-0.00616836409629576,0.0836529755355681,-0.164822273242353,0.152485545049762,0.94198,0.081590970376994,20,0.941219232555285,,-0.00616836409629576,0.0836529755355685,7,9,13,6.46184494801361e-16
annual,Controls: excl. other pulses,ln_yield,9,-0.0163920747089523,7,7,10,soybean;onion;sweet_potato;corn;garlic;spring_potato;red_pepper,-0.0163920747089524,0.105775403757056,-0.214752026044157,0.181967876626252,0.87584,0.102374117264414,17,0.876844517993031,,-0.0163920747089524,0.105775403757054,7,7,10,8.67361737988404e-17
annual,Controls: excl. uncertain seasonal forms,ln_area,-12,-0.156299868302317,7,13,19,soybean;onion;sweet_potato;corn;garlic;spring_potato;red_pepper,-0.156299868302317,0.119523759226277,-0.381626531979907,0.0690267953752742,0.18838,0.116441072618559,20,0.190978920515561,,-0.156299868302317,0.119523759226277,7,13,19,2.4980018054066e-16
annual,Controls: excl. uncertain seasonal forms,ln_area,-11,-0.124215169862237,7,13,19,soybean;onion;sweet_potato;corn;garlic;spring_potato;red_pepper,-0.124215169862237,0.086290074084274,-0.286037557618603,0.0376072178941302,0.14334,0.0839982382596734,20,0.150006914371057,,-0.124215169862237,0.0862900740842746,7,13,19,2.77555756156289e-17
annual,Controls: excl. uncertain seasonal forms,ln_area,-10,-0.12885674853017,7,13,19,soybean;onion;sweet_potato;corn;garlic;spring_potato;red_pepper,-0.128856748530171,0.0687813857631225,-0.257979292173542,0.000265795113200518,0.05054,0.0671779475443368,20,0.061009758763393,,-0.128856748530171,0.0687813857631229,7,13,19,2.22044604925031e-16
annual,Controls: excl. uncertain seasonal forms,ln_area,-9,-0.081871952314156,7,13,19,soybean;onion;sweet_potato;corn;garlic;spring_potato;red_pepper,-0.0818719523141564,0.0609810065776341,-0.196049963977741,0.0323060593494293,0.17949,0.0597378578542328,20,0.179407624821886,,-0.0818719523141564,0.060981006577635,7,13,19,3.46944695195361e-16
annual,Controls: excl. uncertain seasonal forms,ln_area,-8,0.0211461022421429,6,13,19,soybean;onion;sweet_potato;corn;garlic;spring_potato,0.0211461022421435,0.0906674490104182,-0.14498926068474,0.187281465169025,0.82924,0.0886146779196025,20,0.815585097137793,,0.0211461022421435,0.0906674490104193,6,13,19,-6.1409211049579e-16
annual,Controls: excl. uncertain seasonal forms,ln_area,-7,0.0355661498414423,6,13,19,soybean;onion;sweet_potato;corn;garlic;spring_potato,0.0355661498414428,0.0807926159892318,-0.115695558466003,0.186827858148887,0.66764,0.0787404083741242,20,0.659781142175045,,0.0355661498414428,0.0807926159892331,6,13,19,-5.34294830600857e-16
annual,Controls: excl. uncertain seasonal forms,ln_area,-6,0.0414255081300769,5,13,19,soybean;onion;sweet_potato;corn;garlic,0.041425508130077,0.0614877407140612,-0.0720508440349598,0.154901860295114,0.51541,0.0597535854831738,20,0.500489473853169,,0.041425508130077,0.0614877407140619,5,13,19,-1.80411241501588e-16
annual,Controls: excl. uncertain seasonal forms,ln_area,-5,0.134757286870968,2,13,16,onion;garlic,0.134757286870968,0.0835620115710415,-0.0193818724988013,0.288896446240738,0.10599,0.0808468163496543,17,0.106817944518174,,0.134757286870968,0.0835620115710378,2,13,16,5.55111512312578e-16
annual,Controls: excl. uncertain seasonal forms,ln_area,0,0.0737443910767916,7,13,13,soybean;onion;sweet_potato;corn;garlic;spring_potato;red_pepper,0.0737443910767917,0.207713637045602,-0.317857352460588,0.465346134614171,0.72769,0.202463381051885,20,0.722567771126479,,0.0737443910767917,0.207713637045602,7,13,13,-8.32667268468867e-17
annual,Controls: excl. uncertain seasonal forms,ln_area,1,-0.0890166729676618,7,13,13,soybean;onion;sweet_potato;corn;garlic;spring_potato;red_pepper,-0.089016672967662,0.184834038473123,-0.438141954032259,0.260108608096936,0.63641,0.180342778957284,20,0.630087819592142,,-0.089016672967662,0.184834038473123,7,13,13,1.2490009027033e-16
annual,Controls: excl. uncertain seasonal forms,ln_area,2,-0.152613797580581,7,11,13,soybean;onion;sweet_potato;corn;garlic;spring_potato;red_pepper,-0.152613797580581,0.170805256833059,-0.474946885388152,0.16971929022699,0.37487,0.166702270689669,20,0.371591663959859,,-0.152613797580581,0.170805256833059,7,11,13,1.38777878078145e-16
annual,Controls: excl. uncertain seasonal forms,ln_area,3,-0.231138537093718,7,11,13,soybean;onion;sweet_potato;corn;garlic;spring_potato;red_pepper,-0.231138537093718,0.16445904028653,-0.541168227496004,0.0788911533085683,0.15352,0.160040933555761,20,0.159888268391661,,-0.231138537093718,0.16445904028653,7,11,13,-2.4980018054066e-16
annual,Controls: excl. uncertain seasonal forms,ln_area,4,-0.117409520734723,7,11,13,soybean;onion;sweet_potato;corn;garlic;spring_potato;red_pepper,-0.117409520734723,0.169253049916516,-0.438787447080227,0.203968405610781,0.48387,0.164756823920161,20,0.4878752579467,,-0.117409520734723,0.169253049916515,7,11,13,6.66133814775094e-16
annual,Controls: excl. uncertain seasonal forms,ln_area,5,-0.0353754217330071,7,10,11,soybean;onion;sweet_potato;corn;garlic;spring_potato;red_pepper,-0.0353754217330078,0.155686466505949,-0.329429793434839,0.258678949968825,0.81922,0.151376589759899,18,0.820250964508783,,-0.0353754217330078,0.155686466505947,7,10,11,7.0082828429463e-16
annual,Controls: excl. uncertain seasonal forms,ln_area,6,0.0400751039043888,7,7,11,soybean;onion;sweet_potato;corn;garlic;spring_potato;red_pepper,0.0400751039043886,0.171458772058229,-0.282212209041816,0.362362416850594,0.81873,0.166949307243558,18,0.815194391840418,,0.0400751039043886,0.171458772058227,7,7,11,1.17961196366423e-16
annual,Controls: excl. uncertain seasonal forms,ln_area,7,0.0322075992891024,7,7,11,soybean;onion;sweet_potato;corn;garlic;spring_potato;red_pepper,0.0322075992891026,0.172097895900451,-0.292483319584064,0.356898518162269,0.85252,0.167596467543161,18,0.851545404086888,,0.0322075992891026,0.172097895900449,7,7,11,-1.31838984174237e-16
annual,Controls: excl. uncertain seasonal forms,ln_area,8,-0.127562349941302,7,7,10,soybean;onion;sweet_potato;corn;garlic;spring_potato;red_pepper,-0.127562349941302,0.179328385673966,-0.463155521906557,0.208030822023953,0.48242,0.174175411128088,17,0.476877383790791,,-0.127562349941302,0.179328385673968,7,7,10,-2.77555756156289e-17
annual,Controls: excl. uncertain seasonal forms,ln_area,9,-0.213709990991731,7,7,7,soybean;onion;sweet_potato;corn;garlic;spring_potato;red_pepper,-0.213709990991731,0.169530843051182,-0.532111667037464,0.104691685054002,0.19857,0.163742634292799,14,0.207454252648713,,-0.213709990991731,0.169530843051185,7,7,7,-5.55111512312578e-16
annual,Controls: excl. uncertain seasonal forms,ln_production,-12,-0.21022262536647,7,13,19,soybean;onion;sweet_potato;corn;garlic;spring_potato;red_pepper,-0.21022262536647,0.128375497990514,-0.449989276578515,0.0295440258455739,0.09337,0.124864377135654,20,0.101513440033945,,-0.21022262536647,0.128375497990513,7,13,19,1.11022302462516e-16
annual,Controls: excl. uncertain seasonal forms,ln_production,-11,-0.119827828868522,7,13,19,soybean;onion;sweet_potato;corn;garlic;spring_potato;red_pepper,-0.119827828868523,0.079498137285612,-0.268428480220453,0.0287728224834085,0.12459,0.0772742698990994,20,0.131732854147403,,-0.119827828868523,0.0794981372856119,7,13,19,4.44089209850063e-16
annual,Controls: excl. uncertain seasonal forms,ln_production,-10,-0.116580145305464,7,13,19,soybean;onion;sweet_potato;corn;garlic;spring_potato;red_pepper,-0.116580145305464,0.0601379299012068,-0.230447505824443,-0.00271278478648508,0.04438,0.0585359222093227,20,0.0525566406422109,,-0.116580145305464,0.0601379299012063,7,13,19,9.71445146547012e-17
annual,Controls: excl. uncertain seasonal forms,ln_production,-9,-0.116504644492154,7,13,19,soybean;onion;sweet_potato;corn;garlic;spring_potato;red_pepper,-0.116504644492154,0.0690002872684547,-0.247417593758136,0.0144083047738281,0.08362,0.0673853782430374,20,0.0913217951707767,,-0.116504644492154,0.0690002872684552,7,13,19,3.46944695195361e-16
annual,Controls: excl. uncertain seasonal forms,ln_production,-8,0.00353109405509842,6,13,19,soybean;onion;sweet_potato;corn;garlic;spring_potato,0.00353109405509866,0.0989611986693281,-0.181433993125683,0.18849618123588,0.9725,0.0966008561103304,20,0.971536241083841,,0.00353109405509866,0.0989611986693281,6,13,19,-2.40692882291782e-16
annual,Controls: excl. uncertain seasonal forms,ln_production,-7,0.0505581586994009,6,13,19,soybean;onion;sweet_potato;corn;garlic;spring_potato,0.0505581586994013,0.100904290780497,-0.135809577046256,0.236925894445057,0.64046,0.0986171103708392,20,0.616335489441507,,0.0505581586994013,0.100904290780497,6,13,19,-3.81639164714898e-16
annual,Controls: excl. uncertain seasonal forms,ln_production,-6,0.0495377653880785,5,13,19,soybean;onion;sweet_potato;corn;garlic,0.0495377653880789,0.0978077060254253,-0.11995642404056,0.219031954816717,0.69075,0.0954171105068711,20,0.612518876485564,,0.0495377653880789,0.0978077060254242,5,13,19,-4.92661467177413e-16
annual,Controls: excl. uncertain seasonal forms,ln_production,-5,0.115904623717719,2,13,16,onion;garlic,0.11590462371772,0.0887332953577964,-0.0371986485340812,0.26900789596952,0.19668,0.0862068387662593,17,0.191479980692326,,0.11590462371772,0.0887332953577964,2,13,16,-2.77555756156289e-16
annual,Controls: excl. uncertain seasonal forms,ln_production,0,0.108149437866953,7,13,13,soybean;onion;sweet_potato;corn;garlic;spring_potato;red_pepper,0.108149437866953,0.209380210450745,-0.286863790028001,0.503162665761907,0.6098,0.204230119914084,20,0.605490034906508,,0.108149437866953,0.209380210450746,7,13,13,2.63677968348475e-16
annual,Controls: excl. uncertain seasonal forms,ln_production,1,-0.0424223876034625,7,13,13,soybean;onion;sweet_potato;corn;garlic;spring_potato;red_pepper,-0.0424223876034627,0.204879279591981,-0.429517012664208,0.344672237457283,0.83661,0.199493760723544,20,0.835962680381091,,-0.0424223876034627,0.204879279591982,7,13,13,1.73472347597681e-16
annual,Controls: excl. uncertain seasonal forms,ln_production,2,-0.165436380091744,7,11,13,soybean;onion;sweet_potato;corn;garlic;spring_potato;red_pepper,-0.165436380091744,0.212639358346094,-0.566930458132637,0.236057697949149,0.4357,0.206890399321457,20,0.436560808809483,,-0.165436380091744,0.212639358346094,7,11,13,-5.55111512312578e-17
annual,Controls: excl. uncertain seasonal forms,ln_production,3,-0.208044845020039,7,11,13,soybean;onion;sweet_potato;corn;garlic;spring_potato;red_pepper,-0.208044845020039,0.189871838603052,-0.567807107110532,0.151717417070453,0.2695,0.184990538716135,20,0.273204845690073,,-0.208044845020039,0.189871838603052,7,11,13,-3.33066907387547e-16
annual,Controls: excl. uncertain seasonal forms,ln_production,4,-0.198982696490452,7,11,13,soybean;onion;sweet_potato;corn;garlic;spring_potato;red_pepper,-0.198982696490453,0.193619157731889,-0.566422460614108,0.168457067633204,0.2993,0.188788163672238,20,0.304090267708557,,-0.198982696490453,0.193619157731889,7,11,13,9.71445146547012e-16
annual,Controls: excl. uncertain seasonal forms,ln_production,5,-0.101944864585552,7,10,11,soybean;onion;sweet_potato;corn;garlic;spring_potato;red_pepper,-0.101944864585552,0.19015989074652,-0.460631210458854,0.256741481287751,0.59154,0.185033223706653,18,0.591888905331364,,-0.101944864585552,0.190159890746519,7,10,11,6.5225602696728e-16
annual,Controls: excl. uncertain seasonal forms,ln_production,6,0.0154323549699342,7,7,11,soybean;onion;sweet_potato;corn;garlic;spring_potato;red_pepper,0.015432354969934,0.180495710744169,-0.324697660553909,0.355562370493778,0.93194,0.175546782060462,18,0.931864020111207,,0.015432354969934,0.180495710744169,7,7,11,1.57859836313889e-16
annual,Controls: excl. uncertain seasonal forms,ln_production,7,0.027984003314386,7,7,11,soybean;onion;sweet_potato;corn;garlic;spring_potato;red_pepper,0.0279840033143863,0.224350620473115,-0.392434462756933,0.448402469385704,0.9032,0.218363889364827,18,0.900734658158432,,0.0279840033143863,0.224350620473116,7,7,11,-3.08780778723872e-16
annual,Controls: excl. uncertain seasonal forms,ln_production,8,-0.187216761778291,7,7,10,soybean;onion;sweet_potato;corn;garlic;spring_potato;red_pepper,-0.187216761778291,0.220816102617046,-0.60410681521227,0.229673291655688,0.39167,0.214471587167011,17,0.396526988939144,,-0.187216761778291,0.220816102617049,7,7,10,4.44089209850063e-16
annual,Controls: excl. uncertain seasonal forms,ln_production,9,-0.293505378743107,7,7,7,soybean;onion;sweet_potato;corn;garlic;spring_potato;red_pepper,-0.293505378743106,0.228149302630932,-0.720557979554538,0.133547222068324,0.18754,0.220066332114709,14,0.198281917514,,-0.293505378743106,0.228149302630935,7,7,7,-5.55111512312578e-16
annual,Controls: excl. uncertain seasonal forms,ln_yield,-12,-0.0532129489589846,7,13,19,soybean;onion;sweet_potato;corn;garlic;spring_potato;red_pepper,-0.0532129489589848,0.0582840868844455,-0.16235003732447,0.0559241394065011,0.36368,0.0566860187938,20,0.361246352846005,,-0.0532129489589848,0.0582840868844459,7,13,19,1.80411241501588e-16
annual,Controls: excl. uncertain seasonal forms,ln_yield,-11,0.00438716711563903,7,13,19,soybean;onion;sweet_potato;corn;garlic;spring_potato;red_pepper,0.00438716711563876,0.0491608705600469,-0.0854147898848356,0.0941891241161136,0.93532,0.0478659374773822,20,0.928890351892225,,0.00438716711563876,0.0491608705600472,7,13,19,2.69749500514394e-16
annual,Controls: excl. uncertain seasonal forms,ln_yield,-10,0.01209602324483,7,13,19,soybean;onion;sweet_potato;corn;garlic;spring_potato;red_pepper,0.0120960232448297,0.0426065876937186,-0.0666284220660836,0.0908204685557435,0.79181,0.0415930667451746,20,0.776486782689452,,0.0120960232448297,0.0426065876937184,7,13,19,2.39391839684799e-16
annual,Controls: excl. uncertain seasonal forms,ln_yield,-9,-0.0343222712599386,7,13,19,soybean;onion;sweet_potato;corn;garlic;spring_potato;red_pepper,-0.0343222712599388,0.0540600321531723,-0.135316092809897,0.0666715502900201,0.53614,0.0527525213184923,20,0.525498983807036,,-0.0343222712599388,0.0540600321531732,7,13,19,1.94289029309402e-16
annual,Controls: excl. uncertain seasonal forms,ln_yield,-8,-0.0176896238814893,6,13,19,soybean;onion;sweet_potato;corn;garlic;spring_potato,-0.017689623881489,0.0378311083044567,-0.0886930932368508,0.0533138454738722,0.64604,0.0368095803730971,20,0.640074490884486,,-0.017689623881489,0.0378311083044565,6,13,19,-3.12250225675825e-16
annual,Controls: excl. uncertain seasonal forms,ln_yield,-7,0.014929368402052,6,13,19,soybean;onion;sweet_potato;corn;garlic;spring_potato,0.014929368402052,0.0387370527804241,-0.056917711384408,0.086776448188512,0.71087,0.0377467276743953,20,0.699939012293403,,0.014929368402052,0.0387370527804231,6,13,19,1.21430643318377e-17
annual,Controls: excl. uncertain seasonal forms,ln_yield,-6,0.00799897190627009,5,13,19,soybean;onion;sweet_potato;corn;garlic,0.00799897190627035,0.0454580162464857,-0.0689525684788557,0.0849505122913959,0.90376,0.0442855075364816,20,0.860322267526091,,0.00799897190627035,0.0454580162464841,5,13,19,-2.61943244872498e-16
annual,Controls: excl. uncertain seasonal forms,ln_yield,-5,-0.0182681419125148,2,13,16,onion;garlic,-0.0182681419125147,0.0397450564404252,-0.089952523522183,0.0534162396971535,0.68644,0.0386253604644654,17,0.645779625114505,,-0.0182681419125147,0.0397450564404235,2,13,16,-6.93889390390723e-17
annual,Controls: excl. uncertain seasonal forms,ln_yield,0,0.0350180062865194,7,13,13,soybean;onion;sweet_potato;corn;garlic;spring_potato;red_pepper,0.0350180062865193,0.0439235619156361,-0.0484610462518144,0.118497058824853,0.42292,0.0428292641388464,20,0.425306559218937,,0.0350180062865193,0.0439235619156364,7,13,13,8.32667268468867e-17
annual,Controls: excl. uncertain seasonal forms,ln_yield,1,0.0472593015063677,7,13,13,soybean;onion;sweet_potato;corn;garlic;spring_potato;red_pepper,0.0472593015063674,0.0606085289428548,-0.0652544634439764,0.159773066456712,0.44989,0.059006865545537,20,0.43553997442119,,0.0472593015063674,0.060608528942855,7,13,13,3.19189119579733e-16
annual,Controls: excl. uncertain seasonal forms,ln_yield,2,-0.0117086365771285,7,11,13,soybean;onion;sweet_potato;corn;garlic;spring_potato;red_pepper,-0.0117086365771286,0.0811392475977957,-0.161708901562629,0.138291628408372,0.89276,0.0791699515053173,20,0.88526121206386,,-0.0117086365771286,0.081139247597795,7,11,13,1.17961196366423e-16
annual,Controls: excl. uncertain seasonal forms,ln_yield,3,0.0233189498317123,7,11,13,soybean;onion;sweet_potato;corn;garlic;spring_potato;red_pepper,0.0233189498317124,0.0671779928610868,-0.103365822903393,0.150003722566818,0.7328,0.065501574266423,20,0.728499771479561,,0.0233189498317124,0.0671779928610865,7,11,13,-6.24500451351651e-17
annual,Controls: excl. uncertain seasonal forms,ln_yield,4,-0.0812412439723238,7,11,13,soybean;onion;sweet_potato;corn;garlic;spring_potato;red_pepper,-0.0812412439723242,0.0640980024310774,-0.202723067213601,0.0402405792689536,0.20022,0.062608105164029,20,0.204993144430446,,-0.0812412439723242,0.0640980024310767,7,11,13,3.88578058618805e-16
annual,Controls: excl. uncertain seasonal forms,ln_yield,5,-0.0660578169773842,7,10,11,soybean;onion;sweet_potato;corn;garlic;spring_potato;red_pepper,-0.0660578169773845,0.0856723532662701,-0.227498210290723,0.0953825763359543,0.4425,0.0833931813212988,18,0.440676264761587,,-0.0660578169773845,0.0856723532662706,7,10,11,2.91433543964104e-16
annual,Controls: excl. uncertain seasonal forms,ln_yield,6,-0.0247390629253929,7,7,11,soybean;onion;sweet_potato;corn;garlic;spring_potato;red_pepper,-0.0247390629253929,0.0714256085277579,-0.159728918041868,0.110250792191082,0.72933,0.0694966357647417,18,0.729071244238224,,-0.0247390629253929,0.0714256085277579,7,7,11,7.63278329429795e-17
annual,Controls: excl. uncertain seasonal forms,ln_yield,7,-0.00450839497569925,7,7,11,soybean;onion;sweet_potato;corn;garlic;spring_potato;red_pepper,-0.00450839497569932,0.103332337245661,-0.200107221651066,0.191090431699668,0.96437,0.100614493659382,18,0.965199298563088,,-0.00450839497569932,0.10333233724566,7,7,11,6.85215773010839e-17
annual,Controls: excl. uncertain seasonal forms,ln_yield,8,-0.0600872471221164,7,7,10,soybean;onion;sweet_potato;corn;garlic;spring_potato;red_pepper,-0.0600872471221166,0.107533848896578,-0.264064371531608,0.143889877287376,0.57323,0.104379617190584,17,0.57631515491225,,-0.0600872471221166,0.107533848896578,7,7,10,2.28983498828939e-16
annual,Controls: excl. uncertain seasonal forms,ln_yield,9,-0.0805767397580373,7,7,7,soybean;onion;sweet_potato;corn;garlic;spring_potato;red_pepper,-0.0805767397580371,0.121273210229972,-0.307809194280569,0.146655714764495,0.50227,0.117048601053069,14,0.50641946002487,,-0.0805767397580371,0.121273210229972,7,7,7,-2.4980018054066e-16
annual,Controls: field crops only,ln_area,-12,-0.142270008687154,7,8,14,soybean;onion;sweet_potato;corn;garlic;spring_potato;red_pepper,-0.142270008687154,0.140731254434904,-0.401236303183295,0.116696285808988,0.32099,0.136112328449394,15,0.312048024020408,,-0.142270008687154,0.140731254434905,7,8,14,-5.55111512312578e-17
annual,Controls: field crops only,ln_area,-11,-0.105091194841634,7,8,14,soybean;onion;sweet_potato;corn;garlic;spring_potato;red_pepper,-0.105091194841634,0.0967763505962617,-0.285900075682362,0.0757176859990939,0.27539,0.0936880353801021,15,0.277515209640992,,-0.105091194841634,0.0967763505962627,7,8,14,-4.30211422042248e-16
annual,Controls: field crops only,ln_area,-10,-0.109860463940004,7,8,14,soybean;onion;sweet_potato;corn;garlic;spring_potato;red_pepper,-0.109860463940004,0.0613530183642773,-0.224539354426396,0.00481842654638802,0.06179,0.0593144946412916,15,0.0733529285988308,,-0.109860463940004,0.0613530183642807,7,8,14,-9.71445146547012e-17
annual,Controls: field crops only,ln_area,-9,-0.05039634787007,7,8,14,soybean;onion;sweet_potato;corn;garlic;spring_potato;red_pepper,-0.0503963478700698,0.0567623479434035,-0.155805437490043,0.0550127417499033,0.37477,0.054714772616037,15,0.374622417097419,,-0.0503963478700698,0.056762347943404,7,8,14,-1.38777878078145e-16
annual,Controls: field crops only,ln_area,-8,0.0640212259703562,6,8,14,soybean;onion;sweet_potato;corn;garlic;spring_potato,0.0640212259703557,0.0865250855780995,-0.0888189599788487,0.216861411919561,0.49875,0.0834318607184701,15,0.459351450978186,,0.0640212259703557,0.0865250855781008,6,8,14,4.9960036108132e-16
annual,Controls: field crops only,ln_area,-7,0.0998590665987307,6,8,14,soybean;onion;sweet_potato;corn;garlic;spring_potato,0.0998590665987304,0.0793195989924017,-0.0482736892122193,0.247991822409681,0.20201,0.0766853835420972,15,0.208049952270772,,0.0998590665987304,0.0793195989924032,6,8,14,3.05311331771918e-16
annual,Controls: field crops only,ln_area,-6,0.0848668238776537,5,8,14,soybean;onion;sweet_potato;corn;garlic,0.0848668238776545,0.0731818026179224,-0.0478906814369593,0.217624329192267,0.26683,0.0707730886507659,15,0.246182727907797,,0.0848668238776545,0.0731818026179227,5,8,14,-8.32667268468867e-16
annual,Controls: field crops only,ln_area,-5,0.160785404909224,2,8,11,onion;garlic,0.160785404909223,0.103619060687064,-0.026843626384625,0.348414436203072,0.11931,0.0990814011449091,12,0.12073469628205,,0.160785404909223,0.103619060687076,2,8,11,2.4980018054066e-16
annual,Controls: field crops only,ln_area,0,0.0844031223967091,7,8,8,soybean;onion;sweet_potato;corn;garlic;spring_potato;red_pepper,0.0844031223967096,0.292116281286345,-0.454322787498074,0.623129032291492,0.77247,0.282106049792039,15,0.772629797235577,,0.0844031223967096,0.292116281286337,7,8,8,-5.41233724504764e-16
annual,Controls: field crops only,ln_area,1,-0.0764828301006336,7,8,8,soybean;onion;sweet_potato;corn;garlic;spring_potato;red_pepper,-0.0764828301006335,0.258260060369177,-0.552296748522752,0.399331088321485,0.76597,0.249361391516242,15,0.767118153251677,,-0.0764828301006335,0.258260060369169,7,8,8,-9.71445146547012e-17
annual,Controls: field crops only,ln_area,2,-0.132273281092007,7,7,8,soybean;onion;sweet_potato;corn;garlic;spring_potato;red_pepper,-0.132273281092007,0.233569603081283,-0.565339967290019,0.300793405106006,0.5763,0.22565014246006,15,0.571181669330475,,-0.132273281092007,0.233569603081267,7,7,8,1.38777878078145e-16
annual,Controls: field crops only,ln_area,3,-0.213252993666221,7,7,8,soybean;onion;sweet_potato;corn;garlic;spring_potato;red_pepper,-0.213252993666221,0.222708002579652,-0.62342446681759,0.196918479485148,0.34881,0.215400934405284,15,0.338292110142538,,-0.213252993666221,0.222708002579637,7,7,8,-5.55111512312578e-17
annual,Controls: field crops only,ln_area,4,-0.0957668871123884,7,7,8,soybean;onion;sweet_potato;corn;garlic;spring_potato;red_pepper,-0.0957668871123879,0.202865669195436,-0.47585015027926,0.284316376054483,0.63585,0.195985364235563,15,0.636876506000071,,-0.0957668871123879,0.202865669195447,7,7,8,-4.02455846426619e-16
annual,Controls: field crops only,ln_area,5,-0.00797684834803423,7,6,7,soybean;onion;sweet_potato;corn;garlic;spring_potato;red_pepper,-0.00797684834803433,0.17627368569954,-0.337505612727867,0.321551916031799,0.96366,0.169611451549431,14,0.963905942385021,,-0.00797684834803433,0.176273685699557,7,6,7,9.8879238130678e-17
annual,Controls: field crops only,ln_area,6,0.0624572472628743,7,4,7,soybean;onion;sweet_potato;corn;garlic;spring_potato;red_pepper,0.0624572472628752,0.182127366332526,-0.276918258856308,0.401832753382057,0.7306,0.175222126637619,14,0.731649843437256,,0.0624572472628752,0.182127366332543,7,4,7,-8.46545056276682e-16
annual,Controls: field crops only,ln_area,7,0.0883642545781256,7,4,7,soybean;onion;sweet_potato;corn;garlic;spring_potato;red_pepper,0.0883642545781254,0.201617464246155,-0.287674926311154,0.464403435467405,0.66052,0.194157472322348,14,0.661185650527204,,0.0883642545781254,0.201617464246163,7,4,7,1.52655665885959e-16
annual,Controls: field crops only,ln_area,8,-0.0422548182137125,7,4,6,soybean;onion;sweet_potato;corn;garlic;spring_potato;red_pepper,-0.0422548182137122,0.207676960461079,-0.42536736706954,0.340857730642115,0.84349,0.199682008203847,13,0.838772256305805,,-0.0422548182137122,0.207676960461082,7,4,6,-3.2612801348364e-16
annual,Controls: field crops only,ln_area,9,-0.207177428979571,7,4,4,soybean;onion;sweet_potato;corn;garlic;spring_potato;red_pepper,-0.207177428979571,0.204061528290587,-0.581833203890608,0.167478345931467,0.30211,0.194355359029921,11,0.309977418315884,,-0.207177428979571,0.20406152829059,7,4,4,8.32667268468867e-17
annual,Controls: field crops only,ln_production,-12,-0.179335281041221,7,8,14,soybean;onion;sweet_potato;corn;garlic;spring_potato;red_pepper,-0.179335281041221,0.154421408790105,-0.45889412529738,0.100223563214937,0.24992,0.148863792379995,15,0.245504916654372,,-0.179335281041221,0.154421408790105,7,8,14,-1.38777878078145e-16
annual,Controls: field crops only,ln_production,-11,-0.0849572379868714,7,8,14,soybean;onion;sweet_potato;corn;garlic;spring_potato;red_pepper,-0.0849572379868716,0.0982539258578608,-0.264398084545116,0.0944836085713727,0.39872,0.0946877666530251,15,0.387219850959568,,-0.0849572379868716,0.0982539258578609,7,8,14,1.66533453693773e-16
annual,Controls: field crops only,ln_production,-10,-0.0584781863464019,7,8,14,soybean;onion;sweet_potato;corn;garlic;spring_potato;red_pepper,-0.0584781863464019,0.0500836965017293,-0.152405772062583,0.0354493993697792,0.23579,0.0484498566095856,15,0.242964425080626,,-0.0584781863464019,0.0500836965017324,7,8,14,6.93889390390723e-18
annual,Controls: field crops only,ln_production,-9,-0.0697588591375221,7,8,14,soybean;onion;sweet_potato;corn;garlic;spring_potato;red_pepper,-0.0697588591375223,0.0569352587615766,-0.176195214076374,0.0366774958013298,0.21261,0.0550600837185139,15,0.22048809755045,,-0.0697588591375223,0.0569352587615738,7,8,14,2.35922392732846e-16
annual,Controls: field crops only,ln_production,-8,0.0633330463281206,6,8,14,soybean;onion;sweet_potato;corn;garlic;spring_potato,0.06333304632812,0.0994170464536701,-0.118223623889126,0.244889716545367,0.54516,0.0961097134959407,15,0.524096095965615,,0.06333304632812,0.0994170464536686,6,8,14,5.55111512312578e-16
annual,Controls: field crops only,ln_production,-7,0.141915988804294,6,8,14,soybean;onion;sweet_potato;corn;garlic;spring_potato,0.141915988804293,0.101347455864516,-0.0422540930728834,0.326086070681471,0.15837,0.097995914264135,15,0.161426022096841,,0.141915988804293,0.101347455864515,6,8,14,9.43689570931383e-16
annual,Controls: field crops only,ln_production,-6,0.104057463940998,5,8,14,soybean;onion;sweet_potato;corn;garlic,0.104057463940999,0.11085643499237,-0.0825790235370252,0.29069395141902,0.41176,0.107120814267638,15,0.347900876654171,,0.104057463940999,0.110856434992368,5,8,14,-1.2490009027033e-15
annual,Controls: field crops only,ln_production,-5,0.135209871719104,2,8,11,onion;garlic,0.135209871719104,0.112543017164224,-0.0577323513576848,0.328152094795893,0.25575,0.107473026618554,12,0.229593695945967,,0.135209871719104,0.112543017164227,2,8,11,6.10622663543836e-16
annual,Controls: field crops only,ln_production,0,0.15592710518308,7,8,8,soybean;onion;sweet_potato;corn;garlic;spring_potato;red_pepper,0.15592710518308,0.299504398703727,-0.395058484741422,0.706912695107583,0.60879,0.288455157886413,15,0.602633549337115,,0.15592710518308,0.29950439870372,7,8,8,8.32667268468867e-17
annual,Controls: field crops only,ln_production,1,-0.00244519473302581,7,8,8,soybean;onion;sweet_potato;corn;garlic;spring_potato;red_pepper,-0.00244519473302585,0.28036108507677,-0.522015516497597,0.517125127031545,0.99304,0.270014628481125,15,0.993041265368826,,-0.00244519473302585,0.280361085076762,7,8,8,3.16587034365767e-17
annual,Controls: field crops only,ln_production,2,-0.129508384547829,7,7,8,soybean;onion;sweet_potato;corn;garlic;spring_potato;red_pepper,-0.12950838454783,0.277910557688809,-0.6494158215395,0.390399052443842,0.64004,0.267783198545474,15,0.641210182790772,,-0.12950838454783,0.27791055768879,7,7,8,2.4980018054066e-16
annual,Controls: field crops only,ln_production,3,-0.184552973713629,7,7,8,soybean;onion;sweet_potato;corn;garlic;spring_potato;red_pepper,-0.184552973713629,0.264678456361443,-0.677397666460291,0.308291719033032,0.48605,0.254800727878722,15,0.485632357959036,,-0.184552973713629,0.264678456361428,7,7,8,2.77555756156289e-17
annual,Controls: field crops only,ln_production,4,-0.185095251946409,7,7,8,soybean;onion;sweet_potato;corn;garlic;spring_potato;red_pepper,-0.185095251946409,0.247166918510469,-0.646189159269005,0.275998655376187,0.45156,0.238184537784022,15,0.453937120397131,,-0.185095251946409,0.247166918510474,7,7,8,1.11022302462516e-16
annual,Controls: field crops only,ln_production,5,-0.0881901872269672,7,6,7,soybean;onion;sweet_potato;corn;garlic;spring_potato;red_pepper,-0.0881901872269671,0.232669687456004,-0.522908465074401,0.346528090620467,0.70511,0.223744456474564,14,0.704661132167446,,-0.0881901872269671,0.23266968745602,7,6,7,-6.93889390390723e-17
annual,Controls: field crops only,ln_production,6,-0.0056344757583203,7,4,7,soybean;onion;sweet_potato;corn;garlic;spring_potato;red_pepper,-0.00563447575831938,0.200181657579518,-0.379439740267223,0.368170788750582,0.97737,0.192353768826828,14,0.977545057168389,,-0.00563447575831938,0.200181657579536,7,4,7,-9.15066633577766e-16
annual,Controls: field crops only,ln_production,7,0.0535588067453501,7,4,7,soybean;onion;sweet_potato;corn;garlic;spring_potato;red_pepper,0.0535588067453501,0.27788987073104,-0.462907316523958,0.570024930014658,0.84832,0.267459826128888,14,0.847167349736654,,0.0535588067453501,0.277889870731049,7,4,7,6.93889390390723e-18
annual,Controls: field crops only,ln_production,8,-0.15254328441982,7,4,6,soybean;onion;sweet_potato;corn;garlic;spring_potato;red_pepper,-0.15254328441982,0.280299549522915,-0.672596877287107,0.367510308447467,0.58348,0.268729184365171,13,0.58629337111995,,-0.15254328441982,0.280299549522917,7,4,6,1.11022302462516e-16
annual,Controls: field crops only,ln_production,9,-0.374421060617992,7,4,4,soybean;onion;sweet_potato;corn;garlic;spring_potato;red_pepper,-0.374421060617992,0.298841624459433,-0.927839648673245,0.178997527437262,0.19826,0.285066913244847,11,0.210239191821122,,-0.374421060617992,0.298841624459433,7,4,4,5.55111512312578e-17
annual,Controls: field crops only,ln_yield,-12,-0.0360858474244777,7,8,14,soybean;onion;sweet_potato;corn;garlic;spring_potato;red_pepper,-0.0360858474244777,0.0545843233235904,-0.138003302147619,0.0658316072986634,0.51023,0.0528028782842685,15,0.508546408102976,,-0.0360858474244777,0.0545843233235885,7,8,14,-4.85722573273506e-17
annual,Controls: field crops only,ln_yield,-11,0.0201085316254056,7,8,14,soybean;onion;sweet_potato;corn;garlic;spring_potato;red_pepper,0.0201085316254058,0.0450047458735291,-0.0618485851777045,0.102065648428516,0.67652,0.0435716824662066,15,0.655012874212738,,0.0201085316254058,0.0450047458735284,7,8,14,-1.56125112837913e-16
annual,Controls: field crops only,ln_yield,-10,0.0514727371108539,7,8,14,soybean;onion;sweet_potato;corn;garlic;spring_potato;red_pepper,0.0514727371108541,0.0395728109704089,-0.0191455562072825,0.12209103042899,0.19144,0.0382452705112439,15,0.193357857871959,,0.0514727371108541,0.0395728109704081,7,8,14,-1.45716771982052e-16
annual,Controls: field crops only,ln_yield,-9,-0.019110622237356,7,8,14,soybean;onion;sweet_potato;corn;garlic;spring_potato;red_pepper,-0.0191106222373558,0.0516868575931942,-0.115175551545252,0.0769543070705404,0.71855,0.0499428561905792,15,0.71157732758399,,-0.0191106222373558,0.0516868575931927,7,8,14,-1.97758476261356e-16
annual,Controls: field crops only,ln_yield,-8,-0.000992301715277825,6,8,14,soybean;onion;sweet_potato;corn;garlic;spring_potato,-0.000992301715278338,0.0418085121874569,-0.0787785800504707,0.0767939766199151,0.98133,0.0402950457776433,15,0.981064432848567,,-0.000992301715278338,0.0418085121874535,6,8,14,5.12827627585644e-16
annual,Controls: field crops only,ln_yield,-7,0.0417960587124134,6,8,14,soybean;onion;sweet_potato;corn;garlic;spring_potato,0.0417960587124132,0.0410201115553134,-0.0337134923504989,0.117305609775326,0.31749,0.0397712956940047,15,0.308242722878668,,0.0417960587124132,0.0410201115553103,6,8,14,1.94289029309402e-16
annual,Controls: field crops only,ln_yield,-6,0.0192425764006253,5,8,14,soybean;onion;sweet_potato;corn;garlic,0.0192425764006258,0.0489052902793087,-0.0606407121649025,0.099125864966153,0.81597,0.0473506051244375,15,0.693975218613785,,0.0192425764006258,0.0489052902793054,5,8,14,-4.92661467177413e-16
annual,Controls: field crops only,ln_yield,-5,-0.0247156913037043,2,8,11,onion;garlic,-0.0247156913037046,0.0508582195675424,-0.116637232457691,0.0672058498502824,0.63672,0.0486869491233207,12,0.626986730762785,,-0.0247156913037046,0.050858219567531,2,8,11,3.2612801348364e-16
annual,Controls: field crops only,ln_yield,0,0.0720240457266999,7,8,8,soybean;onion;sweet_potato;corn;garlic;spring_potato;red_pepper,0.0720240457267,0.0601808635317378,-0.0404344528322175,0.184482544285617,0.22751,0.058238136733326,15,0.231387185685496,,0.0720240457267,0.0601808635317392,7,8,8,-9.71445146547012e-17
annual,Controls: field crops only,ln_yield,1,0.0749994913322585,7,8,8,soybean;onion;sweet_potato;corn;garlic;spring_potato;red_pepper,0.0749994913322585,0.0760111813738371,-0.0675230416945601,0.217522024359077,0.32112,0.0734981686683663,15,0.323794512696068,,0.0749994913322585,0.0760111813738371,7,8,8,5.55111512312578e-17
annual,Controls: field crops only,ln_yield,2,0.00445647220330639,7,7,8,soybean;onion;sweet_potato;corn;garlic;spring_potato;red_pepper,0.00445647220330635,0.0993552007553863,-0.180905211228608,0.18981815563522,0.96446,0.0960504114865582,15,0.964223730501555,,0.00445647220330635,0.0993552007553785,7,7,8,4.59701721133854e-17
annual,Controls: field crops only,ln_yield,3,0.0290451012258842,7,7,8,soybean;onion;sweet_potato;corn;garlic;spring_potato;red_pepper,0.0290451012258843,0.0919345068326152,-0.143746436451351,0.201836638903119,0.75252,0.0890669062010929,15,0.752053721083186,,0.0290451012258843,0.0919345068326123,7,7,8,-1.31838984174237e-16
annual,Controls: field crops only,ln_yield,4,-0.0888450709332357,7,7,8,soybean;onion;sweet_potato;corn;garlic;spring_potato;red_pepper,-0.0888450709332355,0.0827944523351918,-0.244969177727965,0.0672790358614933,0.27517,0.0801002578070171,15,0.283235223532836,,-0.0888450709332355,0.0827944523351832,7,7,8,-2.35922392732846e-16
annual,Controls: field crops only,ln_yield,5,-0.0796518587379792,7,6,7,soybean;onion;sweet_potato;corn;garlic;spring_potato;red_pepper,-0.0796518587379792,0.103840208123718,-0.274933578322996,0.115629860847038,0.43777,0.100417132294788,14,0.443044762466537,,-0.0796518587379792,0.10384020812372,7,6,7,8.32667268468867e-17
annual,Controls: field crops only,ln_yield,6,-0.0686877671018101,7,4,7,soybean;onion;sweet_potato;corn;garlic;spring_potato;red_pepper,-0.0686877671018099,0.0713352207723406,-0.202163055321379,0.0647875211177589,0.33222,0.0689244471992105,14,0.335604161148561,,-0.0686877671018099,0.0713352207723433,7,4,7,-2.08166817117217e-16
annual,Controls: field crops only,ln_yield,7,-0.0356327077754883,7,4,7,soybean;onion;sweet_potato;corn;garlic;spring_potato;red_pepper,-0.0356327077754885,0.124789865555783,-0.267030291087643,0.195764875536667,0.77865,0.120042312060075,14,0.775229177367063,,-0.0356327077754885,0.124789865555786,7,4,7,2.63677968348475e-16
annual,Controls: field crops only,ln_yield,8,-0.111375339907115,7,4,6,soybean;onion;sweet_potato;corn;garlic;spring_potato;red_pepper,-0.111375339907115,0.12656603603676,-0.345413941987454,0.122663262173225,0.37638,0.121313733956804,13,0.378871173548422,,-0.111375339907115,0.126566036036761,7,4,6,-6.93889390390723e-17
annual,Controls: field crops only,ln_yield,9,-0.168482692433285,7,4,4,soybean;onion;sweet_potato;corn;garlic;spring_potato;red_pepper,-0.168482692433285,0.139212378256038,-0.422202712581839,0.08523732771527,0.2199,0.132570792637107,11,0.226180465251254,,-0.168482692433285,0.139212378256035,7,4,4,2.4980018054066e-16
annual,Dates: pilot-year clock (no transition exclusion),ln_area,-12,-0.172411629236692,7,20,26,soybean;onion;sweet_potato;corn;garlic;spring_potato;red_pepper,-0.172411629236693,0.105717620202852,-0.371823064431697,0.0269998059583117,0.0974,0.103915276654526,27,0.102917884918661,,-0.172411629236693,0.105717620202852,7,20,26,5.55111512312578e-17
annual,Dates: pilot-year clock (no transition exclusion),ln_area,-11,-0.163335379868988,7,20,26,soybean;onion;sweet_potato;corn;garlic;spring_potato;red_pepper,-0.163335379868987,0.106640921224789,-0.367079965710832,0.0404092059728562,0.12172,0.104797047015883,27,0.125611575521535,,-0.163335379868987,0.106640921224787,7,20,26,-3.33066907387547e-16
annual,Dates: pilot-year clock (no transition exclusion),ln_area,-10,-0.141366911034252,7,22,26,soybean;onion;sweet_potato;corn;garlic;spring_potato;red_pepper,-0.141366911034252,0.096571171788018,-0.32690354006694,0.0441697179984374,0.13917,0.0950501104031635,29,0.143231538101816,,-0.141366911034252,0.0965711717880155,7,22,26,8.32667268468867e-17
annual,Dates: pilot-year clock (no transition exclusion),ln_area,-9,-0.164028392754592,7,22,26,soybean;onion;sweet_potato;corn;garlic;spring_potato;red_pepper,-0.164028392754591,0.0991322210619974,-0.352432533432793,0.0243757479236094,0.09291,0.0973953614448713,29,0.0979970234760905,,-0.164028392754591,0.0991322210619978,7,22,26,-3.33066907387547e-16
annual,Dates: pilot-year clock (no transition exclusion),ln_area,-8,-0.168034708246827,7,22,28,soybean;onion;sweet_potato;corn;garlic;spring_potato;red_pepper,-0.168034708246827,0.119953184370443,-0.391411437089607,0.0553420205959539,0.16823,0.1177577147292,29,0.161263197253884,,-0.168034708246827,0.119953184370443,7,22,28,8.32667268468867e-17
annual,Dates: pilot-year clock (no transition exclusion),ln_area,-7,-0.168193516616263,7,22,28,soybean;onion;sweet_potato;corn;garlic;spring_potato;red_pepper,-0.168193516616264,0.0824971445108882,-0.324722945984854,-0.0116640872476729,0.03194,0.0812356283917757,29,0.0414720033753919,,-0.168193516616264,0.0824971445108893,7,22,28,2.22044604925031e-16
annual,Dates: pilot-year clock (no transition exclusion),ln_area,-6,-0.162507349338971,7,22,28,soybean;onion;sweet_potato;corn;garlic;spring_potato;red_pepper,-0.162507349338971,0.0777982156379827,-0.30810490126349,-0.0169097974144516,0.02384,0.0766064051212954,29,0.0367229101330679,,-0.162507349338971,0.077798215637983,7,22,28,1.11022302462516e-16
annual,Dates: pilot-year clock (no transition exclusion),ln_area,-5,-0.101946564071646,7,22,28,soybean;onion;sweet_potato;corn;garlic;spring_potato;red_pepper,-0.101946564071646,0.0540057288948425,-0.204540887683008,0.000647759539716686,0.05181,0.0531934762235519,29,0.0590663616440074,,-0.101946564071646,0.0540057288948432,7,22,28,-5.55111512312578e-17
annual,Dates: pilot-year clock (no transition exclusion),ln_area,-4,-0.0443091858084331,7,22,28,soybean;onion;sweet_potato;corn;garlic;spring_potato;red_pepper,-0.0443091858084333,0.048624409080917,-0.134742244731754,0.0461238731148876,0.38149,0.0477895511150695,29,0.362161573400836,,-0.0443091858084333,0.048624409080917,7,22,28,1.73472347597681e-16
annual,Dates: pilot-year clock (no transition exclusion),ln_area,-3,0.0267651810392509,7,22,28,soybean;onion;sweet_potato;corn;garlic;spring_potato;red_pepper,0.0267651810392508,0.0797846342867733,-0.123614709747779,0.177145071826281,0.75152,0.0781672204969349,29,0.737272180608495,,0.0267651810392508,0.0797846342867723,7,22,28,1.76941794549634e-16
annual,Dates: pilot-year clock (no transition exclusion),ln_area,-2,0.0609811832722463,7,22,28,soybean;onion;sweet_potato;corn;garlic;spring_potato;red_pepper,0.0609811832722471,0.0409934556631018,-0.0171263703071487,0.139088736851641,0.13404,0.0402513532467548,29,0.136860799549893,,0.0609811832722471,0.0409934556631017,7,22,28,-7.91033905045424e-16
annual,Dates: pilot-year clock (no transition exclusion),ln_area,0,-0.0318544389134561,7,22,26,soybean;onion;sweet_potato;corn;garlic;spring_potato;red_pepper,-0.0318544389134574,0.0613503670292058,-0.147152616800249,0.0834437389733363,0.62214,0.0604213741770977,29,0.603606181811036,,-0.0318544389134574,0.061350367029208,7,22,26,1.23512311489549e-15
annual,Dates: pilot-year clock (no transition exclusion),ln_area,1,-0.0260388203651764,7,22,23,soybean;onion;sweet_potato;corn;garlic;spring_potato;red_pepper,-0.0260388203651763,0.0985816592759468,-0.208798863533674,0.156721222803322,0.79354,0.0969281358448253,29,0.79167625633853,,-0.0260388203651763,0.0985816592759486,7,22,23,-1.80411241501588e-16
annual,Dates: pilot-year clock (no transition exclusion),ln_area,2,0.020087798598106,7,22,22,soybean;onion;sweet_potato;corn;garlic;spring_potato;red_pepper,0.0200877985981061,0.122454893161375,-0.211396650250537,0.251572247446749,0.87395,0.120089078935003,29,0.869697739604751,,0.0200877985981061,0.122454893161376,7,22,22,-1.07552855510562e-16
annual,Dates: pilot-year clock (no transition exclusion),ln_area,3,0.119354212125177,7,22,22,soybean;onion;sweet_potato;corn;garlic;spring_potato;red_pepper,0.119354212125177,0.13388755290157,-0.135975492585911,0.374683916836265,0.37876,0.131467850735191,29,0.372687190869719,,0.119354212125177,0.133887552901571,7,22,22,-3.7470027081099e-16
annual,Dates: pilot-year clock (no transition exclusion),ln_area,4,0.115771215394791,7,22,22,soybean;onion;sweet_potato;corn;garlic;spring_potato;red_pepper,0.115771215394791,0.12370857258795,-0.119840473800668,0.35138290459025,0.35526,0.121599768313295,29,0.349356468893498,,0.115771215394791,0.123708572587952,7,22,22,-2.35922392732846e-16
annual,Dates: pilot-year clock (no transition exclusion),ln_area,5,0.110998194571932,7,22,22,soybean;onion;sweet_potato;corn;garlic;spring_potato;red_pepper,0.110998194571933,0.144610026080111,-0.164613709504445,0.38661009864831,0.44492,0.142050335512616,29,0.442743197254967,,0.110998194571933,0.144610026080113,7,22,22,-2.35922392732846e-16
annual,Dates: pilot-year clock (no transition exclusion),ln_area,6,-0.012698225386705,7,22,22,soybean;onion;sweet_potato;corn;garlic;spring_potato;red_pepper,-0.0126982253867052,0.132927099741757,-0.26565370395858,0.24025725318517,0.92452,0.130457385032298,29,0.923895657891023,,-0.0126982253867052,0.132927099741756,7,22,22,1.64798730217797e-16
annual,Dates: pilot-year clock (no transition exclusion),ln_area,7,-0.00223824925269408,7,20,22,soybean;onion;sweet_potato;corn;garlic;spring_potato;red_pepper,-0.00223824925269384,0.146005394997843,-0.280801481407871,0.276324982902483,0.98813,0.143103168778063,29,0.987768982260713,,-0.00223824925269384,0.146005394997842,7,20,22,-2.45897052719712e-16
annual,Dates: pilot-year clock (no transition exclusion),ln_area,8,0.00140565967679945,7,20,22,soybean;onion;sweet_potato;corn;garlic;spring_potato;red_pepper,0.00140565967679987,0.147469575711741,-0.279556972426345,0.282368291779944,0.99213,0.144388563407092,29,0.992394789465658,,0.00140565967679987,0.147469575711746,7,20,22,-4.20236762055382e-16
annual,Dates: pilot-year clock (no transition exclusion),ln_area,9,0.0500678937541751,7,15,20,soybean;onion;sweet_potato;corn;garlic;spring_potato;red_pepper,0.0500678937541751,0.16568976529914,-0.262691922294647,0.362827709802998,0.7681,0.162224998310885,27,0.762515951654868,,0.0500678937541751,0.165689765299142,7,15,20,0
annual,Dates: pilot-year clock (no transition exclusion),ln_production,-12,-0.173282380033986,7,20,26,soybean;onion;sweet_potato;corn;garlic;spring_potato;red_pepper,-0.173282380033986,0.0991133907856727,-0.362531706127233,0.0159669460592605,0.07413,0.0972873772003857,27,0.0804078345754139,,-0.173282380033986,0.0991133907856737,7,20,26,2.77555756156289e-17
annual,Dates: pilot-year clock (no transition exclusion),ln_production,-11,-0.103059152607143,7,20,26,soybean;onion;sweet_potato;corn;garlic;spring_potato;red_pepper,-0.103059152607143,0.0894954720593804,-0.273828337567029,0.0677100323527427,0.24739,0.0878366549877055,27,0.249503089540843,,-0.103059152607143,0.0894954720593784,7,20,26,4.16333634234434e-17
annual,Dates: pilot-year clock (no transition exclusion),ln_production,-10,-0.12156273969852,7,22,26,soybean;onion;sweet_potato;corn;garlic;spring_potato;red_pepper,-0.12156273969852,0.0963363268189348,-0.306126699075118,0.0630012196780778,0.20377,0.0945970475444819,29,0.206999980691963,,-0.12156273969852,0.0963363268189328,7,22,26,-3.60822483003176e-16
annual,Dates: pilot-year clock (no transition exclusion),ln_production,-9,-0.158146522558672,7,22,26,soybean;onion;sweet_potato;corn;garlic;spring_potato;red_pepper,-0.158146522558672,0.101633912267159,-0.350003941927429,0.0337108968100838,0.11654,0.0999354312014435,29,0.119698371096605,,-0.158146522558672,0.101633912267159,7,22,26,-3.33066907387547e-16
annual,Dates: pilot-year clock (no transition exclusion),ln_production,-8,-0.183268750800008,7,22,28,soybean;onion;sweet_potato;corn;garlic;spring_potato;red_pepper,-0.183268750800008,0.11715940454482,-0.402515805843294,0.0359783042432777,0.11603,0.115223659890221,29,0.117754556864551,,-0.183268750800008,0.117159404544819,7,22,28,-1.11022302462516e-16
annual,Dates: pilot-year clock (no transition exclusion),ln_production,-7,-0.172206397030378,7,22,28,soybean;onion;sweet_potato;corn;garlic;spring_potato;red_pepper,-0.172206397030378,0.0782490851693573,-0.321406215132795,-0.0230065789279604,0.02152,0.0768942576925825,29,0.0277539779050324,,-0.172206397030378,0.0782490851693602,7,22,28,-2.77555756156289e-17
annual,Dates: pilot-year clock (no transition exclusion),ln_production,-6,-0.159769260842336,7,22,28,soybean;onion;sweet_potato;corn;garlic;spring_potato;red_pepper,-0.159769260842336,0.0694005341122652,-0.291684312612615,-0.0278542090720569,0.01476,0.0681832828024605,29,0.0213276720809017,,-0.159769260842336,0.069400534112267,7,22,28,-1.66533453693773e-16
annual,Dates: pilot-year clock (no transition exclusion),ln_production,-5,-0.141437030824279,7,22,28,soybean;onion;sweet_potato;corn;garlic;spring_potato;red_pepper,-0.141437030824279,0.0637228040654062,-0.262876669834411,-0.0199973918141478,0.01943,0.0625546684342315,29,0.0264481768204186,,-0.141437030824279,0.0637228040654106,7,22,28,-5.55111512312578e-17
annual,Dates: pilot-year clock (no transition exclusion),ln_production,-4,-0.084098074622316,7,22,28,soybean;onion;sweet_potato;corn;garlic;spring_potato;red_pepper,-0.0840980746223159,0.0575357053191238,-0.193398953776366,0.0252028045317343,0.14201,0.0566305056068316,29,0.143832328007259,,-0.0840980746223159,0.0575357053191248,7,22,28,-1.38777878078145e-16
annual,Dates: pilot-year clock (no transition exclusion),ln_production,-3,0.0226171650339611,7,22,28,soybean;onion;sweet_potato;corn;garlic;spring_potato;red_pepper,0.0226171650339612,0.0934447790606535,-0.15420805129383,0.199442381361753,0.82611,0.0918503368176569,29,0.808750904443483,,0.0226171650339612,0.0934447790606487,7,22,28,-5.55111512312578e-17
annual,Dates: pilot-year clock (no transition exclusion),ln_production,-2,0.0518753947956936,7,22,28,soybean;onion;sweet_potato;corn;garlic;spring_potato;red_pepper,0.051875394795695,0.073422750401249,-0.0869317418579858,0.190682531449373,0.49257,0.072075243152196,29,0.479858442642853,,0.051875394795695,0.0734227504012502,7,22,28,-1.4432899320127e-15
annual,Dates: pilot-year clock (no transition exclusion),ln_production,0,-0.014360446804619,7,22,26,soybean;onion;sweet_potato;corn;garlic;spring_potato;red_pepper,-0.0143604468046205,0.0862586087998627,-0.176620207232153,0.147899313622915,0.87403,0.0847424436532778,29,0.867778184788206,,-0.0143604468046205,0.0862586087998667,7,22,26,1.42594269725294e-15
annual,Dates: pilot-year clock (no transition exclusion),ln_production,1,0.0111866549122906,7,22,23,soybean;onion;sweet_potato;corn;garlic;spring_potato;red_pepper,0.0111866549122904,0.115960770925707,-0.208644775731905,0.231018085556486,0.92544,0.113801009887832,29,0.92314785171481,,0.0111866549122904,0.115960770925709,7,22,23,2.55004350968591e-16
annual,Dates: pilot-year clock (no transition exclusion),ln_production,2,-0.0218868368636264,7,22,22,soybean;onion;sweet_potato;corn;garlic;spring_potato;red_pepper,-0.0218868368636266,0.143655565056168,-0.294693165108084,0.250919491380831,0.88129,0.140814168417284,29,0.878905886506682,,-0.0218868368636266,0.143655565056168,7,22,22,1.52655665885959e-16
annual,Dates: pilot-year clock (no transition exclusion),ln_production,3,0.0763691503331217,7,22,22,soybean;onion;sweet_potato;corn;garlic;spring_potato;red_pepper,0.0763691503331216,0.167059166649847,-0.235506283501992,0.388244584168236,0.66575,0.16368909678412,29,0.647571613303441,,0.0763691503331216,0.167059166649848,7,22,22,6.93889390390723e-17
annual,Dates: pilot-year clock (no transition exclusion),ln_production,4,0.099877526667511,7,22,22,soybean;onion;sweet_potato;corn;garlic;spring_potato;red_pepper,0.0998775266675109,0.130942823124444,-0.14858387834218,0.348338931677202,0.4483,0.128263018864224,29,0.445608458616134,,0.0998775266675109,0.130942823124444,7,22,22,5.55111512312578e-17
annual,Dates: pilot-year clock (no transition exclusion),ln_production,5,0.135222381507944,7,22,22,soybean;onion;sweet_potato;corn;garlic;spring_potato;red_pepper,0.135222381507944,0.154742866937932,-0.16005142805485,0.430496191070738,0.37998,0.15165292157628,29,0.382198795203336,,0.135222381507944,0.154742866937933,7,22,22,-3.05311331771918e-16
annual,Dates: pilot-year clock (no transition exclusion),ln_production,6,-0.0228041366229894,7,22,22,soybean;onion;sweet_potato;corn;garlic;spring_potato;red_pepper,-0.0228041366229894,0.152848527075365,-0.313980862017212,0.268372588771233,0.88315,0.150051111698466,29,0.88140027826104,,-0.0228041366229894,0.152848527075364,7,22,22,1.04083408558608e-17
annual,Dates: pilot-year clock (no transition exclusion),ln_production,7,0.00584037922547857,7,20,22,soybean;onion;sweet_potato;corn;garlic;spring_potato;red_pepper,0.00584037922547889,0.149588420561875,-0.27986247292223,0.291543231373187,0.9694,0.14707531286544,29,0.968856113569969,,0.00584037922547889,0.149588420561874,7,20,22,-3.18321757841744e-16
annual,Dates: pilot-year clock (no transition exclusion),ln_production,8,-0.0579351544731354,7,20,22,soybean;onion;sweet_potato;corn;garlic;spring_potato;red_pepper,-0.0579351544731353,0.149613795314824,-0.343115185540038,0.227244876593767,0.69863,0.147029647111029,29,0.698584930578627,,-0.0579351544731353,0.14961379531483,7,20,22,-4.85722573273506e-17
annual,Dates: pilot-year clock (no transition exclusion),ln_production,9,-0.0446859435286626,7,15,20,soybean;onion;sweet_potato;corn;garlic;spring_potato;red_pepper,-0.0446859435286625,0.187893007531382,-0.394854504924927,0.305482617867602,0.81949,0.184536723129079,27,0.812015634642666,,-0.0446859435286625,0.187893007531383,7,15,20,-1.73472347597681e-16
annual,Dates: pilot-year clock (no transition exclusion),ln_yield,-12,-0.00076600550148844,7,20,26,soybean;onion;sweet_potato;corn;garlic;spring_potato;red_pepper,-0.00076600550148849,0.0496435544931242,-0.0954658062216039,0.093933795218627,0.98804,0.0487025990991888,27,0.987689042059746,,-0.00076600550148849,0.0496435544931241,7,20,26,4.95480392825876e-17
annual,Dates: pilot-year clock (no transition exclusion),ln_yield,-11,0.0609025500527915,7,20,26,soybean;onion;sweet_potato;corn;garlic;spring_potato;red_pepper,0.0609025500527913,0.0570228805204316,-0.0380585640123165,0.159863664117899,0.32398,0.055952108166055,27,0.285503791904028,,0.0609025500527913,0.0570228805204313,7,20,26,1.73472347597681e-16
annual,Dates: pilot-year clock (no transition exclusion),ln_yield,-10,0.0197809551015258,7,22,26,soybean;onion;sweet_potato;corn;garlic;spring_potato;red_pepper,0.0197809551015256,0.0557496767353785,-0.0829663715123218,0.122528281715373,0.74748,0.054750512353796,29,0.722726395464444,,0.0197809551015256,0.0557496767353794,7,22,26,2.18575157973078e-16
annual,Dates: pilot-year clock (no transition exclusion),ln_yield,-9,0.00494758419543117,7,22,26,soybean;onion;sweet_potato;corn;garlic;spring_potato;red_pepper,0.00494758419543091,0.0552271269679547,-0.094867531180965,0.104762699571827,0.94121,0.0542492128857727,29,0.928616112217654,,0.00494758419543091,0.0552271269679553,7,22,26,2.64545330086463e-16
annual,Dates: pilot-year clock (no transition exclusion),ln_yield,-8,-0.016552650670244,7,22,28,soybean;onion;sweet_potato;corn;garlic;spring_potato;red_pepper,-0.0165526506702441,0.0489309319434643,-0.105899632511276,0.0727943311707883,0.76808,0.0481264538600318,29,0.735147650891604,,-0.0165526506702441,0.048930931943465,7,22,28,1.76941794549634e-16
annual,Dates: pilot-year clock (no transition exclusion),ln_yield,-7,-0.00478749776730833,7,22,28,soybean;onion;sweet_potato;corn;garlic;spring_potato;red_pepper,-0.00478749776730853,0.0504352078126649,-0.0960815762573957,0.086506580722779,0.93308,0.0495679714068631,29,0.924375412243357,,-0.00478749776730853,0.0504352078126648,7,22,28,2.02095284951298e-16
annual,Dates: pilot-year clock (no transition exclusion),ln_yield,-6,0.00239823721457135,7,22,28,soybean;onion;sweet_potato;corn;garlic;spring_potato;red_pepper,0.00239823721457132,0.0376129265093557,-0.066567232579708,0.0713637070088507,0.9535,0.0369181221595216,29,0.9491605450757,,0.00239823721457132,0.0376129265093581,7,22,28,3.38271077815477e-17
annual,Dates: pilot-year clock (no transition exclusion),ln_yield,-5,-0.0388891374134723,7,22,28,soybean;onion;sweet_potato;corn;garlic;spring_potato;red_pepper,-0.0388891374134722,0.045440539904571,-0.124300998588441,0.0465227237614962,0.40886,0.0446144372500167,29,0.39209473873473,,-0.0388891374134722,0.045440539904572,7,22,28,-2.08166817117217e-17
annual,Dates: pilot-year clock (no transition exclusion),ln_yield,-4,-0.0398282914897997,7,22,28,soybean;onion;sweet_potato;corn;garlic;spring_potato;red_pepper,-0.0398282914897998,0.0329501375962044,-0.102405769450652,0.0227491864710529,0.22914,0.0323901811791504,29,0.226761090920179,,-0.0398282914897998,0.0329501375962058,7,22,28,1.04083408558608e-16
annual,Dates: pilot-year clock (no transition exclusion),ln_yield,-3,-0.00441345985791561,7,22,28,soybean;onion;sweet_potato;corn;garlic;spring_potato;red_pepper,-0.00441345985791567,0.0310479541142754,-0.0617523580495826,0.0529254383337514,0.89713,0.0305361600390534,29,0.886961698330239,,-0.00441345985791567,0.0310479541142746,7,22,28,6.93889390390723e-17
annual,Dates: pilot-year clock (no transition exclusion),ln_yield,-2,-0.00935274911066947,7,22,28,soybean;onion;sweet_potato;corn;garlic;spring_potato;red_pepper,-0.0093527491106692,0.0427224971169842,-0.0825058605327967,0.0638003623114578,0.797,0.0420669972771552,29,0.82671345985491,,-0.0093527491106692,0.0427224971169844,7,22,28,-2.70616862252382e-16
annual,Dates: pilot-year clock (no transition exclusion),ln_yield,0,0.0167849654861082,7,22,26,soybean;onion;sweet_potato;corn;garlic;spring_potato;red_pepper,0.0167849654861072,0.0371881656024062,-0.0525309281481455,0.086100859120362,0.67614,0.03659667557266,29,0.651735628978818,,0.0167849654861072,0.037188165602407,7,22,26,1.03389519168218e-15
annual,Dates: pilot-year clock (no transition exclusion),ln_yield,1,0.0366866645770759,7,22,23,soybean;onion;sweet_potato;corn;garlic;spring_potato;red_pepper,0.036686664577076,0.0488878402769326,-0.0534173973050067,0.126790726459158,0.48125,0.0480237523176178,29,0.452998692066459,,0.036686664577076,0.0488878402769335,7,22,23,-1.11022302462516e-16
annual,Dates: pilot-year clock (no transition exclusion),ln_yield,2,-0.0427356370763843,7,22,22,soybean;onion;sweet_potato;corn;garlic;spring_potato;red_pepper,-0.0427356370763846,0.0435100175151008,-0.124967938038987,0.0394966638862185,0.33419,0.0427792335776797,29,0.326000219627764,,-0.0427356370763846,0.0435100175151004,7,22,22,2.98372437868011e-16
annual,Dates: pilot-year clock (no transition exclusion),ln_yield,3,-0.043416081126563,7,22,22,soybean;onion;sweet_potato;corn;garlic;spring_potato;red_pepper,-0.0434160811265629,0.070666599200022,-0.170891128560517,0.0840589663073911,0.58446,0.0694555470789977,29,0.538964847981965,,-0.0434160811265629,0.0706665992000226,7,22,22,-6.93889390390723e-17
annual,Dates: pilot-year clock (no transition exclusion),ln_yield,4,-0.0154581666083755,7,22,22,soybean;onion;sweet_potato;corn;garlic;spring_potato;red_pepper,-0.0154581666083755,0.04028596299386,-0.0917933473378943,0.0608770141211433,0.70456,0.0395245811832664,29,0.701192668675167,,-0.0154581666083755,0.0402859629938599,7,22,22,5.03069808033274e-17
annual,Dates: pilot-year clock (no transition exclusion),ln_yield,5,0.0248999724860274,7,22,22,soybean;onion;sweet_potato;corn;garlic;spring_potato;red_pepper,0.0248999724860274,0.053808509348782,-0.0735199487706266,0.123319893742681,0.68194,0.0528347751104675,29,0.64354244479239,,0.0248999724860274,0.0538085093487827,7,22,22,-7.63278329429795e-17
annual,Dates: pilot-year clock (no transition exclusion),ln_yield,6,-0.00941417443263339,7,22,22,soybean;onion;sweet_potato;corn;garlic;spring_potato;red_pepper,-0.00941417443263334,0.0562323087808865,-0.115271500580125,0.0964431517148584,0.86789,0.0552772294712932,29,0.867042929387123,,-0.00941417443263334,0.0562323087808868,7,22,22,-5.89805981832114e-17
annual,Dates: pilot-year clock (no transition exclusion),ln_yield,7,0.0083902051741286,7,20,22,soybean;onion;sweet_potato;corn;garlic;spring_potato;red_pepper,0.00839020517412885,0.0510299866489073,-0.087807252711103,0.10458766305936,0.87422,0.0500127508492762,29,0.869402760387093,,0.00839020517412885,0.0510299866489061,7,20,22,-2.4459601011273e-16
annual,Dates: pilot-year clock (no transition exclusion),ln_yield,8,-0.0590487016460539,7,20,22,soybean;onion;sweet_potato;corn;garlic;spring_potato;red_pepper,-0.0590487016460537,0.0392048915415154,-0.133677104249758,0.0155797009576497,0.12767,0.0384879271336496,29,0.132027007135129,,-0.0590487016460537,0.0392048915415121,7,20,22,-1.73472347597681e-16
annual,Dates: pilot-year clock (no transition exclusion),ln_yield,9,-0.0945656272902838,7,15,20,soybean;onion;sweet_potato;corn;garlic;spring_potato;red_pepper,-0.0945656272902835,0.0789484124040891,-0.242222889302787,0.0530916347222197,0.24012,0.0774186882322815,27,0.230988875224349,,-0.0945656272902835,0.0789484124040889,7,15,20,-3.19189119579733e-16
annual,Dates: product-table nationwide year,ln_area,-12,-0.139638974042385,7,22,28,soybean;onion;sweet_potato;corn;garlic;spring_potato;red_pepper,-0.139638974042385,0.106574414805839,-0.343237110699731,0.06395916261496,0.18999,0.104907317817495,29,0.19011176142294,,-0.139638974042385,0.106574414805837,7,22,28,-6.66133814775094e-16
annual,Dates: product-table nationwide year,ln_area,-11,-0.199574544838199,7,22,28,soybean;onion;sweet_potato;corn;garlic;spring_potato;red_pepper,-0.199574544838198,0.122457894055372,-0.428001221862229,0.0288521321858313,0.09952,0.120326121327405,29,0.103156430909168,,-0.199574544838198,0.122457894055371,7,22,28,-4.9960036108132e-16
annual,Dates: product-table nationwide year,ln_area,-10,-0.155034660843242,7,22,28,soybean;onion;sweet_potato;corn;garlic;spring_potato;red_pepper,-0.155034660843242,0.0799864623988861,-0.305872770938243,-0.00419655074824199,0.04308,0.078700738287102,29,0.0525913570620457,,-0.155034660843242,0.0799864623988872,7,22,28,-3.88578058618805e-16
annual,Dates: product-table nationwide year,ln_area,-9,-0.136433779120849,7,22,28,soybean;onion;sweet_potato;corn;garlic;spring_potato;red_pepper,-0.136433779120848,0.0710575465348164,-0.267621833267845,-0.00524572497385173,0.04009,0.069737158098404,29,0.0548520517084587,,-0.136433779120848,0.0710575465348168,7,22,28,-4.71844785465692e-16
annual,Dates: product-table nationwide year,ln_area,-8,-0.157275258756252,7,22,28,soybean;onion;sweet_potato;corn;garlic;spring_potato;red_pepper,-0.157275258756251,0.0675912156837642,-0.284213698622491,-0.0303368188900124,0.01042,0.0662922469121483,29,0.01997274718412,,-0.157275258756251,0.0675912156837654,7,22,28,-4.44089209850063e-16
annual,Dates: product-table nationwide year,ln_area,-7,-0.0609808771947401,6,22,28,soybean;onion;sweet_potato;corn;garlic;spring_potato,-0.0609808771947413,0.0598984636077638,-0.172535514239803,0.0505737598503228,0.32376,0.0588605448356822,29,0.30864430748563,,-0.0609808771947413,0.0598984636077635,6,22,28,1.18655085756814e-15
annual,Dates: product-table nationwide year,ln_area,-6,0.0368230614355692,6,22,28,soybean;onion;sweet_potato;corn;garlic;spring_potato,0.0368230614355677,0.096407955904941,-0.145181333093981,0.21882745596512,0.71857,0.0946100581027979,29,0.702498123746147,,0.0368230614355677,0.0964079559049398,6,22,28,1.48492329543615e-15
annual,Dates: product-table nationwide year,ln_area,-5,0.0454031681770621,6,22,28,soybean;onion;sweet_potato;corn;garlic;spring_potato,0.0454031681770615,0.0412740116947971,-0.0329112349365066,0.123717571290631,0.27706,0.040602453664636,29,0.271313592568793,,0.0454031681770615,0.0412740116947971,6,22,28,6.10622663543836e-16
annual,Dates: product-table nationwide year,ln_area,-4,0.116459209164212,2,22,25,onion;garlic,0.116459209164212,0.0817319903571675,-0.0158154008156108,0.248733819144035,0.11788,0.0800925674246743,26,0.154188599526976,,0.116459209164212,0.0817319903571673,2,22,25,-2.22044604925031e-16
annual,Dates: product-table nationwide year,ln_area,0,0.108166169344356,7,22,22,soybean;onion;sweet_potato;corn;garlic;spring_potato;red_pepper,0.108166169344356,0.134317463075532,-0.148437793262229,0.364770131950941,0.42782,0.132465789000513,29,0.420645223090153,,0.108166169344356,0.134317463075535,7,22,22,1.52655665885959e-16
annual,Dates: product-table nationwide year,ln_area,1,0.105330763545809,7,22,22,soybean;onion;sweet_potato;corn;garlic;spring_potato;red_pepper,0.10533076354581,0.142913258676394,-0.167902193640569,0.378563720732187,0.46715,0.140874455964561,29,0.461106639740029,,0.10533076354581,0.142913258676397,7,22,22,-4.44089209850063e-16
annual,Dates: product-table nationwide year,ln_area,2,0.0647176375842815,7,22,22,soybean;onion;sweet_potato;corn;garlic;spring_potato;red_pepper,0.0647176375842818,0.146733333969369,-0.216668253927946,0.346103529096509,0.665,0.144800512304279,29,0.659172356406175,,0.0647176375842818,0.146733333969372,7,22,22,-2.22044604925031e-16
annual,Dates: product-table nationwide year,ln_area,3,0.000943711122723647,7,20,22,soybean;onion;sweet_potato;corn;garlic;spring_potato;red_pepper,0.000943711122723533,0.153714101707027,-0.293711780966774,0.295599203212222,0.99535,0.151478004742438,29,0.995101504701561,,0.000943711122723533,0.153714101707023,7,20,22,1.13949648328227e-16
annual,Dates: product-table nationwide year,ln_area,4,-0.0605675762362909,7,20,22,soybean;onion;sweet_potato;corn;garlic;spring_potato;red_pepper,-0.0605675762362908,0.147626249452874,-0.343783801654511,0.222648649181929,0.68445,0.145388765195287,29,0.681603152123205,,-0.0605675762362908,0.14762624945287,7,20,22,-6.93889390390723e-17
annual,Dates: product-table nationwide year,ln_area,5,-0.00187133037749155,7,15,22,soybean;onion;sweet_potato;corn;garlic;spring_potato;red_pepper,-0.00187133037749106,0.138465293863919,-0.267928835652781,0.264186174897798,0.98952,0.136133202743479,29,0.989217080155015,,-0.00187133037749106,0.13846529386392,7,15,22,-4.90709903266939e-16
annual,Dates: product-table nationwide year,ln_area,6,0.029881389129259,7,14,20,soybean;onion;sweet_potato;corn;garlic;spring_potato;red_pepper,0.0298813891292597,0.131043000774912,-0.220017346238694,0.279780124497212,0.82104,0.128521359614109,27,0.819624972842253,,0.0298813891292597,0.131043000774917,7,14,20,-6.31439345255558e-16
annual,Dates: product-table nationwide year,ln_area,7,0.130875901962985,7,11,20,soybean;onion;sweet_potato;corn;garlic;spring_potato;red_pepper,0.130875901962985,0.153645995813684,-0.160460514930617,0.422212318856587,0.39778,0.150518198663155,27,0.394324229402762,,0.130875901962985,0.153645995813686,7,11,20,-5.27355936696949e-16
annual,Dates: product-table nationwide year,ln_area,8,0.175151020084113,7,10,15,soybean;onion;sweet_potato;corn;garlic;spring_potato;red_pepper,0.175151020084113,0.165925318742667,-0.140467719861238,0.490769760029463,0.2895,0.162266150349545,22,0.29115030229339,,0.175151020084113,0.165925318742666,7,10,15,-2.77555756156289e-17
annual,Dates: product-table nationwide year,ln_area,9,0.0642651787930118,7,10,14,soybean;onion;sweet_potato;corn;garlic;spring_potato;red_pepper,0.064265178793013,0.169353707872983,-0.258116022590749,0.386646380176772,0.7063,0.165740347597994,21,0.704336566298248,,0.064265178793013,0.169353707872981,7,10,14,-1.17961196366423e-15
annual,Dates: product-table nationwide year,ln_production,-12,-0.130633143777403,7,22,28,soybean;onion;sweet_potato;corn;garlic;spring_potato;red_pepper,-0.130633143777403,0.0990138828591809,-0.317045626451322,0.0557793388965158,0.18962,0.0973238967280701,29,0.187054905358443,,-0.130633143777403,0.0990138828591786,7,22,28,-3.60822483003176e-16
annual,Dates: product-table nationwide year,ln_production,-11,-0.252300286177298,7,22,28,soybean;onion;sweet_potato;corn;garlic;spring_potato;red_pepper,-0.252300286177297,0.125963338823078,-0.488185163275899,-0.0164154090786978,0.03337,0.124138229353075,29,0.0451809369281346,,-0.252300286177297,0.125963338823077,7,22,28,-7.7715611723761e-16
annual,Dates: product-table nationwide year,ln_production,-10,-0.178728415317831,7,22,28,soybean;onion;sweet_potato;corn;garlic;spring_potato;red_pepper,-0.17872841531783,0.0793771074595296,-0.330501398296635,-0.0269554323390277,0.01784,0.0782213600230916,29,0.0243452342538242,,-0.17872841531783,0.0793771074595335,7,22,28,-8.88178419700125e-16
annual,Dates: product-table nationwide year,ln_production,-9,-0.13990064098488,7,22,28,soybean;onion;sweet_potato;corn;garlic;spring_potato;red_pepper,-0.139900640984879,0.0604177973659463,-0.254680579877105,-0.0251207020926543,0.01402,0.0593983303577516,29,0.0205826613063768,,-0.139900640984879,0.0604177973659486,7,22,28,-1.0547118733939e-15
annual,Dates: product-table nationwide year,ln_production,-8,-0.202103441207435,7,22,28,soybean;onion;sweet_potato;corn;garlic;spring_potato;red_pepper,-0.202103441207434,0.0833729602865359,-0.360307981230468,-0.0438989011844017,0.00929,0.0819473357386064,29,0.0153468614681826,,-0.202103441207434,0.083372960286539,7,22,28,-1.30451205393456e-15
annual,Dates: product-table nationwide year,ln_production,-7,-0.0842951172948771,6,22,28,soybean;onion;sweet_potato;corn;garlic;spring_potato,-0.084295117294879,0.0658817271434052,-0.208657126708086,0.0400668921183322,0.20322,0.0647615939702357,29,0.200723991370994,,-0.084295117294879,0.065881727143406,6,22,28,1.90125692967058e-15
annual,Dates: product-table nationwide year,ln_production,-6,0.0404697610620802,6,22,28,soybean;onion;sweet_potato;corn;garlic;spring_potato,0.040469761062078,0.11260107636829,-0.172139410674369,0.25307893279853,0.74476,0.110952580658232,29,0.719289668961177,,0.040469761062078,0.112601076368285,6,22,28,2.15799600411515e-15
annual,Dates: product-table nationwide year,ln_production,-5,0.0543646597122233,6,22,28,soybean;onion;sweet_potato;corn;garlic;spring_potato,0.0543646597122225,0.068674245272916,-0.0710562604417948,0.179785579866241,0.46802,0.0675154905902976,29,0.428575880651709,,0.0543646597122225,0.0686742452729163,6,22,28,7.7715611723761e-16
annual,Dates: product-table nationwide year,ln_production,-4,0.108284506074552,2,22,25,onion;garlic,0.108284506074553,0.096990679964325,-0.0408148294158026,0.257383841564907,0.29885,0.0951476323774613,26,0.264232819168457,,0.108284506074553,0.0969906799643334,2,22,25,-4.9960036108132e-16
annual,Dates: product-table nationwide year,ln_production,0,0.0916638019262429,7,22,22,soybean;onion;sweet_potato;corn;garlic;spring_potato;red_pepper,0.0916638019262427,0.156982528010095,-0.204783582433824,0.38811118628631,0.57146,0.154042443425336,29,0.559280290586081,,0.0916638019262427,0.156982528010098,7,22,22,1.80411241501588e-16
annual,Dates: product-table nationwide year,ln_production,1,0.109268506110028,7,22,22,soybean;onion;sweet_potato;corn;garlic;spring_potato;red_pepper,0.109268506110028,0.140464613368792,-0.156846798507091,0.375383810727147,0.4416,0.137799163331219,29,0.436623421061108,,0.109268506110028,0.140464613368794,7,22,22,-4.16333634234434e-17
annual,Dates: product-table nationwide year,ln_production,2,0.102643576102821,7,22,22,soybean;onion;sweet_potato;corn;garlic;spring_potato;red_pepper,0.102643576102821,0.159876587449786,-0.20160913264263,0.406896284848273,0.52584,0.157003635404956,29,0.520861783423755,,0.102643576102821,0.15987658744979,7,22,22,8.32667268468867e-17
annual,Dates: product-table nationwide year,ln_production,3,-0.034596927081363,7,20,22,soybean;onion;sweet_potato;corn;garlic;spring_potato;red_pepper,-0.0345969270813629,0.193138220885611,-0.39679586845647,0.327602014293744,0.86303,0.189773154797566,29,0.857835311004291,,-0.0345969270813629,0.193138220885604,7,20,22,-1.80411241501588e-16
annual,Dates: product-table nationwide year,ln_production,4,-0.0663767328544629,7,20,22,soybean;onion;sweet_potato;corn;garlic;spring_potato;red_pepper,-0.0663767328544626,0.156632904149757,-0.36432666097353,0.231573195264605,0.67547,0.153542983060974,29,0.671731663420415,,-0.0663767328544626,0.156632904149751,7,20,22,-3.33066907387547e-16
annual,Dates: product-table nationwide year,ln_production,5,-0.0566580452417922,7,15,22,soybean;onion;sweet_potato;corn;garlic;spring_potato;red_pepper,-0.0566580452417919,0.157313265469147,-0.355991326734802,0.242675236251218,0.71941,0.154097748181105,29,0.718727012410447,,-0.0566580452417919,0.157313265469148,7,15,22,-3.12250225675825e-16
annual,Dates: product-table nationwide year,ln_production,6,-0.0837903194727354,7,14,20,soybean;onion;sweet_potato;corn;garlic;spring_potato;red_pepper,-0.0837903194727347,0.146847746001969,-0.361658262345126,0.194077623399656,0.57386,0.143855187319536,27,0.568275455967402,,-0.0837903194727347,0.146847746001979,7,14,20,-7.07767178198537e-16
annual,Dates: product-table nationwide year,ln_production,7,0.105212833160527,7,11,20,soybean;onion;sweet_potato;corn;garlic;spring_potato;red_pepper,0.105212833160527,0.150292427102194,-0.180844937055934,0.391270603376988,0.48527,0.147089913765564,27,0.483893505212986,,0.105212833160527,0.150292427102197,7,11,20,-6.66133814775094e-16
annual,Dates: product-table nationwide year,ln_production,8,0.173399776788833,7,10,15,soybean;onion;sweet_potato;corn;garlic;spring_potato;red_pepper,0.173399776788834,0.203040688310867,-0.206448805853272,0.553248359430939,0.40262,0.198206723436415,22,0.393096723669984,,0.173399776788834,0.203040688310865,7,10,15,-1.38777878078145e-16
annual,Dates: product-table nationwide year,ln_production,9,0.0232115523350606,7,10,14,soybean;onion;sweet_potato;corn;garlic;spring_potato;red_pepper,0.0232115523350614,0.202822666635135,-0.360102167552016,0.406525272222137,0.90995,0.197731672615403,21,0.908886949694142,,0.0232115523350614,0.202822666635134,7,10,14,-7.84095011141517e-16
annual,Dates: product-table nationwide year,ln_yield,-12,0.00828021815940908,7,22,28,soybean;onion;sweet_potato;corn;garlic;spring_potato;red_pepper,0.00828021815940944,0.0516087376096079,-0.0817339889037733,0.0982944252225915,0.90604,0.0507102483269172,29,0.872532768326548,,0.00828021815940944,0.0516087376096084,7,22,28,-3.59087759527199e-16
annual,Dates: product-table nationwide year,ln_yield,-11,-0.0536961669661593,7,22,28,soybean;onion;sweet_potato;corn;garlic;spring_potato;red_pepper,-0.053696166966159,0.0569121424951443,-0.16033586325893,0.0529435293266117,0.36032,0.0558968227712426,29,0.345429163248249,,-0.053696166966159,0.0569121424951457,7,22,28,-3.12250225675825e-16
annual,Dates: product-table nationwide year,ln_yield,-10,-0.024963885240912,7,22,28,soybean;onion;sweet_potato;corn;garlic;spring_potato;red_pepper,-0.0249638852409118,0.0545277759630733,-0.125723125112115,0.075795354630291,0.67175,0.0534899549690269,29,0.647082044458062,,-0.0249638852409118,0.0545277759630748,7,22,28,-1.83880688453542e-16
annual,Dates: product-table nationwide year,ln_yield,-9,-0.0037906792173905,7,22,28,soybean;onion;sweet_potato;corn;garlic;spring_potato;red_pepper,-0.00379067921739023,0.0381105018016256,-0.0734030597478834,0.0658217013131024,0.93101,0.037435482210336,29,0.920768697780048,,-0.00379067921739023,0.0381105018016267,7,22,28,-2.66713734431434e-16
annual,Dates: product-table nationwide year,ln_yield,-8,-0.0445153323939811,7,22,28,soybean;onion;sweet_potato;corn;garlic;spring_potato;red_pepper,-0.0445153323939807,0.054656565006842,-0.146473086843031,0.0574424220550684,0.43421,0.0536469390972907,29,0.415384134695124,,-0.0445153323939807,0.0546565650068423,7,22,28,-3.53883589099269e-16
annual,Dates: product-table nationwide year,ln_yield,-7,-0.0231710059062562,6,22,28,soybean;onion;sweet_potato;corn;garlic;spring_potato,-0.0231710059062572,0.0330104883432956,-0.0855081381012599,0.0391661262887475,0.49634,0.0324705789382412,29,0.482723691233634,,-0.0231710059062572,0.0330104883432967,6,22,28,1.04083408558608e-15
annual,Dates: product-table nationwide year,ln_yield,-6,0.00348712334428072,6,22,28,soybean;onion;sweet_potato;corn;garlic;spring_potato,0.00348712334427976,0.0372069448595372,-0.0646184375674447,0.0715926842560061,0.93,0.0366065959385196,29,0.925329693575379,,0.00348712334427976,0.0372069448595363,6,22,28,9.53230550049255e-16
annual,Dates: product-table nationwide year,ln_yield,-5,0.00881771471502009,6,22,28,soybean;onion;sweet_potato;corn;garlic;spring_potato,0.00881771471501962,0.0348657007793839,-0.0517457165296185,0.0693811459596587,0.83638,0.034340948889087,29,0.800341522339349,,0.00881771471501962,0.0348657007793839,6,22,28,4.70110061989715e-16
annual,Dates: product-table nationwide year,ln_yield,-4,-0.00782944054885679,2,22,25,onion;garlic,-0.00782944054885646,0.0308608791904237,-0.0640805379857781,0.0484216568880646,0.80628,0.0302328485901992,26,0.799726445343215,,-0.00782944054885646,0.0308608791904289,2,22,25,-3.3133218391157e-16
annual,Dates: product-table nationwide year,ln_yield,0,-0.0169338507720113,7,22,22,soybean;onion;sweet_potato;corn;garlic;spring_potato;red_pepper,-0.0169338507720114,0.05211764666753,-0.114617192663227,0.0807494911192048,0.75485,0.0510622449390226,29,0.745244741670114,,-0.0169338507720114,0.0521176466675308,7,22,22,1.35308431126191e-16
annual,Dates: product-table nationwide year,ln_yield,1,0.00441271652518105,7,22,22,soybean;onion;sweet_potato;corn;garlic;spring_potato;red_pepper,0.00441271652518106,0.03640486764503,-0.0652283445071353,0.0740537775574974,0.90308,0.0356891978206,29,0.903522908358609,,0.00441271652518106,0.0364048676450296,7,22,22,-1.73472347597681e-18
annual,Dates: product-table nationwide year,ln_yield,2,0.0384837385377715,7,22,22,soybean;onion;sweet_potato;corn;garlic;spring_potato;red_pepper,0.0384837385377715,0.0514839704177012,-0.0557591047143489,0.132726581789892,0.49424,0.0505788275721111,29,0.454768006922609,,0.0384837385377715,0.0514839704177021,7,22,22,2.08166817117217e-17
annual,Dates: product-table nationwide year,ln_yield,3,-0.0347579599714219,7,20,22,soybean;onion;sweet_potato;corn;garlic;spring_potato;red_pepper,-0.0347579599714216,0.0699617832336793,-0.161165978156062,0.0916500582132187,0.64498,0.0687430680999541,29,0.619320558429347,,-0.0347579599714216,0.0699617832336761,7,20,22,-2.63677968348475e-16
annual,Dates: product-table nationwide year,ln_yield,4,-0.00547856205884986,7,20,22,soybean;onion;sweet_potato;corn;garlic;spring_potato;red_pepper,-0.00547856205884964,0.0537455125323609,-0.106794748590421,0.0958376244727209,0.92181,0.0528170097989099,29,0.918808073143625,,-0.00547856205884964,0.053745512532359,7,20,22,-2.23779328401008e-16
annual,Dates: product-table nationwide year,ln_yield,5,-0.0546524490291193,7,15,22,soybean;onion;sweet_potato;corn;garlic;spring_potato;red_pepper,-0.0546524490291189,0.0429047021108344,-0.136500453896535,0.0271955558382965,0.19998,0.0421251729567852,29,0.202730674100114,,-0.0546524490291189,0.0429047021108318,7,15,22,-3.7470027081099e-16
annual,Dates: product-table nationwide year,ln_yield,6,-0.113450135125161,7,14,20,soybean;onion;sweet_potato;corn;garlic;spring_potato;red_pepper,-0.11345013512516,0.0781724345542446,-0.259402139653873,0.0325018694035518,0.14613,0.0765863491628176,27,0.146701750349074,,-0.11345013512516,0.0781724345542482,7,14,20,-5.96744875736022e-16
annual,Dates: product-table nationwide year,ln_yield,7,-0.0255450180022544,7,11,20,soybean;onion;sweet_potato;corn;garlic;spring_potato;red_pepper,-0.0255450180022541,0.0534966994360291,-0.126603312434321,0.0755132764298118,0.64137,0.0524821103700028,27,0.633001542726403,,-0.0255450180022541,0.053496699436029,7,11,20,-3.85108611666851e-16
annual,Dates: product-table nationwide year,ln_yield,8,-0.00202960048659734,7,10,15,soybean;onion;sweet_potato;corn;garlic;spring_potato;red_pepper,-0.00202960048659753,0.0835719084852783,-0.159472098382468,0.155412897409274,0.98054,0.0815192564981171,22,0.980624736803006,,-0.00202960048659753,0.0835719084852781,7,10,15,1.88217497143484e-16
annual,Dates: product-table nationwide year,ln_yield,9,-0.0413272086129019,7,10,14,soybean;onion;sweet_potato;corn;garlic;spring_potato;red_pepper,-0.0413272086129012,0.0864236343265905,-0.20485593158923,0.122201514363426,0.63238,0.0842365690090492,21,0.632512583708361,,-0.0413272086129012,0.086423634326591,7,10,14,-6.38378239159465e-16
annual,Imputation (FE on clean cells),ln_area,0,0.305716668344481,7,,,,,0.198707742874454,-0.07313644720806,0.684569783897021,0.12187,,,,31,0.305716668344124,0.19870774287445,7,,,3.56270568602213e-13
annual,Imputation (FE on clean cells),ln_area,1,0.211581540729519,7,,,,,0.19036150813364,-0.150509613768089,0.573672695227127,0.27108,,,,31,0.211581540729148,0.190361508133638,7,,,3.70925512527265e-13
annual,Imputation (FE on clean cells),ln_area,2,0.180311657882211,7,,,,,0.208878856654781,-0.217079435809085,0.577702751573506,0.39507,,,,31,0.180311657881871,0.208878856654783,7,,,3.39950290140223e-13
annual,Imputation (FE on clean cells),ln_area,3,0.139798617992099,7,,,,,0.210669903979662,-0.26196841556156,0.541565651545758,0.51369,,,,31,0.139798617991773,0.210669903979665,7,,,3.25822702151868e-13
annual,Imputation (FE on clean cells),ln_area,4,0.201931838156623,7,,,,,0.183821174311272,-0.14883959175763,0.552703268070876,0.27367,,,,31,0.201931838156317,0.183821174311272,7,,,3.06282776918465e-13
annual,Imputation (FE on clean cells),ln_area,5,0.224552926256338,7,,,,,0.173747300873281,-0.106059970764301,0.555165823276978,0.19595,,,,31,0.224552926256083,0.173747300873287,7,,,2.55018228756398e-13
annual,Imputation (FE on clean cells),ln_area,6,0.36059965135172,7,,,,,0.199342112717891,-0.0189757158121395,0.740175018515579,0.06322,,,,31,0.360599651351247,0.199342112717884,7,,,4.72455408129235e-13
annual,Imputation (FE on clean cells),ln_area,7,0.360165008547234,7,,,,,0.195852374096407,-0.0111243936035403,0.731454410698009,0.05821,,,,31,0.360165008546672,0.195852374096424,7,,,5.62661028880029e-13
annual,Imputation (FE on clean cells),ln_area,8,0.24358201202512,7,,,,,0.190850253751492,-0.119261440496064,0.606425464546304,0.20164,,,,31,0.243582012024735,0.190850253751515,7,,,3.85413922998623e-13
annual,Imputation (FE on clean cells),ln_area,9,0.216621683248336,7,,,,,0.19996717007954,-0.163738141416388,0.59698150791306,0.28158,,,,31,0.216621683248068,0.199967170079546,7,,,2.68202127173822e-13
annual,Imputation (FE on clean cells),ln_production,0,0.320169098909584,7,,,,,0.186072460407818,-0.0358283793774725,0.676166577196641,0.08099,,,,31,0.320169098909147,0.186072460407834,7,,,4.37427871702312e-13
annual,Imputation (FE on clean cells),ln_production,1,0.238035915278465,7,,,,,0.182725497550498,-0.11101404438908,0.587085874946009,0.19532,,,,31,0.238035915278016,0.182725497550512,7,,,4.48863168855951e-13
annual,Imputation (FE on clean cells),ln_production,2,0.132998645758319,7,,,,,0.227496336933449,-0.298905072711172,0.56490236422781,0.57083,,,,31,0.132998645757901,0.227496336933438,7,,,4.17749168590831e-13
annual,Imputation (FE on clean cells),ln_production,3,0.135574186844432,7,,,,,0.202056305551019,-0.250094481738273,0.521242855427136,0.51147,,,,31,0.135574186844018,0.202056305551013,7,,,4.13225009765483e-13
annual,Imputation (FE on clean cells),ln_production,4,0.11997085126384,7,,,,,0.189451644378832,-0.242955612097398,0.482897314625078,0.53355,,,,31,0.119970851263444,0.189451644378822,7,,,3.95988797308178e-13
annual,Imputation (FE on clean cells),ln_production,5,0.140069822397908,7,,,,,0.179719073333157,-0.202261190131545,0.482400834927362,0.4455,,,,31,0.140069822397588,0.179719073333162,7,,,3.20438120482436e-13
annual,Imputation (FE on clean cells),ln_production,6,0.340524246909327,7,,,,,0.184246244160192,-0.0119816814564601,0.693030175275114,0.05911,,,,31,0.340524246908771,0.184246244160204,7,,,5.56166224185972e-13
annual,Imputation (FE on clean cells),ln_production,7,0.352341770034137,7,,,,,0.223233042119812,-0.0701049692558889,0.774788509324163,0.11217,,,,31,0.352341770033428,0.223233042119834,7,,,7.08544334315775e-13
annual,Imputation (FE on clean cells),ln_production,8,0.21104657746905,7,,,,,0.218669493781346,-0.206262782744185,0.628355937682285,0.34364,,,,31,0.211046577468563,0.218669493781356,7,,,4.8722137435675e-13
annual,Imputation (FE on clean cells),ln_production,9,0.17145267164832,7,,,,,0.234690463939807,-0.276011911749163,0.618917255045803,0.47265,,,,31,0.171452671647971,0.234690463939818,7,,,3.48970852215302e-13
annual,Imputation (FE on clean cells),ln_yield,0,0.0151593442018401,7,,,,,0.0677805980576205,-0.110458868768549,0.140777557172229,0.84027,,,,31,0.0151593442015747,0.0677805980576203,7,,,2.65353711226268e-13
annual,Imputation (FE on clean cells),ln_yield,1,0.0271871956401242,7,,,,,0.0702768548313243,-0.101510529532064,0.155884920812312,0.72869,,,,31,0.0271871956398406,0.0702768548313265,7,,,2.83606471640496e-13
annual,Imputation (FE on clean cells),ln_yield,2,-0.0463183185296598,7,,,,,0.0759593640569509,-0.190624050268154,0.0979874132088347,0.54559,,,,31,-0.0463183185299174,0.0759593640569498,7,,,2.57585619500844e-13
annual,Imputation (FE on clean cells),ln_yield,3,-0.00384393835111574,7,,,,,0.068228615271456,-0.131030641695879,0.123342764993647,0.95941,,,,31,-0.00384393835136398,0.0682286152714562,7,,,2.48238929412281e-13
annual,Imputation (FE on clean cells),ln_yield,4,-0.0815360158343443,7,,,,,0.0650522171031277,-0.204728188931782,0.0416561572630938,0.20968,,,,31,-0.0815360158345759,0.0650522171031272,7,,,2.31537011785576e-13
annual,Imputation (FE on clean cells),ln_yield,5,-0.0841604117029506,7,,,,,0.0766901280041626,-0.230123425740346,0.0618026023344451,0.27335,,,,31,-0.0841604117031443,0.076690128004165,7,,,1.93706162221474e-13
annual,Imputation (FE on clean cells),ln_yield,6,-0.0199286894468438,7,,,,,0.0616435760009543,-0.137788136154097,0.0979307572604096,0.75208,,,,31,-0.0199286894471955,0.0616435760009534,7,,,3.5171865420125e-13
annual,Imputation (FE on clean cells),ln_yield,7,-0.00793589976207976,7,,,,,0.0965339082102783,-0.192378033885141,0.176506234360981,0.93627,,,,31,-0.00793589976250839,0.0965339082102856,7,,,4.28629354232157e-13
annual,Imputation (FE on clean cells),ln_yield,8,-0.0328687735048856,7,,,,,0.0985201336586895,-0.220629063427813,0.154891516418042,0.74272,,,,31,-0.0328687735051778,0.0985201336586909,7,,,2.92245394550861e-13
annual,Imputation (FE on clean cells),ln_yield,9,-0.0458461860225503,7,,,,,0.101459260985348,-0.239462711902694,0.147770339857593,0.65491,,,,31,-0.0458461860227725,0.10145926098536,7,,,2.22169505015302e-13
annual,Leave out Corn,ln_area,-12,-0.19784696688641,6,22,27,soybean;onion;sweet_potato;garlic;spring_potato;red_pepper,-0.197846966886409,0.12280563280743,-0.413210001786401,0.0175160680135815,0.08261,0.120603098177036,28,0.107167135218899,,-0.197846966886409,0.122805632807431,6,22,27,-5.55111512312578e-17
annual,Leave out Corn,ln_area,-11,-0.138071431314966,6,22,27,soybean;onion;sweet_potato;garlic;spring_potato;red_pepper,-0.138071431314966,0.0867173045394563,-0.295920546047139,0.0197776834172073,0.10145,0.0852452867612478,28,0.111339413128161,,-0.138071431314966,0.0867173045394568,6,22,27,2.22044604925031e-16
annual,Leave out Corn,ln_area,-10,-0.151287828581445,6,22,27,soybean;onion;sweet_potato;garlic;spring_potato;red_pepper,-0.151287828581445,0.0856637667543826,-0.307661179890627,0.00508552272773702,0.06055,0.0838511427627678,28,0.0773848498542813,,-0.151287828581445,0.0856637667543849,6,22,27,1.11022302462516e-16
annual,Leave out Corn,ln_area,-9,-0.135023865985523,6,22,27,soybean;onion;sweet_potato;garlic;spring_potato;red_pepper,-0.135023865985523,0.074521554342245,-0.271719662148723,0.00167193017767728,0.05419,0.0729921348527812,28,0.0700052544418785,,-0.135023865985523,0.0745215543422473,6,22,27,1.94289029309402e-16
annual,Leave out Corn,ln_area,-8,0.0417459520188072,5,22,27,soybean;onion;sweet_potato;garlic;spring_potato,0.0417459520188064,0.089979668058944,-0.117245409564702,0.200737313602316,0.70859,0.0883901071260996,28,0.642684484331412,,0.0417459520188064,0.0899796680589447,5,22,27,8.11850586757146e-16
annual,Leave out Corn,ln_area,-7,0.0489724441387533,5,22,27,soybean;onion;sweet_potato;garlic;spring_potato,0.0489724441387527,0.0705589208551855,-0.0808980674370336,0.17884295571454,0.51581,0.0694222278651285,28,0.487641742354347,,0.0489724441387527,0.0705589208551859,5,22,27,6.45317133063372e-16
annual,Leave out Corn,ln_area,-6,0.0537174104870995,4,22,27,soybean;onion;sweet_potato;garlic,0.0537174104870999,0.0506293411761553,-0.0417520397461436,0.149186860720343,0.30115,0.0498432585321363,28,0.288692778047378,,0.0537174104870999,0.0506293411761549,4,22,27,-3.67761376907083e-16
annual,Leave out Corn,ln_area,-5,0.115044239437397,2,22,24,onion;garlic,0.115044239437397,0.0814626285230666,-0.0202430609998294,0.250331539874623,0.13322,0.0798521511062026,25,0.157881268628578,,0.115044239437397,0.0814626285230652,2,22,24,-4.9960036108132e-16
annual,Leave out Corn,ln_area,0,0.160942212498211,6,22,22,soybean;onion;sweet_potato;garlic;spring_potato;red_pepper,0.160942212498212,0.155545914319797,-0.134046240736299,0.455930665732722,0.30746,0.152368295464689,28,0.300812475023167,,0.160942212498212,0.155545914319796,6,22,22,-3.05311331771918e-16
annual,Leave out Corn,ln_area,1,0.0450450028652591,6,22,22,soybean;onion;sweet_potato;garlic;spring_potato;red_pepper,0.0450450028652591,0.14241205318677,-0.225138242124992,0.315228247855511,0.75438,0.139525501384069,28,0.751774435747253,,0.0450450028652591,0.142412053186769,6,22,22,6.93889390390723e-18
annual,Leave out Corn,ln_area,2,0.00828416484821574,6,20,22,soybean;onion;sweet_potato;garlic;spring_potato;red_pepper,0.00828416484821566,0.164812274091824,-0.3030364757195,0.319604805415931,0.96039,0.161239713542028,28,0.959911814524812,,0.00828416484821566,0.164812274091824,6,20,22,8.15320033709099e-17
annual,Leave out Corn,ln_area,3,-0.0418142846110532,6,20,22,soybean;onion;sweet_potato;garlic;spring_potato;red_pepper,-0.0418142846110531,0.160841766981553,-0.347639808532443,0.264011239310337,0.7974,0.15747908482067,28,0.794885713574324,,-0.0418142846110531,0.160841766981552,6,20,22,-3.46944695195361e-17
annual,Leave out Corn,ln_area,4,0.0183472032150997,6,15,22,soybean;onion;sweet_potato;garlic;spring_potato;red_pepper,0.0183472032150992,0.147424735942394,-0.262903338562842,0.299597744993041,0.9019,0.144590006964777,28,0.900957940442367,,0.0183472032150992,0.14742473594239,6,15,22,5.3776427755281e-16
annual,Leave out Corn,ln_area,5,0.0538818637709784,6,14,20,soybean;onion;sweet_potato;garlic;spring_potato;red_pepper,0.053881863770978,0.145721263153372,-0.223541939007891,0.331305666549848,0.71398,0.142776757463146,26,0.71156147745802,,0.053881863770978,0.145721263153373,6,14,20,4.09394740330526e-16
annual,Leave out Corn,ln_area,6,0.194950875077193,6,11,20,soybean;onion;sweet_potato;garlic;spring_potato;red_pepper,0.194950875077193,0.179561918268589,-0.145633840066354,0.535535590220739,0.27879,0.175891264994491,26,0.27761050733123,,0.194950875077193,0.179561918268592,6,11,20,-4.9960036108132e-16
annual,Leave out Corn,ln_area,7,0.183239972559962,6,10,15,soybean;onion;sweet_potato;garlic;spring_potato;red_pepper,0.183239972559962,0.176553527337196,-0.148892011986817,0.51537195710674,0.30049,0.172192646282454,21,0.299329624315123,,0.183239972559962,0.176553527337194,6,10,15,-5.82867087928207e-16
annual,Leave out Corn,ln_area,8,0.0386227174896342,6,10,14,soybean;onion;sweet_potato;garlic;spring_potato;red_pepper,0.0386227174896341,0.172519859715037,-0.28677219528519,0.364017630264458,0.82472,0.168289992613801,20,0.822855318325996,,0.0386227174896341,0.172519859715037,6,10,14,8.32667268468867e-17
annual,Leave out Corn,ln_area,9,-0.00367905670215255,6,8,11,soybean;onion;sweet_potato;garlic;spring_potato;red_pepper,-0.00367905670215336,0.189557254161051,-0.360148406787462,0.352790293383157,0.98472,0.183840376433277,17,0.98451508348904,,-0.00367905670215336,0.189557254161053,6,8,11,8.09682182412175e-16
annual,Leave out Corn,ln_production,-12,-0.25089277799113,6,22,27,soybean;onion;sweet_potato;garlic;spring_potato;red_pepper,-0.25089277799113,0.11803455536998,-0.476259391718959,-0.0255261642633015,0.02739,0.115966350982798,28,0.0335376195445202,,-0.25089277799113,0.118034555369983,6,22,27,-2.22044604925031e-16
annual,Leave out Corn,ln_production,-11,-0.128837242495829,6,22,27,soybean;onion;sweet_potato;garlic;spring_potato;red_pepper,-0.128837242495829,0.0666149740310985,-0.255522752890006,-0.00215173210165087,0.04557,0.065387150798455,28,0.0531059619314621,,-0.128837242495829,0.0666149740310978,6,22,27,2.4980018054066e-16
annual,Leave out Corn,ln_production,-10,-0.146400207060937,6,22,27,soybean;onion;sweet_potato;garlic;spring_potato;red_pepper,-0.146400207060937,0.0692669853856111,-0.277632480737558,-0.0151679333843162,0.02629,0.0679337061644882,28,0.0345525229009336,,-0.146400207060937,0.0692669853856158,6,22,27,-4.44089209850063e-16
annual,Leave out Corn,ln_production,-9,-0.170977910811152,6,22,27,soybean;onion;sweet_potato;garlic;spring_potato;red_pepper,-0.170977910811152,0.0854370993513489,-0.330738577673137,-0.011217243949167,0.03212,0.0841780644855166,28,0.0453693436313391,,-0.170977910811152,0.0854370993513535,6,22,27,3.88578058618805e-16
annual,Leave out Corn,ln_production,-8,0.0243733367832913,5,22,27,soybean;onion;sweet_potato;garlic;spring_potato,0.0243733367832905,0.0954311728762657,-0.148793475693144,0.197540149259726,0.82567,0.0937651919209496,28,0.798412429025076,,0.0243733367832905,0.0954311728762658,5,22,27,7.59808882477842e-16
annual,Leave out Corn,ln_production,-7,0.0622723227235422,5,22,27,soybean;onion;sweet_potato;garlic;spring_potato,0.0622723227235419,0.0979325665270912,-0.107093613296441,0.231638258743526,0.62308,0.0963610300547216,28,0.524861546087222,,0.0622723227235419,0.097932566527089,5,22,27,3.12250225675825e-16
annual,Leave out Corn,ln_production,-6,0.0620486629642342,4,22,27,soybean;onion;sweet_potato;garlic,0.0620486629642347,0.0954245699795944,-0.1062890501393,0.230386376067768,0.58871,0.0939916156114181,28,0.515538624345786,,0.0620486629642347,0.0954245699795949,4,22,27,-5.13478148889135e-16
annual,Leave out Corn,ln_production,-5,0.106733190369605,2,22,24,onion;garlic,0.106733190369605,0.0949976047094737,-0.0404494550549354,0.253915835794145,0.29237,0.0932036298459249,25,0.261210091759416,,0.106733190369605,0.0949976047094703,2,22,24,-1.66533453693773e-16
annual,Leave out Corn,ln_production,0,0.170389425900754,6,22,22,soybean;onion;sweet_potato;garlic;spring_potato;red_pepper,0.170389425900754,0.157574395866093,-0.127916166683523,0.468695018485032,0.28192,0.154204103235015,28,0.279551745710273,,0.170389425900754,0.157574395866092,6,22,22,2.77555756156289e-17
annual,Leave out Corn,ln_production,1,0.0767148236059032,6,22,22,soybean;onion;sweet_potato;garlic;spring_potato;red_pepper,0.0767148236059035,0.158924951383009,-0.222511121742808,0.375940768954614,0.63606,0.155044903907395,28,0.62930094546437,,0.0767148236059035,0.158924951383008,6,22,22,-3.46944695195361e-16
annual,Leave out Corn,ln_production,2,-0.0503722073119026,6,20,22,soybean;onion;sweet_potato;garlic;spring_potato;red_pepper,-0.0503722073119029,0.212760808485807,-0.444139520388744,0.343395105764939,0.82101,0.207471157655112,28,0.812846783276912,,-0.0503722073119029,0.212760808485807,6,20,22,2.63677968348475e-16
annual,Leave out Corn,ln_production,3,-0.0480366695033726,6,20,22,soybean;onion;sweet_potato;garlic;spring_potato;red_pepper,-0.0480366695033732,0.171358632334391,-0.37086708311191,0.274793744105165,0.78436,0.167448699671129,28,0.779225661123131,,-0.0480366695033732,0.171358632334392,6,20,22,6.66133814775094e-16
annual,Leave out Corn,ln_production,4,-0.0796941887234858,6,15,22,soybean;onion;sweet_potato;garlic;spring_potato;red_pepper,-0.0796941887234867,0.1606592476226,-0.384444957931906,0.225056580484934,0.62256,0.157220143890299,28,0.619862784159557,,-0.0796941887234867,0.160659247622595,6,15,22,8.32667268468867e-16
annual,Leave out Corn,ln_production,5,-0.0596451476307697,6,14,20,soybean;onion;sweet_potato;garlic;spring_potato;red_pepper,-0.05964514763077,0.163956024433976,-0.366149147690205,0.246858852428666,0.72765,0.160100366468375,26,0.716016718574864,,-0.05964514763077,0.163956024433976,6,14,20,3.05311331771918e-16
annual,Leave out Corn,ln_production,6,0.162654301060466,6,11,20,soybean;onion;sweet_potato;garlic;spring_potato;red_pepper,0.162654301060465,0.170200920501758,-0.160973861889451,0.486282464010384,0.33957,0.166374964304411,26,0.339243772157806,,0.162654301060465,0.170200920501762,6,11,20,5.27355936696949e-16
annual,Leave out Corn,ln_production,7,0.138140366372784,6,10,15,soybean;onion;sweet_potato;garlic;spring_potato;red_pepper,0.138140366372784,0.219717741675906,-0.268453774377152,0.54473450712272,0.54424,0.213198221859705,21,0.529534087346995,,0.138140366372784,0.219717741675906,6,10,15,-1.38777878078145e-16
annual,Leave out Corn,ln_production,8,-0.0222240009015206,6,10,14,soybean;onion;sweet_potato;garlic;spring_potato;red_pepper,-0.0222240009015211,0.213166734554929,-0.421161518681103,0.376713516878062,0.91932,0.206598910353185,20,0.916965860089764,,-0.0222240009015211,0.213166734554928,6,10,14,5.16947595841089e-16
annual,Leave out Corn,ln_production,9,-0.0687706684315157,6,8,11,soybean;onion;sweet_potato;garlic;spring_potato;red_pepper,-0.0687706684315169,0.240173805783667,-0.517603972603122,0.380062635740091,0.77393,0.231535133075636,17,0.774619953749815,,-0.0687706684315169,0.240173805783669,6,8,11,1.20736753927986e-15
annual,Leave out Corn,ln_yield,-12,-0.0544447802023964,6,22,27,soybean;onion;sweet_potato;garlic;spring_potato;red_pepper,-0.0544447802023966,0.0677100170554925,-0.181474441791727,0.0725848813869341,0.436,0.0663695255048679,28,0.421346427246151,,-0.0544447802023966,0.0677100170554932,6,22,27,1.45716771982052e-16
annual,Leave out Corn,ln_yield,-11,0.00799533741252014,6,22,27,soybean;onion;sweet_potato;garlic;spring_potato;red_pepper,0.00799533741252044,0.0577792964372332,-0.0943566043940277,0.110347279219068,0.91068,0.0567834202292216,28,0.889942313316509,,0.00799533741252044,0.0577792964372325,6,22,27,-3.03576608295941e-16
annual,Leave out Corn,ln_yield,-10,0.00431342662531723,6,22,27,soybean;onion;sweet_potato;garlic;spring_potato;red_pepper,0.00431342662531725,0.043408480746129,-0.0730615045861304,0.0816883578367649,0.93761,0.0427020228939398,28,0.920845856808324,,0.00431342662531725,0.0434084807461259,6,22,27,-2.16840434497101e-17
annual,Leave out Corn,ln_yield,-9,-0.0357494065218492,6,22,27,soybean;onion;sweet_potato;garlic;spring_potato;red_pepper,-0.0357494065218493,0.0609529665537926,-0.147705100439027,0.0762062873953283,0.56748,0.0598965575837655,28,0.557534142829957,,-0.0357494065218493,0.0609529665537905,6,22,27,1.04083408558608e-16
annual,Leave out Corn,ln_yield,-8,-0.0173181419546595,5,22,27,soybean;onion;sweet_potato;garlic;spring_potato,-0.0173181419546597,0.0364238238570752,-0.0855553612365185,0.0509190773271995,0.64578,0.0356393038710196,28,0.634457754837795,,-0.0173181419546597,0.0364238238570767,5,22,27,2.32452945780892e-16
annual,Leave out Corn,ln_yield,-7,0.013119786046806,5,22,27,soybean;onion;sweet_potato;garlic;spring_potato,0.0131197860468055,0.0444093256069967,-0.0680389822687031,0.0942785543623151,0.77851,0.0435639368248723,28,0.767666468236715,,0.0131197860468055,0.044409325606994,5,22,27,4.64905891561784e-16
annual,Leave out Corn,ln_yield,-6,0.00773918468229234,4,22,27,soybean;onion;sweet_potato;garlic,0.00773918468229209,0.0528217082264521,-0.0815559161413645,0.0970342855059492,0.90619,0.0518251472279135,28,0.883514668565013,,0.00773918468229209,0.0528217082264532,4,22,27,2.48065457064683e-16
annual,Leave out Corn,ln_yield,-5,-0.00793854260881823,2,22,24,onion;garlic,-0.00793854260881775,0.0297196417110132,-0.0625628382582692,0.0466857530406327,0.79699,0.0291206084363474,25,0.78938112357314,,-0.00793854260881775,0.0297196417110016,2,22,24,-4.77048955893622e-16
annual,Leave out Corn,ln_yield,0,0.00986180012088034,6,22,22,soybean;onion;sweet_potato;garlic;spring_potato;red_pepper,0.00986180012088045,0.0361514701952763,-0.0591317277603373,0.0788553280020979,0.78669,0.0354822441929381,28,0.785013784359924,,0.00986180012088045,0.0361514701952784,6,22,22,-1.05818132034585e-16
annual,Leave out Corn,ln_yield,1,0.0320640174462737,6,22,22,soybean;onion;sweet_potato;garlic;spring_potato;red_pepper,0.0320640174462739,0.0589209126774416,-0.0745332469308237,0.138661281823371,0.63604,0.0578213571557154,28,0.586312531203042,,0.0320640174462739,0.0589209126774427,6,22,22,-1.73472347597681e-16
annual,Leave out Corn,ln_yield,2,-0.0580494479794266,6,20,22,soybean;onion;sweet_potato;garlic;spring_potato;red_pepper,-0.0580494479794268,0.0779792272383216,-0.197746005399492,0.0816471094406385,0.49049,0.0766868091137844,28,0.456621246995462,,-0.0580494479794268,0.0779792272383219,6,20,22,1.45716771982052e-16
annual,Leave out Corn,ln_yield,3,-0.00597856405485621,6,20,22,soybean;onion;sweet_potato;garlic;spring_potato;red_pepper,-0.00597856405485638,0.0580901748324451,-0.114348557954924,0.102391429845211,0.92188,0.0571200486074681,28,0.918027512749286,,-0.00597856405485638,0.0580901748324468,6,20,22,1.73472347597681e-16
annual,Leave out Corn,ln_yield,4,-0.0981131553138272,6,15,22,soybean;onion;sweet_potato;garlic;spring_potato;red_pepper,-0.0981131553138277,0.0565355525432636,-0.205443176322814,0.00921686569515925,0.07673,0.055634823149107,28,0.0826657303437543,,-0.0981131553138277,0.0565355525432616,6,15,22,4.9960036108132e-16
annual,Leave out Corn,ln_yield,5,-0.113446767315234,6,14,20,soybean;onion;sweet_potato;garlic;spring_potato;red_pepper,-0.113446767315234,0.0813917968198894,-0.260274219957224,0.033380685326756,0.18015,0.0799227890616473,26,0.163367316859992,,-0.113446767315234,0.08139179681989,6,14,20,4.16333634234434e-17
annual,Leave out Corn,ln_yield,6,-0.032253072274242,6,11,20,soybean;onion;sweet_potato;garlic;spring_potato;red_pepper,-0.0322530722742415,0.0582554705541483,-0.141715808075063,0.077209663526579,0.59655,0.0572852994032836,26,0.579819210917413,,-0.0322530722742415,0.0582554705541477,6,11,20,-4.64905891561784e-16
annual,Leave out Corn,ln_yield,7,-0.0455159328099095,6,10,15,soybean;onion;sweet_potato;garlic;spring_potato;red_pepper,-0.0455159328099092,0.087684911081267,-0.211326947209682,0.120295081589863,0.61212,0.0859082293500003,21,0.603701382625608,,-0.0455159328099092,0.0876849110812695,6,10,15,-2.91433543964104e-16
annual,Leave out Corn,ln_yield,8,-0.0612465941681287,6,10,14,soybean;onion;sweet_potato;garlic;spring_potato;red_pepper,-0.0612465941681289,0.0877113870580394,-0.227266561004663,0.104773372668406,0.49267,0.0858199933717047,20,0.48500576265691,,-0.0612465941681289,0.0877113870580375,6,10,14,2.28983498828939e-16
annual,Leave out Corn,ln_yield,9,-0.0659510303782399,6,8,11,soybean;onion;sweet_potato;garlic;spring_potato;red_pepper,-0.0659510303782406,0.111140654560586,-0.275722851813664,0.143820791057184,0.55212,0.108044886223509,17,0.552912489786615,,-0.0659510303782406,0.111140654560585,6,8,11,7.7715611723761e-16
annual,Leave out Garlic,ln_area,-12,-0.277050522451775,6,24,27,soybean;onion;sweet_potato;corn;spring_potato;red_pepper,-0.277050522451774,0.133207875749895,-0.52177853389588,-0.0323225110076689,0.01814,0.130763180184555,28,0.0375405868344265,,-0.277050522451774,0.133207875749891,6,24,27,-1.66533453693773e-16
annual,Leave out Garlic,ln_area,-11,-0.17189864347087,6,24,27,soybean;onion;sweet_potato;corn;spring_potato;red_pepper,-0.17189864347087,0.0865963308575283,-0.332863355470132,-0.0109339314716085,0.03238,0.0851103940054077,28,0.0471381420650501,,-0.17189864347087,0.0865963308575257,6,24,27,0
annual,Leave out Garlic,ln_area,-10,-0.190075637679345,6,24,27,soybean;onion;sweet_potato;corn;spring_potato;red_pepper,-0.190075637679345,0.0844844665309471,-0.346370449065198,-0.0337808262934931,0.01232,0.0829583699342003,28,0.0244597761802273,,-0.190075637679345,0.0844844665309448,6,24,27,1.11022302462516e-16
annual,Leave out Garlic,ln_area,-9,-0.151660270902929,6,24,27,soybean;onion;sweet_potato;corn;spring_potato;red_pepper,-0.151660270902929,0.0731225795765639,-0.287088224805523,-0.0162323170003351,0.02243,0.0717580337070769,28,0.0380741788917936,,-0.151660270902929,0.0731225795765616,6,24,27,2.77555756156289e-17
annual,Leave out Garlic,ln_area,-8,-0.0280636088543305,5,24,27,soybean;onion;sweet_potato;corn;spring_potato,-0.0280636088543306,0.0999736202211749,-0.210125055561814,0.153997837853153,0.79999,0.098254982393919,28,0.778932731322385,,-0.0280636088543306,0.0999736202211734,5,24,27,1.31838984174237e-16
annual,Leave out Garlic,ln_area,-7,-0.0162295137449118,5,24,27,soybean;onion;sweet_potato;corn;spring_potato,-0.016229513744912,0.0906943528933762,-0.185176730322854,0.15271770283303,0.86193,0.0890706559302157,28,0.857979046036367,,-0.016229513744912,0.0906943528933747,5,24,27,1.45716771982052e-16
annual,Leave out Garlic,ln_area,-6,0.0305108262721989,4,24,27,soybean;onion;sweet_potato;corn,0.0305108262721999,0.0500819871241558,-0.06212077543639,0.123142427980788,0.56717,0.0491995395922291,28,0.542380238794918,,0.0305108262721999,0.0500819871241563,4,24,27,-9.99200722162641e-16
annual,Leave out Garlic,ln_area,-5,0.151367025301808,1,24,24,onion,0.151367025301808,0.150444195235772,-0.0615763364003313,0.364310387003947,0.40926,0.146913796988807,25,0.314351098161469,,0.151367025301808,0.150444195235781,1,24,24,2.77555756156289e-16
annual,Leave out Garlic,ln_area,0,0.118256733534459,6,22,22,soybean;onion;sweet_potato;corn;spring_potato;red_pepper,0.118256733534459,0.165158924958906,-0.195964109316035,0.432477576384952,0.47921,0.162065468603365,28,0.473980345116163,,0.118256733534459,0.165158924958905,6,22,22,-3.05311331771918e-16
annual,Leave out Garlic,ln_area,1,0.0280011339330166,6,22,22,soybean;onion;sweet_potato;corn;spring_potato;red_pepper,0.0280011339330167,0.148156752741234,-0.253706818133433,0.309709085999466,0.85193,0.145417889949021,28,0.85009542128069,,0.0280011339330167,0.148156752741233,6,22,22,-1.45716771982052e-16
annual,Leave out Garlic,ln_area,2,0.0184485862672802,6,20,22,soybean;onion;sweet_potato;corn;spring_potato;red_pepper,0.0184485862672802,0.165982155301216,-0.295837894904511,0.332735067439071,0.9141,0.162861232484409,28,0.91149897804279,,0.0184485862672802,0.165982155301215,6,20,22,7.63278329429795e-17
annual,Leave out Garlic,ln_area,3,-0.0345124877129277,6,20,22,soybean;onion;sweet_potato;corn;spring_potato;red_pepper,-0.0345124877129277,0.163624397963505,-0.346297868322138,0.277272892896282,0.83518,0.160529146646062,28,0.832945740589521,,-0.0345124877129277,0.163624397963506,6,20,22,3.46944695195361e-17
annual,Leave out Garlic,ln_area,4,-7.75579914410925e-05,6,15,22,soybean;onion;sweet_potato;corn;spring_potato;red_pepper,-7.75579914418928e-05,0.150694969027728,-0.286801509508041,0.286646393525158,0.99951,0.147681953929738,28,0.999589353768045,,-7.75579914418928e-05,0.150694969027731,6,15,22,8.00290281093019e-16
annual,Leave out Garlic,ln_area,5,0.0179233571592977,6,14,20,soybean;onion;sweet_potato;corn;spring_potato;red_pepper,0.0179233571592977,0.147094333075215,-0.261140112688039,0.296986827006634,0.90446,0.14398214630871,26,0.903018284848092,,0.0179233571592977,0.147094333075216,6,14,20,-4.16333634234434e-17
annual,Leave out Garlic,ln_area,6,0.152004946684743,6,11,20,soybean;onion;sweet_potato;corn;spring_potato;red_pepper,0.152004946684744,0.184416024335951,-0.19765783799094,0.501667731360428,0.41518,0.180682414604909,26,0.409797403258907,,0.152004946684744,0.184416024335953,6,11,20,-7.7715611723761e-16
annual,Leave out Garlic,ln_area,7,0.162901303483961,6,10,15,soybean;onion;sweet_potato;corn;spring_potato;red_pepper,0.162901303483962,0.180787065000343,-0.179099630413569,0.504902237381492,0.36694,0.17620141883139,21,0.367552564551159,,0.162901303483962,0.180787065000344,6,10,15,-4.16333634234434e-16
annual,Leave out Garlic,ln_area,8,0.0443805765815361,6,10,14,soybean;onion;sweet_potato;corn;spring_potato;red_pepper,0.0443805765815361,0.176743448167259,-0.289841050442831,0.378602203605903,0.80116,0.172007624819778,20,0.801735497855741,,0.0443805765815361,0.176743448167258,6,10,14,6.24500451351651e-17
annual,Leave out Garlic,ln_area,9,-0.00819925078568585,6,8,11,soybean;onion;sweet_potato;corn;spring_potato;red_pepper,-0.0081992507856869,0.194858774835752,-0.375227532169835,0.358829030598463,0.96599,0.188671978346599,17,0.966436586583598,,-0.0081992507856869,0.194858774835751,6,8,11,1.04777297948999e-15
annual,Leave out Garlic,ln_production,-12,-0.328428698899251,6,24,27,soybean;onion;sweet_potato;corn;spring_potato;red_pepper,-0.328428698899251,0.142414940142843,-0.595117465685784,-0.0617399321127179,0.01187,0.139903169145545,28,0.0211028466282773,,-0.328428698899251,0.142414940142839,6,24,27,-3.88578058618805e-16
annual,Leave out Garlic,ln_production,-11,-0.166706824331228,6,24,27,soybean;onion;sweet_potato;corn;spring_potato;red_pepper,-0.166706824331228,0.0745200220158894,-0.307512454199441,-0.0259011944630152,0.01769,0.073202116525642,28,0.025281485885423,,-0.166706824331228,0.0745200220158888,6,24,27,5.55111512312578e-17
annual,Leave out Garlic,ln_production,-10,-0.185947508756475,6,24,27,soybean;onion;sweet_potato;corn;spring_potato;red_pepper,-0.185947508756474,0.0745959569688287,-0.327735191536424,-0.0441598259765255,0.00701,0.0733154924670978,28,0.0126765540198492,,-0.185947508756474,0.0745959569688275,6,24,27,-5.27355936696949e-16
annual,Leave out Garlic,ln_production,-9,-0.189045290601173,6,24,27,soybean;onion;sweet_potato;corn;spring_potato;red_pepper,-0.189045290601174,0.0875094088734143,-0.354422982021742,-0.023667599180605,0.0197,0.0859099455672609,28,0.030750589355596,,-0.189045290601174,0.087509408873413,6,24,27,3.05311331771918e-16
annual,Leave out Garlic,ln_production,-8,-0.0204812848028471,5,24,27,soybean;onion;sweet_potato;corn;spring_potato,-0.0204812848028465,0.104714783626228,-0.214070115721207,0.173107546115513,0.85851,0.102930228864467,28,0.844930188878564,,-0.0204812848028465,0.104714783626225,5,24,27,-5.65519853168439e-16
annual,Leave out Garlic,ln_production,-7,0.0189603082425149,5,24,27,soybean;onion;sweet_potato;corn;spring_potato,0.0189603082425157,0.113054637387596,-0.183253926056238,0.221174542541267,0.86128,0.111089261307357,28,0.866812020229304,,0.0189603082425157,0.113054637387594,5,24,27,-7.91033905045424e-16
annual,Leave out Garlic,ln_production,-6,0.0500537963473253,4,24,27,soybean;onion;sweet_potato;corn,0.0500537963473255,0.0950131301558409,-0.11406292904562,0.21417052174027,0.68467,0.0932624775570448,28,0.59832605499729,,0.0500537963473255,0.09501313015584,4,24,27,-2.42861286636753e-16
annual,Leave out Garlic,ln_production,-5,0.188320530332882,1,24,24,onion,0.188320530332882,0.184182973055224,-0.0708635351725586,0.447504595838323,0.39684,0.180543864382431,25,0.306561160640844,,0.188320530332882,0.184182973055238,1,24,24,8.32667268468867e-17
annual,Leave out Garlic,ln_production,0,0.126597643274753,6,22,22,soybean;onion;sweet_potato;corn;spring_potato;red_pepper,0.126597643274753,0.165033186081117,-0.187326113243908,0.440521399793414,0.44951,0.161968878473801,28,0.443019589870376,,0.126597643274753,0.165033186081116,6,22,22,-8.32667268468867e-17
annual,Leave out Garlic,ln_production,1,0.0615905086758716,6,22,22,soybean;onion;sweet_potato;corn;spring_potato;red_pepper,0.0615905086758722,0.164463779405061,-0.251681710301788,0.374862727653531,0.71236,0.161672114012272,28,0.708037678725007,,0.0615905086758722,0.164463779405061,6,22,22,-6.03683769639929e-16
annual,Leave out Garlic,ln_production,2,-0.0259788436490714,6,20,22,soybean;onion;sweet_potato;corn;spring_potato;red_pepper,-0.0259788436490716,0.213783070914283,-0.423991459392141,0.372033772093999,0.90973,0.209958715647219,28,0.903279452717177,,-0.0259788436490716,0.213783070914284,6,20,22,2.18575157973078e-16
annual,Leave out Garlic,ln_production,3,-0.0393637881422664,6,20,22,soybean;onion;sweet_potato;corn;spring_potato;red_pepper,-0.0393637881422667,0.174742976772818,-0.370531934657559,0.291804358373026,0.82619,0.171345198097743,28,0.821771739294493,,-0.0393637881422667,0.174742976772819,6,20,22,3.2612801348364e-16
annual,Leave out Garlic,ln_production,4,-0.0842601874054363,6,15,22,soybean;onion;sweet_potato;corn;spring_potato;red_pepper,-0.0842601874054374,0.163884165242717,-0.395176157821181,0.226655783010308,0.61265,0.160734891198894,28,0.607150774329645,,-0.0842601874054374,0.163884165242717,6,15,22,1.04083408558608e-15
annual,Leave out Garlic,ln_production,5,-0.066984283909827,6,14,20,soybean;onion;sweet_potato;corn;spring_potato;red_pepper,-0.0669842839098268,0.166356065257406,-0.379817200479089,0.245848632659435,0.69367,0.162748493367263,26,0.68720123568904,,-0.0669842839098268,0.16635606525741,6,14,20,-1.2490009027033e-16
annual,Leave out Garlic,ln_production,6,0.122118046044064,6,11,20,soybean;onion;sweet_potato;corn;spring_potato;red_pepper,0.122118046044064,0.175476395367593,-0.211096785324269,0.455332877412397,0.48508,0.171516517723852,26,0.486477100594391,,0.122118046044064,0.175476395367597,6,11,20,-6.93889390390723e-17
annual,Leave out Garlic,ln_production,7,0.139087816249208,6,10,15,soybean;onion;sweet_potato;corn;spring_potato;red_pepper,0.139087816249208,0.22461904239876,-0.2796188103692,0.557794442867615,0.54785,0.218867176777683,21,0.535773746445808,,0.139087816249208,0.224619042398761,6,10,15,-2.4980018054066e-16
annual,Leave out Garlic,ln_production,8,0.00945215232233551,6,10,14,soybean;onion;sweet_potato;corn;spring_potato;red_pepper,0.0094521523223354,0.221848554326018,-0.407887105347187,0.426791409991858,0.96617,0.215872389442746,20,0.966015350877073,,0.0094521523223354,0.221848554326014,6,10,14,1.11022302462516e-16
annual,Leave out Garlic,ln_production,9,-0.0224272523169771,6,8,11,soybean;onion;sweet_potato;corn;spring_potato;red_pepper,-0.0224272523169787,0.245453304360931,-0.484190138456877,0.439335633822922,0.92729,0.238088034717382,17,0.927198003248579,,-0.0224272523169787,0.245453304360929,6,8,11,1.56819002228303e-15
annual,Leave out Garlic,ln_yield,-12,-0.0526149619347981,6,24,27,soybean;onion;sweet_potato;corn;spring_potato;red_pepper,-0.0526149619347979,0.0650587661760996,-0.174359594781989,0.0691296709123932,0.43751,0.0638370158108613,28,0.418670592219581,,-0.0526149619347979,0.0650587661761007,6,24,27,-1.59594559789866e-16
annual,Leave out Garlic,ln_yield,-11,0.00389395960270614,6,24,27,soybean;onion;sweet_potato;corn;spring_potato;red_pepper,0.00389395960270669,0.0564142076145159,-0.0968454744192447,0.104633393624657,0.95455,0.0554362182146735,28,0.944970158330521,,0.00389395960270669,0.056414207614516,6,24,27,-5.53810469705596e-16
annual,Leave out Garlic,ln_yield,-10,0.00360047369251839,6,24,27,soybean;onion;sweet_potato;corn;spring_potato;red_pepper,0.00360047369251862,0.0431292968058139,-0.0742582756929001,0.0814592230779369,0.94466,0.0424044785011954,28,0.933469142234363,,0.00360047369251862,0.0431292968058153,6,24,27,-2.3115190317391e-16
annual,Leave out Garlic,ln_yield,-9,-0.0371122604677871,6,24,27,soybean;onion;sweet_potato;corn;spring_potato;red_pepper,-0.0371122604677867,0.0611863867834428,-0.149797934699997,0.0755734137644229,0.55973,0.0600299476958481,28,0.54415330594532,,-0.0371122604677867,0.0611863867834442,6,24,27,-3.05311331771918e-16
annual,Leave out Garlic,ln_yield,-8,0.0076981174887892,5,24,27,soybean;onion;sweet_potato;corn;spring_potato,0.0076981174887891,0.0272027088913039,-0.0418868669899787,0.0572831019675571,0.80558,0.0266976279497955,28,0.777183857355959,,0.0076981174887891,0.0272027088913017,5,24,27,1.02348685082632e-16
annual,Leave out Garlic,ln_yield,-7,0.0350091066823883,5,24,27,soybean;onion;sweet_potato;corn;spring_potato,0.0350091066823883,0.0377188785491505,-0.0304570277036834,0.10047524106846,0.41628,0.0370907972842884,28,0.353325234895886,,0.0350091066823883,0.037718878549149,5,24,27,-2.77555756156289e-17
annual,Leave out Garlic,ln_yield,-6,0.0190872602988634,4,24,27,soybean;onion;sweet_potato;corn,0.0190872602988636,0.0521037233470188,-0.0677081297554888,0.105882650353216,0.74938,0.0511021043813494,28,0.714117366777329,,0.0190872602988636,0.0521037233470164,4,24,27,-2.22044604925031e-16
annual,Leave out Garlic,ln_yield,-5,0.0369806080162478,1,24,24,onion,0.0369806080162479,0.0361506795518198,-0.0203445068687832,0.0943057229012789,0.37546,0.0354504874163566,25,0.306327950752349,,0.0369806080162479,0.0361506795518348,1,24,24,-1.38777878078145e-17
annual,Leave out Garlic,ln_yield,0,0.00882111883693922,6,22,22,soybean;onion;sweet_potato;corn;spring_potato;red_pepper,0.00882111883693954,0.0369731970029969,-0.0619159915083133,0.0795582291821917,0.8151,0.0362741954387221,28,0.811430152969921,,0.00882111883693954,0.0369731970029964,6,22,22,-3.19189119579733e-16
annual,Leave out Garlic,ln_yield,1,0.0340968274079021,6,22,22,soybean;onion;sweet_potato;corn;spring_potato;red_pepper,0.0340968274079027,0.0601568083237444,-0.0751623623047858,0.14335601712059,0.61446,0.059040601388821,28,0.570850652860611,,0.0340968274079027,0.0601568083237432,6,22,22,-5.34294830600857e-16
annual,Leave out Garlic,ln_yield,2,-0.043629925733125,6,20,22,soybean;onion;sweet_potato;corn;spring_potato;red_pepper,-0.043629925733125,0.0811135334548593,-0.190744325975524,0.103484474509274,0.61291,0.0795985589571354,28,0.590654973968189,,-0.043629925733125,0.0811135334548591,6,20,22,0
annual,Leave out Garlic,ln_yield,3,-0.00466978735872582,6,20,22,soybean;onion;sweet_potato;corn;spring_potato;red_pepper,-0.0046697873587257,0.0592269593957201,-0.114990973933505,0.105651399216053,0.94105,0.0581802949650324,28,0.937155403697254,,-0.0046697873587257,0.0592269593957192,6,20,22,-1.14491749414469e-16
annual,Leave out Garlic,ln_yield,4,-0.0840547939913799,6,15,22,soybean;onion;sweet_potato;corn;spring_potato;red_pepper,-0.0840547939913804,0.0586147850316424,-0.195330878871361,0.0272212908886013,0.14928,0.05758567335212,28,0.151566458360613,,-0.0840547939913804,0.0586147850316429,6,15,22,4.44089209850063e-16
annual,Leave out Garlic,ln_yield,5,-0.0848584866776732,6,14,20,soybean;onion;sweet_potato;corn;spring_potato;red_pepper,-0.084858486677673,0.0854801160054027,-0.243673234451135,0.0739562610957884,0.34409,0.0838348602778297,26,0.320842628073918,,-0.084858486677673,0.0854801160054036,6,14,20,-1.80411241501588e-16
annual,Leave out Garlic,ln_yield,6,-0.0299654573105938,6,11,20,soybean;onion;sweet_potato;corn;spring_potato;red_pepper,-0.0299654573105931,0.0603859377195839,-0.143558296538389,0.0836273819172017,0.63171,0.0591186356177115,26,0.619730471546774,,-0.0299654573105931,0.060385937719584,6,11,20,-7.42461647718073e-16
annual,Leave out Garlic,ln_yield,7,-0.024168895020647,6,10,15,soybean;onion;sweet_potato;corn;spring_potato;red_pepper,-0.0241688950206466,0.0971868769485942,-0.207294956545368,0.158957166504074,0.80555,0.0946507459765553,21,0.80360463950886,,-0.0241688950206466,0.0971868769485949,6,10,15,-4.54497550705924e-16
annual,Leave out Garlic,ln_yield,8,-0.0353607771226846,6,10,14,soybean;onion;sweet_potato;corn;spring_potato;red_pepper,-0.0353607771226846,0.0959821342687004,-0.216912362387758,0.146190808142389,0.71418,0.0934855465566522,20,0.712567549585918,,-0.0353607771226846,0.0959821342687021,6,10,14,-6.24500451351651e-17
annual,Leave out Garlic,ln_yield,9,-0.0151201927393937,6,8,11,soybean;onion;sweet_potato;corn;spring_potato;red_pepper,-0.0151201927393944,0.112482135662672,-0.227276283130092,0.197035897651304,0.89227,0.10904268524955,17,0.89306804879865,,-0.0151201927393944,0.112482135662672,6,8,11,7.71951946809679e-16
annual,Leave out Onion,ln_area,-12,-0.252836145348823,6,22,27,soybean;sweet_potato;corn;garlic;spring_potato;red_pepper,-0.252836145348823,0.139272336874815,-0.509638599103402,0.00396630840575624,0.05561,0.136955270512707,28,0.0694611986114483,,-0.252836145348823,0.139272336874817,6,22,27,5.55111512312578e-17
annual,Leave out Onion,ln_area,-11,-0.172781005999454,6,22,27,soybean;sweet_potato;corn;garlic;spring_potato;red_pepper,-0.172781005999454,0.093256213155331,-0.344933525467685,-0.000628486531222827,0.04886,0.0916911151335205,28,0.0639173432077303,,-0.172781005999454,0.0932562131553334,6,22,27,2.77555756156289e-17
annual,Leave out Onion,ln_area,-10,-0.159201985595113,6,22,27,soybean;sweet_potato;corn;garlic;spring_potato;red_pepper,-0.159201985595113,0.08931378741053,-0.323095981032662,0.00469200984243653,0.05909,0.0878866075623866,28,0.0746674401982988,,-0.159201985595113,0.0893137874105309,6,22,27,8.32667268468867e-17
annual,Leave out Onion,ln_area,-9,-0.0981663904878382,6,22,27,soybean;sweet_potato;corn;garlic;spring_potato;red_pepper,-0.0981663904878382,0.0583445198535422,-0.206864450332185,0.0105316693565087,0.08243,0.0573726997420639,28,0.0924661607667007,,-0.0981663904878382,0.0583445198535432,6,22,27,1.38777878078145e-17
annual,Leave out Onion,ln_area,-8,0.0192679954863131,5,22,27,soybean;sweet_potato;corn;garlic;spring_potato,0.0192679954863131,0.10029189463708,-0.164693959871831,0.203229950844457,0.85828,0.0986667356395449,28,0.847648859663098,,0.0192679954863131,0.100291894637081,5,22,27,-1.73472347597681e-17
annual,Leave out Onion,ln_area,-7,-0.0220539076958273,5,22,27,soybean;sweet_potato;corn;garlic;spring_potato,-0.0220539076958272,0.0931470069048817,-0.19617916673732,0.152071351345665,0.82049,0.0915598012097826,28,0.812839466971605,,-0.0220539076958272,0.0931470069048836,5,22,27,-5.55111512312578e-17
annual,Leave out Onion,ln_area,-6,0.0491330237205048,4,22,27,soybean;sweet_potato;corn;garlic,0.049133023720505,0.0512211339866385,-0.047133611399276,0.145399658840286,0.3515,0.0503101507578827,28,0.337441166060637,,0.049133023720505,0.0512211339866382,4,22,27,-1.59594559789866e-16
annual,Leave out Onion,ln_area,-5,0.0798369495490695,1,22,22,garlic,0.0798369495490694,0.0635788298697883,-0.0335776717964355,0.193251570894574,0.2375,0.0621843049619699,23,0.209218981087458,,0.0798369495490694,0.0635788298697896,1,22,22,2.77555756156289e-17
annual,Leave out Onion,ln_area,0,0.0743397784941935,6,22,22,soybean;sweet_potato;corn;garlic;spring_potato;red_pepper,0.0743397784941936,0.151345156356045,-0.212794729626284,0.361474286614671,0.63096,0.148319282207905,28,0.623289495646419,,0.0743397784941936,0.151345156356044,6,22,22,-8.32667268468867e-17
annual,Leave out Onion,ln_area,1,-0.0182795254258861,6,22,22,soybean;sweet_potato;corn;garlic;spring_potato;red_pepper,-0.018279525425886,0.136329321665336,-0.277627081255494,0.241068030403722,0.8938,0.133873572748878,28,0.893336472526632,,-0.018279525425886,0.136329321665336,6,22,22,-9.36750677027476e-17
annual,Leave out Onion,ln_area,2,-0.0951249352539935,6,20,22,soybean;sweet_potato;corn;garlic;spring_potato;red_pepper,-0.0951249352539938,0.137514913534781,-0.357480461846129,0.167230591338142,0.49411,0.135217886860986,28,0.489098937061846,,-0.0951249352539938,0.137514913534781,6,20,22,2.91433543964104e-16
annual,Leave out Onion,ln_area,3,-0.0994479219093748,6,20,22,soybean;sweet_potato;corn;garlic;spring_potato;red_pepper,-0.0994479219093748,0.154661971422367,-0.393945209556451,0.195049365737701,0.52447,0.151904898775516,28,0.520222949139543,,-0.0994479219093748,0.154661971422366,6,20,22,5.55111512312578e-17
annual,Leave out Onion,ln_area,4,-0.0494733661474561,6,15,22,soybean;sweet_potato;corn;garlic;spring_potato;red_pepper,-0.0494733661474561,0.133338457080032,-0.302418801133485,0.203472068838573,0.71232,0.130694039145866,28,0.710610727360427,,-0.0494733661474561,0.133338457080028,6,15,22,-1.38777878078145e-17
annual,Leave out Onion,ln_area,5,-0.0136672858397521,6,14,20,soybean;sweet_potato;corn;garlic;spring_potato;red_pepper,-0.013667285839752,0.133323513204925,-0.266928149497703,0.239593577818199,0.91967,0.130481356354741,26,0.918350134491317,,-0.013667285839752,0.133323513204927,6,14,20,-1.16226472890446e-16
annual,Leave out Onion,ln_area,6,0.081247753954394,6,11,20,soybean;sweet_potato;corn;garlic;spring_potato;red_pepper,0.0812477539543945,0.162589691099223,-0.226921585779514,0.389417093688302,0.62275,0.159150523803527,26,0.617279032795736,,0.0812477539543945,0.162589691099232,6,11,20,-5.41233724504764e-16
annual,Leave out Onion,ln_area,7,0.104635033134915,6,10,15,soybean;sweet_potato;corn;garlic;spring_potato;red_pepper,0.104635033134915,0.16380103599634,-0.20551423587046,0.414784302140291,0.52631,0.159932207456853,21,0.522957293048884,,0.104635033134915,0.163801035996332,6,10,15,-1.38777878078145e-16
annual,Leave out Onion,ln_area,8,0.0124981901225514,6,10,14,soybean;sweet_potato;corn;garlic;spring_potato;red_pepper,0.0124981901225511,0.175250597912444,-0.319843619832009,0.344840000077112,0.94321,0.171043362917251,20,0.943146177563042,,0.0124981901225511,0.175250597912443,6,10,14,2.8275992658422e-16
annual,Leave out Onion,ln_area,9,-0.0690279860290254,6,8,11,soybean;sweet_potato;corn;garlic;spring_potato;red_pepper,-0.0690279860290257,0.179450892215629,-0.409011724622329,0.270955752564278,0.69898,0.17443211020982,17,0.700487658682213,,-0.0690279860290257,0.179450892215633,6,8,11,3.33066907387547e-16
annual,Leave out Onion,ln_production,-12,-0.310417675019568,6,22,27,soybean;sweet_potato;corn;garlic;spring_potato;red_pepper,-0.310417675019568,0.144447346455386,-0.580384937051629,-0.0404504129875062,0.02038,0.142054685793273,28,0.0316342202267894,,-0.310417675019568,0.144447346455388,6,22,27,-5.55111512312578e-17
annual,Leave out Onion,ln_production,-11,-0.161166584181666,6,22,27,soybean;sweet_potato;corn;garlic;spring_potato;red_pepper,-0.161166584181667,0.0795945641957289,-0.311624521037428,-0.010708647325905,0.03384,0.0783696008009683,28,0.0428833744961168,,-0.161166584181667,0.0795945641957318,6,22,27,2.77555756156289e-16
annual,Leave out Onion,ln_production,-10,-0.16420195043117,6,22,27,soybean;sweet_potato;corn;garlic;spring_potato;red_pepper,-0.16420195043117,0.0778739697282345,-0.311855428716256,-0.0165484721460845,0.02676,0.0764427482056466,28,0.0349825643953709,,-0.16420195043117,0.0778739697282385,6,22,27,-3.05311331771918e-16
annual,Leave out Onion,ln_production,-9,-0.158375549431575,6,22,27,soybean;sweet_potato;corn;garlic;spring_potato;red_pepper,-0.158375549431575,0.0816338575181657,-0.311016825980726,-0.00573427288242379,0.04039,0.0803017132793936,28,0.0523709578593784,,-0.158375549431575,0.0816338575181685,6,22,27,4.44089209850063e-16
annual,Leave out Onion,ln_production,-8,0.0126354883549604,5,22,27,soybean;sweet_potato;corn;garlic;spring_potato,0.0126354883549609,0.102120874111524,-0.175714729474451,0.200985706184372,0.90854,0.10051426457017,28,0.901528494687003,,0.0126354883549609,0.102120874111526,5,22,27,-5.30825383648903e-16
annual,Leave out Onion,ln_production,-7,-0.00301638653639316,5,22,27,soybean;sweet_potato;corn;garlic;spring_potato,-0.00301638653639268,0.116747448867708,-0.215104937266663,0.209072164193877,0.97861,0.114509105830979,28,0.979387468152662,,-0.00301638653639268,0.11674744886771,5,22,27,-4.80084721976581e-16
annual,Leave out Onion,ln_production,-6,0.0799669339854062,4,22,27,soybean;sweet_potato;corn;garlic,0.0799669339854058,0.0894961307203521,-0.0717957711472523,0.231729639118065,0.45372,0.0878407110936781,28,0.371576665703216,,0.0799669339854058,0.0894961307203474,4,22,27,3.19189119579733e-16
annual,Leave out Onion,ln_production,-5,0.0263334907752316,1,22,22,garlic,0.0263334907752316,0.0454268722802259,-0.0584954156277004,0.111162397178164,0.57975,0.0444909245720617,23,0.562123878454229,,0.0263334907752316,0.0454268722802268,1,22,22,3.46944695195361e-18
annual,Leave out Onion,ln_production,0,0.106709679526537,6,22,22,soybean;sweet_potato;corn;garlic;spring_potato;red_pepper,0.106709679526537,0.155141303481016,-0.187325869010423,0.400745228063497,0.49691,0.151833037206203,28,0.491564564083484,,0.106709679526537,0.155141303481015,6,22,22,8.32667268468867e-17
annual,Leave out Onion,ln_production,1,0.0128748676471689,6,22,22,soybean;sweet_potato;corn;garlic;spring_potato;red_pepper,0.0128748676471688,0.153916554380056,-0.279380456552336,0.305130191846674,0.93371,0.150869218083751,28,0.933336014388561,,0.0128748676471688,0.153916554380055,6,22,22,3.46944695195361e-17
annual,Leave out Onion,ln_production,2,-0.141130729570419,6,20,22,soybean;sweet_potato;corn;garlic;spring_potato;red_pepper,-0.14113072957042,0.189595726404245,-0.494357591253893,0.212096132113055,0.47877,0.185873803217371,28,0.456648328911323,,-0.14113072957042,0.189595726404246,6,20,22,4.16333634234434e-16
annual,Leave out Onion,ln_production,3,-0.0932758601270922,6,20,22,soybean;sweet_potato;corn;garlic;spring_potato;red_pepper,-0.0932758601270931,0.169601938512369,-0.415332956125933,0.228781235871749,0.58564,0.166110473096554,28,0.582340427575938,,-0.0932758601270931,0.169601938512369,6,20,22,8.88178419700125e-16
annual,Leave out Onion,ln_production,4,-0.160611836168047,6,15,22,soybean;sweet_potato;corn;garlic;spring_potato;red_pepper,-0.160611836168048,0.136977519442195,-0.423086502854578,0.101862830518483,0.23657,0.134070843871978,28,0.240979691173015,,-0.160611836168048,0.13697751944219,6,15,22,2.77555756156289e-16
annual,Leave out Onion,ln_production,5,-0.100538099180892,6,14,20,soybean;sweet_potato;corn;garlic;spring_potato;red_pepper,-0.100538099180892,0.153930054574341,-0.388784833325266,0.187708634963482,0.52593,0.150308940366062,26,0.513665091677853,,-0.100538099180892,0.153930054574345,6,14,20,-5.55111512312578e-17
annual,Leave out Onion,ln_production,6,0.0716795702904733,6,11,20,soybean;sweet_potato;corn;garlic;spring_potato;red_pepper,0.0716795702904724,0.160882460073303,-0.234595281862065,0.377954422443011,0.65539,0.157135242297457,26,0.655929564078345,,0.0716795702904724,0.160882460073315,6,11,20,9.0205620750794e-16
annual,Leave out Onion,ln_production,7,0.0804094387131002,6,10,15,soybean;sweet_potato;corn;garlic;spring_potato;red_pepper,0.0804094387130999,0.205351376432949,-0.300592947913077,0.461411825339278,0.71018,0.200021290278182,21,0.695375956952011,,0.0804094387130999,0.205351376432942,6,10,15,3.05311331771918e-16
annual,Leave out Onion,ln_production,8,-0.0651251250058808,6,10,14,soybean;sweet_potato;corn;garlic;spring_potato;red_pepper,-0.0651251250058816,0.207384197457587,-0.45622263770309,0.325972387691328,0.75475,0.201767915645616,20,0.753497281491808,,-0.0651251250058816,0.207384197457583,6,10,14,8.60422844084496e-16
annual,Leave out Onion,ln_production,9,-0.154939487258059,6,8,11,soybean;sweet_potato;corn;garlic;spring_potato;red_pepper,-0.15493948725806,0.219402547483174,-0.568522728419522,0.258643753903403,0.47492,0.21251919314473,17,0.480071115559007,,-0.15493948725806,0.219402547483175,6,8,11,5.82867087928207e-16
annual,Leave out Onion,ln_yield,-12,-0.059097350032367,6,22,27,soybean;sweet_potato;corn;garlic;spring_potato;red_pepper,-0.0590973500323673,0.0689048547776915,-0.188073549588429,0.0698788495236952,0.40887,0.0677344523732166,28,0.391076928600762,,-0.0590973500323673,0.0689048547776914,6,22,27,3.19189119579733e-16
annual,Leave out Onion,ln_yield,-11,0.0108469959943875,6,22,27,soybean;sweet_potato;corn;garlic;spring_potato;red_pepper,0.0108469959943874,0.0576074700745707,-0.0904981168992892,0.112192108888064,0.88172,0.0565740009971356,28,0.850648161227481,,0.0108469959943874,0.0576074700745702,6,22,27,8.84708972748172e-17
annual,Leave out Onion,ln_yield,-10,-0.00538263517531964,6,22,27,soybean;sweet_potato;corn;garlic;spring_potato;red_pepper,-0.00538263517531971,0.0465352260581024,-0.0896224097157913,0.078857139365152,0.92281,0.0457161733890035,28,0.907915691315558,,-0.00538263517531971,0.0465352260581021,6,22,27,7.19910242530375e-17
annual,Leave out Onion,ln_yield,-9,-0.0599549874359521,6,22,27,soybean;sweet_potato;corn;garlic;spring_potato;red_pepper,-0.0599549874359523,0.0644818942896791,-0.180141163609825,0.0602311887379209,0.37135,0.0632772183624388,28,0.352476877969019,,-0.0599549874359523,0.0644818942896805,6,22,27,2.08166817117217e-16
annual,Leave out Onion,ln_yield,-8,-0.00651350427205985,5,22,27,soybean;sweet_potato;corn;garlic;spring_potato,-0.00651350427205979,0.035614657887084,-0.0725357314509056,0.0595087229067859,0.85663,0.0350308100209037,28,0.854885662517908,,-0.00651350427205979,0.0356146578870844,5,22,27,-5.89805981832114e-17
annual,Leave out Onion,ln_yield,-7,0.019105276634265,5,22,27,soybean;sweet_potato;corn;garlic;spring_potato,0.019105276634265,0.0429746502407503,-0.0585468230597115,0.0967573763282414,0.66795,0.0423372004917674,28,0.656629919722405,,0.019105276634265,0.0429746502407492,5,22,27,-7.28583859910259e-17
annual,Leave out Onion,ln_yield,-6,0.030587780339515,4,22,27,soybean;sweet_potato;corn;garlic,0.0305877803395148,0.0462763584457042,-0.0397988260777249,0.100974386756755,0.73058,0.0454345704940935,28,0.508624683317403,,0.0305877803395148,0.0462763584457,4,22,27,1.97758476261356e-16
annual,Leave out Onion,ln_yield,-5,-0.0528389969323424,1,22,22,garlic,-0.0528389969323424,0.0530156483612122,-0.141684587149873,0.0360065932851879,0.41571,0.0518792942815241,23,0.318925717297954,,-0.0528389969323424,0.053015648361207,1,22,22,2.77555756156289e-17
annual,Leave out Onion,ln_yield,0,0.0330581191307555,6,22,22,soybean;sweet_potato;corn;garlic;spring_potato;red_pepper,0.0330581191307556,0.0352658357012221,-0.03421534233355,0.100331580595061,0.35027,0.0346643234507709,28,0.34855393822288,,0.0330581191307556,0.0352658357012222,6,22,22,-4.85722573273506e-17
annual,Leave out Onion,ln_yield,1,0.0317720456314376,6,22,22,soybean;sweet_potato;corn;garlic;spring_potato;red_pepper,0.0317720456314378,0.0588792799815552,-0.075008789490613,0.138552880753488,0.63864,0.0578843271275746,28,0.589463706676754,,0.0317720456314378,0.0588792799815537,6,22,22,-2.42861286636753e-16
annual,Leave out Onion,ln_yield,2,-0.045051520755792,6,20,22,soybean;sweet_potato;corn;garlic;spring_potato;red_pepper,-0.0450515207557922,0.0808372796513868,-0.19244536127338,0.102342319761796,0.60113,0.0794995520670413,28,0.577314829599493,,-0.0450515207557922,0.0808372796513871,6,20,22,2.42861286636753e-16
annual,Leave out Onion,ln_yield,3,0.00632667027095936,6,20,22,soybean;sweet_potato;corn;garlic;spring_potato;red_pepper,0.00632667027095923,0.0575410858431699,-0.101595659408779,0.114248999950697,0.9164,0.0565216799198588,28,0.91244864432253,,0.00632667027095923,0.0575410858431703,6,20,22,1.2490009027033e-16
annual,Leave out Onion,ln_yield,4,-0.110793328060262,6,15,22,soybean;sweet_potato;corn;garlic;spring_potato;red_pepper,-0.110793328060262,0.0532702788494626,-0.211766608915699,-0.00982004720482482,0.02848,0.0524504098440725,28,0.0375407770161785,,-0.110793328060262,0.0532702788494616,6,15,22,5.55111512312578e-17
annual,Leave out Onion,ln_yield,5,-0.0866919402872959,6,14,20,soybean;sweet_potato;corn;garlic;spring_potato;red_pepper,-0.0866919402872958,0.0851279232785934,-0.244349807865812,0.07096592729122,0.33089,0.0834459612574071,26,0.308500942278227,,-0.0866919402872958,0.0851279232785952,6,14,20,-1.2490009027033e-16
annual,Leave out Onion,ln_yield,6,-0.00967568946767382,6,11,20,soybean;sweet_potato;corn;garlic;spring_potato;red_pepper,-0.0096756894676736,0.0569787315996835,-0.117490213599841,0.0981388346644936,0.87107,0.0560567887258877,26,0.865157753371923,,-0.0096756894676736,0.0569787315996825,6,11,20,-2.27248775352962e-16
annual,Leave out Onion,ln_yield,7,-0.0243852345099734,6,10,15,soybean;sweet_potato;corn;garlic;spring_potato;red_pepper,-0.024385234509973,0.096859739531144,-0.20789347056826,0.159123001548313,0.8058,0.0950272010236165,21,0.801227961699406,,-0.024385234509973,0.0968597395311437,6,10,15,-3.71230823859037e-16
annual,Leave out Onion,ln_yield,8,-0.078042499685513,6,10,14,soybean;sweet_potato;corn;garlic;spring_potato;red_pepper,-0.0780424996855133,0.0801623274644813,-0.230283387120479,0.0741983877494534,0.33115,0.0784074128953525,20,0.330277136384784,,-0.0780424996855133,0.08016232746448,6,10,14,2.91433543964104e-16
annual,Leave out Onion,ln_yield,9,-0.0866368289085062,6,8,11,soybean;sweet_potato;corn;garlic;spring_potato;red_pepper,-0.0866368289085065,0.105067662661766,-0.28363970431815,0.110366046501138,0.41078,0.102011384348475,17,0.409609346773413,,-0.0866368289085065,0.105067662661765,6,8,11,2.63677968348475e-16
annual,Leave out Red pepper,ln_area,-12,-0.259231167234625,6,22,27,soybean;onion;sweet_potato;corn;garlic;spring_potato,-0.259231167234626,0.14331484964362,-0.526951036256429,0.00848870178717892,0.06084,0.140990789338709,28,0.0704785373764028,,-0.259231167234626,0.14331484964362,6,22,27,6.66133814775094e-16
annual,Leave out Red pepper,ln_area,-11,-0.170079222691092,6,22,27,soybean;onion;sweet_potato;corn;garlic;spring_potato,-0.170079222691093,0.0940392246247053,-0.346306883912144,0.006148438529961,0.06031,0.0923923412628891,28,0.070513365178283,,-0.170079222691093,0.0940392246247064,6,22,27,1.0547118733939e-15
annual,Leave out Red pepper,ln_area,-10,-0.18903534339593,6,22,27,soybean;onion;sweet_potato;corn;garlic;spring_potato,-0.189035343395932,0.0871180621044585,-0.349589654610515,-0.0284810321813461,0.01577,0.0853512818083702,28,0.0300162833071548,,-0.189035343395932,0.0871180621044576,6,22,27,9.99200722162641e-16
annual,Leave out Red pepper,ln_area,-9,-0.140781395826987,6,22,27,soybean;onion;sweet_potato;corn;garlic;spring_potato,-0.140781395826989,0.0759304124031598,-0.280941447363868,-0.000621344290106629,0.04882,0.0742403721294464,28,0.0637270810742703,,-0.140781395826989,0.0759304124031583,6,22,27,1.36002320516582e-15
annual,Leave out Red pepper,ln_area,-8,-0.000321571068643708,6,22,27,soybean;onion;sweet_potato;corn;garlic;spring_potato,-0.000321571068644298,0.0859096722606801,-0.158028652222432,0.157385510085144,0.99744,0.0842689309960407,28,0.997013421364892,,-0.000321571068644298,0.0859096722606801,6,22,27,5.89805981832114e-16
annual,Leave out Red pepper,ln_area,-7,-0.00784755614312682,6,22,27,soybean;onion;sweet_potato;corn;garlic;spring_potato,-0.00784755614312761,0.0783541230228006,-0.154850331158538,0.139155218872285,0.92284,0.0770457472922893,28,0.920221281731091,,-0.00784755614312761,0.0783541230228011,6,22,27,7.8236028766554e-16
annual,Leave out Red pepper,ln_area,-6,0.0322285143493217,5,22,27,soybean;onion;sweet_potato;corn;garlic,0.0322285143493222,0.0446465705744908,-0.0519481466496551,0.116405175348298,0.4814,0.0437919935708823,28,0.47038136975089,,0.0322285143493222,0.0446465705744907,5,22,27,-5.68989300120393e-16
annual,Leave out Red pepper,ln_area,-5,0.116459209164212,2,22,25,onion;garlic,0.116459209164212,0.0814501906005335,-0.0154934230447369,0.248411841373161,0.1162,0.0797920166809739,26,0.152768343215659,,0.116459209164212,0.0814501906005347,2,22,25,-2.22044604925031e-16
annual,Leave out Red pepper,ln_area,0,0.210732460853011,6,22,22,soybean;onion;sweet_potato;corn;garlic;spring_potato,0.210732460853012,0.132530361384185,-0.0424819816180106,0.463946903324033,0.10719,0.130214894162294,28,0.111819181868527,,0.210732460853012,0.132530361384184,6,22,22,-1.66533453693773e-16
annual,Leave out Red pepper,ln_area,1,0.110787291816609,6,22,22,soybean;onion;sweet_potato;corn;garlic;spring_potato,0.11078729181661,0.113528260513146,-0.105773810310808,0.327348393944027,0.3301,0.111596372665755,28,0.329135577524383,,0.11078729181661,0.113528260513146,6,22,22,-1.38777878078145e-16
annual,Leave out Red pepper,ln_area,2,0.0797574416090323,6,22,22,soybean;onion;sweet_potato;corn;garlic;spring_potato,0.0797574416090324,0.142038379732356,-0.191100395976264,0.350615279194328,0.58127,0.139709811230328,28,0.57444285714099,,0.0797574416090324,0.142038379732356,6,22,22,-6.93889390390723e-17
annual,Leave out Red pepper,ln_area,3,0.0244584834961157,6,22,22,soybean;onion;sweet_potato;corn;garlic;spring_potato,0.0244584834961158,0.146918028871777,-0.25721044217739,0.306127409169621,0.86949,0.144401058059638,28,0.867781524070125,,0.0244584834961158,0.146918028871777,6,22,22,-1.21430643318377e-16
annual,Leave out Red pepper,ln_area,4,0.0601737951060777,6,20,22,soybean;onion;sweet_potato;corn;garlic;spring_potato,0.0601737951060769,0.136323763848189,-0.199733022117874,0.32008061233003,0.66068,0.133803990101742,28,0.658920863126676,,0.0601737951060769,0.136323763848191,6,20,22,7.49400541621981e-16
annual,Leave out Red pepper,ln_area,5,0.0960871836889825,6,20,20,soybean;onion;sweet_potato;corn;garlic;spring_potato,0.0960871836889831,0.129501647359677,-0.148646190698842,0.340820558076807,0.46593,0.126871368698611,26,0.458101552202005,,0.0960871836889831,0.129501647359678,6,20,20,-6.10622663543836e-16
annual,Leave out Red pepper,ln_area,6,0.240606771803315,6,15,20,soybean;onion;sweet_potato;corn;garlic;spring_potato,0.240606771803316,0.161900425355353,-0.0665115266957461,0.547725070302377,0.13316,0.158624871489275,26,0.137241973609517,,0.240606771803316,0.161900425355353,6,15,20,-5.82867087928207e-16
annual,Leave out Red pepper,ln_area,7,0.265290193944116,6,14,15,soybean;onion;sweet_potato;corn;garlic;spring_potato,0.265290193944117,0.142875408160775,-0.00639587606927128,0.536976263957503,0.0562,0.139134049418475,21,0.063340474333889,,0.265290193944117,0.142875408160775,6,14,15,-7.21644966006352e-16
annual,Leave out Red pepper,ln_area,8,0.123922076345424,6,11,14,soybean;onion;sweet_potato;corn;garlic;spring_potato,0.123922076345424,0.151787596011789,-0.161619859097109,0.409464011787957,0.41389,0.147229867597387,20,0.414261290510443,,0.123922076345424,0.151787596011789,6,11,14,-9.71445146547012e-17
annual,Leave out Red pepper,ln_area,9,0.0824692708926762,6,10,11,soybean;onion;sweet_potato;corn;garlic;spring_potato,0.0824692708926757,0.166757821175596,-0.230583646790063,0.395522188575416,0.61692,0.161106007554433,17,0.620921231508903,,0.0824692708926757,0.166757821175597,6,10,11,5.68989300120393e-16
annual,Leave out Red pepper,ln_production,-12,-0.312740956669041,6,22,27,soybean;onion;sweet_potato;corn;garlic;spring_potato,-0.312740956669043,0.149047168972527,-0.592509735155748,-0.0329721781823335,0.02457,0.145966595410561,28,0.0358814471226617,,-0.312740956669043,0.149047168972528,6,22,27,1.83186799063151e-15
annual,Leave out Red pepper,ln_production,-11,-0.151847110277395,6,22,27,soybean;onion;sweet_potato;corn;garlic;spring_potato,-0.151847110277397,0.0790793136318722,-0.30112097765411,-0.00257324290068001,0.0455,0.0776615066589861,28,0.0548342187896025,,-0.151847110277397,0.0790793136318738,6,22,27,2.02615701994091e-15
annual,Leave out Red pepper,ln_production,-10,-0.18142241744319,6,22,27,soybean;onion;sweet_potato;corn;garlic;spring_potato,-0.181422417443192,0.0772702940130355,-0.328618628976141,-0.0342262059102395,0.01216,0.0757996391150445,28,0.0188799211252468,,-0.181422417443192,0.077270294013039,6,22,27,1.4432899320127e-15
annual,Leave out Red pepper,ln_production,-9,-0.155187756388554,6,22,27,soybean;onion;sweet_potato;corn;garlic;spring_potato,-0.155187756388556,0.077076475802968,-0.300355767125118,-0.0100197456519902,0.03298,0.0759323901272411,28,0.0440698653473721,,-0.155187756388556,0.0770764758029695,6,22,27,2.13717932240343e-15
annual,Leave out Red pepper,ln_production,-8,-0.0153206816832505,6,22,27,soybean;onion;sweet_potato;corn;garlic;spring_potato,-0.0153206816832522,0.0893456125161716,-0.181014219129479,0.150372855762978,0.87313,0.087746546828914,28,0.863849029964102,,-0.0153206816832522,0.0893456125161725,6,22,27,1.71564151774106e-15
annual,Leave out Red pepper,ln_production,-7,-0.00125818171034828,6,22,27,soybean;onion;sweet_potato;corn;garlic;spring_potato,-0.00125818171034993,0.098906639999148,-0.182479570192599,0.179963206771902,0.98975,0.0971673658688669,28,0.989850462142226,,-0.00125818171034993,0.0989066399991481,6,22,27,1.64625257870199e-15
annual,Leave out Red pepper,ln_production,-6,0.0356446921536649,5,22,27,soybean;onion;sweet_potato;corn;garlic,0.0356446921536659,0.0789768985110795,-0.106200974850857,0.177490359158187,0.70187,0.077632602775854,28,0.651751283081882,,0.0356446921536659,0.0789768985110804,5,22,27,-9.36750677027476e-16
annual,Leave out Red pepper,ln_production,-5,0.108284506074552,2,22,25,onion;garlic,0.108284506074553,0.0983919487084567,-0.0431983691317741,0.259767381280878,0.30973,0.0964873813791118,26,0.271095889795155,,0.108284506074553,0.0983919487084543,2,22,25,-4.9960036108132e-16
annual,Leave out Red pepper,ln_production,0,0.230945409394161,6,22,22,soybean;onion;sweet_potato;corn;garlic;spring_potato,0.230945409394161,0.128668623851283,-0.0122500896263001,0.474140908414622,0.06507,0.126262450952776,28,0.0726719915122878,,0.230945409394161,0.128668623851282,6,22,22,-2.77555756156289e-17
annual,Leave out Red pepper,ln_production,1,0.154290558955834,6,22,22,soybean;onion;sweet_potato;corn;garlic;spring_potato,0.154290558955834,0.12176102575253,-0.0767952444724404,0.385376362384108,0.19995,0.119057820845668,28,0.205098503358582,,0.154290558955834,0.12176102575253,6,22,22,-2.77555756156289e-16
annual,Leave out Red pepper,ln_production,2,0.0997783534796372,6,22,22,soybean;onion;sweet_potato;corn;garlic;spring_potato,0.0997783534796374,0.14509054070925,-0.175055962033701,0.374612668992976,0.49347,0.141953218167396,28,0.491643505814145,,0.0997783534796374,0.14509054070925,6,22,22,-2.22044604925031e-16
annual,Leave out Red pepper,ln_production,3,0.0481453956191144,6,22,22,soybean;onion;sweet_potato;corn;garlic;spring_potato,0.0481453956191141,0.142519202069886,-0.223250914972745,0.319541706210973,0.73346,0.139315305244229,28,0.735501170379153,,0.0481453956191141,0.142519202069886,6,22,22,2.63677968348475e-16
annual,Leave out Red pepper,ln_production,4,-0.0107446181088105,6,20,22,soybean;onion;sweet_potato;corn;garlic;spring_potato,-0.0107446181088116,0.143320963765452,-0.282743347355963,0.261254111138342,0.94088,0.140159913408523,28,0.940239439184866,,-0.0107446181088116,0.143320963765453,6,20,22,1.11542719505309e-15
annual,Leave out Red pepper,ln_production,5,0.053267514816373,6,20,20,soybean;onion;sweet_potato;corn;garlic;spring_potato,0.0532675148163735,0.109262053394288,-0.154235103506232,0.260770133138978,0.62412,0.106663020891059,26,0.62588936379736,,0.0532675148163735,0.109262053394288,6,20,20,-5.06539254985228e-16
annual,Leave out Red pepper,ln_production,6,0.231002144130429,6,15,20,soybean;onion;sweet_potato;corn;garlic;spring_potato,0.231002144130429,0.140058588590482,-0.0349965895653294,0.497000877826188,0.09119,0.136739572704593,26,0.0990810523350598,,0.231002144130429,0.140058588590482,6,15,20,6.10622663543836e-16
annual,Leave out Red pepper,ln_production,7,0.311071750522301,6,14,15,soybean;onion;sweet_potato;corn;garlic;spring_potato,0.311071750522302,0.142981596355557,0.0399350693922759,0.582208431652326,0.02251,0.139235649034443,21,0.0295846654319934,,0.311071750522302,0.142981596355557,6,14,15,-7.21644966006352e-16
annual,Leave out Red pepper,ln_production,8,0.134757179198137,6,11,14,soybean;onion;sweet_potato;corn;garlic;spring_potato,0.134757179198137,0.164335093037809,-0.17584675470998,0.445361113106254,0.40765,0.159754650052365,20,0.412207771620401,,0.134757179198137,0.164335093037809,6,11,14,-2.77555756156289e-17
annual,Leave out Red pepper,ln_production,9,0.0650335765727624,6,10,11,soybean;onion;sweet_potato;corn;garlic;spring_potato,0.0650335765727616,0.211629278059053,-0.333418319738574,0.463485472884099,0.75776,0.205124710725081,17,0.758615397387897,,0.0650335765727616,0.211629278059052,6,10,11,8.46545056276682e-16
annual,Leave out Red pepper,ln_yield,-12,-0.0553495712434876,6,22,27,soybean;onion;sweet_potato;corn;garlic;spring_potato,-0.0553495712434887,0.0676770684031576,-0.182113336725659,0.0714141942386835,0.43232,0.0665134218960601,28,0.413443849039676,,-0.0553495712434887,0.0676770684031576,6,22,27,1.07552855510562e-15
annual,Leave out Red pepper,ln_yield,-11,0.017380782185534,6,22,27,soybean;onion;sweet_potato;corn;garlic;spring_potato,0.0173807821855332,0.0552163171626332,-0.0776383889103046,0.112399953281373,0.82973,0.0542139874161433,28,0.752931587704697,,0.0173807821855332,0.0552163171626323,6,22,27,8.46545056276682e-16
annual,Leave out Red pepper,ln_yield,-10,0.00748426041010517,6,22,27,soybean;onion;sweet_potato;corn;garlic;spring_potato,0.0074842604101042,0.0435187425688868,-0.0714386072216403,0.0864071280418507,0.88445,0.0427185145836776,28,0.863454931325163,,0.0074842604101042,0.0435187425688854,6,22,27,9.74047231760977e-16
annual,Leave out Red pepper,ln_yield,-9,-0.0139513285745985,6,22,27,soybean;onion;sweet_potato;corn;garlic;spring_potato,-0.0139513285745995,0.0489837807664444,-0.104016670280029,0.0761140131308315,0.80098,0.0481820619119136,28,0.775785675441489,,-0.0139513285745995,0.0489837807664434,6,22,27,9.47159017883337e-16
annual,Leave out Red pepper,ln_yield,-8,-0.0149421304910962,6,22,27,soybean;onion;sweet_potato;corn;garlic;spring_potato,-0.0149421304910973,0.0309208115041216,-0.0731067195973109,0.0432224586151186,0.64131,0.0304145873369222,28,0.628926311725289,,-0.0149421304910973,0.0309208115041245,6,22,27,1.14665221762067e-15
annual,Leave out Red pepper,ln_yield,-7,0.00654504355179266,6,22,27,soybean;onion;sweet_potato;corn;garlic;spring_potato,0.00654504355179169,0.0369003722940848,-0.060895447947376,0.0739855350509613,0.8625,0.0362866464552427,28,0.859217248343214,,0.00654504355179169,0.0369003722940835,6,22,27,9.64506252643105e-16
annual,Leave out Red pepper,ln_yield,-6,0.0031951897085639,5,22,27,soybean;onion;sweet_potato;corn;garlic,0.00319518970856443,0.0415499392382017,-0.0682701858537746,0.0746605652709024,0.94225,0.0408905718597489,28,0.938703109397482,,0.00319518970856443,0.0415499392382034,5,22,27,-5.2952434104192e-16
annual,Leave out Red pepper,ln_yield,-5,-0.00782944054885679,2,22,25,onion;garlic,-0.00782944054885646,0.0319619454078095,-0.065948871239341,0.0502899901416274,0.80603,0.0313312387847596,26,0.806486376050528,,-0.00782944054885646,0.0319619454078004,2,22,25,-3.3133218391157e-16
annual,Leave out Red pepper,ln_yield,0,0.0207737396682445,6,22,22,soybean;onion;sweet_potato;corn;garlic;spring_potato,0.0207737396682446,0.036725568581335,-0.0498032037798858,0.0913506831163747,0.57197,0.0361845245831463,28,0.571633178823891,,0.0207737396682446,0.0367255685813365,6,22,22,-1.38777878078145e-16
annual,Leave out Red pepper,ln_yield,1,0.0442284049374245,6,22,22,soybean;onion;sweet_potato;corn;garlic;spring_potato,0.0442284049374249,0.0573173578059127,-0.0604083195841753,0.148865129459024,0.47945,0.0563105764073633,28,0.44032727361494,,0.0442284049374249,0.0573173578059155,6,22,22,-4.02455846426619e-16
annual,Leave out Red pepper,ln_yield,2,0.0209760254759116,6,22,22,soybean;onion;sweet_potato;corn;garlic;spring_potato,0.0209760254759118,0.050496866566592,-0.0750720017434594,0.117024052695283,0.68564,0.0496285777199581,28,0.677854511643473,,0.0209760254759118,0.0504968665665924,6,22,22,-2.35922392732846e-16
annual,Leave out Red pepper,ln_yield,3,0.0238657391156077,6,22,22,soybean;onion;sweet_potato;corn;garlic;spring_potato,0.023865739115608,0.0528874380515918,-0.075726192728432,0.123457670959647,0.66421,0.0519296328307171,28,0.651805524837714,,0.023865739115608,0.052887438051593,6,22,22,-2.77555756156289e-16
annual,Leave out Red pepper,ln_yield,4,-0.0705066921212975,6,20,22,soybean;onion;sweet_potato;corn;garlic;spring_potato,-0.0705066921212981,0.0554281856934224,-0.174792497721489,0.033779113478894,0.20502,0.054331540406734,28,0.203360043373554,,-0.0705066921212981,0.0554281856934221,6,20,22,6.38378239159465e-16
annual,Leave out Red pepper,ln_yield,5,-0.042546899804123,6,20,20,soybean;onion;sweet_potato;corn;garlic;spring_potato,-0.0425468998041225,0.0638384217831738,-0.160305296616872,0.0752114970086264,0.53695,0.062529731716701,26,0.505105659781444,,-0.0425468998041225,0.0638384217831734,6,20,20,-5.20417042793042e-16
annual,Leave out Red pepper,ln_yield,6,-0.00950560811226896,6,15,20,soybean;onion;sweet_potato;corn;garlic;spring_potato,-0.00950560811226838,0.0548810118663953,-0.112836735564599,0.0938255193400611,0.86989,0.0539082506911793,26,0.862491117814291,,-0.00950560811226838,0.0548810118663963,6,15,20,-5.77662917500277e-16
annual,Leave out Red pepper,ln_yield,7,0.0456039524466046,6,14,15,soybean;onion;sweet_potato;corn;garlic;spring_potato,0.0456039524466053,0.0758036088413092,-0.0979814526152341,0.189189357508443,0.55055,0.0740959622728035,21,0.547436025220798,,0.0456039524466053,0.075803608841309,6,14,15,-6.17561557447743e-16
annual,Leave out Red pepper,ln_yield,8,0.0103156500156933,6,11,14,soybean;onion;sweet_potato;corn;garlic;spring_potato,0.0103156500156934,0.0779802585521997,-0.13751555488446,0.158146854915847,0.89531,0.0762252862851195,20,0.8947585517417,,0.0103156500156934,0.0779802585521988,6,11,14,-6.93889390390723e-18
annual,Leave out Red pepper,ln_yield,9,-0.0181314819084839,6,10,11,soybean;onion;sweet_potato;corn;garlic;spring_potato,-0.0181314819084844,0.11003140784224,-0.225891777560896,0.189628813743928,0.86986,0.107005031048319,17,0.869113523033369,,-0.0181314819084844,0.110031407842239,6,10,11,4.82253126321552e-16
annual,Leave out Soybean,ln_area,-12,-0.252963308244821,6,22,27,onion;sweet_potato;corn;garlic;spring_potato;red_pepper,-0.252963308244822,0.140283865056532,-0.511079018603763,0.0051524021141201,0.05701,0.137700895431227,28,0.071352957743302,,-0.252963308244822,0.14028386505653,6,22,27,5.55111512312578e-16
annual,Leave out Soybean,ln_area,-11,-0.135725752573458,6,22,27,onion;sweet_potato;corn;garlic;spring_potato;red_pepper,-0.135725752573459,0.0862870430365436,-0.291786884631297,0.0203353794843822,0.10376,0.0846632634357263,28,0.115728924931327,,-0.135725752573459,0.0862870430365434,6,22,27,9.99200722162641e-16
annual,Leave out Soybean,ln_area,-10,-0.157889293398787,6,22,27,onion;sweet_potato;corn;garlic;spring_potato;red_pepper,-0.157889293398788,0.0869017453036614,-0.318088999832574,0.00231041303499888,0.05442,0.0855235827833851,28,0.0692368108007824,,-0.157889293398788,0.0869017453036598,6,22,27,8.32667268468867e-16
annual,Leave out Soybean,ln_area,-9,-0.138860617042938,6,22,27,onion;sweet_potato;corn;garlic;spring_potato;red_pepper,-0.138860617042939,0.076486429323343,-0.279283982744094,0.00156274865821782,0.05384,0.0752826884385992,28,0.0694481004142172,,-0.138860617042939,0.0764864293233407,6,22,27,1.0547118733939e-15
annual,Leave out Soybean,ln_area,-8,0.00337054500786974,5,22,27,onion;sweet_potato;corn;garlic;spring_potato,0.00337054500786913,0.103000980645615,-0.184844814268977,0.191585904284717,0.97657,0.101210284555209,28,0.973895142338365,,0.00337054500786913,0.103000980645612,5,22,27,6.11923706150819e-16
annual,Leave out Soybean,ln_area,-7,-0.0616589802073245,5,22,27,onion;sweet_potato;corn;garlic;spring_potato,-0.0616589802073251,0.0781926510566003,-0.203729896716492,0.0804119363018426,0.47064,0.0766663418178184,28,0.430373828800251,,-0.0616589802073251,0.0781926510565981,5,22,27,5.82867087928207e-16
annual,Leave out Soybean,ln_area,-6,0.00571321268901203,4,22,25,onion;sweet_potato;corn;garlic,0.00571321268901219,0.0443788350047235,-0.0785125283724504,0.0899389537504745,0.89994,0.0434895830231531,26,0.897565496784682,,0.00571321268901219,0.0443788350047235,4,22,25,-1.56125112837913e-16
annual,Leave out Soybean,ln_area,-5,0.116459209164212,2,22,25,onion;garlic,0.116459209164212,0.0820809022111855,-0.0161250756649493,0.249043493993373,0.11981,0.0805316776912281,26,0.155947295645848,,0.116459209164212,0.0820809022111906,2,22,25,-2.22044604925031e-16
annual,Leave out Soybean,ln_area,0,0.117746555783037,6,22,22,onion;sweet_potato;corn;garlic;spring_potato;red_pepper,0.117746555783037,0.160065896692102,-0.187065789351108,0.422558900917182,0.46716,0.157339815688461,28,0.461966243837069,,0.117746555783037,0.160065896692102,6,22,22,-2.63677968348475e-16
annual,Leave out Soybean,ln_area,1,0.0192537264820397,6,22,22,onion;sweet_potato;corn;garlic;spring_potato;red_pepper,0.01925372648204,0.145241695020111,-0.259246124806133,0.297753577770213,0.89717,0.14318543125564,28,0.894538714483097,,0.01925372648204,0.145241695020112,6,22,22,-2.81025203108243e-16
annual,Leave out Soybean,ln_area,2,-0.0165275678628419,6,20,22,onion;sweet_potato;corn;garlic;spring_potato;red_pepper,-0.016527567862842,0.167144929993684,-0.334016899438316,0.300961763712632,0.92365,0.164794965028711,28,0.921232232041629,,-0.016527567862842,0.167144929993685,6,20,22,8.67361737988404e-17
annual,Leave out Soybean,ln_area,3,-0.022095709215988,6,20,22,onion;sweet_potato;corn;garlic;spring_potato;red_pepper,-0.022095709215988,0.160930604984995,-0.329847212700603,0.285655794268627,0.89288,0.158690999819862,28,0.890793979112388,,-0.022095709215988,0.160930604984996,6,20,22,5.55111512312578e-17
annual,Leave out Soybean,ln_area,4,0.0686092422659847,6,15,22,onion;sweet_potato;corn;garlic;spring_potato;red_pepper,0.0686092422659845,0.130090363865855,-0.180345400546891,0.317563885078861,0.60312,0.128223840367279,28,0.597918061765332,,0.0686092422659845,0.130090363865855,6,15,22,1.66533453693773e-16
annual,Leave out Soybean,ln_area,5,0.111317129573713,6,14,20,onion;sweet_potato;corn;garlic;spring_potato;red_pepper,0.111317129573713,0.1246630464359,-0.126779986485562,0.349414245632988,0.37521,0.122546206791237,26,0.371887118593866,,0.111317129573713,0.1246630464359,6,14,20,-4.02455846426619e-16
annual,Leave out Soybean,ln_area,6,0.238929185152872,6,11,20,onion;sweet_potato;corn;garlic;spring_potato;red_pepper,0.238929185152873,0.16650999789588,-0.0787406219571037,0.556598992262849,0.14969,0.163668687325257,26,0.151308767892286,,0.238929185152873,0.166509997895881,6,11,20,-8.32667268468867e-16
annual,Leave out Soybean,ln_area,7,0.202252930309681,6,10,15,onion;sweet_potato;corn;garlic;spring_potato;red_pepper,0.202252930309682,0.177536523652797,-0.133570419382537,0.5380762800019,0.25627,0.173837266940275,21,0.254611941666988,,0.202252930309682,0.1775365236528,6,10,15,-6.10622663543836e-16
annual,Leave out Soybean,ln_area,8,0.0533651604263075,6,10,14,onion;sweet_potato;corn;garlic;spring_potato;red_pepper,0.0533651604263076,0.17962147452244,-0.28622216873339,0.392952489586005,0.76897,0.175426665834926,20,0.766391777996316,,0.0533651604263076,0.179621474522444,6,10,14,-1.04083408558608e-16
annual,Leave out Soybean,ln_area,9,0.00922617326063808,6,8,11,onion;sweet_potato;corn;garlic;spring_potato;red_pepper,0.00922617326063783,0.195523937235367,-0.359521656192608,0.377974002713885,0.96322,0.190114386344831,17,0.962364248666459,,0.00922617326063783,0.195523937235371,6,8,11,2.48065457064683e-16
annual,Leave out Soybean,ln_production,-12,-0.325230025161123,6,22,27,onion;sweet_potato;corn;garlic;spring_potato;red_pepper,-0.325230025161125,0.148059340738818,-0.602735471425032,-0.0477245788972152,0.01722,0.145802774579143,28,0.0280476371373334,,-0.325230025161125,0.148059340738819,6,22,27,1.55431223447522e-15
annual,Leave out Soybean,ln_production,-11,-0.149815563213789,6,22,27,onion;sweet_potato;corn;garlic;spring_potato;red_pepper,-0.149815563213791,0.0763255385730898,-0.293088465118882,-0.00654266130869727,0.03904,0.0751007392656482,28,0.0496636367405842,,-0.149815563213791,0.0763255385730914,6,22,27,1.63757896132211e-15
annual,Leave out Soybean,ln_production,-10,-0.166353979579746,6,22,27,onion;sweet_potato;corn;garlic;spring_potato;red_pepper,-0.166353979579747,0.0768524058731231,-0.312529723143749,-0.0201782360157427,0.02251,0.0757436926273113,28,0.0304190672261064,,-0.166353979579747,0.0768524058731261,6,22,27,1.16573417585641e-15
annual,Leave out Soybean,ln_production,-9,-0.188138904588032,6,22,27,onion;sweet_potato;corn;garlic;spring_potato;red_pepper,-0.188138904588034,0.0901743936305725,-0.359238910580172,-0.0170388985958922,0.02637,0.0888270653075078,28,0.0369433588004833,,-0.188138904588034,0.0901743936305729,6,22,27,1.52655665885959e-15
annual,Leave out Soybean,ln_production,-8,-0.0338301817662053,5,22,27,onion;sweet_potato;corn;garlic;spring_potato,-0.033830181766206,0.106752391026323,-0.230514053484789,0.162853689952379,0.77204,0.104955796678728,28,0.75131700093809,,-0.033830181766206,0.106752391026322,5,22,27,6.45317133063372e-16
annual,Leave out Soybean,ln_production,-7,-0.0841807615200588,5,22,27,onion;sweet_potato;corn;garlic;spring_potato,-0.0841807615200593,0.0825882887713779,-0.235538656704347,0.0671771336642297,0.33528,0.0813286005917966,28,0.308069076093129,,-0.0841807615200593,0.0825882887713779,5,22,27,4.57966997657877e-16
annual,Leave out Soybean,ln_production,-6,-0.0342324997176495,4,22,25,onion;sweet_potato;corn;garlic,-0.0342324997176501,0.0614984625150519,-0.150424611995987,0.0819596125606878,0.58216,0.0601053414234058,26,0.577773468107016,,-0.0342324997176501,0.0614984625150521,4,22,25,6.10622663543836e-16
annual,Leave out Soybean,ln_production,-5,0.108284506074552,2,22,25,onion;garlic,0.108284506074553,0.0957290050525665,-0.0398518570653341,0.256420869214438,0.28702,0.094050528312452,26,0.25798914028016,,0.108284506074553,0.0957290050525682,2,22,25,-4.9960036108132e-16
annual,Leave out Soybean,ln_production,0,0.124156099733223,6,22,22,onion;sweet_potato;corn;garlic;spring_potato;red_pepper,0.124156099733223,0.158040167828331,-0.176298692602657,0.424610892069103,0.44113,0.155513327132313,28,0.432102814178887,,0.124156099733223,0.158040167828331,6,22,22,2.77555756156289e-17
annual,Leave out Soybean,ln_production,1,0.00529813702885933,6,22,22,onion;sweet_potato;corn;garlic;spring_potato;red_pepper,0.00529813702885956,0.150725776027717,-0.281205777529576,0.291802051587295,0.97285,0.148182124916322,28,0.971959465196287,,0.00529813702885956,0.150725776027717,6,22,22,-2.28983498828939e-16
annual,Leave out Soybean,ln_production,2,-0.0975480901287784,6,20,22,onion;sweet_potato;corn;garlic;spring_potato;red_pepper,-0.0975480901287786,0.207693526842498,-0.486521964446445,0.291425784188888,0.64978,0.204060306291703,28,0.638588494716975,,-0.0975480901287786,0.207693526842499,6,20,22,2.4980018054066e-16
annual,Leave out Soybean,ln_production,3,-0.0625507540887221,6,20,22,onion;sweet_potato;corn;garlic;spring_potato;red_pepper,-0.0625507540887227,0.175403666695411,-0.396003322892478,0.270901814715034,0.72634,0.172492121869219,28,0.721383566026112,,-0.0625507540887227,0.175403666695411,6,20,22,6.24500451351651e-16
annual,Leave out Soybean,ln_production,4,-0.0485885641143773,6,15,22,onion;sweet_potato;corn;garlic;spring_potato;red_pepper,-0.048588564114378,0.155752136556612,-0.344012631144678,0.246835502915923,0.76021,0.152775305314662,28,0.755070300124485,,-0.048588564114378,0.155752136556609,6,15,22,6.80011602582908e-16
annual,Leave out Soybean,ln_production,5,-0.0329775746230378,6,14,20,onion;sweet_potato;corn;garlic;spring_potato;red_pepper,-0.0329775746230375,0.162817712870799,-0.336978233680586,0.27102308443451,0.84779,0.159603630538645,26,0.839492310109034,,-0.0329775746230375,0.162817712870797,6,14,20,-3.12250225675825e-16
annual,Leave out Soybean,ln_production,6,0.179465531255372,6,11,20,onion;sweet_potato;corn;garlic;spring_potato;red_pepper,0.179465531255372,0.171518494087177,-0.146253507525153,0.505184570035898,0.29829,0.168130302338251,26,0.295407124047019,,0.179465531255372,0.171518494087177,6,11,20,3.88578058618805e-16
annual,Leave out Soybean,ln_production,7,0.167279007299014,6,10,15,onion;sweet_potato;corn;garlic;spring_potato;red_pepper,0.167279007299015,0.225469138547144,-0.250924945938866,0.585482960536894,0.47356,0.219600584680943,21,0.458138645207522,,0.167279007299015,0.225469138547144,6,10,15,-5.82867087928207e-16
annual,Leave out Soybean,ln_production,8,0.0127092011628154,6,10,14,onion;sweet_potato;corn;garlic;spring_potato;red_pepper,0.0127092011628149,0.2227838399405,-0.405525557886134,0.430943960211765,0.95456,0.217006075110417,20,0.954507571539126,,0.0127092011628149,0.222783839940499,6,10,14,5.49907341884648e-16
annual,Leave out Soybean,ln_production,9,-0.0806166581115447,6,8,11,onion;sweet_potato;corn;garlic;spring_potato;red_pepper,-0.0806166581115451,0.251127674277943,-0.552931111607496,0.391697795384406,0.74722,0.243346675474003,17,0.748196284383097,,-0.0806166581115451,0.251127674277943,6,8,11,4.16333634234434e-16
annual,Leave out Soybean,ln_yield,-12,-0.0730723531867237,6,22,27,onion;sweet_potato;corn;garlic;spring_potato;red_pepper,-0.0730723531867246,0.0710981186585104,-0.206690360926372,0.0605456545529248,0.31554,0.0698673107682363,28,0.304059091574426,,-0.0730723531867246,0.0710981186585111,6,22,27,9.85322934354826e-16
annual,Leave out Soybean,ln_yield,-11,-0.0145048122451941,6,22,27,onion;sweet_potato;corn;garlic;spring_potato;red_pepper,-0.0145048122451949,0.0585194909907837,-0.119004406415537,0.0899947819251483,0.83914,0.0574054783038659,28,0.804240465960918,,-0.0145048122451949,0.0585194909907825,6,22,27,7.8756445809347e-16
annual,Leave out Soybean,ln_yield,-10,-0.00821665666004018,6,22,27,onion;sweet_potato;corn;garlic;spring_potato;red_pepper,-0.00821665666004087,0.0461829473753987,-0.0921342865136151,0.0757009731935348,0.8789,0.0453412857846862,28,0.85878943157578,,-0.00821665666004087,0.0461829473753979,6,22,27,6.956241138667e-16
annual,Leave out Soybean,ln_yield,-9,-0.0492556636002049,6,22,27,onion;sweet_potato;corn;garlic;spring_potato;red_pepper,-0.0492556636002057,0.0635143333081568,-0.167456170342059,0.068944843141649,0.45826,0.0624172148197755,28,0.438041493004509,,-0.0492556636002057,0.0635143333081559,6,22,27,8.39606162372775e-16
annual,Leave out Soybean,ln_yield,-8,-0.0374233009736011,5,22,27,onion;sweet_potato;corn;garlic;spring_potato,-0.0374233009736011,0.0300974020911133,-0.0924660631670015,0.0176194612197993,0.22446,0.029582888318847,28,0.213718130335219,,-0.0374233009736011,0.0300974020911151,5,22,27,2.08166817117217e-17
annual,Leave out Soybean,ln_yield,-7,-0.022324842467174,5,22,27,onion;sweet_potato;corn;garlic;spring_potato,-0.022324842467174,0.0311291511637321,-0.0796975734373493,0.0350478885030013,0.50401,0.0305423562394138,28,0.473270216028485,,-0.022324842467174,0.0311291511637329,5,22,27,-4.85722573273506e-17
annual,Leave out Soybean,ln_yield,-6,-0.0394071109114628,4,22,25,onion;sweet_potato;corn;garlic,-0.0394071109114629,0.0300144934439693,-0.0920042291004147,0.0131900072774891,0.20114,0.0293751957357761,26,0.189204492985621,,-0.0394071109114629,0.0300144934439736,4,22,25,9.71445146547012e-17
annual,Leave out Soybean,ln_yield,-5,-0.00782944054885679,2,22,25,onion;garlic,-0.00782944054885646,0.0298890974622899,-0.0622692955538148,0.0466104144561013,0.80987,0.0293658037464677,26,0.793360210713902,,-0.00782944054885646,0.0298890974622818,2,22,25,-3.3133218391157e-16
annual,Leave out Soybean,ln_yield,0,0.00684963735292962,6,22,22,onion;sweet_potato;corn;garlic;spring_potato;red_pepper,0.00684963735292968,0.0362680220325059,-0.0626723341969253,0.0763716089027845,0.85148,0.0356956028250291,28,0.850201275893823,,0.00684963735292968,0.0362680220325071,6,22,22,-6.24500451351651e-17
annual,Leave out Soybean,ln_yield,1,-0.0135203353782505,6,22,22,onion;sweet_potato;corn;garlic;spring_potato;red_pepper,-0.0135203353782502,0.0311312657311886,-0.0731253278981506,0.0460846571416496,0.66278,0.0305835092642414,28,0.664069981795761,,-0.0135203353782502,0.0311312657311884,6,22,22,-2.91433543964104e-16
annual,Leave out Soybean,ln_yield,2,-0.0802213642202799,6,20,22,onion;sweet_potato;corn;garlic;spring_potato;red_pepper,-0.0802213642202801,0.0671114034794545,-0.200318137770214,0.0398754093296538,0.24706,0.0658132522327989,28,0.231951778201536,,-0.0802213642202801,0.0671114034794523,6,20,22,1.80411241501588e-16
annual,Leave out Soybean,ln_yield,3,-0.0403717682231018,6,20,22,onion;sweet_potato;corn;garlic;spring_potato;red_pepper,-0.0403717682231019,0.0400009214749956,-0.116907163379265,0.0361636269330615,0.31167,0.0392446750687607,28,0.312844705637665,,-0.0403717682231019,0.0400009214749959,6,20,22,9.71445146547012e-17
annual,Leave out Soybean,ln_yield,4,-0.116684766269398,6,15,22,onion;sweet_potato;corn;garlic;spring_potato;red_pepper,-0.116684766269398,0.0495366033271615,-0.21041060033555,-0.0229589322032448,0.01186,0.0486267507062421,28,0.0184964933625068,,-0.116684766269398,0.0495366033271591,6,15,22,4.16333634234434e-16
annual,Leave out Soybean,ln_yield,5,-0.143872162452483,6,14,20,onion;sweet_potato;corn;garlic;spring_potato;red_pepper,-0.143872162452483,0.063016073461165,-0.261700344725768,-0.0260439801791986,0.01163,0.061791612123399,26,0.0224243242479889,,-0.143872162452483,0.0630160734611618,6,14,20,-3.05311331771918e-16
annual,Leave out Soybean,ln_yield,6,-0.0597332160192269,6,11,20,onion;sweet_potato;corn;garlic;spring_potato;red_pepper,-0.0597332160192263,0.0456238253576601,-0.146650512755152,0.0271840807166985,0.18564,0.0446692232635038,26,0.190448027710616,,-0.0597332160192263,0.0456238253576596,6,11,20,-6.24500451351651e-16
annual,Leave out Soybean,ln_yield,7,-0.0349196757872664,6,10,15,onion;sweet_potato;corn;garlic;spring_potato;red_pepper,-0.0349196757872661,0.0932281049455824,-0.210801192426909,0.140961840852376,0.70938,0.090610766152373,21,0.707986475084679,,-0.0349196757872661,0.0932281049455808,6,10,15,-3.67761376907083e-16
annual,Leave out Soybean,ln_yield,8,-0.0406592606436095,6,10,14,onion;sweet_potato;corn;garlic;spring_potato;red_pepper,-0.0406592606436098,0.0924991994807111,-0.215026163935758,0.133707642648539,0.66158,0.0898802196023085,20,0.660253369351721,,-0.0406592606436098,0.0924991994807091,6,10,14,3.2612801348364e-16
annual,Leave out Soybean,ln_yield,9,-0.0898873357900005,6,8,11,onion;sweet_potato;corn;garlic;spring_potato;red_pepper,-0.0898873357900007,0.101243161138131,-0.280534210035834,0.100759538455833,0.37378,0.0983258663935159,17,0.374628908197791,,-0.0898873357900007,0.101243161138129,6,8,11,1.66533453693773e-16
annual,Leave out Spring potato,ln_area,-12,-0.255912074741446,6,22,27,soybean;onion;sweet_potato;corn;garlic;red_pepper,-0.255912074741447,0.140822027736267,-0.514280434883646,0.00245628540075343,0.05303,0.138383023681082,28,0.0691753156109449,,-0.255912074741447,0.140822027736264,6,22,27,7.21644966006352e-16
annual,Leave out Spring potato,ln_area,-11,-0.164300521857702,6,22,27,soybean;onion;sweet_potato;corn;garlic;red_pepper,-0.164300521857703,0.0921393827525675,-0.335191940291409,0.00659089657600484,0.06221,0.0902482165767541,28,0.0745580361439931,,-0.164300521857703,0.0921393827525666,6,22,27,1.0547118733939e-15
annual,Leave out Spring potato,ln_area,-10,-0.149985127363611,6,22,27,soybean;onion;sweet_potato;corn;garlic;red_pepper,-0.149985127363612,0.0850768699052961,-0.304512763778005,0.00454250905078196,0.05996,0.0832881142799237,28,0.0779111840526207,,-0.149985127363612,0.0850768699052934,6,22,27,9.99200722162641e-16
annual,Leave out Spring potato,ln_area,-9,-0.15451566299328,6,22,27,soybean;onion;sweet_potato;corn;garlic;red_pepper,-0.154515662993281,0.0754026304837265,-0.293011158565459,-0.0160201674211,0.0229,0.0738937955764854,28,0.0404417938959317,,-0.154515662993281,0.0754026304837229,6,22,27,1.11022302462516e-15
annual,Leave out Spring potato,ln_area,-8,-0.0760422920217464,5,22,27,soybean;onion;sweet_potato;corn;garlic,-0.0760422920217463,0.0685445095620488,-0.204212320567896,0.0521277365244036,0.27895,0.0674068235022453,28,0.267263870785623,,-0.0760422920217463,0.0685445095620444,5,22,27,-8.32667268468867e-17
annual,Leave out Spring potato,ln_area,-7,-0.0283992411836524,5,22,27,soybean;onion;sweet_potato;corn;garlic,-0.0283992411836526,0.0931298091570803,-0.201576152786225,0.14477767041892,0.76981,0.0918291065452171,28,0.760409910400671,,-0.0283992411836526,0.0931298091570771,5,22,27,2.22044604925031e-16
annual,Leave out Spring potato,ln_area,-6,0.0334940775714323,5,22,27,soybean;onion;sweet_potato;corn;garlic,0.0334940775714329,0.0451600535523419,-0.0520496044648405,0.119037759607705,0.47569,0.0445147699591466,28,0.458284339399359,,0.0334940775714329,0.0451600535523421,5,22,27,-5.759281940243e-16
annual,Leave out Spring potato,ln_area,-5,0.116459209164212,2,22,25,onion;garlic,0.116459209164212,0.0824362915088211,-0.0170620113748905,0.249980429703315,0.123,0.0808199297755752,26,0.1577387414626,,0.116459209164212,0.0824362915088273,2,22,25,-2.22044604925031e-16
annual,Leave out Spring potato,ln_area,0,0.0592556903607171,6,22,22,soybean;onion;sweet_potato;corn;garlic;red_pepper,0.0592556903607173,0.144554974889331,-0.215866945607425,0.334378326328859,0.68731,0.141907908336123,28,0.681866079616744,,0.0592556903607173,0.144554974889333,6,22,22,-2.0122792321331e-16
annual,Leave out Spring potato,ln_area,1,-0.00793254324298923,6,22,22,soybean;onion;sweet_potato;corn;garlic;red_pepper,-0.00793254324298905,0.138563309174397,-0.272153729589166,0.256288643103188,0.95589,0.135989611500365,28,0.954347234653548,,-0.00793254324298905,0.1385633091744,6,22,22,-1.82145964977565e-16
annual,Leave out Spring potato,ln_area,2,-0.0382270140547896,6,20,22,soybean;onion;sweet_potato;corn;garlic;red_pepper,-0.0382270140547898,0.163029622458131,-0.344756507071033,0.268302478961454,0.82005,0.159922560378508,28,0.814613176233987,,-0.0382270140547898,0.163029622458134,6,20,22,2.28983498828939e-16
annual,Leave out Spring potato,ln_area,3,-0.0982008130475478,6,20,22,soybean;onion;sweet_potato;corn;garlic;red_pepper,-0.0982008130475479,0.15394957557236,-0.392157762052368,0.195756135957272,0.52623,0.151059980336637,28,0.523554090668571,,-0.0982008130475479,0.153949575572362,6,20,22,1.11022302462516e-16
annual,Leave out Spring potato,ln_area,4,-0.0380221888356971,6,15,22,soybean;onion;sweet_potato;corn;garlic;red_pepper,-0.0380221888356974,0.143725369149046,-0.31207330969492,0.236028932023526,0.79367,0.141025641583669,28,0.791358059002493,,-0.0380221888356974,0.143725369149048,6,15,22,3.53883589099269e-16
annual,Leave out Spring potato,ln_area,5,-0.0076389038077397,6,14,20,soybean;onion;sweet_potato;corn;garlic;red_pepper,-0.0076389038077399,0.139648642390826,-0.272877176322895,0.257599368707415,0.95729,0.136880744689011,26,0.956376767259207,,-0.0076389038077399,0.139648642390829,6,14,20,1.96891114523368e-16
annual,Leave out Spring potato,ln_area,6,0.0999080549928073,6,11,20,soybean;onion;sweet_potato;corn;garlic;red_pepper,0.0999080549928079,0.171107992876141,-0.223989806749027,0.423805916734642,0.57034,0.16776315937967,26,0.559295072441989,,0.0999080549928079,0.171107992876145,6,11,20,-6.80011602582908e-16
annual,Leave out Spring potato,ln_area,7,0.113085430230723,6,10,15,soybean;onion;sweet_potato;corn;garlic;red_pepper,0.113085430230724,0.172091893952653,-0.213295067812591,0.439465928274037,0.51431,0.167844763421776,21,0.511102247270753,,0.113085430230724,0.172091893952656,6,10,15,-5.96744875736022e-16
annual,Leave out Spring potato,ln_area,8,-0.00615434024124358,6,10,14,soybean;onion;sweet_potato;corn;garlic;red_pepper,-0.00615434024124334,0.171940683201167,-0.331986020136581,0.319677339654094,0.97188,0.167603515413288,20,0.971447102267111,,-0.00615434024124334,0.171940683201168,6,10,14,-2.40259201422788e-16
annual,Leave out Spring potato,ln_area,9,-0.0441586107209317,6,8,11,soybean;onion;sweet_potato;corn;garlic;red_pepper,-0.0441586107209324,0.19390645686237,-0.410605440873595,0.322288219431732,0.821,0.188285923374074,17,0.819854972554985,,-0.0441586107209324,0.193906456862373,6,8,11,7.07767178198537e-16
annual,Leave out Spring potato,ln_production,-12,-0.304733647594571,6,22,27,soybean;onion;sweet_potato;corn;garlic;red_pepper,-0.304733647594573,0.14447538085792,-0.574627652421102,-0.0348396427680407,0.02212,0.142001451184339,28,0.0349236348241671,,-0.304733647594573,0.144475380857919,6,22,27,1.77635683940025e-15
annual,Leave out Spring potato,ln_production,-11,-0.165479725096279,6,22,27,soybean;onion;sweet_potato;corn;garlic;red_pepper,-0.16547972509628,0.0794899015273461,-0.316148800364165,-0.0148106498283922,0.02889,0.0780537555569733,28,0.037363445527585,,-0.16547972509628,0.0794899015273456,6,22,27,1.74860126378462e-15
annual,Leave out Spring potato,ln_production,-10,-0.15040082668578,6,22,27,soybean;onion;sweet_potato;corn;garlic;red_pepper,-0.150400826685781,0.069733514637896,-0.282607294538264,-0.0181943588332954,0.0231,0.0685692031359671,28,0.0310217180362025,,-0.150400826685781,0.0697335146378961,6,22,27,1.36002320516582e-15
annual,Leave out Spring potato,ln_production,-9,-0.200473743166942,6,22,27,soybean;onion;sweet_potato;corn;garlic;red_pepper,-0.200473743166944,0.0910309820860025,-0.372916027691828,-0.0280314586420551,0.0177,0.0891921874079686,28,0.0276470623070708,,-0.200473743166944,0.091030982086002,6,22,27,2.05391259555654e-15
annual,Leave out Spring potato,ln_production,-8,-0.092401548163708,5,22,27,soybean;onion;sweet_potato;corn;garlic,-0.0924015481637081,0.0745514676769257,-0.233595624941653,0.0487925286142368,0.21968,0.0734063585693414,28,0.215185192086168,,-0.0924015481637081,0.0745514676769241,5,22,27,1.52655665885959e-16
annual,Leave out Spring potato,ln_production,-7,-0.0235461331249056,5,22,27,soybean;onion;sweet_potato;corn;garlic,-0.0235461331249052,0.117576419070147,-0.233730567419483,0.186638301169672,0.84179,0.115662556831312,28,0.84127538553786,,-0.0235461331249052,0.117576419070146,5,22,27,-3.88578058618805e-16
annual,Leave out Spring potato,ln_production,-6,0.0389569588668917,5,22,27,soybean;onion;sweet_potato;corn;garlic,0.0389569588668926,0.0804727049533345,-0.103691796021226,0.18160571375501,0.69711,0.0790253118652961,28,0.628313821900318,,0.0389569588668926,0.0804727049533346,5,22,27,-9.5062846483529e-16
annual,Leave out Spring potato,ln_production,-5,0.108284506074552,2,22,25,onion;garlic,0.108284506074553,0.0987574617993016,-0.0431318907810715,0.259700902930176,0.31541,0.096847971401966,26,0.272873535063407,,0.108284506074553,0.0987574617993065,2,22,25,-4.9960036108132e-16
annual,Leave out Spring potato,ln_production,0,0.0780642372865559,6,22,22,soybean;onion;sweet_potato;corn;garlic;red_pepper,0.0780642372865555,0.144481069894621,-0.196026179191671,0.352154653764783,0.5969,0.142027569439814,28,0.588984836092535,,0.0780642372865555,0.14448106989462,6,22,22,3.60822483003176e-16
annual,Leave out Spring potato,ln_production,1,0.0339244341248687,6,22,22,soybean;onion;sweet_potato;corn;garlic;red_pepper,0.0339244341248688,0.158468446041134,-0.266806256541962,0.3346551247917,0.83425,0.155931230759112,28,0.830487087140179,,0.0339244341248688,0.158468446041135,6,22,22,-1.59594559789866e-16
annual,Leave out Spring potato,ln_production,2,-0.0738510890025117,6,20,22,soybean;onion;sweet_potato;corn;garlic;red_pepper,-0.073851089002512,0.212009167018981,-0.471296332556375,0.323594154551352,0.73993,0.208745001832619,28,0.727585509551708,,-0.073851089002512,0.212009167018982,6,20,22,3.88578058618805e-16
annual,Leave out Spring potato,ln_production,3,-0.0930550410857284,6,20,22,soybean;onion;sweet_potato;corn;garlic;red_pepper,-0.0930550410857293,0.166743613837798,-0.410778953897602,0.224668871726145,0.58356,0.163997543011839,28,0.576794814117429,,-0.0930550410857293,0.166743613837797,6,20,22,9.43689570931383e-16
annual,Leave out Spring potato,ln_production,4,-0.095726003514542,6,15,22,soybean;onion;sweet_potato;corn;garlic;red_pepper,-0.0957260035145428,0.163586532512287,-0.40656578351579,0.215113776486706,0.56495,0.16065063540564,28,0.558433117589429,,-0.0957260035145428,0.163586532512288,6,15,22,8.04911692853239e-16
annual,Leave out Spring potato,ln_production,5,-0.0938013876774213,6,14,20,soybean;onion;sweet_potato;corn;garlic;red_pepper,-0.0938013876774214,0.160627894196489,-0.39708419456362,0.209481419208778,0.57061,0.157544400988412,26,0.559242521975325,,-0.0938013876774214,0.160627894196492,6,14,20,1.80411241501588e-16
annual,Leave out Spring potato,ln_production,6,0.0917256928869687,6,11,20,soybean;onion;sweet_potato;corn;garlic;red_pepper,0.0917256928869683,0.167001989712929,-0.225245596069901,0.408696981843839,0.58906,0.163692365670948,26,0.582834511584836,,0.0917256928869683,0.167001989712931,6,11,20,4.44089209850063e-16
annual,Leave out Spring potato,ln_production,7,0.132349505487806,6,10,15,soybean;onion;sweet_potato;corn;garlic;red_pepper,0.132349505487806,0.222605694885972,-0.282291026192438,0.546990037168051,0.56791,0.217401454666536,21,0.55214644447867,,0.132349505487806,0.222605694885973,6,10,15,8.32667268468867e-17
annual,Leave out Spring potato,ln_production,8,-0.0246146316446105,6,10,14,soybean;onion;sweet_potato;corn;garlic;red_pepper,-0.0246146316446106,0.218542904523799,-0.43555479594288,0.386325532653659,0.91171,0.213140774403735,20,0.910323376289445,,-0.0246146316446106,0.218542904523799,6,10,14,1.07552855510562e-16
annual,Leave out Spring potato,ln_production,9,-0.0454520371231538,6,8,11,soybean;onion;sweet_potato;corn;garlic;red_pepper,-0.0454520371231554,0.246971925820891,-0.511032864037036,0.420128789790728,0.85318,0.23987280850937,17,0.853984222963501,,-0.0454520371231554,0.246971925820893,6,8,11,1.60982338570648e-15
annual,Leave out Spring potato,ln_yield,-12,-0.0499861500587904,6,22,27,soybean;onion;sweet_potato;corn;garlic;red_pepper,-0.0499861500587913,0.0660908070265339,-0.173237276630803,0.0732649765132226,0.4711,0.0648968431785485,28,0.449454177338403,,-0.0499861500587913,0.0660908070265353,6,22,27,9.57567358739198e-16
annual,Leave out Spring potato,ln_yield,-11,-0.0023518545389145,6,22,27,soybean;onion;sweet_potato;corn;garlic;red_pepper,-0.00235185453891533,0.0595007119644868,-0.108409005256959,0.10370529617913,0.97533,0.0584289226505293,28,0.968470630800758,,-0.00235185453891533,0.0595007119644867,6,22,27,8.2572837456496e-16
annual,Leave out Spring potato,ln_yield,-10,-0.000827697471434958,6,22,27,soybean;onion;sweet_potato;corn;garlic;red_pepper,-0.000827697471435865,0.0451834593141547,-0.0823079681197581,0.0806525731768882,0.98758,0.0443449305737806,28,0.985384693651349,,-0.000827697471435865,0.0451834593141544,6,22,27,9.06718276849627e-16
annual,Leave out Spring potato,ln_yield,-9,-0.0456225638242413,6,22,27,soybean;onion;sweet_potato;corn;garlic;red_pepper,-0.0456225638242422,0.0640509797107164,-0.164728275696198,0.0734831480477158,0.49435,0.0629103041242354,28,0.476288197215735,,-0.0456225638242422,0.0640509797107167,6,22,27,9.08995101411847e-16
annual,Leave out Spring potato,ln_yield,-8,-0.0161551691065993,5,22,27,soybean;onion;sweet_potato;corn;garlic,-0.0161551691065992,0.0368667940053318,-0.0851884109210987,0.0528780727079001,0.66887,0.0363070348669179,28,0.661238556556594,,-0.0161551691065992,0.0368667940053343,5,22,27,-6.93889390390723e-17
annual,Leave out Spring potato,ln_yield,-7,0.00477121124116052,5,22,27,soybean;onion;sweet_potato;corn;garlic,0.00477121124116051,0.045098446241156,-0.0773759082783245,0.0869183307606456,0.92108,0.0443150481551006,28,0.915744632358893,,0.00477121124116051,0.0450984462411567,5,22,27,9.54097911787244e-18
annual,Leave out Spring potato,ln_yield,-6,0.00524969306532586,5,22,27,soybean;onion;sweet_potato;corn;garlic,0.0052496930653264,0.0426069234655811,-0.0672502620617456,0.0777496481923973,0.92355,0.0418062194917881,28,0.90193905959158,,0.0052496930653264,0.0426069234655819,5,22,27,-5.35162192338845e-16
annual,Leave out Spring potato,ln_yield,-5,-0.00782944054885679,2,22,25,onion;garlic,-0.00782944054885646,0.0315140131697798,-0.0653854598441217,0.0497265787464081,0.8071,0.0309309226345641,26,0.803791554729118,,-0.00782944054885646,0.0315140131697816,2,22,25,-3.3133218391157e-16
annual,Leave out Spring potato,ln_yield,0,0.0194203883047907,6,22,22,soybean;onion;sweet_potato;corn;garlic;red_pepper,0.0194203883047907,0.0370973164684347,-0.0516850479777238,0.0905258245873052,0.59972,0.0364596066992371,28,0.600627417488264,,0.0194203883047907,0.037097316468435,6,22,22,-6.93889390390723e-18
annual,Leave out Spring potato,ln_yield,1,0.0424953382757899,6,22,22,soybean;onion;sweet_potato;corn;garlic;red_pepper,0.0424953382757901,0.0574117595288844,-0.0617007298148349,0.146691406366415,0.50353,0.0564420912320125,28,0.459187588950265,,0.0424953382757901,0.0574117595288856,6,22,22,-2.98372437868011e-16
annual,Leave out Spring potato,ln_yield,2,-0.0347235370068692,6,20,22,soybean;onion;sweet_potato;corn;garlic;red_pepper,-0.0347235370068695,0.0799839382522388,-0.177874579015474,0.108427505001736,0.68872,0.0786156110135964,28,0.664193043786137,,-0.0347235370068695,0.0799839382522374,6,20,22,2.4980018054066e-16
annual,Leave out Spring potato,ln_yield,3,0.00544497862001513,6,20,22,soybean;onion;sweet_potato;corn;garlic;red_pepper,0.00544497862001492,0.0578489149451223,-0.102812345191151,0.113702302431181,0.92894,0.0567684960269046,28,0.925010554845314,,0.00544497862001492,0.0578489149451216,6,20,22,2.1163626406917e-16
annual,Leave out Spring potato,ln_yield,4,-0.0574813507177415,6,15,22,soybean;onion;sweet_potato;corn;garlic;red_pepper,-0.0574813507177419,0.0467140760649233,-0.146469108152122,0.0315064067166387,0.21606,0.0457891718043906,28,0.218512489671286,,-0.0574813507177419,0.0467140760649228,6,15,22,3.81639164714898e-16
annual,Leave out Spring potato,ln_yield,5,-0.0859677894215228,6,14,20,soybean;onion;sweet_potato;corn;garlic;red_pepper,-0.0859677894215229,0.0844088394148647,-0.241805459843245,0.0698698810001996,0.33411,0.0828045801461955,26,0.308455108003542,,-0.0859677894215229,0.0844088394148658,6,14,20,5.55111512312578e-17
annual,Leave out Spring potato,ln_yield,6,-0.00808018639894581,6,11,20,soybean;onion;sweet_potato;corn;garlic;red_pepper,-0.00808018639894533,0.0557557568219339,-0.113021926517278,0.0968615537193867,0.88651,0.0546314653236423,26,0.88477315573768,,-0.00808018639894533,0.0557557568219345,6,11,20,-4.82253126321552e-16
annual,Leave out Spring potato,ln_yield,7,0.0190749810863506,6,10,15,soybean;onion;sweet_potato;corn;garlic;red_pepper,0.0190749810863508,0.0917088583027225,-0.15202212520734,0.190172087380041,0.84122,0.0894247666435643,21,0.835232896065212,,0.0190749810863508,0.0917088583027216,6,10,15,-1.49186218934005e-16
annual,Leave out Spring potato,ln_yield,8,-0.0187127495842942,6,10,14,soybean;onion;sweet_potato;corn;garlic;red_pepper,-0.0187127495842941,0.0919706793570481,-0.192132865640579,0.154707366471991,0.84057,0.0894279924548507,20,0.838772149170077,,-0.0187127495842941,0.0919706793570464,6,10,14,-1.56125112837913e-16
annual,Leave out Spring potato,ln_yield,9,-0.0019884537787499,6,8,11,soybean;onion;sweet_potato;corn;garlic;red_pepper,-0.00198845377875059,0.104441324500582,-0.19880860007832,0.19483169252082,0.98458,0.101216282423033,17,0.984810028663716,,-0.00198845377875059,0.104441324500582,6,8,11,6.82180006927879e-16
annual,Leave out Sweet potato,ln_area,-12,-0.17574999875317,6,22,27,soybean;onion;corn;garlic;spring_potato;red_pepper,-0.17574999875317,0.106735359670896,-0.371469077888518,0.0199690803821775,0.08877,0.10492313015049,28,0.0996411469815543,,-0.17574999875317,0.106735359670895,6,22,27,-5.55111512312578e-17
annual,Leave out Sweet potato,ln_area,-11,-0.108706951260668,6,22,27,soybean;onion;corn;garlic;spring_potato;red_pepper,-0.108706951260668,0.0691931033034227,-0.239716891640882,0.0223029891195467,0.11365,0.0679809875951926,28,0.116167254572191,,-0.108706951260668,0.0691931033034229,6,22,27,3.88578058618805e-16
annual,Leave out Sweet potato,ln_area,-10,-0.118512093287756,6,22,27,soybean;onion;corn;garlic;spring_potato;red_pepper,-0.118512093287756,0.0676635972466763,-0.247271283730382,0.0102470971548705,0.07352,0.0665127653939303,28,0.0798615948576586,,-0.118512093287756,0.067663597246677,6,22,27,2.35922392732846e-16
annual,Leave out Sweet potato,ln_area,-9,-0.115796965489183,6,22,27,soybean;onion;corn;garlic;spring_potato;red_pepper,-0.115796965489183,0.0683864827567833,-0.237556507849942,0.00596257687157642,0.06656,0.0669282532495946,28,0.0904035687391932,,-0.115796965489183,0.0683864827567829,6,22,27,3.33066907387547e-16
annual,Leave out Sweet potato,ln_area,-8,0.0241771280511749,5,22,27,soybean;onion;corn;garlic;spring_potato,0.024177128051174,0.0979937838703992,-0.152526424995446,0.200880681097796,0.8103,0.0959587312229009,28,0.805124123999887,,0.024177128051174,0.0979937838703993,5,22,27,8.70831184940357e-16
annual,Leave out Sweet potato,ln_area,-7,0.0203961105200719,5,22,27,soybean;onion;corn;garlic;spring_potato,0.0203961105200712,0.0874445417543846,-0.137672043584987,0.178464264625131,0.80684,0.0861074247695729,28,0.815570202006502,,0.0203961105200712,0.0874445417543847,5,22,27,6.83481049534862e-16
annual,Leave out Sweet potato,ln_area,-6,0.0151639249367671,4,22,27,soybean;onion;corn;garlic,0.0151639249367673,0.0454474679249688,-0.068949027925032,0.0992768777985663,0.75693,0.0446306090915039,28,0.738637418888624,,0.0151639249367673,0.0454474679249694,4,22,27,-1.42247325030098e-16
annual,Leave out Sweet potato,ln_area,-5,0.118366089572558,2,22,24,onion;garlic,0.118366089572559,0.0846100897174962,-0.022183920836724,0.258916099981841,0.1413,0.0827777726757565,25,0.161825125602382,,0.118366089572559,0.0846100897174958,2,22,24,-5.13478148889135e-16
annual,Leave out Sweet potato,ln_area,0,0.114879433188579,6,22,22,soybean;onion;corn;garlic;spring_potato;red_pepper,0.11487943318858,0.160816072096889,-0.191552014907116,0.421310881284274,0.4787,0.157723567078565,28,0.475008966784443,,0.11487943318858,0.160816072096888,6,22,22,-3.05311331771918e-16
annual,Leave out Sweet potato,ln_area,1,0.0114977163018182,6,22,22,soybean;onion;corn;garlic;spring_potato;red_pepper,0.0114977163018181,0.142579394526894,-0.259803005565334,0.28279843816897,0.93645,0.139864411930459,28,0.935727618899195,,0.0114977163018181,0.142579394526894,6,22,22,6.93889390390723e-18
annual,Leave out Sweet potato,ln_area,2,-0.0207409152503898,6,20,22,soybean;onion;corn;garlic;spring_potato;red_pepper,-0.02074091525039,0.164893216295089,-0.331789774889707,0.290307944388927,0.90158,0.161818143242741,28,0.899902970057702,,-0.02074091525039,0.164893216295088,6,20,22,1.56125112837913e-16
annual,Leave out Sweet potato,ln_area,3,-0.10255832491277,6,20,22,soybean;onion;corn;garlic;spring_potato;red_pepper,-0.10255832491277,0.151247018107284,-0.390557451098977,0.185440801273437,0.50075,0.148279243579043,28,0.497717840074636,,-0.10255832491277,0.151247018107283,6,20,22,1.11022302462516e-16
annual,Leave out Sweet potato,ln_area,4,-0.0326871138754987,6,15,22,soybean;onion;corn;garlic;spring_potato;red_pepper,-0.0326871138754991,0.142668562602964,-0.303891673408258,0.238517445657261,0.81922,0.139718240460722,28,0.818781680767475,,-0.0326871138754991,0.142668562602962,6,15,22,3.88578058618805e-16
annual,Leave out Sweet potato,ln_area,5,0.012946216392132,6,14,20,soybean;onion;corn;garlic;spring_potato;red_pepper,0.0129462163921317,0.144172285247683,-0.260558880391561,0.286451313175825,0.92846,0.140845887508297,26,0.928448655165336,,0.0129462163921317,0.144172285247686,6,14,20,2.61943244872498e-16
annual,Leave out Sweet potato,ln_area,6,0.139345301495967,6,11,20,soybean;onion;corn;garlic;spring_potato;red_pepper,0.139345301495968,0.179634710611497,-0.201026767171303,0.479717370163237,0.44034,0.175530280403054,26,0.437917406285337,,0.139345301495968,0.1796347106115,6,11,20,-6.66133814775094e-16
annual,Leave out Sweet potato,ln_area,7,0.133890010719525,6,10,15,soybean;onion;corn;garlic;spring_potato;red_pepper,0.133890010719525,0.17312178157085,-0.192412533128757,0.460192554567806,0.4401,0.168590950690864,21,0.439293806968432,,0.133890010719525,0.17312178157085,6,10,15,-4.44089209850063e-16
annual,Leave out Sweet potato,ln_area,8,-0.0124931229248363,6,10,14,soybean;onion;corn;garlic;spring_potato;red_pepper,-0.0124931229248364,0.161000546805843,-0.316739274236364,0.291753028386692,0.9382,0.156856834618985,20,0.938148809211011,,-0.0124931229248364,0.161000546805843,6,10,14,1.61329283265843e-16
annual,Leave out Sweet potato,ln_area,9,-0.0476683733996461,6,8,11,soybean;onion;corn;garlic;spring_potato;red_pepper,-0.047668373399647,0.182975316322727,-0.392223764805254,0.296887018005962,0.79335,0.177204150500338,17,0.794464190643347,,-0.047668373399647,0.182975316322729,6,8,11,8.81239525796218e-16
annual,Leave out Sweet potato,ln_production,-12,-0.295794826125447,6,22,27,soybean;onion;corn;garlic;spring_potato;red_pepper,-0.295794826125447,0.143111123112664,-0.561239664196926,-0.0303499880539687,0.02418,0.14014559915845,28,0.0387446013243948,,-0.295794826125447,0.14311112311266,6,22,27,-3.88578058618805e-16
annual,Leave out Sweet potato,ln_production,-11,-0.158549167149619,6,22,27,soybean;onion;corn;garlic;spring_potato;red_pepper,-0.158549167149619,0.0791116169725486,-0.308109936902979,-0.00898839739625967,0.03596,0.0774853485949793,28,0.0450572164998362,,-0.158549167149619,0.0791116169725458,6,22,27,-1.11022302462516e-16
annual,Leave out Sweet potato,ln_production,-10,-0.158613004135558,6,22,27,soybean;onion;corn;garlic;spring_potato;red_pepper,-0.158613004135557,0.0748923109127582,-0.300228103984799,-0.016997904286316,0.02453,0.0735474945160348,28,0.0341851450649373,,-0.158613004135557,0.0748923109127561,6,22,27,-3.60822483003176e-16
annual,Leave out Sweet potato,ln_production,-9,-0.208120996834225,6,22,27,soybean;onion;corn;garlic;spring_potato;red_pepper,-0.208120996834225,0.0930607275518705,-0.384058550247212,-0.0321834434212374,0.01574,0.091356375757958,28,0.0253255911796705,,-0.208120996834225,0.0930607275518681,6,22,27,5.55111512312578e-17
annual,Leave out Sweet potato,ln_production,-8,0.0098576677049746,5,22,27,soybean;onion;corn;garlic;spring_potato,0.00985766770497379,0.100726715331976,-0.174840519940115,0.194555855350064,0.92786,0.0987738088844332,28,0.922039116377542,,0.00985766770497379,0.100726715331976,5,22,27,8.13585310233123e-16
annual,Leave out Sweet potato,ln_production,-7,0.018507723152917,5,22,27,soybean;onion;corn;garlic;spring_potato,0.0185077231529164,0.114855667406787,-0.188741152290622,0.225756598596456,0.86599,0.11265068861328,28,0.871983953090766,,0.0185077231529164,0.114855667406789,5,22,27,5.65519853168439e-16
annual,Leave out Sweet potato,ln_production,-6,0.0215255666355469,4,22,27,soybean;onion;corn;garlic,0.0215255666355471,0.0930463669262729,-0.138845467251805,0.181896600522899,0.86928,0.0912687944230677,28,0.817048836219385,,0.0215255666355471,0.0930463669262735,4,22,27,-2.35922392732846e-16
annual,Leave out Sweet potato,ln_production,-5,0.110338161035704,2,22,24,onion;garlic,0.110338161035704,0.0982490761413319,-0.0403527657633847,0.261029087834792,0.28936,0.0961063826299787,25,0.261418265026654,,0.110338161035704,0.0982490761413355,2,22,24,-1.66533453693773e-16
annual,Leave out Sweet potato,ln_production,0,0.146481356573889,6,22,22,soybean;onion;corn;garlic;spring_potato;red_pepper,0.146481356573889,0.161027588225111,-0.159188665235541,0.452151378383319,0.36845,0.157978369081101,28,0.362998567128093,,0.146481356573889,0.161027588225111,6,22,22,-2.77555756156289e-17
annual,Leave out Sweet potato,ln_production,1,0.0597813191562349,6,22,22,soybean;onion;corn;garlic;spring_potato;red_pepper,0.0597813191562352,0.160644568682979,-0.245203054045785,0.364765692358255,0.71645,0.157784090935539,28,0.709793021610491,,0.0597813191562352,0.16064456868298,6,22,22,-2.63677968348475e-16
annual,Leave out Sweet potato,ln_production,2,-0.0603108112988943,6,20,22,soybean;onion;corn;garlic;spring_potato;red_pepper,-0.0603108112988944,0.21304151038136,-0.457056760769104,0.336435138171316,0.78908,0.209231665607723,28,0.777104644276303,,-0.0603108112988944,0.213041510381362,6,20,22,1.17961196366423e-16
annual,Leave out Sweet potato,ln_production,3,-0.0924438247915966,6,20,22,soybean;onion;corn;garlic;spring_potato;red_pepper,-0.0924438247915969,0.166516974512728,-0.409303089781334,0.22441544019814,0.58481,0.163635315993266,28,0.578784153102177,,-0.0924438247915969,0.166516974512729,6,20,22,3.7470027081099e-16
annual,Leave out Sweet potato,ln_production,4,-0.118454533297173,6,15,22,soybean;onion;corn;garlic;spring_potato;red_pepper,-0.118454533297174,0.157339540638002,-0.416339940878962,0.179430874284616,0.45742,0.153973908602253,28,0.45153447969638,,-0.118454533297174,0.157339540638,6,15,22,7.49400541621981e-16
annual,Leave out Sweet potato,ln_production,5,-0.0759936730570776,6,14,20,soybean;onion;corn;garlic;spring_potato;red_pepper,-0.0759936730570778,0.162933603854119,-0.381129360888003,0.229142014773848,0.65115,0.159314392212559,26,0.640922885616482,,-0.0759936730570778,0.162933603854123,6,14,20,2.35922392732846e-16
annual,Leave out Sweet potato,ln_production,6,0.111410276249034,6,11,20,soybean;onion;corn;garlic;spring_potato;red_pepper,0.111410276249034,0.169596847956965,-0.211011973215917,0.433832525713985,0.51227,0.165732938649431,26,0.511237230081833,,0.111410276249034,0.16959684795697,6,11,20,2.91433543964104e-16
annual,Leave out Sweet potato,ln_production,7,0.135927804495712,6,10,15,soybean;onion;corn;garlic;spring_potato;red_pepper,0.135927804495712,0.220136249733899,-0.272162078666272,0.544017687657696,0.55269,0.21425241705173,21,0.536923941210245,,0.135927804495712,0.220136249733901,6,10,15,-5.55111512312578e-17
annual,Leave out Sweet potato,ln_production,8,-0.0277415928484378,6,10,14,soybean;onion;corn;garlic;spring_potato;red_pepper,-0.0277415928484379,0.212865055243737,-0.427200317683651,0.371717131986776,0.8989,0.207133347746825,20,0.896309470621185,,-0.0277415928484379,0.212865055243737,6,10,14,1.49186218934005e-16
annual,Leave out Sweet potato,ln_production,9,-0.0756051920084559,6,8,11,soybean;onion;corn;garlic;spring_potato;red_pepper,-0.0756051920084572,0.240178701574439,-0.525826749009497,0.374616364992585,0.75429,0.233081833873566,17,0.752923196059526,,-0.0756051920084572,0.240178701574444,6,8,11,1.29063426612674e-15
annual,Leave out Sweet potato,ln_yield,-12,-0.121170583161866,6,22,27,soybean;onion;corn;garlic;spring_potato;red_pepper,-0.121170583161866,0.0522658107010149,-0.221089525754541,-0.021251640569191,0.01396,0.0514444763906656,28,0.0204301606675714,,-0.121170583161866,0.0522658107010139,6,22,27,-8.32667268468867e-17
annual,Leave out Sweet potato,ln_yield,-11,-0.0509954424506223,6,22,27,soybean;onion;corn;garlic;spring_potato;red_pepper,-0.050995442450622,0.0346474501693881,-0.116619979131654,0.0146290942304094,0.13781,0.0340278861904548,28,0.141064561620499,,-0.050995442450622,0.034647450169387,6,22,27,-2.77555756156289e-16
annual,Leave out Sweet potato,ln_yield,-10,-0.0405748863622085,6,22,27,soybean;onion;corn;garlic;spring_potato;red_pepper,-0.0405748863622084,0.027845724059666,-0.0936128750366844,0.0124631023122675,0.14003,0.027361884193208,28,0.145080038138246,,-0.0405748863622084,0.0278457240596665,6,22,27,-9.71445146547012e-17
annual,Leave out Sweet potato,ln_yield,-9,-0.0920412731934315,6,22,27,soybean;onion;corn;garlic;spring_potato;red_pepper,-0.0920412731934314,0.0517350756400752,-0.185318355235946,0.00123580884908281,0.05384,0.0509570833725125,28,0.0752252693940476,,-0.0920412731934314,0.0517350756400751,6,22,27,-8.32667268468867e-17
annual,Leave out Sweet potato,ln_yield,-8,-0.0141941337762347,5,22,27,soybean;onion;corn;garlic;spring_potato,-0.014194133776235,0.0386052016436536,-0.0854950202965344,0.0571067527440649,0.71738,0.0379107167415892,28,0.713116235580937,,-0.014194133776235,0.0386052016436558,5,22,27,2.55004350968591e-16
annual,Leave out Sweet potato,ln_yield,-7,-0.00194235738968902,5,22,27,soybean;onion;corn;garlic;spring_potato,-0.00194235738968957,0.0436766092787463,-0.0801618677664432,0.0762771529870652,0.9631,0.0428183288224997,28,0.964528695850777,,-0.00194235738968957,0.0436766092787494,5,22,27,5.52292586664116e-16
annual,Leave out Sweet potato,ln_yield,-6,0.00606613078490228,4,22,27,soybean;onion;corn;garlic,0.00606613078490229,0.0535725809422763,-0.0853635425177806,0.0974958040875852,0.92892,0.0525156229604875,28,0.909846622039797,,0.00606613078490229,0.0535725809422767,4,22,27,-8.67361737988404e-18
annual,Leave out Sweet potato,ln_yield,-5,-0.00768018352421995,2,22,24,onion;garlic,-0.0076801835242195,0.0350446224019364,-0.0699137695325225,0.0545534024840826,0.83716,0.0344132338842612,25,0.826529768220752,,-0.0076801835242195,0.0350446224019478,2,22,24,-4.562322741819e-16
annual,Leave out Sweet potato,ln_yield,0,0.0321516665238661,6,22,22,soybean;onion;corn;garlic;spring_potato;red_pepper,0.032151666523866,0.0335062441601762,-0.0317339808298198,0.096037313877552,0.33906,0.0329126266478214,28,0.337270474358963,,0.032151666523866,0.0335062441601752,6,22,22,4.16333634234434e-17
annual,Leave out Sweet potato,ln_yield,1,0.0488712335754243,6,22,22,soybean;onion;corn;garlic;spring_potato;red_pepper,0.0488712335754245,0.0555145270034385,-0.0499734886453001,0.147715955796149,0.42741,0.054429210090969,28,0.378679296899319,,0.0488712335754245,0.0555145270034382,6,22,22,-1.73472347597681e-16
annual,Leave out Sweet potato,ln_yield,2,-0.0386612579536741,6,20,22,soybean;onion;corn;garlic;spring_potato;red_pepper,-0.0386612579536744,0.0800522809159739,-0.183427063283128,0.10610454737578,0.64206,0.0783691589601829,28,0.629131159771456,,-0.0386612579536744,0.0800522809159744,6,20,22,2.15105711021124e-16
annual,Leave out Sweet potato,ln_yield,3,0.0103735644528065,6,20,22,soybean;onion;corn;garlic;spring_potato;red_pepper,0.0103735644528063,0.0568481578698543,-0.0957442747992573,0.11649140370487,0.86345,0.0557075968834941,28,0.855207254904146,,0.0103735644528063,0.0568481578698543,6,20,22,1.73472347597681e-16
annual,Leave out Sweet potato,ln_yield,4,-0.085598227179531,6,15,22,soybean;onion;corn;garlic;spring_potato;red_pepper,-0.0855982271795315,0.0579809472150394,-0.195947241780512,0.0247507874214498,0.1373,0.0568828308235382,28,0.139858955393743,,-0.0855982271795315,0.0579809472150395,6,15,22,4.30211422042248e-16
annual,Leave out Sweet potato,ln_yield,5,-0.088756698192911,6,14,20,soybean;onion;corn;garlic;spring_potato;red_pepper,-0.0887566981929111,0.0847834848282651,-0.244889661071448,0.0673762646856255,0.3163,0.0828201656487423,26,0.295162742127463,,-0.0887566981929111,0.0847834848282677,6,14,20,4.16333634234434e-17
annual,Leave out Sweet potato,ln_yield,6,-0.0279249787350088,6,11,20,soybean;onion;corn;garlic;spring_potato;red_pepper,-0.0279249787350084,0.0587344440549604,-0.13786190379426,0.0820119463242422,0.65105,0.057602101237912,26,0.63447005724789,,-0.0279249787350084,0.058734444054961,6,11,20,-3.92047505570758e-16
annual,Leave out Sweet potato,ln_yield,7,0.00174672832839703,6,10,15,soybean;onion;corn;garlic;spring_potato;red_pepper,0.00174672832839747,0.0947867408142061,-0.177188814702587,0.180682271359381,0.98545,0.0925039372546258,21,0.985297430034202,,0.00174672832839747,0.0947867408142083,6,10,15,-4.39535560725624e-16
annual,Leave out Sweet potato,ln_yield,8,-0.0156512101372485,6,10,14,soybean;onion;corn;garlic;spring_potato;red_pepper,-0.0156512101372486,0.0896674736657642,-0.185470924223056,0.154168503948559,0.86192,0.0876012565356736,20,0.861435407574496,,-0.0156512101372486,0.0896674736657639,6,10,14,1.52655665885959e-16
annual,Leave out Sweet potato,ln_yield,9,-0.0287935286301818,6,8,11,soybean;onion;corn;garlic;spring_potato;red_pepper,-0.0287935286301825,0.112287233990028,-0.241375442737848,0.183788385477484,0.79842,0.109147004580125,17,0.797620797313633,,-0.0287935286301825,0.11228723399003,6,8,11,6.90419943438769e-16
annual,Leave out cohort 2012,ln_area,-12,-0.277614558622324,5,22,26,sweet_potato;corn;garlic;spring_potato;red_pepper,-0.277614558622324,0.166681281810795,-0.57887373986292,0.0236446226182718,0.08549,0.163755961578694,27,0.0958048113171064,,-0.277614558622324,0.166681281810794,5,22,26,0
annual,Leave out cohort 2012,ln_area,-11,-0.163969993859356,5,22,26,sweet_potato;corn;garlic;spring_potato;red_pepper,-0.163969993859356,0.106706454176467,-0.351388467502353,0.023448479783642,0.11084,0.104688534515186,27,0.124380141131196,,-0.163969993859356,0.106706454176465,5,22,26,-2.22044604925031e-16
annual,Leave out cohort 2012,ln_area,-10,-0.160489176016934,5,22,26,sweet_potato;corn;garlic;spring_potato;red_pepper,-0.160489176016934,0.106265769283756,-0.352285780986575,0.0313074289527071,0.1269,0.104397127563311,27,0.130976529288652,,-0.160489176016934,0.106265769283755,5,22,26,0
annual,Leave out cohort 2012,ln_area,-9,-0.0989747822377551,5,22,26,sweet_potato;corn;garlic;spring_potato;red_pepper,-0.0989747822377552,0.0676057135813437,-0.22194731122379,0.0239977467482794,0.13694,0.0662801918443628,27,0.143193877399127,,-0.0989747822377552,0.0676057135813416,5,22,26,1.11022302462516e-16
annual,Leave out cohort 2012,ln_area,-8,0.031701125623399,4,22,26,sweet_potato;corn;garlic;spring_potato,0.0317011256233993,0.125489796153268,-0.197131021448209,0.260533272695007,0.81975,0.123129115924523,27,0.800562530427884,,0.0317011256233993,0.125489796153268,4,22,26,-2.63677968348475e-16
annual,Leave out cohort 2012,ln_area,-7,-0.0918858934569162,4,22,26,sweet_potato;corn;garlic;spring_potato,-0.0918858934569158,0.0983021542375747,-0.26898203978037,0.0852102528665376,0.3919,0.0965196391806729,27,0.349927877381012,,-0.0918858934569158,0.0983021542375733,4,22,26,-3.7470027081099e-16
annual,Leave out cohort 2012,ln_area,-6,0.0208295992859276,3,22,24,sweet_potato;corn;garlic,0.0208295992859279,0.0543253502267834,-0.0819807703148927,0.123639968886748,0.70538,0.0530899800966564,25,0.7014060088326,,0.0208295992859279,0.0543253502267835,3,22,24,-3.01841884819964e-16
annual,Leave out cohort 2012,ln_area,-5,0.0798369495490695,1,22,22,garlic,0.0798369495490694,0.0635771238308299,-0.03400798855645,0.193681887654589,0.23746,0.0622690405208593,23,0.209206760060852,,0.0798369495490694,0.0635771238308272,1,22,22,2.77555756156289e-17
annual,Leave out cohort 2012,ln_area,0,0.059273028190235,5,22,22,sweet_potato;corn;garlic;spring_potato;red_pepper,0.0592730281902347,0.166721233530097,-0.256229001669716,0.374775058050186,0.72951,0.163502565081506,27,0.722198738017727,,0.0592730281902347,0.166721233530096,5,22,22,3.33066907387547e-16
annual,Leave out cohort 2012,ln_area,1,-0.0365055192785892,5,22,22,sweet_potato;corn;garlic;spring_potato;red_pepper,-0.0365055192785891,0.149296600702308,-0.320270557273854,0.247259518716676,0.812,0.146655657246766,27,0.806830632603107,,-0.0365055192785891,0.149296600702309,5,22,22,-7.63278329429795e-17
annual,Leave out cohort 2012,ln_area,2,-0.121156955800705,5,20,22,sweet_potato;corn;garlic;spring_potato;red_pepper,-0.121156955800706,0.148519881681857,-0.402599835521817,0.160285923920407,0.42146,0.145958080830312,27,0.414635962456692,,-0.121156955800706,0.148519881681858,5,20,22,4.9960036108132e-16
annual,Leave out cohort 2012,ln_area,3,-0.0710181457677262,5,20,22,sweet_potato;corn;garlic;spring_potato;red_pepper,-0.0710181457677268,0.169483182581573,-0.39345316800584,0.251416876470388,0.68176,0.166602660491143,27,0.675195898853638,,-0.0710181457677268,0.169483182581573,5,20,22,6.5225602696728e-16
annual,Leave out cohort 2012,ln_area,4,0.0175890485948204,5,15,20,sweet_potato;corn;garlic;spring_potato;red_pepper,0.0175890485948202,0.13006119703818,-0.229257036312407,0.264435133502047,0.89437,0.127363998963073,25,0.892424722035223,,0.0175890485948202,0.130061197038179,5,15,20,2.56739074444567e-16
annual,Leave out cohort 2012,ln_area,5,0.0630099002932307,5,14,20,sweet_potato;corn;garlic;spring_potato;red_pepper,0.0630099002932308,0.12742881720177,-0.176812835837795,0.302832636424256,0.62857,0.12463082010495,25,0.620973329421526,,0.0630099002932308,0.12742881720177,5,14,20,-1.38777878078145e-16
annual,Leave out cohort 2012,ln_area,6,0.154813749096461,5,11,15,sweet_potato;corn;garlic;spring_potato;red_pepper,0.154813749096461,0.168622159233857,-0.162562947006377,0.472190445199299,0.35948,0.164039988978965,20,0.358561098474183,,0.154813749096461,0.168622159233857,5,11,15,4.16333634234434e-16
annual,Leave out cohort 2012,ln_area,7,0.135206581256939,5,10,14,sweet_potato;corn;garlic;spring_potato;red_pepper,0.135206581256939,0.183154638455983,-0.207385549767091,0.47779871228097,0.46645,0.178106875583129,19,0.46038686163727,,0.135206581256939,0.183154638455984,5,10,14,3.33066907387547e-16
annual,Leave out cohort 2012,ln_area,8,0.028207769098756,5,10,11,sweet_potato;corn;garlic;spring_potato;red_pepper,0.0282077690987556,0.196964703736193,-0.342061822216264,0.398477360413776,0.88723,0.190805360864107,16,0.886122512520575,,0.0282077690987556,0.196964703736195,5,10,11,4.33680868994202e-16
annual,Leave out cohort 2012,ln_area,9,-0.0555546086252393,5,8,10,sweet_potato;corn;garlic;spring_potato;red_pepper,-0.0555546086252395,0.198936554001442,-0.430390428101328,0.319281210850849,0.78167,0.192651607205377,15,0.780046895781086,,-0.0555546086252395,0.198936554001443,5,8,10,1.31838984174237e-16
annual,Leave out cohort 2012,ln_production,-12,-0.341217976338839,5,22,26,sweet_potato;corn;garlic;spring_potato;red_pepper,-0.341217976338839,0.169279841615647,-0.653221490374641,-0.0292144623030371,0.02719,0.166213822596001,27,0.043830985021172,,-0.341217976338839,0.16927984161565,5,22,26,0
annual,Leave out cohort 2012,ln_production,-11,-0.161695704347602,5,22,26,sweet_potato;corn;garlic;spring_potato;red_pepper,-0.161695704347602,0.0906076943539514,-0.328436642097167,0.00504523340196325,0.05932,0.0889990985190235,27,0.0743312143348539,,-0.161695704347602,0.0906076943539467,5,22,26,1.11022302462516e-16
annual,Leave out cohort 2012,ln_production,-10,-0.168218774818374,5,22,26,sweet_potato;corn;garlic;spring_potato;red_pepper,-0.168218774818374,0.0911043698697685,-0.339198443215211,0.00276089357846254,0.0553,0.0892684768932617,27,0.0648283085481749,,-0.168218774818374,0.0911043698697721,5,22,26,-2.77555756156289e-16
annual,Leave out cohort 2012,ln_production,-9,-0.163203500596325,5,22,26,sweet_potato;corn;garlic;spring_potato;red_pepper,-0.163203500596325,0.0921053433220405,-0.33311803426054,0.00671103306788923,0.06361,0.0904020041776294,27,0.0764074762682016,,-0.163203500596325,0.0921053433220363,5,22,26,-1.66533453693773e-16
annual,Leave out cohort 2012,ln_production,-8,-0.00175287543517217,4,22,26,sweet_potato;corn;garlic;spring_potato,-0.00175287543517197,0.12647158746029,-0.231873249262383,0.228367498392039,0.98981,0.124034607607274,27,0.988941805040944,,-0.00175287543517197,0.126471587460289,4,22,26,-2.0122792321331e-16
annual,Leave out cohort 2012,ln_production,-7,-0.108344458554637,4,22,26,sweet_potato;corn;garlic;spring_potato,-0.108344458554637,0.10314065555394,-0.293678935612318,0.0769900185030447,0.32297,0.101171947742401,27,0.293509677399988,,-0.108344458554637,0.103140655553938,4,22,26,-2.22044604925031e-16
annual,Leave out cohort 2012,ln_production,-6,0.00149920012955721,3,22,24,sweet_potato;corn;garlic,0.00149920012955676,0.0631270678161881,-0.118443924658399,0.121442324917513,0.9812,0.0618551627725826,25,0.981052878839701,,0.00149920012955676,0.0631270678161877,3,22,24,4.46474454629531e-16
annual,Leave out cohort 2012,ln_production,-5,0.0263334907752316,1,22,22,garlic,0.0263334907752316,0.0454271027739413,-0.0585213570714591,0.111188338621922,0.58101,0.0445017114971046,23,0.562125862309028,,0.0263334907752316,0.0454271027739413,1,22,22,3.46944695195361e-18
annual,Leave out cohort 2012,ln_production,0,0.0803701647737368,5,22,22,sweet_potato;corn;garlic;spring_potato;red_pepper,0.0803701647737364,0.168682309173398,-0.237930467447575,0.398670796995049,0.6453,0.16554494369947,27,0.633747577237873,,0.0803701647737364,0.168682309173399,5,22,22,3.60822483003176e-16
annual,Leave out cohort 2012,ln_production,1,-0.0590873242277143,5,22,22,sweet_potato;corn;garlic;spring_potato;red_pepper,-0.0590873242277142,0.152253259434063,-0.348355452039188,0.23018080358376,0.70476,0.149425377122417,27,0.697952558296316,,-0.0590873242277142,0.152253259434063,5,22,22,-8.32667268468867e-17
annual,Leave out cohort 2012,ln_production,2,-0.216531900142649,5,20,22,sweet_potato;corn;garlic;spring_potato;red_pepper,-0.21653190014265,0.199681602535775,-0.586777885683873,0.153714085398575,0.292,0.195898462118784,27,0.278193764166401,,-0.21653190014265,0.199681602535775,5,20,22,6.93889390390723e-16
annual,Leave out cohort 2012,ln_production,3,-0.110875828635044,5,20,22,sweet_potato;corn;garlic;spring_potato;red_pepper,-0.110875828635044,0.187832007539121,-0.466392827430271,0.244641170160182,0.5626,0.184521321488057,27,0.55499455484304,,-0.110875828635044,0.18783200753912,5,20,22,-2.63677968348475e-16
annual,Leave out cohort 2012,ln_production,4,-0.131424494072535,5,15,20,sweet_potato;corn;garlic;spring_potato;red_pepper,-0.131424494072536,0.144717067751162,-0.406152341908768,0.143303353763697,0.36655,0.14184610476776,25,0.363800111964767,,-0.131424494072536,0.14471706775116,5,15,20,4.71844785465692e-16
annual,Leave out cohort 2012,ln_production,5,-0.0848842783121854,5,14,20,sweet_potato;corn;garlic;spring_potato;red_pepper,-0.084884278312186,0.173118330094764,-0.405208589956967,0.235440033332596,0.6489,0.169485395250334,25,0.623903803799045,,-0.084884278312186,0.173118330094765,5,14,20,5.27355936696949e-16
annual,Leave out cohort 2012,ln_production,6,0.107363009471653,5,11,15,sweet_potato;corn;garlic;spring_potato;red_pepper,0.107363009471653,0.179634492854181,-0.232080668063234,0.44680668700654,0.54982,0.174905604840005,20,0.55005694369543,,0.107363009471653,0.179634492854185,5,11,15,5.55111512312578e-16
annual,Leave out cohort 2012,ln_production,7,0.0763729973865522,5,10,14,sweet_potato;corn;garlic;spring_potato;red_pepper,0.0763729973865521,0.23514200852443,-0.354615618122174,0.507361612895278,0.76462,0.228622825322942,19,0.745336072143725,,0.0763729973865521,0.23514200852443,5,10,14,9.71445146547012e-17
annual,Leave out cohort 2012,ln_production,8,-0.0663417450682461,5,10,11,sweet_potato;corn;garlic;spring_potato;red_pepper,-0.0663417450682461,0.235464119081381,-0.504531981938375,0.371848491801883,0.78275,0.227828214436149,16,0.778136093321006,,-0.0663417450682461,0.235464119081378,5,10,11,0
annual,Leave out cohort 2012,ln_production,9,-0.206111830708136,5,8,10,sweet_potato;corn;garlic;spring_potato;red_pepper,-0.206111830708136,0.238469546620604,-0.652795333639417,0.240571672223145,0.37892,0.230004007498272,15,0.387417118792755,,-0.206111830708136,0.238469546620607,5,8,10,1.66533453693773e-16
annual,Leave out cohort 2012,ln_yield,-12,-0.0646024364963459,5,22,26,sweet_potato;corn;garlic;spring_potato;red_pepper,-0.0646024364963458,0.083663707903732,-0.221488906768275,0.092284033775583,0.45983,0.0821344574417081,27,0.440014942340311,,-0.0646024364963458,0.0836637079037346,5,22,26,-4.16333634234434e-17
annual,Leave out cohort 2012,ln_yield,-11,0.0022236903384101,5,22,26,sweet_potato;corn;garlic;spring_potato;red_pepper,0.00222369033841013,0.0695958816660056,-0.119060118141199,0.123507498818019,0.98083,0.0682448523889357,27,0.974510756877962,,0.00222369033841013,0.0695958816660056,5,22,26,-3.59955121265187e-17
annual,Leave out cohort 2012,ln_yield,-10,-0.00743977593260503,5,22,26,sweet_potato;corn;garlic;spring_potato;red_pepper,-0.00743977593260526,0.0565129174120601,-0.108912678020283,0.094033126155073,0.91425,0.0554607613065899,27,0.895263229939315,,-0.00743977593260526,0.0565129174120599,5,22,26,2.28983498828939e-16
annual,Leave out cohort 2012,ln_yield,-9,-0.0642649225525668,5,22,26,sweet_potato;corn;garlic;spring_potato;red_pepper,-0.0642649225525669,0.0775655379369901,-0.208582309209412,0.0800524641042786,0.428,0.0761398159984855,27,0.40737371543854,,-0.0642649225525669,0.07756553793699,5,22,26,6.93889390390723e-17
annual,Leave out cohort 2012,ln_yield,-8,-0.033696214843032,4,22,26,sweet_potato;corn;garlic;spring_potato,-0.0336962148430318,0.0352694370767362,-0.0953944590454182,0.0280020293593542,0.39197,0.0346126991812386,27,0.339378397127641,,-0.0336962148430318,0.0352694370767364,4,22,26,-2.08166817117217e-16
annual,Leave out cohort 2012,ln_yield,-7,-0.0160792403031417,4,22,26,sweet_potato;corn;garlic;spring_potato,-0.0160792403031415,0.0367754872322906,-0.081376272350881,0.0492177917445977,0.71074,0.0360384504379216,27,0.661946644829611,,-0.0160792403031415,0.036775487232292,4,22,26,-1.66533453693773e-16
annual,Leave out cohort 2012,ln_yield,-6,-0.0185831568001588,3,22,24,sweet_potato;corn;garlic,-0.0185831568001588,0.0226998402660513,-0.0590915265249951,0.0219252129246774,0.46789,0.0222752014434943,25,0.412987826607302,,-0.0185831568001588,0.0226998402660526,3,22,24,-2.08166817117217e-17
annual,Leave out cohort 2012,ln_yield,-5,-0.0528389969323424,1,22,22,garlic,-0.0528389969323424,0.0530099580766794,-0.141642885438657,0.0359648915739725,0.41569,0.0519163704837408,23,0.318873772583799,,-0.0528389969323424,0.0530099580766875,1,22,22,2.77555756156289e-17
annual,Leave out cohort 2012,ln_yield,0,0.021702013792741,5,22,22,sweet_potato;corn;garlic;spring_potato;red_pepper,0.021702013792741,0.0381183612054067,-0.0513999519646408,0.0948039795501228,0.57023,0.0374467790415723,27,0.569130659125037,,0.021702013792741,0.0381183612054063,5,22,22,2.42861286636753e-17
annual,Leave out cohort 2012,ln_yield,1,-0.0220994540753758,5,22,22,sweet_potato;corn;garlic;spring_potato;red_pepper,-0.0220994540753755,0.0316306253951375,-0.0828053236888607,0.0386064155381091,0.4821,0.0310351500397131,27,0.48475660604149,,-0.0220994540753755,0.0316306253951374,5,22,22,-3.36536354339501e-16
annual,Leave out cohort 2012,ln_yield,2,-0.0944552563366352,5,20,22,sweet_potato;corn;garlic;spring_potato;red_pepper,-0.0944552563366353,0.0771233725338976,-0.231992313281957,0.0430818006086861,0.23575,0.0755345771246062,27,0.220677219599385,,-0.0944552563366353,0.0771233725338985,5,20,22,1.52655665885959e-16
annual,Leave out cohort 2012,ln_yield,3,-0.0398522841071119,5,20,22,sweet_potato;corn;garlic;spring_potato;red_pepper,-0.039852284107112,0.0433292751195122,-0.122427221372092,0.0427226531578687,0.35729,0.0424788725605682,27,0.357701206017539,,-0.039852284107112,0.0433292751195121,5,20,22,1.45716771982052e-16
annual,Leave out cohort 2012,ln_yield,4,-0.148327250464904,5,15,20,sweet_potato;corn;garlic;spring_potato;red_pepper,-0.148327250464904,0.046544305797316,-0.236300812708061,-0.0603536882217469,0.00017,0.0456540817488569,25,0.00143857743173899,,-0.148327250464904,0.0465443057973153,5,15,20,-1.94289029309402e-16
annual,Leave out cohort 2012,ln_yield,5,-0.147448774457486,5,14,20,sweet_potato;corn;garlic;spring_potato;red_pepper,-0.147448774457486,0.0727821557269045,-0.282694338518072,-0.0122032103969007,0.02775,0.0713016136795925,25,0.0427758709384626,,-0.147448774457486,0.0727821557269044,5,14,20,1.38777878078145e-16
annual,Leave out cohort 2012,ln_yield,6,-0.0478630449206889,5,11,15,sweet_potato;corn;garlic;spring_potato;red_pepper,-0.047863044920689,0.0486911240298139,-0.139931719117034,0.0442056292756561,0.3227,0.0474563349175568,20,0.325610774298612,,-0.047863044920689,0.0486911240298143,5,11,15,1.38777878078145e-16
annual,Leave out cohort 2012,ln_yield,7,-0.058653077103399,5,10,14,sweet_potato;corn;garlic;spring_potato;red_pepper,-0.0586530771033989,0.104499748486016,-0.255194920681778,0.13788876647498,0.57897,0.101830394112969,19,0.574610206985765,,-0.0586530771033989,0.104499748486015,5,10,14,-3.46944695195361e-17
annual,Leave out cohort 2012,ln_yield,8,-0.09457062412979,5,10,11,sweet_potato;corn;garlic;spring_potato;red_pepper,-0.0945706241297901,0.0873053383199676,-0.258562541490078,0.0694212932304983,0.27597,0.0846909479817948,16,0.278712128608519,,-0.0945706241297901,0.087305338319968,5,10,11,1.11022302462516e-16
annual,Leave out cohort 2012,ln_yield,9,-0.150527227211497,5,8,10,sweet_potato;corn;garlic;spring_potato;red_pepper,-0.150527227211497,0.0914705197923507,-0.321331731103776,0.0202772766807827,0.09013,0.0885227047376645,15,0.099838617089246,,-0.150527227211497,0.0914705197923514,5,8,10,0
annual,Leave out cohort 2013,ln_area,-12,-0.148806086114356,3,22,24,soybean;onion;red_pepper,-0.148806086114356,0.0929272158879951,-0.324763279724726,0.0271511074960137,0.10343,0.0907957424018772,25,0.109306355057549,,-0.148806086114356,0.092927215887998,3,22,24,-2.77555756156289e-16
annual,Leave out cohort 2013,ln_area,-11,-0.124097425643912,3,22,24,soybean;onion;red_pepper,-0.124097425643912,0.100167268836171,-0.293127094624722,0.044932243336897,0.22023,0.0980167234271673,25,0.215381807915566,,-0.124097425643912,0.100167268836172,3,22,24,-6.66133814775094e-16
annual,Leave out cohort 2013,ln_area,-10,-0.117299988925572,3,22,24,soybean;onion;red_pepper,-0.117299988925572,0.0981416970720038,-0.294345039428095,0.0597450615769502,0.26801,0.0960860014495918,25,0.23200478882295,,-0.117299988925572,0.0981416970720034,3,22,24,-7.7715611723761e-16
annual,Leave out cohort 2013,ln_area,-9,-0.1941557565001,3,22,24,soybean;onion;red_pepper,-0.1941557565001,0.128637269631876,-0.402417092248781,0.0141055792485796,0.0823,0.126077613610514,25,0.131215134376922,,-0.1941557565001,0.12863726963188,3,22,24,-6.10622663543836e-16
annual,Leave out cohort 2013,ln_area,-8,-0.0799383815152246,2,22,24,soybean;onion,-0.0799383815152254,0.0759551040674167,-0.216223499954861,0.0563467369244123,0.3196,0.0743732986780296,25,0.292596566894643,,-0.0799383815152254,0.0759551040674193,2,22,24,8.04911692853239e-16
annual,Leave out cohort 2013,ln_area,-7,0.152191160658828,2,22,24,soybean;onion,0.152191160658828,0.136941340838831,-0.0493132750920398,0.353695596409696,0.29597,0.134415664999634,25,0.266413321720653,,0.152191160658828,0.136941340838829,2,22,24,1.66533453693773e-16
annual,Leave out cohort 2013,ln_area,-6,0.0373040966674079,2,22,24,soybean;onion,0.0373040966674074,0.0732106604643766,-0.0893110620290529,0.163919255363869,0.70223,0.0717758828193408,25,0.610370545011379,,0.0373040966674074,0.0732106604643785,2,22,24,4.9960036108132e-16
annual,Leave out cohort 2013,ln_area,-5,0.152284426472644,1,22,22,onion,0.152284426472644,0.15075826162145,-0.064340025744341,0.368908878689629,0.4032,0.147456235892128,23,0.312436240307384,,0.152284426472644,0.150758261621441,1,22,22,0
annual,Leave out cohort 2013,ln_area,0,0.0505152744517245,3,22,22,soybean;onion;red_pepper,0.0505152744517248,0.225026137050835,-0.369578908668526,0.470609457571975,0.82615,0.220464186833865,25,0.822378962087598,,0.0505152744517248,0.225026137050835,3,22,22,-3.53883589099269e-16
annual,Leave out cohort 2013,ln_area,1,-0.0351501830156584,3,22,22,soybean;onion;red_pepper,-0.0351501830156585,0.212940059861973,-0.432323953774786,0.362023587743469,0.87153,0.208715657223359,25,0.868888267072503,,-0.0351501830156585,0.212940059861972,3,22,22,1.73472347597681e-16
annual,Leave out cohort 2013,ln_area,2,-0.000340116681880304,3,20,22,soybean;onion;red_pepper,-0.000340116681880859,0.267305506234317,-0.477015631303563,0.476335397939802,0.99874,0.261893274641097,25,0.998984780448625,,-0.000340116681880859,0.267305506234313,3,20,22,5.55111512312578e-16
annual,Leave out cohort 2013,ln_area,3,-0.180000762655051,3,20,22,soybean;onion;red_pepper,-0.180000762655052,0.205544367954078,-0.553878285970786,0.193876760660683,0.41413,0.201548178532245,25,0.381178437265496,,-0.180000762655052,0.205544367954075,3,20,22,7.49400541621981e-16
annual,Leave out cohort 2013,ln_area,4,-0.131749328712143,3,15,22,soybean;onion;red_pepper,-0.131749328712143,0.218440942556838,-0.528717252964842,0.265218595540555,0.59286,0.214263899427149,25,0.546419034182706,,-0.131749328712143,0.218440942556836,3,15,22,-6.93889390390723e-16
annual,Leave out cohort 2013,ln_area,5,-0.116624493908275,3,14,20,soybean;onion;red_pepper,-0.116624493908276,0.220216332688438,-0.511584238127614,0.278335250311064,0.64453,0.215628252318503,23,0.596395831531903,,-0.116624493908276,0.220216332688437,3,14,20,6.10622663543836e-16
annual,Leave out cohort 2013,ln_area,6,0.0254254673401285,3,11,20,soybean;onion;red_pepper,0.0254254673401285,0.277796083112306,-0.468169654459917,0.519020589140174,0.94089,0.272032346925059,23,0.927074925255251,,0.0254254673401285,0.277796083112304,3,11,20,-3.81639164714898e-17
annual,Leave out cohort 2013,ln_area,7,0.0209385596054584,3,10,15,soybean;onion;red_pepper,0.0209385596054585,0.264762289195495,-0.45298790652517,0.494865025736087,0.93365,0.257714927651239,18,0.936965513207768,,0.0209385596054585,0.26476228919549,3,10,15,-1.56125112837913e-16
annual,Leave out cohort 2013,ln_area,8,-0.125429595989192,3,10,14,soybean;onion;red_pepper,-0.125429595989192,0.198333409463108,-0.493576238232514,0.24271704625413,0.53678,0.192921589047147,17,0.527113848035432,,-0.125429595989192,0.198333409463102,3,10,14,-1.38777878078145e-16
annual,Leave out cohort 2013,ln_area,9,-0.126372749732705,3,8,11,soybean;onion;red_pepper,-0.126372749732705,0.266878646013613,-0.608513606777296,0.355768107311886,0.64523,0.257725710856319,14,0.635841237998284,,-0.126372749732705,0.266878646013608,3,8,11,2.4980018054066e-16
annual,Leave out cohort 2013,ln_production,-12,-0.239448868337504,3,22,24,soybean;onion;red_pepper,-0.239448868337503,0.144178049850173,-0.511766954694785,0.032869218019777,0.0929,0.141552509153272,25,0.0967564594749587,,-0.239448868337503,0.144178049850171,3,22,24,-8.04911692853239e-16
annual,Leave out cohort 2013,ln_production,-11,-0.181237560105254,3,22,24,soybean;onion;red_pepper,-0.181237560105253,0.11085987080979,-0.391518782888704,0.0290436626781965,0.09791,0.108952892645344,25,0.102083711080096,,-0.181237560105253,0.11085987080979,3,22,24,-1.19348975147204e-15
annual,Leave out cohort 2013,ln_production,-10,-0.143159102071582,3,22,24,soybean;onion;red_pepper,-0.143159102071581,0.0967796998082014,-0.320109996534477,0.0337917923913135,0.14333,0.0950829510962984,25,0.139079774207069,,-0.143159102071581,0.0967796998081906,3,22,24,-9.43689570931383e-16
annual,Leave out cohort 2013,ln_production,-9,-0.282620424964661,3,22,24,soybean;onion;red_pepper,-0.28262042496466,0.164086847066823,-0.578119228422939,0.0128783784936176,0.07009,0.161184259071686,25,0.0850001291091545,,-0.28262042496466,0.164086847066823,3,22,24,-8.32667268468867e-16
annual,Leave out cohort 2013,ln_production,-8,-0.0536012433730021,2,22,24,soybean;onion,-0.0536012433730027,0.106288013375262,-0.24132654921058,0.134124062464576,0.67218,0.103849859022964,25,0.614049267094562,,-0.0536012433730027,0.106288013375265,2,22,24,6.03683769639929e-16
annual,Leave out cohort 2013,ln_production,-7,0.205326525431888,2,22,24,soybean;onion,0.205326525431888,0.218857002011291,-0.0985211808530913,0.509174231716867,0.50533,0.21405220061234,25,0.348153644312378,,0.205326525431888,0.218857002011293,2,22,24,-1.11022302462516e-16
annual,Leave out cohort 2013,ln_production,-6,0.0806184048386701,2,22,24,soybean;onion,0.0806184048386694,0.172040659716785,-0.198101198395258,0.359338008072598,0.7532,0.168209356659381,25,0.639354946922329,,0.0806184048386694,0.17204065971679,2,22,24,6.93889390390723e-16
annual,Leave out cohort 2013,ln_production,-5,0.189242453160874,1,22,22,onion,0.189242453160874,0.187418189217607,-0.0764859656834069,0.454970872005155,0.40673,0.18330514634543,23,0.312622913811577,,0.189242453160874,0.187418189217591,1,22,22,-2.77555756156289e-17
annual,Leave out cohort 2013,ln_production,0,0.0597214743820319,3,22,22,soybean;onion;red_pepper,0.0597214743820317,0.225541144191371,-0.363542809803751,0.482985758567815,0.80057,0.220882812706724,25,0.79116975564345,,0.0597214743820317,0.22554114419137,3,22,22,1.66533453693773e-16
annual,Leave out cohort 2013,ln_production,1,0.0595475219310161,3,22,22,soybean;onion;red_pepper,0.0595475219310171,0.261555671204475,-0.426407342233722,0.545502386095754,0.83325,0.256153464233749,25,0.819905346107414,,0.0595475219310171,0.261555671204475,3,22,22,-9.5062846483529e-16
annual,Leave out cohort 2013,ln_production,2,-0.0716124850428197,3,20,22,soybean;onion;red_pepper,-0.0716124850428202,0.378012119498176,-0.750425673113809,0.60720070302817,0.85286,0.369629564874314,25,0.849744101470735,,-0.0716124850428202,0.37801211949817,3,20,22,5.41233724504764e-16
annual,Leave out cohort 2013,ln_production,3,-0.165218104926264,3,20,22,soybean;onion;red_pepper,-0.165218104926265,0.237748200085784,-0.604552048602593,0.274115838750065,0.50503,0.232551707236219,25,0.48709983455627,,-0.165218104926265,0.237748200085778,3,20,22,6.93889390390723e-16
annual,Leave out cohort 2013,ln_production,4,-0.158189894549402,3,15,22,soybean;onion;red_pepper,-0.158189894549401,0.254679137076705,-0.618829129378182,0.302449340279378,0.56766,0.248630514586037,25,0.534511399768149,,-0.158189894549401,0.254679137076704,3,15,22,-8.04911692853239e-16
annual,Leave out cohort 2013,ln_production,5,-0.216176333287539,3,14,20,soybean;onion;red_pepper,-0.216176333287539,0.256551571684861,-0.683551646515198,0.251198979940121,0.42256,0.250200801751674,23,0.399439152831877,,-0.216176333287539,0.25655157168486,3,14,20,4.71844785465692e-16
annual,Leave out cohort 2013,ln_production,6,0.00576107056425821,3,11,20,soybean;onion;red_pepper,0.0057610705642575,0.253750010755602,-0.44565048690482,0.457172628033336,0.98201,0.247118319686248,23,0.981886604163839,,0.0057610705642575,0.253750010755602,3,11,20,7.1730815731641e-16
annual,Leave out cohort 2013,ln_production,7,-0.0132547039289052,3,10,15,soybean;onion;red_pepper,-0.0132547039289052,0.368420810522631,-0.670262700486382,0.643753292628572,0.96615,0.356866086527063,18,0.971300636892237,,-0.0132547039289052,0.368420810522622,3,10,15,-8.67361737988404e-18
annual,Leave out cohort 2013,ln_production,8,-0.147469328427305,3,10,14,soybean;onion;red_pepper,-0.147469328427305,0.323815942576567,-0.73210684272344,0.43716818586883,0.63824,0.313278661919208,17,0.648813613715713,,-0.147469328427305,0.323815942576563,3,10,14,-5.82867087928207e-16
annual,Leave out cohort 2013,ln_production,9,-0.0417325810832609,3,8,11,soybean;onion;red_pepper,-0.0417325810832615,0.369874346077537,-0.709246309985485,0.625781147818963,0.90504,0.355601209471189,14,0.910166065400924,,-0.0417325810832615,0.36987434607753,3,8,11,6.03683769639929e-16
annual,Leave out cohort 2013,ln_yield,-12,-0.0913837569792322,3,22,24,soybean;onion;red_pepper,-0.091383756979232,0.0618328464432818,-0.202651127352454,0.0198836133939892,0.1478,0.0605907042902913,25,0.139430246314236,,-0.091383756979232,0.061832846443281,3,22,24,-1.66533453693773e-16
annual,Leave out cohort 2013,ln_yield,-11,-0.0601273429249025,3,22,24,soybean;onion;red_pepper,-0.0601273429249021,0.0590985046773504,-0.167161774953836,0.0469070891040311,0.34186,0.0578430565531902,25,0.308958963661636,,-0.0601273429249021,0.0590985046773496,3,22,24,-3.88578058618805e-16
annual,Leave out cohort 2013,ln_yield,-10,-0.0276092584728167,3,22,24,soybean;onion;red_pepper,-0.0276092584728165,0.0353335246506958,-0.0858234549780037,0.0306049380323702,0.55466,0.0346071993102963,25,0.434573223273612,,-0.0276092584728165,0.0353335246506945,3,22,24,-2.22044604925031e-16
annual,Leave out cohort 2013,ln_yield,-9,-0.0880863350052042,3,22,24,soybean;onion;red_pepper,-0.0880863350052039,0.0879302070506134,-0.221334986690396,0.045162316679988,0.40505,0.0862551898213779,25,0.316451989360272,,-0.0880863350052039,0.0879302070506112,3,22,24,-3.19189119579733e-16
annual,Leave out cohort 2013,ln_yield,-8,0.0269768300788995,2,22,24,soybean;onion,0.0269768300788987,0.0638872114372115,-0.07961645480605,0.133570114963849,0.75465,0.0624809290126237,25,0.672837351072557,,0.0269768300788987,0.0638872114372203,2,22,24,7.59808882477842e-16
annual,Leave out cohort 2013,ln_yield,-7,0.0521469250992281,2,22,24,soybean;onion,0.0521469250992281,0.0894481528028862,-0.0882353809385638,0.19252923113702,0.72621,0.0874768560527761,25,0.559903445167592,,0.0521469250992281,0.0894481528028928,2,22,24,-5.55111512312578e-17
annual,Leave out cohort 2013,ln_yield,-6,0.0416655767080555,2,22,24,soybean;onion,0.0416655767080549,0.102348275264427,-0.123198364377634,0.206529517793745,0.76509,0.100189136892712,25,0.68393745788086,,0.0416655767080549,0.102348275264433,2,22,24,6.45317133063372e-16
annual,Leave out cohort 2013,ln_yield,-5,0.0370500817738686,1,22,22,onion,0.0370500817738687,0.0394004065060613,-0.0252035337285856,0.0993036972763228,0.4446,0.0384750887886326,23,0.347039237904572,,0.0370500817738687,0.0394004065060413,1,22,22,-9.0205620750794e-17
annual,Leave out cohort 2013,ln_yield,0,0.00957347763454675,3,22,22,soybean;onion;red_pepper,0.00957347763454665,0.046331396972532,-0.077513062593363,0.0966600178624565,0.84107,0.0455011458525978,25,0.836298473910909,,0.00957347763454665,0.0463313969725359,3,22,22,1.04083408558608e-16
annual,Leave out cohort 2013,ln_yield,1,0.0950473015147785,3,22,22,soybean;onion;red_pepper,0.0950473015147787,0.092722323020268,-0.0706982965037895,0.260792899533347,0.3494,0.0909369037546133,25,0.305327972380586,,0.0950473015147787,0.0927223230202704,3,22,22,-1.38777878078145e-16
annual,Leave out cohort 2013,ln_yield,2,-0.0707673091729347,3,20,22,soybean;onion;red_pepper,-0.0707673091729353,0.146580297951235,-0.321677499130081,0.180142880784211,0.56882,0.143709834571196,25,0.629245786288269,,-0.0707673091729353,0.146580297951233,3,20,22,5.27355936696949e-16
annual,Leave out cohort 2013,ln_yield,3,0.0153495504957743,3,20,22,soybean;onion;red_pepper,0.0153495504957739,0.0992165661278431,-0.164027180131094,0.194726281122643,0.87775,0.0973728287819169,25,0.877051888503677,,0.0153495504957739,0.0992165661278435,3,20,22,4.02455846426619e-16
annual,Leave out cohort 2013,ln_yield,4,-0.0272627407515228,3,15,22,soybean;onion;red_pepper,-0.0272627407515223,0.0758170336883307,-0.166788596924585,0.112263115421539,0.73541,0.0743791127848295,25,0.719156785430218,,-0.0272627407515223,0.0758170336883281,3,15,22,-4.71844785465692e-16
annual,Leave out cohort 2013,ln_yield,5,-0.0999187390634391,3,14,20,soybean;onion;red_pepper,-0.0999187390634392,0.152812538288733,-0.362082544809187,0.162245066682308,0.51547,0.149568586424359,23,0.51319891677197,,-0.0999187390634392,0.152812538288736,3,14,20,2.77555756156289e-17
annual,Leave out cohort 2013,ln_yield,6,-0.0193091811196207,3,11,20,soybean;onion;red_pepper,-0.0193091811196207,0.0929792416335518,-0.186246847687417,0.147628485448175,0.86322,0.0910443914393278,23,0.835485114950765,,-0.0193091811196207,0.0929792416335567,3,11,20,-3.12250225675825e-17
annual,Leave out cohort 2013,ln_yield,7,-0.0351621605651737,3,10,15,soybean;onion;red_pepper,-0.0351621605651739,0.137848379718297,-0.284995227309602,0.214670906179254,0.80913,0.134181935036596,18,0.798662454750817,,-0.0351621605651739,0.137848379718297,3,10,15,1.59594559789866e-16
annual,Leave out cohort 2013,ln_yield,8,-0.0225852206989269,3,10,14,soybean;onion;red_pepper,-0.0225852206989266,0.143881042308146,-0.285736003941188,0.240565562543334,0.87583,0.13964015761017,17,0.875267322109465,,-0.0225852206989266,0.143881042308137,3,10,14,-2.22044604925031e-16
annual,Leave out cohort 2013,ln_yield,9,0.0828024410804254,3,8,11,soybean;onion;red_pepper,0.0828024410804252,0.139494334305506,-0.172591135468673,0.338196017629524,0.56843,0.134689264724673,14,0.552786374984302,,0.0828024410804252,0.139494334305502,3,8,11,2.08166817117217e-16
annual,Leave out cohort 2015,ln_area,-12,-0.259231167234625,6,22,27,soybean;onion;sweet_potato;corn;garlic;spring_potato,-0.259231167234626,0.14331484964362,-0.526288804538214,0.00782647006896398,0.05962,0.140529667312001,28,0.0704785373764028,,-0.259231167234626,0.14331484964362,6,22,27,6.66133814775094e-16
annual,Leave out cohort 2015,ln_area,-11,-0.170079222691092,6,22,27,soybean;onion;sweet_potato;corn;garlic;spring_potato,-0.170079222691093,0.0940392246247053,-0.345777483592421,0.00561903821023751,0.05949,0.0922472902750844,28,0.070513365178283,,-0.170079222691093,0.0940392246247064,6,22,27,1.0547118733939e-15
annual,Leave out cohort 2015,ln_area,-10,-0.18903534339593,6,22,27,soybean;onion;sweet_potato;corn;garlic;spring_potato,-0.189035343395932,0.0871180621044585,-0.349452831200879,-0.0286178555909818,0.01556,0.0854172983076415,28,0.0300162833071548,,-0.189035343395932,0.0871180621044576,6,22,27,9.99200722162641e-16
annual,Leave out cohort 2015,ln_area,-9,-0.140781395826987,6,22,27,soybean;onion;sweet_potato;corn;garlic;spring_potato,-0.140781395826989,0.0759304124031598,-0.281033765499861,-0.000529026154114265,0.04884,0.0745195203336791,28,0.0637270810742703,,-0.140781395826989,0.0759304124031583,6,22,27,1.36002320516582e-15
annual,Leave out cohort 2015,ln_area,-8,-0.000321571068643708,6,22,27,soybean;onion;sweet_potato;corn;garlic;spring_potato,-0.000321571068644298,0.0859096722606801,-0.158174549697366,0.157531407560079,0.99718,0.084390601123895,28,0.997013421364892,,-0.000321571068644298,0.0859096722606801,6,22,27,5.89805981832114e-16
annual,Leave out cohort 2015,ln_area,-7,-0.00784755614312682,6,22,27,soybean;onion;sweet_potato;corn;garlic;spring_potato,-0.00784755614312761,0.0783541230228006,-0.154715393048075,0.139020280761821,0.92357,0.0769304538655525,28,0.920221281731091,,-0.00784755614312761,0.0783541230228011,6,22,27,7.8236028766554e-16
annual,Leave out cohort 2015,ln_area,-6,0.0322285143493217,5,22,27,soybean;onion;sweet_potato;corn;garlic,0.0322285143493222,0.0446465705744908,-0.0517922879154741,0.116249316614117,0.48112,0.0437367524505214,28,0.47038136975089,,0.0322285143493222,0.0446465705744907,5,22,27,-5.68989300120393e-16
annual,Leave out cohort 2015,ln_area,-5,0.116459209164212,2,22,25,onion;garlic,0.116459209164212,0.0814501906005335,-0.0160871938640955,0.24900561219252,0.11808,0.0800739877259323,26,0.152768343215659,,0.116459209164212,0.0814501906005347,2,22,25,-2.22044604925031e-16
annual,Leave out cohort 2015,ln_area,0,0.210732460853011,6,22,22,soybean;onion;sweet_potato;corn;garlic;spring_potato,0.210732460853012,0.132530361384185,-0.0426429342474083,0.464107855953431,0.10827,0.130494828419079,28,0.111819181868527,,0.210732460853012,0.132530361384184,6,22,22,-1.66533453693773e-16
annual,Leave out cohort 2015,ln_area,1,0.110787291816609,6,22,22,soybean;onion;sweet_potato;corn;garlic;spring_potato,0.11078729181661,0.113528260513146,-0.105813086312512,0.327387669945731,0.33197,0.111668693997158,28,0.329135577524383,,0.11078729181661,0.113528260513146,6,22,22,-1.38777878078145e-16
annual,Leave out cohort 2015,ln_area,2,0.0797574416090323,6,22,22,soybean;onion;sweet_potato;corn;garlic;spring_potato,0.0797574416090324,0.142038379732356,-0.190070192274878,0.349585075492943,0.58447,0.139645154813757,28,0.57444285714099,,0.0797574416090324,0.142038379732356,6,22,22,-6.93889390390723e-17
annual,Leave out cohort 2015,ln_area,3,0.0244584834961157,6,22,22,soybean;onion;sweet_potato;corn;garlic;spring_potato,0.0244584834961158,0.146918028871777,-0.256736021984457,0.305652988976688,0.86897,0.144575321747184,28,0.867781524070125,,0.0244584834961158,0.146918028871777,6,22,22,-1.21430643318377e-16
annual,Leave out cohort 2015,ln_area,4,0.0601737951060777,6,20,22,soybean;onion;sweet_potato;corn;garlic;spring_potato,0.0601737951060769,0.136323763848189,-0.200268348152113,0.320615938364268,0.66131,0.133788147433449,28,0.658920863126676,,0.0601737951060769,0.136323763848191,6,20,22,7.49400541621981e-16
annual,Leave out cohort 2015,ln_area,5,0.0960871836889825,6,20,20,soybean;onion;sweet_potato;corn;garlic;spring_potato,0.0960871836889831,0.129501647359677,-0.148725128098066,0.340899495476031,0.46524,0.126794460741697,26,0.458101552202005,,0.0960871836889831,0.129501647359678,6,20,20,-6.10622663543836e-16
annual,Leave out cohort 2015,ln_area,6,0.240606771803315,6,15,20,soybean;onion;sweet_potato;corn;garlic;spring_potato,0.240606771803316,0.161900425355353,-0.0665063493886834,0.547719892995314,0.13362,0.158590273136945,26,0.137241973609517,,0.240606771803316,0.161900425355353,6,15,20,-5.82867087928207e-16
annual,Leave out cohort 2015,ln_area,7,0.265290193944116,6,14,15,soybean;onion;sweet_potato;corn;garlic;spring_potato,0.265290193944117,0.142875408160775,-0.00600921292386786,0.5365896008121,0.05548,0.139216447711753,21,0.063340474333889,,0.265290193944117,0.142875408160775,6,14,15,-7.21644966006352e-16
annual,Leave out cohort 2015,ln_area,8,0.123922076345424,6,11,14,soybean;onion;sweet_potato;corn;garlic;spring_potato,0.123922076345424,0.151787596011789,-0.161868093500108,0.409712246190956,0.41668,0.147855069173336,20,0.414261290510443,,0.123922076345424,0.151787596011789,6,11,14,-9.71445146547012e-17
annual,Leave out cohort 2015,ln_area,9,0.0824692708926762,6,10,11,soybean;onion;sweet_potato;corn;garlic;spring_potato,0.0824692708926757,0.166757821175596,-0.232166430682911,0.397104972468263,0.61853,0.16166790509853,17,0.620921231508903,,0.0824692708926757,0.166757821175597,6,10,11,5.68989300120393e-16
annual,Leave out cohort 2015,ln_production,-12,-0.312740956669041,6,22,27,soybean;onion;sweet_potato;corn;garlic;spring_potato,-0.312740956669043,0.149047168972527,-0.592250653422346,-0.0332312599157359,0.0252,0.146063437641952,28,0.0358814471226617,,-0.312740956669043,0.149047168972528,6,22,27,1.83186799063151e-15
annual,Leave out cohort 2015,ln_production,-11,-0.151847110277395,6,22,27,soybean;onion;sweet_potato;corn;garlic;spring_potato,-0.151847110277397,0.0790793136318722,-0.301197848157011,-0.00249637239777881,0.04553,0.0774404622510598,28,0.0548342187896025,,-0.151847110277397,0.0790793136318738,6,22,27,2.02615701994091e-15
annual,Leave out cohort 2015,ln_production,-10,-0.18142241744319,6,22,27,soybean;onion;sweet_potato;corn;garlic;spring_potato,-0.181422417443192,0.0772702940130355,-0.328537092645768,-0.0343077422406124,0.01209,0.0759460158275289,28,0.0188799211252468,,-0.181422417443192,0.077270294013039,6,22,27,1.4432899320127e-15
annual,Leave out cohort 2015,ln_production,-9,-0.155187756388554,6,22,27,soybean;onion;sweet_potato;corn;garlic;spring_potato,-0.155187756388556,0.077076475802968,-0.300316822735508,-0.0100586900416007,0.03297,0.0757115023709579,28,0.0440698653473721,,-0.155187756388556,0.0770764758029695,6,22,27,2.13717932240343e-15
annual,Leave out cohort 2015,ln_production,-8,-0.0153206816832505,6,22,27,soybean;onion;sweet_potato;corn;garlic;spring_potato,-0.0153206816832522,0.0893456125161716,-0.181305735067606,0.150664371701105,0.87206,0.0878846190986506,28,0.863849029964102,,-0.0153206816832522,0.0893456125161725,6,22,27,1.71564151774106e-15
annual,Leave out cohort 2015,ln_production,-7,-0.00125818171034828,6,22,27,soybean;onion;sweet_potato;corn;garlic;spring_potato,-0.00125818171034993,0.098906639999148,-0.182077129412506,0.179560765991809,0.99038,0.0970802142284512,28,0.989850462142226,,-0.00125818171034993,0.0989066399991481,6,22,27,1.64625257870199e-15
annual,Leave out cohort 2015,ln_production,-6,0.0356446921536649,5,22,27,soybean;onion;sweet_potato;corn;garlic,0.0356446921536659,0.0789768985110795,-0.106111416772393,0.177400801079723,0.70464,0.0776126216706255,28,0.651751283081882,,0.0356446921536659,0.0789768985110804,5,22,27,-9.36750677027476e-16
annual,Leave out cohort 2015,ln_production,-5,0.108284506074552,2,22,25,onion;garlic,0.108284506074553,0.0983919487084567,-0.0421529883531979,0.258722000502302,0.31251,0.096421613530729,26,0.271095889795155,,0.108284506074553,0.0983919487084543,2,22,25,-4.9960036108132e-16
annual,Leave out cohort 2015,ln_production,0,0.230945409394161,6,22,22,soybean;onion;sweet_potato;corn;garlic;spring_potato,0.230945409394161,0.128668623851283,-0.0134563953595632,0.475347214147885,0.06639,0.126372063080097,28,0.0726719915122878,,0.230945409394161,0.128668623851282,6,22,22,-2.77555756156289e-17
annual,Leave out cohort 2015,ln_production,1,0.154290558955834,6,22,22,soybean;onion;sweet_potato;corn;garlic;spring_potato,0.154290558955834,0.12176102575253,-0.0779535028478089,0.386534620759477,0.20104,0.11947329941775,28,0.205098503358582,,0.154290558955834,0.12176102575253,6,22,22,-2.77555756156289e-16
annual,Leave out cohort 2015,ln_production,2,0.0997783534796372,6,22,22,soybean;onion;sweet_potato;corn;garlic;spring_potato,0.0997783534796374,0.14509054070925,-0.177006020715591,0.376562727674865,0.4955,0.142383724838856,28,0.491643505814145,,0.0997783534796374,0.14509054070925,6,22,22,-2.22044604925031e-16
annual,Leave out cohort 2015,ln_production,3,0.0481453956191144,6,22,22,soybean;onion;sweet_potato;corn;garlic;spring_potato,0.0481453956191141,0.142519202069886,-0.224281139845335,0.320571931083564,0.73847,0.140065435085391,28,0.735501170379153,,0.0481453956191141,0.142519202069886,6,22,22,2.63677968348475e-16
annual,Leave out cohort 2015,ln_production,4,-0.0107446181088105,6,20,22,soybean;onion;sweet_potato;corn;garlic;spring_potato,-0.0107446181088116,0.143320963765452,-0.284305650712529,0.262816414494908,0.94131,0.140896456034304,28,0.940239439184866,,-0.0107446181088116,0.143320963765453,6,20,22,1.11542719505309e-15
annual,Leave out cohort 2015,ln_production,5,0.053267514816373,6,20,20,soybean;onion;sweet_potato;corn;garlic;spring_potato,0.0532675148163735,0.109262053394288,-0.15536003580012,0.261895065432866,0.62587,0.106975113417756,26,0.62588936379736,,0.0532675148163735,0.109262053394288,6,20,20,-5.06539254985228e-16
annual,Leave out cohort 2015,ln_production,6,0.231002144130429,6,15,20,soybean;onion;sweet_potato;corn;garlic;spring_potato,0.231002144130429,0.140058588590482,-0.0365940729841869,0.498598361245045,0.09229,0.136967363131389,26,0.0990810523350598,,0.231002144130429,0.140058588590482,6,15,20,6.10622663543836e-16
annual,Leave out cohort 2015,ln_production,7,0.311071750522301,6,14,15,soybean;onion;sweet_potato;corn;garlic;spring_potato,0.311071750522302,0.142981596355557,0.0406227172133689,0.581520783831233,0.02267,0.139384536557764,21,0.0295846654319934,,0.311071750522302,0.142981596355557,6,14,15,-7.21644966006352e-16
annual,Leave out cohort 2015,ln_production,8,0.134757179198137,6,11,14,soybean;onion;sweet_potato;corn;garlic;spring_potato,0.134757179198137,0.164335093037809,-0.176439875911655,0.445954234307929,0.40824,0.160037590381945,20,0.412207771620401,,0.134757179198137,0.164335093037809,6,11,14,-2.77555756156289e-17
annual,Leave out cohort 2015,ln_production,9,0.0650335765727624,6,10,11,soybean;onion;sweet_potato;corn;garlic;spring_potato,0.0650335765727616,0.211629278059053,-0.333938578922892,0.464005732068417,0.7593,0.20536532604874,17,0.758615397387897,,0.0650335765727616,0.211629278059052,6,10,11,8.46545056276682e-16
annual,Leave out cohort 2015,ln_yield,-12,-0.0553495712434876,6,22,27,soybean;onion;sweet_potato;corn;garlic;spring_potato,-0.0553495712434887,0.0676770684031576,-0.182388033006876,0.0716888905199003,0.43333,0.0666954257562616,28,0.413443849039676,,-0.0553495712434887,0.0676770684031576,6,22,27,1.07552855510562e-15
annual,Leave out cohort 2015,ln_yield,-11,0.017380782185534,6,22,27,soybean;onion;sweet_potato;corn;garlic;spring_potato,0.0173807821855332,0.0552163171626332,-0.0777825829844133,0.112544147355481,0.83133,0.0542983055656588,28,0.752931587704697,,0.0173807821855332,0.0552163171626323,6,22,27,8.46545056276682e-16
annual,Leave out cohort 2015,ln_yield,-10,0.00748426041010517,6,22,27,soybean;onion;sweet_potato;corn;garlic;spring_potato,0.0074842604101042,0.0435187425688868,-0.0713258553142041,0.0862943761344145,0.88642,0.0427565538424359,28,0.863454931325163,,0.0074842604101042,0.0435187425688854,6,22,27,9.74047231760977e-16
annual,Leave out cohort 2015,ln_yield,-9,-0.0139513285745985,6,22,27,soybean;onion;sweet_potato;corn;garlic;spring_potato,-0.0139513285745995,0.0489837807664444,-0.104099629215809,0.0761969720666117,0.79912,0.0481603904427197,28,0.775785675441489,,-0.0139513285745995,0.0489837807664434,6,22,27,9.47159017883337e-16
annual,Leave out cohort 2015,ln_yield,-8,-0.0149421304910962,6,22,27,soybean;onion;sweet_potato;corn;garlic;spring_potato,-0.0149421304910973,0.0309208115041216,-0.0732961765288784,0.043411915546686,0.64009,0.0304586206696408,28,0.628926311725289,,-0.0149421304910973,0.0309208115041245,6,22,27,1.14665221762067e-15
annual,Leave out cohort 2015,ln_yield,-7,0.00654504355179266,6,22,27,soybean;onion;sweet_potato;corn;garlic;spring_potato,0.00654504355179169,0.0369003722940848,-0.0609672390609765,0.0740573261645618,0.86293,0.0362464853045629,28,0.859217248343214,,0.00654504355179169,0.0369003722940835,6,22,27,9.64506252643105e-16
annual,Leave out cohort 2015,ln_yield,-6,0.0031951897085639,5,22,27,soybean;onion;sweet_potato;corn;garlic,0.00319518970856443,0.0415499392382017,-0.0682527115435538,0.0746430909606816,0.94247,0.0408280036258173,28,0.938703109397482,,0.00319518970856443,0.0415499392382034,5,22,27,-5.2952434104192e-16
annual,Leave out cohort 2015,ln_yield,-5,-0.00782944054885679,2,22,25,onion;garlic,-0.00782944054885646,0.0319619454078095,-0.0661631464794654,0.0505042653817519,0.80862,0.0314004424840088,26,0.806486376050528,,-0.00782944054885646,0.0319619454078004,2,22,25,-3.3133218391157e-16
annual,Leave out cohort 2015,ln_yield,0,0.0207737396682445,6,22,22,soybean;onion;sweet_potato;corn;garlic;spring_potato,0.0207737396682446,0.036725568581335,-0.0494982525166612,0.0910457318531501,0.57312,0.0360855919674964,28,0.571633178823891,,0.0207737396682446,0.0367255685813365,6,22,22,-1.38777878078145e-16
annual,Leave out cohort 2015,ln_yield,1,0.0442284049374245,6,22,22,soybean;onion;sweet_potato;corn;garlic;spring_potato,0.0442284049374249,0.0573173578059127,-0.060018212455999,0.148475022330848,0.4802,0.0562754181302676,28,0.44032727361494,,0.0442284049374249,0.0573173578059155,6,22,22,-4.02455846426619e-16
annual,Leave out cohort 2015,ln_yield,2,0.0209760254759116,6,22,22,soybean;onion;sweet_potato;corn;garlic;spring_potato,0.0209760254759118,0.050496866566592,-0.07461957045357,0.116571621405393,0.68522,0.0495510635541814,28,0.677854511643473,,0.0209760254759118,0.0504968665665924,6,22,22,-2.35922392732846e-16
annual,Leave out cohort 2015,ln_yield,3,0.0238657391156077,6,22,22,soybean;onion;sweet_potato;corn;garlic;spring_potato,0.023865739115608,0.0528874380515918,-0.0754363313584242,0.12316780958964,0.6663,0.0519594449232129,28,0.651805524837714,,0.023865739115608,0.052887438051593,6,22,22,-2.77555756156289e-16
annual,Leave out cohort 2015,ln_yield,4,-0.0705066921212975,6,20,22,soybean;onion;sweet_potato;corn;garlic;spring_potato,-0.0705066921212981,0.0554281856934224,-0.175233231006598,0.0342198467640034,0.20486,0.0543938982383666,28,0.203360043373554,,-0.0705066921212981,0.0554281856934221,6,20,22,6.38378239159465e-16
annual,Leave out cohort 2015,ln_yield,5,-0.042546899804123,6,20,20,soybean;onion;sweet_potato;corn;garlic;spring_potato,-0.0425468998041225,0.0638384217831738,-0.160530371447803,0.0754365718395567,0.53822,0.0627709675463574,26,0.505105659781444,,-0.0425468998041225,0.0638384217831734,6,20,20,-5.20417042793042e-16
annual,Leave out cohort 2015,ln_yield,6,-0.00950560811226896,6,15,20,soybean;onion;sweet_potato;corn;garlic;spring_potato,-0.00950560811226838,0.0548810118663953,-0.113290474020798,0.0942792577962602,0.86708,0.0539083320757853,26,0.862491117814291,,-0.00950560811226838,0.0548810118663963,6,15,20,-5.77662917500277e-16
annual,Leave out cohort 2015,ln_yield,7,0.0456039524466046,6,14,15,soybean;onion;sweet_potato;corn;garlic;spring_potato,0.0456039524466053,0.0758036088413092,-0.0983844044604258,0.189592309353635,0.54788,0.0740281191653105,21,0.547436025220798,,0.0456039524466053,0.075803608841309,6,14,15,-6.17561557447743e-16
annual,Leave out cohort 2015,ln_yield,8,0.0103156500156933,6,11,14,soybean;onion;sweet_potato;corn;garlic;spring_potato,0.0103156500156934,0.0779802585521997,-0.13723102609624,0.157862326127626,0.89543,0.076033721513806,20,0.8947585517417,,0.0103156500156934,0.0779802585521988,6,11,14,-6.93889390390723e-18
annual,Leave out cohort 2015,ln_yield,9,-0.0181314819084839,6,10,11,soybean;onion;sweet_potato;corn;garlic;spring_potato,-0.0181314819084844,0.11003140784224,-0.226004206244663,0.189741242427695,0.86967,0.106941121387034,17,0.869113523033369,,-0.0181314819084844,0.110031407842239,6,10,11,4.82253126321552e-16
fruit,Adding Peach and Grape (nationwide 2004),ln_area_harmonized,-12,-0.363697048453354,6,29,32,apple;pear;tangerine;plum;peach;grape,-0.363697048453353,0.23861104656771,-0.806412510060443,0.0790184131537357,0.1256,0.235611874104081,35,0.127452383102301,,-0.363697048453353,0.238611046567708,6,29,32,-5.55111512312578e-17
fruit,Adding Peach and Grape (nationwide 2004),ln_area_harmonized,-11,-0.325658183937182,6,29,32,apple;pear;tangerine;plum;peach;grape,-0.325658183937182,0.222211711593048,-0.741473888520109,0.0901575206457457,0.14477,0.219486262533679,35,0.142776061697481,,-0.325658183937182,0.222211711593046,6,29,32,-5.55111512312578e-17
fruit,Adding Peach and Grape (nationwide 2004),ln_area_harmonized,-10,-0.310130688810705,7,28,32,apple;pear;tangerine;astringent_persimmon;plum;peach;grape,-0.310130688810705,0.194814597453617,-0.676059115899563,0.0557977382781529,0.10901,0.19213515306758,36,0.111401025994777,,-0.310130688810705,0.194814597453616,7,28,32,-2.77555756156289e-16
fruit,Adding Peach and Grape (nationwide 2004),ln_area_harmonized,-9,-0.231834984072261,7,28,32,apple;pear;tangerine;astringent_persimmon;plum;peach;grape,-0.231834984072261,0.174479445007624,-0.565464511904966,0.101794543760445,0.18482,0.172000801397743,36,0.183939123357437,,-0.231834984072261,0.174479445007623,7,28,32,1.38777878078145e-16
fruit,Adding Peach and Grape (nationwide 2004),ln_area_harmonized,-8,-0.183095714899074,7,29,32,apple;pear;tangerine;astringent_persimmon;plum;peach;grape,-0.183095714899074,0.142613297993113,-0.456037392096926,0.0898459622987777,0.20012,0.14054018272217,36,0.19919043942051,,-0.183095714899074,0.142613297993113,7,29,32,5.55111512312578e-17
fruit,Adding Peach and Grape (nationwide 2004),ln_area_harmonized,-7,-0.114194756754355,7,29,32,apple;pear;tangerine;astringent_persimmon;plum;peach;grape,-0.114194756754355,0.111276823511366,-0.327399051731048,0.0990095382223369,0.31451,0.109677709010707,36,0.304786816550765,,-0.114194756754355,0.111276823511366,7,29,32,-8.32667268468867e-17
fruit,Adding Peach and Grape (nationwide 2004),ln_area_harmonized,-6,-0.0806255845763131,8,29,32,apple;pear;tangerine;sweet_persimmon;astringent_persimmon;plum;peach;grape,-0.0806255845763136,0.0721129074535471,-0.218827401419437,0.0575762322668105,0.26611,0.071155796111297,37,0.263547129358665,,-0.0806255845763136,0.072112907453547,8,29,32,5.55111512312578e-16
fruit,Adding Peach and Grape (nationwide 2004),ln_area_harmonized,-5,-0.062186996275159,7,30,34,apple;pear;tangerine;sweet_persimmon;astringent_persimmon;peach;grape,-0.0621869962751589,0.0548952050206387,-0.167336210811102,0.0429622182607841,0.2567,0.0541279664348767,37,0.257285182483439,,-0.0621869962751589,0.0548952050206385,7,30,34,-1.11022302462516e-16
fruit,Adding Peach and Grape (nationwide 2004),ln_area_harmonized,-4,-0.0195916284463646,7,30,34,apple;pear;tangerine;sweet_persimmon;astringent_persimmon;peach;grape,-0.0195916284463641,0.0314035084322794,-0.078278390327141,0.0390951334344118,0.5539,0.0309157226794301,37,0.53271460252085,,-0.0195916284463641,0.03140350843228,7,30,34,-4.9960036108132e-16
fruit,Adding Peach and Grape (nationwide 2004),ln_area_harmonized,0,0.0560712530502579,8,22,31,apple;pear;tangerine;sweet_persimmon;astringent_persimmon;plum;peach;grape,0.0560712530502578,0.081341105583768,-0.0963672560332001,0.208509762133716,0.50697,0.0802601205503003,37,0.490612616353007,,0.0560712530502578,0.0813411055837673,8,22,31,9.0205620750794e-17
fruit,Adding Peach and Grape (nationwide 2004),ln_area_harmonized,1,0.0550239850493228,8,22,31,apple;pear;tangerine;sweet_persimmon;astringent_persimmon;plum;peach;grape,0.0550239850493228,0.0895142244151521,-0.110904388378276,0.220952358476921,0.56363,0.0882114674254869,37,0.538755875625009,,0.0550239850493228,0.0895142244151511,8,22,31,-6.93889390390723e-18
fruit,Adding Peach and Grape (nationwide 2004),ln_area_harmonized,2,0.0661025526869298,8,22,31,apple;pear;tangerine;sweet_persimmon;astringent_persimmon;plum;peach;grape,0.0661025526869299,0.0981873794920784,-0.112109788870227,0.244314894244086,0.54669,0.096774560754044,37,0.500801864525388,,0.0661025526869299,0.0981873794920785,8,22,31,-1.2490009027033e-16
fruit,Adding Peach and Grape (nationwide 2004),ln_area_harmonized,3,0.0868806834918383,8,22,30,apple;pear;tangerine;sweet_persimmon;astringent_persimmon;plum;peach;grape,0.0868806834918382,0.102901590632737,-0.103554287746483,0.277315654730159,0.42749,0.101452097093529,37,0.398497059998865,,0.0868806834918382,0.102901590632738,8,22,30,8.32667268468867e-17
fruit,Adding Peach and Grape (nationwide 2004),ln_area_harmonized,4,0.131181419250228,8,22,30,apple;pear;tangerine;sweet_persimmon;astringent_persimmon;plum;peach;grape,0.131181419250228,0.122943513114007,-0.0984606459897008,0.360823484490157,0.30625,0.121306906027097,37,0.285969298832655,,0.131181419250228,0.122943513114008,8,22,30,0
fruit,Adding Peach and Grape (nationwide 2004),ln_area_harmonized,5,0.141780050254109,8,20,26,apple;pear;tangerine;sweet_persimmon;astringent_persimmon;plum;peach;grape,0.141780050254109,0.125770501870233,-0.0979201948189466,0.381480295327164,0.26606,0.123989895304807,34,0.259619145637436,,0.141780050254109,0.125770501870234,8,20,26,5.55111512312578e-17
fruit,Adding Peach and Grape (nationwide 2004),ln_area_harmonized,6,0.152756678834335,8,20,23,apple;pear;tangerine;sweet_persimmon;astringent_persimmon;plum;peach;grape,0.152756678834335,0.151259784403248,-0.13126424065169,0.436777598320359,0.32558,0.148849073251124,31,0.312545031843288,,0.152756678834335,0.151259784403249,8,20,23,-2.77555756156289e-17
fruit,Adding Peach and Grape (nationwide 2004),ln_area_harmonized,7,0.12143400961673,8,15,22,apple;pear;tangerine;sweet_persimmon;astringent_persimmon;plum;peach;grape,0.12143400961673,0.17464922991966,-0.20732904444433,0.45019706367779,0.50305,0.17185882483494,30,0.486865879066586,,0.12143400961673,0.17464922991966,8,15,22,-8.32667268468867e-17
fruit,Adding Peach and Grape (nationwide 2004),ln_area_harmonized,8,0.177312156205256,8,14,22,apple;pear;tangerine;sweet_persimmon;astringent_persimmon;plum;peach;grape,0.177312156205256,0.180481532840591,-0.165314560892029,0.519938873302542,0.33413,0.177651884945025,30,0.325883458327292,,0.177312156205256,0.180481532840592,8,14,22,-5.55111512312578e-17
fruit,Adding Peach and Grape (nationwide 2004),ln_area_harmonized,9,0.158064444527821,8,11,22,apple;pear;tangerine;sweet_persimmon;astringent_persimmon;plum;peach;grape,0.158064444527821,0.173056733907248,-0.172414997006497,0.48854388606214,0.36476,0.170257185626905,30,0.361049146312646,,0.158064444527821,0.173056733907248,8,11,22,-2.77555756156289e-17
fruit,Adding Peach and Grape (nationwide 2004),ln_production,-12,-0.356637035495565,6,29,32,apple;pear;tangerine;plum;peach;grape,-0.356637035495565,0.216352379070061,-0.753747180461783,0.0404731094706527,0.08987,0.212866623873225,35,0.0992689347084986,,-0.356637035495565,0.216352379070059,6,29,32,5.55111512312578e-17
fruit,Adding Peach and Grape (nationwide 2004),ln_production,-11,-0.310371346692247,6,29,32,apple;pear;tangerine;plum;peach;grape,-0.310371346692247,0.200344136743942,-0.680121427171296,0.059378733786802,0.11986,0.196951251307715,35,0.12133579657079,,-0.310371346692247,0.20034413674394,6,29,32,-1.11022302462516e-16
fruit,Adding Peach and Grape (nationwide 2004),ln_production,-10,-0.354334018189737,7,28,32,apple;pear;tangerine;astringent_persimmon;plum;peach;grape,-0.354334018189737,0.206369936151565,-0.737596335949122,0.0289282995696473,0.07822,0.202931825392908,36,0.0859819717238028,,-0.354334018189737,0.206369936151562,7,28,32,-5.55111512312578e-17
fruit,Adding Peach and Grape (nationwide 2004),ln_production,-9,-0.278867281374322,7,28,32,apple;pear;tangerine;astringent_persimmon;plum;peach;grape,-0.278867281374322,0.183616875270918,-0.6210390399072,0.0633044771585548,0.12718,0.180496162378151,36,0.1288265986405,,-0.278867281374322,0.183616875270917,7,28,32,-5.55111512312578e-17
fruit,Adding Peach and Grape (nationwide 2004),ln_production,-8,-0.309298379758632,7,29,32,apple;pear;tangerine;astringent_persimmon;plum;peach;grape,-0.309298379758632,0.177857441626394,-0.638986525331055,0.0203897658137905,0.07292,0.175017842579886,36,0.0820305214946128,,-0.309298379758632,0.177857441626394,7,29,32,-5.55111512312578e-17
fruit,Adding Peach and Grape (nationwide 2004),ln_production,-7,-0.172241992652061,7,29,32,apple;pear;tangerine;astringent_persimmon;plum;peach;grape,-0.172241992652061,0.132105642887791,-0.413502867732223,0.0690188824281003,0.21064,0.130071228702135,36,0.19229492736521,,-0.172241992652061,0.13210564288779,7,29,32,-1.94289029309402e-16
fruit,Adding Peach and Grape (nationwide 2004),ln_production,-6,-0.122622990959138,8,29,32,apple;pear;tangerine;sweet_persimmon;astringent_persimmon;plum;peach;grape,-0.122622990959138,0.0893933130695885,-0.290576371543632,0.045330389625356,0.17204,0.0880660523182741,37,0.170149241838276,,-0.122622990959138,0.0893933130695886,8,29,32,-3.05311331771918e-16
fruit,Adding Peach and Grape (nationwide 2004),ln_production,-5,-0.114327476372049,7,30,34,apple;pear;tangerine;sweet_persimmon;astringent_persimmon;peach;grape,-0.114327476372049,0.0701955246884504,-0.245948392685684,0.0172934399415862,0.09719,0.0691795078471365,37,0.103376466398406,,-0.114327476372049,0.0701955246884497,7,30,34,2.63677968348475e-16
fruit,Adding Peach and Grape (nationwide 2004),ln_production,-4,-0.0504622994164716,7,30,34,apple;pear;tangerine;sweet_persimmon;astringent_persimmon;peach;grape,-0.0504622994164714,0.0612867755286238,-0.166686263480711,0.0657616646477676,0.4236,0.0604272851181719,37,0.410291986777128,,-0.0504622994164714,0.061286775528624,7,30,34,-2.0122792321331e-16
fruit,Adding Peach and Grape (nationwide 2004),ln_production,0,0.0204569767918205,8,22,31,apple;pear;tangerine;sweet_persimmon;astringent_persimmon;plum;peach;grape,0.0204569767918205,0.105241728004138,-0.179268015823885,0.220181969407526,0.8518,0.103721931921482,37,0.845877681594419,,0.0204569767918205,0.105241728004136,8,22,31,6.93889390390723e-18
fruit,Adding Peach and Grape (nationwide 2004),ln_production,1,0.0188258175576942,8,22,31,apple;pear;tangerine;sweet_persimmon;astringent_persimmon;plum;peach;grape,0.0188258175576944,0.115764172041503,-0.203880392842928,0.241532027958317,0.87199,0.114246759024799,37,0.870815952723605,,0.0188258175576944,0.115764172041503,8,22,31,-1.80411241501588e-16
fruit,Adding Peach and Grape (nationwide 2004),ln_production,2,0.0297200938364544,8,22,31,apple;pear;tangerine;sweet_persimmon;astringent_persimmon;plum;peach;grape,0.0297200938364547,0.108312324761743,-0.178294436723499,0.237734624396408,0.78732,0.107016639226421,37,0.783782975796976,,0.0297200938364547,0.108312324761741,8,22,31,-2.46330733588707e-16
fruit,Adding Peach and Grape (nationwide 2004),ln_production,3,0.106118986494301,8,22,30,apple;pear;tangerine;sweet_persimmon;astringent_persimmon;plum;peach;grape,0.106118986494301,0.103089863400235,-0.092448423389052,0.304686396377654,0.30747,0.102129747037312,37,0.303299581126495,,0.106118986494301,0.103089863400233,8,22,30,2.77555756156289e-16
fruit,Adding Peach and Grape (nationwide 2004),ln_production,4,0.172875952543187,8,22,30,apple;pear;tangerine;sweet_persimmon;astringent_persimmon;plum;peach;grape,0.172875952543187,0.103321844449805,-0.024654674251244,0.370406579337618,0.09069,0.102445117481107,37,0.0942920399634563,,0.172875952543187,0.103321844449804,8,22,30,-2.77555756156289e-17
fruit,Adding Peach and Grape (nationwide 2004),ln_production,5,0.118523278416264,8,20,26,apple;pear;tangerine;sweet_persimmon;astringent_persimmon;plum;peach;grape,0.118523278416264,0.117106657374516,-0.104407256821575,0.341453813654103,0.32317,0.115913387888515,34,0.311491750932129,,0.118523278416264,0.117106657374515,8,20,26,-2.35922392732846e-16
fruit,Adding Peach and Grape (nationwide 2004),ln_production,6,0.136465471201022,8,20,23,apple;pear;tangerine;sweet_persimmon;astringent_persimmon;plum;peach;grape,0.136465471201022,0.147915528935747,-0.139436316994648,0.412367259396693,0.37908,0.145952202648565,31,0.356220615132341,,0.136465471201022,0.147915528935747,8,20,23,8.32667268468867e-17
fruit,Adding Peach and Grape (nationwide 2004),ln_production,7,0.0559498641712263,8,15,22,apple;pear;tangerine;sweet_persimmon;astringent_persimmon;plum;peach;grape,0.0559498641712262,0.17102115119609,-0.264888574555783,0.376788302898236,0.76007,0.168666431222167,30,0.74355313341643,,0.0559498641712262,0.17102115119609,8,15,22,1.52655665885959e-16
fruit,Adding Peach and Grape (nationwide 2004),ln_production,8,0.1297795777118,8,14,22,apple;pear;tangerine;sweet_persimmon;astringent_persimmon;plum;peach;grape,0.1297795777118,0.179246433062475,-0.20650899990299,0.46606815532659,0.48988,0.176723827298264,30,0.469048061431183,,0.1297795777118,0.179246433062475,8,14,22,2.22044604925031e-16
fruit,Adding Peach and Grape (nationwide 2004),ln_production,9,0.0346440734525762,8,11,22,apple;pear;tangerine;sweet_persimmon;astringent_persimmon;plum;peach;grape,0.0346440734525761,0.177388341278792,-0.304138784682719,0.373426931587871,0.8469,0.174637630909529,30,0.845157521613687,,0.0346440734525761,0.177388341278792,8,11,22,8.32667268468867e-17
fruit,Adding Peach and Grape (nationwide 2010),ln_area_harmonized,-12,-0.239364595979264,6,29,32,apple;pear;tangerine;plum;peach;grape,-0.239364595979264,0.214088894237962,-0.622074422189471,0.143345230230943,0.30144,0.211883561320594,37,0.263540636775848,,-0.239364595979264,0.214088894237961,6,29,32,2.77555756156289e-17
fruit,Adding Peach and Grape (nationwide 2010),ln_area_harmonized,-11,-0.181716258966717,6,29,32,apple;pear;tangerine;plum;peach;grape,-0.181716258966717,0.198490168141768,-0.537388084686162,0.173955566752728,0.41625,0.196448370832914,37,0.359933141407172,,-0.181716258966717,0.198490168141767,6,29,32,-1.11022302462516e-16
fruit,Adding Peach and Grape (nationwide 2010),ln_area_harmonized,-10,-0.201422651652269,7,28,34,apple;pear;tangerine;astringent_persimmon;plum;peach;grape,-0.201422651652269,0.181615028644428,-0.536666086477553,0.133820783173014,0.28851,0.179312048861883,37,0.267402665090907,,-0.201422651652269,0.181615028644426,7,28,34,-1.94289029309402e-16
fruit,Adding Peach and Grape (nationwide 2010),ln_area_harmonized,-9,-0.195108797132699,5,28,32,apple;pear;tangerine;astringent_persimmon;plum,-0.195108797132699,0.222892575298258,-0.614945961159971,0.224728366894573,0.37996,0.219998622274629,36,0.381384029969338,,-0.195108797132699,0.222892575298257,5,28,32,-5.55111512312578e-17
fruit,Adding Peach and Grape (nationwide 2010),ln_area_harmonized,-8,-0.152233477802252,5,29,32,apple;pear;tangerine;astringent_persimmon;plum,-0.152233477802252,0.178826496967231,-0.48584592536998,0.181378969765476,0.39112,0.176446647516,36,0.394607442481096,,-0.152233477802252,0.178826496967231,5,29,32,1.38777878078145e-16
fruit,Adding Peach and Grape (nationwide 2010),ln_area_harmonized,-7,-0.0964277861315396,5,29,32,apple;pear;tangerine;astringent_persimmon;plum,-0.0964277861315396,0.139722531828626,-0.361213497550913,0.168357925287834,0.4983,0.137732007334424,36,0.490107599787253,,-0.0964277861315396,0.139722531828626,5,29,32,-1.38777878078145e-17
fruit,Adding Peach and Grape (nationwide 2010),ln_area_harmonized,-6,-0.0691000673263319,6,29,32,apple;pear;tangerine;sweet_persimmon;astringent_persimmon;plum,-0.069100067326332,0.0846411917588942,-0.230151205957883,0.0919510713052193,0.42812,0.0835422266444254,37,0.414278162681832,,-0.069100067326332,0.0846411917588941,6,29,32,1.66533453693773e-16
fruit,Adding Peach and Grape (nationwide 2010),ln_area_harmonized,-5,-0.0644596268623523,5,30,34,apple;pear;tangerine;sweet_persimmon;astringent_persimmon,-0.0644596268623525,0.0628030041160571,-0.184119810956786,0.0552005572320817,0.31137,0.0619527900867675,37,0.304713405569525,,-0.0644596268623525,0.0628030041160568,5,30,34,2.35922392732846e-16
fruit,Adding Peach and Grape (nationwide 2010),ln_area_harmonized,-4,-0.0344444393231444,5,30,34,apple;pear;tangerine;sweet_persimmon;astringent_persimmon,-0.0344444393231439,0.0380614483418357,-0.102624962045652,0.0337360833993632,0.41673,0.0375215078019322,37,0.365481692413998,,-0.0344444393231439,0.0380614483418367,5,30,34,-4.57966997657877e-16
fruit,Adding Peach and Grape (nationwide 2010),ln_area_harmonized,0,0.0590852359425357,8,22,31,apple;pear;tangerine;sweet_persimmon;astringent_persimmon;plum;peach;grape,0.0590852359425357,0.101861301943568,-0.130300320050293,0.248470791935364,0.58111,0.1003256516777,37,0.561877009285246,,0.0590852359425357,0.101861301943568,8,22,31,2.08166817117217e-17
fruit,Adding Peach and Grape (nationwide 2010),ln_area_harmonized,1,0.0419330820351923,8,22,31,apple;pear;tangerine;sweet_persimmon;astringent_persimmon;plum;peach;grape,0.0419330820351924,0.112722405887452,-0.168347756239067,0.252213920309452,0.71554,0.111003364952226,37,0.709890557080191,,0.0419330820351924,0.112722405887451,8,22,31,-2.77555756156289e-17
fruit,Adding Peach and Grape (nationwide 2010),ln_area_harmonized,2,0.111696323032471,8,22,31,apple;pear;tangerine;sweet_persimmon;astringent_persimmon;plum;peach;grape,0.111696323032471,0.11890767710149,-0.113248670958186,0.336641317023128,0.36143,0.117163702458232,37,0.347549363551617,,0.111696323032471,0.11890767710149,8,22,31,-3.88578058618805e-16
fruit,Adding Peach and Grape (nationwide 2010),ln_area_harmonized,3,0.112858627254707,8,22,30,apple;pear;tangerine;sweet_persimmon;astringent_persimmon;plum;peach;grape,0.112858627254707,0.12026497850516,-0.114998064869217,0.34071531937863,0.35904,0.118469860684467,37,0.348030465037014,,0.112858627254707,0.120264978505161,8,22,30,-3.88578058618805e-16
fruit,Adding Peach and Grape (nationwide 2010),ln_area_harmonized,4,0.173242241507465,8,22,30,apple;pear;tangerine;sweet_persimmon;astringent_persimmon;plum;peach;grape,0.173242241507465,0.139823419114092,-0.0930196134208201,0.439504096435751,0.22049,0.137822201072731,37,0.215342782689575,,0.173242241507465,0.139823419114093,8,22,30,-8.32667268468867e-17
fruit,Adding Peach and Grape (nationwide 2010),ln_area_harmonized,5,0.170516904201581,8,20,26,apple;pear;tangerine;sweet_persimmon;astringent_persimmon;plum;peach;grape,0.170516904201581,0.145475263261532,-0.107764063215365,0.448797871618527,0.24266,0.143122987401938,34,0.24114215209241,,0.170516904201581,0.145475263261533,8,20,26,-7.49400541621981e-16
fruit,Adding Peach and Grape (nationwide 2010),ln_area_harmonized,6,0.193773286300127,8,20,23,apple;pear;tangerine;sweet_persimmon;astringent_persimmon;plum;peach;grape,0.193773286300127,0.170913809922163,-0.131673238129121,0.519219810729376,0.25884,0.167850925287764,31,0.256900032916604,,0.193773286300127,0.170913809922164,8,20,23,-5.55111512312578e-17
fruit,Adding Peach and Grape (nationwide 2010),ln_area_harmonized,7,0.19817366109708,8,15,22,apple;pear;tangerine;sweet_persimmon;astringent_persimmon;plum;peach;grape,0.19817366109708,0.180099040906722,-0.146250161787372,0.542597483981533,0.26878,0.176678791352346,30,0.271175588500535,,0.19817366109708,0.180099040906723,8,15,22,-8.32667268468867e-17
fruit,Adding Peach and Grape (nationwide 2010),ln_area_harmonized,8,0.213146437441795,8,14,22,apple;pear;tangerine;sweet_persimmon;astringent_persimmon;plum;peach;grape,0.213146437441795,0.184920276675243,-0.140495563757134,0.566788438640724,0.24725,0.181383822021221,30,0.249058333980454,,0.213146437441795,0.184920276675244,8,14,22,-2.77555756156289e-17
fruit,Adding Peach and Grape (nationwide 2010),ln_area_harmonized,9,0.220319314898773,8,11,22,apple;pear;tangerine;sweet_persimmon;astringent_persimmon;plum;peach;grape,0.220319314898773,0.184731238828763,-0.132928151823669,0.573566781621216,0.2302,0.18118048054883,30,0.233007317373187,,0.220319314898773,0.184731238828763,8,11,22,2.77555756156289e-17
fruit,Adding Peach and Grape (nationwide 2010),ln_production,-12,-0.150538771574827,6,29,32,apple;pear;tangerine;plum;peach;grape,-0.150538771574827,0.130571750274195,-0.385279324196062,0.0842017810464077,0.27079,0.128535168314759,37,0.248943255990464,,-0.150538771574827,0.130571750274195,6,29,32,-2.77555756156289e-17
fruit,Adding Peach and Grape (nationwide 2010),ln_production,-11,-0.108697997368943,6,29,32,apple;pear;tangerine;plum;peach;grape,-0.108697997368943,0.130612133621249,-0.344192870108499,0.126796875370613,0.44919,0.128267703537062,37,0.405284917167846,,-0.108697997368943,0.130612133621248,6,29,32,-4.85722573273506e-16
fruit,Adding Peach and Grape (nationwide 2010),ln_production,-10,-0.197528336265714,7,28,34,apple;pear;tangerine;astringent_persimmon;plum;peach;grape,-0.197528336265714,0.183589640454551,-0.520488564198207,0.125431891666779,0.34701,0.181014356636293,37,0.281961647036697,,-0.197528336265714,0.183589640454548,7,28,34,-2.4980018054066e-16
fruit,Adding Peach and Grape (nationwide 2010),ln_production,-9,-0.233710696364525,5,28,32,apple;pear;tangerine;astringent_persimmon;plum,-0.233710696364525,0.232644529027277,-0.653546492825824,0.186125100096775,0.36121,0.229187163120587,36,0.315097774594078,,-0.233710696364525,0.232644529027275,5,28,32,2.77555756156289e-17
fruit,Adding Peach and Grape (nationwide 2010),ln_production,-8,-0.309048626011784,5,29,32,apple;pear;tangerine;astringent_persimmon;plum,-0.309048626011784,0.233853731908881,-0.731412894772667,0.113315642749098,0.22169,0.230452433747564,36,0.186319144331262,,-0.309048626011784,0.233853731908881,5,29,32,-2.77555756156289e-16
fruit,Adding Peach and Grape (nationwide 2010),ln_production,-7,-0.175173900501674,5,29,32,apple;pear;tangerine;astringent_persimmon;plum,-0.175173900501674,0.175379096470742,-0.485672955796292,0.135325154792945,0.37819,0.172748265410547,36,0.317877057294626,,-0.175173900501674,0.175379096470741,5,29,32,2.22044604925031e-16
fruit,Adding Peach and Grape (nationwide 2010),ln_production,-6,-0.129084525710808,6,29,32,apple;pear;tangerine;sweet_persimmon;astringent_persimmon;plum,-0.129084525710807,0.115164276101731,-0.342781814088477,0.0846127626668612,0.28232,0.113665474683347,37,0.262341932372995,,-0.129084525710807,0.115164276101732,6,29,32,-5.82867087928207e-16
fruit,Adding Peach and Grape (nationwide 2010),ln_production,-5,-0.142590953872787,5,30,34,apple;pear;tangerine;sweet_persimmon;astringent_persimmon,-0.142590953872787,0.0909076654100674,-0.309066733151107,0.0238848254055323,0.11218,0.0896209796942094,37,0.116758639759884,,-0.142590953872787,0.0909076654100663,5,30,34,-2.22044604925031e-16
fruit,Adding Peach and Grape (nationwide 2010),ln_production,-4,-0.100708952975042,5,30,34,apple;pear;tangerine;sweet_persimmon;astringent_persimmon,-0.100708952975041,0.0836699754736519,-0.259168084214853,0.0577501782647677,0.24014,0.0824206891399761,37,0.228726793964531,,-0.100708952975041,0.0836699754736525,5,30,34,-9.85322934354826e-16
fruit,Adding Peach and Grape (nationwide 2010),ln_production,0,-0.00408003013176334,8,22,31,apple;pear;tangerine;sweet_persimmon;astringent_persimmon;plum;peach;grape,-0.00408003013176336,0.12174686360879,-0.233307058009132,0.225146997745606,0.97386,0.120217951002067,37,0.973265974081343,,-0.00408003013176336,0.121746863608788,8,22,31,1.90819582357449e-17
fruit,Adding Peach and Grape (nationwide 2010),ln_production,1,-0.0726616444248243,8,22,31,apple;pear;tangerine;sweet_persimmon;astringent_persimmon;plum;peach;grape,-0.0726616444248241,0.131251173539713,-0.323719505348607,0.178396216498958,0.58693,0.129471669468341,37,0.579847438018297,,-0.0726616444248241,0.131251173539712,8,22,31,-2.22044604925031e-16
fruit,Adding Peach and Grape (nationwide 2010),ln_production,2,0.00627117823840692,8,22,31,apple;pear;tangerine;sweet_persimmon;astringent_persimmon;plum;peach;grape,0.00627117823840754,0.126123451524851,-0.234443410830969,0.246985767307782,0.96191,0.124370390396329,37,0.960343495140572,,0.00627117823840754,0.12612345152485,8,22,31,-6.17561557447743e-16
fruit,Adding Peach and Grape (nationwide 2010),ln_production,3,0.0502549886703763,8,22,30,apple;pear;tangerine;sweet_persimmon;astringent_persimmon;plum;peach;grape,0.0502549886703769,0.128470717798348,-0.195371916455127,0.295881893795879,0.69866,0.126661584397431,37,0.695665264762294,,0.0502549886703769,0.128470717798347,8,22,30,-5.68989300120393e-16
fruit,Adding Peach and Grape (nationwide 2010),ln_production,4,0.112967953505817,8,22,30,apple;pear;tangerine;sweet_persimmon;astringent_persimmon;plum;peach;grape,0.112967953505817,0.135300413803029,-0.145436793657037,0.371372700668672,0.41362,0.133420517537114,37,0.403750551107668,,0.112967953505817,0.135300413803028,8,22,30,-9.71445146547012e-17
fruit,Adding Peach and Grape (nationwide 2010),ln_production,5,0.133596038194043,8,20,26,apple;pear;tangerine;sweet_persimmon;astringent_persimmon;plum;peach;grape,0.133596038194044,0.135089987903979,-0.123148868270804,0.39034094465889,0.32995,0.132873578943479,34,0.322691971212551,,0.133596038194044,0.135089987903977,8,20,26,-1.02695629777827e-15
fruit,Adding Peach and Grape (nationwide 2010),ln_production,6,0.183416562747717,8,20,23,apple;pear;tangerine;sweet_persimmon;astringent_persimmon;plum;peach;grape,0.183416562747717,0.165683056240143,-0.128682314105228,0.495515439600661,0.2751,0.163009536786564,31,0.268279786369156,,0.183416562747717,0.165683056240143,8,20,23,8.32667268468867e-17
fruit,Adding Peach and Grape (nationwide 2010),ln_production,7,0.145937770894096,8,15,22,apple;pear;tangerine;sweet_persimmon;astringent_persimmon;plum;peach;grape,0.145937770894095,0.170196278029605,-0.17775796643899,0.469633508227181,0.39578,0.167313022937583,30,0.391186588671919,,0.145937770894095,0.170196278029605,8,15,22,8.32667268468867e-17
fruit,Adding Peach and Grape (nationwide 2010),ln_production,8,0.156627211838733,8,14,22,apple;pear;tangerine;sweet_persimmon;astringent_persimmon;plum;peach;grape,0.156627211838733,0.182518859349031,-0.191002977432121,0.504257401109587,0.39639,0.179399091753436,30,0.390813716691275,,0.156627211838733,0.182518859349031,8,14,22,1.94289029309402e-16
fruit,Adding Peach and Grape (nationwide 2010),ln_production,9,0.0973417922471138,8,11,22,apple;pear;tangerine;sweet_persimmon;astringent_persimmon;plum;peach;grape,0.0973417922471137,0.190217623384058,-0.26665400452509,0.461337589019317,0.61251,0.187135686983813,30,0.608833628937328,,0.0973417922471137,0.190217623384058,8,11,22,1.11022302462516e-16
fruit,Apple and Pear dated 2001,ln_area_harmonized,-12,-0.347240555946498,2,28,29,tangerine;plum,-0.347240555946498,0.251473286861438,-0.770142733207482,0.0756616213144858,0.17969,0.247553044248368,31,0.167332830232199,,-0.347240555946498,0.251473286861433,2,28,29,5.55111512312578e-17
fruit,Apple and Pear dated 2001,ln_area_harmonized,-11,-0.319864491971813,2,28,29,tangerine;plum,-0.319864491971812,0.215832449133021,-0.691792996449843,0.0520640125062172,0.1534,0.212180054607281,31,0.138339305810095,,-0.319864491971812,0.215832449133026,2,28,29,-4.44089209850063e-16
fruit,Apple and Pear dated 2001,ln_area_harmonized,-10,-0.327968635213892,5,28,30,apple;pear;tangerine;astringent_persimmon;plum,-0.327968635213892,0.27386883128474,-0.824374797249719,0.168437526821935,0.25418,0.269220558286658,34,0.231096494884069,,-0.327968635213892,0.273868831284743,5,28,30,1.66533453693773e-16
fruit,Apple and Pear dated 2001,ln_area_harmonized,-9,-0.250147930622861,5,28,30,apple;pear;tangerine;astringent_persimmon;plum,-0.250147930622861,0.253821265271841,-0.714827397166569,0.214531535920846,0.34628,0.249410649558179,34,0.324364849199012,,-0.250147930622861,0.253821265271842,5,28,30,5.55111512312578e-17
fruit,Apple and Pear dated 2001,ln_area_harmonized,-8,-0.214836033010912,5,28,30,apple;pear;tangerine;astringent_persimmon;plum,-0.214836033010913,0.233795715002236,-0.630195873930491,0.200523807908666,0.40446,0.229795719975781,34,0.358145305791261,,-0.214836033010913,0.233795715002237,5,28,30,2.22044604925031e-16
fruit,Apple and Pear dated 2001,ln_area_harmonized,-7,-0.12602686238465,5,28,30,apple;pear;tangerine;astringent_persimmon;plum,-0.126026862384651,0.205094947112897,-0.500790695890919,0.248736971121618,0.56637,0.201601753749013,34,0.538897801077731,,-0.126026862384651,0.205094947112898,5,28,30,2.4980018054066e-16
fruit,Apple and Pear dated 2001,ln_area_harmonized,-6,-0.124635466931297,6,29,30,apple;pear;tangerine;sweet_persimmon;astringent_persimmon;plum,-0.124635466931297,0.140585024090177,-0.380896269955766,0.131625336093171,0.41045,0.138216583596048,35,0.375321936686766,,-0.124635466931297,0.140585024090179,6,29,30,2.77555756156289e-16
fruit,Apple and Pear dated 2001,ln_area_harmonized,-5,-0.0919180252550169,5,30,30,apple;pear;tangerine;sweet_persimmon;astringent_persimmon,-0.0919180252550169,0.122360963705309,-0.316482012411118,0.132645961901084,0.47882,0.120163514898623,35,0.452529992258391,,-0.0919180252550169,0.122360963705309,5,30,30,5.55111512312578e-17
fruit,Apple and Pear dated 2001,ln_area_harmonized,-4,-0.0168939363746021,5,30,32,apple;pear;tangerine;sweet_persimmon;astringent_persimmon,-0.0168939363746022,0.0795629490561218,-0.16477709161636,0.130989218867156,0.8493,0.0782219809327759,35,0.831846303812897,,-0.0168939363746022,0.0795629490561227,5,30,32,1.70002900645727e-16
fruit,Apple and Pear dated 2001,ln_area_harmonized,-3,-0.0103493439800237,2,32,32,apple;pear,-0.0103493439800244,0.0973561569489938,-0.192291124782264,0.171592436822217,0.91987,0.0957897948040464,33,0.915341198196923,,-0.0103493439800244,0.0973561569489937,2,32,32,6.38378239159465e-16
fruit,Apple and Pear dated 2001,ln_area_harmonized,-2,-0.0274458374879878,2,32,32,apple;pear,-0.027445837487989,0.0532443192337467,-0.12792556880333,0.0730338938273546,0.61687,0.0523604272213228,33,0.60622478221984,,-0.027445837487989,0.0532443192337482,2,32,32,1.11022302462516e-15
fruit,Apple and Pear dated 2001,ln_area_harmonized,0,0.0333946535143796,6,22,33,apple;pear;tangerine;sweet_persimmon;astringent_persimmon;plum,0.0333946535143794,0.0932006838884028,-0.131191415168158,0.197980722196917,0.78163,0.0917259775365125,35,0.720112005969927,,0.0333946535143794,0.0932006838884049,6,22,33,1.45716771982052e-16
fruit,Apple and Pear dated 2001,ln_area_harmonized,1,0.0459009321271456,6,22,31,apple;pear;tangerine;sweet_persimmon;astringent_persimmon;plum,0.0459009321271456,0.108798852156812,-0.142641128000465,0.234442992254757,0.755,0.107088295194464,35,0.673106756016404,,0.0459009321271456,0.108798852156811,6,22,31,3.46944695195361e-17
fruit,Apple and Pear dated 2001,ln_area_harmonized,2,0.0890679209794435,6,22,31,apple;pear;tangerine;sweet_persimmon;astringent_persimmon;plum,0.0890679209794435,0.119680972190101,-0.120505724398414,0.298641566357301,0.52893,0.117781525309191,35,0.456748708000482,,0.0890679209794435,0.119680972190102,6,22,31,-6.93889390390723e-17
fruit,Apple and Pear dated 2001,ln_area_harmonized,3,0.0886194692373233,6,22,31,apple;pear;tangerine;sweet_persimmon;astringent_persimmon;plum,0.0886194692373231,0.122322226891492,-0.130757778369508,0.307996716844155,0.51744,0.120290257456867,35,0.46877379910357,,0.0886194692373231,0.122322226891494,6,22,31,2.22044604925031e-16
fruit,Apple and Pear dated 2001,ln_area_harmonized,4,0.15250083731507,6,22,31,apple;pear;tangerine;sweet_persimmon;astringent_persimmon;plum,0.15250083731507,0.140290448636744,-0.102740488308481,0.407742162938622,0.30246,0.137988233869335,35,0.277020682125189,,0.15250083731507,0.140290448636745,6,22,31,3.05311331771918e-16
fruit,Apple and Pear dated 2001,ln_area_harmonized,5,0.171595717035419,6,20,30,apple;pear;tangerine;sweet_persimmon;astringent_persimmon;plum,0.171595717035419,0.133003301982799,-0.0770511218184585,0.420242555889297,0.20322,0.130915969745809,35,0.196994649283773,,0.171595717035419,0.133003301982801,6,20,30,3.60822483003176e-16
fruit,Apple and Pear dated 2001,ln_area_harmonized,6,0.183193480030889,6,20,30,apple;pear;tangerine;sweet_persimmon;astringent_persimmon;plum,0.183193480030889,0.140689381197276,-0.0830709464471491,0.449457906508927,0.196,0.138428249554614,35,0.192877740807753,,0.183193480030889,0.140689381197277,6,20,30,5.55111512312578e-17
fruit,Apple and Pear dated 2001,ln_area_harmonized,7,0.159486323531831,6,15,26,apple;pear;tangerine;sweet_persimmon;astringent_persimmon;plum,0.159486323531831,0.162957065519532,-0.150337850778975,0.469310497842638,0.33418,0.160215104191628,32,0.327727493532058,,0.159486323531831,0.162957065519531,6,15,26,1.11022302462516e-16
fruit,Apple and Pear dated 2001,ln_area_harmonized,8,0.21338757228426,6,14,23,apple;pear;tangerine;sweet_persimmon;astringent_persimmon;plum,0.21338757228426,0.171240553930845,-0.112362811173031,0.53913795574155,0.21161,0.167999169863475,29,0.212717571186568,,0.21338757228426,0.171240553930845,6,14,23,3.33066907387547e-16
fruit,Apple and Pear dated 2001,ln_area_harmonized,9,0.1627733302549,6,11,22,apple;pear;tangerine;sweet_persimmon;astringent_persimmon;plum,0.162773330254899,0.182551835790616,-0.184097081760553,0.509643742270352,0.37734,0.179032919156364,28,0.372577665697928,,0.162773330254899,0.182551835790616,6,11,22,5.55111512312578e-16
fruit,Apple and Pear dated 2001,ln_production,-12,-0.124286635011582,2,28,29,tangerine;plum,-0.124286635011582,0.186759941513147,-0.439421032622869,0.190847762599705,0.62815,0.183738963176388,31,0.50573795391673,,-0.124286635011582,0.186759941513141,2,28,29,2.77555756156289e-17
fruit,Apple and Pear dated 2001,ln_production,-11,-0.171404193001572,2,28,29,tangerine;plum,-0.171404193001572,0.134681198120234,-0.392903329726736,0.050094943723591,0.20126,0.132674613840316,31,0.203136557636262,,-0.171404193001572,0.134681198120242,2,28,29,-4.44089209850063e-16
fruit,Apple and Pear dated 2001,ln_production,-10,-0.334987731302245,5,28,30,apple;pear;tangerine;astringent_persimmon;plum,-0.334987731302245,0.250259718898195,-0.768747705087328,0.0987722424828389,0.21438,0.246595472963244,34,0.180713848598899,,-0.334987731302245,0.250259718898197,5,28,30,1.11022302462516e-16
fruit,Apple and Pear dated 2001,ln_production,-9,-0.248347030486468,5,28,30,apple;pear;tangerine;astringent_persimmon;plum,-0.248347030486468,0.237894627965608,-0.682609937993349,0.185915877020412,0.33525,0.234498458806608,34,0.296514487213419,,-0.248347030486468,0.237894627965609,5,28,30,-3.33066907387547e-16
fruit,Apple and Pear dated 2001,ln_production,-8,-0.339133523847302,5,28,30,apple;pear;tangerine;astringent_persimmon;plum,-0.339133523847301,0.232823741759657,-0.75863178584182,0.0803647381472166,0.16485,0.229331951266436,34,0.145223907518196,,-0.339133523847301,0.232823741759657,5,28,30,-2.77555756156289e-16
fruit,Apple and Pear dated 2001,ln_production,-7,-0.198987147280629,5,28,30,apple;pear;tangerine;astringent_persimmon;plum,-0.198987147280628,0.196603487750795,-0.555855667924317,0.157881373363059,0.35941,0.193790673644817,34,0.311478674018752,,-0.198987147280628,0.196603487750799,5,28,30,-2.22044604925031e-16
fruit,Apple and Pear dated 2001,ln_production,-6,-0.203081549176399,6,29,30,apple;pear;tangerine;sweet_persimmon;astringent_persimmon;plum,-0.203081549176398,0.160804304341416,-0.497547515877962,0.091384417525165,0.23056,0.158667208091013,35,0.20662111182077,,-0.203081549176398,0.160804304341418,6,29,30,-1.66533453693773e-16
fruit,Apple and Pear dated 2001,ln_production,-5,-0.148065940589023,5,30,30,apple;pear;tangerine;sweet_persimmon;astringent_persimmon,-0.148065940589023,0.132895300028524,-0.392799992928871,0.0966681117508255,0.29582,0.131030358516908,35,0.26521276913807,,-0.148065940589023,0.132895300028525,5,30,30,1.11022302462516e-16
fruit,Apple and Pear dated 2001,ln_production,-4,-0.0545031829155679,5,30,32,apple;pear;tangerine;sweet_persimmon;astringent_persimmon,-0.0545031829155678,0.0985380506254856,-0.242526297184917,0.133519931353782,0.5934,0.0970165168020434,35,0.580182518531863,,-0.0545031829155678,0.0985380506254874,5,30,32,-7.63278329429795e-17
fruit,Apple and Pear dated 2001,ln_production,-3,-0.169987478502818,2,32,32,apple;pear,-0.169987478502818,0.128172156194517,-0.387620127978215,0.047645170972579,0.1815,0.126466122470585,33,0.184759082060692,,-0.169987478502818,0.128172156194525,2,32,32,-4.16333634234434e-16
fruit,Apple and Pear dated 2001,ln_production,-2,-0.174492310107236,2,32,32,apple;pear,-0.174492310107235,0.140524663017633,-0.396631789616808,0.0476471694023362,0.21029,0.138613862557917,33,0.214339821067146,,-0.174492310107235,0.140524663017641,2,32,32,-1.30451205393456e-15
fruit,Apple and Pear dated 2001,ln_production,0,0.0316683806274384,6,22,33,apple;pear;tangerine;sweet_persimmon;astringent_persimmon;plum,0.031668380627438,0.121832211596327,-0.194154735304873,0.25749149655975,0.81401,0.120206015435564,35,0.794914389580642,,0.031668380627438,0.121832211596327,6,22,33,3.46944695195361e-16
fruit,Apple and Pear dated 2001,ln_production,1,-0.024512433468515,6,22,31,apple;pear;tangerine;sweet_persimmon;astringent_persimmon;plum,-0.0245124334685153,0.0996942845899834,-0.214468641171583,0.165443774234553,0.80946,0.0984802420863545,35,0.805778210791181,,-0.0245124334685153,0.0996942845899842,6,22,31,2.28983498828939e-16
fruit,Apple and Pear dated 2001,ln_production,2,-0.0299869173727926,6,22,31,apple;pear;tangerine;sweet_persimmon;astringent_persimmon;plum,-0.0299869173727926,0.10194094045787,-0.225423568312746,0.165449733567161,0.77456,0.100813105212551,35,0.768635866879534,,-0.0299869173727926,0.101940940457872,6,22,31,1.04083408558608e-17
fruit,Apple and Pear dated 2001,ln_production,3,0.0696695180077371,6,22,31,apple;pear;tangerine;sweet_persimmon;astringent_persimmon;plum,0.0696695180077369,0.123564274374975,-0.167084855147051,0.306423891162525,0.58278,0.122189607179652,35,0.572868328095326,,0.0696695180077369,0.123564274374977,6,22,31,2.22044604925031e-16
fruit,Apple and Pear dated 2001,ln_production,4,0.140293936719881,6,22,31,apple;pear;tangerine;sweet_persimmon;astringent_persimmon;plum,0.140293936719881,0.110438812435293,-0.0692094226411754,0.349797296080937,0.21173,0.109250680004816,35,0.203966461057413,,0.140293936719881,0.110438812435294,6,22,31,2.77555756156289e-16
fruit,Apple and Pear dated 2001,ln_production,5,0.158323903446561,6,20,30,apple;pear;tangerine;sweet_persimmon;astringent_persimmon;plum,0.158323903446561,0.0994110657008945,-0.0321733407774317,0.348821147670554,0.10853,0.0983569156780507,35,0.1112457982696,,0.158323903446561,0.0994110657008945,6,20,30,1.38777878078145e-16
fruit,Apple and Pear dated 2001,ln_production,6,0.181199169379635,6,20,30,apple;pear;tangerine;sweet_persimmon;astringent_persimmon;plum,0.181199169379635,0.123832974603514,-0.0551829944611793,0.417581333220449,0.14223,0.122234105136647,35,0.14339772629601,,0.181199169379635,0.123832974603513,6,20,30,-1.94289029309402e-16
fruit,Apple and Pear dated 2001,ln_production,7,0.173629908540049,6,15,26,apple;pear;tangerine;sweet_persimmon;astringent_persimmon;plum,0.173629908540048,0.131129376434821,-0.0756153372162579,0.422875154296355,0.18649,0.129156193806411,32,0.185466034005326,,0.173629908540048,0.13112937643482,6,15,26,3.60822483003176e-16
fruit,Apple and Pear dated 2001,ln_production,8,0.277572048255601,6,14,23,apple;pear;tangerine;sweet_persimmon;astringent_persimmon;plum,0.2775720482556,0.147052394191642,-0.000451555710523355,0.555595652221725,0.05055,0.144810987728324,29,0.0590833712787177,,0.2775720482556,0.147052394191641,6,14,23,1.66533453693773e-16
fruit,Apple and Pear dated 2001,ln_production,9,0.194575041441316,6,11,22,apple;pear;tangerine;sweet_persimmon;astringent_persimmon;plum,0.194575041441315,0.159723826473621,-0.110770733040113,0.499920815922745,0.22287,0.15696101766533,28,0.22314922598543,,0.194575041441315,0.159723826473621,6,11,22,2.22044604925031e-16
fruit,CS-A (preferred),ln_area_harmonized,-12,-0.325826045413889,4,28,30,apple;pear;tangerine;plum,-0.32582604541389,0.319176867540906,-0.88788869957723,0.236236608749452,0.35545,0.314446148798294,33,0.307333913865918,,-0.32582604541389,0.319176867540908,4,28,30,1.66533453693773e-16
fruit,CS-A (preferred),ln_area_harmonized,-11,-0.26921145472441,4,28,30,apple;pear;tangerine;plum,-0.26921145472441,0.298452547088711,-0.798652285742979,0.260229376294158,0.42507,0.294158757047683,33,0.367043950776782,,-0.26921145472441,0.298452547088714,4,28,30,-5.55111512312578e-17
fruit,CS-A (preferred),ln_area_harmonized,-10,-0.307130282823014,5,28,30,apple;pear;tangerine;astringent_persimmon;plum,-0.307130282823014,0.255716457376876,-0.776458708351,0.162198142704971,0.25352,0.252490119256751,34,0.229728724853226,,-0.307130282823014,0.255716457376879,5,28,30,-1.66533453693773e-16
fruit,CS-A (preferred),ln_area_harmonized,-9,-0.209567523521085,5,28,30,apple;pear;tangerine;astringent_persimmon;plum,-0.209567523521085,0.223286803411342,-0.630521567259978,0.211386520217808,0.35329,0.220537269548219,34,0.347957937056616,,-0.209567523521085,0.223286803411343,5,28,30,-2.77555756156289e-17
fruit,CS-A (preferred),ln_area_harmonized,-8,-0.164746082780419,5,28,30,apple;pear;tangerine;astringent_persimmon;plum,-0.16474608278042,0.178716975676656,-0.497244732124427,0.167752566563588,0.36502,0.176642888441209,34,0.356618969711987,,-0.16474608278042,0.178716975676655,5,28,30,3.88578058618805e-16
fruit,CS-A (preferred),ln_area_harmonized,-7,-0.10592465247825,5,28,30,apple;pear;tangerine;astringent_persimmon;plum,-0.10592465247825,0.138874779176118,-0.368518583391071,0.156669278434571,0.45295,0.137278309199958,34,0.445621462275955,,-0.10592465247825,0.138874779176118,5,28,30,3.19189119579733e-16
fruit,CS-A (preferred),ln_area_harmonized,-6,-0.0755696964636243,6,29,30,apple;pear;tangerine;sweet_persimmon;astringent_persimmon;plum,-0.0755696964636245,0.0851738695766913,-0.237902952272769,0.0867635593455205,0.38691,0.0840558758649875,35,0.374949496237927,,-0.0755696964636245,0.0851738695766918,6,29,30,2.08166817117217e-16
fruit,CS-A (preferred),ln_area_harmonized,-5,-0.0693170128644002,5,30,32,apple;pear;tangerine;sweet_persimmon;astringent_persimmon,-0.0693170128644003,0.0636926700135395,-0.191009552275478,0.0523755265466778,0.28073,0.0628198654640759,35,0.276460749858417,,-0.0693170128644003,0.0636926700135391,5,30,32,1.2490009027033e-16
fruit,CS-A (preferred),ln_area_harmonized,-4,-0.0359148845998631,5,30,32,apple;pear;tangerine;sweet_persimmon;astringent_persimmon,-0.035914884599863,0.0384849538739798,-0.105676699624054,0.0338469304243277,0.39442,0.0380575278505076,35,0.35070698135424,,-0.035914884599863,0.0384849538739827,5,30,32,-1.17961196366423e-16
fruit,CS-A (preferred),ln_area_harmonized,0,0.0558717275670741,6,22,31,apple;pear;tangerine;sweet_persimmon;astringent_persimmon;plum,0.055871727567074,0.0952263997631639,-0.118506469211064,0.230249924345212,0.58982,0.0939364415809568,35,0.557388286527063,,0.055871727567074,0.0952263997631654,6,22,31,1.80411241501588e-16
fruit,CS-A (preferred),ln_area_harmonized,1,0.0507555661079898,6,22,31,apple;pear;tangerine;sweet_persimmon;astringent_persimmon;plum,0.0507555661079897,0.110884328887279,-0.146464966079857,0.247976098295837,0.70262,0.109387367213857,35,0.647143307061865,,0.0507555661079897,0.110884328887279,6,22,31,9.71445146547012e-17
fruit,CS-A (preferred),ln_area_harmonized,2,0.0912247254816254,6,22,31,apple;pear;tangerine;sweet_persimmon;astringent_persimmon;plum,0.0912247254816256,0.118324932846833,-0.118711890854338,0.301161341817588,0.50791,0.116726248023586,35,0.440725956106529,,0.0912247254816256,0.118324932846834,6,22,31,-1.66533453693773e-16
fruit,CS-A (preferred),ln_area_harmonized,3,0.114035086915905,6,22,30,apple;pear;tangerine;sweet_persimmon;astringent_persimmon;plum,0.114035086915905,0.122131172876494,-0.107523402558457,0.335593576390267,0.39017,0.120470736040237,35,0.350453549655405,,0.114035086915905,0.122131172876494,6,22,30,2.77555756156289e-16
fruit,CS-A (preferred),ln_area_harmonized,4,0.179787242399143,6,22,30,apple;pear;tangerine;sweet_persimmon;astringent_persimmon;plum,0.179787242399143,0.144667062972194,-0.0868971154508293,0.446471600249116,0.22568,0.142737804275412,35,0.213954239960123,,0.179787242399143,0.144667062972194,6,22,30,1.66533453693773e-16
fruit,CS-A (preferred),ln_area_harmonized,5,0.174416082378855,6,20,26,apple;pear;tangerine;sweet_persimmon;astringent_persimmon;plum,0.174416082378855,0.143398774027104,-0.0968490879231823,0.445681252680892,0.22965,0.141252258646188,32,0.223870253833644,,0.174416082378855,0.143398774027106,6,20,26,1.11022302462516e-16
fruit,CS-A (preferred),ln_area_harmonized,6,0.18076698475614,6,20,23,apple;pear;tangerine;sweet_persimmon;astringent_persimmon;plum,0.180766984756139,0.159808531501797,-0.122770575335351,0.48430454484763,0.26344,0.157117126079449,29,0.257993109739118,,0.180766984756139,0.159808531501798,6,20,23,3.60822483003176e-16
fruit,CS-A (preferred),ln_area_harmonized,7,0.156756802883374,6,15,22,apple;pear;tangerine;sweet_persimmon;astringent_persimmon;plum,0.156756802883373,0.188214455425241,-0.20094559464607,0.514459200412818,0.41343,0.184791946213968,28,0.404922158144831,,0.156756802883373,0.18821445542524,6,15,22,2.4980018054066e-16
fruit,CS-A (preferred),ln_area_harmonized,8,0.178712503045339,6,14,22,apple;pear;tangerine;sweet_persimmon;astringent_persimmon;plum,0.178712503045339,0.196480805506071,-0.195222047228459,0.552647053319137,0.36819,0.192968217291659,28,0.363050784497876,,0.178712503045339,0.19648080550607,6,14,22,2.77555756156289e-16
fruit,CS-A (preferred),ln_area_harmonized,9,0.174309509946725,6,11,22,apple;pear;tangerine;sweet_persimmon;astringent_persimmon;plum,0.174309509946724,0.19048783502912,-0.188201061435925,0.536820081329375,0.36499,0.187033456178176,28,0.360155415588248,,0.174309509946724,0.19048783502912,6,11,22,6.38378239159465e-16
fruit,CS-A (preferred),ln_production,-12,-0.210392176410666,4,28,30,apple;pear;tangerine;plum,-0.210392176410666,0.196572735412007,-0.554478887907139,0.133694535085806,0.32585,0.193429973489773,33,0.284483429831932,,-0.210392176410666,0.196572735412009,4,28,30,-6.38378239159465e-16
fruit,CS-A (preferred),ln_production,-11,-0.178362655264085,4,28,30,apple;pear;tangerine;plum,-0.178362655264084,0.197520357985453,-0.5265920910539,0.169866780525731,0.42727,0.194373929468098,33,0.36652113361875,,-0.178362655264084,0.197520357985457,4,28,30,-5.27355936696949e-16
fruit,CS-A (preferred),ln_production,-10,-0.331949316629745,5,28,30,apple;pear;tangerine;astringent_persimmon;plum,-0.331949316629745,0.257765063167653,-0.780009070823955,0.116110437564465,0.24762,0.253968113159324,34,0.197816310545825,,-0.331949316629745,0.257765063167656,5,28,30,-5.55111512312578e-17
fruit,CS-A (preferred),ln_production,-9,-0.253510591410526,5,28,30,apple;pear;tangerine;astringent_persimmon;plum,-0.253510591410525,0.232697514142559,-0.673120733545626,0.166099550724574,0.32094,0.229151932873321,34,0.275958741729,,-0.253510591410525,0.232697514142561,5,28,30,-3.88578058618805e-16
fruit,CS-A (preferred),ln_production,-8,-0.325622341488484,5,28,30,apple;pear;tangerine;astringent_persimmon;plum,-0.325622341488484,0.233761832401478,-0.748267838555261,0.0970231555782932,0.18917,0.229954272976355,34,0.163629998856646,,-0.325622341488484,0.233761832401477,5,28,30,5.55111512312578e-17
fruit,CS-A (preferred),ln_production,-7,-0.187578561092835,5,28,30,apple;pear;tangerine;astringent_persimmon;plum,-0.187578561092835,0.174213633527581,-0.495904929854744,0.120747807669075,0.34387,0.171724094084246,34,0.281607278960214,,-0.187578561092835,0.174213633527585,5,28,30,0
fruit,CS-A (preferred),ln_production,-6,-0.136751411872305,6,29,30,apple;pear;tangerine;sweet_persimmon;astringent_persimmon;plum,-0.136751411872305,0.115871951423159,-0.351562092646913,0.0780592689023026,0.25166,0.11401408302162,35,0.237922961783124,,-0.136751411872305,0.11587195142316,6,29,30,-5.55111512312578e-17
fruit,CS-A (preferred),ln_production,-5,-0.148177510243248,5,30,32,apple;pear;tangerine;sweet_persimmon;astringent_persimmon,-0.148177510243248,0.0924683430504374,-0.318135720746804,0.0217807002603081,0.10218,0.0908848439059553,35,0.109052278982771,,-0.148177510243248,0.092468343050439,5,30,32,1.38777878078145e-16
fruit,CS-A (preferred),ln_production,-4,-0.101846781630791,5,30,32,apple;pear;tangerine;sweet_persimmon;astringent_persimmon,-0.101846781630792,0.08461093421751,-0.261302795623794,0.0576092323622109,0.23843,0.0831850874725373,35,0.228702809934777,,-0.101846781630792,0.0846109342175139,5,30,32,8.32667268468867e-17
fruit,CS-A (preferred),ln_production,0,0.0130809641811514,6,22,31,apple;pear;tangerine;sweet_persimmon;astringent_persimmon;plum,0.0130809641811512,0.122860515816009,-0.215116821867319,0.241278750229621,0.92421,0.121099980919227,35,0.915209423932212,,0.0130809641811512,0.122860515816009,6,22,31,2.56739074444567e-16
fruit,CS-A (preferred),ln_production,1,-0.0251171598821108,6,22,31,apple;pear;tangerine;sweet_persimmon;astringent_persimmon;plum,-0.0251171598821108,0.124657695362805,-0.262759674316773,0.212525354552551,0.84719,0.122744013059809,35,0.840316195286758,,-0.0251171598821108,0.124657695362806,6,22,31,5.89805981832114e-17
fruit,CS-A (preferred),ln_production,2,0.0117821493291311,6,22,31,apple;pear;tangerine;sweet_persimmon;astringent_persimmon;plum,0.0117821493291311,0.118553785341194,-0.214632671329062,0.238196969987324,0.92328,0.116872856599549,35,0.920834725905435,,0.0117821493291311,0.118553785341195,6,22,31,-8.67361737988404e-18
fruit,CS-A (preferred),ln_production,3,0.122961490666485,6,22,30,apple;pear;tangerine;sweet_persimmon;astringent_persimmon;plum,0.122961490666484,0.109475339482574,-0.0860221481998203,0.331945129532789,0.26465,0.107992456452864,35,0.261357258222396,,0.122961490666484,0.109475339482575,6,22,30,4.16333634234434e-16
fruit,CS-A (preferred),ln_production,4,0.204286072720719,6,22,30,apple;pear;tangerine;sweet_persimmon;astringent_persimmon;plum,0.204286072720719,0.103854406635624,0.00844569786200367,0.400126447579434,0.04004,0.102315922571449,35,0.0491782657379029,,0.204286072720719,0.103854406635624,6,22,30,1.38777878078145e-16
fruit,CS-A (preferred),ln_production,5,0.192980799527137,6,20,26,apple;pear;tangerine;sweet_persimmon;astringent_persimmon;plum,0.192980799527136,0.104147010181579,-0.00418605973987582,0.390147658794149,0.05572,0.102557522744105,32,0.0638873275116288,,0.192980799527136,0.104147010181578,6,20,26,3.05311331771918e-16
fruit,CS-A (preferred),ln_production,6,0.200474965958199,6,20,23,apple;pear;tangerine;sweet_persimmon;astringent_persimmon;plum,0.200474965958199,0.13164244789697,-0.0457805555703254,0.446730487486723,0.12225,0.129460924259937,29,0.127790032590594,,0.200474965958199,0.131642447896969,6,20,23,1.11022302462516e-16
fruit,CS-A (preferred),ln_production,7,0.14636485157929,6,15,22,apple;pear;tangerine;sweet_persimmon;astringent_persimmon;plum,0.14636485157929,0.150422030505144,-0.13281568273812,0.4255453858967,0.34675,0.147825076188949,28,0.330539372674217,,0.14636485157929,0.150422030505143,6,15,22,3.60822483003176e-16
fruit,CS-A (preferred),ln_production,8,0.176460015293655,6,14,22,apple;pear;tangerine;sweet_persimmon;astringent_persimmon;plum,0.176460015293655,0.173771605907737,-0.152028096067722,0.504948126655032,0.31923,0.171062033510593,28,0.309881394054265,,0.176460015293655,0.173771605907737,6,14,22,-8.32667268468867e-17
fruit,CS-A (preferred),ln_production,9,0.102146937042751,6,11,22,apple;pear;tangerine;sweet_persimmon;astringent_persimmon;plum,0.102146937042751,0.180863387908766,-0.24287830485632,0.447172178941823,0.57662,0.177784193069544,28,0.572227501266943,,0.102146937042751,0.180863387908767,6,11,22,-8.32667268468867e-17
fruit,CS-B (mean of all clean-pre years),ln_area_harmonized,-12,-0.0816227745842267,4,27,30,apple;pear;tangerine;plum,-0.0816227745842258,0.152083434468334,-0.336075688867677,0.172830139699223,0.72718,0.149852196781268,31,0.591476694436493,,-0.0816227745842257,0.152083434468337,4,27,30,-1.01307850997046e-15
fruit,CS-B (mean of all clean-pre years),ln_area_harmonized,-11,-0.02654598780174,4,27,30,apple;pear;tangerine;plum,-0.0265459878017393,0.1463373074403,-0.296110607698473,0.243018632094993,0.87417,0.144133808297802,31,0.856051472276841,,-0.0265459878017392,0.146337307440301,4,27,30,-7.8756445809347e-16
fruit,CS-B (mean of all clean-pre years),ln_area_harmonized,-10,-0.048316546573968,5,27,30,apple;pear;tangerine;astringent_persimmon;plum,-0.048316546573967,0.140612501253691,-0.312759482545188,0.216126389397252,0.7585,0.138376121107425,32,0.7311359390353,,-0.0483165465739683,0.140612501253692,5,27,30,3.46944695195361e-16
fruit,CS-B (mean of all clean-pre years),ln_area_harmonized,-9,0.0485721690785346,5,27,30,apple;pear;tangerine;astringent_persimmon;plum,0.0485721690785352,0.138898980489659,-0.199034072612443,0.296178410769512,0.78805,0.136617884797822,32,0.726568200355803,,0.0485721690785341,0.138898980489659,5,27,30,5.34294830600857e-16
fruit,CS-B (mean of all clean-pre years),ln_area_harmonized,-8,0.0994145001393936,5,27,30,apple;pear;tangerine;astringent_persimmon;plum,0.0994145001393944,0.125682962713088,-0.0978767185593769,0.296705718838164,0.59658,0.123636770863014,32,0.428947350087292,,0.0994145001393933,0.125682962713086,5,27,30,2.77555756156289e-16
fruit,CS-B (mean of all clean-pre years),ln_area_harmonized,-7,0.154724357433247,5,27,30,apple;pear;tangerine;astringent_persimmon;plum,0.154724357433248,0.131166024406285,-0.0395446284225316,0.348993343289026,0.2358,0.128898519369926,32,0.238156567027231,,0.154724357433246,0.131166024406285,5,27,30,5.82867087928207e-16
fruit,CS-B (mean of all clean-pre years),ln_area_harmonized,-6,0.138054701524466,6,27,30,apple;pear;tangerine;sweet_persimmon;astringent_persimmon;plum,0.138054701524466,0.108246143850331,-0.0414204474502434,0.317529850499176,0.24909,0.10644264817151,33,0.202175641603392,,0.138054701524467,0.108246143850331,6,27,30,-8.88178419700125e-16
fruit,CS-B (mean of all clean-pre years),ln_area_harmonized,-5,0.151796141588615,6,27,30,apple;pear;tangerine;sweet_persimmon;astringent_persimmon;plum,0.151796141588615,0.120877324372781,-0.0671759756708332,0.370768258848063,0.24345,0.118950742514031,33,0.209193299022479,,0.151796141588616,0.120877324372782,6,27,30,-1.0547118733939e-15
fruit,CS-B (mean of all clean-pre years),ln_area_harmonized,-4,0.112687324134722,5,28,30,apple;pear;tangerine;sweet_persimmon;astringent_persimmon,0.112687324134724,0.121499345854865,-0.108245149315648,0.333619797585093,0.39648,0.119754871247429,33,0.353681169153227,,0.112687324134721,0.121499345854866,5,28,30,9.99200722162641e-16
fruit,CS-B (mean of all clean-pre years),ln_area_harmonized,-3,0.146182592474196,5,28,30,apple;pear;tangerine;sweet_persimmon;astringent_persimmon,0.146182592474197,0.145385763723081,-0.124184356168751,0.416549541117143,0.3326,0.143154895406988,33,0.314665395239067,,0.146182592474196,0.145385763723082,5,28,30,3.60822483003176e-16
fruit,CS-B (mean of all clean-pre years),ln_area_harmonized,0,0.289901609239957,6,20,29,apple;pear;tangerine;sweet_persimmon;astringent_persimmon;plum,0.289901609239958,0.18492574731542,-0.0606912881002465,0.64049450658016,0.11326,0.181991878813358,33,0.116959349614226,,0.289901609239958,0.184925747315422,6,20,29,-9.43689570931383e-16
fruit,CS-B (mean of all clean-pre years),ln_area_harmonized,1,0.292163861930259,6,20,29,apple;pear;tangerine;sweet_persimmon;astringent_persimmon;plum,0.29216386193026,0.190829238835932,-0.0688960583332403,0.653223782193759,0.1235,0.1876537480997,33,0.125763827257085,,0.29216386193026,0.190829238835932,6,20,29,-3.33066907387547e-16
fruit,CS-B (mean of all clean-pre years),ln_area_harmonized,2,0.327758686022501,6,20,28,apple;pear;tangerine;sweet_persimmon;astringent_persimmon;plum,0.327758686022501,0.191448456797933,-0.0337503147720045,0.689267686817007,0.08064,0.188171996955638,33,0.0868977003779882,,0.327758686022501,0.191448456797933,6,20,28,-2.77555756156289e-16
fruit,CS-B (mean of all clean-pre years),ln_area_harmonized,3,0.343366081618221,6,20,28,apple;pear;tangerine;sweet_persimmon;astringent_persimmon;plum,0.34336608161822,0.186415623559159,-0.00919782089995891,0.6959299841364,0.05743,0.183240851452871,33,0.0654841716782723,,0.34336608161822,0.18641562355916,6,20,28,1.11022302462516e-16
fruit,CS-B (mean of all clean-pre years),ln_area_harmonized,4,0.410587628109288,6,20,28,apple;pear;tangerine;sweet_persimmon;astringent_persimmon;plum,0.410587628109288,0.209157969469806,0.0147005863589142,0.806474669859662,0.04129,0.205708861572136,33,0.0496403222183122,,0.410587628109288,0.209157969469806,6,20,28,3.33066907387547e-16
fruit,CS-B (mean of all clean-pre years),ln_area_harmonized,5,0.426327999476915,6,18,24,apple;pear;tangerine;sweet_persimmon;astringent_persimmon;plum,0.426327999476915,0.209057947175455,0.0286603086263785,0.823995690327451,0.03379,0.20546314771219,30,0.0414219431310128,,0.426327999476915,0.209057947175456,6,18,24,-2.77555756156289e-16
fruit,CS-B (mean of all clean-pre years),ln_area_harmonized,6,0.436465445201841,6,18,21,apple;pear;tangerine;sweet_persimmon;astringent_persimmon;plum,0.436465445201842,0.216711302668691,0.0255307690104888,0.847400121393193,0.03591,0.212382067384329,27,0.0440052307870263,,0.436465445201842,0.216711302668692,6,18,21,-7.21644966006352e-16
fruit,CS-B (mean of all clean-pre years),ln_area_harmonized,7,0.411227478093896,6,15,20,apple;pear;tangerine;sweet_persimmon;astringent_persimmon;plum,0.411227478093896,0.243243963640101,-0.0498485538259328,0.872303510013725,0.08417,0.238129976443612,26,0.0909138271862965,,0.411227478093896,0.2432439636401,6,15,20,2.22044604925031e-16
fruit,CS-B (mean of all clean-pre years),ln_area_harmonized,8,0.428816779109399,6,14,20,apple;pear;tangerine;sweet_persimmon;astringent_persimmon;plum,0.428816779109399,0.247652058736455,-0.0415135367287193,0.899147094947518,0.07706,0.242592408082634,26,0.0833574157839194,,0.428816779109399,0.247652058736454,6,14,20,5.55111512312578e-17
fruit,CS-B (mean of all clean-pre years),ln_area_harmonized,9,0.431300585141952,6,11,20,apple;pear;tangerine;sweet_persimmon;astringent_persimmon;plum,0.431300585141951,0.231628193324993,-0.00776565818487585,0.870366828468779,0.05466,0.226895467618387,26,0.062597681003678,,0.431300585141951,0.231628193324993,6,11,20,6.10622663543836e-16
fruit,CS-B (mean of all clean-pre years),ln_production,-12,0.0544148643586831,4,27,30,apple;pear;tangerine;plum,0.0544148643586836,0.106085141934095,-0.151774791591757,0.260604520309123,0.61537,0.104276729907998,31,0.607996248324517,,0.0544148643586836,0.106085141934096,4,27,30,-4.16333634234434e-16
fruit,CS-B (mean of all clean-pre years),ln_production,-11,0.0835573683887953,4,27,30,apple;pear;tangerine;plum,0.0835573683887957,0.111105032506328,-0.125034521847981,0.292149258625571,0.48815,0.109612335075465,31,0.452016505579114,,0.0835573683887956,0.111105032506326,4,27,30,-3.05311331771918e-16
fruit,CS-B (mean of all clean-pre years),ln_production,-10,-0.0122594237716807,5,27,30,apple;pear;tangerine;astringent_persimmon;plum,-0.0122594237716806,0.167306202058023,-0.30874980064255,0.284230953099188,0.93876,0.164730093112189,32,0.941586991308963,,-0.012259423771682,0.167306202058023,5,27,30,1.25593979660721e-15
fruit,CS-B (mean of all clean-pre years),ln_production,-9,0.0660311486761495,5,27,30,apple;pear;tangerine;astringent_persimmon;plum,0.0660311486761498,0.171013710590941,-0.215181495612275,0.347243792964574,0.81886,0.168413097724905,32,0.699410679274287,,0.0660311486761484,0.171013710590942,5,27,30,1.12410081243297e-15
fruit,CS-B (mean of all clean-pre years),ln_production,-8,0.00194936404592129,5,27,30,apple;pear;tangerine;astringent_persimmon;plum,0.00194936404592213,0.148972563777165,-0.26561485447263,0.269513582564473,0.99121,0.146735679592977,32,0.989559667562921,,0.00194936404592009,0.148972563777164,5,27,30,1.20259704972092e-15
fruit,CS-B (mean of all clean-pre years),ln_production,-7,0.134193920789337,5,27,30,apple;pear;tangerine;astringent_persimmon;plum,0.134193920789338,0.137800629593976,-0.0711960724997894,0.339583914078463,0.44323,0.135521942634212,32,0.330142635341944,,0.134193920789335,0.137800629593978,5,27,30,1.63757896132211e-15
fruit,CS-B (mean of all clean-pre years),ln_production,-6,0.113777616873561,6,27,30,apple;pear;tangerine;sweet_persimmon;astringent_persimmon;plum,0.113777616873561,0.10173979603027,-0.0558388455369822,0.283394079284105,0.30369,0.100236370673819,33,0.263430481576257,,0.113777616873562,0.10173979603027,6,27,30,-4.57966997657877e-16
fruit,CS-B (mean of all clean-pre years),ln_production,-5,0.123078776964526,6,27,30,apple;pear;tangerine;sweet_persimmon;astringent_persimmon;plum,0.123078776964526,0.11137148349406,-0.0780832293163047,0.324240783245356,0.29823,0.109541427339253,33,0.269107894532283,,0.123078776964526,0.111371483494061,6,27,30,-6.66133814775094e-16
fruit,CS-B (mean of all clean-pre years),ln_production,-4,0.0909977500041714,5,28,30,apple;pear;tangerine;sweet_persimmon;astringent_persimmon,0.090997750004172,0.0893048710165276,-0.0754551539755057,0.257450653983849,0.32688,0.0878923958930788,33,0.308223771615688,,0.0909977500041694,0.0893048710165278,5,28,30,2.06779038336435e-15
fruit,CS-B (mean of all clean-pre years),ln_production,-3,0.187295607873935,5,28,30,apple;pear;tangerine;sweet_persimmon;astringent_persimmon,0.187295607873936,0.153236440918142,-0.0851860536638868,0.459777269411756,0.27313,0.150640288824988,33,0.221607259107715,,0.187295607873933,0.153236440918144,5,28,30,1.63757896132211e-15
fruit,CS-B (mean of all clean-pre years),ln_production,0,0.282373501141747,6,20,29,apple;pear;tangerine;sweet_persimmon;astringent_persimmon;plum,0.282373501141747,0.209897041343602,-0.108787929605931,0.673534931889426,0.18811,0.206539029180714,33,0.178529893936329,,0.282373501141747,0.209897041343602,6,20,29,5.55111512312578e-17
fruit,CS-B (mean of all clean-pre years),ln_production,1,0.249130772695277,6,20,29,apple;pear;tangerine;sweet_persimmon;astringent_persimmon;plum,0.249130772695277,0.175559771760693,-0.0778769574783467,0.576138502868901,0.1658,0.173048602569296,33,0.155879991696154,,0.249130772695277,0.175559771760693,6,20,29,4.44089209850063e-16
fruit,CS-B (mean of all clean-pre years),ln_production,2,0.281059653000485,6,20,28,apple;pear;tangerine;sweet_persimmon;astringent_persimmon;plum,0.281059653000484,0.17918695442667,-0.0579676334378614,0.620086939438831,0.11636,0.176576998318178,33,0.116758093757491,,0.281059653000484,0.17918695442667,6,20,28,6.66133814775094e-16
fruit,CS-B (mean of all clean-pre years),ln_production,3,0.381853751335049,6,20,28,apple;pear;tangerine;sweet_persimmon;astringent_persimmon;plum,0.381853751335047,0.16819678009496,0.061196340547321,0.702511162122776,0.01454,0.165904216849572,33,0.023190612210521,,0.381853751335047,0.16819678009496,6,20,28,1.22124532708767e-15
fruit,CS-B (mean of all clean-pre years),ln_production,4,0.461586522782571,6,20,28,apple;pear;tangerine;sweet_persimmon;astringent_persimmon;plum,0.46158652278257,0.191915000135941,0.0943636601002087,0.828809385464934,0.01051,0.188861513047182,33,0.0161653309020205,,0.46158652278257,0.191915000135941,6,20,28,1.27675647831893e-15
fruit,CS-B (mean of all clean-pre years),ln_production,5,0.470732700110865,6,18,24,apple;pear;tangerine;sweet_persimmon;astringent_persimmon;plum,0.470732700110864,0.1837952168542,0.119617658625869,0.821847741595861,0.00521,0.180681667655987,30,0.0104317183850498,,0.470732700110864,0.183795216854201,6,18,24,6.66133814775094e-16
fruit,CS-B (mean of all clean-pre years),ln_production,6,0.481796368636461,6,18,21,apple;pear;tangerine;sweet_persimmon;astringent_persimmon;plum,0.481796368636461,0.201029170483221,0.0992437032528907,0.864349034020031,0.01135,0.19721110039999,27,0.0165457630165233,,0.481796368636461,0.20102917048322,6,18,21,-1.66533453693773e-16
fruit,CS-B (mean of all clean-pre years),ln_production,7,0.426814600808576,6,15,20,apple;pear;tangerine;sweet_persimmon;astringent_persimmon;plum,0.426814600808574,0.213299119676866,0.0210867915930014,0.83254241002415,0.03748,0.209133004296421,26,0.0453908427153114,,0.426814600808574,0.213299119676865,6,15,20,1.60982338570648e-15
fruit,CS-B (mean of all clean-pre years),ln_production,8,0.448679710186363,6,14,20,apple;pear;tangerine;sweet_persimmon;astringent_persimmon;plum,0.448679710186362,0.236849558102572,-0.0030259762870522,0.900385396659778,0.05179,0.232380090760902,26,0.0581764684073063,,0.448679710186362,0.236849558102572,6,14,20,7.7715611723761e-16
fruit,CS-B (mean of all clean-pre years),ln_production,9,0.379633023539669,6,11,20,apple;pear;tangerine;sweet_persimmon;astringent_persimmon;plum,0.379633023539668,0.2259581402597,-0.0468198063097347,0.806085853389074,0.08634,0.221742428957445,26,0.0929372134210005,,0.379633023539668,0.225958140259699,6,11,20,1.16573417585641e-15
fruit,Controls: field crops only,ln_area_harmonized,-12,-0.313815351749784,4,15,18,apple;pear;tangerine;plum,-0.313815351749783,0.32253433851904,-0.875805888838351,0.248175185338783,0.375,0.313754841784728,19,0.330569574067467,,-0.313815351749783,0.322534338519039,4,15,18,-4.9960036108132e-16
fruit,Controls: field crops only,ln_area_harmonized,-11,-0.256077329444497,4,15,18,apple;pear;tangerine;plum,-0.256077329444497,0.301334838584151,-0.78446027117645,0.272305612287455,0.44563,0.293034982359521,19,0.395430783898288,,-0.256077329444497,0.301334838584149,4,15,18,-4.44089209850063e-16
fruit,Controls: field crops only,ln_area_harmonized,-10,-0.281915659687117,5,15,18,apple;pear;tangerine;astringent_persimmon;plum,-0.281915659687116,0.252093184162641,-0.738973233458137,0.175141914083904,0.28066,0.245258095078412,20,0.2634391378652,,-0.281915659687116,0.252093184162639,5,15,18,-3.33066907387547e-16
fruit,Controls: field crops only,ln_area_harmonized,-9,-0.176440306400436,5,15,18,apple;pear;tangerine;astringent_persimmon;plum,-0.176440306400436,0.2221654385061,-0.589572594038866,0.236691981237994,0.43575,0.216117674164193,20,0.427088138829552,,-0.176440306400436,0.222165438506098,5,15,18,-1.11022302462516e-16
fruit,Controls: field crops only,ln_area_harmonized,-8,-0.141887771959513,5,15,18,apple;pear;tangerine;astringent_persimmon;plum,-0.141887771959513,0.178699435270942,-0.469863387083712,0.186087843164686,0.44887,0.173740981983358,20,0.427194061935213,,-0.141887771959513,0.17869943527094,5,15,18,4.44089209850063e-16
fruit,Controls: field crops only,ln_area_harmonized,-7,-0.098215711297978,5,15,18,apple;pear;tangerine;astringent_persimmon;plum,-0.0982157112979779,0.138189630427353,-0.355070294588629,0.158638871992673,0.49412,0.134374447980621,20,0.477250689711728,,-0.0982157112979779,0.138189630427353,5,15,18,-1.80411241501588e-16
fruit,Controls: field crops only,ln_area_harmonized,-6,-0.0645998842628592,6,15,18,apple;pear;tangerine;sweet_persimmon;astringent_persimmon;plum,-0.0645998842628596,0.0908771123783175,-0.23575472615013,0.106554957624412,0.48078,0.0884809339116073,21,0.477177950243137,,-0.0645998842628596,0.0908771123783175,6,15,18,3.88578058618805e-16
fruit,Controls: field crops only,ln_area_harmonized,-5,-0.0704877774302202,5,16,20,apple;pear;tangerine;sweet_persimmon;astringent_persimmon,-0.0704877774302199,0.0616341652861286,-0.186918840005264,0.0459432851448236,0.24861,0.0600535504489892,21,0.252769730390709,,-0.0704877774302199,0.0616341652861266,5,16,20,-2.91433543964104e-16
fruit,Controls: field crops only,ln_area_harmonized,-4,-0.0326765583930648,5,16,20,apple;pear;tangerine;sweet_persimmon;astringent_persimmon,-0.0326765583930648,0.0378416948103842,-0.103941131369061,0.0385880145829317,0.39017,0.0368228049598816,21,0.387858917166109,,-0.0326765583930648,0.0378416948103852,5,16,20,-1.38777878078145e-17
fruit,Controls: field crops only,ln_area_harmonized,0,0.020941203317106,6,8,17,apple;pear;tangerine;sweet_persimmon;astringent_persimmon;plum,0.0209412033171058,0.138761050554462,-0.23124334970026,0.273125756334472,0.88038,0.135422965203993,21,0.880042316492668,,0.0209412033171058,0.138761050554464,6,8,17,1.76941794549634e-16
fruit,Controls: field crops only,ln_area_harmonized,1,-0.0172976102622035,6,8,17,apple;pear;tangerine;sweet_persimmon;astringent_persimmon;plum,-0.0172976102622038,0.149622513476591,-0.288757511138573,0.254162290614166,0.90294,0.145951912388566,21,0.90796295364825,,-0.0172976102622038,0.149622513476593,6,8,17,3.08780778723872e-16
fruit,Controls: field crops only,ln_area_harmonized,2,0.00623159844967881,6,8,17,apple;pear;tangerine;sweet_persimmon;astringent_persimmon;plum,0.00623159844967885,0.155256802573299,-0.276204888059405,0.288668084958763,0.96722,0.151396395129397,21,0.967983615416642,,0.00623159844967885,0.1552568025733,6,8,17,-4.16333634234434e-17
fruit,Controls: field crops only,ln_area_harmonized,3,0.0477673273014025,6,8,16,apple;pear;tangerine;sweet_persimmon;astringent_persimmon;plum,0.0477673273014022,0.187702086694193,-0.296881134398344,0.392415789001149,0.79799,0.183027224945985,21,0.799121048331348,,0.0477673273014022,0.187702086694195,6,8,16,3.12250225675825e-16
fruit,Controls: field crops only,ln_area_harmonized,4,0.0721965312454265,6,8,16,apple;pear;tangerine;sweet_persimmon;astringent_persimmon;plum,0.0721965312454264,0.208761053632421,-0.31287524892477,0.457268311415623,0.73235,0.203481099714623,21,0.729467971985682,,0.0721965312454264,0.208761053632423,6,8,16,1.80411241501588e-16
fruit,Controls: field crops only,ln_area_harmonized,5,0.0821800436898601,6,7,12,apple;pear;tangerine;sweet_persimmon;astringent_persimmon;plum,0.08218004368986,0.220821679299511,-0.328886868552625,0.493246955932345,0.71416,0.214315000250165,18,0.709776937138741,,0.08218004368986,0.220821679299513,6,7,12,9.71445146547012e-17
fruit,Controls: field crops only,ln_area_harmonized,6,0.0245684934445056,6,7,9,apple;pear;tangerine;sweet_persimmon;astringent_persimmon;plum,0.024568493444505,0.28862501333561,-0.492061472883167,0.541198459772178,0.94144,0.278582066692989,15,0.932163973209669,,0.024568493444505,0.288625013335611,6,7,9,5.44703171456717e-16
fruit,Controls: field crops only,ln_area_harmonized,7,0.0108439990075325,6,7,8,apple;pear;tangerine;sweet_persimmon;astringent_persimmon;plum,0.0108439990075323,0.349220043057278,-0.600030968358574,0.621718966373639,0.97969,0.336222757445971,14,0.975228028009058,,0.0108439990075323,0.349220043057278,6,7,8,1.57859836313889e-16
fruit,Controls: field crops only,ln_area_harmonized,8,0.091091010757299,6,6,8,apple;pear;tangerine;sweet_persimmon;astringent_persimmon;plum,0.0910910107572988,0.368966288480869,-0.568065292782221,0.750247314296819,0.82117,0.355227606296928,14,0.804999808231914,,0.0910910107572988,0.36896628848087,6,6,8,1.52655665885959e-16
fruit,Controls: field crops only,ln_area_harmonized,9,0.0726331689627792,6,4,8,apple;pear;tangerine;sweet_persimmon;astringent_persimmon;plum,0.0726331689627786,0.341473637924209,-0.555944406016971,0.70121074394253,0.83595,0.329080790736874,14,0.831557023609589,,0.0726331689627786,0.341473637924211,6,4,8,5.27355936696949e-16
fruit,Controls: field crops only,ln_production,-12,-0.222459865914515,4,15,18,apple;pear;tangerine;plum,-0.222459865914515,0.21364317914359,-0.593902984004187,0.148983252175157,0.34095,0.208179206948622,19,0.297751053454539,,-0.222459865914515,0.213643179143593,4,15,18,3.05311331771918e-16
fruit,Controls: field crops only,ln_production,-11,-0.194432629314242,4,15,18,apple;pear;tangerine;plum,-0.194432629314242,0.217730858067593,-0.568988878237581,0.180123619609097,0.43506,0.212031239509419,19,0.371859698485551,,-0.194432629314242,0.217730858067592,4,15,18,3.05311331771918e-16
fruit,Controls: field crops only,ln_production,-10,-0.32346549237457,5,15,18,apple;pear;tangerine;astringent_persimmon;plum,-0.323465492374571,0.261976036962434,-0.790646035932912,0.143715051183771,0.24768,0.255068586152088,20,0.216936946759072,,-0.323465492374571,0.261976036962432,5,15,18,4.44089209850063e-16
fruit,Controls: field crops only,ln_production,-9,-0.247523905259569,5,15,18,apple;pear;tangerine;astringent_persimmon;plum,-0.24752390525957,0.2485357787593,-0.704579450264746,0.209531639745607,0.33139,0.241697938310585,20,0.319284808583117,,-0.24752390525957,0.248535778759298,5,15,18,2.4980018054066e-16
fruit,Controls: field crops only,ln_production,-8,-0.334090341659625,5,15,18,apple;pear;tangerine;astringent_persimmon;plum,-0.334090341659625,0.239359908969242,-0.770536872917377,0.102356189598127,0.17383,0.232840591873317,20,0.16278507404787,,-0.334090341659625,0.239359908969239,5,15,18,1.11022302462516e-16
fruit,Controls: field crops only,ln_production,-7,-0.204540547692707,5,15,18,apple;pear;tangerine;astringent_persimmon;plum,-0.204540547692707,0.176842149081721,-0.523797895966311,0.114716800580897,0.27985,0.171977787014938,20,0.247424454938972,,-0.204540547692707,0.176842149081722,5,15,18,5.55111512312578e-17
fruit,Controls: field crops only,ln_production,-6,-0.142768749223833,6,15,18,apple;pear;tangerine;sweet_persimmon;astringent_persimmon;plum,-0.142768749223833,0.123854984525865,-0.374903085610387,0.0893655871627218,0.25287,0.120672231671961,21,0.249029866458859,,-0.142768749223833,0.123854984525865,6,15,18,2.77555756156289e-17
fruit,Controls: field crops only,ln_production,-5,-0.163055210978654,5,16,20,apple;pear;tangerine;sweet_persimmon;astringent_persimmon,-0.163055210978654,0.0899790396403157,-0.332401139490806,0.0062907175334978,0.0608,0.0877573004827804,21,0.0699635472132185,,-0.163055210978654,0.0899790396403155,5,16,20,2.77555756156289e-16
fruit,Controls: field crops only,ln_production,-4,-0.106985138959289,5,16,20,apple;pear;tangerine;sweet_persimmon;astringent_persimmon,-0.106985138959289,0.092416681237356,-0.27790330929785,0.0639330313792729,0.25581,0.090224297901427,21,0.247011455277257,,-0.106985138959289,0.0924166812373598,5,16,20,4.71844785465692e-16
fruit,Controls: field crops only,ln_production,0,-0.0174234310265244,6,8,17,apple;pear;tangerine;sweet_persimmon;astringent_persimmon;plum,-0.0174234310265246,0.159332829007676,-0.309726505321721,0.274879643268672,0.91396,0.155274821109724,21,0.912922967761355,,-0.0174234310265246,0.159332829007678,6,8,17,1.94289029309402e-16
fruit,Controls: field crops only,ln_production,1,-0.0957353490641136,6,8,17,apple;pear;tangerine;sweet_persimmon;astringent_persimmon;plum,-0.0957353490641136,0.152318663347874,-0.379529702642308,0.188059004514081,0.54438,0.148573219288328,21,0.529663251132042,,-0.0957353490641136,0.152318663347872,6,8,17,-2.77555756156289e-17
fruit,Controls: field crops only,ln_production,2,-0.0662186796665677,6,8,17,apple;pear;tangerine;sweet_persimmon;astringent_persimmon;plum,-0.0662186796665677,0.173325841627206,-0.390576787970364,0.258139428637229,0.7111,0.168793135653152,21,0.702426238375515,,-0.0662186796665677,0.173325841627207,6,8,17,4.16333634234434e-17
fruit,Controls: field crops only,ln_production,3,0.0659135762438079,6,8,16,apple;pear;tangerine;sweet_persimmon;astringent_persimmon;plum,0.0659135762438072,0.174032683633109,-0.257088525815264,0.38891567830288,0.72027,0.169600472237517,21,0.704879079035889,,0.0659135762438072,0.174032683633109,6,8,16,7.07767178198537e-16
fruit,Controls: field crops only,ln_production,4,0.0869970344775439,6,8,16,apple;pear;tangerine;sweet_persimmon;astringent_persimmon;plum,0.0869970344775436,0.194141519292355,-0.267935332519846,0.441929401474934,0.68542,0.189414564565824,21,0.654072776993537,,0.0869970344775436,0.194141519292355,6,8,16,3.46944695195361e-16
fruit,Controls: field crops only,ln_production,5,0.0947383366802188,6,7,12,apple;pear;tangerine;sweet_persimmon;astringent_persimmon;plum,0.0947383366802184,0.201939009322986,-0.272831154599579,0.462307827960016,0.66582,0.196379699185222,18,0.638967198400948,,0.0947383366802184,0.201939009322986,6,7,12,3.19189119579733e-16
fruit,Controls: field crops only,ln_production,6,0.0482706029551403,6,7,9,apple;pear;tangerine;sweet_persimmon;astringent_persimmon;plum,0.0482706029551401,0.296404873760714,-0.475851763090479,0.572392969000759,0.89173,0.286638970517191,15,0.870633698981755,,0.0482706029551401,0.296404873760713,6,7,9,1.66533453693773e-16
fruit,Controls: field crops only,ln_production,7,0.00301212682548458,6,7,8,apple;pear;tangerine;sweet_persimmon;astringent_persimmon;plum,0.00301212682548407,0.362099219471958,-0.630746202011078,0.636770455662047,0.99486,0.348796716510163,14,0.993362863980848,,0.00301212682548407,0.362099219471958,6,7,8,5.08707659330199e-16
fruit,Controls: field crops only,ln_production,8,0.0968473367148893,6,6,8,apple;pear;tangerine;sweet_persimmon;astringent_persimmon;plum,0.0968473367148893,0.396602543558435,-0.607346270125567,0.801040943555346,0.82759,0.381973006291316,14,0.807081793802315,,0.0968473367148893,0.396602543558436,6,6,8,1.38777878078145e-17
fruit,Controls: field crops only,ln_production,9,-0.00882225601209107,6,4,8,apple;pear;tangerine;sweet_persimmon;astringent_persimmon;plum,-0.00882225601209111,0.36555266759889,-0.684056354849513,0.66641184282533,0.98159,0.351711562146215,14,0.980745705827966,,-0.00882225601209111,0.365552667598892,6,4,8,3.6429192995513e-17
price,"Approximate matches included (+ all-potato, pooled vegetable items)",ln_real_linked,-12,-0.229140087697583,5,12,16,onion;sweet_potato;garlic;red_pepper;potato,-0.229140087697583,0.225933362425322,-0.656092365923792,0.197812190528625,0.30683,0.219546551110681,17,0.310490556091537,,-0.229140087697583,0.225933362425322,5,12,16,-2.22044604925031e-16
price,"Approximate matches included (+ all-potato, pooled vegetable items)",ln_real_linked,-11,-0.339837222322968,5,12,16,onion;sweet_potato;garlic;red_pepper;potato,-0.339837222322968,0.212096676446264,-0.737614428902209,0.057939984256272,0.10019,0.206108255215157,17,0.109094790541601,,-0.339837222322968,0.212096676446264,5,12,16,-2.77555756156289e-16
price,"Approximate matches included (+ all-potato, pooled vegetable items)",ln_real_linked,-10,-0.330489334015172,5,12,16,onion;sweet_potato;garlic;red_pepper;potato,-0.330489334015171,0.21617917799707,-0.737111499096872,0.0761328310665287,0.11953,0.210570018277852,17,0.126320219201146,,-0.330489334015171,0.21617917799707,5,12,16,-3.33066907387547e-16
price,"Approximate matches included (+ all-potato, pooled vegetable items)",ln_real_linked,-9,-0.0623870042334554,5,12,16,onion;sweet_potato;garlic;red_pepper;potato,-0.0623870042334552,0.167238689079093,-0.377629725551888,0.252855717084977,0.71362,0.163002072345177,17,0.709117411156893,,-0.0623870042334552,0.167238689079093,5,12,16,-1.87350135405495e-16
price,"Approximate matches included (+ all-potato, pooled vegetable items)",ln_real_linked,-8,-0.253538067754889,4,12,16,onion;sweet_potato;garlic;potato,-0.25353806775489,0.148104501648594,-0.531864836493391,0.0247887009836122,0.07841,0.143842555146344,17,0.0869176233659361,,-0.25353806775489,0.148104501648594,4,12,16,2.22044604925031e-16
price,"Approximate matches included (+ all-potato, pooled vegetable items)",ln_real_linked,-7,-0.195322318963347,4,12,16,onion;sweet_potato;garlic;potato,-0.195322318963348,0.110680719590163,-0.401452993232031,0.0108083553053366,0.06676,0.10767507588228,17,0.0776080410283771,,-0.195322318963348,0.110680719590163,4,12,16,4.44089209850063e-16
price,"Approximate matches included (+ all-potato, pooled vegetable items)",ln_real_linked,-6,-0.08057167427028,3,12,14,onion;sweet_potato;garlic,-0.0805716742702798,0.108312441058166,-0.28248127624183,0.12133792770127,0.45976,0.104596661771919,15,0.456947871552136,,-0.0805716742702798,0.108312441058166,3,12,14,-1.94289029309402e-16
price,"Approximate matches included (+ all-potato, pooled vegetable items)",ln_real_linked,-5,-0.341283319774127,2,12,14,onion;garlic,-0.341283319774126,0.272952273661712,-0.765314939903281,0.0827483003550278,0.22062,0.264205811338985,15,0.211175139679777,,-0.341283319774126,0.272952273661712,2,12,14,-5.55111512312578e-17
price,"Approximate matches included (+ all-potato, pooled vegetable items)",ln_real_linked,0,-0.227151243625854,5,7,12,onion;sweet_potato;garlic;red_pepper;potato,-0.227151243625854,0.0938665019628177,-0.402897274149797,-0.0514052131019116,0.0084,0.0908493075381476,17,0.0155230950652078,,-0.227151243625854,0.0938665019628177,5,7,12,-2.77555756156289e-17
price,"Approximate matches included (+ all-potato, pooled vegetable items)",ln_real_linked,1,-0.220870357402033,5,7,10,onion;sweet_potato;garlic;red_pepper;potato,-0.220870357402033,0.10846169320264,-0.423819639838095,-0.01792107496597,0.03102,0.10492062007609,15,0.0417111625592904,,-0.220870357402033,0.10846169320264,5,7,10,2.77555756156289e-17
price,"Approximate matches included (+ all-potato, pooled vegetable items)",ln_real_linked,2,0.00669280649623197,5,6,8,onion;sweet_potato;garlic;red_pepper;potato,0.00669280649623216,0.119175420990517,-0.215035801722396,0.22842141471486,0.95677,0.114645572630318,13,0.955214915382931,,0.00669280649623205,0.119175420990517,5,6,8,-8.15320033709099e-17
price,"Approximate matches included (+ all-potato, pooled vegetable items)",ln_real_linked,3,0.0649771284925706,5,6,7,onion;sweet_potato;garlic;red_pepper;potato,0.0649771284925706,0.139649073862139,-0.196262036109187,0.326216293094328,0.63808,0.134202745328336,12,0.641724764534748,,0.0649771284925705,0.139649073862139,5,6,7,1.38777878078145e-17
price,"Approximate matches included (+ all-potato, pooled vegetable items)",ln_real_linked,4,0.0370777819558016,5,5,7,onion;sweet_potato;garlic;red_pepper;potato,0.0370777819558016,0.113118015260152,-0.172378454504026,0.246534018415629,0.74983,0.108492785773281,12,0.743078284984698,,0.0370777819558016,0.113118015260152,5,5,7,0
price,"Approximate matches included (+ all-potato, pooled vegetable items)",ln_real_linked,5,0.0954996690470161,5,4,6,onion;sweet_potato;garlic;red_pepper;potato,0.095499669047016,0.138202366910585,-0.160098250623868,0.351097588717901,0.48552,0.132140764966679,11,0.489557203801238,,0.0954996690470162,0.138202366910585,5,4,6,-9.71445146547012e-17
price,"Approximate matches included (+ all-potato, pooled vegetable items)",ln_real_linked,6,-0.353211669428301,5,4,6,onion;sweet_potato;garlic;red_pepper;potato,-0.3532116694283,0.200336431721896,-0.724728553415049,0.0183052145584481,0.06456,0.191467990742561,11,0.0778848822416219,,-0.3532116694283,0.200336431721896,5,4,6,-2.77555756156289e-16
price,"Approximate matches included (+ all-potato, pooled vegetable items)",ln_real_linked,7,-0.396911308190658,5,4,5,onion;sweet_potato;garlic;red_pepper;potato,-0.396911308190658,0.225658972540195,-0.811285710805121,0.0174630944238051,0.06179,0.214216196931225,10,0.0785946898763674,,-0.396911308190659,0.225658972540195,5,4,5,3.88578058618805e-16
price,"Approximate matches included (+ all-potato, pooled vegetable items)",ln_real_linked,8,-0.230537033208947,5,4,4,onion;sweet_potato;garlic;red_pepper;potato,-0.230537033208947,0.145339352631968,-0.497242007422669,0.0361679410047753,0.09464,0.137277193116474,9,0.112694334655595,,-0.230537033208947,0.145339352631968,5,4,4,1.66533453693773e-16
price,"Approximate matches included (+ all-potato, pooled vegetable items)",ln_real_linked,9,-0.226776615428105,5,4,4,onion;sweet_potato;garlic;red_pepper;potato,-0.226776615428106,0.145775358493934,-0.492891669386291,0.0393384385300799,0.10091,0.137898482907016,9,0.119789417973729,,-0.226776615428106,0.145775358493934,5,4,4,4.71844785465692e-16
price,"CS-A main (exact match, annual linking rule)",ln_real_linked,-12,-0.183649171519658,4,7,10,onion;sweet_potato;garlic;red_pepper,-0.183649171519658,0.178778494408941,-0.513688039522304,0.146389696482988,0.2934,0.170491289057035,11,0.304305489908437,,-0.183649171519658,0.178778494408941,4,7,10,-2.22044604925031e-16
price,"CS-A main (exact match, annual linking rule)",ln_real_linked,-11,-0.189459238058419,4,7,10,onion;sweet_potato;garlic;red_pepper,-0.189459238058419,0.145628487514645,-0.455064526670936,0.0761460505540985,0.18296,0.139052270716977,11,0.193266503239196,,-0.189459238058419,0.145628487514644,4,7,10,-1.94289029309402e-16
price,"CS-A main (exact match, annual linking rule)",ln_real_linked,-10,-0.16292644141556,4,7,10,onion;sweet_potato;garlic;red_pepper,-0.16292644141556,0.154635891772952,-0.447742459736221,0.121889576905102,0.28801,0.147666643614432,11,0.292059970281047,,-0.162926441415559,0.154635891772951,4,7,10,-2.77555756156289e-16
price,"CS-A main (exact match, annual linking rule)",ln_real_linked,-9,0.000360330191130903,4,7,10,onion;sweet_potato;garlic;red_pepper,0.000360330191130895,0.152525948970306,-0.277746632050047,0.278467292432309,0.99809,0.145610902866455,11,0.998115064152626,,0.000360330191130909,0.152525948970305,4,7,10,-5.63785129692462e-18
price,"CS-A main (exact match, annual linking rule)",ln_real_linked,-8,-0.146333445344901,3,7,9,onion;sweet_potato;garlic,-0.146333445344901,0.151622266078669,-0.423484303175638,0.130817412485836,0.33318,0.144034472500269,10,0.334485490397001,,-0.146333445344901,0.151622266078668,3,7,9,0
price,"CS-A main (exact match, annual linking rule)",ln_real_linked,-7,-0.088695707699492,3,7,9,onion;sweet_potato;garlic,-0.0886957076994919,0.0965608690356592,-0.262638863730481,0.0852474483314969,0.37084,0.0916477739141488,10,0.358332504367461,,-0.0886957076994919,0.0965608690356584,3,7,9,-1.80411241501588e-16
price,"CS-A main (exact match, annual linking rule)",ln_real_linked,-6,0.0433856110933923,3,7,9,onion;sweet_potato;garlic,0.0433856110933925,0.112167682508638,-0.154865908026502,0.241637130213287,0.7244,0.106542072580994,10,0.698909877854109,,0.0433856110933926,0.112167682508637,3,7,9,-2.28983498828939e-16
price,"CS-A main (exact match, annual linking rule)",ln_real_linked,-5,-0.291972305961774,2,7,9,onion;garlic,-0.291972305961774,0.239592793764158,-0.683414245423013,0.0994696334994658,0.24643,0.227096655011249,10,0.222988873473379,,-0.291972305961773,0.239592793764157,2,7,9,-2.22044604925031e-16
price,"CS-A main (exact match, annual linking rule)",ln_real_linked,0,-0.171685355923177,4,7,7,onion;sweet_potato;garlic;red_pepper,-0.171685355923177,0.0979446561532719,-0.35384738469977,0.0104766728534154,0.06624,0.0938679939976782,11,0.0796223845905041,,-0.171685355923177,0.0979446561532712,4,7,7,2.77555756156289e-17
price,"CS-A main (exact match, annual linking rule)",ln_real_linked,1,-0.196588011729926,4,7,7,onion;sweet_potato;garlic;red_pepper,-0.196588011729926,0.102193279315607,-0.385674007042314,-0.00750201641753814,0.04063,0.0976307742999855,11,0.0543936703994518,,-0.196588011729926,0.102193279315607,4,7,7,-2.77555756156289e-17
price,"CS-A main (exact match, annual linking rule)",ln_real_linked,2,0.0113439088793657,4,6,7,onion;sweet_potato;garlic;red_pepper,0.0113439088793658,0.0997135483820279,-0.173010836105818,0.19569865386455,0.90953,0.0952976513151323,11,0.909424107837706,,0.0113439088793657,0.0997135483820277,4,6,7,3.81639164714898e-17
price,"CS-A main (exact match, annual linking rule)",ln_real_linked,3,0.130329789859453,4,6,7,onion;sweet_potato;garlic;red_pepper,0.130329789859453,0.139864170558509,-0.127229188638889,0.387888768357795,0.34529,0.13304385502458,11,0.351423797454678,,0.130329789859453,0.13986417055851,4,6,7,0
price,"CS-A main (exact match, annual linking rule)",ln_real_linked,4,0.0444532440831544,4,5,7,onion;sweet_potato;garlic;red_pepper,0.0444532440831545,0.121106449333336,-0.178660060214433,0.267566548380741,0.71173,0.11544900112854,11,0.713574812695536,,0.0444532440831546,0.121106449333335,4,5,7,-2.08166817117217e-16
price,"CS-A main (exact match, annual linking rule)",ln_real_linked,5,0.0620554940375341,4,4,6,onion;sweet_potato;garlic;red_pepper,0.062055494037534,0.131921165130732,-0.179545277798257,0.303656265873325,0.63189,0.125093145787819,10,0.638070466459111,,0.0620554940375343,0.131921165130732,4,4,6,-1.94289029309402e-16
price,"CS-A main (exact match, annual linking rule)",ln_real_linked,6,-0.300066887479107,4,4,6,onion;sweet_potato;garlic;red_pepper,-0.300066887479106,0.172807341794847,-0.619601277421625,0.0194675024634122,0.06731,0.164567666972883,10,0.0824888182723521,,-0.300066887479106,0.172807341794846,4,4,6,-2.22044604925031e-16
price,"CS-A main (exact match, annual linking rule)",ln_real_linked,7,-0.36053344649148,4,4,5,onion;sweet_potato;garlic;red_pepper,-0.36053344649148,0.235906902236329,-0.789169658872625,0.0681027658896641,0.10679,0.223196463177117,9,0.126441301854068,,-0.36053344649148,0.235906902236328,4,4,5,5.55111512312578e-17
price,"CS-A main (exact match, annual linking rule)",ln_real_linked,8,-0.149378573454333,4,4,4,onion;sweet_potato;garlic;red_pepper,-0.149378573454333,0.119870123736812,-0.368137768834527,0.0693806219258603,0.19757,0.112581575609859,8,0.212701924925462,,-0.149378573454334,0.119870123736812,4,4,4,2.77555756156289e-17
price,"CS-A main (exact match, annual linking rule)",ln_real_linked,9,-0.250550350764662,4,4,4,onion;sweet_potato;garlic;red_pepper,-0.250550350764662,0.135769940237085,-0.496060246151926,-0.00504045537739822,0.04495,0.126775441930947,8,0.0649788345708987,,-0.250550350764662,0.135769940237086,4,4,4,1.11022302462516e-16
price,CS-B main,ln_real_linked,-12,-0.0617410064515494,4,6,9,onion;sweet_potato;garlic;red_pepper,-0.0617410064515493,0.137350701337638,-0.313766113618326,0.190284100715227,0.64981,0.13024847207498,10,0.653061208866909,,-0.0617410064515494,0.137350701337637,4,6,9,2.77555756156289e-17
price,CS-B main,ln_real_linked,-11,-0.0744748419023417,4,6,9,onion;sweet_potato;garlic;red_pepper,-0.0744748419023414,0.086105302299597,-0.232354675377939,0.0834049915732557,0.37992,0.081683937069744,10,0.38707859515009,,-0.0744748419023415,0.0861053022995966,4,6,9,-2.4980018054066e-16
price,CS-B main,ln_real_linked,-10,-0.0840296310099788,4,6,9,onion;sweet_potato;garlic;red_pepper,-0.0840296310099788,0.129419541250794,-0.316600489237568,0.14854122721761,0.52412,0.122566642324548,10,0.516156855013486,,-0.0840296310099789,0.129419541250794,4,6,9,6.93889390390723e-17
price,CS-B main,ln_real_linked,-9,0.0940190932755604,4,6,9,onion;sweet_potato;garlic;red_pepper,0.0940190932755606,0.140196544787013,-0.141223807268142,0.329261993819263,0.57636,0.13303892066271,10,0.502460427453968,,0.0940190932755604,0.140196544787014,4,6,9,1.38777878078145e-17
price,CS-B main,ln_real_linked,-8,0.0270364922497933,4,6,9,onion;sweet_potato;garlic;red_pepper,0.0270364922497935,0.107479613990747,-0.169137532242432,0.223210516742019,0.80075,0.101814654835534,10,0.801388943606039,,0.0270364922497934,0.107479613990747,4,6,9,-1.00613961606655e-16
price,CS-B main,ln_real_linked,-7,0.0471905853468834,3,6,8,onion;sweet_potato;garlic,0.0471905853468838,0.174720234224105,-0.250249565565228,0.344630736258995,0.80945,0.163826988011477,9,0.787089265889068,,0.0471905853468841,0.174720234224105,3,6,8,-6.59194920871187e-16
price,CS-B main,ln_real_linked,-6,0.152435941230666,3,6,8,onion;sweet_potato;garlic,0.152435941230666,0.184874302001372,-0.167776731122606,0.472648613583938,0.42956,0.17393015372652,9,0.409633767459181,,0.152435941230667,0.184874302001372,3,6,8,-3.60822483003176e-16
price,CS-B main,ln_real_linked,-5,-0.0890583183388181,3,6,8,onion;sweet_potato;garlic,-0.0890583183388178,0.224074484663607,-0.492757097639479,0.314640460961842,0.69121,0.210460022854424,9,0.691035932280064,,-0.0890583183388176,0.224074484663607,3,6,8,-5.13478148889135e-16
price,CS-B main,ln_real_linked,-4,-0.0257529021319705,2,6,8,onion;garlic,-0.0257529021319702,0.122371334120497,-0.246600364970235,0.195094560706294,0.83432,0.11525770352825,9,0.833317397526154,,-0.0257529021319702,0.122371334120498,2,6,8,-3.19189119579733e-16
price,CS-B main,ln_real_linked,0,-0.038348985285346,4,6,6,onion;sweet_potato;garlic;red_pepper,-0.0383489852853455,0.217969840701171,-0.43479883075607,0.358100860185378,0.85425,0.20545265963488,10,0.860343345286836,,-0.0383489852853456,0.217969840701171,4,6,6,-3.95516952522712e-16
price,CS-B main,ln_real_linked,1,-0.0677012835833014,4,6,6,onion;sweet_potato;garlic;red_pepper,-0.0677012835833009,0.225734863260359,-0.481362357128369,0.345959789961766,0.76352,0.213501750517803,10,0.764241951595633,,-0.0677012835833009,0.225734863260359,4,6,6,-4.16333634234434e-16
price,CS-B main,ln_real_linked,2,0.155859122660011,4,5,6,onion;sweet_potato;garlic;red_pepper,0.155859122660011,0.196299816369691,-0.201630361816351,0.513348607136374,0.41441,0.185118583882096,10,0.427204125371314,,0.155859122660011,0.196299816369691,4,5,6,-1.94289029309402e-16
price,CS-B main,ln_real_linked,3,0.290512259624625,4,5,6,onion;sweet_potato;garlic;red_pepper,0.290512259624625,0.134256735685825,0.0441975055528641,0.536827013696386,0.01068,0.127307129344675,10,0.0304753932364504,,0.290512259624625,0.134256735685825,4,5,6,-2.22044604925031e-16
price,CS-B main,ln_real_linked,4,0.106324172329843,4,4,6,onion;sweet_potato;garlic;red_pepper,0.106324172329843,0.179620815487565,-0.223116279786362,0.435764624446048,0.55589,0.170442909810173,10,0.553892904128445,,0.106324172329843,0.179620815487565,4,4,6,-2.08166817117217e-16
price,CS-B main,ln_real_linked,5,0.145474075432134,4,3,5,onion;sweet_potato;garlic;red_pepper,0.145474075432134,0.214598045211885,-0.24448439171377,0.535432542578037,0.48728,0.201863789316218,9,0.497840830553306,,0.145474075432134,0.214598045211885,4,3,5,-2.77555756156289e-16
price,CS-B main,ln_real_linked,6,-0.202104366329978,4,3,5,onion;sweet_potato;garlic;red_pepper,-0.202104366329978,0.244763596458488,-0.644755719495165,0.240546986835209,0.39878,0.229664104386434,9,0.408967187725151,,-0.202104366329978,0.244763596458487,4,3,5,-2.4980018054066e-16
price,CS-B main,ln_real_linked,7,-0.265172581635141,4,3,4,onion;sweet_potato;garlic;red_pepper,-0.265172581635141,0.347800984334937,-0.893138046873725,0.362792883603442,0.42801,0.323664461892361,8,0.445805676149693,,-0.265172581635141,0.347800984334936,4,3,4,-5.55111512312578e-17
price,CS-B main,ln_real_linked,8,-0.0748990170628363,4,3,3,onion;sweet_potato;garlic;red_pepper,-0.0748990170628359,0.266756229570012,-0.542212342164219,0.392414308038546,0.78304,0.246070460276871,7,0.778881436431143,,-0.0748990170628359,0.266756229570013,4,3,3,-3.60822483003176e-16
price,CS-B main,ln_real_linked,9,-0.240574736134615,4,3,3,onion;sweet_potato;garlic;red_pepper,-0.240574736134614,0.236265357909916,-0.621412780630164,0.140263308360935,0.37015,0.218802733449035,7,0.308564119386313,,-0.240574736134614,0.236265357909915,4,3,3,-4.71844785465692e-16
price,Leave out Garlic,ln_real_linked,-12,-0.165796895992339,3,8,9,onion;sweet_potato;red_pepper,-0.165796895992338,0.209691869281433,-0.549136381699131,0.217542589714454,0.42706,0.199151365702446,10,0.429137071987899,,-0.165796895992338,0.209691869281434,3,8,9,-3.05311331771918e-16
price,Leave out Garlic,ln_real_linked,-11,-0.186611575896333,3,8,9,onion;sweet_potato;red_pepper,-0.186611575896332,0.164059409276016,-0.477384529151039,0.104161377358374,0.25144,0.155628128842171,10,0.25534461035124,,-0.186611575896332,0.164059409276017,3,8,9,-3.60822483003176e-16
price,Leave out Garlic,ln_real_linked,-10,-0.109015018793804,3,8,9,onion;sweet_potato;red_pepper,-0.109015018793804,0.115737915107279,-0.322568110694198,0.10453807310659,0.33646,0.109839019938829,10,0.34623730787568,,-0.109015018793804,0.115737915107279,3,8,9,-3.19189119579733e-16
price,Leave out Garlic,ln_real_linked,-9,0.0551593871971782,3,8,9,onion;sweet_potato;red_pepper,0.0551593871971782,0.173282160963445,-0.249710562827,0.360029337221357,0.76749,0.16448253886597,10,0.750241296956291,,0.0551593871971783,0.173282160963444,3,8,9,-9.71445146547012e-17
price,Leave out Garlic,ln_real_linked,-8,-0.0975260958140701,2,8,8,onion;sweet_potato,-0.0975260958140702,0.184494916117119,-0.418898380844967,0.223846189216827,0.62381,0.173785788185015,9,0.597075125984975,,-0.0975260958140701,0.184494916117119,2,8,8,5.55111512312578e-17
price,Leave out Garlic,ln_real_linked,-7,-0.0696636748135751,2,8,8,onion;sweet_potato,-0.0696636748135752,0.0992426023410091,-0.249244413783008,0.109917064155857,0.48485,0.0939434063254491,9,0.482708271245428,,-0.0696636748135751,0.099242602341009,2,8,8,8.32667268468867e-17
price,Leave out Garlic,ln_real_linked,-6,0.124803887651458,2,8,8,onion;sweet_potato,0.124803887651458,0.143674634729117,-0.0963100524354535,0.345917827738369,0.47875,0.13537179670104,9,0.385035108396411,,0.124803887651458,0.143674634729116,2,8,8,5.55111512312578e-17
price,Leave out Garlic,ln_real_linked,-5,-0.414160135114149,1,8,8,onion,-0.414160135114149,0.396934799260875,-0.922808648660046,0.0944883784317488,0.32089,0.374168342148695,9,0.29676497981519,,-0.414160135114149,0.396934799260875,1,8,8,-1.11022302462516e-16
price,Leave out Garlic,ln_real_linked,0,-0.119652283909167,3,7,7,onion;sweet_potato;red_pepper,-0.119652283909167,0.112836075602019,-0.326215568333259,0.0869110005149255,0.28089,0.107017752181935,10,0.288958997435469,,-0.119652283909167,0.112836075602019,3,7,7,2.63677968348475e-16
price,Leave out Garlic,ln_real_linked,1,-0.177640177463216,3,7,7,onion;sweet_potato;red_pepper,-0.177640177463216,0.133577236090324,-0.42427101526548,0.0689906603390473,0.16627,0.126859507497453,10,0.183561555082938,,-0.177640177463216,0.133577236090324,3,7,7,-8.32667268468867e-17
price,Leave out Garlic,ln_real_linked,2,-0.0204345118098108,3,6,7,onion;sweet_potato;red_pepper,-0.0204345118098109,0.122678195565388,-0.246334608827252,0.20546558520763,0.86618,0.116682539103981,10,0.867708369777732,,-0.020434511809811,0.122678195565389,3,6,7,1.56125112837913e-16
price,Leave out Garlic,ln_real_linked,3,0.0304089594616142,3,6,7,onion;sweet_potato;red_pepper,0.0304089594616142,0.153016876538997,-0.247555687871874,0.308373606795103,0.84451,0.144785384668334,10,0.842474387003592,,0.0304089594616142,0.153016876538997,3,6,7,1.73472347597681e-17
price,Leave out Garlic,ln_real_linked,4,-0.05696575163904,3,5,7,onion;sweet_potato;red_pepper,-0.0569657516390402,0.137714763183225,-0.308373070052483,0.194441566774403,0.6777,0.130633409512872,10,0.679130237851756,,-0.0569657516390401,0.137714763183225,3,5,7,1.31838984174237e-16
price,Leave out Garlic,ln_real_linked,5,0.0681866480901331,3,4,6,onion;sweet_potato;red_pepper,0.0681866480901329,0.161221167776378,-0.227013334090586,0.363386630270852,0.66797,0.152090071166875,9,0.672340090438423,,0.068186648090133,0.161221167776379,3,4,6,9.71445146547012e-17
price,Leave out Garlic,ln_real_linked,6,-0.268411332301641,3,4,6,onion;sweet_potato;red_pepper,-0.268411332301641,0.168965382545153,-0.574507210499458,0.0376845458961764,0.09191,0.15942621464733,9,0.112160187165247,,-0.268411332301641,0.168965382545152,3,4,6,1.11022302462516e-16
price,Leave out Garlic,ln_real_linked,7,-0.349197809215792,3,4,5,onion;sweet_potato;red_pepper,-0.349197809215792,0.295625116450862,-0.881781770154519,0.183386151722936,0.22302,0.277631426695956,8,0.237515997528566,,-0.349197809215792,0.295625116450862,3,4,5,2.77555756156289e-16
price,Leave out Garlic,ln_real_linked,8,-0.187692379911703,3,4,4,onion;sweet_potato;red_pepper,-0.187692379911703,0.170476686954373,-0.490773536523896,0.115388776700491,0.2531,0.158326645144657,7,0.270902918224868,,-0.187692379911703,0.170476686954374,3,4,4,1.11022302462516e-16
price,Leave out Garlic,ln_real_linked,9,-0.379962962333958,3,4,4,onion;sweet_potato;red_pepper,-0.379962962333958,0.136487222757814,-0.622838100023903,-0.137087824644013,1e-05,0.126213168987675,7,0.00537142217285454,,-0.379962962333958,0.136487222757814,3,4,4,-1.66533453693773e-16
price,Leave out Onion,ln_real_linked,-12,-0.325414035642583,3,7,9,sweet_potato;garlic;red_pepper,-0.325414035642582,0.211218108071739,-0.708179780105262,0.0573517088200968,0.10508,0.200567785425844,10,0.123401003377146,,-0.325414035642582,0.21121810807174,3,7,9,-3.33066907387547e-16
price,Leave out Onion,ln_real_linked,-11,-0.271877073640121,3,7,9,sweet_potato;garlic;red_pepper,-0.27187707364012,0.19158427208128,-0.613131556433129,0.0693774091528875,0.14001,0.182115609797577,10,0.155870117848801,,-0.27187707364012,0.19158427208128,3,7,9,-4.44089209850063e-16
price,Leave out Onion,ln_real_linked,-10,-0.211746422747936,3,7,9,sweet_potato;garlic;red_pepper,-0.211746422747936,0.179213935874683,-0.539385012770176,0.115892167274304,0.23067,0.170270700529347,10,0.237392727921555,,-0.211746422747935,0.179213935874683,3,7,9,-5.55111512312578e-16
price,Leave out Onion,ln_real_linked,-9,-0.137230625735986,3,7,9,sweet_potato;garlic;red_pepper,-0.137230625735986,0.131105973263342,-0.374059843640465,0.0995985921684932,0.28986,0.124404391962126,10,0.295230913476274,,-0.137230625735986,0.131105973263343,3,7,9,-8.32667268468867e-17
price,Leave out Onion,ln_real_linked,-8,-0.298852356154883,2,7,8,sweet_potato;garlic,-0.298852356154883,0.218286931311208,-0.67182014163328,0.0741154293235152,0.17059,0.205212823225141,9,0.170974148692425,,-0.298852356154883,0.218286931311209,2,7,8,0
price,Leave out Onion,ln_real_linked,-7,-0.0658629672371616,2,7,8,sweet_potato;garlic,-0.0658629672371618,0.120282323520717,-0.272551422841618,0.140825488367294,0.62801,0.113505886053929,9,0.583987334110769,,-0.0658629672371618,0.120282323520718,2,7,8,1.11022302462516e-16
price,Leave out Onion,ln_real_linked,-6,-0.0716498087307462,2,7,8,sweet_potato;garlic,-0.0716498087307462,0.118009455337931,-0.283093153742197,0.139793536280704,0.54664,0.111405380043696,9,0.543749301849984,,-0.0716498087307462,0.118009455337932,2,7,8,0
price,Leave out Onion,ln_real_linked,-5,-0.162765857561782,1,7,7,garlic,-0.162765857561782,0.24494273851884,-0.558708577194611,0.233176862071047,0.59209,0.229678436235296,8,0.506366671568688,,-0.162765857561782,0.24494273851884,1,7,7,8.32667268468867e-17
price,Leave out Onion,ln_real_linked,0,-0.161636194049183,3,7,7,sweet_potato;garlic;red_pepper,-0.161636194049183,0.123627270821864,-0.388046632050026,0.0647742439516594,0.17608,0.117136688310498,10,0.191060697590832,,-0.161636194049184,0.123627270821864,3,7,7,1.38777878078145e-16
price,Leave out Onion,ln_real_linked,1,-0.228462563488465,3,7,7,sweet_potato;garlic;red_pepper,-0.228462563488465,0.100615666039553,-0.413079044115602,-0.0438460828613288,0.01183,0.0957349843055099,10,0.0231684140962668,,-0.228462563488465,0.100615666039553,3,7,7,-1.11022302462516e-16
price,Leave out Onion,ln_real_linked,2,0.0795372612969274,3,6,7,sweet_potato;garlic;red_pepper,0.0795372612969275,0.0810982413149169,-0.0681359639847488,0.227210486578604,0.32003,0.0768589967622124,10,0.326715060466102,,0.0795372612969274,0.0810982413149163,3,6,7,-1.38777878078145e-17
price,Leave out Onion,ln_real_linked,3,0.128162718093172,3,6,7,sweet_potato;garlic;red_pepper,0.128162718093172,0.164030371787553,-0.167291305338368,0.423616741524713,0.43972,0.156121134901904,10,0.434605319496267,,0.128162718093172,0.164030371787553,3,6,7,0
price,Leave out Onion,ln_real_linked,4,0.0453446595742956,3,5,6,sweet_potato;garlic;red_pepper,0.0453446595742957,0.146108375345097,-0.222477475579825,0.313166794728416,0.75446,0.13837124467169,9,0.756295201174955,,0.0453446595742957,0.146108375345096,3,5,6,-1.17961196366423e-16
price,Leave out Onion,ln_real_linked,5,-0.00141865444936053,3,4,6,sweet_potato;garlic;red_pepper,-0.0014186544493604,0.1364887894728,-0.251301396136178,0.248464087237457,0.99134,0.128876029981443,9,0.991706995819968,,-0.00141865444936015,0.136488789472799,3,4,6,-3.7470027081099e-16
price,Leave out Onion,ln_real_linked,6,-0.28003909205945,3,4,5,sweet_potato;garlic;red_pepper,-0.28003909205945,0.203078983133676,-0.644709345512791,0.0846311613938904,0.14497,0.189399715326184,8,0.167905117127549,,-0.28003909205945,0.203078983133677,3,4,5,0
price,Leave out Onion,ln_real_linked,7,-0.193413014432766,3,4,4,sweet_potato;garlic;red_pepper,-0.193413014432766,0.186917701164593,-0.520986405323924,0.134160376458392,0.28871,0.173001564999993,7,0.30078587094158,,-0.193413014432766,0.186917701164592,3,4,4,1.38777878078145e-16
price,Leave out Onion,ln_real_linked,8,-0.0900328621367968,3,4,4,sweet_potato;garlic;red_pepper,-0.0900328621367969,0.112612287568485,-0.289161626578887,0.109095902305293,0.42027,0.104150166426194,7,0.42400395280977,,-0.0900328621367969,0.112612287568485,3,4,4,4.16333634234434e-17
price,Leave out Onion,ln_real_linked,9,-0.206993718591518,3,4,4,sweet_potato;garlic;red_pepper,-0.206993718591518,0.16203350691381,-0.48780612698663,0.0738186898035948,0.18361,0.150246214535465,7,0.201434678724769,,-0.206993718591518,0.16203350691381,3,4,4,-2.77555756156289e-17
price,Leave out Red pepper,ln_real_linked,-12,-0.146345230905641,3,7,9,onion;sweet_potato;garlic,-0.146345230905641,0.218853292516665,-0.546570741390911,0.253880279579629,0.50415,0.20814743162748,10,0.503692598498473,,-0.146345230905641,0.218853292516665,3,7,9,-3.33066907387547e-16
price,Leave out Red pepper,ln_real_linked,-11,-0.201874975396758,3,7,9,onion;sweet_potato;garlic,-0.201874975396758,0.195025067784718,-0.551401201855258,0.147651251061741,0.30426,0.185524620183574,10,0.300611371644909,,-0.201874975396758,0.195025067784718,3,7,9,-4.44089209850063e-16
price,Leave out Red pepper,ln_real_linked,-10,-0.202705894066713,3,7,9,onion;sweet_potato;garlic,-0.202705894066712,0.224864529005596,-0.616418810028236,0.211007021894811,0.36397,0.2142220460221,10,0.36734493682042,,-0.202705894066712,0.224864529005595,3,7,9,-3.05311331771918e-16
price,Leave out Red pepper,ln_real_linked,-9,-0.00372522843747199,3,7,9,onion;sweet_potato;garlic,-0.00372522843747186,0.215740106823007,-0.393736420558864,0.38628596368392,0.9864,0.20492380633201,10,0.986223449110574,,-0.00372522843747181,0.215740106823007,3,7,9,-1.85181731060524e-16
price,Leave out Red pepper,ln_real_linked,-8,-0.146333445344901,3,7,9,onion;sweet_potato;garlic,-0.146333445344901,0.149919677484799,-0.419210483650241,0.126543592960439,0.32672,0.142253156277212,10,0.329025328775904,,-0.146333445344901,0.149919677484798,3,7,9,0
price,Leave out Red pepper,ln_real_linked,-7,-0.088695707699492,3,7,9,onion;sweet_potato;garlic,-0.0886957076994919,0.0954611013307082,-0.260981373233572,0.083589957834588,0.36348,0.0905970879632997,10,0.352822073758534,,-0.0886957076994919,0.0954611013307071,3,7,9,-1.80411241501588e-16
price,Leave out Red pepper,ln_real_linked,-6,0.0433856110933923,3,7,9,onion;sweet_potato;garlic,0.0433856110933925,0.113083411534476,-0.155207665348943,0.241978887535728,0.7281,0.107232649750479,10,0.701230270356234,,0.0433856110933926,0.113083411534475,3,7,9,-2.28983498828939e-16
price,Leave out Red pepper,ln_real_linked,-5,-0.291972305961774,2,7,9,onion;garlic,-0.291972305961774,0.237911122634406,-0.681317832732897,0.0973732208093498,0.24315,0.225433043803155,10,0.219735147711294,,-0.291972305961773,0.237911122634405,2,7,9,-2.22044604925031e-16
price,Leave out Red pepper,ln_real_linked,0,-0.232278062164232,3,7,7,onion;sweet_potato;garlic,-0.232278062164232,0.0849109151515653,-0.388717023979955,-0.0758391003485081,0.00195,0.0805819392482735,10,0.00622761061489719,,-0.232278062164232,0.0849109151515646,3,7,7,5.55111512312578e-17
price,Leave out Red pepper,ln_real_linked,1,-0.153655390049872,3,7,7,onion;sweet_potato;garlic,-0.153655390049872,0.0926959429083926,-0.323736266769357,0.0164254866696126,0.07877,0.0879234269321114,10,0.0973925753817849,,-0.153655390049872,0.0926959429083918,3,7,7,-1.66533453693773e-16
price,Leave out Red pepper,ln_real_linked,2,-0.0288920260882756,3,7,7,onion;sweet_potato;garlic,-0.0288920260882755,0.12655097784757,-0.258798122735519,0.201014070558968,0.81838,0.120075506911547,10,0.819410335021093,,-0.0288920260882756,0.12655097784757,3,7,7,-3.12250225675825e-17
price,Leave out Red pepper,ln_real_linked,3,0.133372663186319,3,7,7,onion;sweet_potato;garlic,0.133372663186319,0.162765463145086,-0.161264817708702,0.42801014408134,0.41719,0.15444016614099,10,0.412548974657305,,0.133372663186319,0.162765463145087,3,7,7,-1.11022302462516e-16
price,Leave out Red pepper,ln_real_linked,4,0.0904962486347629,3,6,7,onion;sweet_potato;garlic,0.0904962486347629,0.110216297083361,-0.108117840808883,0.289110338078408,0.41771,0.104727295270401,10,0.411601469091504,,0.090496248634763,0.110216297083362,3,6,7,-8.32667268468867e-17
price,Leave out Red pepper,ln_real_linked,5,0.131395286803155,3,6,6,onion;sweet_potato;garlic,0.131395286803155,0.111699225509471,-0.070608759629423,0.333399333235733,0.22506,0.105553571097022,9,0.239462542652565,,0.131395286803155,0.11169922550947,3,6,6,-4.16333634234434e-16
price,Leave out Red pepper,ln_real_linked,6,-0.365762369160016,3,5,6,onion;sweet_potato;garlic,-0.365762369160016,0.188880744929356,-0.711670120741556,-0.0198546175784757,0.03331,0.177565789684903,9,0.0528098569378672,,-0.365762369160016,0.188880744929355,3,5,6,-1.11022302462516e-16
price,Leave out Red pepper,ln_real_linked,7,-0.44657560527237,3,4,5,onion;sweet_potato;garlic,-0.44657560527237,0.276101372252551,-0.943728953302456,0.0505777427577164,0.08193,0.257442558698482,8,0.105784742201578,,-0.44657560527237,0.276101372252551,3,4,5,-5.55111512312578e-17
price,Leave out Red pepper,ln_real_linked,8,-0.177330231704033,3,4,4,onion;sweet_potato;garlic,-0.177330231704033,0.102955752519193,-0.365395873647097,0.010735410239031,0.07085,0.0951450946955894,7,0.0849984137285543,,-0.177330231704033,0.102955752519193,3,4,4,-1.66533453693773e-16
price,Leave out Red pepper,ln_real_linked,9,-0.271499651852936,3,4,4,onion;sweet_potato;garlic,-0.271499651852936,0.170903818379642,-0.579290468870337,0.036291165164465,0.0896,0.158513444419672,7,0.112148288111058,,-0.271499651852936,0.170903818379642,3,4,4,-1.66533453693773e-16
price,Leave out Sweet potato,ln_real_linked,-12,-0.113985484130255,3,7,9,onion;garlic;red_pepper,-0.113985484130255,0.190730269592783,-0.462444504821772,0.234473536561262,0.54161,0.180290281089487,10,0.550089105745179,,-0.113985484130255,0.190730269592784,3,7,9,-6.93889390390723e-17
price,Leave out Sweet potato,ln_real_linked,-11,-0.115498696386992,3,7,9,onion;garlic;red_pepper,-0.115498696386992,0.125115554554012,-0.345140455520046,0.114143062746062,0.34357,0.118430975273029,10,0.355936236810351,,-0.115498696386992,0.125115554554012,3,7,9,1.38777878078145e-17
price,Leave out Sweet potato,ln_real_linked,-10,-0.144597453534395,3,7,9,onion;garlic;red_pepper,-0.144597453534395,0.162723116685409,-0.431213492248249,0.142018585179458,0.39046,0.154175114872581,10,0.374212500719961,,-0.144597453534395,0.162723116685409,3,7,9,0
price,Leave out Sweet potato,ln_real_linked,-9,0.09076766941381,3,7,9,onion;garlic;red_pepper,0.0907676694138098,0.171665574535353,-0.209899635933104,0.391434974760724,0.62277,0.16246855120174,10,0.596980920406413,,0.0907676694138099,0.171665574535353,3,7,9,1.38777878078145e-16
price,Leave out Sweet potato,ln_real_linked,-8,-0.0707343688034706,2,7,8,onion;garlic,-0.0707343688034706,0.148699733101103,-0.330916079474769,0.189447341867828,0.65967,0.140061801381025,9,0.634298155947326,,-0.0707343688034705,0.148699733101104,2,7,8,-5.55111512312578e-17
price,Leave out Sweet potato,ln_real_linked,-7,-0.13953289489731,2,7,8,onion;garlic,-0.13953289489731,0.121870042812591,-0.357611553824663,0.0785457640300425,0.25161,0.114748645424656,9,0.252237384611913,,-0.13953289489731,0.121870042812591,2,7,8,0
price,Leave out Sweet potato,ln_real_linked,-6,0.0612480783705503,2,7,8,onion;garlic,0.0612480783705504,0.129485904716091,-0.162565929778745,0.285062086519845,0.66152,0.122022952047855,9,0.636206317076122,,0.0612480783705504,0.129485904716091,2,7,8,-8.32667268468867e-17
price,Leave out Sweet potato,ln_real_linked,-5,-0.294176023927587,2,7,8,onion;garlic,-0.294176023927587,0.233193437954222,-0.666693828466976,0.0783417806118026,0.19533,0.219965944386704,9,0.20712489689541,,-0.294176023927587,0.233193437954222,2,7,8,-5.55111512312578e-17
price,Leave out Sweet potato,ln_real_linked,0,-0.173174883570128,3,7,7,onion;garlic;red_pepper,-0.173174883570128,0.103990423783531,-0.363573262550333,0.0172234954100765,0.07985,0.09874860954804,10,0.0958536264257663,,-0.173174883570129,0.103990423783531,3,7,7,2.4980018054066e-16
price,Leave out Sweet potato,ln_real_linked,1,-0.226593915918151,3,7,7,onion;garlic;red_pepper,-0.226593915918151,0.101187162513078,-0.411643915219709,-0.0415439166165934,0.01303,0.0959192621791332,10,0.0251328669632904,,-0.226593915918151,0.101187162513078,3,7,7,-2.77555756156289e-17
price,Leave out Sweet potato,ln_real_linked,2,0.015164912118622,3,6,7,onion;garlic;red_pepper,0.0151649121186219,0.108851861393373,-0.176428138928533,0.206757963165777,0.89973,0.10302269613375,10,0.889199676099322,,0.0151649121186218,0.108851861393372,3,6,7,2.08166817117217e-16
price,Leave out Sweet potato,ln_real_linked,3,0.229374818696707,3,6,7,onion;garlic;red_pepper,0.229374818696707,0.131023177223516,-0.0109783097773005,0.469727947170714,0.06379,0.124190944141344,10,0.0800074094911234,,0.229374818696707,0.131023177223517,3,6,7,2.22044604925031e-16
price,Leave out Sweet potato,ln_real_linked,4,0.0989378197625989,3,5,7,onion;garlic;red_pepper,0.0989378197625989,0.155635475818659,-0.183371942906581,0.381247582431779,0.52883,0.147342076809021,10,0.524970519647889,,0.0989378197625989,0.155635475818659,3,5,7,1.38777878078145e-17
price,Leave out Sweet potato,ln_real_linked,5,0.0500586957062089,3,4,6,onion;garlic;red_pepper,0.0500586957062089,0.151482016711958,-0.225424558320932,0.32554194973335,0.73698,0.142412529088376,9,0.741052668916006,,0.0500586957062092,0.151482016711958,3,4,6,-2.42861286636753e-16
price,Leave out Sweet potato,ln_real_linked,6,-0.286054756395319,3,4,6,onion;garlic;red_pepper,-0.286054756395319,0.167265497344563,-0.589593149430849,0.0174836366402107,0.06766,0.157330290243455,9,0.0872318765548906,,-0.286054756395319,0.167265497344564,3,4,6,5.55111512312578e-17
price,Leave out Sweet potato,ln_real_linked,7,-0.452947357044994,3,4,5,onion;garlic;red_pepper,-0.452947357044994,0.254554304166541,-0.901681325920474,-0.00421338816951439,0.04733,0.237296547048867,8,0.0751784361573909,,-0.452947357044994,0.254554304166542,3,4,5,2.77555756156289e-16
price,Leave out Sweet potato,ln_real_linked,8,-0.142458820064802,3,4,4,onion;garlic;red_pepper,-0.142458820064802,0.146919178169181,-0.406363874607013,0.12144623447741,0.31153,0.135462675782394,7,0.332225600334624,,-0.142458820064802,0.14691917816918,3,4,4,3.60822483003176e-16
price,Leave out Sweet potato,ln_real_linked,9,-0.143745070280236,3,4,4,onion;garlic;red_pepper,-0.143745070280236,0.141438409058333,-0.393203913784375,0.105713773223903,0.29233,0.130694701344149,7,0.30948245865527,,-0.143745070280236,0.141438409058332,3,4,4,0
price,Link window 2005-2006,ln_real_linked,-12,-0.180864224968283,4,7,10,onion;sweet_potato;garlic;red_pepper,-0.180864224968283,0.179328261514573,-0.512090020248818,0.150361570312253,0.30314,0.171113175393727,11,0.313183254720246,,-0.180864224968283,0.179328261514572,4,7,10,-2.22044604925031e-16
price,Link window 2005-2006,ln_real_linked,-11,-0.186674291507044,4,7,10,onion;sweet_potato;garlic;red_pepper,-0.186674291507044,0.146332708259566,-0.45234636070631,0.0789977776922226,0.19261,0.139473105968435,11,0.20206725425533,,-0.186674291507044,0.146332708259566,4,7,10,0
price,Link window 2005-2006,ln_real_linked,-10,-0.161710006514191,4,7,10,onion;sweet_potato;garlic;red_pepper,-0.161710006514191,0.154642183056387,-0.445731755436106,0.122311742407724,0.2896,0.147361212073412,11,0.295697544862721,,-0.161710006514191,0.154642183056386,4,7,10,-8.32667268468867e-17
price,Link window 2005-2006,ln_real_linked,-9,0.00157676509249966,4,7,10,onion;sweet_potato;garlic;red_pepper,0.00157676509249971,0.153965810212103,-0.27889513286677,0.282048663051769,0.99221,0.146732088583794,11,0.991829000665007,,0.00157676509249971,0.153965810212103,4,7,10,-4.7271214720368e-17
price,Link window 2005-2006,ln_real_linked,-8,-0.144056544077851,3,7,9,onion;sweet_potato;garlic,-0.144056544077851,0.152146061477885,-0.420387804560565,0.132274716404863,0.33905,0.143914714273134,10,0.343725115047872,,-0.144056544077851,0.152146061477884,3,7,9,-1.38777878078145e-16
price,Link window 2005-2006,ln_real_linked,-7,-0.088695707699492,3,7,9,onion;sweet_potato;garlic,-0.0886957076994919,0.0964374580405414,-0.261922746140084,0.0845313307410996,0.36689,0.0912490110464826,10,0.357717749918823,,-0.0886957076994919,0.096437458040541,3,7,9,-1.80411241501588e-16
price,Link window 2005-2006,ln_real_linked,-6,0.0433856110933923,3,7,9,onion;sweet_potato;garlic,0.0433856110933925,0.112265862335787,-0.154510181953477,0.241281404140262,0.72408,0.106503000741078,10,0.699160335292353,,0.0433856110933926,0.112265862335786,3,7,9,-2.28983498828939e-16
price,Link window 2005-2006,ln_real_linked,-5,-0.291972305961774,2,7,9,onion;garlic,-0.291972305961774,0.239431553807716,-0.683290629102889,0.0993460171793414,0.24507,0.226931230803969,10,0.222677406887974,,-0.291972305961773,0.239431553807716,2,7,9,-2.22044604925031e-16
price,Link window 2005-2006,ln_real_linked,0,-0.171685355923177,4,7,7,onion;sweet_potato;garlic;red_pepper,-0.171685355923177,0.097892061349986,-0.353189128303679,0.00981841645732356,0.06497,0.093514256619138,11,0.07946082810925,,-0.171685355923177,0.0978920613499856,4,7,7,2.77555756156289e-17
price,Link window 2005-2006,ln_real_linked,1,-0.196588011729926,4,7,7,onion;sweet_potato;garlic;red_pepper,-0.196588011729926,0.102234987620344,-0.385404023007792,-0.00777200045206006,0.04073,0.0973735830027817,11,0.054492174790029,,-0.196588011729926,0.102234987620343,4,7,7,-2.77555756156289e-17
price,Link window 2005-2006,ln_real_linked,2,0.0113439088793657,4,6,7,onion;sweet_potato;garlic;red_pepper,0.0113439088793658,0.0996389986458432,-0.173134266543235,0.195822084301966,0.90888,0.0953220403274613,11,0.909356631290482,,0.0113439088793657,0.0996389986458437,4,6,7,3.81639164714898e-17
price,Link window 2005-2006,ln_real_linked,3,0.130329789859453,4,6,7,onion;sweet_potato;garlic;red_pepper,0.130329789859453,0.139817223599499,-0.127688263028987,0.388347842747893,0.3447,0.133363762214148,11,0.351262097538648,,0.130329789859453,0.1398172235995,4,6,7,0
price,Link window 2005-2006,ln_real_linked,4,0.0444532440831544,4,5,7,onion;sweet_potato;garlic;red_pepper,0.0444532440831545,0.121283493956426,-0.179850812974668,0.268757301140977,0.71217,0.115927012771787,11,0.713974521015874,,0.0444532440831546,0.121283493956425,4,5,7,-2.08166817117217e-16
price,Link window 2005-2006,ln_real_linked,5,0.0620554940375341,4,4,6,onion;sweet_potato;garlic;red_pepper,0.062055494037534,0.132033651138826,-0.179524916564671,0.303635904639739,0.63388,0.12534118445919,10,0.638356759936137,,0.0620554940375343,0.132033651138825,4,4,6,-1.94289029309402e-16
price,Link window 2005-2006,ln_real_linked,6,-0.300066887479107,4,4,6,onion;sweet_potato;garlic;red_pepper,-0.300066887479106,0.172981950385789,-0.618325040265377,0.0181912653071645,0.06628,0.164170483814025,10,0.0827989782871312,,-0.300066887479106,0.172981950385787,4,4,6,-2.22044604925031e-16
price,Link window 2005-2006,ln_real_linked,7,-0.36053344649148,4,4,5,onion;sweet_potato;garlic;red_pepper,-0.36053344649148,0.236052881733206,-0.789696616537942,0.0686297235549809,0.10789,0.223165937921025,9,0.126676026554548,,-0.36053344649148,0.236052881733204,4,4,5,5.55111512312578e-17
price,Link window 2005-2006,ln_real_linked,8,-0.149378573454333,4,4,4,onion;sweet_potato;garlic;red_pepper,-0.149378573454333,0.119895305544874,-0.367738033996928,0.0689808870882613,0.19742,0.112419932593043,8,0.212798010083398,,-0.149378573454334,0.119895305544874,4,4,4,2.77555756156289e-17
price,Link window 2005-2006,ln_real_linked,9,-0.250550350764662,4,4,4,onion;sweet_potato;garlic;red_pepper,-0.250550350764662,0.135768426028409,-0.496970466879236,-0.00413023465008788,0.04592,0.127396684143124,8,0.0649758429125229,,-0.250550350764662,0.135768426028409,4,4,4,1.11022302462516e-16
price,Link window 2010-2012,ln_real_linked,-12,-0.188283657214058,4,7,10,onion;sweet_potato;garlic;red_pepper,-0.188283657214057,0.177921003937283,-0.516892159383888,0.140324844955772,0.27724,0.169366641654458,11,0.289944671383012,,-0.188283657214057,0.177921003937283,4,7,10,-5.55111512312578e-17
price,Link window 2010-2012,ln_real_linked,-11,-0.194093723752819,4,7,10,onion;sweet_potato;garlic;red_pepper,-0.194093723752818,0.144574538354184,-0.458202769346515,0.0700153218408774,0.16829,0.137811763955594,11,0.179428538059938,,-0.194093723752818,0.144574538354184,4,7,10,-1.66533453693773e-16
price,Link window 2010-2012,ln_real_linked,-10,-0.165047855191186,4,7,10,onion;sweet_potato;garlic;red_pepper,-0.165047855191186,0.154711606182922,-0.448126265296834,0.118030554914462,0.2822,0.147492362648126,11,0.286057739505217,,-0.165047855191186,0.154711606182922,4,7,10,-8.32667268468867e-17
price,Link window 2010-2012,ln_real_linked,-9,-0.0017610835844953,4,7,10,onion;sweet_potato;garlic;red_pepper,-0.00176108358449528,0.150164627112356,-0.274774517210763,0.271252350041773,0.9913,0.143060397467357,11,0.990642874957733,,-0.00176108358449514,0.150164627112356,4,7,10,-1.58293517182884e-16
price,Link window 2010-2012,ln_real_linked,-8,-0.150238662932015,3,7,9,onion;sweet_potato;garlic,-0.150238662932015,0.150770269296306,-0.424951392387846,0.124474066523816,0.31756,0.143489553194089,10,0.319019862810032,,-0.150238662932015,0.150770269296306,3,7,9,-1.11022302462516e-16
price,Link window 2010-2012,ln_real_linked,-7,-0.088695707699492,3,7,9,onion;sweet_potato;garlic,-0.0886957076994919,0.0967823021618882,-0.263615271457245,0.086223856058261,0.36959,0.0919451072069221,10,0.359433267033005,,-0.0886957076994919,0.0967823021618881,3,7,9,-1.80411241501588e-16
price,Link window 2010-2012,ln_real_linked,-6,0.0433856110933923,3,7,9,onion;sweet_potato;garlic,0.0433856110933925,0.112021844949952,-0.153683355295869,0.240454577482654,0.72157,0.106159578248026,10,0.698537095507505,,0.0433856110933926,0.112021844949951,3,7,9,-2.28983498828939e-16
price,Link window 2010-2012,ln_real_linked,-5,-0.291972305961774,2,7,9,onion;garlic,-0.291972305961774,0.239873003780517,-0.684185404662329,0.100240792738782,0.24962,0.228014839222802,10,0.223529897125558,,-0.291972305961773,0.239873003780517,2,7,9,-2.22044604925031e-16
price,Link window 2010-2012,ln_real_linked,0,-0.171685355923177,4,7,7,onion;sweet_potato;garlic;red_pepper,-0.171685355923177,0.0980458644478963,-0.352901059100277,0.00953034725392163,0.06529,0.093440997994981,11,0.0799335297205694,,-0.171685355923177,0.0980458644478961,4,7,7,2.77555756156289e-17
price,Link window 2010-2012,ln_real_linked,1,-0.196588011729926,4,7,7,onion;sweet_potato;garlic;red_pepper,-0.196588011729926,0.102136692397033,-0.38593159600589,-0.00724442745396212,0.04115,0.0973887424984753,11,0.054260135796094,,-0.196588011729926,0.102136692397032,4,7,7,-2.77555756156289e-17
price,Link window 2010-2012,ln_real_linked,2,0.0113439088793657,4,6,7,onion;sweet_potato;garlic;red_pepper,0.0113439088793658,0.099840479075367,-0.172293805946661,0.194981623705393,0.90833,0.094822082972315,11,0.909538765152285,,0.0113439088793657,0.0998404790753673,4,6,7,3.81639164714898e-17
price,Link window 2010-2012,ln_real_linked,3,0.130329789859453,4,6,7,onion;sweet_potato;garlic;red_pepper,0.130329789859453,0.13993326841961,-0.12687510314813,0.387534682867036,0.34447,0.133276052744756,11,0.351661680252208,,0.130329789859453,0.13993326841961,4,6,7,0
price,Link window 2010-2012,ln_real_linked,4,0.0444532440831544,4,5,7,onion;sweet_potato;garlic;red_pepper,0.0444532440831545,0.120802818609438,-0.178048379953087,0.266954868119396,0.71003,0.114879004664617,11,0.712886771389253,,0.0444532440831546,0.120802818609438,4,5,7,-2.08166817117217e-16
price,Link window 2010-2012,ln_real_linked,5,0.0620554940375341,4,4,6,onion;sweet_potato;garlic;red_pepper,0.062055494037534,0.131743562495964,-0.178927721077012,0.30303870915208,0.63131,0.124924117053773,10,0.637617556515373,,0.0620554940375343,0.131743562495963,4,4,6,-1.94289029309402e-16
price,Link window 2010-2012,ln_real_linked,6,-0.300066887479107,4,4,6,onion;sweet_potato;garlic;red_pepper,-0.300066887479106,0.172518277379853,-0.617879197371564,0.0177454224133512,0.06543,0.1638835116807,10,0.0819760484319559,,-0.300066887479106,0.172518277379852,4,4,6,-2.22044604925031e-16
price,Link window 2010-2012,ln_real_linked,7,-0.36053344649148,4,4,5,onion;sweet_potato;garlic;red_pepper,-0.36053344649148,0.235662640022374,-0.786760032804474,0.0656931398215129,0.10389,0.221794953598358,9,0.126048654749937,,-0.36053344649148,0.235662640022373,4,4,5,5.55111512312578e-17
price,Link window 2010-2012,ln_real_linked,8,-0.149378573454333,4,4,4,onion;sweet_potato;garlic;red_pepper,-0.149378573454333,0.119828962371387,-0.365869686997734,0.067112540089067,0.19445,0.111904867639491,8,0.212544847821139,,-0.149378573454334,0.119828962371387,4,4,4,2.77555756156289e-17
price,Link window 2010-2012,ln_real_linked,9,-0.250550350764662,4,4,4,onion;sweet_potato;garlic;red_pepper,-0.250550350764662,0.1357598261673,-0.495651082798646,-0.00544961873067754,0.04473,0.126777610808045,8,0.0649588528504243,,-0.250550350764662,0.135759826167301,4,4,4,1.11022302462516e-16
price,New series only 2005-2024 (6 exact crops),ln_real_new,-10,-0.0870508115984065,1,12,12,red_pepper,-0.0870508115984064,0.11700051536557,-0.298568412143821,0.124466788947008,0.47866,0.112499071164911,13,0.456863919762376,,-0.0870508115984064,0.117000515365568,1,12,12,-4.16333634234434e-17
price,New series only 2005-2024 (6 exact crops),ln_real_new,-9,0.0112155884528863,1,12,12,red_pepper,0.0112155884528863,0.0642781517380397,-0.102016267586417,0.124447444492189,0.88461,0.0618550364204698,13,0.861484133034639,,0.0112155884528863,0.064278151738044,1,12,12,3.6429192995513e-17
price,New series only 2005-2024 (6 exact crops),ln_real_new,-8,-0.185737931766927,3,7,10,sweet_potato;corn;garlic,-0.185737931766927,0.141856370731912,-0.440498132046797,0.0690222685129425,0.18759,0.135126465940169,11,0.190419894893888,,-0.185737931766927,0.141856370731916,3,7,10,-5.55111512312578e-17
price,New series only 2005-2024 (6 exact crops),ln_real_new,-7,0.0433597006667662,5,7,12,soybean;onion;sweet_potato;corn;garlic,0.0433597006667661,0.112975251417552,-0.149618789671576,0.236338191005109,0.76761,0.108673967152046,13,0.70112800569495,,0.0433597006667661,0.112975251417553,5,7,12,1.38777878078145e-16
price,New series only 2005-2024 (6 exact crops),ln_real_new,-6,0.0260313906079427,5,7,12,soybean;onion;sweet_potato;corn;garlic,0.0260313906079426,0.0661083962244104,-0.0906848150881517,0.142747596304037,0.70583,0.0635930731614922,13,0.693752112524598,,0.0260313906079426,0.0661083962244129,5,7,12,6.93889390390723e-17
price,New series only 2005-2024 (6 exact crops),ln_real_new,-5,-0.289354504303192,2,7,10,onion;garlic,-0.289354504303191,0.221736285672636,-0.650293204306493,0.0715841957001099,0.18688,0.211456138417978,11,0.191910275848637,,-0.289354504303191,0.221736285672641,2,7,10,-1.66533453693773e-16
price,New series only 2005-2024 (6 exact crops),ln_real_new,0,-0.122637028602585,6,7,7,soybean;onion;sweet_potato;corn;garlic;red_pepper,-0.122637028602585,0.129376761253247,-0.361940242987397,0.116666185782226,0.34407,0.124727442355384,13,0.343177230093351,,-0.122637028602585,0.129376761253249,6,7,7,1.2490009027033e-16
price,New series only 2005-2024 (6 exact crops),ln_real_new,1,-0.141858903745085,6,7,7,soybean;onion;sweet_potato;corn;garlic;red_pepper,-0.141858903745085,0.143037136824297,-0.408205619478505,0.124487811988335,0.31992,0.13798357063094,13,0.321313274091239,,-0.141858903745085,0.143037136824299,6,7,7,-1.11022302462516e-16
price,New series only 2005-2024 (6 exact crops),ln_real_new,2,-0.0709823328755592,6,6,7,soybean;onion;sweet_potato;corn;garlic;red_pepper,-0.0709823328755593,0.15529275095166,-0.357532892928611,0.215568227177493,0.65694,0.149733605475623,13,0.647608350866284,,-0.0709823328755594,0.155292750951662,6,6,7,1.2490009027033e-16
price,New series only 2005-2024 (6 exact crops),ln_real_new,3,-0.0200392027468936,6,6,7,soybean;onion;sweet_potato;corn;garlic;red_pepper,-0.0200392027468936,0.196659859278316,-0.379055171575116,0.338976766081328,0.92559,0.189750564666706,13,0.918837813421858,,-0.0200392027468936,0.196659859278318,6,6,7,-3.12250225675825e-17
price,New series only 2005-2024 (6 exact crops),ln_real_new,4,-0.0416171435729675,6,5,7,soybean;onion;sweet_potato;corn;garlic;red_pepper,-0.0416171435729675,0.150495568686105,-0.317756034203372,0.234521747057437,0.79042,0.145022584843077,13,0.78213793901192,,-0.0416171435729675,0.150495568686103,6,5,7,-8.32667268468867e-17
price,New series only 2005-2024 (6 exact crops),ln_real_new,5,-0.0392875608447516,6,4,6,soybean;onion;sweet_potato;corn;garlic;red_pepper,-0.0392875608447517,0.182172191095184,-0.372657048065823,0.29408192637632,0.83842,0.175063108614898,12,0.829251472942042,,-0.0392875608447515,0.182172191095184,6,4,6,-7.63278329429795e-17
price,New series only 2005-2024 (6 exact crops),ln_real_new,6,-0.320819896700956,6,4,6,soybean;onion;sweet_potato;corn;garlic;red_pepper,-0.320819896700956,0.219405625867645,-0.728962207795841,0.0873224143939291,0.13428,0.211119528977904,12,0.143680180513337,,-0.320819896700956,0.219405625867647,6,4,6,0
price,New series only 2005-2024 (6 exact crops),ln_real_new,7,-0.355127967513322,6,4,5,soybean;onion;sweet_potato;corn;garlic;red_pepper,-0.355127967513322,0.227090191131508,-0.776581366065158,0.0663254310385138,0.10427,0.217438910550017,11,0.117860068646475,,-0.355127967513322,0.227090191131509,6,4,5,0
price,New series only 2005-2024 (6 exact crops),ln_real_new,8,-0.249206429996407,6,4,4,soybean;onion;sweet_potato;corn;garlic;red_pepper,-0.249206429996407,0.179128908953832,-0.576207116511683,0.077794256518869,0.14972,0.17040533108122,10,0.16416090857979,,-0.249206429996407,0.179128908953833,6,4,4,1.11022302462516e-16
price,New series only 2005-2024 (6 exact crops),ln_real_new,9,-0.296752554677068,6,4,4,soybean;onion;sweet_potato;corn;garlic;red_pepper,-0.296752554677068,0.176609385272151,-0.620973685111404,0.0274685757572681,0.07715,0.167902145928366,10,0.0929035807608926,,-0.296752554677068,0.176609385272152,6,4,4,-5.55111512312578e-17
price,New series only 2005-2024 (main 4 crops),ln_real_new,-10,-0.0435880834621013,1,10,10,red_pepper,-0.0435880834621014,0.0955305447394942,-0.216744919379217,0.129568752455015,0.659,0.0913165124760491,11,0.648193110863939,,-0.0435880834621014,0.0955305447394934,1,10,10,9.0205620750794e-17
price,New series only 2005-2024 (main 4 crops),ln_real_new,-9,0.0126170060769396,1,10,10,red_pepper,0.0126170060769395,0.0775531806007791,-0.122758832922671,0.147992845076551,0.89143,0.0740087293212231,11,0.87076374817264,,0.0126170060769394,0.0775531806007796,1,10,10,1.99493199737333e-16
price,New series only 2005-2024 (main 4 crops),ln_real_new,-8,-0.290646685913755,2,7,9,sweet_potato;garlic,-0.290646685913756,0.197617682139635,-0.630784717790034,0.0494913459625232,0.12403,0.187040657198121,10,0.141358081853762,,-0.290646685913756,0.197617682139634,2,7,9,2.77555756156289e-16
price,New series only 2005-2024 (main 4 crops),ln_real_new,-7,-0.088695707699492,3,7,9,onion;sweet_potato;garlic,-0.0886957076994919,0.0858361952135185,-0.247676701210991,0.0702852858120067,0.29696,0.0814905293703917,10,0.301457165819662,,-0.0886957076994919,0.0858361952135178,3,7,9,-1.80411241501588e-16
price,New series only 2005-2024 (main 4 crops),ln_real_new,-6,0.0433856110933923,3,7,9,onion;sweet_potato;garlic,0.0433856110933925,0.108595859207908,-0.1434545954972,0.230225817683984,0.71379,0.103026330811794,10,0.689514204885195,,0.0433856110933926,0.108595859207909,3,7,9,-2.28983498828939e-16
price,New series only 2005-2024 (main 4 crops),ln_real_new,-5,-0.291972305961774,2,7,9,onion;garlic,-0.291972305961774,0.229326731385544,-0.661998998504566,0.0780543865810186,0.20076,0.21771820314861,10,0.202957118178133,,-0.291972305961773,0.229326731385544,2,7,9,-2.22044604925031e-16
price,New series only 2005-2024 (main 4 crops),ln_real_new,0,-0.171685355923177,4,7,7,onion;sweet_potato;garlic;red_pepper,-0.171685355923177,0.0929506862354219,-0.342803173377811,-0.000567538468544154,0.04922,0.0882222707885381,11,0.0647386609735408,,-0.171685355923177,0.0929506862354221,4,7,7,2.77555756156289e-17
price,New series only 2005-2024 (main 4 crops),ln_real_new,1,-0.196588011729926,4,7,7,onion;sweet_potato;garlic;red_pepper,-0.196588011729926,0.100822747961596,-0.383433698835336,-0.00974232462451646,0.03832,0.0961312703278591,11,0.051195446754241,,-0.196588011729926,0.100822747961596,4,7,7,-2.77555756156289e-17
price,New series only 2005-2024 (main 4 crops),ln_real_new,2,0.0113439088793657,4,6,7,onion;sweet_potato;garlic;red_pepper,0.0113439088793658,0.107425619372607,-0.186439336732191,0.209127154490922,0.9132,0.102155637354379,11,0.915901471741964,,0.0113439088793657,0.107425619372607,4,6,7,3.81639164714898e-17
price,New series only 2005-2024 (main 4 crops),ln_real_new,3,0.130329789859453,4,6,7,onion;sweet_potato;garlic;red_pepper,0.130329789859453,0.145963824666513,-0.139710074178764,0.40036965389767,0.36774,0.139635818683103,11,0.371915530784935,,0.130329789859453,0.145963824666513,4,6,7,0
price,New series only 2005-2024 (main 4 crops),ln_real_new,4,0.0444532440831544,4,5,7,onion;sweet_potato;garlic;red_pepper,0.0444532440831545,0.121409434581979,-0.178829096047974,0.267735584214283,0.71834,0.116048472092097,11,0.714258191430635,,0.0444532440831546,0.12140943458198,4,5,7,-2.08166817117217e-16
price,New series only 2005-2024 (main 4 crops),ln_real_new,5,0.0620554940375341,4,4,6,onion;sweet_potato;garlic;red_pepper,0.062055494037534,0.129426763877364,-0.175498504216135,0.299609492291204,0.62715,0.122840028662533,10,0.631608462340698,,0.0620554940375343,0.129426763877365,4,4,6,-1.94289029309402e-16
price,New series only 2005-2024 (main 4 crops),ln_real_new,6,-0.300066887479107,4,4,6,onion;sweet_potato;garlic;red_pepper,-0.300066887479106,0.162003626854689,-0.593655212049288,-0.00647856290892551,0.04419,0.153279960033686,10,0.0639937686018683,,-0.300066887479106,0.162003626854689,4,4,6,-2.22044604925031e-16
price,New series only 2005-2024 (main 4 crops),ln_real_new,7,-0.36053344649148,4,4,5,onion;sweet_potato;garlic;red_pepper,-0.36053344649148,0.226354084499558,-0.772728115450257,0.0516612224672965,0.09144,0.213156837628139,9,0.111208375749753,,-0.36053344649148,0.226354084499558,4,4,5,5.55111512312578e-17
price,New series only 2005-2024 (main 4 crops),ln_real_new,8,-0.149378573454333,4,4,4,onion;sweet_potato;garlic;red_pepper,-0.149378573454333,0.118387188245499,-0.363533286906299,0.0647761399976322,0.18467,0.110497904352097,8,0.207028000088283,,-0.149378573454334,0.118387188245499,4,4,4,2.77555756156289e-17
price,New series only 2005-2024 (main 4 crops),ln_real_new,9,-0.250550350764662,4,4,4,onion;sweet_potato;garlic;red_pepper,-0.250550350764662,0.140158467055409,-0.504755059950206,0.00365435842088196,0.05484,0.131464823665598,8,0.0738370233274577,,-0.250550350764662,0.140158467055409,4,4,4,1.11022302462516e-16
price,Strict sample (both linking rules),ln_real_linked,-12,-0.243677149829948,2,5,6,sweet_potato;garlic,-0.243677149829949,0.200032257239642,-0.59548205977222,0.108127760112323,0.22123,0.185424108867609,7,0.223152055456596,,-0.243677149829949,0.200032257239642,2,5,6,3.05311331771918e-16
price,Strict sample (both linking rules),ln_real_linked,-11,-0.31644588810933,2,5,6,sweet_potato;garlic,-0.31644588810933,0.2708797810384,-0.789999797011634,0.157108020792973,0.23504,0.250819639209682,7,0.242719955104264,,-0.31644588810933,0.270879781038401,2,5,6,1.11022302462516e-16
price,Strict sample (both linking rules),ln_real_linked,-10,-0.313562748884219,2,5,6,sweet_potato;garlic,-0.313562748884219,0.329572954939769,-0.878984178949001,0.251858681180563,0.35154,0.304937347499369,7,0.341390521673206,,-0.313562748884219,0.329572954939769,2,5,6,5.55111512312578e-17
price,Strict sample (both linking rules),ln_real_linked,-9,-0.243438657443439,2,5,6,sweet_potato;garlic,-0.24343865744344,0.225328214431181,-0.645708111798799,0.15883079691192,0.25435,0.208542881341033,7,0.279975840651828,,-0.24343865744344,0.225328214431181,2,5,6,3.33066907387547e-16
price,Strict sample (both linking rules),ln_real_linked,-8,-0.279743390756479,2,5,6,sweet_potato;garlic,-0.279743390756479,0.209970645852231,-0.640550248825866,0.0810634673129078,0.18642,0.194718672377623,7,0.182762410456547,,-0.279743390756479,0.209970645852232,2,5,6,1.66533453693773e-16
price,Strict sample (both linking rules),ln_real_linked,-7,-0.0827112358434666,2,5,6,sweet_potato;garlic,-0.082711235843467,0.160152844317294,-0.341252762528173,0.17583029084124,0.67692,0.148261582292169,7,0.605538846543307,,-0.082711235843467,0.160152844317294,2,5,6,3.88578058618805e-16
price,Strict sample (both linking rules),ln_real_linked,-6,-0.152193300147705,2,5,6,sweet_potato;garlic,-0.152193300147705,0.174489569950308,-0.436565967004459,0.132179366709049,0.42222,0.161457467989847,7,0.383088347493646,,-0.152193300147705,0.174489569950308,2,5,6,3.33066907387547e-16
price,Strict sample (both linking rules),ln_real_linked,-5,-0.292842220571748,1,5,5,garlic,-0.292842220571748,0.352723644329532,-0.787973377312368,0.202288936168872,0.52273,0.32139213877043,6,0.406408004434945,,-0.292842220571748,0.352723644329532,1,5,5,1.11022302462516e-16
price,Strict sample (both linking rules),ln_real_linked,0,-0.213375628938484,2,5,5,sweet_potato;garlic,-0.213375628938484,0.149965148346999,-0.480214852542132,0.0534635946651645,0.13012,0.138252927408549,7,0.154784056245045,,-0.213375628938484,0.149965148346999,2,5,5,1.66533453693773e-16
price,Strict sample (both linking rules),ln_real_linked,1,-0.133888888634107,2,5,5,sweet_potato;garlic,-0.133888888634107,0.142747776682644,-0.398223871443614,0.130446094175399,0.34018,0.131972000145223,7,0.348275105069897,,-0.133888888634107,0.142747776682644,2,5,5,1.66533453693773e-16
price,Strict sample (both linking rules),ln_real_linked,2,0.131033388611403,2,5,5,sweet_potato;garlic,0.131033388611403,0.0969073112306868,-0.0284400217950696,0.290506799017876,0.17986,0.0899005165056863,7,0.176326781397897,,0.131033388611403,0.0969073112306868,2,5,5,2.22044604925031e-16
price,Strict sample (both linking rules),ln_real_linked,3,0.197112160531045,2,5,5,sweet_potato;garlic,0.197112160531045,0.186059402384757,-0.117637385224453,0.511861706286544,0.31649,0.171747115905248,7,0.289415619817505,,0.197112160531045,0.186059402384757,2,5,5,5.55111512312578e-17
price,Strict sample (both linking rules),ln_real_linked,4,0.0840241232188013,2,4,4,sweet_potato;garlic,0.0840241232188013,0.174886812089752,-0.218208668159177,0.386256914596779,0.62951,0.159822446358786,6,0.630908446884423,,0.0840241232188013,0.174886812089753,2,4,4,0
price,Strict sample (both linking rules),ln_real_linked,5,0.209252967349281,2,4,4,sweet_potato;garlic,0.209252967349281,0.150351327802842,-0.0319078646703891,0.450413799368951,0.12402,0.137360026058655,6,0.163995079630443,,0.209252967349281,0.150351327802842,2,4,4,-4.44089209850063e-16
price,Strict sample (both linking rules),ln_real_linked,6,-0.191247438670594,2,4,4,sweet_potato;garlic,-0.191247438670594,0.190820782908092,-0.528447736385944,0.145952859044755,0.2889,0.174231007726882,6,0.316229673925829,,-0.191247438670594,0.190820782908093,2,4,4,0
price,Strict sample (both linking rules),ln_real_linked,7,-0.144510201346759,2,3,3,sweet_potato;garlic,-0.144510201346759,0.275745154731747,-0.601154788869021,0.312134386175503,0.59978,0.246268741329524,5,0.600228748543869,,-0.144510201346759,0.275745154731747,2,3,3,1.11022302462516e-16
price,Strict sample (both linking rules),ln_real_linked,8,-0.169513084221505,2,3,3,sweet_potato;garlic,-0.169513084221505,0.154658069267298,-0.440796788945904,0.101770620502893,0.2249,0.138484346497414,5,0.273056590078378,,-0.169513084221505,0.154658069267299,2,3,3,5.55111512312578e-17
price,Strict sample (both linking rules),ln_real_linked,9,-0.283244642840686,2,3,3,sweet_potato;garlic,-0.283244642840686,0.215505706708096,-0.650335651353876,0.0838463656725046,0.15216,0.192723182067073,5,0.188736693976414,,-0.283244642840686,0.215505706708097,2,3,3,5.55111512312578e-17
price_audit,AUDIT: CS-A main on nominal linked crop index (no divisor),ln_nominal_linked,-12,-0.182975060678084,4,7,10,onion;sweet_potato;garlic;red_pepper,-0.182975060678083,0.179062250600776,-0.513769985136277,0.14781986378011,0.29566,0.170894309870403,11,0.306851107498639,,,,,,,
price_audit,AUDIT: CS-A main on nominal linked crop index (no divisor),ln_nominal_linked,-11,-0.190871879249328,4,7,10,onion;sweet_potato;garlic;red_pepper,-0.190871879249328,0.145951900357514,-0.457259929995581,0.0755161714969249,0.17945,0.13904984112422,11,0.19095048978143,,,,,,,
price_audit,AUDIT: CS-A main on nominal linked crop index (no divisor),ln_nominal_linked,-10,-0.164848457296715,4,7,10,onion;sweet_potato;garlic;red_pepper,-0.164848457296715,0.154824920262286,-0.448482774999071,0.11878586040564,0.28083,0.14721524878199,11,0.286993101552699,,,,,,,
price_audit,AUDIT: CS-A main on nominal linked crop index (no divisor),ln_nominal_linked,-9,0.00220167465144835,4,7,10,onion;sweet_potato;garlic;red_pepper,0.00220167465144849,0.15289088435409,-0.275879551056348,0.280282900359245,0.98928,0.145912301921085,11,0.988510619791745,,,,,,,
price_audit,AUDIT: CS-A main on nominal linked crop index (no divisor),ln_nominal_linked,-8,-0.142252012465789,3,7,9,onion;sweet_potato;garlic,-0.142252012465789,0.152427901157852,-0.419992655096649,0.135488630165071,0.34772,0.144621589700059,10,0.350695395835501,,,,,,,
price_audit,AUDIT: CS-A main on nominal linked crop index (no divisor),ln_nominal_linked,-7,-0.0851422832460508,3,7,9,onion;sweet_potato;garlic,-0.0851422832460508,0.0944445051745928,-0.254428141719946,0.0841435752278442,0.38049,0.0893938769725436,10,0.367319372331971,,,,,,,
price_audit,AUDIT: CS-A main on nominal linked crop index (no divisor),ln_nominal_linked,-6,0.0459533722452138,3,7,9,onion;sweet_potato;garlic,0.0459533722452137,0.112709445764196,-0.15256105615818,0.244467800648607,0.71134,0.106990801882728,10,0.683482659433032,,,,,,,
price_audit,AUDIT: CS-A main on nominal linked crop index (no divisor),ln_nominal_linked,-5,-0.285678566754117,2,7,9,onion;garlic,-0.285678566754117,0.234440416103165,-0.670189434901654,0.0988323013934199,0.24785,0.222302651933558,10,0.223013096234751,,,,,,,
price_audit,AUDIT: CS-A main on nominal linked crop index (no divisor),ln_nominal_linked,0,-0.172391893846745,4,7,7,onion;sweet_potato;garlic;red_pepper,-0.172391893846745,0.0976011596251312,-0.35365662420517,0.00887283651167936,0.06326,0.0932809552911413,11,0.0773473087294222,,,,,,,
price_audit,AUDIT: CS-A main on nominal linked crop index (no divisor),ln_nominal_linked,1,-0.198769756018002,4,7,7,onion;sweet_potato;garlic;red_pepper,-0.198769756018002,0.102340793103497,-0.387675516098658,-0.00986399593734538,0.03839,0.0976849025048721,11,0.0521087929255732,,,,,,,
price_audit,AUDIT: CS-A main on nominal linked crop index (no divisor),ln_nominal_linked,2,0.00832411548297494,4,6,7,onion;sweet_potato;garlic;red_pepper,0.00832411548297499,0.0969601915274295,-0.171130827901397,0.187779058867347,0.93065,0.0925776262116504,11,0.931584978086119,,,,,,,
price_audit,AUDIT: CS-A main on nominal linked crop index (no divisor),ln_nominal_linked,3,0.130390635781113,4,6,7,onion;sweet_potato;garlic;red_pepper,0.130390635781113,0.140244895170206,-0.128690806541826,0.389472078104053,0.34572,0.133792048058015,11,0.35250813020769,,,,,,,
price_audit,AUDIT: CS-A main on nominal linked crop index (no divisor),ln_nominal_linked,4,0.0457654966893521,4,5,7,onion;sweet_potato;garlic;red_pepper,0.0457654966893523,0.12274109657042,-0.181173849298041,0.272704842676745,0.70617,0.117207154865755,11,0.709251119386705,,,,,,,
price_audit,AUDIT: CS-A main on nominal linked crop index (no divisor),ln_nominal_linked,5,0.0640945676037741,4,4,6,onion;sweet_potato;garlic;red_pepper,0.0640945676037742,0.13089823790622,-0.17644402726003,0.304633162467579,0.62007,0.124570761579052,10,0.62438026181925,,,,,,,
price_audit,AUDIT: CS-A main on nominal linked crop index (no divisor),ln_nominal_linked,6,-0.299288195519809,4,4,6,onion;sweet_potato;garlic;red_pepper,-0.299288195519809,0.172999744486531,-0.618941089670014,0.0203646986303971,0.06912,0.164729110809784,10,0.0836316822967538,,,,,,,
price_audit,AUDIT: CS-A main on nominal linked crop index (no divisor),ln_nominal_linked,7,-0.358724697606905,4,4,5,onion;sweet_potato;garlic;red_pepper,-0.358724697606905,0.234064552628069,-0.783218529650643,0.0657691344368327,0.1052,0.220956597172456,9,0.125377217784686,,,,,,,
price_audit,AUDIT: CS-A main on nominal linked crop index (no divisor),ln_nominal_linked,8,-0.149805874863637,4,4,4,onion;sweet_potato;garlic;red_pepper,-0.149805874863637,0.120286685033483,-0.367963453978791,0.0683517042515159,0.19759,0.112737750784594,8,0.212982195820525,,,,,,,
price_audit,AUDIT: CS-A main on nominal linked crop index (no divisor),ln_nominal_linked,9,-0.249338340511369,4,4,4,onion;sweet_potato;garlic;red_pepper,-0.249338340511369,0.13551986689163,-0.494065186979819,-0.0046114940429195,0.04561,0.12666960902965,8,0.0657879722670522,,,,,,,
