variant,outcome,group,crop_id,year
original,ln_area,Treated reference,soybean,2007
original,ln_area,Treated target,soybean,2012
original,ln_area,Donor reference,autumn_napa,2007
original,ln_area,Donor target,autumn_napa,2012
original,ln_area,Donor reference,autumn_radish,2007
original,ln_area,Donor target,autumn_radish,2012
original,ln_area,Donor reference,barley,2007
original,ln_area,Donor target,barley,2012
original,ln_area,Donor reference,cabbage,2007
original,ln_area,Donor target,cabbage,2012
original,ln_area,Donor reference,carrot,2007
original,ln_area,Donor target,carrot,2012
original,ln_area,Donor reference,ginger,2007
original,ln_area,Donor target,ginger,2012
original,ln_area,Donor reference,highland_napa,2007
original,ln_area,Donor target,highland_napa,2012
original,ln_area,Donor reference,highland_radish,2007
original,ln_area,Donor target,highland_radish,2012
original,ln_area,Donor reference,large_green_onion,2007
original,ln_area,Donor target,large_green_onion,2012
original,ln_area,Donor reference,leaf_lettuce,2007
original,ln_area,Donor target,leaf_lettuce,2012
original,ln_area,Donor reference,malting_barley,2007
original,ln_area,Donor target,malting_barley,2012
original,ln_area,Donor reference,mung_bean,2007
original,ln_area,Donor target,mung_bean,2012
original,ln_area,Donor reference,other_pulses,2007
original,ln_area,Donor target,other_pulses,2012
original,ln_area,Donor reference,peanut,2007
original,ln_area,Donor target,peanut,2012
original,ln_area,Donor reference,perilla,2007
original,ln_area,Donor target,perilla,2012
original,ln_area,Donor reference,red_bean,2007
original,ln_area,Donor target,red_bean,2012
original,ln_area,Donor reference,sesame,2007
original,ln_area,Donor target,sesame,2012
original,ln_area,Donor reference,small_green_onion,2007
original,ln_area,Donor target,small_green_onion,2012
original,ln_area,Donor reference,spinach,2007
original,ln_area,Donor target,spinach,2012
original,ln_area,Donor reference,spring_napa,2007
original,ln_area,Donor target,spring_napa,2012
original,ln_area,Donor reference,spring_radish,2007
original,ln_area,Donor target,spring_radish,2012
original,ln_area,Donor reference,wheat,2007
original,ln_area,Donor target,wheat,2012
original,ln_area,Treated target,soybean,2013
original,ln_area,Donor target,autumn_napa,2013
original,ln_area,Donor target,autumn_radish,2013
original,ln_area,Donor target,barley,2013
original,ln_area,Donor target,cabbage,2013
original,ln_area,Donor target,carrot,2013
original,ln_area,Donor target,ginger,2013
original,ln_area,Donor target,highland_napa,2013
original,ln_area,Donor target,highland_radish,2013
original,ln_area,Donor target,large_green_onion,2013
original,ln_area,Donor target,leaf_lettuce,2013
original,ln_area,Donor target,malting_barley,2013
original,ln_area,Donor target,mung_bean,2013
original,ln_area,Donor target,other_pulses,2013
original,ln_area,Donor target,peanut,2013
original,ln_area,Donor target,perilla,2013
original,ln_area,Donor target,red_bean,2013
original,ln_area,Donor target,sesame,2013
original,ln_area,Donor target,small_green_onion,2013
original,ln_area,Donor target,spinach,2013
original,ln_area,Donor target,spring_napa,2013
original,ln_area,Donor target,spring_radish,2013
original,ln_area,Donor target,wheat,2013
original,ln_area,Treated target,soybean,2014
original,ln_area,Donor target,autumn_napa,2014
original,ln_area,Donor target,autumn_radish,2014
original,ln_area,Donor target,barley,2014
original,ln_area,Donor target,cabbage,2014
original,ln_area,Donor target,carrot,2014
original,ln_area,Donor target,ginger,2014
original,ln_area,Donor target,highland_napa,2014
original,ln_area,Donor target,highland_radish,2014
original,ln_area,Donor target,large_green_onion,2014
original,ln_area,Donor target,leaf_lettuce,2014
original,ln_area,Donor target,malting_barley,2014
original,ln_area,Donor target,mung_bean,2014
original,ln_area,Donor target,other_pulses,2014
original,ln_area,Donor target,peanut,2014
original,ln_area,Donor target,perilla,2014
original,ln_area,Donor target,red_bean,2014
original,ln_area,Donor target,sesame,2014
original,ln_area,Donor target,small_green_onion,2014
original,ln_area,Donor target,spinach,2014
original,ln_area,Donor target,spring_napa,2014
original,ln_area,Donor target,spring_radish,2014
original,ln_area,Donor target,wheat,2014
original,ln_area,Treated target,soybean,2015
original,ln_area,Donor target,autumn_napa,2015
original,ln_area,Donor target,autumn_radish,2015
original,ln_area,Donor target,barley,2015
original,ln_area,Donor target,cabbage,2015
original,ln_area,Donor target,carrot,2015
original,ln_area,Donor target,ginger,2015
original,ln_area,Donor target,highland_napa,2015
original,ln_area,Donor target,highland_radish,2015
original,ln_area,Donor target,large_green_onion,2015
original,ln_area,Donor target,leaf_lettuce,2015
original,ln_area,Donor target,malting_barley,2015
original,ln_area,Donor target,mung_bean,2015
original,ln_area,Donor target,other_pulses,2015
original,ln_area,Donor target,peanut,2015
original,ln_area,Donor target,perilla,2015
original,ln_area,Donor target,red_bean,2015
original,ln_area,Donor target,sesame,2015
original,ln_area,Donor target,small_green_onion,2015
original,ln_area,Donor target,spinach,2015
original,ln_area,Donor target,spring_napa,2015
original,ln_area,Donor target,spring_radish,2015
original,ln_area,Donor target,wheat,2015
original,ln_area,Treated target,soybean,2016
original,ln_area,Donor target,autumn_napa,2016
original,ln_area,Donor target,autumn_radish,2016
original,ln_area,Donor target,barley,2016
original,ln_area,Donor target,cabbage,2016
original,ln_area,Donor target,carrot,2016
original,ln_area,Donor target,ginger,2016
original,ln_area,Donor target,highland_napa,2016
original,ln_area,Donor target,highland_radish,2016
original,ln_area,Donor target,large_green_onion,2016
original,ln_area,Donor target,leaf_lettuce,2016
original,ln_area,Donor target,malting_barley,2016
original,ln_area,Donor target,mung_bean,2016
original,ln_area,Donor target,other_pulses,2016
original,ln_area,Donor target,peanut,2016
original,ln_area,Donor target,perilla,2016
original,ln_area,Donor target,red_bean,2016
original,ln_area,Donor target,sesame,2016
original,ln_area,Donor target,small_green_onion,2016
original,ln_area,Donor target,spinach,2016
original,ln_area,Donor target,spring_napa,2016
original,ln_area,Donor target,spring_radish,2016
original,ln_area,Donor target,wheat,2016
original,ln_area,Treated target,soybean,2017
original,ln_area,Donor target,autumn_napa,2017
original,ln_area,Donor target,autumn_radish,2017
original,ln_area,Donor target,barley,2017
original,ln_area,Donor target,carrot,2017
original,ln_area,Donor target,ginger,2017
original,ln_area,Donor target,highland_napa,2017
original,ln_area,Donor target,highland_radish,2017
original,ln_area,Donor target,large_green_onion,2017
original,ln_area,Donor target,leaf_lettuce,2017
original,ln_area,Donor target,malting_barley,2017
original,ln_area,Donor target,mung_bean,2017
original,ln_area,Donor target,other_pulses,2017
original,ln_area,Donor target,peanut,2017
original,ln_area,Donor target,perilla,2017
original,ln_area,Donor target,red_bean,2017
original,ln_area,Donor target,sesame,2017
original,ln_area,Donor target,small_green_onion,2017
original,ln_area,Donor target,spinach,2017
original,ln_area,Donor target,spring_napa,2017
original,ln_area,Donor target,spring_radish,2017
original,ln_area,Treated target,soybean,2018
original,ln_area,Donor target,autumn_napa,2018
original,ln_area,Donor target,autumn_radish,2018
original,ln_area,Donor target,barley,2018
original,ln_area,Donor target,carrot,2018
original,ln_area,Donor target,ginger,2018
original,ln_area,Donor target,highland_napa,2018
original,ln_area,Donor target,highland_radish,2018
original,ln_area,Donor target,large_green_onion,2018
original,ln_area,Donor target,leaf_lettuce,2018
original,ln_area,Donor target,malting_barley,2018
original,ln_area,Donor target,mung_bean,2018
original,ln_area,Donor target,other_pulses,2018
original,ln_area,Donor target,peanut,2018
original,ln_area,Donor target,perilla,2018
original,ln_area,Donor target,red_bean,2018
original,ln_area,Donor target,sesame,2018
original,ln_area,Donor target,small_green_onion,2018
original,ln_area,Donor target,spinach,2018
original,ln_area,Donor target,spring_napa,2018
original,ln_area,Donor target,spring_radish,2018
original,ln_area,Treated target,soybean,2019
original,ln_area,Donor target,autumn_napa,2019
original,ln_area,Donor target,autumn_radish,2019
original,ln_area,Donor target,barley,2019
original,ln_area,Donor target,ginger,2019
original,ln_area,Donor target,leaf_lettuce,2019
original,ln_area,Donor target,malting_barley,2019
original,ln_area,Donor target,mung_bean,2019
original,ln_area,Donor target,other_pulses,2019
original,ln_area,Donor target,peanut,2019
original,ln_area,Donor target,perilla,2019
original,ln_area,Donor target,red_bean,2019
original,ln_area,Donor target,sesame,2019
original,ln_area,Donor target,spinach,2019
original,ln_area,Donor target,spring_napa,2019
original,ln_area,Donor target,spring_radish,2019
original,ln_area,Treated target,soybean,2020
original,ln_area,Donor target,autumn_napa,2020
original,ln_area,Donor target,autumn_radish,2020
original,ln_area,Donor target,barley,2020
original,ln_area,Donor target,ginger,2020
original,ln_area,Donor target,leaf_lettuce,2020
original,ln_area,Donor target,malting_barley,2020
original,ln_area,Donor target,mung_bean,2020
original,ln_area,Donor target,other_pulses,2020
original,ln_area,Donor target,peanut,2020
original,ln_area,Donor target,perilla,2020
original,ln_area,Donor target,sesame,2020
original,ln_area,Donor target,spinach,2020
original,ln_area,Donor target,spring_napa,2020
original,ln_area,Donor target,spring_radish,2020
original,ln_area,Treated target,soybean,2021
original,ln_area,Donor target,autumn_napa,2021
original,ln_area,Donor target,autumn_radish,2021
original,ln_area,Donor target,ginger,2021
original,ln_area,Donor target,leaf_lettuce,2021
original,ln_area,Donor target,mung_bean,2021
original,ln_area,Donor target,other_pulses,2021
original,ln_area,Donor target,peanut,2021
original,ln_area,Donor target,perilla,2021
original,ln_area,Donor target,sesame,2021
original,ln_area,Donor target,spring_napa,2021
original,ln_area,Donor target,spring_radish,2021
original,ln_area,Treated reference,onion,2008
original,ln_area,Treated target,onion,2012
original,ln_area,Donor reference,autumn_napa,2008
original,ln_area,Donor reference,autumn_radish,2008
original,ln_area,Donor reference,barley,2008
original,ln_area,Donor reference,cabbage,2008
original,ln_area,Donor reference,carrot,2008
original,ln_area,Donor reference,ginger,2008
original,ln_area,Donor reference,highland_napa,2008
original,ln_area,Donor reference,highland_radish,2008
original,ln_area,Donor reference,large_green_onion,2008
original,ln_area,Donor reference,leaf_lettuce,2008
original,ln_area,Donor reference,malting_barley,2008
original,ln_area,Donor reference,mung_bean,2008
original,ln_area,Donor reference,other_pulses,2008
original,ln_area,Donor reference,peanut,2008
original,ln_area,Donor reference,perilla,2008
original,ln_area,Donor reference,red_bean,2008
original,ln_area,Donor reference,sesame,2008
original,ln_area,Donor reference,small_green_onion,2008
original,ln_area,Donor reference,spinach,2008
original,ln_area,Donor reference,spring_napa,2008
original,ln_area,Donor reference,spring_radish,2008
original,ln_area,Donor reference,wheat,2008
original,ln_area,Treated target,onion,2013
original,ln_area,Treated target,onion,2014
original,ln_area,Treated target,onion,2015
original,ln_area,Treated target,onion,2016
original,ln_area,Treated target,onion,2017
original,ln_area,Treated target,onion,2018
original,ln_area,Treated target,onion,2019
original,ln_area,Treated target,onion,2020
original,ln_area,Treated target,onion,2021
original,ln_area,Treated reference,sweet_potato,2008
original,ln_area,Treated target,sweet_potato,2013
original,ln_area,Treated target,sweet_potato,2014
original,ln_area,Treated target,sweet_potato,2015
original,ln_area,Treated target,sweet_potato,2016
original,ln_area,Treated target,sweet_potato,2017
original,ln_area,Treated target,sweet_potato,2018
original,ln_area,Treated target,sweet_potato,2019
original,ln_area,Treated target,sweet_potato,2020
original,ln_area,Treated target,sweet_potato,2021
original,ln_area,Treated target,sweet_potato,2022
original,ln_area,Donor target,autumn_radish,2022
original,ln_area,Donor target,ginger,2022
original,ln_area,Donor target,leaf_lettuce,2022
original,ln_area,Donor target,mung_bean,2022
original,ln_area,Donor target,other_pulses,2022
original,ln_area,Donor target,peanut,2022
original,ln_area,Donor target,perilla,2022
original,ln_area,Donor target,sesame,2022
original,ln_area,Donor target,spring_napa,2022
original,ln_area,Donor target,spring_radish,2022
original,ln_area,Treated reference,corn,2008
original,ln_area,Treated target,corn,2013
original,ln_area,Treated target,corn,2014
original,ln_area,Treated target,corn,2015
original,ln_area,Treated target,corn,2016
original,ln_area,Treated target,corn,2017
original,ln_area,Treated target,corn,2018
original,ln_area,Treated target,corn,2019
original,ln_area,Treated target,corn,2020
original,ln_area,Treated target,corn,2021
original,ln_area,Treated target,corn,2022
original,ln_area,Treated reference,garlic,2009
original,ln_area,Treated target,garlic,2013
original,ln_area,Donor reference,autumn_napa,2009
original,ln_area,Donor reference,autumn_radish,2009
original,ln_area,Donor reference,barley,2009
original,ln_area,Donor reference,cabbage,2009
original,ln_area,Donor reference,carrot,2009
original,ln_area,Donor reference,ginger,2009
original,ln_area,Donor reference,highland_napa,2009
original,ln_area,Donor reference,highland_radish,2009
original,ln_area,Donor reference,large_green_onion,2009
original,ln_area,Donor reference,leaf_lettuce,2009
original,ln_area,Donor reference,malting_barley,2009
original,ln_area,Donor reference,mung_bean,2009
original,ln_area,Donor reference,other_pulses,2009
original,ln_area,Donor reference,peanut,2009
original,ln_area,Donor reference,perilla,2009
original,ln_area,Donor reference,red_bean,2009
original,ln_area,Donor reference,sesame,2009
original,ln_area,Donor reference,small_green_onion,2009
original,ln_area,Donor reference,spinach,2009
original,ln_area,Donor reference,spring_napa,2009
original,ln_area,Donor reference,spring_radish,2009
original,ln_area,Donor reference,wheat,2009
original,ln_area,Treated target,garlic,2014
original,ln_area,Treated target,garlic,2015
original,ln_area,Treated target,garlic,2016
original,ln_area,Treated target,garlic,2017
original,ln_area,Treated target,garlic,2018
original,ln_area,Treated target,garlic,2019
original,ln_area,Treated target,garlic,2020
original,ln_area,Treated target,garlic,2021
original,ln_area,Treated target,garlic,2022
original,ln_area,Treated reference,spring_potato,2007
original,ln_area,Treated target,spring_potato,2013
original,ln_area,Treated target,spring_potato,2014
original,ln_area,Treated target,spring_potato,2015
original,ln_area,Treated target,spring_potato,2016
original,ln_area,Treated target,spring_potato,2017
original,ln_area,Treated target,spring_potato,2018
original,ln_area,Treated target,spring_potato,2019
original,ln_area,Treated target,spring_potato,2020
original,ln_area,Treated target,spring_potato,2021
original,ln_area,Treated target,spring_potato,2022
original,ln_area,Treated reference,red_pepper,2007
original,ln_area,Treated target,red_pepper,2015
original,ln_area,Treated target,red_pepper,2016
original,ln_area,Treated target,red_pepper,2017
original,ln_area,Treated target,red_pepper,2018
original,ln_area,Treated target,red_pepper,2019
original,ln_area,Treated target,red_pepper,2020
original,ln_area,Treated target,red_pepper,2021
original,ln_area,Treated target,red_pepper,2022
original,ln_area,Treated target,red_pepper,2023
original,ln_area,Donor target,autumn_radish,2023
original,ln_area,Donor target,ginger,2023
original,ln_area,Donor target,leaf_lettuce,2023
original,ln_area,Donor target,mung_bean,2023
original,ln_area,Donor target,other_pulses,2023
original,ln_area,Donor target,peanut,2023
original,ln_area,Donor target,perilla,2023
original,ln_area,Donor target,sesame,2023
original,ln_area,Donor target,spring_napa,2023
original,ln_area,Donor target,spring_radish,2023
original,ln_area,Treated target,red_pepper,2024
original,ln_area,Donor target,ginger,2024
original,ln_area,Donor target,leaf_lettuce,2024
original,ln_area,Donor target,mung_bean,2024
original,ln_area,Donor target,other_pulses,2024
original,ln_area,Donor target,peanut,2024
original,ln_area,Donor target,perilla,2024
original,ln_area,Donor target,sesame,2024
original,ln_area,Donor target,spring_radish,2024
original,ln_yield,Treated reference,soybean,2007
original,ln_yield,Treated target,soybean,2012
original,ln_yield,Donor reference,autumn_napa,2007
original,ln_yield,Donor target,autumn_napa,2012
original,ln_yield,Donor reference,autumn_radish,2007
original,ln_yield,Donor target,autumn_radish,2012
original,ln_yield,Donor reference,barley,2007
original,ln_yield,Donor target,barley,2012
original,ln_yield,Donor reference,cabbage,2007
original,ln_yield,Donor target,cabbage,2012
original,ln_yield,Donor reference,carrot,2007
original,ln_yield,Donor target,carrot,2012
original,ln_yield,Donor reference,ginger,2007
original,ln_yield,Donor target,ginger,2012
original,ln_yield,Donor reference,highland_napa,2007
original,ln_yield,Donor target,highland_napa,2012
original,ln_yield,Donor reference,highland_radish,2007
original,ln_yield,Donor target,highland_radish,2012
original,ln_yield,Donor reference,large_green_onion,2007
original,ln_yield,Donor target,large_green_onion,2012
original,ln_yield,Donor reference,leaf_lettuce,2007
original,ln_yield,Donor target,leaf_lettuce,2012
original,ln_yield,Donor reference,malting_barley,2007
original,ln_yield,Donor target,malting_barley,2012
original,ln_yield,Donor reference,mung_bean,2007
original,ln_yield,Donor target,mung_bean,2012
original,ln_yield,Donor reference,other_pulses,2007
original,ln_yield,Donor target,other_pulses,2012
original,ln_yield,Donor reference,peanut,2007
original,ln_yield,Donor target,peanut,2012
original,ln_yield,Donor reference,perilla,2007
original,ln_yield,Donor target,perilla,2012
original,ln_yield,Donor reference,red_bean,2007
original,ln_yield,Donor target,red_bean,2012
original,ln_yield,Donor reference,sesame,2007
original,ln_yield,Donor target,sesame,2012
original,ln_yield,Donor reference,small_green_onion,2007
original,ln_yield,Donor target,small_green_onion,2012
original,ln_yield,Donor reference,spinach,2007
original,ln_yield,Donor target,spinach,2012
original,ln_yield,Donor reference,spring_napa,2007
original,ln_yield,Donor target,spring_napa,2012
original,ln_yield,Donor reference,spring_radish,2007
original,ln_yield,Donor target,spring_radish,2012
original,ln_yield,Donor reference,wheat,2007
original,ln_yield,Donor target,wheat,2012
original,ln_yield,Treated target,soybean,2013
original,ln_yield,Donor target,autumn_napa,2013
original,ln_yield,Donor target,autumn_radish,2013
original,ln_yield,Donor target,barley,2013
original,ln_yield,Donor target,cabbage,2013
original,ln_yield,Donor target,carrot,2013
original,ln_yield,Donor target,ginger,2013
original,ln_yield,Donor target,highland_napa,2013
original,ln_yield,Donor target,highland_radish,2013
original,ln_yield,Donor target,large_green_onion,2013
original,ln_yield,Donor target,leaf_lettuce,2013
original,ln_yield,Donor target,malting_barley,2013
original,ln_yield,Donor target,mung_bean,2013
original,ln_yield,Donor target,other_pulses,2013
original,ln_yield,Donor target,peanut,2013
original,ln_yield,Donor target,perilla,2013
original,ln_yield,Donor target,red_bean,2013
original,ln_yield,Donor target,sesame,2013
original,ln_yield,Donor target,small_green_onion,2013
original,ln_yield,Donor target,spinach,2013
original,ln_yield,Donor target,spring_napa,2013
original,ln_yield,Donor target,spring_radish,2013
original,ln_yield,Donor target,wheat,2013
original,ln_yield,Treated target,soybean,2014
original,ln_yield,Donor target,autumn_napa,2014
original,ln_yield,Donor target,autumn_radish,2014
original,ln_yield,Donor target,barley,2014
original,ln_yield,Donor target,cabbage,2014
original,ln_yield,Donor target,carrot,2014
original,ln_yield,Donor target,ginger,2014
original,ln_yield,Donor target,highland_napa,2014
original,ln_yield,Donor target,highland_radish,2014
original,ln_yield,Donor target,large_green_onion,2014
original,ln_yield,Donor target,leaf_lettuce,2014
original,ln_yield,Donor target,malting_barley,2014
original,ln_yield,Donor target,mung_bean,2014
original,ln_yield,Donor target,other_pulses,2014
original,ln_yield,Donor target,peanut,2014
original,ln_yield,Donor target,perilla,2014
original,ln_yield,Donor target,red_bean,2014
original,ln_yield,Donor target,sesame,2014
original,ln_yield,Donor target,small_green_onion,2014
original,ln_yield,Donor target,spinach,2014
original,ln_yield,Donor target,spring_napa,2014
original,ln_yield,Donor target,spring_radish,2014
original,ln_yield,Donor target,wheat,2014
original,ln_yield,Treated target,soybean,2015
original,ln_yield,Donor target,autumn_napa,2015
original,ln_yield,Donor target,autumn_radish,2015
original,ln_yield,Donor target,barley,2015
original,ln_yield,Donor target,cabbage,2015
original,ln_yield,Donor target,carrot,2015
original,ln_yield,Donor target,ginger,2015
original,ln_yield,Donor target,highland_napa,2015
original,ln_yield,Donor target,highland_radish,2015
original,ln_yield,Donor target,large_green_onion,2015
original,ln_yield,Donor target,leaf_lettuce,2015
original,ln_yield,Donor target,malting_barley,2015
original,ln_yield,Donor target,mung_bean,2015
original,ln_yield,Donor target,other_pulses,2015
original,ln_yield,Donor target,peanut,2015
original,ln_yield,Donor target,perilla,2015
original,ln_yield,Donor target,red_bean,2015
original,ln_yield,Donor target,sesame,2015
original,ln_yield,Donor target,small_green_onion,2015
original,ln_yield,Donor target,spinach,2015
original,ln_yield,Donor target,spring_napa,2015
original,ln_yield,Donor target,spring_radish,2015
original,ln_yield,Donor target,wheat,2015
original,ln_yield,Treated target,soybean,2016
original,ln_yield,Donor target,autumn_napa,2016
original,ln_yield,Donor target,autumn_radish,2016
original,ln_yield,Donor target,barley,2016
original,ln_yield,Donor target,cabbage,2016
original,ln_yield,Donor target,carrot,2016
original,ln_yield,Donor target,ginger,2016
original,ln_yield,Donor target,highland_napa,2016
original,ln_yield,Donor target,highland_radish,2016
original,ln_yield,Donor target,large_green_onion,2016
original,ln_yield,Donor target,leaf_lettuce,2016
original,ln_yield,Donor target,malting_barley,2016
original,ln_yield,Donor target,mung_bean,2016
original,ln_yield,Donor target,other_pulses,2016
original,ln_yield,Donor target,peanut,2016
original,ln_yield,Donor target,perilla,2016
original,ln_yield,Donor target,red_bean,2016
original,ln_yield,Donor target,sesame,2016
original,ln_yield,Donor target,small_green_onion,2016
original,ln_yield,Donor target,spinach,2016
original,ln_yield,Donor target,spring_napa,2016
original,ln_yield,Donor target,spring_radish,2016
original,ln_yield,Donor target,wheat,2016
original,ln_yield,Treated target,soybean,2017
original,ln_yield,Donor target,autumn_napa,2017
original,ln_yield,Donor target,autumn_radish,2017
original,ln_yield,Donor target,barley,2017
original,ln_yield,Donor target,carrot,2017
original,ln_yield,Donor target,ginger,2017
original,ln_yield,Donor target,highland_napa,2017
original,ln_yield,Donor target,highland_radish,2017
original,ln_yield,Donor target,large_green_onion,2017
original,ln_yield,Donor target,leaf_lettuce,2017
original,ln_yield,Donor target,malting_barley,2017
original,ln_yield,Donor target,mung_bean,2017
original,ln_yield,Donor target,other_pulses,2017
original,ln_yield,Donor target,peanut,2017
original,ln_yield,Donor target,perilla,2017
original,ln_yield,Donor target,red_bean,2017
original,ln_yield,Donor target,sesame,2017
original,ln_yield,Donor target,small_green_onion,2017
original,ln_yield,Donor target,spinach,2017
original,ln_yield,Donor target,spring_napa,2017
original,ln_yield,Donor target,spring_radish,2017
original,ln_yield,Treated target,soybean,2018
original,ln_yield,Donor target,autumn_napa,2018
original,ln_yield,Donor target,autumn_radish,2018
original,ln_yield,Donor target,barley,2018
original,ln_yield,Donor target,carrot,2018
original,ln_yield,Donor target,ginger,2018
original,ln_yield,Donor target,highland_napa,2018
original,ln_yield,Donor target,highland_radish,2018
original,ln_yield,Donor target,large_green_onion,2018
original,ln_yield,Donor target,leaf_lettuce,2018
original,ln_yield,Donor target,malting_barley,2018
original,ln_yield,Donor target,mung_bean,2018
original,ln_yield,Donor target,other_pulses,2018
original,ln_yield,Donor target,peanut,2018
original,ln_yield,Donor target,perilla,2018
original,ln_yield,Donor target,red_bean,2018
original,ln_yield,Donor target,sesame,2018
original,ln_yield,Donor target,small_green_onion,2018
original,ln_yield,Donor target,spinach,2018
original,ln_yield,Donor target,spring_napa,2018
original,ln_yield,Donor target,spring_radish,2018
original,ln_yield,Treated target,soybean,2019
original,ln_yield,Donor target,autumn_napa,2019
original,ln_yield,Donor target,autumn_radish,2019
original,ln_yield,Donor target,barley,2019
original,ln_yield,Donor target,ginger,2019
original,ln_yield,Donor target,leaf_lettuce,2019
original,ln_yield,Donor target,malting_barley,2019
original,ln_yield,Donor target,mung_bean,2019
original,ln_yield,Donor target,other_pulses,2019
original,ln_yield,Donor target,peanut,2019
original,ln_yield,Donor target,perilla,2019
original,ln_yield,Donor target,red_bean,2019
original,ln_yield,Donor target,sesame,2019
original,ln_yield,Donor target,spinach,2019
original,ln_yield,Donor target,spring_napa,2019
original,ln_yield,Donor target,spring_radish,2019
original,ln_yield,Treated target,soybean,2020
original,ln_yield,Donor target,autumn_napa,2020
original,ln_yield,Donor target,autumn_radish,2020
original,ln_yield,Donor target,barley,2020
original,ln_yield,Donor target,ginger,2020
original,ln_yield,Donor target,leaf_lettuce,2020
original,ln_yield,Donor target,malting_barley,2020
original,ln_yield,Donor target,mung_bean,2020
original,ln_yield,Donor target,other_pulses,2020
original,ln_yield,Donor target,peanut,2020
original,ln_yield,Donor target,perilla,2020
original,ln_yield,Donor target,sesame,2020
original,ln_yield,Donor target,spinach,2020
original,ln_yield,Donor target,spring_napa,2020
original,ln_yield,Donor target,spring_radish,2020
original,ln_yield,Treated target,soybean,2021
original,ln_yield,Donor target,autumn_napa,2021
original,ln_yield,Donor target,autumn_radish,2021
original,ln_yield,Donor target,ginger,2021
original,ln_yield,Donor target,leaf_lettuce,2021
original,ln_yield,Donor target,mung_bean,2021
original,ln_yield,Donor target,other_pulses,2021
original,ln_yield,Donor target,peanut,2021
original,ln_yield,Donor target,perilla,2021
original,ln_yield,Donor target,sesame,2021
original,ln_yield,Donor target,spring_napa,2021
original,ln_yield,Donor target,spring_radish,2021
original,ln_yield,Treated reference,onion,2008
original,ln_yield,Treated target,onion,2012
original,ln_yield,Donor reference,autumn_napa,2008
original,ln_yield,Donor reference,autumn_radish,2008
original,ln_yield,Donor reference,barley,2008
original,ln_yield,Donor reference,cabbage,2008
original,ln_yield,Donor reference,carrot,2008
original,ln_yield,Donor reference,ginger,2008
original,ln_yield,Donor reference,highland_napa,2008
original,ln_yield,Donor reference,highland_radish,2008
original,ln_yield,Donor reference,large_green_onion,2008
original,ln_yield,Donor reference,leaf_lettuce,2008
original,ln_yield,Donor reference,malting_barley,2008
original,ln_yield,Donor reference,mung_bean,2008
original,ln_yield,Donor reference,other_pulses,2008
original,ln_yield,Donor reference,peanut,2008
original,ln_yield,Donor reference,perilla,2008
original,ln_yield,Donor reference,red_bean,2008
original,ln_yield,Donor reference,sesame,2008
original,ln_yield,Donor reference,small_green_onion,2008
original,ln_yield,Donor reference,spinach,2008
original,ln_yield,Donor reference,spring_napa,2008
original,ln_yield,Donor reference,spring_radish,2008
original,ln_yield,Donor reference,wheat,2008
original,ln_yield,Treated target,onion,2013
original,ln_yield,Treated target,onion,2014
original,ln_yield,Treated target,onion,2015
original,ln_yield,Treated target,onion,2016
original,ln_yield,Treated target,onion,2017
original,ln_yield,Treated target,onion,2018
original,ln_yield,Treated target,onion,2019
original,ln_yield,Treated target,onion,2020
original,ln_yield,Treated target,onion,2021
original,ln_yield,Treated reference,sweet_potato,2008
original,ln_yield,Treated target,sweet_potato,2013
original,ln_yield,Treated target,sweet_potato,2014
original,ln_yield,Treated target,sweet_potato,2015
original,ln_yield,Treated target,sweet_potato,2016
original,ln_yield,Treated target,sweet_potato,2017
original,ln_yield,Treated target,sweet_potato,2018
original,ln_yield,Treated target,sweet_potato,2019
original,ln_yield,Treated target,sweet_potato,2020
original,ln_yield,Treated target,sweet_potato,2021
original,ln_yield,Treated target,sweet_potato,2022
original,ln_yield,Donor target,autumn_radish,2022
original,ln_yield,Donor target,ginger,2022
original,ln_yield,Donor target,leaf_lettuce,2022
original,ln_yield,Donor target,mung_bean,2022
original,ln_yield,Donor target,other_pulses,2022
original,ln_yield,Donor target,peanut,2022
original,ln_yield,Donor target,perilla,2022
original,ln_yield,Donor target,sesame,2022
original,ln_yield,Donor target,spring_napa,2022
original,ln_yield,Donor target,spring_radish,2022
original,ln_yield,Treated reference,corn,2008
original,ln_yield,Treated target,corn,2013
original,ln_yield,Treated target,corn,2014
original,ln_yield,Treated target,corn,2015
original,ln_yield,Treated target,corn,2016
original,ln_yield,Treated target,corn,2017
original,ln_yield,Treated target,corn,2018
original,ln_yield,Treated target,corn,2019
original,ln_yield,Treated target,corn,2020
original,ln_yield,Treated target,corn,2021
original,ln_yield,Treated target,corn,2022
original,ln_yield,Treated reference,garlic,2009
original,ln_yield,Treated target,garlic,2013
original,ln_yield,Donor reference,autumn_napa,2009
original,ln_yield,Donor reference,autumn_radish,2009
original,ln_yield,Donor reference,barley,2009
original,ln_yield,Donor reference,cabbage,2009
original,ln_yield,Donor reference,carrot,2009
original,ln_yield,Donor reference,ginger,2009
original,ln_yield,Donor reference,highland_napa,2009
original,ln_yield,Donor reference,highland_radish,2009
original,ln_yield,Donor reference,large_green_onion,2009
original,ln_yield,Donor reference,leaf_lettuce,2009
original,ln_yield,Donor reference,malting_barley,2009
original,ln_yield,Donor reference,mung_bean,2009
original,ln_yield,Donor reference,other_pulses,2009
original,ln_yield,Donor reference,peanut,2009
original,ln_yield,Donor reference,perilla,2009
original,ln_yield,Donor reference,red_bean,2009
original,ln_yield,Donor reference,sesame,2009
original,ln_yield,Donor reference,small_green_onion,2009
original,ln_yield,Donor reference,spinach,2009
original,ln_yield,Donor reference,spring_napa,2009
original,ln_yield,Donor reference,spring_radish,2009
original,ln_yield,Donor reference,wheat,2009
original,ln_yield,Treated target,garlic,2014
original,ln_yield,Treated target,garlic,2015
original,ln_yield,Treated target,garlic,2016
original,ln_yield,Treated target,garlic,2017
original,ln_yield,Treated target,garlic,2018
original,ln_yield,Treated target,garlic,2019
original,ln_yield,Treated target,garlic,2020
original,ln_yield,Treated target,garlic,2021
original,ln_yield,Treated target,garlic,2022
original,ln_yield,Treated reference,spring_potato,2007
original,ln_yield,Treated target,spring_potato,2013
original,ln_yield,Treated target,spring_potato,2014
original,ln_yield,Treated target,spring_potato,2015
original,ln_yield,Treated target,spring_potato,2016
original,ln_yield,Treated target,spring_potato,2017
original,ln_yield,Treated target,spring_potato,2018
original,ln_yield,Treated target,spring_potato,2019
original,ln_yield,Treated target,spring_potato,2020
original,ln_yield,Treated target,spring_potato,2021
original,ln_yield,Treated target,spring_potato,2022
original,ln_yield,Treated reference,red_pepper,2007
original,ln_yield,Treated target,red_pepper,2015
original,ln_yield,Treated target,red_pepper,2016
original,ln_yield,Treated target,red_pepper,2017
original,ln_yield,Treated target,red_pepper,2018
original,ln_yield,Treated target,red_pepper,2019
original,ln_yield,Treated target,red_pepper,2020
original,ln_yield,Treated target,red_pepper,2021
original,ln_yield,Treated target,red_pepper,2022
original,ln_yield,Treated target,red_pepper,2023
original,ln_yield,Donor target,autumn_radish,2023
original,ln_yield,Donor target,ginger,2023
original,ln_yield,Donor target,leaf_lettuce,2023
original,ln_yield,Donor target,mung_bean,2023
original,ln_yield,Donor target,other_pulses,2023
original,ln_yield,Donor target,peanut,2023
original,ln_yield,Donor target,perilla,2023
original,ln_yield,Donor target,sesame,2023
original,ln_yield,Donor target,spring_napa,2023
original,ln_yield,Donor target,spring_radish,2023
original,ln_yield,Treated target,red_pepper,2024
original,ln_yield,Donor target,ginger,2024
original,ln_yield,Donor target,leaf_lettuce,2024
original,ln_yield,Donor target,mung_bean,2024
original,ln_yield,Donor target,other_pulses,2024
original,ln_yield,Donor target,peanut,2024
original,ln_yield,Donor target,perilla,2024
original,ln_yield,Donor target,sesame,2024
original,ln_yield,Donor target,spring_radish,2024
original,ln_production,Treated reference,soybean,2007
original,ln_production,Treated target,soybean,2012
original,ln_production,Donor reference,autumn_napa,2007
original,ln_production,Donor target,autumn_napa,2012
original,ln_production,Donor reference,autumn_radish,2007
original,ln_production,Donor target,autumn_radish,2012
original,ln_production,Donor reference,barley,2007
original,ln_production,Donor target,barley,2012
original,ln_production,Donor reference,cabbage,2007
original,ln_production,Donor target,cabbage,2012
original,ln_production,Donor reference,carrot,2007
original,ln_production,Donor target,carrot,2012
original,ln_production,Donor reference,ginger,2007
original,ln_production,Donor target,ginger,2012
original,ln_production,Donor reference,highland_napa,2007
original,ln_production,Donor target,highland_napa,2012
original,ln_production,Donor reference,highland_radish,2007
original,ln_production,Donor target,highland_radish,2012
original,ln_production,Donor reference,large_green_onion,2007
original,ln_production,Donor target,large_green_onion,2012
original,ln_production,Donor reference,leaf_lettuce,2007
original,ln_production,Donor target,leaf_lettuce,2012
original,ln_production,Donor reference,malting_barley,2007
original,ln_production,Donor target,malting_barley,2012
original,ln_production,Donor reference,mung_bean,2007
original,ln_production,Donor target,mung_bean,2012
original,ln_production,Donor reference,other_pulses,2007
original,ln_production,Donor target,other_pulses,2012
original,ln_production,Donor reference,peanut,2007
original,ln_production,Donor target,peanut,2012
original,ln_production,Donor reference,perilla,2007
original,ln_production,Donor target,perilla,2012
original,ln_production,Donor reference,red_bean,2007
original,ln_production,Donor target,red_bean,2012
original,ln_production,Donor reference,sesame,2007
original,ln_production,Donor target,sesame,2012
original,ln_production,Donor reference,small_green_onion,2007
original,ln_production,Donor target,small_green_onion,2012
original,ln_production,Donor reference,spinach,2007
original,ln_production,Donor target,spinach,2012
original,ln_production,Donor reference,spring_napa,2007
original,ln_production,Donor target,spring_napa,2012
original,ln_production,Donor reference,spring_radish,2007
original,ln_production,Donor target,spring_radish,2012
original,ln_production,Donor reference,wheat,2007
original,ln_production,Donor target,wheat,2012
original,ln_production,Treated target,soybean,2013
original,ln_production,Donor target,autumn_napa,2013
original,ln_production,Donor target,autumn_radish,2013
original,ln_production,Donor target,barley,2013
original,ln_production,Donor target,cabbage,2013
original,ln_production,Donor target,carrot,2013
original,ln_production,Donor target,ginger,2013
original,ln_production,Donor target,highland_napa,2013
original,ln_production,Donor target,highland_radish,2013
original,ln_production,Donor target,large_green_onion,2013
original,ln_production,Donor target,leaf_lettuce,2013
original,ln_production,Donor target,malting_barley,2013
original,ln_production,Donor target,mung_bean,2013
original,ln_production,Donor target,other_pulses,2013
original,ln_production,Donor target,peanut,2013
original,ln_production,Donor target,perilla,2013
original,ln_production,Donor target,red_bean,2013
original,ln_production,Donor target,sesame,2013
original,ln_production,Donor target,small_green_onion,2013
original,ln_production,Donor target,spinach,2013
original,ln_production,Donor target,spring_napa,2013
original,ln_production,Donor target,spring_radish,2013
original,ln_production,Donor target,wheat,2013
original,ln_production,Treated target,soybean,2014
original,ln_production,Donor target,autumn_napa,2014
original,ln_production,Donor target,autumn_radish,2014
original,ln_production,Donor target,barley,2014
original,ln_production,Donor target,cabbage,2014
original,ln_production,Donor target,carrot,2014
original,ln_production,Donor target,ginger,2014
original,ln_production,Donor target,highland_napa,2014
original,ln_production,Donor target,highland_radish,2014
original,ln_production,Donor target,large_green_onion,2014
original,ln_production,Donor target,leaf_lettuce,2014
original,ln_production,Donor target,malting_barley,2014
original,ln_production,Donor target,mung_bean,2014
original,ln_production,Donor target,other_pulses,2014
original,ln_production,Donor target,peanut,2014
original,ln_production,Donor target,perilla,2014
original,ln_production,Donor target,red_bean,2014
original,ln_production,Donor target,sesame,2014
original,ln_production,Donor target,small_green_onion,2014
original,ln_production,Donor target,spinach,2014
original,ln_production,Donor target,spring_napa,2014
original,ln_production,Donor target,spring_radish,2014
original,ln_production,Donor target,wheat,2014
original,ln_production,Treated target,soybean,2015
original,ln_production,Donor target,autumn_napa,2015
original,ln_production,Donor target,autumn_radish,2015
original,ln_production,Donor target,barley,2015
original,ln_production,Donor target,cabbage,2015
original,ln_production,Donor target,carrot,2015
original,ln_production,Donor target,ginger,2015
original,ln_production,Donor target,highland_napa,2015
original,ln_production,Donor target,highland_radish,2015
original,ln_production,Donor target,large_green_onion,2015
original,ln_production,Donor target,leaf_lettuce,2015
original,ln_production,Donor target,malting_barley,2015
original,ln_production,Donor target,mung_bean,2015
original,ln_production,Donor target,other_pulses,2015
original,ln_production,Donor target,peanut,2015
original,ln_production,Donor target,perilla,2015
original,ln_production,Donor target,red_bean,2015
original,ln_production,Donor target,sesame,2015
original,ln_production,Donor target,small_green_onion,2015
original,ln_production,Donor target,spinach,2015
original,ln_production,Donor target,spring_napa,2015
original,ln_production,Donor target,spring_radish,2015
original,ln_production,Donor target,wheat,2015
original,ln_production,Treated target,soybean,2016
original,ln_production,Donor target,autumn_napa,2016
original,ln_production,Donor target,autumn_radish,2016
original,ln_production,Donor target,barley,2016
original,ln_production,Donor target,cabbage,2016
original,ln_production,Donor target,carrot,2016
original,ln_production,Donor target,ginger,2016
original,ln_production,Donor target,highland_napa,2016
original,ln_production,Donor target,highland_radish,2016
original,ln_production,Donor target,large_green_onion,2016
original,ln_production,Donor target,leaf_lettuce,2016
original,ln_production,Donor target,malting_barley,2016
original,ln_production,Donor target,mung_bean,2016
original,ln_production,Donor target,other_pulses,2016
original,ln_production,Donor target,peanut,2016
original,ln_production,Donor target,perilla,2016
original,ln_production,Donor target,red_bean,2016
original,ln_production,Donor target,sesame,2016
original,ln_production,Donor target,small_green_onion,2016
original,ln_production,Donor target,spinach,2016
original,ln_production,Donor target,spring_napa,2016
original,ln_production,Donor target,spring_radish,2016
original,ln_production,Donor target,wheat,2016
original,ln_production,Treated target,soybean,2017
original,ln_production,Donor target,autumn_napa,2017
original,ln_production,Donor target,autumn_radish,2017
original,ln_production,Donor target,barley,2017
original,ln_production,Donor target,carrot,2017
original,ln_production,Donor target,ginger,2017
original,ln_production,Donor target,highland_napa,2017
original,ln_production,Donor target,highland_radish,2017
original,ln_production,Donor target,large_green_onion,2017
original,ln_production,Donor target,leaf_lettuce,2017
original,ln_production,Donor target,malting_barley,2017
original,ln_production,Donor target,mung_bean,2017
original,ln_production,Donor target,other_pulses,2017
original,ln_production,Donor target,peanut,2017
original,ln_production,Donor target,perilla,2017
original,ln_production,Donor target,red_bean,2017
original,ln_production,Donor target,sesame,2017
original,ln_production,Donor target,small_green_onion,2017
original,ln_production,Donor target,spinach,2017
original,ln_production,Donor target,spring_napa,2017
original,ln_production,Donor target,spring_radish,2017
original,ln_production,Treated target,soybean,2018
original,ln_production,Donor target,autumn_napa,2018
original,ln_production,Donor target,autumn_radish,2018
original,ln_production,Donor target,barley,2018
original,ln_production,Donor target,carrot,2018
original,ln_production,Donor target,ginger,2018
original,ln_production,Donor target,highland_napa,2018
original,ln_production,Donor target,highland_radish,2018
original,ln_production,Donor target,large_green_onion,2018
original,ln_production,Donor target,leaf_lettuce,2018
original,ln_production,Donor target,malting_barley,2018
original,ln_production,Donor target,mung_bean,2018
original,ln_production,Donor target,other_pulses,2018
original,ln_production,Donor target,peanut,2018
original,ln_production,Donor target,perilla,2018
original,ln_production,Donor target,red_bean,2018
original,ln_production,Donor target,sesame,2018
original,ln_production,Donor target,small_green_onion,2018
original,ln_production,Donor target,spinach,2018
original,ln_production,Donor target,spring_napa,2018
original,ln_production,Donor target,spring_radish,2018
original,ln_production,Treated target,soybean,2019
original,ln_production,Donor target,autumn_napa,2019
original,ln_production,Donor target,autumn_radish,2019
original,ln_production,Donor target,barley,2019
original,ln_production,Donor target,ginger,2019
original,ln_production,Donor target,leaf_lettuce,2019
original,ln_production,Donor target,malting_barley,2019
original,ln_production,Donor target,mung_bean,2019
original,ln_production,Donor target,other_pulses,2019
original,ln_production,Donor target,peanut,2019
original,ln_production,Donor target,perilla,2019
original,ln_production,Donor target,red_bean,2019
original,ln_production,Donor target,sesame,2019
original,ln_production,Donor target,spinach,2019
original,ln_production,Donor target,spring_napa,2019
original,ln_production,Donor target,spring_radish,2019
original,ln_production,Treated target,soybean,2020
original,ln_production,Donor target,autumn_napa,2020
original,ln_production,Donor target,autumn_radish,2020
original,ln_production,Donor target,barley,2020
original,ln_production,Donor target,ginger,2020
original,ln_production,Donor target,leaf_lettuce,2020
original,ln_production,Donor target,malting_barley,2020
original,ln_production,Donor target,mung_bean,2020
original,ln_production,Donor target,other_pulses,2020
original,ln_production,Donor target,peanut,2020
original,ln_production,Donor target,perilla,2020
original,ln_production,Donor target,sesame,2020
original,ln_production,Donor target,spinach,2020
original,ln_production,Donor target,spring_napa,2020
original,ln_production,Donor target,spring_radish,2020
original,ln_production,Treated target,soybean,2021
original,ln_production,Donor target,autumn_napa,2021
original,ln_production,Donor target,autumn_radish,2021
original,ln_production,Donor target,ginger,2021
original,ln_production,Donor target,leaf_lettuce,2021
original,ln_production,Donor target,mung_bean,2021
original,ln_production,Donor target,other_pulses,2021
original,ln_production,Donor target,peanut,2021
original,ln_production,Donor target,perilla,2021
original,ln_production,Donor target,sesame,2021
original,ln_production,Donor target,spring_napa,2021
original,ln_production,Donor target,spring_radish,2021
original,ln_production,Treated reference,onion,2008
original,ln_production,Treated target,onion,2012
original,ln_production,Donor reference,autumn_napa,2008
original,ln_production,Donor reference,autumn_radish,2008
original,ln_production,Donor reference,barley,2008
original,ln_production,Donor reference,cabbage,2008
original,ln_production,Donor reference,carrot,2008
original,ln_production,Donor reference,ginger,2008
original,ln_production,Donor reference,highland_napa,2008
original,ln_production,Donor reference,highland_radish,2008
original,ln_production,Donor reference,large_green_onion,2008
original,ln_production,Donor reference,leaf_lettuce,2008
original,ln_production,Donor reference,malting_barley,2008
original,ln_production,Donor reference,mung_bean,2008
original,ln_production,Donor reference,other_pulses,2008
original,ln_production,Donor reference,peanut,2008
original,ln_production,Donor reference,perilla,2008
original,ln_production,Donor reference,red_bean,2008
original,ln_production,Donor reference,sesame,2008
original,ln_production,Donor reference,small_green_onion,2008
original,ln_production,Donor reference,spinach,2008
original,ln_production,Donor reference,spring_napa,2008
original,ln_production,Donor reference,spring_radish,2008
original,ln_production,Donor reference,wheat,2008
original,ln_production,Treated target,onion,2013
original,ln_production,Treated target,onion,2014
original,ln_production,Treated target,onion,2015
original,ln_production,Treated target,onion,2016
original,ln_production,Treated target,onion,2017
original,ln_production,Treated target,onion,2018
original,ln_production,Treated target,onion,2019
original,ln_production,Treated target,onion,2020
original,ln_production,Treated target,onion,2021
original,ln_production,Treated reference,sweet_potato,2008
original,ln_production,Treated target,sweet_potato,2013
original,ln_production,Treated target,sweet_potato,2014
original,ln_production,Treated target,sweet_potato,2015
original,ln_production,Treated target,sweet_potato,2016
original,ln_production,Treated target,sweet_potato,2017
original,ln_production,Treated target,sweet_potato,2018
original,ln_production,Treated target,sweet_potato,2019
original,ln_production,Treated target,sweet_potato,2020
original,ln_production,Treated target,sweet_potato,2021
original,ln_production,Treated target,sweet_potato,2022
original,ln_production,Donor target,autumn_radish,2022
original,ln_production,Donor target,ginger,2022
original,ln_production,Donor target,leaf_lettuce,2022
original,ln_production,Donor target,mung_bean,2022
original,ln_production,Donor target,other_pulses,2022
original,ln_production,Donor target,peanut,2022
original,ln_production,Donor target,perilla,2022
original,ln_production,Donor target,sesame,2022
original,ln_production,Donor target,spring_napa,2022
original,ln_production,Donor target,spring_radish,2022
original,ln_production,Treated reference,corn,2008
original,ln_production,Treated target,corn,2013
original,ln_production,Treated target,corn,2014
original,ln_production,Treated target,corn,2015
original,ln_production,Treated target,corn,2016
original,ln_production,Treated target,corn,2017
original,ln_production,Treated target,corn,2018
original,ln_production,Treated target,corn,2019
original,ln_production,Treated target,corn,2020
original,ln_production,Treated target,corn,2021
original,ln_production,Treated target,corn,2022
original,ln_production,Treated reference,garlic,2009
original,ln_production,Treated target,garlic,2013
original,ln_production,Donor reference,autumn_napa,2009
original,ln_production,Donor reference,autumn_radish,2009
original,ln_production,Donor reference,barley,2009
original,ln_production,Donor reference,cabbage,2009
original,ln_production,Donor reference,carrot,2009
original,ln_production,Donor reference,ginger,2009
original,ln_production,Donor reference,highland_napa,2009
original,ln_production,Donor reference,highland_radish,2009
original,ln_production,Donor reference,large_green_onion,2009
original,ln_production,Donor reference,leaf_lettuce,2009
original,ln_production,Donor reference,malting_barley,2009
original,ln_production,Donor reference,mung_bean,2009
original,ln_production,Donor reference,other_pulses,2009
original,ln_production,Donor reference,peanut,2009
original,ln_production,Donor reference,perilla,2009
original,ln_production,Donor reference,red_bean,2009
original,ln_production,Donor reference,sesame,2009
original,ln_production,Donor reference,small_green_onion,2009
original,ln_production,Donor reference,spinach,2009
original,ln_production,Donor reference,spring_napa,2009
original,ln_production,Donor reference,spring_radish,2009
original,ln_production,Donor reference,wheat,2009
original,ln_production,Treated target,garlic,2014
original,ln_production,Treated target,garlic,2015
original,ln_production,Treated target,garlic,2016
original,ln_production,Treated target,garlic,2017
original,ln_production,Treated target,garlic,2018
original,ln_production,Treated target,garlic,2019
original,ln_production,Treated target,garlic,2020
original,ln_production,Treated target,garlic,2021
original,ln_production,Treated target,garlic,2022
original,ln_production,Treated reference,spring_potato,2007
original,ln_production,Treated target,spring_potato,2013
original,ln_production,Treated target,spring_potato,2014
original,ln_production,Treated target,spring_potato,2015
original,ln_production,Treated target,spring_potato,2016
original,ln_production,Treated target,spring_potato,2017
original,ln_production,Treated target,spring_potato,2018
original,ln_production,Treated target,spring_potato,2019
original,ln_production,Treated target,spring_potato,2020
original,ln_production,Treated target,spring_potato,2021
original,ln_production,Treated target,spring_potato,2022
original,ln_production,Treated reference,red_pepper,2007
original,ln_production,Treated target,red_pepper,2015
original,ln_production,Treated target,red_pepper,2016
original,ln_production,Treated target,red_pepper,2017
original,ln_production,Treated target,red_pepper,2018
original,ln_production,Treated target,red_pepper,2019
original,ln_production,Treated target,red_pepper,2020
original,ln_production,Treated target,red_pepper,2021
original,ln_production,Treated target,red_pepper,2022
original,ln_production,Treated target,red_pepper,2023
original,ln_production,Donor target,autumn_radish,2023
original,ln_production,Donor target,ginger,2023
original,ln_production,Donor target,leaf_lettuce,2023
original,ln_production,Donor target,mung_bean,2023
original,ln_production,Donor target,other_pulses,2023
original,ln_production,Donor target,peanut,2023
original,ln_production,Donor target,perilla,2023
original,ln_production,Donor target,sesame,2023
original,ln_production,Donor target,spring_napa,2023
original,ln_production,Donor target,spring_radish,2023
original,ln_production,Treated target,red_pepper,2024
original,ln_production,Donor target,ginger,2024
original,ln_production,Donor target,leaf_lettuce,2024
original,ln_production,Donor target,mung_bean,2024
original,ln_production,Donor target,other_pulses,2024
original,ln_production,Donor target,peanut,2024
original,ln_production,Donor target,perilla,2024
original,ln_production,Donor target,sesame,2024
original,ln_production,Donor target,spring_radish,2024
exclude_spring,ln_area,Treated reference,soybean,2007
exclude_spring,ln_area,Treated target,soybean,2012
exclude_spring,ln_area,Donor reference,autumn_napa,2007
exclude_spring,ln_area,Donor target,autumn_napa,2012
exclude_spring,ln_area,Donor reference,autumn_radish,2007
exclude_spring,ln_area,Donor target,autumn_radish,2012
exclude_spring,ln_area,Donor reference,barley,2007
exclude_spring,ln_area,Donor target,barley,2012
exclude_spring,ln_area,Donor reference,cabbage,2007
exclude_spring,ln_area,Donor target,cabbage,2012
exclude_spring,ln_area,Donor reference,carrot,2007
exclude_spring,ln_area,Donor target,carrot,2012
exclude_spring,ln_area,Donor reference,ginger,2007
exclude_spring,ln_area,Donor target,ginger,2012
exclude_spring,ln_area,Donor reference,highland_napa,2007
exclude_spring,ln_area,Donor target,highland_napa,2012
exclude_spring,ln_area,Donor reference,highland_radish,2007
exclude_spring,ln_area,Donor target,highland_radish,2012
exclude_spring,ln_area,Donor reference,large_green_onion,2007
exclude_spring,ln_area,Donor target,large_green_onion,2012
exclude_spring,ln_area,Donor reference,leaf_lettuce,2007
exclude_spring,ln_area,Donor target,leaf_lettuce,2012
exclude_spring,ln_area,Donor reference,malting_barley,2007
exclude_spring,ln_area,Donor target,malting_barley,2012
exclude_spring,ln_area,Donor reference,mung_bean,2007
exclude_spring,ln_area,Donor target,mung_bean,2012
exclude_spring,ln_area,Donor reference,other_pulses,2007
exclude_spring,ln_area,Donor target,other_pulses,2012
exclude_spring,ln_area,Donor reference,peanut,2007
exclude_spring,ln_area,Donor target,peanut,2012
exclude_spring,ln_area,Donor reference,perilla,2007
exclude_spring,ln_area,Donor target,perilla,2012
exclude_spring,ln_area,Donor reference,red_bean,2007
exclude_spring,ln_area,Donor target,red_bean,2012
exclude_spring,ln_area,Donor reference,sesame,2007
exclude_spring,ln_area,Donor target,sesame,2012
exclude_spring,ln_area,Donor reference,small_green_onion,2007
exclude_spring,ln_area,Donor target,small_green_onion,2012
exclude_spring,ln_area,Donor reference,spinach,2007
exclude_spring,ln_area,Donor target,spinach,2012
exclude_spring,ln_area,Donor reference,wheat,2007
exclude_spring,ln_area,Donor target,wheat,2012
exclude_spring,ln_area,Treated target,soybean,2013
exclude_spring,ln_area,Donor target,autumn_napa,2013
exclude_spring,ln_area,Donor target,autumn_radish,2013
exclude_spring,ln_area,Donor target,barley,2013
exclude_spring,ln_area,Donor target,cabbage,2013
exclude_spring,ln_area,Donor target,carrot,2013
exclude_spring,ln_area,Donor target,ginger,2013
exclude_spring,ln_area,Donor target,highland_napa,2013
exclude_spring,ln_area,Donor target,highland_radish,2013
exclude_spring,ln_area,Donor target,large_green_onion,2013
exclude_spring,ln_area,Donor target,leaf_lettuce,2013
exclude_spring,ln_area,Donor target,malting_barley,2013
exclude_spring,ln_area,Donor target,mung_bean,2013
exclude_spring,ln_area,Donor target,other_pulses,2013
exclude_spring,ln_area,Donor target,peanut,2013
exclude_spring,ln_area,Donor target,perilla,2013
exclude_spring,ln_area,Donor target,red_bean,2013
exclude_spring,ln_area,Donor target,sesame,2013
exclude_spring,ln_area,Donor target,small_green_onion,2013
exclude_spring,ln_area,Donor target,spinach,2013
exclude_spring,ln_area,Donor target,wheat,2013
exclude_spring,ln_area,Treated target,soybean,2014
exclude_spring,ln_area,Donor target,autumn_napa,2014
exclude_spring,ln_area,Donor target,autumn_radish,2014
exclude_spring,ln_area,Donor target,barley,2014
exclude_spring,ln_area,Donor target,cabbage,2014
exclude_spring,ln_area,Donor target,carrot,2014
exclude_spring,ln_area,Donor target,ginger,2014
exclude_spring,ln_area,Donor target,highland_napa,2014
exclude_spring,ln_area,Donor target,highland_radish,2014
exclude_spring,ln_area,Donor target,large_green_onion,2014
exclude_spring,ln_area,Donor target,leaf_lettuce,2014
exclude_spring,ln_area,Donor target,malting_barley,2014
exclude_spring,ln_area,Donor target,mung_bean,2014
exclude_spring,ln_area,Donor target,other_pulses,2014
exclude_spring,ln_area,Donor target,peanut,2014
exclude_spring,ln_area,Donor target,perilla,2014
exclude_spring,ln_area,Donor target,red_bean,2014
exclude_spring,ln_area,Donor target,sesame,2014
exclude_spring,ln_area,Donor target,small_green_onion,2014
exclude_spring,ln_area,Donor target,spinach,2014
exclude_spring,ln_area,Donor target,wheat,2014
exclude_spring,ln_area,Treated target,soybean,2015
exclude_spring,ln_area,Donor target,autumn_napa,2015
exclude_spring,ln_area,Donor target,autumn_radish,2015
exclude_spring,ln_area,Donor target,barley,2015
exclude_spring,ln_area,Donor target,cabbage,2015
exclude_spring,ln_area,Donor target,carrot,2015
exclude_spring,ln_area,Donor target,ginger,2015
exclude_spring,ln_area,Donor target,highland_napa,2015
exclude_spring,ln_area,Donor target,highland_radish,2015
exclude_spring,ln_area,Donor target,large_green_onion,2015
exclude_spring,ln_area,Donor target,leaf_lettuce,2015
exclude_spring,ln_area,Donor target,malting_barley,2015
exclude_spring,ln_area,Donor target,mung_bean,2015
exclude_spring,ln_area,Donor target,other_pulses,2015
exclude_spring,ln_area,Donor target,peanut,2015
exclude_spring,ln_area,Donor target,perilla,2015
exclude_spring,ln_area,Donor target,red_bean,2015
exclude_spring,ln_area,Donor target,sesame,2015
exclude_spring,ln_area,Donor target,small_green_onion,2015
exclude_spring,ln_area,Donor target,spinach,2015
exclude_spring,ln_area,Donor target,wheat,2015
exclude_spring,ln_area,Treated target,soybean,2016
exclude_spring,ln_area,Donor target,autumn_napa,2016
exclude_spring,ln_area,Donor target,autumn_radish,2016
exclude_spring,ln_area,Donor target,barley,2016
exclude_spring,ln_area,Donor target,cabbage,2016
exclude_spring,ln_area,Donor target,carrot,2016
exclude_spring,ln_area,Donor target,ginger,2016
exclude_spring,ln_area,Donor target,highland_napa,2016
exclude_spring,ln_area,Donor target,highland_radish,2016
exclude_spring,ln_area,Donor target,large_green_onion,2016
exclude_spring,ln_area,Donor target,leaf_lettuce,2016
exclude_spring,ln_area,Donor target,malting_barley,2016
exclude_spring,ln_area,Donor target,mung_bean,2016
exclude_spring,ln_area,Donor target,other_pulses,2016
exclude_spring,ln_area,Donor target,peanut,2016
exclude_spring,ln_area,Donor target,perilla,2016
exclude_spring,ln_area,Donor target,red_bean,2016
exclude_spring,ln_area,Donor target,sesame,2016
exclude_spring,ln_area,Donor target,small_green_onion,2016
exclude_spring,ln_area,Donor target,spinach,2016
exclude_spring,ln_area,Donor target,wheat,2016
exclude_spring,ln_area,Treated target,soybean,2017
exclude_spring,ln_area,Donor target,autumn_napa,2017
exclude_spring,ln_area,Donor target,autumn_radish,2017
exclude_spring,ln_area,Donor target,barley,2017
exclude_spring,ln_area,Donor target,carrot,2017
exclude_spring,ln_area,Donor target,ginger,2017
exclude_spring,ln_area,Donor target,highland_napa,2017
exclude_spring,ln_area,Donor target,highland_radish,2017
exclude_spring,ln_area,Donor target,large_green_onion,2017
exclude_spring,ln_area,Donor target,leaf_lettuce,2017
exclude_spring,ln_area,Donor target,malting_barley,2017
exclude_spring,ln_area,Donor target,mung_bean,2017
exclude_spring,ln_area,Donor target,other_pulses,2017
exclude_spring,ln_area,Donor target,peanut,2017
exclude_spring,ln_area,Donor target,perilla,2017
exclude_spring,ln_area,Donor target,red_bean,2017
exclude_spring,ln_area,Donor target,sesame,2017
exclude_spring,ln_area,Donor target,small_green_onion,2017
exclude_spring,ln_area,Donor target,spinach,2017
exclude_spring,ln_area,Treated target,soybean,2018
exclude_spring,ln_area,Donor target,autumn_napa,2018
exclude_spring,ln_area,Donor target,autumn_radish,2018
exclude_spring,ln_area,Donor target,barley,2018
exclude_spring,ln_area,Donor target,carrot,2018
exclude_spring,ln_area,Donor target,ginger,2018
exclude_spring,ln_area,Donor target,highland_napa,2018
exclude_spring,ln_area,Donor target,highland_radish,2018
exclude_spring,ln_area,Donor target,large_green_onion,2018
exclude_spring,ln_area,Donor target,leaf_lettuce,2018
exclude_spring,ln_area,Donor target,malting_barley,2018
exclude_spring,ln_area,Donor target,mung_bean,2018
exclude_spring,ln_area,Donor target,other_pulses,2018
exclude_spring,ln_area,Donor target,peanut,2018
exclude_spring,ln_area,Donor target,perilla,2018
exclude_spring,ln_area,Donor target,red_bean,2018
exclude_spring,ln_area,Donor target,sesame,2018
exclude_spring,ln_area,Donor target,small_green_onion,2018
exclude_spring,ln_area,Donor target,spinach,2018
exclude_spring,ln_area,Treated target,soybean,2019
exclude_spring,ln_area,Donor target,autumn_napa,2019
exclude_spring,ln_area,Donor target,autumn_radish,2019
exclude_spring,ln_area,Donor target,barley,2019
exclude_spring,ln_area,Donor target,ginger,2019
exclude_spring,ln_area,Donor target,leaf_lettuce,2019
exclude_spring,ln_area,Donor target,malting_barley,2019
exclude_spring,ln_area,Donor target,mung_bean,2019
exclude_spring,ln_area,Donor target,other_pulses,2019
exclude_spring,ln_area,Donor target,peanut,2019
exclude_spring,ln_area,Donor target,perilla,2019
exclude_spring,ln_area,Donor target,red_bean,2019
exclude_spring,ln_area,Donor target,sesame,2019
exclude_spring,ln_area,Donor target,spinach,2019
exclude_spring,ln_area,Treated target,soybean,2020
exclude_spring,ln_area,Donor target,autumn_napa,2020
exclude_spring,ln_area,Donor target,autumn_radish,2020
exclude_spring,ln_area,Donor target,barley,2020
exclude_spring,ln_area,Donor target,ginger,2020
exclude_spring,ln_area,Donor target,leaf_lettuce,2020
exclude_spring,ln_area,Donor target,malting_barley,2020
exclude_spring,ln_area,Donor target,mung_bean,2020
exclude_spring,ln_area,Donor target,other_pulses,2020
exclude_spring,ln_area,Donor target,peanut,2020
exclude_spring,ln_area,Donor target,perilla,2020
exclude_spring,ln_area,Donor target,sesame,2020
exclude_spring,ln_area,Donor target,spinach,2020
exclude_spring,ln_area,Treated target,soybean,2021
exclude_spring,ln_area,Donor target,autumn_napa,2021
exclude_spring,ln_area,Donor target,autumn_radish,2021
exclude_spring,ln_area,Donor target,ginger,2021
exclude_spring,ln_area,Donor target,leaf_lettuce,2021
exclude_spring,ln_area,Donor target,mung_bean,2021
exclude_spring,ln_area,Donor target,other_pulses,2021
exclude_spring,ln_area,Donor target,peanut,2021
exclude_spring,ln_area,Donor target,perilla,2021
exclude_spring,ln_area,Donor target,sesame,2021
exclude_spring,ln_area,Treated reference,onion,2008
exclude_spring,ln_area,Treated target,onion,2012
exclude_spring,ln_area,Donor reference,autumn_napa,2008
exclude_spring,ln_area,Donor reference,autumn_radish,2008
exclude_spring,ln_area,Donor reference,barley,2008
exclude_spring,ln_area,Donor reference,cabbage,2008
exclude_spring,ln_area,Donor reference,carrot,2008
exclude_spring,ln_area,Donor reference,ginger,2008
exclude_spring,ln_area,Donor reference,highland_napa,2008
exclude_spring,ln_area,Donor reference,highland_radish,2008
exclude_spring,ln_area,Donor reference,large_green_onion,2008
exclude_spring,ln_area,Donor reference,leaf_lettuce,2008
exclude_spring,ln_area,Donor reference,malting_barley,2008
exclude_spring,ln_area,Donor reference,mung_bean,2008
exclude_spring,ln_area,Donor reference,other_pulses,2008
exclude_spring,ln_area,Donor reference,peanut,2008
exclude_spring,ln_area,Donor reference,perilla,2008
exclude_spring,ln_area,Donor reference,red_bean,2008
exclude_spring,ln_area,Donor reference,sesame,2008
exclude_spring,ln_area,Donor reference,small_green_onion,2008
exclude_spring,ln_area,Donor reference,spinach,2008
exclude_spring,ln_area,Donor reference,wheat,2008
exclude_spring,ln_area,Treated target,onion,2013
exclude_spring,ln_area,Treated target,onion,2014
exclude_spring,ln_area,Treated target,onion,2015
exclude_spring,ln_area,Treated target,onion,2016
exclude_spring,ln_area,Treated target,onion,2017
exclude_spring,ln_area,Treated target,onion,2018
exclude_spring,ln_area,Treated target,onion,2019
exclude_spring,ln_area,Treated target,onion,2020
exclude_spring,ln_area,Treated target,onion,2021
exclude_spring,ln_area,Treated reference,sweet_potato,2008
exclude_spring,ln_area,Treated target,sweet_potato,2013
exclude_spring,ln_area,Treated target,sweet_potato,2014
exclude_spring,ln_area,Treated target,sweet_potato,2015
exclude_spring,ln_area,Treated target,sweet_potato,2016
exclude_spring,ln_area,Treated target,sweet_potato,2017
exclude_spring,ln_area,Treated target,sweet_potato,2018
exclude_spring,ln_area,Treated target,sweet_potato,2019
exclude_spring,ln_area,Treated target,sweet_potato,2020
exclude_spring,ln_area,Treated target,sweet_potato,2021
exclude_spring,ln_area,Treated target,sweet_potato,2022
exclude_spring,ln_area,Donor target,autumn_radish,2022
exclude_spring,ln_area,Donor target,ginger,2022
exclude_spring,ln_area,Donor target,leaf_lettuce,2022
exclude_spring,ln_area,Donor target,mung_bean,2022
exclude_spring,ln_area,Donor target,other_pulses,2022
exclude_spring,ln_area,Donor target,peanut,2022
exclude_spring,ln_area,Donor target,perilla,2022
exclude_spring,ln_area,Donor target,sesame,2022
exclude_spring,ln_area,Treated reference,corn,2008
exclude_spring,ln_area,Treated target,corn,2013
exclude_spring,ln_area,Treated target,corn,2014
exclude_spring,ln_area,Treated target,corn,2015
exclude_spring,ln_area,Treated target,corn,2016
exclude_spring,ln_area,Treated target,corn,2017
exclude_spring,ln_area,Treated target,corn,2018
exclude_spring,ln_area,Treated target,corn,2019
exclude_spring,ln_area,Treated target,corn,2020
exclude_spring,ln_area,Treated target,corn,2021
exclude_spring,ln_area,Treated target,corn,2022
exclude_spring,ln_area,Treated reference,garlic,2009
exclude_spring,ln_area,Treated target,garlic,2013
exclude_spring,ln_area,Donor reference,autumn_napa,2009
exclude_spring,ln_area,Donor reference,autumn_radish,2009
exclude_spring,ln_area,Donor reference,barley,2009
exclude_spring,ln_area,Donor reference,cabbage,2009
exclude_spring,ln_area,Donor reference,carrot,2009
exclude_spring,ln_area,Donor reference,ginger,2009
exclude_spring,ln_area,Donor reference,highland_napa,2009
exclude_spring,ln_area,Donor reference,highland_radish,2009
exclude_spring,ln_area,Donor reference,large_green_onion,2009
exclude_spring,ln_area,Donor reference,leaf_lettuce,2009
exclude_spring,ln_area,Donor reference,malting_barley,2009
exclude_spring,ln_area,Donor reference,mung_bean,2009
exclude_spring,ln_area,Donor reference,other_pulses,2009
exclude_spring,ln_area,Donor reference,peanut,2009
exclude_spring,ln_area,Donor reference,perilla,2009
exclude_spring,ln_area,Donor reference,red_bean,2009
exclude_spring,ln_area,Donor reference,sesame,2009
exclude_spring,ln_area,Donor reference,small_green_onion,2009
exclude_spring,ln_area,Donor reference,spinach,2009
exclude_spring,ln_area,Donor reference,wheat,2009
exclude_spring,ln_area,Treated target,garlic,2014
exclude_spring,ln_area,Treated target,garlic,2015
exclude_spring,ln_area,Treated target,garlic,2016
exclude_spring,ln_area,Treated target,garlic,2017
exclude_spring,ln_area,Treated target,garlic,2018
exclude_spring,ln_area,Treated target,garlic,2019
exclude_spring,ln_area,Treated target,garlic,2020
exclude_spring,ln_area,Treated target,garlic,2021
exclude_spring,ln_area,Treated target,garlic,2022
exclude_spring,ln_area,Treated reference,spring_potato,2007
exclude_spring,ln_area,Treated target,spring_potato,2013
exclude_spring,ln_area,Treated target,spring_potato,2014
exclude_spring,ln_area,Treated target,spring_potato,2015
exclude_spring,ln_area,Treated target,spring_potato,2016
exclude_spring,ln_area,Treated target,spring_potato,2017
exclude_spring,ln_area,Treated target,spring_potato,2018
exclude_spring,ln_area,Treated target,spring_potato,2019
exclude_spring,ln_area,Treated target,spring_potato,2020
exclude_spring,ln_area,Treated target,spring_potato,2021
exclude_spring,ln_area,Treated target,spring_potato,2022
exclude_spring,ln_area,Treated reference,red_pepper,2007
exclude_spring,ln_area,Treated target,red_pepper,2015
exclude_spring,ln_area,Treated target,red_pepper,2016
exclude_spring,ln_area,Treated target,red_pepper,2017
exclude_spring,ln_area,Treated target,red_pepper,2018
exclude_spring,ln_area,Treated target,red_pepper,2019
exclude_spring,ln_area,Treated target,red_pepper,2020
exclude_spring,ln_area,Treated target,red_pepper,2021
exclude_spring,ln_area,Treated target,red_pepper,2022
exclude_spring,ln_area,Treated target,red_pepper,2023
exclude_spring,ln_area,Donor target,autumn_radish,2023
exclude_spring,ln_area,Donor target,ginger,2023
exclude_spring,ln_area,Donor target,leaf_lettuce,2023
exclude_spring,ln_area,Donor target,mung_bean,2023
exclude_spring,ln_area,Donor target,other_pulses,2023
exclude_spring,ln_area,Donor target,peanut,2023
exclude_spring,ln_area,Donor target,perilla,2023
exclude_spring,ln_area,Donor target,sesame,2023
exclude_spring,ln_area,Treated target,red_pepper,2024
exclude_spring,ln_area,Donor target,ginger,2024
exclude_spring,ln_area,Donor target,leaf_lettuce,2024
exclude_spring,ln_area,Donor target,mung_bean,2024
exclude_spring,ln_area,Donor target,other_pulses,2024
exclude_spring,ln_area,Donor target,peanut,2024
exclude_spring,ln_area,Donor target,perilla,2024
exclude_spring,ln_area,Donor target,sesame,2024
exclude_spring,ln_yield,Treated reference,soybean,2007
exclude_spring,ln_yield,Treated target,soybean,2012
exclude_spring,ln_yield,Donor reference,autumn_napa,2007
exclude_spring,ln_yield,Donor target,autumn_napa,2012
exclude_spring,ln_yield,Donor reference,autumn_radish,2007
exclude_spring,ln_yield,Donor target,autumn_radish,2012
exclude_spring,ln_yield,Donor reference,barley,2007
exclude_spring,ln_yield,Donor target,barley,2012
exclude_spring,ln_yield,Donor reference,cabbage,2007
exclude_spring,ln_yield,Donor target,cabbage,2012
exclude_spring,ln_yield,Donor reference,carrot,2007
exclude_spring,ln_yield,Donor target,carrot,2012
exclude_spring,ln_yield,Donor reference,ginger,2007
exclude_spring,ln_yield,Donor target,ginger,2012
exclude_spring,ln_yield,Donor reference,highland_napa,2007
exclude_spring,ln_yield,Donor target,highland_napa,2012
exclude_spring,ln_yield,Donor reference,highland_radish,2007
exclude_spring,ln_yield,Donor target,highland_radish,2012
exclude_spring,ln_yield,Donor reference,large_green_onion,2007
exclude_spring,ln_yield,Donor target,large_green_onion,2012
exclude_spring,ln_yield,Donor reference,leaf_lettuce,2007
exclude_spring,ln_yield,Donor target,leaf_lettuce,2012
exclude_spring,ln_yield,Donor reference,malting_barley,2007
exclude_spring,ln_yield,Donor target,malting_barley,2012
exclude_spring,ln_yield,Donor reference,mung_bean,2007
exclude_spring,ln_yield,Donor target,mung_bean,2012
exclude_spring,ln_yield,Donor reference,other_pulses,2007
exclude_spring,ln_yield,Donor target,other_pulses,2012
exclude_spring,ln_yield,Donor reference,peanut,2007
exclude_spring,ln_yield,Donor target,peanut,2012
exclude_spring,ln_yield,Donor reference,perilla,2007
exclude_spring,ln_yield,Donor target,perilla,2012
exclude_spring,ln_yield,Donor reference,red_bean,2007
exclude_spring,ln_yield,Donor target,red_bean,2012
exclude_spring,ln_yield,Donor reference,sesame,2007
exclude_spring,ln_yield,Donor target,sesame,2012
exclude_spring,ln_yield,Donor reference,small_green_onion,2007
exclude_spring,ln_yield,Donor target,small_green_onion,2012
exclude_spring,ln_yield,Donor reference,spinach,2007
exclude_spring,ln_yield,Donor target,spinach,2012
exclude_spring,ln_yield,Donor reference,wheat,2007
exclude_spring,ln_yield,Donor target,wheat,2012
exclude_spring,ln_yield,Treated target,soybean,2013
exclude_spring,ln_yield,Donor target,autumn_napa,2013
exclude_spring,ln_yield,Donor target,autumn_radish,2013
exclude_spring,ln_yield,Donor target,barley,2013
exclude_spring,ln_yield,Donor target,cabbage,2013
exclude_spring,ln_yield,Donor target,carrot,2013
exclude_spring,ln_yield,Donor target,ginger,2013
exclude_spring,ln_yield,Donor target,highland_napa,2013
exclude_spring,ln_yield,Donor target,highland_radish,2013
exclude_spring,ln_yield,Donor target,large_green_onion,2013
exclude_spring,ln_yield,Donor target,leaf_lettuce,2013
exclude_spring,ln_yield,Donor target,malting_barley,2013
exclude_spring,ln_yield,Donor target,mung_bean,2013
exclude_spring,ln_yield,Donor target,other_pulses,2013
exclude_spring,ln_yield,Donor target,peanut,2013
exclude_spring,ln_yield,Donor target,perilla,2013
exclude_spring,ln_yield,Donor target,red_bean,2013
exclude_spring,ln_yield,Donor target,sesame,2013
exclude_spring,ln_yield,Donor target,small_green_onion,2013
exclude_spring,ln_yield,Donor target,spinach,2013
exclude_spring,ln_yield,Donor target,wheat,2013
exclude_spring,ln_yield,Treated target,soybean,2014
exclude_spring,ln_yield,Donor target,autumn_napa,2014
exclude_spring,ln_yield,Donor target,autumn_radish,2014
exclude_spring,ln_yield,Donor target,barley,2014
exclude_spring,ln_yield,Donor target,cabbage,2014
exclude_spring,ln_yield,Donor target,carrot,2014
exclude_spring,ln_yield,Donor target,ginger,2014
exclude_spring,ln_yield,Donor target,highland_napa,2014
exclude_spring,ln_yield,Donor target,highland_radish,2014
exclude_spring,ln_yield,Donor target,large_green_onion,2014
exclude_spring,ln_yield,Donor target,leaf_lettuce,2014
exclude_spring,ln_yield,Donor target,malting_barley,2014
exclude_spring,ln_yield,Donor target,mung_bean,2014
exclude_spring,ln_yield,Donor target,other_pulses,2014
exclude_spring,ln_yield,Donor target,peanut,2014
exclude_spring,ln_yield,Donor target,perilla,2014
exclude_spring,ln_yield,Donor target,red_bean,2014
exclude_spring,ln_yield,Donor target,sesame,2014
exclude_spring,ln_yield,Donor target,small_green_onion,2014
exclude_spring,ln_yield,Donor target,spinach,2014
exclude_spring,ln_yield,Donor target,wheat,2014
exclude_spring,ln_yield,Treated target,soybean,2015
exclude_spring,ln_yield,Donor target,autumn_napa,2015
exclude_spring,ln_yield,Donor target,autumn_radish,2015
exclude_spring,ln_yield,Donor target,barley,2015
exclude_spring,ln_yield,Donor target,cabbage,2015
exclude_spring,ln_yield,Donor target,carrot,2015
exclude_spring,ln_yield,Donor target,ginger,2015
exclude_spring,ln_yield,Donor target,highland_napa,2015
exclude_spring,ln_yield,Donor target,highland_radish,2015
exclude_spring,ln_yield,Donor target,large_green_onion,2015
exclude_spring,ln_yield,Donor target,leaf_lettuce,2015
exclude_spring,ln_yield,Donor target,malting_barley,2015
exclude_spring,ln_yield,Donor target,mung_bean,2015
exclude_spring,ln_yield,Donor target,other_pulses,2015
exclude_spring,ln_yield,Donor target,peanut,2015
exclude_spring,ln_yield,Donor target,perilla,2015
exclude_spring,ln_yield,Donor target,red_bean,2015
exclude_spring,ln_yield,Donor target,sesame,2015
exclude_spring,ln_yield,Donor target,small_green_onion,2015
exclude_spring,ln_yield,Donor target,spinach,2015
exclude_spring,ln_yield,Donor target,wheat,2015
exclude_spring,ln_yield,Treated target,soybean,2016
exclude_spring,ln_yield,Donor target,autumn_napa,2016
exclude_spring,ln_yield,Donor target,autumn_radish,2016
exclude_spring,ln_yield,Donor target,barley,2016
exclude_spring,ln_yield,Donor target,cabbage,2016
exclude_spring,ln_yield,Donor target,carrot,2016
exclude_spring,ln_yield,Donor target,ginger,2016
exclude_spring,ln_yield,Donor target,highland_napa,2016
exclude_spring,ln_yield,Donor target,highland_radish,2016
exclude_spring,ln_yield,Donor target,large_green_onion,2016
exclude_spring,ln_yield,Donor target,leaf_lettuce,2016
exclude_spring,ln_yield,Donor target,malting_barley,2016
exclude_spring,ln_yield,Donor target,mung_bean,2016
exclude_spring,ln_yield,Donor target,other_pulses,2016
exclude_spring,ln_yield,Donor target,peanut,2016
exclude_spring,ln_yield,Donor target,perilla,2016
exclude_spring,ln_yield,Donor target,red_bean,2016
exclude_spring,ln_yield,Donor target,sesame,2016
exclude_spring,ln_yield,Donor target,small_green_onion,2016
exclude_spring,ln_yield,Donor target,spinach,2016
exclude_spring,ln_yield,Donor target,wheat,2016
exclude_spring,ln_yield,Treated target,soybean,2017
exclude_spring,ln_yield,Donor target,autumn_napa,2017
exclude_spring,ln_yield,Donor target,autumn_radish,2017
exclude_spring,ln_yield,Donor target,barley,2017
exclude_spring,ln_yield,Donor target,carrot,2017
exclude_spring,ln_yield,Donor target,ginger,2017
exclude_spring,ln_yield,Donor target,highland_napa,2017
exclude_spring,ln_yield,Donor target,highland_radish,2017
exclude_spring,ln_yield,Donor target,large_green_onion,2017
exclude_spring,ln_yield,Donor target,leaf_lettuce,2017
exclude_spring,ln_yield,Donor target,malting_barley,2017
exclude_spring,ln_yield,Donor target,mung_bean,2017
exclude_spring,ln_yield,Donor target,other_pulses,2017
exclude_spring,ln_yield,Donor target,peanut,2017
exclude_spring,ln_yield,Donor target,perilla,2017
exclude_spring,ln_yield,Donor target,red_bean,2017
exclude_spring,ln_yield,Donor target,sesame,2017
exclude_spring,ln_yield,Donor target,small_green_onion,2017
exclude_spring,ln_yield,Donor target,spinach,2017
exclude_spring,ln_yield,Treated target,soybean,2018
exclude_spring,ln_yield,Donor target,autumn_napa,2018
exclude_spring,ln_yield,Donor target,autumn_radish,2018
exclude_spring,ln_yield,Donor target,barley,2018
exclude_spring,ln_yield,Donor target,carrot,2018
exclude_spring,ln_yield,Donor target,ginger,2018
exclude_spring,ln_yield,Donor target,highland_napa,2018
exclude_spring,ln_yield,Donor target,highland_radish,2018
exclude_spring,ln_yield,Donor target,large_green_onion,2018
exclude_spring,ln_yield,Donor target,leaf_lettuce,2018
exclude_spring,ln_yield,Donor target,malting_barley,2018
exclude_spring,ln_yield,Donor target,mung_bean,2018
exclude_spring,ln_yield,Donor target,other_pulses,2018
exclude_spring,ln_yield,Donor target,peanut,2018
exclude_spring,ln_yield,Donor target,perilla,2018
exclude_spring,ln_yield,Donor target,red_bean,2018
exclude_spring,ln_yield,Donor target,sesame,2018
exclude_spring,ln_yield,Donor target,small_green_onion,2018
exclude_spring,ln_yield,Donor target,spinach,2018
exclude_spring,ln_yield,Treated target,soybean,2019
exclude_spring,ln_yield,Donor target,autumn_napa,2019
exclude_spring,ln_yield,Donor target,autumn_radish,2019
exclude_spring,ln_yield,Donor target,barley,2019
exclude_spring,ln_yield,Donor target,ginger,2019
exclude_spring,ln_yield,Donor target,leaf_lettuce,2019
exclude_spring,ln_yield,Donor target,malting_barley,2019
exclude_spring,ln_yield,Donor target,mung_bean,2019
exclude_spring,ln_yield,Donor target,other_pulses,2019
exclude_spring,ln_yield,Donor target,peanut,2019
exclude_spring,ln_yield,Donor target,perilla,2019
exclude_spring,ln_yield,Donor target,red_bean,2019
exclude_spring,ln_yield,Donor target,sesame,2019
exclude_spring,ln_yield,Donor target,spinach,2019
exclude_spring,ln_yield,Treated target,soybean,2020
exclude_spring,ln_yield,Donor target,autumn_napa,2020
exclude_spring,ln_yield,Donor target,autumn_radish,2020
exclude_spring,ln_yield,Donor target,barley,2020
exclude_spring,ln_yield,Donor target,ginger,2020
exclude_spring,ln_yield,Donor target,leaf_lettuce,2020
exclude_spring,ln_yield,Donor target,malting_barley,2020
exclude_spring,ln_yield,Donor target,mung_bean,2020
exclude_spring,ln_yield,Donor target,other_pulses,2020
exclude_spring,ln_yield,Donor target,peanut,2020
exclude_spring,ln_yield,Donor target,perilla,2020
exclude_spring,ln_yield,Donor target,sesame,2020
exclude_spring,ln_yield,Donor target,spinach,2020
exclude_spring,ln_yield,Treated target,soybean,2021
exclude_spring,ln_yield,Donor target,autumn_napa,2021
exclude_spring,ln_yield,Donor target,autumn_radish,2021
exclude_spring,ln_yield,Donor target,ginger,2021
exclude_spring,ln_yield,Donor target,leaf_lettuce,2021
exclude_spring,ln_yield,Donor target,mung_bean,2021
exclude_spring,ln_yield,Donor target,other_pulses,2021
exclude_spring,ln_yield,Donor target,peanut,2021
exclude_spring,ln_yield,Donor target,perilla,2021
exclude_spring,ln_yield,Donor target,sesame,2021
exclude_spring,ln_yield,Treated reference,onion,2008
exclude_spring,ln_yield,Treated target,onion,2012
exclude_spring,ln_yield,Donor reference,autumn_napa,2008
exclude_spring,ln_yield,Donor reference,autumn_radish,2008
exclude_spring,ln_yield,Donor reference,barley,2008
exclude_spring,ln_yield,Donor reference,cabbage,2008
exclude_spring,ln_yield,Donor reference,carrot,2008
exclude_spring,ln_yield,Donor reference,ginger,2008
exclude_spring,ln_yield,Donor reference,highland_napa,2008
exclude_spring,ln_yield,Donor reference,highland_radish,2008
exclude_spring,ln_yield,Donor reference,large_green_onion,2008
exclude_spring,ln_yield,Donor reference,leaf_lettuce,2008
exclude_spring,ln_yield,Donor reference,malting_barley,2008
exclude_spring,ln_yield,Donor reference,mung_bean,2008
exclude_spring,ln_yield,Donor reference,other_pulses,2008
exclude_spring,ln_yield,Donor reference,peanut,2008
exclude_spring,ln_yield,Donor reference,perilla,2008
exclude_spring,ln_yield,Donor reference,red_bean,2008
exclude_spring,ln_yield,Donor reference,sesame,2008
exclude_spring,ln_yield,Donor reference,small_green_onion,2008
exclude_spring,ln_yield,Donor reference,spinach,2008
exclude_spring,ln_yield,Donor reference,wheat,2008
exclude_spring,ln_yield,Treated target,onion,2013
exclude_spring,ln_yield,Treated target,onion,2014
exclude_spring,ln_yield,Treated target,onion,2015
exclude_spring,ln_yield,Treated target,onion,2016
exclude_spring,ln_yield,Treated target,onion,2017
exclude_spring,ln_yield,Treated target,onion,2018
exclude_spring,ln_yield,Treated target,onion,2019
exclude_spring,ln_yield,Treated target,onion,2020
exclude_spring,ln_yield,Treated target,onion,2021
exclude_spring,ln_yield,Treated reference,sweet_potato,2008
exclude_spring,ln_yield,Treated target,sweet_potato,2013
exclude_spring,ln_yield,Treated target,sweet_potato,2014
exclude_spring,ln_yield,Treated target,sweet_potato,2015
exclude_spring,ln_yield,Treated target,sweet_potato,2016
exclude_spring,ln_yield,Treated target,sweet_potato,2017
exclude_spring,ln_yield,Treated target,sweet_potato,2018
exclude_spring,ln_yield,Treated target,sweet_potato,2019
exclude_spring,ln_yield,Treated target,sweet_potato,2020
exclude_spring,ln_yield,Treated target,sweet_potato,2021
exclude_spring,ln_yield,Treated target,sweet_potato,2022
exclude_spring,ln_yield,Donor target,autumn_radish,2022
exclude_spring,ln_yield,Donor target,ginger,2022
exclude_spring,ln_yield,Donor target,leaf_lettuce,2022
exclude_spring,ln_yield,Donor target,mung_bean,2022
exclude_spring,ln_yield,Donor target,other_pulses,2022
exclude_spring,ln_yield,Donor target,peanut,2022
exclude_spring,ln_yield,Donor target,perilla,2022
exclude_spring,ln_yield,Donor target,sesame,2022
exclude_spring,ln_yield,Treated reference,corn,2008
exclude_spring,ln_yield,Treated target,corn,2013
exclude_spring,ln_yield,Treated target,corn,2014
exclude_spring,ln_yield,Treated target,corn,2015
exclude_spring,ln_yield,Treated target,corn,2016
exclude_spring,ln_yield,Treated target,corn,2017
exclude_spring,ln_yield,Treated target,corn,2018
exclude_spring,ln_yield,Treated target,corn,2019
exclude_spring,ln_yield,Treated target,corn,2020
exclude_spring,ln_yield,Treated target,corn,2021
exclude_spring,ln_yield,Treated target,corn,2022
exclude_spring,ln_yield,Treated reference,garlic,2009
exclude_spring,ln_yield,Treated target,garlic,2013
exclude_spring,ln_yield,Donor reference,autumn_napa,2009
exclude_spring,ln_yield,Donor reference,autumn_radish,2009
exclude_spring,ln_yield,Donor reference,barley,2009
exclude_spring,ln_yield,Donor reference,cabbage,2009
exclude_spring,ln_yield,Donor reference,carrot,2009
exclude_spring,ln_yield,Donor reference,ginger,2009
exclude_spring,ln_yield,Donor reference,highland_napa,2009
exclude_spring,ln_yield,Donor reference,highland_radish,2009
exclude_spring,ln_yield,Donor reference,large_green_onion,2009
exclude_spring,ln_yield,Donor reference,leaf_lettuce,2009
exclude_spring,ln_yield,Donor reference,malting_barley,2009
exclude_spring,ln_yield,Donor reference,mung_bean,2009
exclude_spring,ln_yield,Donor reference,other_pulses,2009
exclude_spring,ln_yield,Donor reference,peanut,2009
exclude_spring,ln_yield,Donor reference,perilla,2009
exclude_spring,ln_yield,Donor reference,red_bean,2009
exclude_spring,ln_yield,Donor reference,sesame,2009
exclude_spring,ln_yield,Donor reference,small_green_onion,2009
exclude_spring,ln_yield,Donor reference,spinach,2009
exclude_spring,ln_yield,Donor reference,wheat,2009
exclude_spring,ln_yield,Treated target,garlic,2014
exclude_spring,ln_yield,Treated target,garlic,2015
exclude_spring,ln_yield,Treated target,garlic,2016
exclude_spring,ln_yield,Treated target,garlic,2017
exclude_spring,ln_yield,Treated target,garlic,2018
exclude_spring,ln_yield,Treated target,garlic,2019
exclude_spring,ln_yield,Treated target,garlic,2020
exclude_spring,ln_yield,Treated target,garlic,2021
exclude_spring,ln_yield,Treated target,garlic,2022
exclude_spring,ln_yield,Treated reference,spring_potato,2007
exclude_spring,ln_yield,Treated target,spring_potato,2013
exclude_spring,ln_yield,Treated target,spring_potato,2014
exclude_spring,ln_yield,Treated target,spring_potato,2015
exclude_spring,ln_yield,Treated target,spring_potato,2016
exclude_spring,ln_yield,Treated target,spring_potato,2017
exclude_spring,ln_yield,Treated target,spring_potato,2018
exclude_spring,ln_yield,Treated target,spring_potato,2019
exclude_spring,ln_yield,Treated target,spring_potato,2020
exclude_spring,ln_yield,Treated target,spring_potato,2021
exclude_spring,ln_yield,Treated target,spring_potato,2022
exclude_spring,ln_yield,Treated reference,red_pepper,2007
exclude_spring,ln_yield,Treated target,red_pepper,2015
exclude_spring,ln_yield,Treated target,red_pepper,2016
exclude_spring,ln_yield,Treated target,red_pepper,2017
exclude_spring,ln_yield,Treated target,red_pepper,2018
exclude_spring,ln_yield,Treated target,red_pepper,2019
exclude_spring,ln_yield,Treated target,red_pepper,2020
exclude_spring,ln_yield,Treated target,red_pepper,2021
exclude_spring,ln_yield,Treated target,red_pepper,2022
exclude_spring,ln_yield,Treated target,red_pepper,2023
exclude_spring,ln_yield,Donor target,autumn_radish,2023
exclude_spring,ln_yield,Donor target,ginger,2023
exclude_spring,ln_yield,Donor target,leaf_lettuce,2023
exclude_spring,ln_yield,Donor target,mung_bean,2023
exclude_spring,ln_yield,Donor target,other_pulses,2023
exclude_spring,ln_yield,Donor target,peanut,2023
exclude_spring,ln_yield,Donor target,perilla,2023
exclude_spring,ln_yield,Donor target,sesame,2023
exclude_spring,ln_yield,Treated target,red_pepper,2024
exclude_spring,ln_yield,Donor target,ginger,2024
exclude_spring,ln_yield,Donor target,leaf_lettuce,2024
exclude_spring,ln_yield,Donor target,mung_bean,2024
exclude_spring,ln_yield,Donor target,other_pulses,2024
exclude_spring,ln_yield,Donor target,peanut,2024
exclude_spring,ln_yield,Donor target,perilla,2024
exclude_spring,ln_yield,Donor target,sesame,2024
exclude_spring,ln_production,Treated reference,soybean,2007
exclude_spring,ln_production,Treated target,soybean,2012
exclude_spring,ln_production,Donor reference,autumn_napa,2007
exclude_spring,ln_production,Donor target,autumn_napa,2012
exclude_spring,ln_production,Donor reference,autumn_radish,2007
exclude_spring,ln_production,Donor target,autumn_radish,2012
exclude_spring,ln_production,Donor reference,barley,2007
exclude_spring,ln_production,Donor target,barley,2012
exclude_spring,ln_production,Donor reference,cabbage,2007
exclude_spring,ln_production,Donor target,cabbage,2012
exclude_spring,ln_production,Donor reference,carrot,2007
exclude_spring,ln_production,Donor target,carrot,2012
exclude_spring,ln_production,Donor reference,ginger,2007
exclude_spring,ln_production,Donor target,ginger,2012
exclude_spring,ln_production,Donor reference,highland_napa,2007
exclude_spring,ln_production,Donor target,highland_napa,2012
exclude_spring,ln_production,Donor reference,highland_radish,2007
exclude_spring,ln_production,Donor target,highland_radish,2012
exclude_spring,ln_production,Donor reference,large_green_onion,2007
exclude_spring,ln_production,Donor target,large_green_onion,2012
exclude_spring,ln_production,Donor reference,leaf_lettuce,2007
exclude_spring,ln_production,Donor target,leaf_lettuce,2012
exclude_spring,ln_production,Donor reference,malting_barley,2007
exclude_spring,ln_production,Donor target,malting_barley,2012
exclude_spring,ln_production,Donor reference,mung_bean,2007
exclude_spring,ln_production,Donor target,mung_bean,2012
exclude_spring,ln_production,Donor reference,other_pulses,2007
exclude_spring,ln_production,Donor target,other_pulses,2012
exclude_spring,ln_production,Donor reference,peanut,2007
exclude_spring,ln_production,Donor target,peanut,2012
exclude_spring,ln_production,Donor reference,perilla,2007
exclude_spring,ln_production,Donor target,perilla,2012
exclude_spring,ln_production,Donor reference,red_bean,2007
exclude_spring,ln_production,Donor target,red_bean,2012
exclude_spring,ln_production,Donor reference,sesame,2007
exclude_spring,ln_production,Donor target,sesame,2012
exclude_spring,ln_production,Donor reference,small_green_onion,2007
exclude_spring,ln_production,Donor target,small_green_onion,2012
exclude_spring,ln_production,Donor reference,spinach,2007
exclude_spring,ln_production,Donor target,spinach,2012
exclude_spring,ln_production,Donor reference,wheat,2007
exclude_spring,ln_production,Donor target,wheat,2012
exclude_spring,ln_production,Treated target,soybean,2013
exclude_spring,ln_production,Donor target,autumn_napa,2013
exclude_spring,ln_production,Donor target,autumn_radish,2013
exclude_spring,ln_production,Donor target,barley,2013
exclude_spring,ln_production,Donor target,cabbage,2013
exclude_spring,ln_production,Donor target,carrot,2013
exclude_spring,ln_production,Donor target,ginger,2013
exclude_spring,ln_production,Donor target,highland_napa,2013
exclude_spring,ln_production,Donor target,highland_radish,2013
exclude_spring,ln_production,Donor target,large_green_onion,2013
exclude_spring,ln_production,Donor target,leaf_lettuce,2013
exclude_spring,ln_production,Donor target,malting_barley,2013
exclude_spring,ln_production,Donor target,mung_bean,2013
exclude_spring,ln_production,Donor target,other_pulses,2013
exclude_spring,ln_production,Donor target,peanut,2013
exclude_spring,ln_production,Donor target,perilla,2013
exclude_spring,ln_production,Donor target,red_bean,2013
exclude_spring,ln_production,Donor target,sesame,2013
exclude_spring,ln_production,Donor target,small_green_onion,2013
exclude_spring,ln_production,Donor target,spinach,2013
exclude_spring,ln_production,Donor target,wheat,2013
exclude_spring,ln_production,Treated target,soybean,2014
exclude_spring,ln_production,Donor target,autumn_napa,2014
exclude_spring,ln_production,Donor target,autumn_radish,2014
exclude_spring,ln_production,Donor target,barley,2014
exclude_spring,ln_production,Donor target,cabbage,2014
exclude_spring,ln_production,Donor target,carrot,2014
exclude_spring,ln_production,Donor target,ginger,2014
exclude_spring,ln_production,Donor target,highland_napa,2014
exclude_spring,ln_production,Donor target,highland_radish,2014
exclude_spring,ln_production,Donor target,large_green_onion,2014
exclude_spring,ln_production,Donor target,leaf_lettuce,2014
exclude_spring,ln_production,Donor target,malting_barley,2014
exclude_spring,ln_production,Donor target,mung_bean,2014
exclude_spring,ln_production,Donor target,other_pulses,2014
exclude_spring,ln_production,Donor target,peanut,2014
exclude_spring,ln_production,Donor target,perilla,2014
exclude_spring,ln_production,Donor target,red_bean,2014
exclude_spring,ln_production,Donor target,sesame,2014
exclude_spring,ln_production,Donor target,small_green_onion,2014
exclude_spring,ln_production,Donor target,spinach,2014
exclude_spring,ln_production,Donor target,wheat,2014
exclude_spring,ln_production,Treated target,soybean,2015
exclude_spring,ln_production,Donor target,autumn_napa,2015
exclude_spring,ln_production,Donor target,autumn_radish,2015
exclude_spring,ln_production,Donor target,barley,2015
exclude_spring,ln_production,Donor target,cabbage,2015
exclude_spring,ln_production,Donor target,carrot,2015
exclude_spring,ln_production,Donor target,ginger,2015
exclude_spring,ln_production,Donor target,highland_napa,2015
exclude_spring,ln_production,Donor target,highland_radish,2015
exclude_spring,ln_production,Donor target,large_green_onion,2015
exclude_spring,ln_production,Donor target,leaf_lettuce,2015
exclude_spring,ln_production,Donor target,malting_barley,2015
exclude_spring,ln_production,Donor target,mung_bean,2015
exclude_spring,ln_production,Donor target,other_pulses,2015
exclude_spring,ln_production,Donor target,peanut,2015
exclude_spring,ln_production,Donor target,perilla,2015
exclude_spring,ln_production,Donor target,red_bean,2015
exclude_spring,ln_production,Donor target,sesame,2015
exclude_spring,ln_production,Donor target,small_green_onion,2015
exclude_spring,ln_production,Donor target,spinach,2015
exclude_spring,ln_production,Donor target,wheat,2015
exclude_spring,ln_production,Treated target,soybean,2016
exclude_spring,ln_production,Donor target,autumn_napa,2016
exclude_spring,ln_production,Donor target,autumn_radish,2016
exclude_spring,ln_production,Donor target,barley,2016
exclude_spring,ln_production,Donor target,cabbage,2016
exclude_spring,ln_production,Donor target,carrot,2016
exclude_spring,ln_production,Donor target,ginger,2016
exclude_spring,ln_production,Donor target,highland_napa,2016
exclude_spring,ln_production,Donor target,highland_radish,2016
exclude_spring,ln_production,Donor target,large_green_onion,2016
exclude_spring,ln_production,Donor target,leaf_lettuce,2016
exclude_spring,ln_production,Donor target,malting_barley,2016
exclude_spring,ln_production,Donor target,mung_bean,2016
exclude_spring,ln_production,Donor target,other_pulses,2016
exclude_spring,ln_production,Donor target,peanut,2016
exclude_spring,ln_production,Donor target,perilla,2016
exclude_spring,ln_production,Donor target,red_bean,2016
exclude_spring,ln_production,Donor target,sesame,2016
exclude_spring,ln_production,Donor target,small_green_onion,2016
exclude_spring,ln_production,Donor target,spinach,2016
exclude_spring,ln_production,Donor target,wheat,2016
exclude_spring,ln_production,Treated target,soybean,2017
exclude_spring,ln_production,Donor target,autumn_napa,2017
exclude_spring,ln_production,Donor target,autumn_radish,2017
exclude_spring,ln_production,Donor target,barley,2017
exclude_spring,ln_production,Donor target,carrot,2017
exclude_spring,ln_production,Donor target,ginger,2017
exclude_spring,ln_production,Donor target,highland_napa,2017
exclude_spring,ln_production,Donor target,highland_radish,2017
exclude_spring,ln_production,Donor target,large_green_onion,2017
exclude_spring,ln_production,Donor target,leaf_lettuce,2017
exclude_spring,ln_production,Donor target,malting_barley,2017
exclude_spring,ln_production,Donor target,mung_bean,2017
exclude_spring,ln_production,Donor target,other_pulses,2017
exclude_spring,ln_production,Donor target,peanut,2017
exclude_spring,ln_production,Donor target,perilla,2017
exclude_spring,ln_production,Donor target,red_bean,2017
exclude_spring,ln_production,Donor target,sesame,2017
exclude_spring,ln_production,Donor target,small_green_onion,2017
exclude_spring,ln_production,Donor target,spinach,2017
exclude_spring,ln_production,Treated target,soybean,2018
exclude_spring,ln_production,Donor target,autumn_napa,2018
exclude_spring,ln_production,Donor target,autumn_radish,2018
exclude_spring,ln_production,Donor target,barley,2018
exclude_spring,ln_production,Donor target,carrot,2018
exclude_spring,ln_production,Donor target,ginger,2018
exclude_spring,ln_production,Donor target,highland_napa,2018
exclude_spring,ln_production,Donor target,highland_radish,2018
exclude_spring,ln_production,Donor target,large_green_onion,2018
exclude_spring,ln_production,Donor target,leaf_lettuce,2018
exclude_spring,ln_production,Donor target,malting_barley,2018
exclude_spring,ln_production,Donor target,mung_bean,2018
exclude_spring,ln_production,Donor target,other_pulses,2018
exclude_spring,ln_production,Donor target,peanut,2018
exclude_spring,ln_production,Donor target,perilla,2018
exclude_spring,ln_production,Donor target,red_bean,2018
exclude_spring,ln_production,Donor target,sesame,2018
exclude_spring,ln_production,Donor target,small_green_onion,2018
exclude_spring,ln_production,Donor target,spinach,2018
exclude_spring,ln_production,Treated target,soybean,2019
exclude_spring,ln_production,Donor target,autumn_napa,2019
exclude_spring,ln_production,Donor target,autumn_radish,2019
exclude_spring,ln_production,Donor target,barley,2019
exclude_spring,ln_production,Donor target,ginger,2019
exclude_spring,ln_production,Donor target,leaf_lettuce,2019
exclude_spring,ln_production,Donor target,malting_barley,2019
exclude_spring,ln_production,Donor target,mung_bean,2019
exclude_spring,ln_production,Donor target,other_pulses,2019
exclude_spring,ln_production,Donor target,peanut,2019
exclude_spring,ln_production,Donor target,perilla,2019
exclude_spring,ln_production,Donor target,red_bean,2019
exclude_spring,ln_production,Donor target,sesame,2019
exclude_spring,ln_production,Donor target,spinach,2019
exclude_spring,ln_production,Treated target,soybean,2020
exclude_spring,ln_production,Donor target,autumn_napa,2020
exclude_spring,ln_production,Donor target,autumn_radish,2020
exclude_spring,ln_production,Donor target,barley,2020
exclude_spring,ln_production,Donor target,ginger,2020
exclude_spring,ln_production,Donor target,leaf_lettuce,2020
exclude_spring,ln_production,Donor target,malting_barley,2020
exclude_spring,ln_production,Donor target,mung_bean,2020
exclude_spring,ln_production,Donor target,other_pulses,2020
exclude_spring,ln_production,Donor target,peanut,2020
exclude_spring,ln_production,Donor target,perilla,2020
exclude_spring,ln_production,Donor target,sesame,2020
exclude_spring,ln_production,Donor target,spinach,2020
exclude_spring,ln_production,Treated target,soybean,2021
exclude_spring,ln_production,Donor target,autumn_napa,2021
exclude_spring,ln_production,Donor target,autumn_radish,2021
exclude_spring,ln_production,Donor target,ginger,2021
exclude_spring,ln_production,Donor target,leaf_lettuce,2021
exclude_spring,ln_production,Donor target,mung_bean,2021
exclude_spring,ln_production,Donor target,other_pulses,2021
exclude_spring,ln_production,Donor target,peanut,2021
exclude_spring,ln_production,Donor target,perilla,2021
exclude_spring,ln_production,Donor target,sesame,2021
exclude_spring,ln_production,Treated reference,onion,2008
exclude_spring,ln_production,Treated target,onion,2012
exclude_spring,ln_production,Donor reference,autumn_napa,2008
exclude_spring,ln_production,Donor reference,autumn_radish,2008
exclude_spring,ln_production,Donor reference,barley,2008
exclude_spring,ln_production,Donor reference,cabbage,2008
exclude_spring,ln_production,Donor reference,carrot,2008
exclude_spring,ln_production,Donor reference,ginger,2008
exclude_spring,ln_production,Donor reference,highland_napa,2008
exclude_spring,ln_production,Donor reference,highland_radish,2008
exclude_spring,ln_production,Donor reference,large_green_onion,2008
exclude_spring,ln_production,Donor reference,leaf_lettuce,2008
exclude_spring,ln_production,Donor reference,malting_barley,2008
exclude_spring,ln_production,Donor reference,mung_bean,2008
exclude_spring,ln_production,Donor reference,other_pulses,2008
exclude_spring,ln_production,Donor reference,peanut,2008
exclude_spring,ln_production,Donor reference,perilla,2008
exclude_spring,ln_production,Donor reference,red_bean,2008
exclude_spring,ln_production,Donor reference,sesame,2008
exclude_spring,ln_production,Donor reference,small_green_onion,2008
exclude_spring,ln_production,Donor reference,spinach,2008
exclude_spring,ln_production,Donor reference,wheat,2008
exclude_spring,ln_production,Treated target,onion,2013
exclude_spring,ln_production,Treated target,onion,2014
exclude_spring,ln_production,Treated target,onion,2015
exclude_spring,ln_production,Treated target,onion,2016
exclude_spring,ln_production,Treated target,onion,2017
exclude_spring,ln_production,Treated target,onion,2018
exclude_spring,ln_production,Treated target,onion,2019
exclude_spring,ln_production,Treated target,onion,2020
exclude_spring,ln_production,Treated target,onion,2021
exclude_spring,ln_production,Treated reference,sweet_potato,2008
exclude_spring,ln_production,Treated target,sweet_potato,2013
exclude_spring,ln_production,Treated target,sweet_potato,2014
exclude_spring,ln_production,Treated target,sweet_potato,2015
exclude_spring,ln_production,Treated target,sweet_potato,2016
exclude_spring,ln_production,Treated target,sweet_potato,2017
exclude_spring,ln_production,Treated target,sweet_potato,2018
exclude_spring,ln_production,Treated target,sweet_potato,2019
exclude_spring,ln_production,Treated target,sweet_potato,2020
exclude_spring,ln_production,Treated target,sweet_potato,2021
exclude_spring,ln_production,Treated target,sweet_potato,2022
exclude_spring,ln_production,Donor target,autumn_radish,2022
exclude_spring,ln_production,Donor target,ginger,2022
exclude_spring,ln_production,Donor target,leaf_lettuce,2022
exclude_spring,ln_production,Donor target,mung_bean,2022
exclude_spring,ln_production,Donor target,other_pulses,2022
exclude_spring,ln_production,Donor target,peanut,2022
exclude_spring,ln_production,Donor target,perilla,2022
exclude_spring,ln_production,Donor target,sesame,2022
exclude_spring,ln_production,Treated reference,corn,2008
exclude_spring,ln_production,Treated target,corn,2013
exclude_spring,ln_production,Treated target,corn,2014
exclude_spring,ln_production,Treated target,corn,2015
exclude_spring,ln_production,Treated target,corn,2016
exclude_spring,ln_production,Treated target,corn,2017
exclude_spring,ln_production,Treated target,corn,2018
exclude_spring,ln_production,Treated target,corn,2019
exclude_spring,ln_production,Treated target,corn,2020
exclude_spring,ln_production,Treated target,corn,2021
exclude_spring,ln_production,Treated target,corn,2022
exclude_spring,ln_production,Treated reference,garlic,2009
exclude_spring,ln_production,Treated target,garlic,2013
exclude_spring,ln_production,Donor reference,autumn_napa,2009
exclude_spring,ln_production,Donor reference,autumn_radish,2009
exclude_spring,ln_production,Donor reference,barley,2009
exclude_spring,ln_production,Donor reference,cabbage,2009
exclude_spring,ln_production,Donor reference,carrot,2009
exclude_spring,ln_production,Donor reference,ginger,2009
exclude_spring,ln_production,Donor reference,highland_napa,2009
exclude_spring,ln_production,Donor reference,highland_radish,2009
exclude_spring,ln_production,Donor reference,large_green_onion,2009
exclude_spring,ln_production,Donor reference,leaf_lettuce,2009
exclude_spring,ln_production,Donor reference,malting_barley,2009
exclude_spring,ln_production,Donor reference,mung_bean,2009
exclude_spring,ln_production,Donor reference,other_pulses,2009
exclude_spring,ln_production,Donor reference,peanut,2009
exclude_spring,ln_production,Donor reference,perilla,2009
exclude_spring,ln_production,Donor reference,red_bean,2009
exclude_spring,ln_production,Donor reference,sesame,2009
exclude_spring,ln_production,Donor reference,small_green_onion,2009
exclude_spring,ln_production,Donor reference,spinach,2009
exclude_spring,ln_production,Donor reference,wheat,2009
exclude_spring,ln_production,Treated target,garlic,2014
exclude_spring,ln_production,Treated target,garlic,2015
exclude_spring,ln_production,Treated target,garlic,2016
exclude_spring,ln_production,Treated target,garlic,2017
exclude_spring,ln_production,Treated target,garlic,2018
exclude_spring,ln_production,Treated target,garlic,2019
exclude_spring,ln_production,Treated target,garlic,2020
exclude_spring,ln_production,Treated target,garlic,2021
exclude_spring,ln_production,Treated target,garlic,2022
exclude_spring,ln_production,Treated reference,spring_potato,2007
exclude_spring,ln_production,Treated target,spring_potato,2013
exclude_spring,ln_production,Treated target,spring_potato,2014
exclude_spring,ln_production,Treated target,spring_potato,2015
exclude_spring,ln_production,Treated target,spring_potato,2016
exclude_spring,ln_production,Treated target,spring_potato,2017
exclude_spring,ln_production,Treated target,spring_potato,2018
exclude_spring,ln_production,Treated target,spring_potato,2019
exclude_spring,ln_production,Treated target,spring_potato,2020
exclude_spring,ln_production,Treated target,spring_potato,2021
exclude_spring,ln_production,Treated target,spring_potato,2022
exclude_spring,ln_production,Treated reference,red_pepper,2007
exclude_spring,ln_production,Treated target,red_pepper,2015
exclude_spring,ln_production,Treated target,red_pepper,2016
exclude_spring,ln_production,Treated target,red_pepper,2017
exclude_spring,ln_production,Treated target,red_pepper,2018
exclude_spring,ln_production,Treated target,red_pepper,2019
exclude_spring,ln_production,Treated target,red_pepper,2020
exclude_spring,ln_production,Treated target,red_pepper,2021
exclude_spring,ln_production,Treated target,red_pepper,2022
exclude_spring,ln_production,Treated target,red_pepper,2023
exclude_spring,ln_production,Donor target,autumn_radish,2023
exclude_spring,ln_production,Donor target,ginger,2023
exclude_spring,ln_production,Donor target,leaf_lettuce,2023
exclude_spring,ln_production,Donor target,mung_bean,2023
exclude_spring,ln_production,Donor target,other_pulses,2023
exclude_spring,ln_production,Donor target,peanut,2023
exclude_spring,ln_production,Donor target,perilla,2023
exclude_spring,ln_production,Donor target,sesame,2023
exclude_spring,ln_production,Treated target,red_pepper,2024
exclude_spring,ln_production,Donor target,ginger,2024
exclude_spring,ln_production,Donor target,leaf_lettuce,2024
exclude_spring,ln_production,Donor target,mung_bean,2024
exclude_spring,ln_production,Donor target,other_pulses,2024
exclude_spring,ln_production,Donor target,peanut,2024
exclude_spring,ln_production,Donor target,perilla,2024
exclude_spring,ln_production,Donor target,sesame,2024
