variant,outcome,crop,pilot_event,relative_log,n_donors,donors
original,ln_area,soybean,-10,-0.08178210371727523,26,autumn_napa;autumn_radish;barley;cabbage;carrot;corn;garlic;ginger;highland_napa;highland_radish;leaf_lettuce;malting_barley;mung_bean;onion;other_pulses;peanut;perilla;red_bean;red_pepper;sesame;spinach;spring_napa;spring_potato;spring_radish;sweet_potato;wheat
original,ln_area,soybean,-9,-0.17428006277956243,26,autumn_napa;autumn_radish;barley;cabbage;carrot;corn;garlic;ginger;highland_napa;highland_radish;leaf_lettuce;malting_barley;mung_bean;onion;other_pulses;peanut;perilla;red_bean;red_pepper;sesame;spinach;spring_napa;spring_potato;spring_radish;sweet_potato;wheat
original,ln_area,soybean,-8,-0.11223036645861839,26,autumn_napa;autumn_radish;barley;cabbage;carrot;corn;garlic;ginger;highland_napa;highland_radish;leaf_lettuce;malting_barley;mung_bean;onion;other_pulses;peanut;perilla;red_bean;red_pepper;sesame;spinach;spring_napa;spring_potato;spring_radish;sweet_potato;wheat
original,ln_area,soybean,-7,-0.2059990859969396,26,autumn_napa;autumn_radish;barley;cabbage;carrot;corn;garlic;ginger;highland_napa;highland_radish;leaf_lettuce;malting_barley;mung_bean;onion;other_pulses;peanut;perilla;red_bean;red_pepper;sesame;spinach;spring_napa;spring_potato;spring_radish;sweet_potato;wheat
original,ln_area,soybean,-6,-0.13179292686560018,26,autumn_napa;autumn_radish;barley;cabbage;carrot;corn;garlic;ginger;highland_napa;highland_radish;leaf_lettuce;malting_barley;mung_bean;onion;other_pulses;peanut;perilla;red_bean;red_pepper;sesame;spinach;spring_napa;spring_potato;spring_radish;sweet_potato;wheat
original,ln_area,soybean,-5,-0.0730455374885235,26,autumn_napa;autumn_radish;barley;cabbage;carrot;corn;garlic;ginger;highland_napa;highland_radish;leaf_lettuce;malting_barley;mung_bean;onion;other_pulses;peanut;perilla;red_bean;red_pepper;sesame;spinach;spring_napa;spring_potato;spring_radish;sweet_potato;wheat
original,ln_area,soybean,-4,0.010800439843245968,26,autumn_napa;autumn_radish;barley;cabbage;carrot;corn;garlic;ginger;highland_napa;highland_radish;leaf_lettuce;malting_barley;mung_bean;onion;other_pulses;peanut;perilla;red_bean;red_pepper;sesame;spinach;spring_napa;spring_potato;spring_radish;sweet_potato;wheat
original,ln_area,soybean,-3,0.27726399343293906,26,autumn_napa;autumn_radish;barley;cabbage;carrot;corn;garlic;ginger;highland_napa;highland_radish;leaf_lettuce;malting_barley;mung_bean;onion;other_pulses;peanut;perilla;red_bean;red_pepper;sesame;spinach;spring_napa;spring_potato;spring_radish;sweet_potato;wheat
original,ln_area,soybean,-2,0.14776099084205008,26,autumn_napa;autumn_radish;barley;cabbage;carrot;corn;garlic;ginger;highland_napa;highland_radish;leaf_lettuce;malting_barley;mung_bean;onion;other_pulses;peanut;perilla;red_bean;red_pepper;sesame;spinach;spring_napa;spring_potato;spring_radish;sweet_potato;wheat
original,ln_area,soybean,-1,0.0,26,autumn_napa;autumn_radish;barley;cabbage;carrot;corn;garlic;ginger;highland_napa;highland_radish;leaf_lettuce;malting_barley;mung_bean;onion;other_pulses;peanut;perilla;red_bean;red_pepper;sesame;spinach;spring_napa;spring_potato;spring_radish;sweet_potato;wheat
original,ln_area,onion,-10,-0.2715332564012325,23,autumn_napa;autumn_radish;barley;cabbage;carrot;corn;garlic;ginger;highland_napa;highland_radish;leaf_lettuce;malting_barley;mung_bean;other_pulses;peanut;perilla;red_bean;sesame;spinach;spring_napa;spring_radish;sweet_potato;wheat
original,ln_area,onion,-9,-0.14525201024108902,23,autumn_napa;autumn_radish;barley;cabbage;carrot;corn;garlic;ginger;highland_napa;highland_radish;leaf_lettuce;malting_barley;mung_bean;other_pulses;peanut;perilla;red_bean;sesame;spinach;spring_napa;spring_radish;sweet_potato;wheat
original,ln_area,onion,-8,-0.02749229994511282,23,autumn_napa;autumn_radish;barley;cabbage;carrot;corn;garlic;ginger;highland_napa;highland_radish;leaf_lettuce;malting_barley;mung_bean;other_pulses;peanut;perilla;red_bean;sesame;spinach;spring_napa;spring_radish;sweet_potato;wheat
original,ln_area,onion,-7,-0.20113509484694347,23,autumn_napa;autumn_radish;barley;cabbage;carrot;corn;garlic;ginger;highland_napa;highland_radish;leaf_lettuce;malting_barley;mung_bean;other_pulses;peanut;perilla;red_bean;sesame;spinach;spring_napa;spring_radish;sweet_potato;wheat
original,ln_area,onion,-6,-0.37223970894308955,23,autumn_napa;autumn_radish;barley;cabbage;carrot;corn;garlic;ginger;highland_napa;highland_radish;leaf_lettuce;malting_barley;mung_bean;other_pulses;peanut;perilla;red_bean;sesame;spinach;spring_napa;spring_radish;sweet_potato;wheat
original,ln_area,onion,-5,-0.09095532467952516,23,autumn_napa;autumn_radish;barley;cabbage;carrot;corn;garlic;ginger;highland_napa;highland_radish;leaf_lettuce;malting_barley;mung_bean;other_pulses;peanut;perilla;red_bean;sesame;spinach;spring_napa;spring_radish;sweet_potato;wheat
original,ln_area,onion,-4,0.05868931170250313,23,autumn_napa;autumn_radish;barley;cabbage;carrot;corn;garlic;ginger;highland_napa;highland_radish;leaf_lettuce;malting_barley;mung_bean;other_pulses;peanut;perilla;red_bean;sesame;spinach;spring_napa;spring_radish;sweet_potato;wheat
original,ln_area,onion,-3,-0.023630224313258452,23,autumn_napa;autumn_radish;barley;cabbage;carrot;corn;garlic;ginger;highland_napa;highland_radish;leaf_lettuce;malting_barley;mung_bean;other_pulses;peanut;perilla;red_bean;sesame;spinach;spring_napa;spring_radish;sweet_potato;wheat
original,ln_area,onion,-2,0.14907593607557956,23,autumn_napa;autumn_radish;barley;cabbage;carrot;corn;garlic;ginger;highland_napa;highland_radish;leaf_lettuce;malting_barley;mung_bean;other_pulses;peanut;perilla;red_bean;sesame;spinach;spring_napa;spring_radish;sweet_potato;wheat
original,ln_area,onion,-1,0.0,23,autumn_napa;autumn_radish;barley;cabbage;carrot;corn;garlic;ginger;highland_napa;highland_radish;leaf_lettuce;malting_barley;mung_bean;other_pulses;peanut;perilla;red_bean;sesame;spinach;spring_napa;spring_radish;sweet_potato;wheat
original,ln_area,sweet_potato,-10,-0.28575169029993575,23,autumn_napa;autumn_radish;barley;cabbage;carrot;corn;garlic;ginger;highland_napa;highland_radish;leaf_lettuce;malting_barley;mung_bean;onion;other_pulses;peanut;perilla;red_bean;sesame;spinach;spring_napa;spring_radish;wheat
original,ln_area,sweet_potato,-9,-0.4290393958065408,23,autumn_napa;autumn_radish;barley;cabbage;carrot;corn;garlic;ginger;highland_napa;highland_radish;leaf_lettuce;malting_barley;mung_bean;onion;other_pulses;peanut;perilla;red_bean;sesame;spinach;spring_napa;spring_radish;wheat
original,ln_area,sweet_potato,-8,-0.6903181042883233,23,autumn_napa;autumn_radish;barley;cabbage;carrot;corn;garlic;ginger;highland_napa;highland_radish;leaf_lettuce;malting_barley;mung_bean;onion;other_pulses;peanut;perilla;red_bean;sesame;spinach;spring_napa;spring_radish;wheat
original,ln_area,sweet_potato,-7,-0.48614603847975424,23,autumn_napa;autumn_radish;barley;cabbage;carrot;corn;garlic;ginger;highland_napa;highland_radish;leaf_lettuce;malting_barley;mung_bean;onion;other_pulses;peanut;perilla;red_bean;sesame;spinach;spring_napa;spring_radish;wheat
original,ln_area,sweet_potato,-6,-0.47385036084851606,23,autumn_napa;autumn_radish;barley;cabbage;carrot;corn;garlic;ginger;highland_napa;highland_radish;leaf_lettuce;malting_barley;mung_bean;onion;other_pulses;peanut;perilla;red_bean;sesame;spinach;spring_napa;spring_radish;wheat
original,ln_area,sweet_potato,-5,-0.2697585171862418,23,autumn_napa;autumn_radish;barley;cabbage;carrot;corn;garlic;ginger;highland_napa;highland_radish;leaf_lettuce;malting_barley;mung_bean;onion;other_pulses;peanut;perilla;red_bean;sesame;spinach;spring_napa;spring_radish;wheat
original,ln_area,sweet_potato,-4,-0.15839896400741438,23,autumn_napa;autumn_radish;barley;cabbage;carrot;corn;garlic;ginger;highland_napa;highland_radish;leaf_lettuce;malting_barley;mung_bean;onion;other_pulses;peanut;perilla;red_bean;sesame;spinach;spring_napa;spring_radish;wheat
original,ln_area,sweet_potato,-3,-0.17951817084446198,23,autumn_napa;autumn_radish;barley;cabbage;carrot;corn;garlic;ginger;highland_napa;highland_radish;leaf_lettuce;malting_barley;mung_bean;onion;other_pulses;peanut;perilla;red_bean;sesame;spinach;spring_napa;spring_radish;wheat
original,ln_area,sweet_potato,-2,0.08484858736733258,23,autumn_napa;autumn_radish;barley;cabbage;carrot;corn;garlic;ginger;highland_napa;highland_radish;leaf_lettuce;malting_barley;mung_bean;onion;other_pulses;peanut;perilla;red_bean;sesame;spinach;spring_napa;spring_radish;wheat
original,ln_area,sweet_potato,-1,0.0,23,autumn_napa;autumn_radish;barley;cabbage;carrot;corn;garlic;ginger;highland_napa;highland_radish;leaf_lettuce;malting_barley;mung_bean;onion;other_pulses;peanut;perilla;red_bean;sesame;spinach;spring_napa;spring_radish;wheat
original,ln_area,corn,-10,-0.22456232783400054,23,autumn_napa;autumn_radish;barley;cabbage;carrot;garlic;ginger;highland_napa;highland_radish;leaf_lettuce;malting_barley;mung_bean;onion;other_pulses;peanut;perilla;red_bean;sesame;spinach;spring_napa;spring_radish;sweet_potato;wheat
original,ln_area,corn,-9,-0.39141640499770247,23,autumn_napa;autumn_radish;barley;cabbage;carrot;garlic;ginger;highland_napa;highland_radish;leaf_lettuce;malting_barley;mung_bean;onion;other_pulses;peanut;perilla;red_bean;sesame;spinach;spring_napa;spring_radish;sweet_potato;wheat
original,ln_area,corn,-8,-0.5148215197618988,23,autumn_napa;autumn_radish;barley;cabbage;carrot;garlic;ginger;highland_napa;highland_radish;leaf_lettuce;malting_barley;mung_bean;onion;other_pulses;peanut;perilla;red_bean;sesame;spinach;spring_napa;spring_radish;sweet_potato;wheat
original,ln_area,corn,-7,-0.2555775846226087,23,autumn_napa;autumn_radish;barley;cabbage;carrot;garlic;ginger;highland_napa;highland_radish;leaf_lettuce;malting_barley;mung_bean;onion;other_pulses;peanut;perilla;red_bean;sesame;spinach;spring_napa;spring_radish;sweet_potato;wheat
original,ln_area,corn,-6,-0.22538046076728868,23,autumn_napa;autumn_radish;barley;cabbage;carrot;garlic;ginger;highland_napa;highland_radish;leaf_lettuce;malting_barley;mung_bean;onion;other_pulses;peanut;perilla;red_bean;sesame;spinach;spring_napa;spring_radish;sweet_potato;wheat
original,ln_area,corn,-5,-0.11092689459420235,23,autumn_napa;autumn_radish;barley;cabbage;carrot;garlic;ginger;highland_napa;highland_radish;leaf_lettuce;malting_barley;mung_bean;onion;other_pulses;peanut;perilla;red_bean;sesame;spinach;spring_napa;spring_radish;sweet_potato;wheat
original,ln_area,corn,-4,-0.22780791281934043,23,autumn_napa;autumn_radish;barley;cabbage;carrot;garlic;ginger;highland_napa;highland_radish;leaf_lettuce;malting_barley;mung_bean;onion;other_pulses;peanut;perilla;red_bean;sesame;spinach;spring_napa;spring_radish;sweet_potato;wheat
original,ln_area,corn,-3,-0.3272207470757298,23,autumn_napa;autumn_radish;barley;cabbage;carrot;garlic;ginger;highland_napa;highland_radish;leaf_lettuce;malting_barley;mung_bean;onion;other_pulses;peanut;perilla;red_bean;sesame;spinach;spring_napa;spring_radish;sweet_potato;wheat
original,ln_area,corn,-2,-0.08153277592422548,23,autumn_napa;autumn_radish;barley;cabbage;carrot;garlic;ginger;highland_napa;highland_radish;leaf_lettuce;malting_barley;mung_bean;onion;other_pulses;peanut;perilla;red_bean;sesame;spinach;spring_napa;spring_radish;sweet_potato;wheat
original,ln_area,corn,-1,0.0,23,autumn_napa;autumn_radish;barley;cabbage;carrot;garlic;ginger;highland_napa;highland_radish;leaf_lettuce;malting_barley;mung_bean;onion;other_pulses;peanut;perilla;red_bean;sesame;spinach;spring_napa;spring_radish;sweet_potato;wheat
original,ln_area,garlic,-10,0.2640665707023384,22,autumn_napa;autumn_radish;barley;cabbage;carrot;ginger;highland_napa;highland_radish;large_green_onion;leaf_lettuce;malting_barley;mung_bean;other_pulses;peanut;perilla;red_bean;sesame;small_green_onion;spinach;spring_napa;spring_radish;wheat
original,ln_area,garlic,-9,0.049949804747511095,22,autumn_napa;autumn_radish;barley;cabbage;carrot;ginger;highland_napa;highland_radish;large_green_onion;leaf_lettuce;malting_barley;mung_bean;other_pulses;peanut;perilla;red_bean;sesame;small_green_onion;spinach;spring_napa;spring_radish;wheat
original,ln_area,garlic,-8,0.005896053709541604,22,autumn_napa;autumn_radish;barley;cabbage;carrot;ginger;highland_napa;highland_radish;large_green_onion;leaf_lettuce;malting_barley;mung_bean;other_pulses;peanut;perilla;red_bean;sesame;small_green_onion;spinach;spring_napa;spring_radish;wheat
original,ln_area,garlic,-7,0.058528769818890325,22,autumn_napa;autumn_radish;barley;cabbage;carrot;ginger;highland_napa;highland_radish;large_green_onion;leaf_lettuce;malting_barley;mung_bean;other_pulses;peanut;perilla;red_bean;sesame;small_green_onion;spinach;spring_napa;spring_radish;wheat
original,ln_area,garlic,-6,-0.0010531782295970515,22,autumn_napa;autumn_radish;barley;cabbage;carrot;ginger;highland_napa;highland_radish;large_green_onion;leaf_lettuce;malting_barley;mung_bean;other_pulses;peanut;perilla;red_bean;sesame;small_green_onion;spinach;spring_napa;spring_radish;wheat
original,ln_area,garlic,-5,0.14324508343668718,22,autumn_napa;autumn_radish;barley;cabbage;carrot;ginger;highland_napa;highland_radish;large_green_onion;leaf_lettuce;malting_barley;mung_bean;other_pulses;peanut;perilla;red_bean;sesame;small_green_onion;spinach;spring_napa;spring_radish;wheat
original,ln_area,garlic,-4,0.04051365292767706,22,autumn_napa;autumn_radish;barley;cabbage;carrot;ginger;highland_napa;highland_radish;large_green_onion;leaf_lettuce;malting_barley;mung_bean;other_pulses;peanut;perilla;red_bean;sesame;small_green_onion;spinach;spring_napa;spring_radish;wheat
original,ln_area,garlic,-3,0.0378932637812337,22,autumn_napa;autumn_radish;barley;cabbage;carrot;ginger;highland_napa;highland_radish;large_green_onion;leaf_lettuce;malting_barley;mung_bean;other_pulses;peanut;perilla;red_bean;sesame;small_green_onion;spinach;spring_napa;spring_radish;wheat
original,ln_area,garlic,-2,0.07983694954906895,22,autumn_napa;autumn_radish;barley;cabbage;carrot;ginger;highland_napa;highland_radish;large_green_onion;leaf_lettuce;malting_barley;mung_bean;other_pulses;peanut;perilla;red_bean;sesame;small_green_onion;spinach;spring_napa;spring_radish;wheat
original,ln_area,garlic,-1,0.0,22,autumn_napa;autumn_radish;barley;cabbage;carrot;ginger;highland_napa;highland_radish;large_green_onion;leaf_lettuce;malting_barley;mung_bean;other_pulses;peanut;perilla;red_bean;sesame;small_green_onion;spinach;spring_napa;spring_radish;wheat
original,ln_area,spring_potato,-10,-0.2325326680070976,26,autumn_napa;autumn_radish;barley;cabbage;carrot;corn;garlic;ginger;highland_napa;highland_radish;leaf_lettuce;malting_barley;mung_bean;onion;other_pulses;peanut;perilla;red_bean;red_pepper;sesame;soybean;spinach;spring_napa;spring_radish;sweet_potato;wheat
original,ln_area,spring_potato,-9,-0.035984245461229136,26,autumn_napa;autumn_radish;barley;cabbage;carrot;corn;garlic;ginger;highland_napa;highland_radish;leaf_lettuce;malting_barley;mung_bean;onion;other_pulses;peanut;perilla;red_bean;red_pepper;sesame;soybean;spinach;spring_napa;spring_radish;sweet_potato;wheat
original,ln_area,spring_potato,-8,0.15466576353612105,26,autumn_napa;autumn_radish;barley;cabbage;carrot;corn;garlic;ginger;highland_napa;highland_radish;leaf_lettuce;malting_barley;mung_bean;onion;other_pulses;peanut;perilla;red_bean;red_pepper;sesame;soybean;spinach;spring_napa;spring_radish;sweet_potato;wheat
original,ln_area,spring_potato,-7,-0.0919903446155601,26,autumn_napa;autumn_radish;barley;cabbage;carrot;corn;garlic;ginger;highland_napa;highland_radish;leaf_lettuce;malting_barley;mung_bean;onion;other_pulses;peanut;perilla;red_bean;red_pepper;sesame;soybean;spinach;spring_napa;spring_radish;sweet_potato;wheat
original,ln_area,spring_potato,-6,-0.04085693985617311,26,autumn_napa;autumn_radish;barley;cabbage;carrot;corn;garlic;ginger;highland_napa;highland_radish;leaf_lettuce;malting_barley;mung_bean;onion;other_pulses;peanut;perilla;red_bean;red_pepper;sesame;soybean;spinach;spring_napa;spring_radish;sweet_potato;wheat
original,ln_area,spring_potato,-5,-0.1778168069366295,26,autumn_napa;autumn_radish;barley;cabbage;carrot;corn;garlic;ginger;highland_napa;highland_radish;leaf_lettuce;malting_barley;mung_bean;onion;other_pulses;peanut;perilla;red_bean;red_pepper;sesame;soybean;spinach;spring_napa;spring_radish;sweet_potato;wheat
original,ln_area,spring_potato,-4,0.03652770396016969,26,autumn_napa;autumn_radish;barley;cabbage;carrot;corn;garlic;ginger;highland_napa;highland_radish;leaf_lettuce;malting_barley;mung_bean;onion;other_pulses;peanut;perilla;red_bean;red_pepper;sesame;soybean;spinach;spring_napa;spring_radish;sweet_potato;wheat
original,ln_area,spring_potato,-3,0.38762610478740456,26,autumn_napa;autumn_radish;barley;cabbage;carrot;corn;garlic;ginger;highland_napa;highland_radish;leaf_lettuce;malting_barley;mung_bean;onion;other_pulses;peanut;perilla;red_bean;red_pepper;sesame;soybean;spinach;spring_napa;spring_radish;sweet_potato;wheat
original,ln_area,spring_potato,-2,0.11616504580808673,26,autumn_napa;autumn_radish;barley;cabbage;carrot;corn;garlic;ginger;highland_napa;highland_radish;leaf_lettuce;malting_barley;mung_bean;onion;other_pulses;peanut;perilla;red_bean;red_pepper;sesame;soybean;spinach;spring_napa;spring_radish;sweet_potato;wheat
original,ln_area,spring_potato,-1,0.0,26,autumn_napa;autumn_radish;barley;cabbage;carrot;corn;garlic;ginger;highland_napa;highland_radish;leaf_lettuce;malting_barley;mung_bean;onion;other_pulses;peanut;perilla;red_bean;red_pepper;sesame;soybean;spinach;spring_napa;spring_radish;sweet_potato;wheat
original,ln_area,red_pepper,-10,-0.15747290168255645,26,autumn_napa;autumn_radish;barley;cabbage;carrot;corn;garlic;ginger;highland_napa;highland_radish;leaf_lettuce;malting_barley;mung_bean;onion;other_pulses;peanut;perilla;red_bean;sesame;soybean;spinach;spring_napa;spring_potato;spring_radish;sweet_potato;wheat
original,ln_area,red_pepper,-9,0.021023015670646572,26,autumn_napa;autumn_radish;barley;cabbage;carrot;corn;garlic;ginger;highland_napa;highland_radish;leaf_lettuce;malting_barley;mung_bean;onion;other_pulses;peanut;perilla;red_bean;sesame;soybean;spinach;spring_napa;spring_potato;spring_radish;sweet_potato;wheat
original,ln_area,red_pepper,-8,0.07799742554195355,26,autumn_napa;autumn_radish;barley;cabbage;carrot;corn;garlic;ginger;highland_napa;highland_radish;leaf_lettuce;malting_barley;mung_bean;onion;other_pulses;peanut;perilla;red_bean;sesame;soybean;spinach;spring_napa;spring_potato;spring_radish;sweet_potato;wheat
original,ln_area,red_pepper,-7,0.028800856666720165,26,autumn_napa;autumn_radish;barley;cabbage;carrot;corn;garlic;ginger;highland_napa;highland_radish;leaf_lettuce;malting_barley;mung_bean;onion;other_pulses;peanut;perilla;red_bean;sesame;soybean;spinach;spring_napa;spring_potato;spring_radish;sweet_potato;wheat
original,ln_area,red_pepper,-6,0.0917331143987763,26,autumn_napa;autumn_radish;barley;cabbage;carrot;corn;garlic;ginger;highland_napa;highland_radish;leaf_lettuce;malting_barley;mung_bean;onion;other_pulses;peanut;perilla;red_bean;sesame;soybean;spinach;spring_napa;spring_potato;spring_radish;sweet_potato;wheat
original,ln_area,red_pepper,-5,-0.07991455110024503,26,autumn_napa;autumn_radish;barley;cabbage;carrot;corn;garlic;ginger;highland_napa;highland_radish;leaf_lettuce;malting_barley;mung_bean;onion;other_pulses;peanut;perilla;red_bean;sesame;soybean;spinach;spring_napa;spring_potato;spring_radish;sweet_potato;wheat
original,ln_area,red_pepper,-4,0.019902346184347053,26,autumn_napa;autumn_radish;barley;cabbage;carrot;corn;garlic;ginger;highland_napa;highland_radish;leaf_lettuce;malting_barley;mung_bean;onion;other_pulses;peanut;perilla;red_bean;sesame;soybean;spinach;spring_napa;spring_potato;spring_radish;sweet_potato;wheat
original,ln_area,red_pepper,-3,0.056036294286746724,26,autumn_napa;autumn_radish;barley;cabbage;carrot;corn;garlic;ginger;highland_napa;highland_radish;leaf_lettuce;malting_barley;mung_bean;onion;other_pulses;peanut;perilla;red_bean;sesame;soybean;spinach;spring_napa;spring_potato;spring_radish;sweet_potato;wheat
original,ln_area,red_pepper,-2,-0.06125718283012027,26,autumn_napa;autumn_radish;barley;cabbage;carrot;corn;garlic;ginger;highland_napa;highland_radish;leaf_lettuce;malting_barley;mung_bean;onion;other_pulses;peanut;perilla;red_bean;sesame;soybean;spinach;spring_napa;spring_potato;spring_radish;sweet_potato;wheat
original,ln_area,red_pepper,-1,0.0,26,autumn_napa;autumn_radish;barley;cabbage;carrot;corn;garlic;ginger;highland_napa;highland_radish;leaf_lettuce;malting_barley;mung_bean;onion;other_pulses;peanut;perilla;red_bean;sesame;soybean;spinach;spring_napa;spring_potato;spring_radish;sweet_potato;wheat
original,ln_yield,soybean,-10,0.11849558058490661,26,autumn_napa;autumn_radish;barley;cabbage;carrot;corn;garlic;ginger;highland_napa;highland_radish;leaf_lettuce;malting_barley;mung_bean;onion;other_pulses;peanut;perilla;red_bean;red_pepper;sesame;spinach;spring_napa;spring_potato;spring_radish;sweet_potato;wheat
original,ln_yield,soybean,-9,-0.0159844072170916,26,autumn_napa;autumn_radish;barley;cabbage;carrot;corn;garlic;ginger;highland_napa;highland_radish;leaf_lettuce;malting_barley;mung_bean;onion;other_pulses;peanut;perilla;red_bean;red_pepper;sesame;spinach;spring_napa;spring_potato;spring_radish;sweet_potato;wheat
original,ln_yield,soybean,-8,-0.013969913182003246,26,autumn_napa;autumn_radish;barley;cabbage;carrot;corn;garlic;ginger;highland_napa;highland_radish;leaf_lettuce;malting_barley;mung_bean;onion;other_pulses;peanut;perilla;red_bean;red_pepper;sesame;spinach;spring_napa;spring_potato;spring_radish;sweet_potato;wheat
original,ln_yield,soybean,-7,0.06840379825276433,26,autumn_napa;autumn_radish;barley;cabbage;carrot;corn;garlic;ginger;highland_napa;highland_radish;leaf_lettuce;malting_barley;mung_bean;onion;other_pulses;peanut;perilla;red_bean;red_pepper;sesame;spinach;spring_napa;spring_potato;spring_radish;sweet_potato;wheat
original,ln_yield,soybean,-6,0.015572955818293543,26,autumn_napa;autumn_radish;barley;cabbage;carrot;corn;garlic;ginger;highland_napa;highland_radish;leaf_lettuce;malting_barley;mung_bean;onion;other_pulses;peanut;perilla;red_bean;red_pepper;sesame;spinach;spring_napa;spring_potato;spring_radish;sweet_potato;wheat
original,ln_yield,soybean,-5,-0.021037618507029343,26,autumn_napa;autumn_radish;barley;cabbage;carrot;corn;garlic;ginger;highland_napa;highland_radish;leaf_lettuce;malting_barley;mung_bean;onion;other_pulses;peanut;perilla;red_bean;red_pepper;sesame;spinach;spring_napa;spring_potato;spring_radish;sweet_potato;wheat
original,ln_yield,soybean,-4,0.11360856787984996,26,autumn_napa;autumn_radish;barley;cabbage;carrot;corn;garlic;ginger;highland_napa;highland_radish;leaf_lettuce;malting_barley;mung_bean;onion;other_pulses;peanut;perilla;red_bean;red_pepper;sesame;spinach;spring_napa;spring_potato;spring_radish;sweet_potato;wheat
original,ln_yield,soybean,-3,0.16536025179018932,26,autumn_napa;autumn_radish;barley;cabbage;carrot;corn;garlic;ginger;highland_napa;highland_radish;leaf_lettuce;malting_barley;mung_bean;onion;other_pulses;peanut;perilla;red_bean;red_pepper;sesame;spinach;spring_napa;spring_potato;spring_radish;sweet_potato;wheat
original,ln_yield,soybean,-2,0.18298538658169328,26,autumn_napa;autumn_radish;barley;cabbage;carrot;corn;garlic;ginger;highland_napa;highland_radish;leaf_lettuce;malting_barley;mung_bean;onion;other_pulses;peanut;perilla;red_bean;red_pepper;sesame;spinach;spring_napa;spring_potato;spring_radish;sweet_potato;wheat
original,ln_yield,soybean,-1,0.0,26,autumn_napa;autumn_radish;barley;cabbage;carrot;corn;garlic;ginger;highland_napa;highland_radish;leaf_lettuce;malting_barley;mung_bean;onion;other_pulses;peanut;perilla;red_bean;red_pepper;sesame;spinach;spring_napa;spring_potato;spring_radish;sweet_potato;wheat
original,ln_yield,onion,-10,-0.01976988369391197,23,autumn_napa;autumn_radish;barley;cabbage;carrot;corn;garlic;ginger;highland_napa;highland_radish;leaf_lettuce;malting_barley;mung_bean;other_pulses;peanut;perilla;red_bean;sesame;spinach;spring_napa;spring_radish;sweet_potato;wheat
original,ln_yield,onion,-9,-0.11529548740124174,23,autumn_napa;autumn_radish;barley;cabbage;carrot;corn;garlic;ginger;highland_napa;highland_radish;leaf_lettuce;malting_barley;mung_bean;other_pulses;peanut;perilla;red_bean;sesame;spinach;spring_napa;spring_radish;sweet_potato;wheat
original,ln_yield,onion,-8,-0.09688482820545463,23,autumn_napa;autumn_radish;barley;cabbage;carrot;corn;garlic;ginger;highland_napa;highland_radish;leaf_lettuce;malting_barley;mung_bean;other_pulses;peanut;perilla;red_bean;sesame;spinach;spring_napa;spring_radish;sweet_potato;wheat
original,ln_yield,onion,-7,-0.008527773255074145,23,autumn_napa;autumn_radish;barley;cabbage;carrot;corn;garlic;ginger;highland_napa;highland_radish;leaf_lettuce;malting_barley;mung_bean;other_pulses;peanut;perilla;red_bean;sesame;spinach;spring_napa;spring_radish;sweet_potato;wheat
original,ln_yield,onion,-6,0.021889206087530866,23,autumn_napa;autumn_radish;barley;cabbage;carrot;corn;garlic;ginger;highland_napa;highland_radish;leaf_lettuce;malting_barley;mung_bean;other_pulses;peanut;perilla;red_bean;sesame;spinach;spring_napa;spring_radish;sweet_potato;wheat
original,ln_yield,onion,-5,-0.05677382256777186,23,autumn_napa;autumn_radish;barley;cabbage;carrot;corn;garlic;ginger;highland_napa;highland_radish;leaf_lettuce;malting_barley;mung_bean;other_pulses;peanut;perilla;red_bean;sesame;spinach;spring_napa;spring_radish;sweet_potato;wheat
original,ln_yield,onion,-4,-0.06297980716702956,23,autumn_napa;autumn_radish;barley;cabbage;carrot;corn;garlic;ginger;highland_napa;highland_radish;leaf_lettuce;malting_barley;mung_bean;other_pulses;peanut;perilla;red_bean;sesame;spinach;spring_napa;spring_radish;sweet_potato;wheat
original,ln_yield,onion,-3,-0.09720002350964752,23,autumn_napa;autumn_radish;barley;cabbage;carrot;corn;garlic;ginger;highland_napa;highland_radish;leaf_lettuce;malting_barley;mung_bean;other_pulses;peanut;perilla;red_bean;sesame;spinach;spring_napa;spring_radish;sweet_potato;wheat
original,ln_yield,onion,-2,0.03965869577890491,23,autumn_napa;autumn_radish;barley;cabbage;carrot;corn;garlic;ginger;highland_napa;highland_radish;leaf_lettuce;malting_barley;mung_bean;other_pulses;peanut;perilla;red_bean;sesame;spinach;spring_napa;spring_radish;sweet_potato;wheat
original,ln_yield,onion,-1,0.0,23,autumn_napa;autumn_radish;barley;cabbage;carrot;corn;garlic;ginger;highland_napa;highland_radish;leaf_lettuce;malting_barley;mung_bean;other_pulses;peanut;perilla;red_bean;sesame;spinach;spring_napa;spring_radish;sweet_potato;wheat
original,ln_yield,sweet_potato,-10,0.3735346774296575,23,autumn_napa;autumn_radish;barley;cabbage;carrot;corn;garlic;ginger;highland_napa;highland_radish;leaf_lettuce;malting_barley;mung_bean;onion;other_pulses;peanut;perilla;red_bean;sesame;spinach;spring_napa;spring_radish;wheat
original,ln_yield,sweet_potato,-9,0.3891595824342966,23,autumn_napa;autumn_radish;barley;cabbage;carrot;corn;garlic;ginger;highland_napa;highland_radish;leaf_lettuce;malting_barley;mung_bean;onion;other_pulses;peanut;perilla;red_bean;sesame;spinach;spring_napa;spring_radish;wheat
original,ln_yield,sweet_potato,-8,0.3321725034670635,23,autumn_napa;autumn_radish;barley;cabbage;carrot;corn;garlic;ginger;highland_napa;highland_radish;leaf_lettuce;malting_barley;mung_bean;onion;other_pulses;peanut;perilla;red_bean;sesame;spinach;spring_napa;spring_radish;wheat
original,ln_yield,sweet_potato,-7,0.34377351981193716,23,autumn_napa;autumn_radish;barley;cabbage;carrot;corn;garlic;ginger;highland_napa;highland_radish;leaf_lettuce;malting_barley;mung_bean;onion;other_pulses;peanut;perilla;red_bean;sesame;spinach;spring_napa;spring_radish;wheat
original,ln_yield,sweet_potato,-6,0.25442948683026145,23,autumn_napa;autumn_radish;barley;cabbage;carrot;corn;garlic;ginger;highland_napa;highland_radish;leaf_lettuce;malting_barley;mung_bean;onion;other_pulses;peanut;perilla;red_bean;sesame;spinach;spring_napa;spring_radish;wheat
original,ln_yield,sweet_potato,-5,0.26350705793865004,23,autumn_napa;autumn_radish;barley;cabbage;carrot;corn;garlic;ginger;highland_napa;highland_radish;leaf_lettuce;malting_barley;mung_bean;onion;other_pulses;peanut;perilla;red_bean;sesame;spinach;spring_napa;spring_radish;wheat
original,ln_yield,sweet_potato,-4,0.006363457943957762,23,autumn_napa;autumn_radish;barley;cabbage;carrot;corn;garlic;ginger;highland_napa;highland_radish;leaf_lettuce;malting_barley;mung_bean;onion;other_pulses;peanut;perilla;red_bean;sesame;spinach;spring_napa;spring_radish;wheat
original,ln_yield,sweet_potato,-3,0.0690254824974943,23,autumn_napa;autumn_radish;barley;cabbage;carrot;corn;garlic;ginger;highland_napa;highland_radish;leaf_lettuce;malting_barley;mung_bean;onion;other_pulses;peanut;perilla;red_bean;sesame;spinach;spring_napa;spring_radish;wheat
original,ln_yield,sweet_potato,-2,0.008337883272406366,23,autumn_napa;autumn_radish;barley;cabbage;carrot;corn;garlic;ginger;highland_napa;highland_radish;leaf_lettuce;malting_barley;mung_bean;onion;other_pulses;peanut;perilla;red_bean;sesame;spinach;spring_napa;spring_radish;wheat
original,ln_yield,sweet_potato,-1,0.0,23,autumn_napa;autumn_radish;barley;cabbage;carrot;corn;garlic;ginger;highland_napa;highland_radish;leaf_lettuce;malting_barley;mung_bean;onion;other_pulses;peanut;perilla;red_bean;sesame;spinach;spring_napa;spring_radish;wheat
original,ln_yield,corn,-10,-0.12457781238366739,23,autumn_napa;autumn_radish;barley;cabbage;carrot;garlic;ginger;highland_napa;highland_radish;leaf_lettuce;malting_barley;mung_bean;onion;other_pulses;peanut;perilla;red_bean;sesame;spinach;spring_napa;spring_radish;sweet_potato;wheat
original,ln_yield,corn,-9,-0.08107146551761257,23,autumn_napa;autumn_radish;barley;cabbage;carrot;garlic;ginger;highland_napa;highland_radish;leaf_lettuce;malting_barley;mung_bean;onion;other_pulses;peanut;perilla;red_bean;sesame;spinach;spring_napa;spring_radish;sweet_potato;wheat
original,ln_yield,corn,-8,-0.15115753104527485,23,autumn_napa;autumn_radish;barley;cabbage;carrot;garlic;ginger;highland_napa;highland_radish;leaf_lettuce;malting_barley;mung_bean;onion;other_pulses;peanut;perilla;red_bean;sesame;spinach;spring_napa;spring_radish;sweet_potato;wheat
original,ln_yield,corn,-7,-0.09294180633893756,23,autumn_napa;autumn_radish;barley;cabbage;carrot;garlic;ginger;highland_napa;highland_radish;leaf_lettuce;malting_barley;mung_bean;onion;other_pulses;peanut;perilla;red_bean;sesame;spinach;spring_napa;spring_radish;sweet_potato;wheat
original,ln_yield,corn,-6,-0.07216987228638239,23,autumn_napa;autumn_radish;barley;cabbage;carrot;garlic;ginger;highland_napa;highland_radish;leaf_lettuce;malting_barley;mung_bean;onion;other_pulses;peanut;perilla;red_bean;sesame;spinach;spring_napa;spring_radish;sweet_potato;wheat
original,ln_yield,corn,-5,-0.13082974597033648,23,autumn_napa;autumn_radish;barley;cabbage;carrot;garlic;ginger;highland_napa;highland_radish;leaf_lettuce;malting_barley;mung_bean;onion;other_pulses;peanut;perilla;red_bean;sesame;spinach;spring_napa;spring_radish;sweet_potato;wheat
original,ln_yield,corn,-4,-0.007944511056109604,23,autumn_napa;autumn_radish;barley;cabbage;carrot;garlic;ginger;highland_napa;highland_radish;leaf_lettuce;malting_barley;mung_bean;onion;other_pulses;peanut;perilla;red_bean;sesame;spinach;spring_napa;spring_radish;sweet_potato;wheat
original,ln_yield,corn,-3,-0.012756101763720551,23,autumn_napa;autumn_radish;barley;cabbage;carrot;garlic;ginger;highland_napa;highland_radish;leaf_lettuce;malting_barley;mung_bean;onion;other_pulses;peanut;perilla;red_bean;sesame;spinach;spring_napa;spring_radish;sweet_potato;wheat
original,ln_yield,corn,-2,-0.004602536964863013,23,autumn_napa;autumn_radish;barley;cabbage;carrot;garlic;ginger;highland_napa;highland_radish;leaf_lettuce;malting_barley;mung_bean;onion;other_pulses;peanut;perilla;red_bean;sesame;spinach;spring_napa;spring_radish;sweet_potato;wheat
original,ln_yield,corn,-1,0.0,23,autumn_napa;autumn_radish;barley;cabbage;carrot;garlic;ginger;highland_napa;highland_radish;leaf_lettuce;malting_barley;mung_bean;onion;other_pulses;peanut;perilla;red_bean;sesame;spinach;spring_napa;spring_radish;sweet_potato;wheat
original,ln_yield,garlic,-10,-0.14842774515921953,22,autumn_napa;autumn_radish;barley;cabbage;carrot;ginger;highland_napa;highland_radish;large_green_onion;leaf_lettuce;malting_barley;mung_bean;other_pulses;peanut;perilla;red_bean;sesame;small_green_onion;spinach;spring_napa;spring_radish;wheat
original,ln_yield,garlic,-9,-0.1700626420120237,22,autumn_napa;autumn_radish;barley;cabbage;carrot;ginger;highland_napa;highland_radish;large_green_onion;leaf_lettuce;malting_barley;mung_bean;other_pulses;peanut;perilla;red_bean;sesame;small_green_onion;spinach;spring_napa;spring_radish;wheat
original,ln_yield,garlic,-8,-0.06464341419011799,22,autumn_napa;autumn_radish;barley;cabbage;carrot;ginger;highland_napa;highland_radish;large_green_onion;leaf_lettuce;malting_barley;mung_bean;other_pulses;peanut;perilla;red_bean;sesame;small_green_onion;spinach;spring_napa;spring_radish;wheat
original,ln_yield,garlic,-7,-0.07050891286609673,22,autumn_napa;autumn_radish;barley;cabbage;carrot;ginger;highland_napa;highland_radish;large_green_onion;leaf_lettuce;malting_barley;mung_bean;other_pulses;peanut;perilla;red_bean;sesame;small_green_onion;spinach;spring_napa;spring_radish;wheat
original,ln_yield,garlic,-6,-0.12289597399911134,22,autumn_napa;autumn_radish;barley;cabbage;carrot;ginger;highland_napa;highland_radish;large_green_onion;leaf_lettuce;malting_barley;mung_bean;other_pulses;peanut;perilla;red_bean;sesame;small_green_onion;spinach;spring_napa;spring_radish;wheat
original,ln_yield,garlic,-5,-0.1341074454454496,22,autumn_napa;autumn_radish;barley;cabbage;carrot;ginger;highland_napa;highland_radish;large_green_onion;leaf_lettuce;malting_barley;mung_bean;other_pulses;peanut;perilla;red_bean;sesame;small_green_onion;spinach;spring_napa;spring_radish;wheat
original,ln_yield,garlic,-4,-0.13828884680149578,22,autumn_napa;autumn_radish;barley;cabbage;carrot;ginger;highland_napa;highland_radish;large_green_onion;leaf_lettuce;malting_barley;mung_bean;other_pulses;peanut;perilla;red_bean;sesame;small_green_onion;spinach;spring_napa;spring_radish;wheat
original,ln_yield,garlic,-3,-0.05775721863424543,22,autumn_napa;autumn_radish;barley;cabbage;carrot;ginger;highland_napa;highland_radish;large_green_onion;leaf_lettuce;malting_barley;mung_bean;other_pulses;peanut;perilla;red_bean;sesame;small_green_onion;spinach;spring_napa;spring_radish;wheat
original,ln_yield,garlic,-2,-0.0528389969323424,22,autumn_napa;autumn_radish;barley;cabbage;carrot;ginger;highland_napa;highland_radish;large_green_onion;leaf_lettuce;malting_barley;mung_bean;other_pulses;peanut;perilla;red_bean;sesame;small_green_onion;spinach;spring_napa;spring_radish;wheat
original,ln_yield,garlic,-1,0.0,22,autumn_napa;autumn_radish;barley;cabbage;carrot;ginger;highland_napa;highland_radish;large_green_onion;leaf_lettuce;malting_barley;mung_bean;other_pulses;peanut;perilla;red_bean;sesame;small_green_onion;spinach;spring_napa;spring_radish;wheat
original,ln_yield,spring_potato,-10,0.05466366197276784,26,autumn_napa;autumn_radish;barley;cabbage;carrot;corn;garlic;ginger;highland_napa;highland_radish;leaf_lettuce;malting_barley;mung_bean;onion;other_pulses;peanut;perilla;red_bean;red_pepper;sesame;soybean;spinach;spring_napa;spring_radish;sweet_potato;wheat
original,ln_yield,spring_potato,-9,-0.010441098482202982,26,autumn_napa;autumn_radish;barley;cabbage;carrot;corn;garlic;ginger;highland_napa;highland_radish;leaf_lettuce;malting_barley;mung_bean;onion;other_pulses;peanut;perilla;red_bean;red_pepper;sesame;soybean;spinach;spring_napa;spring_radish;sweet_potato;wheat
original,ln_yield,spring_potato,-8,-0.06945953386032766,26,autumn_napa;autumn_radish;barley;cabbage;carrot;corn;garlic;ginger;highland_napa;highland_radish;leaf_lettuce;malting_barley;mung_bean;onion;other_pulses;peanut;perilla;red_bean;red_pepper;sesame;soybean;spinach;spring_napa;spring_radish;sweet_potato;wheat
original,ln_yield,spring_potato,-7,-0.16396729039001556,26,autumn_napa;autumn_radish;barley;cabbage;carrot;corn;garlic;ginger;highland_napa;highland_radish;leaf_lettuce;malting_barley;mung_bean;onion;other_pulses;peanut;perilla;red_bean;red_pepper;sesame;soybean;spinach;spring_napa;spring_radish;sweet_potato;wheat
original,ln_yield,spring_potato,-6,-0.018740156436145128,26,autumn_napa;autumn_radish;barley;cabbage;carrot;corn;garlic;ginger;highland_napa;highland_radish;leaf_lettuce;malting_barley;mung_bean;onion;other_pulses;peanut;perilla;red_bean;red_pepper;sesame;soybean;spinach;spring_napa;spring_radish;sweet_potato;wheat
original,ln_yield,spring_potato,-5,-0.03208963863258241,26,autumn_napa;autumn_radish;barley;cabbage;carrot;corn;garlic;ginger;highland_napa;highland_radish;leaf_lettuce;malting_barley;mung_bean;onion;other_pulses;peanut;perilla;red_bean;red_pepper;sesame;soybean;spinach;spring_napa;spring_radish;sweet_potato;wheat
original,ln_yield,spring_potato,-4,-0.05871502157799746,26,autumn_napa;autumn_radish;barley;cabbage;carrot;corn;garlic;ginger;highland_napa;highland_radish;leaf_lettuce;malting_barley;mung_bean;onion;other_pulses;peanut;perilla;red_bean;red_pepper;sesame;soybean;spinach;spring_napa;spring_radish;sweet_potato;wheat
original,ln_yield,spring_potato,-3,-0.0077343782224748026,26,autumn_napa;autumn_radish;barley;cabbage;carrot;corn;garlic;ginger;highland_napa;highland_radish;leaf_lettuce;malting_barley;mung_bean;onion;other_pulses;peanut;perilla;red_bean;red_pepper;sesame;soybean;spinach;spring_napa;spring_radish;sweet_potato;wheat
original,ln_yield,spring_potato,-2,0.027816902339126592,26,autumn_napa;autumn_radish;barley;cabbage;carrot;corn;garlic;ginger;highland_napa;highland_radish;leaf_lettuce;malting_barley;mung_bean;onion;other_pulses;peanut;perilla;red_bean;red_pepper;sesame;soybean;spinach;spring_napa;spring_radish;sweet_potato;wheat
original,ln_yield,spring_potato,-1,0.0,26,autumn_napa;autumn_radish;barley;cabbage;carrot;corn;garlic;ginger;highland_napa;highland_radish;leaf_lettuce;malting_barley;mung_bean;onion;other_pulses;peanut;perilla;red_bean;red_pepper;sesame;soybean;spinach;spring_napa;spring_radish;sweet_potato;wheat
original,ln_yield,red_pepper,-10,-0.11545179303985265,26,autumn_napa;autumn_radish;barley;cabbage;carrot;corn;garlic;ginger;highland_napa;highland_radish;leaf_lettuce;malting_barley;mung_bean;onion;other_pulses;peanut;perilla;red_bean;sesame;soybean;spinach;spring_napa;spring_potato;spring_radish;sweet_potato;wheat
original,ln_yield,red_pepper,-9,0.08269503045553961,26,autumn_napa;autumn_radish;barley;cabbage;carrot;corn;garlic;ginger;highland_napa;highland_radish;leaf_lettuce;malting_barley;mung_bean;onion;other_pulses;peanut;perilla;red_bean;sesame;soybean;spinach;spring_napa;spring_potato;spring_radish;sweet_potato;wheat
original,ln_yield,red_pepper,-8,0.005105482403009454,26,autumn_napa;autumn_radish;barley;cabbage;carrot;corn;garlic;ginger;highland_napa;highland_radish;leaf_lettuce;malting_barley;mung_bean;onion;other_pulses;peanut;perilla;red_bean;sesame;soybean;spinach;spring_napa;spring_potato;spring_radish;sweet_potato;wheat
original,ln_yield,red_pepper,-7,-0.07333286509720693,26,autumn_napa;autumn_radish;barley;cabbage;carrot;corn;garlic;ginger;highland_napa;highland_radish;leaf_lettuce;malting_barley;mung_bean;onion;other_pulses;peanut;perilla;red_bean;sesame;soybean;spinach;spring_napa;spring_potato;spring_radish;sweet_potato;wheat
original,ln_yield,red_pepper,-6,-0.02149369049728822,26,autumn_napa;autumn_radish;barley;cabbage;carrot;corn;garlic;ginger;highland_napa;highland_radish;leaf_lettuce;malting_barley;mung_bean;onion;other_pulses;peanut;perilla;red_bean;sesame;soybean;spinach;spring_napa;spring_potato;spring_radish;sweet_potato;wheat
original,ln_yield,red_pepper,-5,-0.12928001894097552,26,autumn_napa;autumn_radish;barley;cabbage;carrot;corn;garlic;ginger;highland_napa;highland_radish;leaf_lettuce;malting_barley;mung_bean;onion;other_pulses;peanut;perilla;red_bean;sesame;soybean;spinach;spring_napa;spring_potato;spring_radish;sweet_potato;wheat
original,ln_yield,red_pepper,-4,-0.13500399616937298,26,autumn_napa;autumn_radish;barley;cabbage;carrot;corn;garlic;ginger;highland_napa;highland_radish;leaf_lettuce;malting_barley;mung_bean;onion;other_pulses;peanut;perilla;red_bean;sesame;soybean;spinach;spring_napa;spring_potato;spring_radish;sweet_potato;wheat
original,ln_yield,red_pepper,-3,-0.09842629573944439,26,autumn_napa;autumn_radish;barley;cabbage;carrot;corn;garlic;ginger;highland_napa;highland_radish;leaf_lettuce;malting_barley;mung_bean;onion;other_pulses;peanut;perilla;red_bean;sesame;soybean;spinach;spring_napa;spring_potato;spring_radish;sweet_potato;wheat
original,ln_yield,red_pepper,-2,-0.26020866440692547,26,autumn_napa;autumn_radish;barley;cabbage;carrot;corn;garlic;ginger;highland_napa;highland_radish;leaf_lettuce;malting_barley;mung_bean;onion;other_pulses;peanut;perilla;red_bean;sesame;soybean;spinach;spring_napa;spring_potato;spring_radish;sweet_potato;wheat
original,ln_yield,red_pepper,-1,0.0,26,autumn_napa;autumn_radish;barley;cabbage;carrot;corn;garlic;ginger;highland_napa;highland_radish;leaf_lettuce;malting_barley;mung_bean;onion;other_pulses;peanut;perilla;red_bean;sesame;soybean;spinach;spring_napa;spring_potato;spring_radish;sweet_potato;wheat
original,ln_production,soybean,-10,0.0362977897959329,26,autumn_napa;autumn_radish;barley;cabbage;carrot;corn;garlic;ginger;highland_napa;highland_radish;leaf_lettuce;malting_barley;mung_bean;onion;other_pulses;peanut;perilla;red_bean;red_pepper;sesame;spinach;spring_napa;spring_potato;spring_radish;sweet_potato;wheat
original,ln_production,soybean,-9,-0.1853494776700817,26,autumn_napa;autumn_radish;barley;cabbage;carrot;corn;garlic;ginger;highland_napa;highland_radish;leaf_lettuce;malting_barley;mung_bean;onion;other_pulses;peanut;perilla;red_bean;red_pepper;sesame;spinach;spring_napa;spring_potato;spring_radish;sweet_potato;wheat
original,ln_production,soybean,-8,-0.12198114178010044,26,autumn_napa;autumn_radish;barley;cabbage;carrot;corn;garlic;ginger;highland_napa;highland_radish;leaf_lettuce;malting_barley;mung_bean;onion;other_pulses;peanut;perilla;red_bean;red_pepper;sesame;spinach;spring_napa;spring_potato;spring_radish;sweet_potato;wheat
original,ln_production,soybean,-7,-0.13305570433959701,26,autumn_napa;autumn_radish;barley;cabbage;carrot;corn;garlic;ginger;highland_napa;highland_radish;leaf_lettuce;malting_barley;mung_bean;onion;other_pulses;peanut;perilla;red_bean;red_pepper;sesame;spinach;spring_napa;spring_potato;spring_radish;sweet_potato;wheat
original,ln_production,soybean,-6,-0.11247584066226857,26,autumn_napa;autumn_radish;barley;cabbage;carrot;corn;garlic;ginger;highland_napa;highland_radish;leaf_lettuce;malting_barley;mung_bean;onion;other_pulses;peanut;perilla;red_bean;red_pepper;sesame;spinach;spring_napa;spring_potato;spring_radish;sweet_potato;wheat
original,ln_production,soybean,-5,-0.09572855054249452,26,autumn_napa;autumn_radish;barley;cabbage;carrot;corn;garlic;ginger;highland_napa;highland_radish;leaf_lettuce;malting_barley;mung_bean;onion;other_pulses;peanut;perilla;red_bean;red_pepper;sesame;spinach;spring_napa;spring_potato;spring_radish;sweet_potato;wheat
original,ln_production,soybean,-4,0.12290628574599971,26,autumn_napa;autumn_radish;barley;cabbage;carrot;corn;garlic;ginger;highland_napa;highland_radish;leaf_lettuce;malting_barley;mung_bean;onion;other_pulses;peanut;perilla;red_bean;red_pepper;sesame;spinach;spring_napa;spring_potato;spring_radish;sweet_potato;wheat
original,ln_production,soybean,-3,0.44394915574548044,26,autumn_napa;autumn_radish;barley;cabbage;carrot;corn;garlic;ginger;highland_napa;highland_radish;leaf_lettuce;malting_barley;mung_bean;onion;other_pulses;peanut;perilla;red_bean;red_pepper;sesame;spinach;spring_napa;spring_potato;spring_radish;sweet_potato;wheat
original,ln_production,soybean,-2,0.33398964446122115,26,autumn_napa;autumn_radish;barley;cabbage;carrot;corn;garlic;ginger;highland_napa;highland_radish;leaf_lettuce;malting_barley;mung_bean;onion;other_pulses;peanut;perilla;red_bean;red_pepper;sesame;spinach;spring_napa;spring_potato;spring_radish;sweet_potato;wheat
original,ln_production,soybean,-1,0.0,26,autumn_napa;autumn_radish;barley;cabbage;carrot;corn;garlic;ginger;highland_napa;highland_radish;leaf_lettuce;malting_barley;mung_bean;onion;other_pulses;peanut;perilla;red_bean;red_pepper;sesame;spinach;spring_napa;spring_potato;spring_radish;sweet_potato;wheat
original,ln_production,onion,-10,-0.2909056744447529,23,autumn_napa;autumn_radish;barley;cabbage;carrot;corn;garlic;ginger;highland_napa;highland_radish;leaf_lettuce;malting_barley;mung_bean;other_pulses;peanut;perilla;red_bean;sesame;spinach;spring_napa;spring_radish;sweet_potato;wheat
original,ln_production,onion,-9,-0.2604396821355479,23,autumn_napa;autumn_radish;barley;cabbage;carrot;corn;garlic;ginger;highland_napa;highland_radish;leaf_lettuce;malting_barley;mung_bean;other_pulses;peanut;perilla;red_bean;sesame;spinach;spring_napa;spring_radish;sweet_potato;wheat
original,ln_production,onion,-8,-0.12193172886452786,23,autumn_napa;autumn_radish;barley;cabbage;carrot;corn;garlic;ginger;highland_napa;highland_radish;leaf_lettuce;malting_barley;mung_bean;other_pulses;peanut;perilla;red_bean;sesame;spinach;spring_napa;spring_radish;sweet_potato;wheat
original,ln_production,onion,-7,-0.2097157932329683,23,autumn_napa;autumn_radish;barley;cabbage;carrot;corn;garlic;ginger;highland_napa;highland_radish;leaf_lettuce;malting_barley;mung_bean;other_pulses;peanut;perilla;red_bean;sesame;spinach;spring_napa;spring_radish;sweet_potato;wheat
original,ln_production,onion,-6,-0.3506749637817652,23,autumn_napa;autumn_radish;barley;cabbage;carrot;corn;garlic;ginger;highland_napa;highland_radish;leaf_lettuce;malting_barley;mung_bean;other_pulses;peanut;perilla;red_bean;sesame;spinach;spring_napa;spring_radish;sweet_potato;wheat
original,ln_production,onion,-5,-0.14750898775993093,23,autumn_napa;autumn_radish;barley;cabbage;carrot;corn;garlic;ginger;highland_napa;highland_radish;leaf_lettuce;malting_barley;mung_bean;other_pulses;peanut;perilla;red_bean;sesame;spinach;spring_napa;spring_radish;sweet_potato;wheat
original,ln_production,onion,-4,-0.003703986673331272,23,autumn_napa;autumn_radish;barley;cabbage;carrot;corn;garlic;ginger;highland_napa;highland_radish;leaf_lettuce;malting_barley;mung_bean;other_pulses;peanut;perilla;red_bean;sesame;spinach;spring_napa;spring_radish;sweet_potato;wheat
original,ln_production,onion,-3,-0.12073477617629358,23,autumn_napa;autumn_radish;barley;cabbage;carrot;corn;garlic;ginger;highland_napa;highland_radish;leaf_lettuce;malting_barley;mung_bean;other_pulses;peanut;perilla;red_bean;sesame;spinach;spring_napa;spring_radish;sweet_potato;wheat
original,ln_production,onion,-2,0.18869567293520895,23,autumn_napa;autumn_radish;barley;cabbage;carrot;corn;garlic;ginger;highland_napa;highland_radish;leaf_lettuce;malting_barley;mung_bean;other_pulses;peanut;perilla;red_bean;sesame;spinach;spring_napa;spring_radish;sweet_potato;wheat
original,ln_production,onion,-1,0.0,23,autumn_napa;autumn_radish;barley;cabbage;carrot;corn;garlic;ginger;highland_napa;highland_radish;leaf_lettuce;malting_barley;mung_bean;other_pulses;peanut;perilla;red_bean;sesame;spinach;spring_napa;spring_radish;sweet_potato;wheat
original,ln_production,sweet_potato,-10,0.08787267226070483,23,autumn_napa;autumn_radish;barley;cabbage;carrot;corn;garlic;ginger;highland_napa;highland_radish;leaf_lettuce;malting_barley;mung_bean;onion;other_pulses;peanut;perilla;red_bean;sesame;spinach;spring_napa;spring_radish;wheat
original,ln_production,sweet_potato,-9,-0.040044175139616556,23,autumn_napa;autumn_radish;barley;cabbage;carrot;corn;garlic;ginger;highland_napa;highland_radish;leaf_lettuce;malting_barley;mung_bean;onion;other_pulses;peanut;perilla;red_bean;sesame;spinach;spring_napa;spring_radish;wheat
original,ln_production,sweet_potato,-8,-0.3556049236289489,23,autumn_napa;autumn_radish;barley;cabbage;carrot;corn;garlic;ginger;highland_napa;highland_radish;leaf_lettuce;malting_barley;mung_bean;onion;other_pulses;peanut;perilla;red_bean;sesame;spinach;spring_napa;spring_radish;wheat
original,ln_production,sweet_potato,-7,-0.14234544650302183,23,autumn_napa;autumn_radish;barley;cabbage;carrot;corn;garlic;ginger;highland_napa;highland_radish;leaf_lettuce;malting_barley;mung_bean;onion;other_pulses;peanut;perilla;red_bean;sesame;spinach;spring_napa;spring_radish;wheat
original,ln_production,sweet_potato,-6,-0.22006540101777894,23,autumn_napa;autumn_radish;barley;cabbage;carrot;corn;garlic;ginger;highland_napa;highland_radish;leaf_lettuce;malting_barley;mung_bean;onion;other_pulses;peanut;perilla;red_bean;sesame;spinach;spring_napa;spring_radish;wheat
original,ln_production,sweet_potato,-5,-0.006428194354406003,23,autumn_napa;autumn_radish;barley;cabbage;carrot;corn;garlic;ginger;highland_napa;highland_radish;leaf_lettuce;malting_barley;mung_bean;onion;other_pulses;peanut;perilla;red_bean;sesame;spinach;spring_napa;spring_radish;wheat
original,ln_production,sweet_potato,-4,-0.15181722095992534,23,autumn_napa;autumn_radish;barley;cabbage;carrot;corn;garlic;ginger;highland_napa;highland_radish;leaf_lettuce;malting_barley;mung_bean;onion;other_pulses;peanut;perilla;red_bean;sesame;spinach;spring_napa;spring_radish;wheat
original,ln_production,sweet_potato,-3,-0.11056266679160309,23,autumn_napa;autumn_radish;barley;cabbage;carrot;corn;garlic;ginger;highland_napa;highland_radish;leaf_lettuce;malting_barley;mung_bean;onion;other_pulses;peanut;perilla;red_bean;sesame;spinach;spring_napa;spring_radish;wheat
original,ln_production,sweet_potato,-2,0.09305036868624228,23,autumn_napa;autumn_radish;barley;cabbage;carrot;corn;garlic;ginger;highland_napa;highland_radish;leaf_lettuce;malting_barley;mung_bean;onion;other_pulses;peanut;perilla;red_bean;sesame;spinach;spring_napa;spring_radish;wheat
original,ln_production,sweet_potato,-1,0.0,23,autumn_napa;autumn_radish;barley;cabbage;carrot;corn;garlic;ginger;highland_napa;highland_radish;leaf_lettuce;malting_barley;mung_bean;onion;other_pulses;peanut;perilla;red_bean;sesame;spinach;spring_napa;spring_radish;wheat
original,ln_production,corn,-10,-0.34967174797609957,23,autumn_napa;autumn_radish;barley;cabbage;carrot;garlic;ginger;highland_napa;highland_radish;leaf_lettuce;malting_barley;mung_bean;onion;other_pulses;peanut;perilla;red_bean;sesame;spinach;spring_napa;spring_radish;sweet_potato;wheat
original,ln_production,corn,-9,-0.4728415519293918,23,autumn_napa;autumn_radish;barley;cabbage;carrot;garlic;ginger;highland_napa;highland_radish;leaf_lettuce;malting_barley;mung_bean;onion;other_pulses;peanut;perilla;red_bean;sesame;spinach;spring_napa;spring_radish;sweet_potato;wheat
original,ln_production,corn,-8,-0.6651089058656279,23,autumn_napa;autumn_radish;barley;cabbage;carrot;garlic;ginger;highland_napa;highland_radish;leaf_lettuce;malting_barley;mung_bean;onion;other_pulses;peanut;perilla;red_bean;sesame;spinach;spring_napa;spring_radish;sweet_potato;wheat
original,ln_production,corn,-7,-0.34905917760040417,23,autumn_napa;autumn_radish;barley;cabbage;carrot;garlic;ginger;highland_napa;highland_radish;leaf_lettuce;malting_barley;mung_bean;onion;other_pulses;peanut;perilla;red_bean;sesame;spinach;spring_napa;spring_radish;sweet_potato;wheat
original,ln_production,corn,-6,-0.2987621428763081,23,autumn_napa;autumn_radish;barley;cabbage;carrot;garlic;ginger;highland_napa;highland_radish;leaf_lettuce;malting_barley;mung_bean;onion;other_pulses;peanut;perilla;red_bean;sesame;spinach;spring_napa;spring_radish;sweet_potato;wheat
original,ln_production,corn,-5,-0.242368178376827,23,autumn_napa;autumn_radish;barley;cabbage;carrot;garlic;ginger;highland_napa;highland_radish;leaf_lettuce;malting_barley;mung_bean;onion;other_pulses;peanut;perilla;red_bean;sesame;spinach;spring_napa;spring_radish;sweet_potato;wheat
original,ln_production,corn,-4,-0.23585816095683576,23,autumn_napa;autumn_radish;barley;cabbage;carrot;garlic;ginger;highland_napa;highland_radish;leaf_lettuce;malting_barley;mung_bean;onion;other_pulses;peanut;perilla;red_bean;sesame;spinach;spring_napa;spring_radish;sweet_potato;wheat
original,ln_production,corn,-3,-0.34066124728739666,23,autumn_napa;autumn_radish;barley;cabbage;carrot;garlic;ginger;highland_napa;highland_radish;leaf_lettuce;malting_barley;mung_bean;onion;other_pulses;peanut;perilla;red_bean;sesame;spinach;spring_napa;spring_radish;sweet_potato;wheat
original,ln_production,corn,-2,-0.08751164032880254,23,autumn_napa;autumn_radish;barley;cabbage;carrot;garlic;ginger;highland_napa;highland_radish;leaf_lettuce;malting_barley;mung_bean;onion;other_pulses;peanut;perilla;red_bean;sesame;spinach;spring_napa;spring_radish;sweet_potato;wheat
original,ln_production,corn,-1,0.0,23,autumn_napa;autumn_radish;barley;cabbage;carrot;garlic;ginger;highland_napa;highland_radish;leaf_lettuce;malting_barley;mung_bean;onion;other_pulses;peanut;perilla;red_bean;sesame;spinach;spring_napa;spring_radish;sweet_potato;wheat
original,ln_production,garlic,-10,0.11469400465201574,22,autumn_napa;autumn_radish;barley;cabbage;carrot;ginger;highland_napa;highland_radish;large_green_onion;leaf_lettuce;malting_barley;mung_bean;other_pulses;peanut;perilla;red_bean;sesame;small_green_onion;spinach;spring_napa;spring_radish;wheat
original,ln_production,garlic,-9,-0.11836852392680441,22,autumn_napa;autumn_radish;barley;cabbage;carrot;ginger;highland_napa;highland_radish;large_green_onion;leaf_lettuce;malting_barley;mung_bean;other_pulses;peanut;perilla;red_bean;sesame;small_green_onion;spinach;spring_napa;spring_radish;wheat
original,ln_production,garlic,-8,-0.059605799283415806,22,autumn_napa;autumn_radish;barley;cabbage;carrot;ginger;highland_napa;highland_radish;large_green_onion;leaf_lettuce;malting_barley;mung_bean;other_pulses;peanut;perilla;red_bean;sesame;small_green_onion;spinach;spring_napa;spring_radish;wheat
original,ln_production,garlic,-7,-0.012883757661217743,22,autumn_napa;autumn_radish;barley;cabbage;carrot;ginger;highland_napa;highland_radish;large_green_onion;leaf_lettuce;malting_barley;mung_bean;other_pulses;peanut;perilla;red_bean;sesame;small_green_onion;spinach;spring_napa;spring_radish;wheat
original,ln_production,garlic,-6,-0.12409271753687534,22,autumn_napa;autumn_radish;barley;cabbage;carrot;ginger;highland_napa;highland_radish;large_green_onion;leaf_lettuce;malting_barley;mung_bean;other_pulses;peanut;perilla;red_bean;sesame;small_green_onion;spinach;spring_napa;spring_radish;wheat
original,ln_production,garlic,-5,0.009403566131599206,22,autumn_napa;autumn_radish;barley;cabbage;carrot;ginger;highland_napa;highland_radish;large_green_onion;leaf_lettuce;malting_barley;mung_bean;other_pulses;peanut;perilla;red_bean;sesame;small_green_onion;spinach;spring_napa;spring_radish;wheat
original,ln_production,garlic,-4,-0.0984325035909066,22,autumn_napa;autumn_radish;barley;cabbage;carrot;ginger;highland_napa;highland_radish;large_green_onion;leaf_lettuce;malting_barley;mung_bean;other_pulses;peanut;perilla;red_bean;sesame;small_green_onion;spinach;spring_napa;spring_radish;wheat
original,ln_production,garlic,-3,-0.020619362421543386,22,autumn_napa;autumn_radish;barley;cabbage;carrot;ginger;highland_napa;highland_radish;large_green_onion;leaf_lettuce;malting_barley;mung_bean;other_pulses;peanut;perilla;red_bean;sesame;small_green_onion;spinach;spring_napa;spring_radish;wheat
original,ln_production,garlic,-2,0.026333490775231283,22,autumn_napa;autumn_radish;barley;cabbage;carrot;ginger;highland_napa;highland_radish;large_green_onion;leaf_lettuce;malting_barley;mung_bean;other_pulses;peanut;perilla;red_bean;sesame;small_green_onion;spinach;spring_napa;spring_radish;wheat
original,ln_production,garlic,-1,0.0,22,autumn_napa;autumn_radish;barley;cabbage;carrot;ginger;highland_napa;highland_radish;large_green_onion;leaf_lettuce;malting_barley;mung_bean;other_pulses;peanut;perilla;red_bean;sesame;small_green_onion;spinach;spring_napa;spring_radish;wheat
original,ln_production,spring_potato,-10,-0.17801664483025803,26,autumn_napa;autumn_radish;barley;cabbage;carrot;corn;garlic;ginger;highland_napa;highland_radish;leaf_lettuce;malting_barley;mung_bean;onion;other_pulses;peanut;perilla;red_bean;red_pepper;sesame;soybean;spinach;spring_napa;spring_radish;sweet_potato;wheat
original,ln_production,spring_potato,-9,-0.04622242214501604,26,autumn_napa;autumn_radish;barley;cabbage;carrot;corn;garlic;ginger;highland_napa;highland_radish;leaf_lettuce;malting_barley;mung_bean;onion;other_pulses;peanut;perilla;red_bean;red_pepper;sesame;soybean;spinach;spring_napa;spring_radish;sweet_potato;wheat
original,ln_production,spring_potato,-8,0.085007327954008,26,autumn_napa;autumn_radish;barley;cabbage;carrot;corn;garlic;ginger;highland_napa;highland_radish;leaf_lettuce;malting_barley;mung_bean;onion;other_pulses;peanut;perilla;red_bean;red_pepper;sesame;soybean;spinach;spring_napa;spring_radish;sweet_potato;wheat
original,ln_production,spring_potato,-7,-0.2538457655134252,26,autumn_napa;autumn_radish;barley;cabbage;carrot;corn;garlic;ginger;highland_napa;highland_radish;leaf_lettuce;malting_barley;mung_bean;onion;other_pulses;peanut;perilla;red_bean;red_pepper;sesame;soybean;spinach;spring_napa;spring_radish;sweet_potato;wheat
original,ln_production,spring_potato,-6,-0.059784871683721263,26,autumn_napa;autumn_radish;barley;cabbage;carrot;corn;garlic;ginger;highland_napa;highland_radish;leaf_lettuce;malting_barley;mung_bean;onion;other_pulses;peanut;perilla;red_bean;red_pepper;sesame;soybean;spinach;spring_napa;spring_radish;sweet_potato;wheat
original,ln_production,spring_potato,-5,-0.2101051594891139,26,autumn_napa;autumn_radish;barley;cabbage;carrot;corn;garlic;ginger;highland_napa;highland_radish;leaf_lettuce;malting_barley;mung_bean;onion;other_pulses;peanut;perilla;red_bean;red_pepper;sesame;soybean;spinach;spring_napa;spring_radish;sweet_potato;wheat
original,ln_production,spring_potato,-4,-0.02199983138124928,26,autumn_napa;autumn_radish;barley;cabbage;carrot;corn;garlic;ginger;highland_napa;highland_radish;leaf_lettuce;malting_barley;mung_bean;onion;other_pulses;peanut;perilla;red_bean;red_pepper;sesame;soybean;spinach;spring_napa;spring_radish;sweet_potato;wheat
original,ln_production,spring_potato,-3,0.3805041212040461,26,autumn_napa;autumn_radish;barley;cabbage;carrot;corn;garlic;ginger;highland_napa;highland_radish;leaf_lettuce;malting_barley;mung_bean;onion;other_pulses;peanut;perilla;red_bean;red_pepper;sesame;soybean;spinach;spring_napa;spring_radish;sweet_potato;wheat
original,ln_production,spring_potato,-2,0.14378595088265378,26,autumn_napa;autumn_radish;barley;cabbage;carrot;corn;garlic;ginger;highland_napa;highland_radish;leaf_lettuce;malting_barley;mung_bean;onion;other_pulses;peanut;perilla;red_bean;red_pepper;sesame;soybean;spinach;spring_napa;spring_radish;sweet_potato;wheat
original,ln_production,spring_potato,-1,0.0,26,autumn_napa;autumn_radish;barley;cabbage;carrot;corn;garlic;ginger;highland_napa;highland_radish;leaf_lettuce;malting_barley;mung_bean;onion;other_pulses;peanut;perilla;red_bean;red_pepper;sesame;soybean;spinach;spring_napa;spring_radish;sweet_potato;wheat
original,ln_production,red_pepper,-10,-0.27120957734717877,26,autumn_napa;autumn_radish;barley;cabbage;carrot;corn;garlic;ginger;highland_napa;highland_radish;leaf_lettuce;malting_barley;mung_bean;onion;other_pulses;peanut;perilla;red_bean;sesame;soybean;spinach;spring_napa;spring_potato;spring_radish;sweet_potato;wheat
original,ln_production,red_pepper,-9,0.10383892328612987,26,autumn_napa;autumn_radish;barley;cabbage;carrot;corn;garlic;ginger;highland_napa;highland_radish;leaf_lettuce;malting_barley;mung_bean;onion;other_pulses;peanut;perilla;red_bean;sesame;soybean;spinach;spring_napa;spring_potato;spring_radish;sweet_potato;wheat
original,ln_production,red_pepper,-8,0.08396892942939438,26,autumn_napa;autumn_radish;barley;cabbage;carrot;corn;garlic;ginger;highland_napa;highland_radish;leaf_lettuce;malting_barley;mung_bean;onion;other_pulses;peanut;perilla;red_bean;sesame;soybean;spinach;spring_napa;spring_potato;spring_radish;sweet_potato;wheat
original,ln_production,red_pepper,-7,-0.04377132443641685,26,autumn_napa;autumn_radish;barley;cabbage;carrot;corn;garlic;ginger;highland_napa;highland_radish;leaf_lettuce;malting_barley;mung_bean;onion;other_pulses;peanut;perilla;red_bean;sesame;soybean;spinach;spring_napa;spring_potato;spring_radish;sweet_potato;wheat
original,ln_production,red_pepper,-6,0.07128765171910878,26,autumn_napa;autumn_radish;barley;cabbage;carrot;corn;garlic;ginger;highland_napa;highland_radish;leaf_lettuce;malting_barley;mung_bean;onion;other_pulses;peanut;perilla;red_bean;sesame;soybean;spinach;spring_napa;spring_potato;spring_radish;sweet_potato;wheat
original,ln_production,red_pepper,-5,-0.21124833099092477,26,autumn_napa;autumn_radish;barley;cabbage;carrot;corn;garlic;ginger;highland_napa;highland_radish;leaf_lettuce;malting_barley;mung_bean;onion;other_pulses;peanut;perilla;red_bean;sesame;soybean;spinach;spring_napa;spring_potato;spring_radish;sweet_potato;wheat
original,ln_production,red_pepper,-4,-0.11335100914908125,26,autumn_napa;autumn_radish;barley;cabbage;carrot;corn;garlic;ginger;highland_napa;highland_radish;leaf_lettuce;malting_barley;mung_bean;onion;other_pulses;peanut;perilla;red_bean;sesame;soybean;spinach;spring_napa;spring_potato;spring_radish;sweet_potato;wheat
original,ln_production,red_pepper,-3,-0.04088875234822531,26,autumn_napa;autumn_radish;barley;cabbage;carrot;corn;garlic;ginger;highland_napa;highland_radish;leaf_lettuce;malting_barley;mung_bean;onion;other_pulses;peanut;perilla;red_bean;sesame;soybean;spinach;spring_napa;spring_potato;spring_radish;sweet_potato;wheat
original,ln_production,red_pepper,-2,-0.3205683633370171,26,autumn_napa;autumn_radish;barley;cabbage;carrot;corn;garlic;ginger;highland_napa;highland_radish;leaf_lettuce;malting_barley;mung_bean;onion;other_pulses;peanut;perilla;red_bean;sesame;soybean;spinach;spring_napa;spring_potato;spring_radish;sweet_potato;wheat
original,ln_production,red_pepper,-1,0.0,26,autumn_napa;autumn_radish;barley;cabbage;carrot;corn;garlic;ginger;highland_napa;highland_radish;leaf_lettuce;malting_barley;mung_bean;onion;other_pulses;peanut;perilla;red_bean;sesame;soybean;spinach;spring_napa;spring_potato;spring_radish;sweet_potato;wheat
exclude_spring,ln_area,soybean,-10,-0.09362177666702465,24,autumn_napa;autumn_radish;barley;cabbage;carrot;corn;garlic;ginger;highland_napa;highland_radish;leaf_lettuce;malting_barley;mung_bean;onion;other_pulses;peanut;perilla;red_bean;red_pepper;sesame;spinach;spring_potato;sweet_potato;wheat
exclude_spring,ln_area,soybean,-9,-0.1839427555220965,24,autumn_napa;autumn_radish;barley;cabbage;carrot;corn;garlic;ginger;highland_napa;highland_radish;leaf_lettuce;malting_barley;mung_bean;onion;other_pulses;peanut;perilla;red_bean;red_pepper;sesame;spinach;spring_potato;sweet_potato;wheat
exclude_spring,ln_area,soybean,-8,-0.10424962177459562,24,autumn_napa;autumn_radish;barley;cabbage;carrot;corn;garlic;ginger;highland_napa;highland_radish;leaf_lettuce;malting_barley;mung_bean;onion;other_pulses;peanut;perilla;red_bean;red_pepper;sesame;spinach;spring_potato;sweet_potato;wheat
exclude_spring,ln_area,soybean,-7,-0.19440265262367795,24,autumn_napa;autumn_radish;barley;cabbage;carrot;corn;garlic;ginger;highland_napa;highland_radish;leaf_lettuce;malting_barley;mung_bean;onion;other_pulses;peanut;perilla;red_bean;red_pepper;sesame;spinach;spring_potato;sweet_potato;wheat
exclude_spring,ln_area,soybean,-6,-0.1377048451528946,24,autumn_napa;autumn_radish;barley;cabbage;carrot;corn;garlic;ginger;highland_napa;highland_radish;leaf_lettuce;malting_barley;mung_bean;onion;other_pulses;peanut;perilla;red_bean;red_pepper;sesame;spinach;spring_potato;sweet_potato;wheat
exclude_spring,ln_area,soybean,-5,-0.051530413159245114,24,autumn_napa;autumn_radish;barley;cabbage;carrot;corn;garlic;ginger;highland_napa;highland_radish;leaf_lettuce;malting_barley;mung_bean;onion;other_pulses;peanut;perilla;red_bean;red_pepper;sesame;spinach;spring_potato;sweet_potato;wheat
exclude_spring,ln_area,soybean,-4,0.029497139673383188,24,autumn_napa;autumn_radish;barley;cabbage;carrot;corn;garlic;ginger;highland_napa;highland_radish;leaf_lettuce;malting_barley;mung_bean;onion;other_pulses;peanut;perilla;red_bean;red_pepper;sesame;spinach;spring_potato;sweet_potato;wheat
exclude_spring,ln_area,soybean,-3,0.284236906695984,24,autumn_napa;autumn_radish;barley;cabbage;carrot;corn;garlic;ginger;highland_napa;highland_radish;leaf_lettuce;malting_barley;mung_bean;onion;other_pulses;peanut;perilla;red_bean;red_pepper;sesame;spinach;spring_potato;sweet_potato;wheat
exclude_spring,ln_area,soybean,-2,0.16160636016536145,24,autumn_napa;autumn_radish;barley;cabbage;carrot;corn;garlic;ginger;highland_napa;highland_radish;leaf_lettuce;malting_barley;mung_bean;onion;other_pulses;peanut;perilla;red_bean;red_pepper;sesame;spinach;spring_potato;sweet_potato;wheat
exclude_spring,ln_area,soybean,-1,0.0,24,autumn_napa;autumn_radish;barley;cabbage;carrot;corn;garlic;ginger;highland_napa;highland_radish;leaf_lettuce;malting_barley;mung_bean;onion;other_pulses;peanut;perilla;red_bean;red_pepper;sesame;spinach;spring_potato;sweet_potato;wheat
exclude_spring,ln_area,onion,-10,-0.28626613185330285,21,autumn_napa;autumn_radish;barley;cabbage;carrot;corn;garlic;ginger;highland_napa;highland_radish;leaf_lettuce;malting_barley;mung_bean;other_pulses;peanut;perilla;red_bean;sesame;spinach;sweet_potato;wheat
exclude_spring,ln_area,onion,-9,-0.1383553593324276,21,autumn_napa;autumn_radish;barley;cabbage;carrot;corn;garlic;ginger;highland_napa;highland_radish;leaf_lettuce;malting_barley;mung_bean;other_pulses;peanut;perilla;red_bean;sesame;spinach;sweet_potato;wheat
exclude_spring,ln_area,onion,-8,-0.017154232166411987,21,autumn_napa;autumn_radish;barley;cabbage;carrot;corn;garlic;ginger;highland_napa;highland_radish;leaf_lettuce;malting_barley;mung_bean;other_pulses;peanut;perilla;red_bean;sesame;spinach;sweet_potato;wheat
exclude_spring,ln_area,onion,-7,-0.21103794100589468,21,autumn_napa;autumn_radish;barley;cabbage;carrot;corn;garlic;ginger;highland_napa;highland_radish;leaf_lettuce;malting_barley;mung_bean;other_pulses;peanut;perilla;red_bean;sesame;spinach;sweet_potato;wheat
exclude_spring,ln_area,onion,-6,-0.3526383579036896,21,autumn_napa;autumn_radish;barley;cabbage;carrot;corn;garlic;ginger;highland_napa;highland_radish;leaf_lettuce;malting_barley;mung_bean;other_pulses;peanut;perilla;red_bean;sesame;spinach;sweet_potato;wheat
exclude_spring,ln_area,onion,-5,-0.07223367704442119,21,autumn_napa;autumn_radish;barley;cabbage;carrot;corn;garlic;ginger;highland_napa;highland_radish;leaf_lettuce;malting_barley;mung_bean;other_pulses;peanut;perilla;red_bean;sesame;spinach;sweet_potato;wheat
exclude_spring,ln_area,onion,-4,0.06616422344930051,21,autumn_napa;autumn_radish;barley;cabbage;carrot;corn;garlic;ginger;highland_napa;highland_radish;leaf_lettuce;malting_barley;mung_bean;other_pulses;peanut;perilla;red_bean;sesame;spinach;sweet_potato;wheat
exclude_spring,ln_area,onion,-3,-0.010151349176029001,21,autumn_napa;autumn_radish;barley;cabbage;carrot;corn;garlic;ginger;highland_napa;highland_radish;leaf_lettuce;malting_barley;mung_bean;other_pulses;peanut;perilla;red_bean;sesame;spinach;sweet_potato;wheat
exclude_spring,ln_area,onion,-2,0.14716362192023702,21,autumn_napa;autumn_radish;barley;cabbage;carrot;corn;garlic;ginger;highland_napa;highland_radish;leaf_lettuce;malting_barley;mung_bean;other_pulses;peanut;perilla;red_bean;sesame;spinach;sweet_potato;wheat
exclude_spring,ln_area,onion,-1,0.0,21,autumn_napa;autumn_radish;barley;cabbage;carrot;corn;garlic;ginger;highland_napa;highland_radish;leaf_lettuce;malting_barley;mung_bean;other_pulses;peanut;perilla;red_bean;sesame;spinach;sweet_potato;wheat
exclude_spring,ln_area,sweet_potato,-10,-0.30054098810874663,21,autumn_napa;autumn_radish;barley;cabbage;carrot;corn;garlic;ginger;highland_napa;highland_radish;leaf_lettuce;malting_barley;mung_bean;onion;other_pulses;peanut;perilla;red_bean;sesame;spinach;wheat
exclude_spring,ln_area,sweet_potato,-9,-0.42326888531679074,21,autumn_napa;autumn_radish;barley;cabbage;carrot;corn;garlic;ginger;highland_napa;highland_radish;leaf_lettuce;malting_barley;mung_bean;onion;other_pulses;peanut;perilla;red_bean;sesame;spinach;wheat
exclude_spring,ln_area,sweet_potato,-8,-0.6826102976379715,21,autumn_napa;autumn_radish;barley;cabbage;carrot;corn;garlic;ginger;highland_napa;highland_radish;leaf_lettuce;malting_barley;mung_bean;onion;other_pulses;peanut;perilla;red_bean;sesame;spinach;wheat
exclude_spring,ln_area,sweet_potato,-7,-0.4971798804467724,21,autumn_napa;autumn_radish;barley;cabbage;carrot;corn;garlic;ginger;highland_napa;highland_radish;leaf_lettuce;malting_barley;mung_bean;onion;other_pulses;peanut;perilla;red_bean;sesame;spinach;wheat
exclude_spring,ln_area,sweet_potato,-6,-0.454652226681759,21,autumn_napa;autumn_radish;barley;cabbage;carrot;corn;garlic;ginger;highland_napa;highland_radish;leaf_lettuce;malting_barley;mung_bean;onion;other_pulses;peanut;perilla;red_bean;sesame;spinach;wheat
exclude_spring,ln_area,sweet_potato,-5,-0.2517464060293406,21,autumn_napa;autumn_radish;barley;cabbage;carrot;corn;garlic;ginger;highland_napa;highland_radish;leaf_lettuce;malting_barley;mung_bean;onion;other_pulses;peanut;perilla;red_bean;sesame;spinach;wheat
exclude_spring,ln_area,sweet_potato,-4,-0.1517855136721682,21,autumn_napa;autumn_radish;barley;cabbage;carrot;corn;garlic;ginger;highland_napa;highland_radish;leaf_lettuce;malting_barley;mung_bean;onion;other_pulses;peanut;perilla;red_bean;sesame;spinach;wheat
exclude_spring,ln_area,sweet_potato,-3,-0.16665789866965852,21,autumn_napa;autumn_radish;barley;cabbage;carrot;corn;garlic;ginger;highland_napa;highland_radish;leaf_lettuce;malting_barley;mung_bean;onion;other_pulses;peanut;perilla;red_bean;sesame;spinach;wheat
exclude_spring,ln_area,sweet_potato,-2,0.08268140278060443,21,autumn_napa;autumn_radish;barley;cabbage;carrot;corn;garlic;ginger;highland_napa;highland_radish;leaf_lettuce;malting_barley;mung_bean;onion;other_pulses;peanut;perilla;red_bean;sesame;spinach;wheat
exclude_spring,ln_area,sweet_potato,-1,0.0,21,autumn_napa;autumn_radish;barley;cabbage;carrot;corn;garlic;ginger;highland_napa;highland_radish;leaf_lettuce;malting_barley;mung_bean;onion;other_pulses;peanut;perilla;red_bean;sesame;spinach;wheat
exclude_spring,ln_area,corn,-10,-0.23910881071239132,21,autumn_napa;autumn_radish;barley;cabbage;carrot;garlic;ginger;highland_napa;highland_radish;leaf_lettuce;malting_barley;mung_bean;onion;other_pulses;peanut;perilla;red_bean;sesame;spinach;sweet_potato;wheat
exclude_spring,ln_area,corn,-9,-0.3854965969253783,21,autumn_napa;autumn_radish;barley;cabbage;carrot;garlic;ginger;highland_napa;highland_radish;leaf_lettuce;malting_barley;mung_bean;onion;other_pulses;peanut;perilla;red_bean;sesame;spinach;sweet_potato;wheat
exclude_spring,ln_area,corn,-8,-0.5064172980935844,21,autumn_napa;autumn_radish;barley;cabbage;carrot;garlic;ginger;highland_napa;highland_radish;leaf_lettuce;malting_barley;mung_bean;onion;other_pulses;peanut;perilla;red_bean;sesame;spinach;sweet_potato;wheat
exclude_spring,ln_area,corn,-7,-0.2656964724076545,21,autumn_napa;autumn_radish;barley;cabbage;carrot;garlic;ginger;highland_napa;highland_radish;leaf_lettuce;malting_barley;mung_bean;onion;other_pulses;peanut;perilla;red_bean;sesame;spinach;sweet_potato;wheat
exclude_spring,ln_area,corn,-6,-0.20519633493354306,21,autumn_napa;autumn_radish;barley;cabbage;carrot;garlic;ginger;highland_napa;highland_radish;leaf_lettuce;malting_barley;mung_bean;onion;other_pulses;peanut;perilla;red_bean;sesame;spinach;sweet_potato;wheat
exclude_spring,ln_area,corn,-5,-0.0922844992206695,21,autumn_napa;autumn_radish;barley;cabbage;carrot;garlic;ginger;highland_napa;highland_radish;leaf_lettuce;malting_barley;mung_bean;onion;other_pulses;peanut;perilla;red_bean;sesame;spinach;sweet_potato;wheat
exclude_spring,ln_area,corn,-4,-0.2214698948206486,21,autumn_napa;autumn_radish;barley;cabbage;carrot;garlic;ginger;highland_napa;highland_radish;leaf_lettuce;malting_barley;mung_bean;onion;other_pulses;peanut;perilla;red_bean;sesame;spinach;sweet_potato;wheat
exclude_spring,ln_area,corn,-3,-0.3149465962351794,21,autumn_napa;autumn_radish;barley;cabbage;carrot;garlic;ginger;highland_napa;highland_radish;leaf_lettuce;malting_barley;mung_bean;onion;other_pulses;peanut;perilla;red_bean;sesame;spinach;sweet_potato;wheat
exclude_spring,ln_area,corn,-2,-0.08436020401607891,21,autumn_napa;autumn_radish;barley;cabbage;carrot;garlic;ginger;highland_napa;highland_radish;leaf_lettuce;malting_barley;mung_bean;onion;other_pulses;peanut;perilla;red_bean;sesame;spinach;sweet_potato;wheat
exclude_spring,ln_area,corn,-1,0.0,21,autumn_napa;autumn_radish;barley;cabbage;carrot;garlic;ginger;highland_napa;highland_radish;leaf_lettuce;malting_barley;mung_bean;onion;other_pulses;peanut;perilla;red_bean;sesame;spinach;sweet_potato;wheat
exclude_spring,ln_area,garlic,-10,0.28398744395072306,20,autumn_napa;autumn_radish;barley;cabbage;carrot;ginger;highland_napa;highland_radish;large_green_onion;leaf_lettuce;malting_barley;mung_bean;other_pulses;peanut;perilla;red_bean;sesame;small_green_onion;spinach;wheat
exclude_spring,ln_area,garlic,-9,0.07186190080154198,20,autumn_napa;autumn_radish;barley;cabbage;carrot;ginger;highland_napa;highland_radish;large_green_onion;leaf_lettuce;malting_barley;mung_bean;other_pulses;peanut;perilla;red_bean;sesame;small_green_onion;spinach;wheat
exclude_spring,ln_area,garlic,-8,0.009270141808697119,20,autumn_napa;autumn_radish;barley;cabbage;carrot;ginger;highland_napa;highland_radish;large_green_onion;leaf_lettuce;malting_barley;mung_bean;other_pulses;peanut;perilla;red_bean;sesame;small_green_onion;spinach;wheat
exclude_spring,ln_area,garlic,-7,0.09380027288364445,20,autumn_napa;autumn_radish;barley;cabbage;carrot;ginger;highland_napa;highland_radish;large_green_onion;leaf_lettuce;malting_barley;mung_bean;other_pulses;peanut;perilla;red_bean;sesame;small_green_onion;spinach;wheat
exclude_spring,ln_area,garlic,-6,0.03148330111924125,20,autumn_napa;autumn_radish;barley;cabbage;carrot;ginger;highland_napa;highland_radish;large_green_onion;leaf_lettuce;malting_barley;mung_bean;other_pulses;peanut;perilla;red_bean;sesame;small_green_onion;spinach;wheat
exclude_spring,ln_area,garlic,-5,0.16577738662488173,20,autumn_napa;autumn_radish;barley;cabbage;carrot;ginger;highland_napa;highland_radish;large_green_onion;leaf_lettuce;malting_barley;mung_bean;other_pulses;peanut;perilla;red_bean;sesame;small_green_onion;spinach;wheat
exclude_spring,ln_area,garlic,-4,0.06894998148242593,20,autumn_napa;autumn_radish;barley;cabbage;carrot;ginger;highland_napa;highland_radish;large_green_onion;leaf_lettuce;malting_barley;mung_bean;other_pulses;peanut;perilla;red_bean;sesame;small_green_onion;spinach;wheat
exclude_spring,ln_area,garlic,-3,0.053184969092882284,20,autumn_napa;autumn_radish;barley;cabbage;carrot;ginger;highland_napa;highland_radish;large_green_onion;leaf_lettuce;malting_barley;mung_bean;other_pulses;peanut;perilla;red_bean;sesame;small_green_onion;spinach;wheat
exclude_spring,ln_area,garlic,-2,0.09681573568412283,20,autumn_napa;autumn_radish;barley;cabbage;carrot;ginger;highland_napa;highland_radish;large_green_onion;leaf_lettuce;malting_barley;mung_bean;other_pulses;peanut;perilla;red_bean;sesame;small_green_onion;spinach;wheat
exclude_spring,ln_area,garlic,-1,0.0,20,autumn_napa;autumn_radish;barley;cabbage;carrot;ginger;highland_napa;highland_radish;large_green_onion;leaf_lettuce;malting_barley;mung_bean;other_pulses;peanut;perilla;red_bean;sesame;small_green_onion;spinach;wheat
exclude_spring,ln_area,spring_potato,-10,-0.24483762047625923,24,autumn_napa;autumn_radish;barley;cabbage;carrot;corn;garlic;ginger;highland_napa;highland_radish;leaf_lettuce;malting_barley;mung_bean;onion;other_pulses;peanut;perilla;red_bean;red_pepper;sesame;soybean;spinach;sweet_potato;wheat
exclude_spring,ln_area,spring_potato,-9,-0.0452200992614209,24,autumn_napa;autumn_radish;barley;cabbage;carrot;corn;garlic;ginger;highland_napa;highland_radish;leaf_lettuce;malting_barley;mung_bean;onion;other_pulses;peanut;perilla;red_bean;red_pepper;sesame;soybean;spinach;sweet_potato;wheat
exclude_spring,ln_area,spring_potato,-8,0.163470261707781,24,autumn_napa;autumn_radish;barley;cabbage;carrot;corn;garlic;ginger;highland_napa;highland_radish;leaf_lettuce;malting_barley;mung_bean;onion;other_pulses;peanut;perilla;red_bean;red_pepper;sesame;soybean;spinach;sweet_potato;wheat
exclude_spring,ln_area,spring_potato,-7,-0.0800420324108746,24,autumn_napa;autumn_radish;barley;cabbage;carrot;corn;garlic;ginger;highland_napa;highland_radish;leaf_lettuce;malting_barley;mung_bean;onion;other_pulses;peanut;perilla;red_bean;red_pepper;sesame;soybean;spinach;sweet_potato;wheat
exclude_spring,ln_area,spring_potato,-6,-0.046488191516893096,24,autumn_napa;autumn_radish;barley;cabbage;carrot;corn;garlic;ginger;highland_napa;highland_radish;leaf_lettuce;malting_barley;mung_bean;onion;other_pulses;peanut;perilla;red_bean;red_pepper;sesame;soybean;spinach;sweet_potato;wheat
exclude_spring,ln_area,spring_potato,-5,-0.15662505072292987,24,autumn_napa;autumn_radish;barley;cabbage;carrot;corn;garlic;ginger;highland_napa;highland_radish;leaf_lettuce;malting_barley;mung_bean;onion;other_pulses;peanut;perilla;red_bean;red_pepper;sesame;soybean;spinach;sweet_potato;wheat
exclude_spring,ln_area,spring_potato,-4,0.05530380892647102,24,autumn_napa;autumn_radish;barley;cabbage;carrot;corn;garlic;ginger;highland_napa;highland_radish;leaf_lettuce;malting_barley;mung_bean;onion;other_pulses;peanut;perilla;red_bean;red_pepper;sesame;soybean;spinach;sweet_potato;wheat
exclude_spring,ln_area,spring_potato,-3,0.3949396418509288,24,autumn_napa;autumn_radish;barley;cabbage;carrot;corn;garlic;ginger;highland_napa;highland_radish;leaf_lettuce;malting_barley;mung_bean;onion;other_pulses;peanut;perilla;red_bean;red_pepper;sesame;soybean;spinach;sweet_potato;wheat
exclude_spring,ln_area,spring_potato,-2,0.12991289678252826,24,autumn_napa;autumn_radish;barley;cabbage;carrot;corn;garlic;ginger;highland_napa;highland_radish;leaf_lettuce;malting_barley;mung_bean;onion;other_pulses;peanut;perilla;red_bean;red_pepper;sesame;soybean;spinach;sweet_potato;wheat
exclude_spring,ln_area,spring_potato,-1,0.0,24,autumn_napa;autumn_radish;barley;cabbage;carrot;corn;garlic;ginger;highland_napa;highland_radish;leaf_lettuce;malting_barley;mung_bean;onion;other_pulses;peanut;perilla;red_bean;red_pepper;sesame;soybean;spinach;sweet_potato;wheat
exclude_spring,ln_area,red_pepper,-10,-0.16954618820627232,24,autumn_napa;autumn_radish;barley;cabbage;carrot;corn;garlic;ginger;highland_napa;highland_radish;leaf_lettuce;malting_barley;mung_bean;onion;other_pulses;peanut;perilla;red_bean;sesame;soybean;spinach;spring_potato;sweet_potato;wheat
exclude_spring,ln_area,red_pepper,-9,0.011963110207281247,24,autumn_napa;autumn_radish;barley;cabbage;carrot;corn;garlic;ginger;highland_napa;highland_radish;leaf_lettuce;malting_barley;mung_bean;onion;other_pulses;peanut;perilla;red_bean;sesame;soybean;spinach;spring_potato;sweet_potato;wheat
exclude_spring,ln_area,red_pepper,-8,0.08656529304079363,24,autumn_napa;autumn_radish;barley;cabbage;carrot;corn;garlic;ginger;highland_napa;highland_radish;leaf_lettuce;malting_barley;mung_bean;onion;other_pulses;peanut;perilla;red_bean;sesame;soybean;spinach;spring_potato;sweet_potato;wheat
exclude_spring,ln_area,red_pepper,-7,0.0411219812210426,24,autumn_napa;autumn_radish;barley;cabbage;carrot;corn;garlic;ginger;highland_napa;highland_radish;leaf_lettuce;malting_barley;mung_bean;onion;other_pulses;peanut;perilla;red_bean;sesame;soybean;spinach;spring_potato;sweet_potato;wheat
exclude_spring,ln_area,red_pepper,-6,0.08651109130057222,24,autumn_napa;autumn_radish;barley;cabbage;carrot;corn;garlic;ginger;highland_napa;highland_radish;leaf_lettuce;malting_barley;mung_bean;onion;other_pulses;peanut;perilla;red_bean;sesame;soybean;spinach;spring_potato;sweet_potato;wheat
exclude_spring,ln_area,red_pepper,-5,-0.05842062743026055,24,autumn_napa;autumn_radish;barley;cabbage;carrot;corn;garlic;ginger;highland_napa;highland_radish;leaf_lettuce;malting_barley;mung_bean;onion;other_pulses;peanut;perilla;red_bean;sesame;soybean;spinach;spring_potato;sweet_potato;wheat
exclude_spring,ln_area,red_pepper,-4,0.038627138318005905,24,autumn_napa;autumn_radish;barley;cabbage;carrot;corn;garlic;ginger;highland_napa;highland_radish;leaf_lettuce;malting_barley;mung_bean;onion;other_pulses;peanut;perilla;red_bean;sesame;soybean;spinach;spring_potato;sweet_potato;wheat
exclude_spring,ln_area,red_pepper,-3,0.06232640600921968,24,autumn_napa;autumn_radish;barley;cabbage;carrot;corn;garlic;ginger;highland_napa;highland_radish;leaf_lettuce;malting_barley;mung_bean;onion;other_pulses;peanut;perilla;red_bean;sesame;soybean;spinach;spring_potato;sweet_potato;wheat
exclude_spring,ln_area,red_pepper,-2,-0.04805693132678179,24,autumn_napa;autumn_radish;barley;cabbage;carrot;corn;garlic;ginger;highland_napa;highland_radish;leaf_lettuce;malting_barley;mung_bean;onion;other_pulses;peanut;perilla;red_bean;sesame;soybean;spinach;spring_potato;sweet_potato;wheat
exclude_spring,ln_area,red_pepper,-1,0.0,24,autumn_napa;autumn_radish;barley;cabbage;carrot;corn;garlic;ginger;highland_napa;highland_radish;leaf_lettuce;malting_barley;mung_bean;onion;other_pulses;peanut;perilla;red_bean;sesame;soybean;spinach;spring_potato;sweet_potato;wheat
exclude_spring,ln_yield,soybean,-10,0.11031499894789754,24,autumn_napa;autumn_radish;barley;cabbage;carrot;corn;garlic;ginger;highland_napa;highland_radish;leaf_lettuce;malting_barley;mung_bean;onion;other_pulses;peanut;perilla;red_bean;red_pepper;sesame;spinach;spring_potato;sweet_potato;wheat
exclude_spring,ln_yield,soybean,-9,-0.02479043611378895,24,autumn_napa;autumn_radish;barley;cabbage;carrot;corn;garlic;ginger;highland_napa;highland_radish;leaf_lettuce;malting_barley;mung_bean;onion;other_pulses;peanut;perilla;red_bean;red_pepper;sesame;spinach;spring_potato;sweet_potato;wheat
exclude_spring,ln_yield,soybean,-8,-0.017140790894416114,24,autumn_napa;autumn_radish;barley;cabbage;carrot;corn;garlic;ginger;highland_napa;highland_radish;leaf_lettuce;malting_barley;mung_bean;onion;other_pulses;peanut;perilla;red_bean;red_pepper;sesame;spinach;spring_potato;sweet_potato;wheat
exclude_spring,ln_yield,soybean,-7,0.06289849523287128,24,autumn_napa;autumn_radish;barley;cabbage;carrot;corn;garlic;ginger;highland_napa;highland_radish;leaf_lettuce;malting_barley;mung_bean;onion;other_pulses;peanut;perilla;red_bean;red_pepper;sesame;spinach;spring_potato;sweet_potato;wheat
exclude_spring,ln_yield,soybean,-6,0.011420008867871978,24,autumn_napa;autumn_radish;barley;cabbage;carrot;corn;garlic;ginger;highland_napa;highland_radish;leaf_lettuce;malting_barley;mung_bean;onion;other_pulses;peanut;perilla;red_bean;red_pepper;sesame;spinach;spring_potato;sweet_potato;wheat
exclude_spring,ln_yield,soybean,-5,-0.019183003684174693,24,autumn_napa;autumn_radish;barley;cabbage;carrot;corn;garlic;ginger;highland_napa;highland_radish;leaf_lettuce;malting_barley;mung_bean;onion;other_pulses;peanut;perilla;red_bean;red_pepper;sesame;spinach;spring_potato;sweet_potato;wheat
exclude_spring,ln_yield,soybean,-4,0.11097229281734311,24,autumn_napa;autumn_radish;barley;cabbage;carrot;corn;garlic;ginger;highland_napa;highland_radish;leaf_lettuce;malting_barley;mung_bean;onion;other_pulses;peanut;perilla;red_bean;red_pepper;sesame;spinach;spring_potato;sweet_potato;wheat
exclude_spring,ln_yield,soybean,-3,0.1609493194298377,24,autumn_napa;autumn_radish;barley;cabbage;carrot;corn;garlic;ginger;highland_napa;highland_radish;leaf_lettuce;malting_barley;mung_bean;onion;other_pulses;peanut;perilla;red_bean;red_pepper;sesame;spinach;spring_potato;sweet_potato;wheat
exclude_spring,ln_yield,soybean,-2,0.18529030734915608,24,autumn_napa;autumn_radish;barley;cabbage;carrot;corn;garlic;ginger;highland_napa;highland_radish;leaf_lettuce;malting_barley;mung_bean;onion;other_pulses;peanut;perilla;red_bean;red_pepper;sesame;spinach;spring_potato;sweet_potato;wheat
exclude_spring,ln_yield,soybean,-1,0.0,24,autumn_napa;autumn_radish;barley;cabbage;carrot;corn;garlic;ginger;highland_napa;highland_radish;leaf_lettuce;malting_barley;mung_bean;onion;other_pulses;peanut;perilla;red_bean;red_pepper;sesame;spinach;spring_potato;sweet_potato;wheat
exclude_spring,ln_yield,onion,-10,-0.027432595741761823,21,autumn_napa;autumn_radish;barley;cabbage;carrot;corn;garlic;ginger;highland_napa;highland_radish;leaf_lettuce;malting_barley;mung_bean;other_pulses;peanut;perilla;red_bean;sesame;spinach;sweet_potato;wheat
exclude_spring,ln_yield,onion,-9,-0.11741852194647606,21,autumn_napa;autumn_radish;barley;cabbage;carrot;corn;garlic;ginger;highland_napa;highland_radish;leaf_lettuce;malting_barley;mung_bean;other_pulses;peanut;perilla;red_bean;sesame;spinach;sweet_potato;wheat
exclude_spring,ln_yield,onion,-8,-0.10223938166230262,21,autumn_napa;autumn_radish;barley;cabbage;carrot;corn;garlic;ginger;highland_napa;highland_radish;leaf_lettuce;malting_barley;mung_bean;other_pulses;peanut;perilla;red_bean;sesame;spinach;sweet_potato;wheat
exclude_spring,ln_yield,onion,-7,-0.01124863717379565,21,autumn_napa;autumn_radish;barley;cabbage;carrot;corn;garlic;ginger;highland_napa;highland_radish;leaf_lettuce;malting_barley;mung_bean;other_pulses;peanut;perilla;red_bean;sesame;spinach;sweet_potato;wheat
exclude_spring,ln_yield,onion,-6,0.025681173821650916,21,autumn_napa;autumn_radish;barley;cabbage;carrot;corn;garlic;ginger;highland_napa;highland_radish;leaf_lettuce;malting_barley;mung_bean;other_pulses;peanut;perilla;red_bean;sesame;spinach;sweet_potato;wheat
exclude_spring,ln_yield,onion,-5,-0.05851049276927611,21,autumn_napa;autumn_radish;barley;cabbage;carrot;corn;garlic;ginger;highland_napa;highland_radish;leaf_lettuce;malting_barley;mung_bean;other_pulses;peanut;perilla;red_bean;sesame;spinach;sweet_potato;wheat
exclude_spring,ln_yield,onion,-4,-0.06641948683737287,21,autumn_napa;autumn_radish;barley;cabbage;carrot;corn;garlic;ginger;highland_napa;highland_radish;leaf_lettuce;malting_barley;mung_bean;other_pulses;peanut;perilla;red_bean;sesame;spinach;sweet_potato;wheat
exclude_spring,ln_yield,onion,-3,-0.09357742069035702,21,autumn_napa;autumn_radish;barley;cabbage;carrot;corn;garlic;ginger;highland_napa;highland_radish;leaf_lettuce;malting_barley;mung_bean;other_pulses;peanut;perilla;red_bean;sesame;spinach;sweet_potato;wheat
exclude_spring,ln_yield,onion,-2,0.0420244403638641,21,autumn_napa;autumn_radish;barley;cabbage;carrot;corn;garlic;ginger;highland_napa;highland_radish;leaf_lettuce;malting_barley;mung_bean;other_pulses;peanut;perilla;red_bean;sesame;spinach;sweet_potato;wheat
exclude_spring,ln_yield,onion,-1,0.0,21,autumn_napa;autumn_radish;barley;cabbage;carrot;corn;garlic;ginger;highland_napa;highland_radish;leaf_lettuce;malting_barley;mung_bean;other_pulses;peanut;perilla;red_bean;sesame;spinach;sweet_potato;wheat
exclude_spring,ln_yield,sweet_potato,-10,0.3674326977672182,21,autumn_napa;autumn_radish;barley;cabbage;carrot;corn;garlic;ginger;highland_napa;highland_radish;leaf_lettuce;malting_barley;mung_bean;onion;other_pulses;peanut;perilla;red_bean;sesame;spinach;wheat
exclude_spring,ln_yield,sweet_potato,-9,0.389038353721741,21,autumn_napa;autumn_radish;barley;cabbage;carrot;corn;garlic;ginger;highland_napa;highland_radish;leaf_lettuce;malting_barley;mung_bean;onion;other_pulses;peanut;perilla;red_bean;sesame;spinach;wheat
exclude_spring,ln_yield,sweet_potato,-8,0.3285205584692328,21,autumn_napa;autumn_radish;barley;cabbage;carrot;corn;garlic;ginger;highland_napa;highland_radish;leaf_lettuce;malting_barley;mung_bean;onion;other_pulses;peanut;perilla;red_bean;sesame;spinach;wheat
exclude_spring,ln_yield,sweet_potato,-7,0.34245067689744957,21,autumn_napa;autumn_radish;barley;cabbage;carrot;corn;garlic;ginger;highland_napa;highland_radish;leaf_lettuce;malting_barley;mung_bean;onion;other_pulses;peanut;perilla;red_bean;sesame;spinach;wheat
exclude_spring,ln_yield,sweet_potato,-6,0.25914423345621795,21,autumn_napa;autumn_radish;barley;cabbage;carrot;corn;garlic;ginger;highland_napa;highland_radish;leaf_lettuce;malting_barley;mung_bean;onion;other_pulses;peanut;perilla;red_bean;sesame;spinach;wheat
exclude_spring,ln_yield,sweet_potato,-5,0.26304134361217013,21,autumn_napa;autumn_radish;barley;cabbage;carrot;corn;garlic;ginger;highland_napa;highland_radish;leaf_lettuce;malting_barley;mung_bean;onion;other_pulses;peanut;perilla;red_bean;sesame;spinach;wheat
exclude_spring,ln_yield,sweet_potato,-4,0.0031989499605629135,21,autumn_napa;autumn_radish;barley;cabbage;carrot;corn;garlic;ginger;highland_napa;highland_radish;leaf_lettuce;malting_barley;mung_bean;onion;other_pulses;peanut;perilla;red_bean;sesame;spinach;wheat
exclude_spring,ln_yield,sweet_potato,-3,0.07330771034062256,21,autumn_napa;autumn_radish;barley;cabbage;carrot;corn;garlic;ginger;highland_napa;highland_radish;leaf_lettuce;malting_barley;mung_bean;onion;other_pulses;peanut;perilla;red_bean;sesame;spinach;wheat
exclude_spring,ln_yield,sweet_potato,-2,0.010579338918847547,21,autumn_napa;autumn_radish;barley;cabbage;carrot;corn;garlic;ginger;highland_napa;highland_radish;leaf_lettuce;malting_barley;mung_bean;onion;other_pulses;peanut;perilla;red_bean;sesame;spinach;wheat
exclude_spring,ln_yield,sweet_potato,-1,0.0,21,autumn_napa;autumn_radish;barley;cabbage;carrot;corn;garlic;ginger;highland_napa;highland_radish;leaf_lettuce;malting_barley;mung_bean;onion;other_pulses;peanut;perilla;red_bean;sesame;spinach;wheat
exclude_spring,ln_yield,corn,-10,-0.13265642891044482,21,autumn_napa;autumn_radish;barley;cabbage;carrot;garlic;ginger;highland_napa;highland_radish;leaf_lettuce;malting_barley;mung_bean;onion;other_pulses;peanut;perilla;red_bean;sesame;spinach;sweet_potato;wheat
exclude_spring,ln_yield,corn,-9,-0.08305869045219705,21,autumn_napa;autumn_radish;barley;cabbage;carrot;garlic;ginger;highland_napa;highland_radish;leaf_lettuce;malting_barley;mung_bean;onion;other_pulses;peanut;perilla;red_bean;sesame;spinach;sweet_potato;wheat
exclude_spring,ln_yield,corn,-8,-0.15672745237053398,21,autumn_napa;autumn_radish;barley;cabbage;carrot;garlic;ginger;highland_napa;highland_radish;leaf_lettuce;malting_barley;mung_bean;onion;other_pulses;peanut;perilla;red_bean;sesame;spinach;sweet_potato;wheat
exclude_spring,ln_yield,corn,-7,-0.09599764657941989,21,autumn_napa;autumn_radish;barley;cabbage;carrot;garlic;ginger;highland_napa;highland_radish;leaf_lettuce;malting_barley;mung_bean;onion;other_pulses;peanut;perilla;red_bean;sesame;spinach;sweet_potato;wheat
exclude_spring,ln_yield,corn,-6,-0.06875115486326955,21,autumn_napa;autumn_radish;barley;cabbage;carrot;garlic;ginger;highland_napa;highland_radish;leaf_lettuce;malting_barley;mung_bean;onion;other_pulses;peanut;perilla;red_bean;sesame;spinach;sweet_potato;wheat
exclude_spring,ln_yield,corn,-5,-0.132860288883756,21,autumn_napa;autumn_radish;barley;cabbage;carrot;garlic;ginger;highland_napa;highland_radish;leaf_lettuce;malting_barley;mung_bean;onion;other_pulses;peanut;perilla;red_bean;sesame;spinach;sweet_potato;wheat
exclude_spring,ln_yield,corn,-4,-0.011165796694266206,21,autumn_napa;autumn_radish;barley;cabbage;carrot;garlic;ginger;highland_napa;highland_radish;leaf_lettuce;malting_barley;mung_bean;onion;other_pulses;peanut;perilla;red_bean;sesame;spinach;sweet_potato;wheat
exclude_spring,ln_yield,corn,-3,-0.008798404016866712,21,autumn_napa;autumn_radish;barley;cabbage;carrot;garlic;ginger;highland_napa;highland_radish;leaf_lettuce;malting_barley;mung_bean;onion;other_pulses;peanut;perilla;red_bean;sesame;spinach;sweet_potato;wheat
exclude_spring,ln_yield,corn,-2,-0.002412432192379299,21,autumn_napa;autumn_radish;barley;cabbage;carrot;garlic;ginger;highland_napa;highland_radish;leaf_lettuce;malting_barley;mung_bean;onion;other_pulses;peanut;perilla;red_bean;sesame;spinach;sweet_potato;wheat
exclude_spring,ln_yield,corn,-1,0.0,21,autumn_napa;autumn_radish;barley;cabbage;carrot;garlic;ginger;highland_napa;highland_radish;leaf_lettuce;malting_barley;mung_bean;onion;other_pulses;peanut;perilla;red_bean;sesame;spinach;sweet_potato;wheat
exclude_spring,ln_yield,garlic,-10,-0.15547771164755808,20,autumn_napa;autumn_radish;barley;cabbage;carrot;ginger;highland_napa;highland_radish;large_green_onion;leaf_lettuce;malting_barley;mung_bean;other_pulses;peanut;perilla;red_bean;sesame;small_green_onion;spinach;wheat
exclude_spring,ln_yield,garlic,-9,-0.18039760040702824,20,autumn_napa;autumn_radish;barley;cabbage;carrot;ginger;highland_napa;highland_radish;large_green_onion;leaf_lettuce;malting_barley;mung_bean;other_pulses;peanut;perilla;red_bean;sesame;small_green_onion;spinach;wheat
exclude_spring,ln_yield,garlic,-8,-0.07133125631111437,20,autumn_napa;autumn_radish;barley;cabbage;carrot;ginger;highland_napa;highland_radish;large_green_onion;leaf_lettuce;malting_barley;mung_bean;other_pulses;peanut;perilla;red_bean;sesame;small_green_onion;spinach;wheat
exclude_spring,ln_yield,garlic,-7,-0.07094645450316328,20,autumn_napa;autumn_radish;barley;cabbage;carrot;ginger;highland_napa;highland_radish;large_green_onion;leaf_lettuce;malting_barley;mung_bean;other_pulses;peanut;perilla;red_bean;sesame;small_green_onion;spinach;wheat
exclude_spring,ln_yield,garlic,-6,-0.12901034050839666,20,autumn_napa;autumn_radish;barley;cabbage;carrot;ginger;highland_napa;highland_radish;large_green_onion;leaf_lettuce;malting_barley;mung_bean;other_pulses;peanut;perilla;red_bean;sesame;small_green_onion;spinach;wheat
exclude_spring,ln_yield,garlic,-5,-0.14186329175517098,20,autumn_napa;autumn_radish;barley;cabbage;carrot;ginger;highland_napa;highland_radish;large_green_onion;leaf_lettuce;malting_barley;mung_bean;other_pulses;peanut;perilla;red_bean;sesame;small_green_onion;spinach;wheat
exclude_spring,ln_yield,garlic,-4,-0.13894700603227417,20,autumn_napa;autumn_radish;barley;cabbage;carrot;ginger;highland_napa;highland_radish;large_green_onion;leaf_lettuce;malting_barley;mung_bean;other_pulses;peanut;perilla;red_bean;sesame;small_green_onion;spinach;wheat
exclude_spring,ln_yield,garlic,-3,-0.059638730714097754,20,autumn_napa;autumn_radish;barley;cabbage;carrot;ginger;highland_napa;highland_radish;large_green_onion;leaf_lettuce;malting_barley;mung_bean;other_pulses;peanut;perilla;red_bean;sesame;small_green_onion;spinach;wheat
exclude_spring,ln_yield,garlic,-2,-0.05694367942589906,20,autumn_napa;autumn_radish;barley;cabbage;carrot;ginger;highland_napa;highland_radish;large_green_onion;leaf_lettuce;malting_barley;mung_bean;other_pulses;peanut;perilla;red_bean;sesame;small_green_onion;spinach;wheat
exclude_spring,ln_yield,garlic,-1,0.0,20,autumn_napa;autumn_radish;barley;cabbage;carrot;ginger;highland_napa;highland_radish;large_green_onion;leaf_lettuce;malting_barley;mung_bean;other_pulses;peanut;perilla;red_bean;sesame;small_green_onion;spinach;wheat
exclude_spring,ln_yield,spring_potato,-10,0.0462860682412769,24,autumn_napa;autumn_radish;barley;cabbage;carrot;corn;garlic;ginger;highland_napa;highland_radish;leaf_lettuce;malting_barley;mung_bean;onion;other_pulses;peanut;perilla;red_bean;red_pepper;sesame;soybean;spinach;sweet_potato;wheat
exclude_spring,ln_yield,spring_potato,-9,-0.019230018401324322,24,autumn_napa;autumn_radish;barley;cabbage;carrot;corn;garlic;ginger;highland_napa;highland_radish;leaf_lettuce;malting_barley;mung_bean;onion;other_pulses;peanut;perilla;red_bean;red_pepper;sesame;soybean;spinach;sweet_potato;wheat
exclude_spring,ln_yield,spring_potato,-8,-0.0728016758340937,24,autumn_napa;autumn_radish;barley;cabbage;carrot;corn;garlic;ginger;highland_napa;highland_radish;leaf_lettuce;malting_barley;mung_bean;onion;other_pulses;peanut;perilla;red_bean;red_pepper;sesame;soybean;spinach;sweet_potato;wheat
exclude_spring,ln_yield,spring_potato,-7,-0.17018978812794305,24,autumn_napa;autumn_radish;barley;cabbage;carrot;corn;garlic;ginger;highland_napa;highland_radish;leaf_lettuce;malting_barley;mung_bean;onion;other_pulses;peanut;perilla;red_bean;red_pepper;sesame;soybean;spinach;sweet_potato;wheat
exclude_spring,ln_yield,spring_potato,-6,-0.022999008054018333,24,autumn_napa;autumn_radish;barley;cabbage;carrot;corn;garlic;ginger;highland_napa;highland_radish;leaf_lettuce;malting_barley;mung_bean;onion;other_pulses;peanut;perilla;red_bean;red_pepper;sesame;soybean;spinach;sweet_potato;wheat
exclude_spring,ln_yield,spring_potato,-5,-0.030269134982956025,24,autumn_napa;autumn_radish;barley;cabbage;carrot;corn;garlic;ginger;highland_napa;highland_radish;leaf_lettuce;malting_barley;mung_bean;onion;other_pulses;peanut;perilla;red_bean;red_pepper;sesame;soybean;spinach;sweet_potato;wheat
exclude_spring,ln_yield,spring_potato,-4,-0.061883159570928825,24,autumn_napa;autumn_radish;barley;cabbage;carrot;corn;garlic;ginger;highland_napa;highland_radish;leaf_lettuce;malting_barley;mung_bean;onion;other_pulses;peanut;perilla;red_bean;red_pepper;sesame;soybean;spinach;sweet_potato;wheat
exclude_spring,ln_yield,spring_potato,-3,-0.012679553268049482,24,autumn_napa;autumn_radish;barley;cabbage;carrot;corn;garlic;ginger;highland_napa;highland_radish;leaf_lettuce;malting_barley;mung_bean;onion;other_pulses;peanut;perilla;red_bean;red_pepper;sesame;soybean;spinach;sweet_potato;wheat
exclude_spring,ln_yield,spring_potato,-2,0.02964290803176617,24,autumn_napa;autumn_radish;barley;cabbage;carrot;corn;garlic;ginger;highland_napa;highland_radish;leaf_lettuce;malting_barley;mung_bean;onion;other_pulses;peanut;perilla;red_bean;red_pepper;sesame;soybean;spinach;sweet_potato;wheat
exclude_spring,ln_yield,spring_potato,-1,0.0,24,autumn_napa;autumn_radish;barley;cabbage;carrot;corn;garlic;ginger;highland_napa;highland_radish;leaf_lettuce;malting_barley;mung_bean;onion;other_pulses;peanut;perilla;red_bean;red_pepper;sesame;soybean;spinach;sweet_potato;wheat
exclude_spring,ln_yield,red_pepper,-10,-0.1243544344720009,24,autumn_napa;autumn_radish;barley;cabbage;carrot;corn;garlic;ginger;highland_napa;highland_radish;leaf_lettuce;malting_barley;mung_bean;onion;other_pulses;peanut;perilla;red_bean;sesame;soybean;spinach;spring_potato;sweet_potato;wheat
exclude_spring,ln_yield,red_pepper,-9,0.07419356772449692,24,autumn_napa;autumn_radish;barley;cabbage;carrot;corn;garlic;ginger;highland_napa;highland_radish;leaf_lettuce;malting_barley;mung_bean;onion;other_pulses;peanut;perilla;red_bean;sesame;soybean;spinach;spring_potato;sweet_potato;wheat
exclude_spring,ln_yield,red_pepper,-8,0.0019934793683269447,24,autumn_napa;autumn_radish;barley;cabbage;carrot;corn;garlic;ginger;highland_napa;highland_radish;leaf_lettuce;malting_barley;mung_bean;onion;other_pulses;peanut;perilla;red_bean;sesame;soybean;spinach;spring_potato;sweet_potato;wheat
exclude_spring,ln_yield,red_pepper,-7,-0.079275626954602,24,autumn_napa;autumn_radish;barley;cabbage;carrot;corn;garlic;ginger;highland_napa;highland_radish;leaf_lettuce;malting_barley;mung_bean;onion;other_pulses;peanut;perilla;red_bean;sesame;soybean;spinach;spring_potato;sweet_potato;wheat
exclude_spring,ln_yield,red_pepper,-6,-0.025761040677081404,24,autumn_napa;autumn_radish;barley;cabbage;carrot;corn;garlic;ginger;highland_napa;highland_radish;leaf_lettuce;malting_barley;mung_bean;onion;other_pulses;peanut;perilla;red_bean;sesame;soybean;spinach;spring_potato;sweet_potato;wheat
exclude_spring,ln_yield,red_pepper,-5,-0.12775948560094452,24,autumn_napa;autumn_radish;barley;cabbage;carrot;corn;garlic;ginger;highland_napa;highland_radish;leaf_lettuce;malting_barley;mung_bean;onion;other_pulses;peanut;perilla;red_bean;sesame;soybean;spinach;spring_potato;sweet_potato;wheat
exclude_spring,ln_yield,red_pepper,-4,-0.13840759396042657,24,autumn_napa;autumn_radish;barley;cabbage;carrot;corn;garlic;ginger;highland_napa;highland_radish;leaf_lettuce;malting_barley;mung_bean;onion;other_pulses;peanut;perilla;red_bean;sesame;soybean;spinach;spring_potato;sweet_potato;wheat
exclude_spring,ln_yield,red_pepper,-3,-0.10365138411069097,24,autumn_napa;autumn_radish;barley;cabbage;carrot;corn;garlic;ginger;highland_napa;highland_radish;leaf_lettuce;malting_barley;mung_bean;onion;other_pulses;peanut;perilla;red_bean;sesame;soybean;spinach;spring_potato;sweet_potato;wheat
exclude_spring,ln_yield,red_pepper,-2,-0.25927162651288516,24,autumn_napa;autumn_radish;barley;cabbage;carrot;corn;garlic;ginger;highland_napa;highland_radish;leaf_lettuce;malting_barley;mung_bean;onion;other_pulses;peanut;perilla;red_bean;sesame;soybean;spinach;spring_potato;sweet_potato;wheat
exclude_spring,ln_yield,red_pepper,-1,0.0,24,autumn_napa;autumn_radish;barley;cabbage;carrot;corn;garlic;ginger;highland_napa;highland_radish;leaf_lettuce;malting_barley;mung_bean;onion;other_pulses;peanut;perilla;red_bean;sesame;soybean;spinach;spring_potato;sweet_potato;wheat
exclude_spring,ln_production,soybean,-10,0.01628820917804319,24,autumn_napa;autumn_radish;barley;cabbage;carrot;corn;garlic;ginger;highland_napa;highland_radish;leaf_lettuce;malting_barley;mung_bean;onion;other_pulses;peanut;perilla;red_bean;red_pepper;sesame;spinach;spring_potato;sweet_potato;wheat
exclude_spring,ln_production,soybean,-9,-0.2037980370997854,24,autumn_napa;autumn_radish;barley;cabbage;carrot;corn;garlic;ginger;highland_napa;highland_radish;leaf_lettuce;malting_barley;mung_bean;onion;other_pulses;peanut;perilla;red_bean;red_pepper;sesame;spinach;spring_potato;sweet_potato;wheat
exclude_spring,ln_production,soybean,-8,-0.11716131710764977,24,autumn_napa;autumn_radish;barley;cabbage;carrot;corn;garlic;ginger;highland_napa;highland_radish;leaf_lettuce;malting_barley;mung_bean;onion;other_pulses;peanut;perilla;red_bean;red_pepper;sesame;spinach;spring_potato;sweet_potato;wheat
exclude_spring,ln_production,soybean,-7,-0.1298635409807467,24,autumn_napa;autumn_radish;barley;cabbage;carrot;corn;garlic;ginger;highland_napa;highland_radish;leaf_lettuce;malting_barley;mung_bean;onion;other_pulses;peanut;perilla;red_bean;red_pepper;sesame;spinach;spring_potato;sweet_potato;wheat
exclude_spring,ln_production,soybean,-6,-0.12255024848836982,24,autumn_napa;autumn_radish;barley;cabbage;carrot;corn;garlic;ginger;highland_napa;highland_radish;leaf_lettuce;malting_barley;mung_bean;onion;other_pulses;peanut;perilla;red_bean;red_pepper;sesame;spinach;spring_potato;sweet_potato;wheat
exclude_spring,ln_production,soybean,-5,-0.07237413534346615,24,autumn_napa;autumn_radish;barley;cabbage;carrot;corn;garlic;ginger;highland_napa;highland_radish;leaf_lettuce;malting_barley;mung_bean;onion;other_pulses;peanut;perilla;red_bean;red_pepper;sesame;spinach;spring_potato;sweet_potato;wheat
exclude_spring,ln_production,soybean,-4,0.13897922166843912,24,autumn_napa;autumn_radish;barley;cabbage;carrot;corn;garlic;ginger;highland_napa;highland_radish;leaf_lettuce;malting_barley;mung_bean;onion;other_pulses;peanut;perilla;red_bean;red_pepper;sesame;spinach;spring_potato;sweet_potato;wheat
exclude_spring,ln_production,soybean,-3,0.44655686862201094,24,autumn_napa;autumn_radish;barley;cabbage;carrot;corn;garlic;ginger;highland_napa;highland_radish;leaf_lettuce;malting_barley;mung_bean;onion;other_pulses;peanut;perilla;red_bean;red_pepper;sesame;spinach;spring_potato;sweet_potato;wheat
exclude_spring,ln_production,soybean,-2,0.35014717815256446,24,autumn_napa;autumn_radish;barley;cabbage;carrot;corn;garlic;ginger;highland_napa;highland_radish;leaf_lettuce;malting_barley;mung_bean;onion;other_pulses;peanut;perilla;red_bean;red_pepper;sesame;spinach;spring_potato;sweet_potato;wheat
exclude_spring,ln_production,soybean,-1,0.0,24,autumn_napa;autumn_radish;barley;cabbage;carrot;corn;garlic;ginger;highland_napa;highland_radish;leaf_lettuce;malting_barley;mung_bean;onion;other_pulses;peanut;perilla;red_bean;red_pepper;sesame;spinach;spring_potato;sweet_potato;wheat
exclude_spring,ln_production,onion,-10,-0.3132757675866369,21,autumn_napa;autumn_radish;barley;cabbage;carrot;corn;garlic;ginger;highland_napa;highland_radish;leaf_lettuce;malting_barley;mung_bean;other_pulses;peanut;perilla;red_bean;sesame;spinach;sweet_potato;wheat
exclude_spring,ln_production,onion,-9,-0.2556522757323467,21,autumn_napa;autumn_radish;barley;cabbage;carrot;corn;garlic;ginger;highland_napa;highland_radish;leaf_lettuce;malting_barley;mung_bean;other_pulses;peanut;perilla;red_bean;sesame;spinach;sweet_potato;wheat
exclude_spring,ln_production,onion,-8,-0.12024111196632781,21,autumn_napa;autumn_radish;barley;cabbage;carrot;corn;garlic;ginger;highland_napa;highland_radish;leaf_lettuce;malting_barley;mung_bean;other_pulses;peanut;perilla;red_bean;sesame;spinach;sweet_potato;wheat
exclude_spring,ln_production,onion,-7,-0.2223480380227656,21,autumn_napa;autumn_radish;barley;cabbage;carrot;corn;garlic;ginger;highland_napa;highland_radish;leaf_lettuce;malting_barley;mung_bean;other_pulses;peanut;perilla;red_bean;sesame;spinach;sweet_potato;wheat
exclude_spring,ln_production,onion,-6,-0.327311344111628,21,autumn_napa;autumn_radish;barley;cabbage;carrot;corn;garlic;ginger;highland_napa;highland_radish;leaf_lettuce;malting_barley;mung_bean;other_pulses;peanut;perilla;red_bean;sesame;spinach;sweet_potato;wheat
exclude_spring,ln_production,onion,-5,-0.13050368127775513,21,autumn_napa;autumn_radish;barley;cabbage;carrot;corn;garlic;ginger;highland_napa;highland_radish;leaf_lettuce;malting_barley;mung_bean;other_pulses;peanut;perilla;red_bean;sesame;spinach;sweet_potato;wheat
exclude_spring,ln_production,onion,-4,0.00039249673541874586,21,autumn_napa;autumn_radish;barley;cabbage;carrot;corn;garlic;ginger;highland_napa;highland_radish;leaf_lettuce;malting_barley;mung_bean;other_pulses;peanut;perilla;red_bean;sesame;spinach;sweet_potato;wheat
exclude_spring,ln_production,onion,-3,-0.1036228145190492,21,autumn_napa;autumn_radish;barley;cabbage;carrot;corn;garlic;ginger;highland_napa;highland_radish;leaf_lettuce;malting_barley;mung_bean;other_pulses;peanut;perilla;red_bean;sesame;spinach;sweet_potato;wheat
exclude_spring,ln_production,onion,-2,0.18914714129101817,21,autumn_napa;autumn_radish;barley;cabbage;carrot;corn;garlic;ginger;highland_napa;highland_radish;leaf_lettuce;malting_barley;mung_bean;other_pulses;peanut;perilla;red_bean;sesame;spinach;sweet_potato;wheat
exclude_spring,ln_production,onion,-1,0.0,21,autumn_napa;autumn_radish;barley;cabbage;carrot;corn;garlic;ginger;highland_napa;highland_radish;leaf_lettuce;malting_barley;mung_bean;other_pulses;peanut;perilla;red_bean;sesame;spinach;sweet_potato;wheat
exclude_spring,ln_production,sweet_potato,-10,0.06700566779622363,21,autumn_napa;autumn_radish;barley;cabbage;carrot;corn;garlic;ginger;highland_napa;highland_radish;leaf_lettuce;malting_barley;mung_bean;onion;other_pulses;peanut;perilla;red_bean;sesame;spinach;wheat
exclude_spring,ln_production,sweet_potato,-9,-0.03438218339119459,21,autumn_napa;autumn_radish;barley;cabbage;carrot;corn;garlic;ginger;highland_napa;highland_radish;leaf_lettuce;malting_barley;mung_bean;onion;other_pulses;peanut;perilla;red_bean;sesame;spinach;wheat
exclude_spring,ln_production,sweet_potato,-8,-0.35484158131314913,21,autumn_napa;autumn_radish;barley;cabbage;carrot;corn;garlic;ginger;highland_napa;highland_radish;leaf_lettuce;malting_barley;mung_bean;onion;other_pulses;peanut;perilla;red_bean;sesame;spinach;wheat
exclude_spring,ln_production,sweet_potato,-7,-0.15471034864707,21,autumn_napa;autumn_radish;barley;cabbage;carrot;corn;garlic;ginger;highland_napa;highland_radish;leaf_lettuce;malting_barley;mung_bean;onion;other_pulses;peanut;perilla;red_bean;sesame;spinach;wheat
exclude_spring,ln_production,sweet_potato,-6,-0.19618348943190966,21,autumn_napa;autumn_radish;barley;cabbage;carrot;corn;garlic;ginger;highland_napa;highland_radish;leaf_lettuce;malting_barley;mung_bean;onion;other_pulses;peanut;perilla;red_bean;sesame;spinach;wheat
exclude_spring,ln_production,sweet_potato,-5,0.01113695654604463,21,autumn_napa;autumn_radish;barley;cabbage;carrot;corn;garlic;ginger;highland_napa;highland_radish;leaf_lettuce;malting_barley;mung_bean;onion;other_pulses;peanut;perilla;red_bean;sesame;spinach;wheat
exclude_spring,ln_production,sweet_potato,-4,-0.1483084884808843,21,autumn_napa;autumn_radish;barley;cabbage;carrot;corn;garlic;ginger;highland_napa;highland_radish;leaf_lettuce;malting_barley;mung_bean;onion;other_pulses;peanut;perilla;red_bean;sesame;spinach;wheat
exclude_spring,ln_production,sweet_potato,-3,-0.09341033962092737,21,autumn_napa;autumn_radish;barley;cabbage;carrot;corn;garlic;ginger;highland_napa;highland_radish;leaf_lettuce;malting_barley;mung_bean;onion;other_pulses;peanut;perilla;red_bean;sesame;spinach;wheat
exclude_spring,ln_production,sweet_potato,-2,0.09312229218392076,21,autumn_napa;autumn_radish;barley;cabbage;carrot;corn;garlic;ginger;highland_napa;highland_radish;leaf_lettuce;malting_barley;mung_bean;onion;other_pulses;peanut;perilla;red_bean;sesame;spinach;wheat
exclude_spring,ln_production,sweet_potato,-1,0.0,21,autumn_napa;autumn_radish;barley;cabbage;carrot;corn;garlic;ginger;highland_napa;highland_radish;leaf_lettuce;malting_barley;mung_bean;onion;other_pulses;peanut;perilla;red_bean;sesame;spinach;wheat
exclude_spring,ln_production,corn,-10,-0.372275039822469,21,autumn_napa;autumn_radish;barley;cabbage;carrot;garlic;ginger;highland_napa;highland_radish;leaf_lettuce;malting_barley;mung_bean;onion;other_pulses;peanut;perilla;red_bean;sesame;spinach;sweet_potato;wheat
exclude_spring,ln_production,corn,-9,-0.4688970100888614,21,autumn_napa;autumn_radish;barley;cabbage;carrot;garlic;ginger;highland_napa;highland_radish;leaf_lettuce;malting_barley;mung_bean;onion;other_pulses;peanut;perilla;red_bean;sesame;spinach;sweet_potato;wheat
exclude_spring,ln_production,corn,-8,-0.6655737539555258,21,autumn_napa;autumn_radish;barley;cabbage;carrot;garlic;ginger;highland_napa;highland_radish;leaf_lettuce;malting_barley;mung_bean;onion;other_pulses;peanut;perilla;red_bean;sesame;spinach;sweet_potato;wheat
exclude_spring,ln_production,corn,-7,-0.362244372328167,21,autumn_napa;autumn_radish;barley;cabbage;carrot;garlic;ginger;highland_napa;highland_radish;leaf_lettuce;malting_barley;mung_bean;onion;other_pulses;peanut;perilla;red_bean;sesame;spinach;sweet_potato;wheat
exclude_spring,ln_production,corn,-6,-0.2751925199486056,21,autumn_napa;autumn_radish;barley;cabbage;carrot;garlic;ginger;highland_napa;highland_radish;leaf_lettuce;malting_barley;mung_bean;onion;other_pulses;peanut;perilla;red_bean;sesame;spinach;sweet_potato;wheat
exclude_spring,ln_production,corn,-5,-0.22573929725424158,21,autumn_napa;autumn_radish;barley;cabbage;carrot;garlic;ginger;highland_napa;highland_radish;leaf_lettuce;malting_barley;mung_bean;onion;other_pulses;peanut;perilla;red_bean;sesame;spinach;sweet_potato;wheat
exclude_spring,ln_production,corn,-4,-0.23268292427142967,21,autumn_napa;autumn_radish;barley;cabbage;carrot;garlic;ginger;highland_napa;highland_radish;leaf_lettuce;malting_barley;mung_bean;onion;other_pulses;peanut;perilla;red_bean;sesame;spinach;sweet_potato;wheat
exclude_spring,ln_production,corn,-3,-0.3244220097218591,21,autumn_napa;autumn_radish;barley;cabbage;carrot;garlic;ginger;highland_napa;highland_radish;leaf_lettuce;malting_barley;mung_bean;onion;other_pulses;peanut;perilla;red_bean;sesame;spinach;sweet_potato;wheat
exclude_spring,ln_production,corn,-2,-0.08815623273991413,21,autumn_napa;autumn_radish;barley;cabbage;carrot;garlic;ginger;highland_napa;highland_radish;leaf_lettuce;malting_barley;mung_bean;onion;other_pulses;peanut;perilla;red_bean;sesame;spinach;sweet_potato;wheat
exclude_spring,ln_production,corn,-1,0.0,21,autumn_napa;autumn_radish;barley;cabbage;carrot;garlic;ginger;highland_napa;highland_radish;leaf_lettuce;malting_barley;mung_bean;onion;other_pulses;peanut;perilla;red_bean;sesame;spinach;sweet_potato;wheat
exclude_spring,ln_production,garlic,-10,0.12750418502242766,20,autumn_napa;autumn_radish;barley;cabbage;carrot;ginger;highland_napa;highland_radish;large_green_onion;leaf_lettuce;malting_barley;mung_bean;other_pulses;peanut;perilla;red_bean;sesame;small_green_onion;spinach;wheat
exclude_spring,ln_production,garlic,-9,-0.11031651934421305,20,autumn_napa;autumn_radish;barley;cabbage;carrot;ginger;highland_napa;highland_radish;large_green_onion;leaf_lettuce;malting_barley;mung_bean;other_pulses;peanut;perilla;red_bean;sesame;small_green_onion;spinach;wheat
exclude_spring,ln_production,garlic,-8,-0.0630020070994668,20,autumn_napa;autumn_radish;barley;cabbage;carrot;ginger;highland_napa;highland_radish;large_green_onion;leaf_lettuce;malting_barley;mung_bean;other_pulses;peanut;perilla;red_bean;sesame;small_green_onion;spinach;wheat
exclude_spring,ln_production,garlic,-7,0.02184315027840711,20,autumn_napa;autumn_radish;barley;cabbage;carrot;ginger;highland_napa;highland_radish;large_green_onion;leaf_lettuce;malting_barley;mung_bean;other_pulses;peanut;perilla;red_bean;sesame;small_green_onion;spinach;wheat
exclude_spring,ln_production,garlic,-6,-0.09772230958750683,20,autumn_napa;autumn_radish;barley;cabbage;carrot;ginger;highland_napa;highland_radish;large_green_onion;leaf_lettuce;malting_barley;mung_bean;other_pulses;peanut;perilla;red_bean;sesame;small_green_onion;spinach;wheat
exclude_spring,ln_production,garlic,-5,0.02417348627864513,20,autumn_napa;autumn_radish;barley;cabbage;carrot;ginger;highland_napa;highland_radish;large_green_onion;leaf_lettuce;malting_barley;mung_bean;other_pulses;peanut;perilla;red_bean;sesame;small_green_onion;spinach;wheat
exclude_spring,ln_production,garlic,-4,-0.07071836278854526,20,autumn_napa;autumn_radish;barley;cabbage;carrot;ginger;highland_napa;highland_radish;large_green_onion;leaf_lettuce;malting_barley;mung_bean;other_pulses;peanut;perilla;red_bean;sesame;small_green_onion;spinach;wheat
exclude_spring,ln_production,garlic,-3,-0.00728712678404797,20,autumn_napa;autumn_radish;barley;cabbage;carrot;ginger;highland_napa;highland_radish;large_green_onion;leaf_lettuce;malting_barley;mung_bean;other_pulses;peanut;perilla;red_bean;sesame;small_green_onion;spinach;wheat
exclude_spring,ln_production,garlic,-2,0.039137006616559944,20,autumn_napa;autumn_radish;barley;cabbage;carrot;ginger;highland_napa;highland_radish;large_green_onion;leaf_lettuce;malting_barley;mung_bean;other_pulses;peanut;perilla;red_bean;sesame;small_green_onion;spinach;wheat
exclude_spring,ln_production,garlic,-1,0.0,20,autumn_napa;autumn_radish;barley;cabbage;carrot;ginger;highland_napa;highland_radish;large_green_onion;leaf_lettuce;malting_barley;mung_bean;other_pulses;peanut;perilla;red_bean;sesame;small_green_onion;spinach;wheat
exclude_spring,ln_production,spring_potato,-10,-0.19868768975255158,24,autumn_napa;autumn_radish;barley;cabbage;carrot;corn;garlic;ginger;highland_napa;highland_radish;leaf_lettuce;malting_barley;mung_bean;onion;other_pulses;peanut;perilla;red_bean;red_pepper;sesame;soybean;spinach;sweet_potato;wheat
exclude_spring,ln_production,spring_potato,-9,-0.06424157708235789,24,autumn_napa;autumn_radish;barley;cabbage;carrot;corn;garlic;ginger;highland_napa;highland_radish;leaf_lettuce;malting_barley;mung_bean;onion;other_pulses;peanut;perilla;red_bean;red_pepper;sesame;soybean;spinach;sweet_potato;wheat
exclude_spring,ln_production,spring_potato,-8,0.09046600592810528,24,autumn_napa;autumn_radish;barley;cabbage;carrot;corn;garlic;ginger;highland_napa;highland_radish;leaf_lettuce;malting_barley;mung_bean;onion;other_pulses;peanut;perilla;red_bean;red_pepper;sesame;soybean;spinach;sweet_potato;wheat
exclude_spring,ln_production,spring_potato,-7,-0.2510264109853626,24,autumn_napa;autumn_radish;barley;cabbage;carrot;corn;garlic;ginger;highland_napa;highland_radish;leaf_lettuce;malting_barley;mung_bean;onion;other_pulses;peanut;perilla;red_bean;red_pepper;sesame;soybean;spinach;sweet_potato;wheat
exclude_spring,ln_production,spring_potato,-6,-0.06969665306236017,24,autumn_napa;autumn_radish;barley;cabbage;carrot;corn;garlic;ginger;highland_napa;highland_radish;leaf_lettuce;malting_barley;mung_bean;onion;other_pulses;peanut;perilla;red_bean;red_pepper;sesame;soybean;spinach;sweet_potato;wheat
exclude_spring,ln_production,spring_potato,-5,-0.1871037585152333,24,autumn_napa;autumn_radish;barley;cabbage;carrot;corn;garlic;ginger;highland_napa;highland_radish;leaf_lettuce;malting_barley;mung_bean;onion;other_pulses;peanut;perilla;red_bean;red_pepper;sesame;soybean;spinach;sweet_potato;wheat
exclude_spring,ln_production,spring_potato,-4,-0.0063741365610550105,24,autumn_napa;autumn_radish;barley;cabbage;carrot;corn;garlic;ginger;highland_napa;highland_radish;leaf_lettuce;malting_barley;mung_bean;onion;other_pulses;peanut;perilla;red_bean;red_pepper;sesame;soybean;spinach;sweet_potato;wheat
exclude_spring,ln_production,spring_potato,-3,0.38291601607273584,24,autumn_napa;autumn_radish;barley;cabbage;carrot;corn;garlic;ginger;highland_napa;highland_radish;leaf_lettuce;malting_barley;mung_bean;onion;other_pulses;peanut;perilla;red_bean;red_pepper;sesame;soybean;spinach;sweet_potato;wheat
exclude_spring,ln_production,spring_potato,-2,0.1593564361370241,24,autumn_napa;autumn_radish;barley;cabbage;carrot;corn;garlic;ginger;highland_napa;highland_radish;leaf_lettuce;malting_barley;mung_bean;onion;other_pulses;peanut;perilla;red_bean;red_pepper;sesame;soybean;spinach;sweet_potato;wheat
exclude_spring,ln_production,spring_potato,-1,0.0,24,autumn_napa;autumn_radish;barley;cabbage;carrot;corn;garlic;ginger;highland_napa;highland_radish;leaf_lettuce;malting_barley;mung_bean;onion;other_pulses;peanut;perilla;red_bean;red_pepper;sesame;soybean;spinach;sweet_potato;wheat
exclude_spring,ln_production,red_pepper,-10,-0.2921682547772395,24,autumn_napa;autumn_radish;barley;cabbage;carrot;corn;garlic;ginger;highland_napa;highland_radish;leaf_lettuce;malting_barley;mung_bean;onion;other_pulses;peanut;perilla;red_bean;sesame;soybean;spinach;spring_potato;sweet_potato;wheat
exclude_spring,ln_production,red_pepper,-9,0.08628292064950216,24,autumn_napa;autumn_radish;barley;cabbage;carrot;corn;garlic;ginger;highland_napa;highland_radish;leaf_lettuce;malting_barley;mung_bean;onion;other_pulses;peanut;perilla;red_bean;sesame;soybean;spinach;spring_potato;sweet_potato;wheat
exclude_spring,ln_production,red_pepper,-8,0.08942440246977235,24,autumn_napa;autumn_radish;barley;cabbage;carrot;corn;garlic;ginger;highland_napa;highland_radish;leaf_lettuce;malting_barley;mung_bean;onion;other_pulses;peanut;perilla;red_bean;sesame;soybean;spinach;spring_potato;sweet_potato;wheat
exclude_spring,ln_production,red_pepper,-7,-0.04030359200379152,24,autumn_napa;autumn_radish;barley;cabbage;carrot;corn;garlic;ginger;highland_napa;highland_radish;leaf_lettuce;malting_barley;mung_bean;onion;other_pulses;peanut;perilla;red_bean;sesame;soybean;spinach;spring_potato;sweet_potato;wheat
exclude_spring,ln_production,red_pepper,-6,0.061780415165792135,24,autumn_napa;autumn_radish;barley;cabbage;carrot;corn;garlic;ginger;highland_napa;highland_radish;leaf_lettuce;malting_barley;mung_bean;onion;other_pulses;peanut;perilla;red_bean;sesame;soybean;spinach;spring_potato;sweet_potato;wheat
exclude_spring,ln_production,red_pepper,-5,-0.18825045832414666,24,autumn_napa;autumn_radish;barley;cabbage;carrot;corn;garlic;ginger;highland_napa;highland_radish;leaf_lettuce;malting_barley;mung_bean;onion;other_pulses;peanut;perilla;red_bean;sesame;soybean;spinach;spring_potato;sweet_potato;wheat
exclude_spring,ln_production,red_pepper,-4,-0.09800726240841762,24,autumn_napa;autumn_radish;barley;cabbage;carrot;corn;garlic;ginger;highland_napa;highland_radish;leaf_lettuce;malting_barley;mung_bean;onion;other_pulses;peanut;perilla;red_bean;sesame;soybean;spinach;spring_potato;sweet_potato;wheat
exclude_spring,ln_production,red_pepper,-3,-0.03977745276828237,24,autumn_napa;autumn_radish;barley;cabbage;carrot;corn;garlic;ginger;highland_napa;highland_radish;leaf_lettuce;malting_barley;mung_bean;onion;other_pulses;peanut;perilla;red_bean;sesame;soybean;spinach;spring_potato;sweet_potato;wheat
exclude_spring,ln_production,red_pepper,-2,-0.30643107041048445,24,autumn_napa;autumn_radish;barley;cabbage;carrot;corn;garlic;ginger;highland_napa;highland_radish;leaf_lettuce;malting_barley;mung_bean;onion;other_pulses;peanut;perilla;red_bean;sesame;soybean;spinach;spring_potato;sweet_potato;wheat
exclude_spring,ln_production,red_pepper,-1,0.0,24,autumn_napa;autumn_radish;barley;cabbage;carrot;corn;garlic;ginger;highland_napa;highland_radish;leaf_lettuce;malting_barley;mung_bean;onion;other_pulses;peanut;perilla;red_bean;sesame;soybean;spinach;spring_potato;sweet_potato;wheat
