variant,outcome,group,crop_id,year
original,ln_area,treated_clean_pre,corn,1991
original,ln_area,treated_clean_pre,corn,1992
original,ln_area,treated_clean_pre,corn,1993
original,ln_area,treated_clean_pre,corn,1994
original,ln_area,treated_clean_pre,corn,1995
original,ln_area,treated_clean_pre,corn,1996
original,ln_area,treated_clean_pre,corn,1997
original,ln_area,treated_clean_pre,corn,1998
original,ln_area,treated_clean_pre,corn,1999
original,ln_area,treated_clean_pre,corn,2000
original,ln_area,treated_clean_pre,corn,2001
original,ln_area,treated_clean_pre,corn,2002
original,ln_area,treated_clean_pre,corn,2003
original,ln_area,treated_clean_pre,corn,2004
original,ln_area,treated_clean_pre,corn,2005
original,ln_area,treated_clean_pre,corn,2006
original,ln_area,treated_clean_pre,corn,2007
original,ln_area,treated_clean_pre,corn,2008
original,ln_area,treated_clean_pre,garlic,1991
original,ln_area,treated_clean_pre,garlic,1992
original,ln_area,treated_clean_pre,garlic,1993
original,ln_area,treated_clean_pre,garlic,1994
original,ln_area,treated_clean_pre,garlic,1995
original,ln_area,treated_clean_pre,garlic,1996
original,ln_area,treated_clean_pre,garlic,1997
original,ln_area,treated_clean_pre,garlic,1998
original,ln_area,treated_clean_pre,garlic,1999
original,ln_area,treated_clean_pre,garlic,2000
original,ln_area,treated_clean_pre,garlic,2001
original,ln_area,treated_clean_pre,garlic,2002
original,ln_area,treated_clean_pre,garlic,2003
original,ln_area,treated_clean_pre,garlic,2004
original,ln_area,treated_clean_pre,garlic,2005
original,ln_area,treated_clean_pre,garlic,2006
original,ln_area,treated_clean_pre,garlic,2007
original,ln_area,treated_clean_pre,garlic,2008
original,ln_area,treated_clean_pre,garlic,2009
original,ln_area,treated_clean_pre,onion,1991
original,ln_area,treated_clean_pre,onion,1992
original,ln_area,treated_clean_pre,onion,1993
original,ln_area,treated_clean_pre,onion,1994
original,ln_area,treated_clean_pre,onion,1995
original,ln_area,treated_clean_pre,onion,1996
original,ln_area,treated_clean_pre,onion,1997
original,ln_area,treated_clean_pre,onion,1998
original,ln_area,treated_clean_pre,onion,1999
original,ln_area,treated_clean_pre,onion,2000
original,ln_area,treated_clean_pre,onion,2001
original,ln_area,treated_clean_pre,onion,2002
original,ln_area,treated_clean_pre,onion,2003
original,ln_area,treated_clean_pre,onion,2004
original,ln_area,treated_clean_pre,onion,2005
original,ln_area,treated_clean_pre,onion,2006
original,ln_area,treated_clean_pre,onion,2007
original,ln_area,treated_clean_pre,onion,2008
original,ln_area,treated_clean_pre,red_pepper,1991
original,ln_area,treated_clean_pre,red_pepper,1992
original,ln_area,treated_clean_pre,red_pepper,1993
original,ln_area,treated_clean_pre,red_pepper,1994
original,ln_area,treated_clean_pre,red_pepper,1995
original,ln_area,treated_clean_pre,red_pepper,1996
original,ln_area,treated_clean_pre,red_pepper,1997
original,ln_area,treated_clean_pre,red_pepper,1998
original,ln_area,treated_clean_pre,red_pepper,1999
original,ln_area,treated_clean_pre,red_pepper,2000
original,ln_area,treated_clean_pre,red_pepper,2001
original,ln_area,treated_clean_pre,red_pepper,2002
original,ln_area,treated_clean_pre,red_pepper,2003
original,ln_area,treated_clean_pre,red_pepper,2004
original,ln_area,treated_clean_pre,red_pepper,2005
original,ln_area,treated_clean_pre,red_pepper,2006
original,ln_area,treated_clean_pre,red_pepper,2007
original,ln_area,treated_clean_pre,soybean,1991
original,ln_area,treated_clean_pre,soybean,1992
original,ln_area,treated_clean_pre,soybean,1993
original,ln_area,treated_clean_pre,soybean,1994
original,ln_area,treated_clean_pre,soybean,1995
original,ln_area,treated_clean_pre,soybean,1996
original,ln_area,treated_clean_pre,soybean,1997
original,ln_area,treated_clean_pre,soybean,1998
original,ln_area,treated_clean_pre,soybean,1999
original,ln_area,treated_clean_pre,soybean,2000
original,ln_area,treated_clean_pre,soybean,2001
original,ln_area,treated_clean_pre,soybean,2002
original,ln_area,treated_clean_pre,soybean,2003
original,ln_area,treated_clean_pre,soybean,2004
original,ln_area,treated_clean_pre,soybean,2005
original,ln_area,treated_clean_pre,soybean,2006
original,ln_area,treated_clean_pre,soybean,2007
original,ln_area,treated_clean_pre,spring_potato,1991
original,ln_area,treated_clean_pre,spring_potato,1992
original,ln_area,treated_clean_pre,spring_potato,1993
original,ln_area,treated_clean_pre,spring_potato,1994
original,ln_area,treated_clean_pre,spring_potato,1995
original,ln_area,treated_clean_pre,spring_potato,1996
original,ln_area,treated_clean_pre,spring_potato,1997
original,ln_area,treated_clean_pre,spring_potato,1998
original,ln_area,treated_clean_pre,spring_potato,1999
original,ln_area,treated_clean_pre,spring_potato,2000
original,ln_area,treated_clean_pre,spring_potato,2001
original,ln_area,treated_clean_pre,spring_potato,2002
original,ln_area,treated_clean_pre,spring_potato,2003
original,ln_area,treated_clean_pre,spring_potato,2004
original,ln_area,treated_clean_pre,spring_potato,2005
original,ln_area,treated_clean_pre,spring_potato,2006
original,ln_area,treated_clean_pre,spring_potato,2007
original,ln_area,treated_clean_pre,sweet_potato,1991
original,ln_area,treated_clean_pre,sweet_potato,1992
original,ln_area,treated_clean_pre,sweet_potato,1993
original,ln_area,treated_clean_pre,sweet_potato,1994
original,ln_area,treated_clean_pre,sweet_potato,1995
original,ln_area,treated_clean_pre,sweet_potato,1996
original,ln_area,treated_clean_pre,sweet_potato,1997
original,ln_area,treated_clean_pre,sweet_potato,1998
original,ln_area,treated_clean_pre,sweet_potato,1999
original,ln_area,treated_clean_pre,sweet_potato,2000
original,ln_area,treated_clean_pre,sweet_potato,2001
original,ln_area,treated_clean_pre,sweet_potato,2002
original,ln_area,treated_clean_pre,sweet_potato,2003
original,ln_area,treated_clean_pre,sweet_potato,2004
original,ln_area,treated_clean_pre,sweet_potato,2005
original,ln_area,treated_clean_pre,sweet_potato,2006
original,ln_area,treated_clean_pre,sweet_potato,2007
original,ln_area,treated_clean_pre,sweet_potato,2008
original,ln_area,treated_base,corn,2008
original,ln_area,treated_base,garlic,2009
original,ln_area,treated_base,onion,2008
original,ln_area,treated_base,red_pepper,2007
original,ln_area,treated_base,soybean,2007
original,ln_area,treated_base,spring_potato,2007
original,ln_area,treated_base,sweet_potato,2008
original,ln_area,treated_post,corn,2013
original,ln_area,treated_post,corn,2014
original,ln_area,treated_post,corn,2015
original,ln_area,treated_post,corn,2016
original,ln_area,treated_post,corn,2017
original,ln_area,treated_post,corn,2018
original,ln_area,treated_post,corn,2019
original,ln_area,treated_post,corn,2020
original,ln_area,treated_post,corn,2021
original,ln_area,treated_post,corn,2022
original,ln_area,treated_post,garlic,2013
original,ln_area,treated_post,garlic,2014
original,ln_area,treated_post,garlic,2015
original,ln_area,treated_post,garlic,2016
original,ln_area,treated_post,garlic,2017
original,ln_area,treated_post,garlic,2018
original,ln_area,treated_post,garlic,2019
original,ln_area,treated_post,garlic,2020
original,ln_area,treated_post,garlic,2021
original,ln_area,treated_post,garlic,2022
original,ln_area,treated_post,onion,2012
original,ln_area,treated_post,onion,2013
original,ln_area,treated_post,onion,2014
original,ln_area,treated_post,onion,2015
original,ln_area,treated_post,onion,2016
original,ln_area,treated_post,onion,2017
original,ln_area,treated_post,onion,2018
original,ln_area,treated_post,onion,2019
original,ln_area,treated_post,onion,2020
original,ln_area,treated_post,onion,2021
original,ln_area,treated_post,red_pepper,2015
original,ln_area,treated_post,red_pepper,2016
original,ln_area,treated_post,red_pepper,2017
original,ln_area,treated_post,red_pepper,2018
original,ln_area,treated_post,red_pepper,2019
original,ln_area,treated_post,red_pepper,2020
original,ln_area,treated_post,red_pepper,2021
original,ln_area,treated_post,red_pepper,2022
original,ln_area,treated_post,red_pepper,2023
original,ln_area,treated_post,red_pepper,2024
original,ln_area,treated_post,soybean,2012
original,ln_area,treated_post,soybean,2013
original,ln_area,treated_post,soybean,2014
original,ln_area,treated_post,soybean,2015
original,ln_area,treated_post,soybean,2016
original,ln_area,treated_post,soybean,2017
original,ln_area,treated_post,soybean,2018
original,ln_area,treated_post,soybean,2019
original,ln_area,treated_post,soybean,2020
original,ln_area,treated_post,soybean,2021
original,ln_area,treated_post,spring_potato,2013
original,ln_area,treated_post,spring_potato,2014
original,ln_area,treated_post,spring_potato,2015
original,ln_area,treated_post,spring_potato,2016
original,ln_area,treated_post,spring_potato,2017
original,ln_area,treated_post,spring_potato,2018
original,ln_area,treated_post,spring_potato,2019
original,ln_area,treated_post,spring_potato,2020
original,ln_area,treated_post,spring_potato,2021
original,ln_area,treated_post,spring_potato,2022
original,ln_area,treated_post,sweet_potato,2013
original,ln_area,treated_post,sweet_potato,2014
original,ln_area,treated_post,sweet_potato,2015
original,ln_area,treated_post,sweet_potato,2016
original,ln_area,treated_post,sweet_potato,2017
original,ln_area,treated_post,sweet_potato,2018
original,ln_area,treated_post,sweet_potato,2019
original,ln_area,treated_post,sweet_potato,2020
original,ln_area,treated_post,sweet_potato,2021
original,ln_area,treated_post,sweet_potato,2022
original,ln_area,control_used,autumn_napa,2007
original,ln_area,control_used,autumn_napa,2008
original,ln_area,control_used,autumn_napa,2009
original,ln_area,control_used,autumn_napa,2012
original,ln_area,control_used,autumn_napa,2013
original,ln_area,control_used,autumn_napa,2014
original,ln_area,control_used,autumn_napa,2015
original,ln_area,control_used,autumn_napa,2016
original,ln_area,control_used,autumn_napa,2017
original,ln_area,control_used,autumn_napa,2018
original,ln_area,control_used,autumn_napa,2019
original,ln_area,control_used,autumn_napa,2020
original,ln_area,control_used,autumn_napa,2021
original,ln_area,control_used,autumn_radish,2007
original,ln_area,control_used,autumn_radish,2008
original,ln_area,control_used,autumn_radish,2009
original,ln_area,control_used,autumn_radish,2012
original,ln_area,control_used,autumn_radish,2013
original,ln_area,control_used,autumn_radish,2014
original,ln_area,control_used,autumn_radish,2015
original,ln_area,control_used,autumn_radish,2016
original,ln_area,control_used,autumn_radish,2017
original,ln_area,control_used,autumn_radish,2018
original,ln_area,control_used,autumn_radish,2019
original,ln_area,control_used,autumn_radish,2020
original,ln_area,control_used,autumn_radish,2021
original,ln_area,control_used,autumn_radish,2022
original,ln_area,control_used,autumn_radish,2023
original,ln_area,control_used,barley,2007
original,ln_area,control_used,barley,2008
original,ln_area,control_used,barley,2009
original,ln_area,control_used,barley,2012
original,ln_area,control_used,barley,2013
original,ln_area,control_used,barley,2014
original,ln_area,control_used,barley,2015
original,ln_area,control_used,barley,2016
original,ln_area,control_used,barley,2017
original,ln_area,control_used,barley,2018
original,ln_area,control_used,barley,2019
original,ln_area,control_used,barley,2020
original,ln_area,control_used,cabbage,2007
original,ln_area,control_used,cabbage,2008
original,ln_area,control_used,cabbage,2009
original,ln_area,control_used,cabbage,2012
original,ln_area,control_used,cabbage,2013
original,ln_area,control_used,cabbage,2014
original,ln_area,control_used,cabbage,2015
original,ln_area,control_used,cabbage,2016
original,ln_area,control_used,carrot,2007
original,ln_area,control_used,carrot,2008
original,ln_area,control_used,carrot,2009
original,ln_area,control_used,carrot,2012
original,ln_area,control_used,carrot,2013
original,ln_area,control_used,carrot,2014
original,ln_area,control_used,carrot,2015
original,ln_area,control_used,carrot,2016
original,ln_area,control_used,carrot,2017
original,ln_area,control_used,carrot,2018
original,ln_area,control_used,ginger,2007
original,ln_area,control_used,ginger,2008
original,ln_area,control_used,ginger,2009
original,ln_area,control_used,ginger,2012
original,ln_area,control_used,ginger,2013
original,ln_area,control_used,ginger,2014
original,ln_area,control_used,ginger,2015
original,ln_area,control_used,ginger,2016
original,ln_area,control_used,ginger,2017
original,ln_area,control_used,ginger,2018
original,ln_area,control_used,ginger,2019
original,ln_area,control_used,ginger,2020
original,ln_area,control_used,ginger,2021
original,ln_area,control_used,ginger,2022
original,ln_area,control_used,ginger,2023
original,ln_area,control_used,ginger,2024
original,ln_area,control_used,highland_napa,2007
original,ln_area,control_used,highland_napa,2008
original,ln_area,control_used,highland_napa,2009
original,ln_area,control_used,highland_napa,2012
original,ln_area,control_used,highland_napa,2013
original,ln_area,control_used,highland_napa,2014
original,ln_area,control_used,highland_napa,2015
original,ln_area,control_used,highland_napa,2016
original,ln_area,control_used,highland_napa,2017
original,ln_area,control_used,highland_napa,2018
original,ln_area,control_used,highland_radish,2007
original,ln_area,control_used,highland_radish,2008
original,ln_area,control_used,highland_radish,2009
original,ln_area,control_used,highland_radish,2012
original,ln_area,control_used,highland_radish,2013
original,ln_area,control_used,highland_radish,2014
original,ln_area,control_used,highland_radish,2015
original,ln_area,control_used,highland_radish,2016
original,ln_area,control_used,highland_radish,2017
original,ln_area,control_used,highland_radish,2018
original,ln_area,control_used,large_green_onion,2007
original,ln_area,control_used,large_green_onion,2008
original,ln_area,control_used,large_green_onion,2009
original,ln_area,control_used,large_green_onion,2012
original,ln_area,control_used,large_green_onion,2013
original,ln_area,control_used,large_green_onion,2014
original,ln_area,control_used,large_green_onion,2015
original,ln_area,control_used,large_green_onion,2016
original,ln_area,control_used,large_green_onion,2017
original,ln_area,control_used,large_green_onion,2018
original,ln_area,control_used,leaf_lettuce,2007
original,ln_area,control_used,leaf_lettuce,2008
original,ln_area,control_used,leaf_lettuce,2009
original,ln_area,control_used,leaf_lettuce,2012
original,ln_area,control_used,leaf_lettuce,2013
original,ln_area,control_used,leaf_lettuce,2014
original,ln_area,control_used,leaf_lettuce,2015
original,ln_area,control_used,leaf_lettuce,2016
original,ln_area,control_used,leaf_lettuce,2017
original,ln_area,control_used,leaf_lettuce,2018
original,ln_area,control_used,leaf_lettuce,2019
original,ln_area,control_used,leaf_lettuce,2020
original,ln_area,control_used,leaf_lettuce,2021
original,ln_area,control_used,leaf_lettuce,2022
original,ln_area,control_used,leaf_lettuce,2023
original,ln_area,control_used,leaf_lettuce,2024
original,ln_area,control_used,malting_barley,2007
original,ln_area,control_used,malting_barley,2008
original,ln_area,control_used,malting_barley,2009
original,ln_area,control_used,malting_barley,2012
original,ln_area,control_used,malting_barley,2013
original,ln_area,control_used,malting_barley,2014
original,ln_area,control_used,malting_barley,2015
original,ln_area,control_used,malting_barley,2016
original,ln_area,control_used,malting_barley,2017
original,ln_area,control_used,malting_barley,2018
original,ln_area,control_used,malting_barley,2019
original,ln_area,control_used,malting_barley,2020
original,ln_area,control_used,mung_bean,2007
original,ln_area,control_used,mung_bean,2008
original,ln_area,control_used,mung_bean,2009
original,ln_area,control_used,mung_bean,2012
original,ln_area,control_used,mung_bean,2013
original,ln_area,control_used,mung_bean,2014
original,ln_area,control_used,mung_bean,2015
original,ln_area,control_used,mung_bean,2016
original,ln_area,control_used,mung_bean,2017
original,ln_area,control_used,mung_bean,2018
original,ln_area,control_used,mung_bean,2019
original,ln_area,control_used,mung_bean,2020
original,ln_area,control_used,mung_bean,2021
original,ln_area,control_used,mung_bean,2022
original,ln_area,control_used,mung_bean,2023
original,ln_area,control_used,mung_bean,2024
original,ln_area,control_used,other_pulses,2007
original,ln_area,control_used,other_pulses,2008
original,ln_area,control_used,other_pulses,2009
original,ln_area,control_used,other_pulses,2012
original,ln_area,control_used,other_pulses,2013
original,ln_area,control_used,other_pulses,2014
original,ln_area,control_used,other_pulses,2015
original,ln_area,control_used,other_pulses,2016
original,ln_area,control_used,other_pulses,2017
original,ln_area,control_used,other_pulses,2018
original,ln_area,control_used,other_pulses,2019
original,ln_area,control_used,other_pulses,2020
original,ln_area,control_used,other_pulses,2021
original,ln_area,control_used,other_pulses,2022
original,ln_area,control_used,other_pulses,2023
original,ln_area,control_used,other_pulses,2024
original,ln_area,control_used,peanut,2007
original,ln_area,control_used,peanut,2008
original,ln_area,control_used,peanut,2009
original,ln_area,control_used,peanut,2012
original,ln_area,control_used,peanut,2013
original,ln_area,control_used,peanut,2014
original,ln_area,control_used,peanut,2015
original,ln_area,control_used,peanut,2016
original,ln_area,control_used,peanut,2017
original,ln_area,control_used,peanut,2018
original,ln_area,control_used,peanut,2019
original,ln_area,control_used,peanut,2020
original,ln_area,control_used,peanut,2021
original,ln_area,control_used,peanut,2022
original,ln_area,control_used,peanut,2023
original,ln_area,control_used,peanut,2024
original,ln_area,control_used,perilla,2007
original,ln_area,control_used,perilla,2008
original,ln_area,control_used,perilla,2009
original,ln_area,control_used,perilla,2012
original,ln_area,control_used,perilla,2013
original,ln_area,control_used,perilla,2014
original,ln_area,control_used,perilla,2015
original,ln_area,control_used,perilla,2016
original,ln_area,control_used,perilla,2017
original,ln_area,control_used,perilla,2018
original,ln_area,control_used,perilla,2019
original,ln_area,control_used,perilla,2020
original,ln_area,control_used,perilla,2021
original,ln_area,control_used,perilla,2022
original,ln_area,control_used,perilla,2023
original,ln_area,control_used,perilla,2024
original,ln_area,control_used,red_bean,2007
original,ln_area,control_used,red_bean,2008
original,ln_area,control_used,red_bean,2009
original,ln_area,control_used,red_bean,2012
original,ln_area,control_used,red_bean,2013
original,ln_area,control_used,red_bean,2014
original,ln_area,control_used,red_bean,2015
original,ln_area,control_used,red_bean,2016
original,ln_area,control_used,red_bean,2017
original,ln_area,control_used,red_bean,2018
original,ln_area,control_used,red_bean,2019
original,ln_area,control_used,sesame,2007
original,ln_area,control_used,sesame,2008
original,ln_area,control_used,sesame,2009
original,ln_area,control_used,sesame,2012
original,ln_area,control_used,sesame,2013
original,ln_area,control_used,sesame,2014
original,ln_area,control_used,sesame,2015
original,ln_area,control_used,sesame,2016
original,ln_area,control_used,sesame,2017
original,ln_area,control_used,sesame,2018
original,ln_area,control_used,sesame,2019
original,ln_area,control_used,sesame,2020
original,ln_area,control_used,sesame,2021
original,ln_area,control_used,sesame,2022
original,ln_area,control_used,sesame,2023
original,ln_area,control_used,sesame,2024
original,ln_area,control_used,small_green_onion,2007
original,ln_area,control_used,small_green_onion,2008
original,ln_area,control_used,small_green_onion,2009
original,ln_area,control_used,small_green_onion,2012
original,ln_area,control_used,small_green_onion,2013
original,ln_area,control_used,small_green_onion,2014
original,ln_area,control_used,small_green_onion,2015
original,ln_area,control_used,small_green_onion,2016
original,ln_area,control_used,small_green_onion,2017
original,ln_area,control_used,small_green_onion,2018
original,ln_area,control_used,spinach,2007
original,ln_area,control_used,spinach,2008
original,ln_area,control_used,spinach,2009
original,ln_area,control_used,spinach,2012
original,ln_area,control_used,spinach,2013
original,ln_area,control_used,spinach,2014
original,ln_area,control_used,spinach,2015
original,ln_area,control_used,spinach,2016
original,ln_area,control_used,spinach,2017
original,ln_area,control_used,spinach,2018
original,ln_area,control_used,spinach,2019
original,ln_area,control_used,spinach,2020
original,ln_area,control_used,spring_napa,2007
original,ln_area,control_used,spring_napa,2008
original,ln_area,control_used,spring_napa,2009
original,ln_area,control_used,spring_napa,2012
original,ln_area,control_used,spring_napa,2013
original,ln_area,control_used,spring_napa,2014
original,ln_area,control_used,spring_napa,2015
original,ln_area,control_used,spring_napa,2016
original,ln_area,control_used,spring_napa,2017
original,ln_area,control_used,spring_napa,2018
original,ln_area,control_used,spring_napa,2019
original,ln_area,control_used,spring_napa,2020
original,ln_area,control_used,spring_napa,2021
original,ln_area,control_used,spring_napa,2022
original,ln_area,control_used,spring_napa,2023
original,ln_area,control_used,spring_radish,2007
original,ln_area,control_used,spring_radish,2008
original,ln_area,control_used,spring_radish,2009
original,ln_area,control_used,spring_radish,2012
original,ln_area,control_used,spring_radish,2013
original,ln_area,control_used,spring_radish,2014
original,ln_area,control_used,spring_radish,2015
original,ln_area,control_used,spring_radish,2016
original,ln_area,control_used,spring_radish,2017
original,ln_area,control_used,spring_radish,2018
original,ln_area,control_used,spring_radish,2019
original,ln_area,control_used,spring_radish,2020
original,ln_area,control_used,spring_radish,2021
original,ln_area,control_used,spring_radish,2022
original,ln_area,control_used,spring_radish,2023
original,ln_area,control_used,spring_radish,2024
original,ln_area,control_used,wheat,2007
original,ln_area,control_used,wheat,2008
original,ln_area,control_used,wheat,2009
original,ln_area,control_used,wheat,2012
original,ln_area,control_used,wheat,2013
original,ln_area,control_used,wheat,2014
original,ln_area,control_used,wheat,2015
original,ln_area,control_used,wheat,2016
original,ln_area,control_clean_context,autumn_napa,1991
original,ln_area,control_clean_context,autumn_napa,1992
original,ln_area,control_clean_context,autumn_napa,1993
original,ln_area,control_clean_context,autumn_napa,1994
original,ln_area,control_clean_context,autumn_napa,1995
original,ln_area,control_clean_context,autumn_napa,1996
original,ln_area,control_clean_context,autumn_napa,1997
original,ln_area,control_clean_context,autumn_napa,1998
original,ln_area,control_clean_context,autumn_napa,1999
original,ln_area,control_clean_context,autumn_napa,2000
original,ln_area,control_clean_context,autumn_napa,2001
original,ln_area,control_clean_context,autumn_napa,2002
original,ln_area,control_clean_context,autumn_napa,2003
original,ln_area,control_clean_context,autumn_napa,2004
original,ln_area,control_clean_context,autumn_napa,2005
original,ln_area,control_clean_context,autumn_napa,2006
original,ln_area,control_clean_context,autumn_napa,2007
original,ln_area,control_clean_context,autumn_napa,2008
original,ln_area,control_clean_context,autumn_napa,2009
original,ln_area,control_clean_context,autumn_napa,2010
original,ln_area,control_clean_context,autumn_napa,2011
original,ln_area,control_clean_context,autumn_napa,2012
original,ln_area,control_clean_context,autumn_napa,2013
original,ln_area,control_clean_context,autumn_napa,2014
original,ln_area,control_clean_context,autumn_napa,2015
original,ln_area,control_clean_context,autumn_napa,2016
original,ln_area,control_clean_context,autumn_napa,2017
original,ln_area,control_clean_context,autumn_napa,2018
original,ln_area,control_clean_context,autumn_napa,2019
original,ln_area,control_clean_context,autumn_napa,2020
original,ln_area,control_clean_context,autumn_napa,2021
original,ln_area,control_clean_context,autumn_radish,1991
original,ln_area,control_clean_context,autumn_radish,1992
original,ln_area,control_clean_context,autumn_radish,1993
original,ln_area,control_clean_context,autumn_radish,1994
original,ln_area,control_clean_context,autumn_radish,1995
original,ln_area,control_clean_context,autumn_radish,1996
original,ln_area,control_clean_context,autumn_radish,1997
original,ln_area,control_clean_context,autumn_radish,1998
original,ln_area,control_clean_context,autumn_radish,1999
original,ln_area,control_clean_context,autumn_radish,2000
original,ln_area,control_clean_context,autumn_radish,2001
original,ln_area,control_clean_context,autumn_radish,2002
original,ln_area,control_clean_context,autumn_radish,2003
original,ln_area,control_clean_context,autumn_radish,2004
original,ln_area,control_clean_context,autumn_radish,2005
original,ln_area,control_clean_context,autumn_radish,2006
original,ln_area,control_clean_context,autumn_radish,2007
original,ln_area,control_clean_context,autumn_radish,2008
original,ln_area,control_clean_context,autumn_radish,2009
original,ln_area,control_clean_context,autumn_radish,2010
original,ln_area,control_clean_context,autumn_radish,2011
original,ln_area,control_clean_context,autumn_radish,2012
original,ln_area,control_clean_context,autumn_radish,2013
original,ln_area,control_clean_context,autumn_radish,2014
original,ln_area,control_clean_context,autumn_radish,2015
original,ln_area,control_clean_context,autumn_radish,2016
original,ln_area,control_clean_context,autumn_radish,2017
original,ln_area,control_clean_context,autumn_radish,2018
original,ln_area,control_clean_context,autumn_radish,2019
original,ln_area,control_clean_context,autumn_radish,2020
original,ln_area,control_clean_context,autumn_radish,2021
original,ln_area,control_clean_context,autumn_radish,2022
original,ln_area,control_clean_context,autumn_radish,2023
original,ln_area,control_clean_context,barley,1991
original,ln_area,control_clean_context,barley,1992
original,ln_area,control_clean_context,barley,1993
original,ln_area,control_clean_context,barley,1994
original,ln_area,control_clean_context,barley,1995
original,ln_area,control_clean_context,barley,1996
original,ln_area,control_clean_context,barley,1997
original,ln_area,control_clean_context,barley,1998
original,ln_area,control_clean_context,barley,1999
original,ln_area,control_clean_context,barley,2000
original,ln_area,control_clean_context,barley,2001
original,ln_area,control_clean_context,barley,2002
original,ln_area,control_clean_context,barley,2003
original,ln_area,control_clean_context,barley,2004
original,ln_area,control_clean_context,barley,2005
original,ln_area,control_clean_context,barley,2006
original,ln_area,control_clean_context,barley,2007
original,ln_area,control_clean_context,barley,2008
original,ln_area,control_clean_context,barley,2009
original,ln_area,control_clean_context,barley,2010
original,ln_area,control_clean_context,barley,2011
original,ln_area,control_clean_context,barley,2012
original,ln_area,control_clean_context,barley,2013
original,ln_area,control_clean_context,barley,2014
original,ln_area,control_clean_context,barley,2015
original,ln_area,control_clean_context,barley,2016
original,ln_area,control_clean_context,barley,2017
original,ln_area,control_clean_context,barley,2018
original,ln_area,control_clean_context,barley,2019
original,ln_area,control_clean_context,barley,2020
original,ln_area,control_clean_context,cabbage,1991
original,ln_area,control_clean_context,cabbage,1992
original,ln_area,control_clean_context,cabbage,1993
original,ln_area,control_clean_context,cabbage,1994
original,ln_area,control_clean_context,cabbage,1995
original,ln_area,control_clean_context,cabbage,1996
original,ln_area,control_clean_context,cabbage,1997
original,ln_area,control_clean_context,cabbage,1998
original,ln_area,control_clean_context,cabbage,1999
original,ln_area,control_clean_context,cabbage,2000
original,ln_area,control_clean_context,cabbage,2001
original,ln_area,control_clean_context,cabbage,2002
original,ln_area,control_clean_context,cabbage,2003
original,ln_area,control_clean_context,cabbage,2004
original,ln_area,control_clean_context,cabbage,2005
original,ln_area,control_clean_context,cabbage,2006
original,ln_area,control_clean_context,cabbage,2007
original,ln_area,control_clean_context,cabbage,2008
original,ln_area,control_clean_context,cabbage,2009
original,ln_area,control_clean_context,cabbage,2010
original,ln_area,control_clean_context,cabbage,2011
original,ln_area,control_clean_context,cabbage,2012
original,ln_area,control_clean_context,cabbage,2013
original,ln_area,control_clean_context,cabbage,2014
original,ln_area,control_clean_context,cabbage,2015
original,ln_area,control_clean_context,cabbage,2016
original,ln_area,control_clean_context,carrot,1991
original,ln_area,control_clean_context,carrot,1992
original,ln_area,control_clean_context,carrot,1993
original,ln_area,control_clean_context,carrot,1994
original,ln_area,control_clean_context,carrot,1995
original,ln_area,control_clean_context,carrot,1996
original,ln_area,control_clean_context,carrot,1997
original,ln_area,control_clean_context,carrot,1998
original,ln_area,control_clean_context,carrot,1999
original,ln_area,control_clean_context,carrot,2000
original,ln_area,control_clean_context,carrot,2001
original,ln_area,control_clean_context,carrot,2002
original,ln_area,control_clean_context,carrot,2003
original,ln_area,control_clean_context,carrot,2004
original,ln_area,control_clean_context,carrot,2005
original,ln_area,control_clean_context,carrot,2006
original,ln_area,control_clean_context,carrot,2007
original,ln_area,control_clean_context,carrot,2008
original,ln_area,control_clean_context,carrot,2009
original,ln_area,control_clean_context,carrot,2010
original,ln_area,control_clean_context,carrot,2011
original,ln_area,control_clean_context,carrot,2012
original,ln_area,control_clean_context,carrot,2013
original,ln_area,control_clean_context,carrot,2014
original,ln_area,control_clean_context,carrot,2015
original,ln_area,control_clean_context,carrot,2016
original,ln_area,control_clean_context,carrot,2017
original,ln_area,control_clean_context,carrot,2018
original,ln_area,control_clean_context,ginger,1991
original,ln_area,control_clean_context,ginger,1992
original,ln_area,control_clean_context,ginger,1993
original,ln_area,control_clean_context,ginger,1994
original,ln_area,control_clean_context,ginger,1995
original,ln_area,control_clean_context,ginger,1996
original,ln_area,control_clean_context,ginger,1997
original,ln_area,control_clean_context,ginger,1998
original,ln_area,control_clean_context,ginger,1999
original,ln_area,control_clean_context,ginger,2000
original,ln_area,control_clean_context,ginger,2001
original,ln_area,control_clean_context,ginger,2002
original,ln_area,control_clean_context,ginger,2003
original,ln_area,control_clean_context,ginger,2004
original,ln_area,control_clean_context,ginger,2005
original,ln_area,control_clean_context,ginger,2006
original,ln_area,control_clean_context,ginger,2007
original,ln_area,control_clean_context,ginger,2008
original,ln_area,control_clean_context,ginger,2009
original,ln_area,control_clean_context,ginger,2010
original,ln_area,control_clean_context,ginger,2011
original,ln_area,control_clean_context,ginger,2012
original,ln_area,control_clean_context,ginger,2013
original,ln_area,control_clean_context,ginger,2014
original,ln_area,control_clean_context,ginger,2015
original,ln_area,control_clean_context,ginger,2016
original,ln_area,control_clean_context,ginger,2017
original,ln_area,control_clean_context,ginger,2018
original,ln_area,control_clean_context,ginger,2019
original,ln_area,control_clean_context,ginger,2020
original,ln_area,control_clean_context,ginger,2021
original,ln_area,control_clean_context,ginger,2022
original,ln_area,control_clean_context,ginger,2023
original,ln_area,control_clean_context,ginger,2024
original,ln_area,control_clean_context,highland_napa,1991
original,ln_area,control_clean_context,highland_napa,1992
original,ln_area,control_clean_context,highland_napa,1993
original,ln_area,control_clean_context,highland_napa,1994
original,ln_area,control_clean_context,highland_napa,1995
original,ln_area,control_clean_context,highland_napa,1996
original,ln_area,control_clean_context,highland_napa,1997
original,ln_area,control_clean_context,highland_napa,1998
original,ln_area,control_clean_context,highland_napa,1999
original,ln_area,control_clean_context,highland_napa,2000
original,ln_area,control_clean_context,highland_napa,2001
original,ln_area,control_clean_context,highland_napa,2002
original,ln_area,control_clean_context,highland_napa,2003
original,ln_area,control_clean_context,highland_napa,2004
original,ln_area,control_clean_context,highland_napa,2005
original,ln_area,control_clean_context,highland_napa,2006
original,ln_area,control_clean_context,highland_napa,2007
original,ln_area,control_clean_context,highland_napa,2008
original,ln_area,control_clean_context,highland_napa,2009
original,ln_area,control_clean_context,highland_napa,2010
original,ln_area,control_clean_context,highland_napa,2011
original,ln_area,control_clean_context,highland_napa,2012
original,ln_area,control_clean_context,highland_napa,2013
original,ln_area,control_clean_context,highland_napa,2014
original,ln_area,control_clean_context,highland_napa,2015
original,ln_area,control_clean_context,highland_napa,2016
original,ln_area,control_clean_context,highland_napa,2017
original,ln_area,control_clean_context,highland_napa,2018
original,ln_area,control_clean_context,highland_radish,1991
original,ln_area,control_clean_context,highland_radish,1992
original,ln_area,control_clean_context,highland_radish,1993
original,ln_area,control_clean_context,highland_radish,1994
original,ln_area,control_clean_context,highland_radish,1995
original,ln_area,control_clean_context,highland_radish,1996
original,ln_area,control_clean_context,highland_radish,1997
original,ln_area,control_clean_context,highland_radish,1998
original,ln_area,control_clean_context,highland_radish,1999
original,ln_area,control_clean_context,highland_radish,2000
original,ln_area,control_clean_context,highland_radish,2001
original,ln_area,control_clean_context,highland_radish,2002
original,ln_area,control_clean_context,highland_radish,2003
original,ln_area,control_clean_context,highland_radish,2004
original,ln_area,control_clean_context,highland_radish,2005
original,ln_area,control_clean_context,highland_radish,2006
original,ln_area,control_clean_context,highland_radish,2007
original,ln_area,control_clean_context,highland_radish,2008
original,ln_area,control_clean_context,highland_radish,2009
original,ln_area,control_clean_context,highland_radish,2010
original,ln_area,control_clean_context,highland_radish,2011
original,ln_area,control_clean_context,highland_radish,2012
original,ln_area,control_clean_context,highland_radish,2013
original,ln_area,control_clean_context,highland_radish,2014
original,ln_area,control_clean_context,highland_radish,2015
original,ln_area,control_clean_context,highland_radish,2016
original,ln_area,control_clean_context,highland_radish,2017
original,ln_area,control_clean_context,highland_radish,2018
original,ln_area,control_clean_context,large_green_onion,2000
original,ln_area,control_clean_context,large_green_onion,2001
original,ln_area,control_clean_context,large_green_onion,2002
original,ln_area,control_clean_context,large_green_onion,2003
original,ln_area,control_clean_context,large_green_onion,2004
original,ln_area,control_clean_context,large_green_onion,2005
original,ln_area,control_clean_context,large_green_onion,2006
original,ln_area,control_clean_context,large_green_onion,2007
original,ln_area,control_clean_context,large_green_onion,2008
original,ln_area,control_clean_context,large_green_onion,2009
original,ln_area,control_clean_context,large_green_onion,2010
original,ln_area,control_clean_context,large_green_onion,2011
original,ln_area,control_clean_context,large_green_onion,2012
original,ln_area,control_clean_context,large_green_onion,2013
original,ln_area,control_clean_context,large_green_onion,2014
original,ln_area,control_clean_context,large_green_onion,2015
original,ln_area,control_clean_context,large_green_onion,2016
original,ln_area,control_clean_context,large_green_onion,2017
original,ln_area,control_clean_context,large_green_onion,2018
original,ln_area,control_clean_context,leaf_lettuce,1991
original,ln_area,control_clean_context,leaf_lettuce,1992
original,ln_area,control_clean_context,leaf_lettuce,1993
original,ln_area,control_clean_context,leaf_lettuce,1994
original,ln_area,control_clean_context,leaf_lettuce,1995
original,ln_area,control_clean_context,leaf_lettuce,1996
original,ln_area,control_clean_context,leaf_lettuce,1997
original,ln_area,control_clean_context,leaf_lettuce,1998
original,ln_area,control_clean_context,leaf_lettuce,1999
original,ln_area,control_clean_context,leaf_lettuce,2000
original,ln_area,control_clean_context,leaf_lettuce,2001
original,ln_area,control_clean_context,leaf_lettuce,2002
original,ln_area,control_clean_context,leaf_lettuce,2003
original,ln_area,control_clean_context,leaf_lettuce,2004
original,ln_area,control_clean_context,leaf_lettuce,2005
original,ln_area,control_clean_context,leaf_lettuce,2006
original,ln_area,control_clean_context,leaf_lettuce,2007
original,ln_area,control_clean_context,leaf_lettuce,2008
original,ln_area,control_clean_context,leaf_lettuce,2009
original,ln_area,control_clean_context,leaf_lettuce,2010
original,ln_area,control_clean_context,leaf_lettuce,2011
original,ln_area,control_clean_context,leaf_lettuce,2012
original,ln_area,control_clean_context,leaf_lettuce,2013
original,ln_area,control_clean_context,leaf_lettuce,2014
original,ln_area,control_clean_context,leaf_lettuce,2015
original,ln_area,control_clean_context,leaf_lettuce,2016
original,ln_area,control_clean_context,leaf_lettuce,2017
original,ln_area,control_clean_context,leaf_lettuce,2018
original,ln_area,control_clean_context,leaf_lettuce,2019
original,ln_area,control_clean_context,leaf_lettuce,2020
original,ln_area,control_clean_context,leaf_lettuce,2021
original,ln_area,control_clean_context,leaf_lettuce,2022
original,ln_area,control_clean_context,leaf_lettuce,2023
original,ln_area,control_clean_context,leaf_lettuce,2024
original,ln_area,control_clean_context,malting_barley,1991
original,ln_area,control_clean_context,malting_barley,1992
original,ln_area,control_clean_context,malting_barley,1993
original,ln_area,control_clean_context,malting_barley,1994
original,ln_area,control_clean_context,malting_barley,1995
original,ln_area,control_clean_context,malting_barley,1996
original,ln_area,control_clean_context,malting_barley,1997
original,ln_area,control_clean_context,malting_barley,1998
original,ln_area,control_clean_context,malting_barley,1999
original,ln_area,control_clean_context,malting_barley,2000
original,ln_area,control_clean_context,malting_barley,2001
original,ln_area,control_clean_context,malting_barley,2002
original,ln_area,control_clean_context,malting_barley,2003
original,ln_area,control_clean_context,malting_barley,2004
original,ln_area,control_clean_context,malting_barley,2005
original,ln_area,control_clean_context,malting_barley,2006
original,ln_area,control_clean_context,malting_barley,2007
original,ln_area,control_clean_context,malting_barley,2008
original,ln_area,control_clean_context,malting_barley,2009
original,ln_area,control_clean_context,malting_barley,2010
original,ln_area,control_clean_context,malting_barley,2011
original,ln_area,control_clean_context,malting_barley,2012
original,ln_area,control_clean_context,malting_barley,2013
original,ln_area,control_clean_context,malting_barley,2014
original,ln_area,control_clean_context,malting_barley,2015
original,ln_area,control_clean_context,malting_barley,2016
original,ln_area,control_clean_context,malting_barley,2017
original,ln_area,control_clean_context,malting_barley,2018
original,ln_area,control_clean_context,malting_barley,2019
original,ln_area,control_clean_context,malting_barley,2020
original,ln_area,control_clean_context,mung_bean,1991
original,ln_area,control_clean_context,mung_bean,1992
original,ln_area,control_clean_context,mung_bean,1993
original,ln_area,control_clean_context,mung_bean,1994
original,ln_area,control_clean_context,mung_bean,1995
original,ln_area,control_clean_context,mung_bean,1996
original,ln_area,control_clean_context,mung_bean,1997
original,ln_area,control_clean_context,mung_bean,1998
original,ln_area,control_clean_context,mung_bean,1999
original,ln_area,control_clean_context,mung_bean,2000
original,ln_area,control_clean_context,mung_bean,2001
original,ln_area,control_clean_context,mung_bean,2002
original,ln_area,control_clean_context,mung_bean,2003
original,ln_area,control_clean_context,mung_bean,2004
original,ln_area,control_clean_context,mung_bean,2005
original,ln_area,control_clean_context,mung_bean,2006
original,ln_area,control_clean_context,mung_bean,2007
original,ln_area,control_clean_context,mung_bean,2008
original,ln_area,control_clean_context,mung_bean,2009
original,ln_area,control_clean_context,mung_bean,2010
original,ln_area,control_clean_context,mung_bean,2011
original,ln_area,control_clean_context,mung_bean,2012
original,ln_area,control_clean_context,mung_bean,2013
original,ln_area,control_clean_context,mung_bean,2014
original,ln_area,control_clean_context,mung_bean,2015
original,ln_area,control_clean_context,mung_bean,2016
original,ln_area,control_clean_context,mung_bean,2017
original,ln_area,control_clean_context,mung_bean,2018
original,ln_area,control_clean_context,mung_bean,2019
original,ln_area,control_clean_context,mung_bean,2020
original,ln_area,control_clean_context,mung_bean,2021
original,ln_area,control_clean_context,mung_bean,2022
original,ln_area,control_clean_context,mung_bean,2023
original,ln_area,control_clean_context,mung_bean,2024
original,ln_area,control_clean_context,other_pulses,1991
original,ln_area,control_clean_context,other_pulses,1992
original,ln_area,control_clean_context,other_pulses,1993
original,ln_area,control_clean_context,other_pulses,1994
original,ln_area,control_clean_context,other_pulses,1995
original,ln_area,control_clean_context,other_pulses,1996
original,ln_area,control_clean_context,other_pulses,1997
original,ln_area,control_clean_context,other_pulses,1998
original,ln_area,control_clean_context,other_pulses,1999
original,ln_area,control_clean_context,other_pulses,2000
original,ln_area,control_clean_context,other_pulses,2001
original,ln_area,control_clean_context,other_pulses,2002
original,ln_area,control_clean_context,other_pulses,2003
original,ln_area,control_clean_context,other_pulses,2004
original,ln_area,control_clean_context,other_pulses,2005
original,ln_area,control_clean_context,other_pulses,2006
original,ln_area,control_clean_context,other_pulses,2007
original,ln_area,control_clean_context,other_pulses,2008
original,ln_area,control_clean_context,other_pulses,2009
original,ln_area,control_clean_context,other_pulses,2010
original,ln_area,control_clean_context,other_pulses,2011
original,ln_area,control_clean_context,other_pulses,2012
original,ln_area,control_clean_context,other_pulses,2013
original,ln_area,control_clean_context,other_pulses,2014
original,ln_area,control_clean_context,other_pulses,2015
original,ln_area,control_clean_context,other_pulses,2016
original,ln_area,control_clean_context,other_pulses,2017
original,ln_area,control_clean_context,other_pulses,2018
original,ln_area,control_clean_context,other_pulses,2019
original,ln_area,control_clean_context,other_pulses,2020
original,ln_area,control_clean_context,other_pulses,2021
original,ln_area,control_clean_context,other_pulses,2022
original,ln_area,control_clean_context,other_pulses,2023
original,ln_area,control_clean_context,other_pulses,2024
original,ln_area,control_clean_context,peanut,1991
original,ln_area,control_clean_context,peanut,1992
original,ln_area,control_clean_context,peanut,1993
original,ln_area,control_clean_context,peanut,1994
original,ln_area,control_clean_context,peanut,1995
original,ln_area,control_clean_context,peanut,1996
original,ln_area,control_clean_context,peanut,1997
original,ln_area,control_clean_context,peanut,1998
original,ln_area,control_clean_context,peanut,1999
original,ln_area,control_clean_context,peanut,2000
original,ln_area,control_clean_context,peanut,2001
original,ln_area,control_clean_context,peanut,2002
original,ln_area,control_clean_context,peanut,2003
original,ln_area,control_clean_context,peanut,2004
original,ln_area,control_clean_context,peanut,2005
original,ln_area,control_clean_context,peanut,2006
original,ln_area,control_clean_context,peanut,2007
original,ln_area,control_clean_context,peanut,2008
original,ln_area,control_clean_context,peanut,2009
original,ln_area,control_clean_context,peanut,2010
original,ln_area,control_clean_context,peanut,2011
original,ln_area,control_clean_context,peanut,2012
original,ln_area,control_clean_context,peanut,2013
original,ln_area,control_clean_context,peanut,2014
original,ln_area,control_clean_context,peanut,2015
original,ln_area,control_clean_context,peanut,2016
original,ln_area,control_clean_context,peanut,2017
original,ln_area,control_clean_context,peanut,2018
original,ln_area,control_clean_context,peanut,2019
original,ln_area,control_clean_context,peanut,2020
original,ln_area,control_clean_context,peanut,2021
original,ln_area,control_clean_context,peanut,2022
original,ln_area,control_clean_context,peanut,2023
original,ln_area,control_clean_context,peanut,2024
original,ln_area,control_clean_context,perilla,1991
original,ln_area,control_clean_context,perilla,1992
original,ln_area,control_clean_context,perilla,1993
original,ln_area,control_clean_context,perilla,1994
original,ln_area,control_clean_context,perilla,1995
original,ln_area,control_clean_context,perilla,1996
original,ln_area,control_clean_context,perilla,1997
original,ln_area,control_clean_context,perilla,1998
original,ln_area,control_clean_context,perilla,1999
original,ln_area,control_clean_context,perilla,2000
original,ln_area,control_clean_context,perilla,2001
original,ln_area,control_clean_context,perilla,2002
original,ln_area,control_clean_context,perilla,2003
original,ln_area,control_clean_context,perilla,2004
original,ln_area,control_clean_context,perilla,2005
original,ln_area,control_clean_context,perilla,2006
original,ln_area,control_clean_context,perilla,2007
original,ln_area,control_clean_context,perilla,2008
original,ln_area,control_clean_context,perilla,2009
original,ln_area,control_clean_context,perilla,2010
original,ln_area,control_clean_context,perilla,2011
original,ln_area,control_clean_context,perilla,2012
original,ln_area,control_clean_context,perilla,2013
original,ln_area,control_clean_context,perilla,2014
original,ln_area,control_clean_context,perilla,2015
original,ln_area,control_clean_context,perilla,2016
original,ln_area,control_clean_context,perilla,2017
original,ln_area,control_clean_context,perilla,2018
original,ln_area,control_clean_context,perilla,2019
original,ln_area,control_clean_context,perilla,2020
original,ln_area,control_clean_context,perilla,2021
original,ln_area,control_clean_context,perilla,2022
original,ln_area,control_clean_context,perilla,2023
original,ln_area,control_clean_context,perilla,2024
original,ln_area,control_clean_context,red_bean,1991
original,ln_area,control_clean_context,red_bean,1992
original,ln_area,control_clean_context,red_bean,1993
original,ln_area,control_clean_context,red_bean,1994
original,ln_area,control_clean_context,red_bean,1995
original,ln_area,control_clean_context,red_bean,1996
original,ln_area,control_clean_context,red_bean,1997
original,ln_area,control_clean_context,red_bean,1998
original,ln_area,control_clean_context,red_bean,1999
original,ln_area,control_clean_context,red_bean,2000
original,ln_area,control_clean_context,red_bean,2001
original,ln_area,control_clean_context,red_bean,2002
original,ln_area,control_clean_context,red_bean,2003
original,ln_area,control_clean_context,red_bean,2004
original,ln_area,control_clean_context,red_bean,2005
original,ln_area,control_clean_context,red_bean,2006
original,ln_area,control_clean_context,red_bean,2007
original,ln_area,control_clean_context,red_bean,2008
original,ln_area,control_clean_context,red_bean,2009
original,ln_area,control_clean_context,red_bean,2010
original,ln_area,control_clean_context,red_bean,2011
original,ln_area,control_clean_context,red_bean,2012
original,ln_area,control_clean_context,red_bean,2013
original,ln_area,control_clean_context,red_bean,2014
original,ln_area,control_clean_context,red_bean,2015
original,ln_area,control_clean_context,red_bean,2016
original,ln_area,control_clean_context,red_bean,2017
original,ln_area,control_clean_context,red_bean,2018
original,ln_area,control_clean_context,red_bean,2019
original,ln_area,control_clean_context,sesame,1991
original,ln_area,control_clean_context,sesame,1992
original,ln_area,control_clean_context,sesame,1993
original,ln_area,control_clean_context,sesame,1994
original,ln_area,control_clean_context,sesame,1995
original,ln_area,control_clean_context,sesame,1996
original,ln_area,control_clean_context,sesame,1997
original,ln_area,control_clean_context,sesame,1998
original,ln_area,control_clean_context,sesame,1999
original,ln_area,control_clean_context,sesame,2000
original,ln_area,control_clean_context,sesame,2001
original,ln_area,control_clean_context,sesame,2002
original,ln_area,control_clean_context,sesame,2003
original,ln_area,control_clean_context,sesame,2004
original,ln_area,control_clean_context,sesame,2005
original,ln_area,control_clean_context,sesame,2006
original,ln_area,control_clean_context,sesame,2007
original,ln_area,control_clean_context,sesame,2008
original,ln_area,control_clean_context,sesame,2009
original,ln_area,control_clean_context,sesame,2010
original,ln_area,control_clean_context,sesame,2011
original,ln_area,control_clean_context,sesame,2012
original,ln_area,control_clean_context,sesame,2013
original,ln_area,control_clean_context,sesame,2014
original,ln_area,control_clean_context,sesame,2015
original,ln_area,control_clean_context,sesame,2016
original,ln_area,control_clean_context,sesame,2017
original,ln_area,control_clean_context,sesame,2018
original,ln_area,control_clean_context,sesame,2019
original,ln_area,control_clean_context,sesame,2020
original,ln_area,control_clean_context,sesame,2021
original,ln_area,control_clean_context,sesame,2022
original,ln_area,control_clean_context,sesame,2023
original,ln_area,control_clean_context,sesame,2024
original,ln_area,control_clean_context,small_green_onion,2000
original,ln_area,control_clean_context,small_green_onion,2001
original,ln_area,control_clean_context,small_green_onion,2002
original,ln_area,control_clean_context,small_green_onion,2003
original,ln_area,control_clean_context,small_green_onion,2004
original,ln_area,control_clean_context,small_green_onion,2005
original,ln_area,control_clean_context,small_green_onion,2006
original,ln_area,control_clean_context,small_green_onion,2007
original,ln_area,control_clean_context,small_green_onion,2008
original,ln_area,control_clean_context,small_green_onion,2009
original,ln_area,control_clean_context,small_green_onion,2010
original,ln_area,control_clean_context,small_green_onion,2011
original,ln_area,control_clean_context,small_green_onion,2012
original,ln_area,control_clean_context,small_green_onion,2013
original,ln_area,control_clean_context,small_green_onion,2014
original,ln_area,control_clean_context,small_green_onion,2015
original,ln_area,control_clean_context,small_green_onion,2016
original,ln_area,control_clean_context,small_green_onion,2017
original,ln_area,control_clean_context,small_green_onion,2018
original,ln_area,control_clean_context,spinach,1991
original,ln_area,control_clean_context,spinach,1992
original,ln_area,control_clean_context,spinach,1993
original,ln_area,control_clean_context,spinach,1994
original,ln_area,control_clean_context,spinach,1995
original,ln_area,control_clean_context,spinach,1996
original,ln_area,control_clean_context,spinach,1997
original,ln_area,control_clean_context,spinach,1998
original,ln_area,control_clean_context,spinach,1999
original,ln_area,control_clean_context,spinach,2000
original,ln_area,control_clean_context,spinach,2001
original,ln_area,control_clean_context,spinach,2002
original,ln_area,control_clean_context,spinach,2003
original,ln_area,control_clean_context,spinach,2004
original,ln_area,control_clean_context,spinach,2005
original,ln_area,control_clean_context,spinach,2006
original,ln_area,control_clean_context,spinach,2007
original,ln_area,control_clean_context,spinach,2008
original,ln_area,control_clean_context,spinach,2009
original,ln_area,control_clean_context,spinach,2010
original,ln_area,control_clean_context,spinach,2011
original,ln_area,control_clean_context,spinach,2012
original,ln_area,control_clean_context,spinach,2013
original,ln_area,control_clean_context,spinach,2014
original,ln_area,control_clean_context,spinach,2015
original,ln_area,control_clean_context,spinach,2016
original,ln_area,control_clean_context,spinach,2017
original,ln_area,control_clean_context,spinach,2018
original,ln_area,control_clean_context,spinach,2019
original,ln_area,control_clean_context,spinach,2020
original,ln_area,control_clean_context,spring_napa,1991
original,ln_area,control_clean_context,spring_napa,1992
original,ln_area,control_clean_context,spring_napa,1993
original,ln_area,control_clean_context,spring_napa,1994
original,ln_area,control_clean_context,spring_napa,1995
original,ln_area,control_clean_context,spring_napa,1996
original,ln_area,control_clean_context,spring_napa,1997
original,ln_area,control_clean_context,spring_napa,1998
original,ln_area,control_clean_context,spring_napa,1999
original,ln_area,control_clean_context,spring_napa,2000
original,ln_area,control_clean_context,spring_napa,2001
original,ln_area,control_clean_context,spring_napa,2002
original,ln_area,control_clean_context,spring_napa,2003
original,ln_area,control_clean_context,spring_napa,2004
original,ln_area,control_clean_context,spring_napa,2005
original,ln_area,control_clean_context,spring_napa,2006
original,ln_area,control_clean_context,spring_napa,2007
original,ln_area,control_clean_context,spring_napa,2008
original,ln_area,control_clean_context,spring_napa,2009
original,ln_area,control_clean_context,spring_napa,2010
original,ln_area,control_clean_context,spring_napa,2011
original,ln_area,control_clean_context,spring_napa,2012
original,ln_area,control_clean_context,spring_napa,2013
original,ln_area,control_clean_context,spring_napa,2014
original,ln_area,control_clean_context,spring_napa,2015
original,ln_area,control_clean_context,spring_napa,2016
original,ln_area,control_clean_context,spring_napa,2017
original,ln_area,control_clean_context,spring_napa,2018
original,ln_area,control_clean_context,spring_napa,2019
original,ln_area,control_clean_context,spring_napa,2020
original,ln_area,control_clean_context,spring_napa,2021
original,ln_area,control_clean_context,spring_napa,2022
original,ln_area,control_clean_context,spring_napa,2023
original,ln_area,control_clean_context,spring_radish,1991
original,ln_area,control_clean_context,spring_radish,1992
original,ln_area,control_clean_context,spring_radish,1993
original,ln_area,control_clean_context,spring_radish,1994
original,ln_area,control_clean_context,spring_radish,1995
original,ln_area,control_clean_context,spring_radish,1996
original,ln_area,control_clean_context,spring_radish,1997
original,ln_area,control_clean_context,spring_radish,1998
original,ln_area,control_clean_context,spring_radish,1999
original,ln_area,control_clean_context,spring_radish,2000
original,ln_area,control_clean_context,spring_radish,2001
original,ln_area,control_clean_context,spring_radish,2002
original,ln_area,control_clean_context,spring_radish,2003
original,ln_area,control_clean_context,spring_radish,2004
original,ln_area,control_clean_context,spring_radish,2005
original,ln_area,control_clean_context,spring_radish,2006
original,ln_area,control_clean_context,spring_radish,2007
original,ln_area,control_clean_context,spring_radish,2008
original,ln_area,control_clean_context,spring_radish,2009
original,ln_area,control_clean_context,spring_radish,2010
original,ln_area,control_clean_context,spring_radish,2011
original,ln_area,control_clean_context,spring_radish,2012
original,ln_area,control_clean_context,spring_radish,2013
original,ln_area,control_clean_context,spring_radish,2014
original,ln_area,control_clean_context,spring_radish,2015
original,ln_area,control_clean_context,spring_radish,2016
original,ln_area,control_clean_context,spring_radish,2017
original,ln_area,control_clean_context,spring_radish,2018
original,ln_area,control_clean_context,spring_radish,2019
original,ln_area,control_clean_context,spring_radish,2020
original,ln_area,control_clean_context,spring_radish,2021
original,ln_area,control_clean_context,spring_radish,2022
original,ln_area,control_clean_context,spring_radish,2023
original,ln_area,control_clean_context,spring_radish,2024
original,ln_area,control_clean_context,wheat,1991
original,ln_area,control_clean_context,wheat,1992
original,ln_area,control_clean_context,wheat,1993
original,ln_area,control_clean_context,wheat,1994
original,ln_area,control_clean_context,wheat,1995
original,ln_area,control_clean_context,wheat,1996
original,ln_area,control_clean_context,wheat,1997
original,ln_area,control_clean_context,wheat,1998
original,ln_area,control_clean_context,wheat,1999
original,ln_area,control_clean_context,wheat,2000
original,ln_area,control_clean_context,wheat,2001
original,ln_area,control_clean_context,wheat,2002
original,ln_area,control_clean_context,wheat,2003
original,ln_area,control_clean_context,wheat,2004
original,ln_area,control_clean_context,wheat,2005
original,ln_area,control_clean_context,wheat,2006
original,ln_area,control_clean_context,wheat,2007
original,ln_area,control_clean_context,wheat,2008
original,ln_area,control_clean_context,wheat,2009
original,ln_area,control_clean_context,wheat,2010
original,ln_area,control_clean_context,wheat,2011
original,ln_area,control_clean_context,wheat,2012
original,ln_area,control_clean_context,wheat,2013
original,ln_area,control_clean_context,wheat,2014
original,ln_area,control_clean_context,wheat,2015
original,ln_area,control_clean_context,wheat,2016
original,ln_area,control_clean_context,winter_napa,2014
original,ln_area,control_clean_context,winter_napa,2015
original,ln_area,control_clean_context,winter_napa,2016
original,ln_area,control_clean_context,winter_napa,2017
original,ln_area,control_clean_context,winter_napa,2018
original,ln_area,control_clean_context,winter_napa,2019
original,ln_area,control_clean_context,winter_radish,2014
original,ln_area,control_clean_context,winter_radish,2015
original,ln_area,control_clean_context,winter_radish,2016
original,ln_area,control_clean_context,winter_radish,2017
original,ln_area,control_clean_context,winter_radish,2018
original,ln_area,control_clean_context,winter_radish,2019
original,ln_yield,treated_clean_pre,corn,1991
original,ln_yield,treated_clean_pre,corn,1992
original,ln_yield,treated_clean_pre,corn,1993
original,ln_yield,treated_clean_pre,corn,1994
original,ln_yield,treated_clean_pre,corn,1995
original,ln_yield,treated_clean_pre,corn,1996
original,ln_yield,treated_clean_pre,corn,1997
original,ln_yield,treated_clean_pre,corn,1998
original,ln_yield,treated_clean_pre,corn,1999
original,ln_yield,treated_clean_pre,corn,2000
original,ln_yield,treated_clean_pre,corn,2001
original,ln_yield,treated_clean_pre,corn,2002
original,ln_yield,treated_clean_pre,corn,2003
original,ln_yield,treated_clean_pre,corn,2004
original,ln_yield,treated_clean_pre,corn,2005
original,ln_yield,treated_clean_pre,corn,2006
original,ln_yield,treated_clean_pre,corn,2007
original,ln_yield,treated_clean_pre,corn,2008
original,ln_yield,treated_clean_pre,garlic,1991
original,ln_yield,treated_clean_pre,garlic,1992
original,ln_yield,treated_clean_pre,garlic,1993
original,ln_yield,treated_clean_pre,garlic,1994
original,ln_yield,treated_clean_pre,garlic,1995
original,ln_yield,treated_clean_pre,garlic,1996
original,ln_yield,treated_clean_pre,garlic,1997
original,ln_yield,treated_clean_pre,garlic,1998
original,ln_yield,treated_clean_pre,garlic,1999
original,ln_yield,treated_clean_pre,garlic,2000
original,ln_yield,treated_clean_pre,garlic,2001
original,ln_yield,treated_clean_pre,garlic,2002
original,ln_yield,treated_clean_pre,garlic,2003
original,ln_yield,treated_clean_pre,garlic,2004
original,ln_yield,treated_clean_pre,garlic,2005
original,ln_yield,treated_clean_pre,garlic,2006
original,ln_yield,treated_clean_pre,garlic,2007
original,ln_yield,treated_clean_pre,garlic,2008
original,ln_yield,treated_clean_pre,garlic,2009
original,ln_yield,treated_clean_pre,onion,1991
original,ln_yield,treated_clean_pre,onion,1992
original,ln_yield,treated_clean_pre,onion,1993
original,ln_yield,treated_clean_pre,onion,1994
original,ln_yield,treated_clean_pre,onion,1995
original,ln_yield,treated_clean_pre,onion,1996
original,ln_yield,treated_clean_pre,onion,1997
original,ln_yield,treated_clean_pre,onion,1998
original,ln_yield,treated_clean_pre,onion,1999
original,ln_yield,treated_clean_pre,onion,2000
original,ln_yield,treated_clean_pre,onion,2001
original,ln_yield,treated_clean_pre,onion,2002
original,ln_yield,treated_clean_pre,onion,2003
original,ln_yield,treated_clean_pre,onion,2004
original,ln_yield,treated_clean_pre,onion,2005
original,ln_yield,treated_clean_pre,onion,2006
original,ln_yield,treated_clean_pre,onion,2007
original,ln_yield,treated_clean_pre,onion,2008
original,ln_yield,treated_clean_pre,red_pepper,1991
original,ln_yield,treated_clean_pre,red_pepper,1992
original,ln_yield,treated_clean_pre,red_pepper,1993
original,ln_yield,treated_clean_pre,red_pepper,1994
original,ln_yield,treated_clean_pre,red_pepper,1995
original,ln_yield,treated_clean_pre,red_pepper,1996
original,ln_yield,treated_clean_pre,red_pepper,1997
original,ln_yield,treated_clean_pre,red_pepper,1998
original,ln_yield,treated_clean_pre,red_pepper,1999
original,ln_yield,treated_clean_pre,red_pepper,2000
original,ln_yield,treated_clean_pre,red_pepper,2001
original,ln_yield,treated_clean_pre,red_pepper,2002
original,ln_yield,treated_clean_pre,red_pepper,2003
original,ln_yield,treated_clean_pre,red_pepper,2004
original,ln_yield,treated_clean_pre,red_pepper,2005
original,ln_yield,treated_clean_pre,red_pepper,2006
original,ln_yield,treated_clean_pre,red_pepper,2007
original,ln_yield,treated_clean_pre,soybean,1991
original,ln_yield,treated_clean_pre,soybean,1992
original,ln_yield,treated_clean_pre,soybean,1993
original,ln_yield,treated_clean_pre,soybean,1994
original,ln_yield,treated_clean_pre,soybean,1995
original,ln_yield,treated_clean_pre,soybean,1996
original,ln_yield,treated_clean_pre,soybean,1997
original,ln_yield,treated_clean_pre,soybean,1998
original,ln_yield,treated_clean_pre,soybean,1999
original,ln_yield,treated_clean_pre,soybean,2000
original,ln_yield,treated_clean_pre,soybean,2001
original,ln_yield,treated_clean_pre,soybean,2002
original,ln_yield,treated_clean_pre,soybean,2003
original,ln_yield,treated_clean_pre,soybean,2004
original,ln_yield,treated_clean_pre,soybean,2005
original,ln_yield,treated_clean_pre,soybean,2006
original,ln_yield,treated_clean_pre,soybean,2007
original,ln_yield,treated_clean_pre,spring_potato,1991
original,ln_yield,treated_clean_pre,spring_potato,1992
original,ln_yield,treated_clean_pre,spring_potato,1993
original,ln_yield,treated_clean_pre,spring_potato,1994
original,ln_yield,treated_clean_pre,spring_potato,1995
original,ln_yield,treated_clean_pre,spring_potato,1996
original,ln_yield,treated_clean_pre,spring_potato,1997
original,ln_yield,treated_clean_pre,spring_potato,1998
original,ln_yield,treated_clean_pre,spring_potato,1999
original,ln_yield,treated_clean_pre,spring_potato,2000
original,ln_yield,treated_clean_pre,spring_potato,2001
original,ln_yield,treated_clean_pre,spring_potato,2002
original,ln_yield,treated_clean_pre,spring_potato,2003
original,ln_yield,treated_clean_pre,spring_potato,2004
original,ln_yield,treated_clean_pre,spring_potato,2005
original,ln_yield,treated_clean_pre,spring_potato,2006
original,ln_yield,treated_clean_pre,spring_potato,2007
original,ln_yield,treated_clean_pre,sweet_potato,1991
original,ln_yield,treated_clean_pre,sweet_potato,1992
original,ln_yield,treated_clean_pre,sweet_potato,1993
original,ln_yield,treated_clean_pre,sweet_potato,1994
original,ln_yield,treated_clean_pre,sweet_potato,1995
original,ln_yield,treated_clean_pre,sweet_potato,1996
original,ln_yield,treated_clean_pre,sweet_potato,1997
original,ln_yield,treated_clean_pre,sweet_potato,1998
original,ln_yield,treated_clean_pre,sweet_potato,1999
original,ln_yield,treated_clean_pre,sweet_potato,2000
original,ln_yield,treated_clean_pre,sweet_potato,2001
original,ln_yield,treated_clean_pre,sweet_potato,2002
original,ln_yield,treated_clean_pre,sweet_potato,2003
original,ln_yield,treated_clean_pre,sweet_potato,2004
original,ln_yield,treated_clean_pre,sweet_potato,2005
original,ln_yield,treated_clean_pre,sweet_potato,2006
original,ln_yield,treated_clean_pre,sweet_potato,2007
original,ln_yield,treated_clean_pre,sweet_potato,2008
original,ln_yield,treated_base,corn,2008
original,ln_yield,treated_base,garlic,2009
original,ln_yield,treated_base,onion,2008
original,ln_yield,treated_base,red_pepper,2007
original,ln_yield,treated_base,soybean,2007
original,ln_yield,treated_base,spring_potato,2007
original,ln_yield,treated_base,sweet_potato,2008
original,ln_yield,treated_post,corn,2013
original,ln_yield,treated_post,corn,2014
original,ln_yield,treated_post,corn,2015
original,ln_yield,treated_post,corn,2016
original,ln_yield,treated_post,corn,2017
original,ln_yield,treated_post,corn,2018
original,ln_yield,treated_post,corn,2019
original,ln_yield,treated_post,corn,2020
original,ln_yield,treated_post,corn,2021
original,ln_yield,treated_post,corn,2022
original,ln_yield,treated_post,garlic,2013
original,ln_yield,treated_post,garlic,2014
original,ln_yield,treated_post,garlic,2015
original,ln_yield,treated_post,garlic,2016
original,ln_yield,treated_post,garlic,2017
original,ln_yield,treated_post,garlic,2018
original,ln_yield,treated_post,garlic,2019
original,ln_yield,treated_post,garlic,2020
original,ln_yield,treated_post,garlic,2021
original,ln_yield,treated_post,garlic,2022
original,ln_yield,treated_post,onion,2012
original,ln_yield,treated_post,onion,2013
original,ln_yield,treated_post,onion,2014
original,ln_yield,treated_post,onion,2015
original,ln_yield,treated_post,onion,2016
original,ln_yield,treated_post,onion,2017
original,ln_yield,treated_post,onion,2018
original,ln_yield,treated_post,onion,2019
original,ln_yield,treated_post,onion,2020
original,ln_yield,treated_post,onion,2021
original,ln_yield,treated_post,red_pepper,2015
original,ln_yield,treated_post,red_pepper,2016
original,ln_yield,treated_post,red_pepper,2017
original,ln_yield,treated_post,red_pepper,2018
original,ln_yield,treated_post,red_pepper,2019
original,ln_yield,treated_post,red_pepper,2020
original,ln_yield,treated_post,red_pepper,2021
original,ln_yield,treated_post,red_pepper,2022
original,ln_yield,treated_post,red_pepper,2023
original,ln_yield,treated_post,red_pepper,2024
original,ln_yield,treated_post,soybean,2012
original,ln_yield,treated_post,soybean,2013
original,ln_yield,treated_post,soybean,2014
original,ln_yield,treated_post,soybean,2015
original,ln_yield,treated_post,soybean,2016
original,ln_yield,treated_post,soybean,2017
original,ln_yield,treated_post,soybean,2018
original,ln_yield,treated_post,soybean,2019
original,ln_yield,treated_post,soybean,2020
original,ln_yield,treated_post,soybean,2021
original,ln_yield,treated_post,spring_potato,2013
original,ln_yield,treated_post,spring_potato,2014
original,ln_yield,treated_post,spring_potato,2015
original,ln_yield,treated_post,spring_potato,2016
original,ln_yield,treated_post,spring_potato,2017
original,ln_yield,treated_post,spring_potato,2018
original,ln_yield,treated_post,spring_potato,2019
original,ln_yield,treated_post,spring_potato,2020
original,ln_yield,treated_post,spring_potato,2021
original,ln_yield,treated_post,spring_potato,2022
original,ln_yield,treated_post,sweet_potato,2013
original,ln_yield,treated_post,sweet_potato,2014
original,ln_yield,treated_post,sweet_potato,2015
original,ln_yield,treated_post,sweet_potato,2016
original,ln_yield,treated_post,sweet_potato,2017
original,ln_yield,treated_post,sweet_potato,2018
original,ln_yield,treated_post,sweet_potato,2019
original,ln_yield,treated_post,sweet_potato,2020
original,ln_yield,treated_post,sweet_potato,2021
original,ln_yield,treated_post,sweet_potato,2022
original,ln_yield,control_used,autumn_napa,2007
original,ln_yield,control_used,autumn_napa,2008
original,ln_yield,control_used,autumn_napa,2009
original,ln_yield,control_used,autumn_napa,2012
original,ln_yield,control_used,autumn_napa,2013
original,ln_yield,control_used,autumn_napa,2014
original,ln_yield,control_used,autumn_napa,2015
original,ln_yield,control_used,autumn_napa,2016
original,ln_yield,control_used,autumn_napa,2017
original,ln_yield,control_used,autumn_napa,2018
original,ln_yield,control_used,autumn_napa,2019
original,ln_yield,control_used,autumn_napa,2020
original,ln_yield,control_used,autumn_napa,2021
original,ln_yield,control_used,autumn_radish,2007
original,ln_yield,control_used,autumn_radish,2008
original,ln_yield,control_used,autumn_radish,2009
original,ln_yield,control_used,autumn_radish,2012
original,ln_yield,control_used,autumn_radish,2013
original,ln_yield,control_used,autumn_radish,2014
original,ln_yield,control_used,autumn_radish,2015
original,ln_yield,control_used,autumn_radish,2016
original,ln_yield,control_used,autumn_radish,2017
original,ln_yield,control_used,autumn_radish,2018
original,ln_yield,control_used,autumn_radish,2019
original,ln_yield,control_used,autumn_radish,2020
original,ln_yield,control_used,autumn_radish,2021
original,ln_yield,control_used,autumn_radish,2022
original,ln_yield,control_used,autumn_radish,2023
original,ln_yield,control_used,barley,2007
original,ln_yield,control_used,barley,2008
original,ln_yield,control_used,barley,2009
original,ln_yield,control_used,barley,2012
original,ln_yield,control_used,barley,2013
original,ln_yield,control_used,barley,2014
original,ln_yield,control_used,barley,2015
original,ln_yield,control_used,barley,2016
original,ln_yield,control_used,barley,2017
original,ln_yield,control_used,barley,2018
original,ln_yield,control_used,barley,2019
original,ln_yield,control_used,barley,2020
original,ln_yield,control_used,cabbage,2007
original,ln_yield,control_used,cabbage,2008
original,ln_yield,control_used,cabbage,2009
original,ln_yield,control_used,cabbage,2012
original,ln_yield,control_used,cabbage,2013
original,ln_yield,control_used,cabbage,2014
original,ln_yield,control_used,cabbage,2015
original,ln_yield,control_used,cabbage,2016
original,ln_yield,control_used,carrot,2007
original,ln_yield,control_used,carrot,2008
original,ln_yield,control_used,carrot,2009
original,ln_yield,control_used,carrot,2012
original,ln_yield,control_used,carrot,2013
original,ln_yield,control_used,carrot,2014
original,ln_yield,control_used,carrot,2015
original,ln_yield,control_used,carrot,2016
original,ln_yield,control_used,carrot,2017
original,ln_yield,control_used,carrot,2018
original,ln_yield,control_used,ginger,2007
original,ln_yield,control_used,ginger,2008
original,ln_yield,control_used,ginger,2009
original,ln_yield,control_used,ginger,2012
original,ln_yield,control_used,ginger,2013
original,ln_yield,control_used,ginger,2014
original,ln_yield,control_used,ginger,2015
original,ln_yield,control_used,ginger,2016
original,ln_yield,control_used,ginger,2017
original,ln_yield,control_used,ginger,2018
original,ln_yield,control_used,ginger,2019
original,ln_yield,control_used,ginger,2020
original,ln_yield,control_used,ginger,2021
original,ln_yield,control_used,ginger,2022
original,ln_yield,control_used,ginger,2023
original,ln_yield,control_used,ginger,2024
original,ln_yield,control_used,highland_napa,2007
original,ln_yield,control_used,highland_napa,2008
original,ln_yield,control_used,highland_napa,2009
original,ln_yield,control_used,highland_napa,2012
original,ln_yield,control_used,highland_napa,2013
original,ln_yield,control_used,highland_napa,2014
original,ln_yield,control_used,highland_napa,2015
original,ln_yield,control_used,highland_napa,2016
original,ln_yield,control_used,highland_napa,2017
original,ln_yield,control_used,highland_napa,2018
original,ln_yield,control_used,highland_radish,2007
original,ln_yield,control_used,highland_radish,2008
original,ln_yield,control_used,highland_radish,2009
original,ln_yield,control_used,highland_radish,2012
original,ln_yield,control_used,highland_radish,2013
original,ln_yield,control_used,highland_radish,2014
original,ln_yield,control_used,highland_radish,2015
original,ln_yield,control_used,highland_radish,2016
original,ln_yield,control_used,highland_radish,2017
original,ln_yield,control_used,highland_radish,2018
original,ln_yield,control_used,large_green_onion,2007
original,ln_yield,control_used,large_green_onion,2008
original,ln_yield,control_used,large_green_onion,2009
original,ln_yield,control_used,large_green_onion,2012
original,ln_yield,control_used,large_green_onion,2013
original,ln_yield,control_used,large_green_onion,2014
original,ln_yield,control_used,large_green_onion,2015
original,ln_yield,control_used,large_green_onion,2016
original,ln_yield,control_used,large_green_onion,2017
original,ln_yield,control_used,large_green_onion,2018
original,ln_yield,control_used,leaf_lettuce,2007
original,ln_yield,control_used,leaf_lettuce,2008
original,ln_yield,control_used,leaf_lettuce,2009
original,ln_yield,control_used,leaf_lettuce,2012
original,ln_yield,control_used,leaf_lettuce,2013
original,ln_yield,control_used,leaf_lettuce,2014
original,ln_yield,control_used,leaf_lettuce,2015
original,ln_yield,control_used,leaf_lettuce,2016
original,ln_yield,control_used,leaf_lettuce,2017
original,ln_yield,control_used,leaf_lettuce,2018
original,ln_yield,control_used,leaf_lettuce,2019
original,ln_yield,control_used,leaf_lettuce,2020
original,ln_yield,control_used,leaf_lettuce,2021
original,ln_yield,control_used,leaf_lettuce,2022
original,ln_yield,control_used,leaf_lettuce,2023
original,ln_yield,control_used,leaf_lettuce,2024
original,ln_yield,control_used,malting_barley,2007
original,ln_yield,control_used,malting_barley,2008
original,ln_yield,control_used,malting_barley,2009
original,ln_yield,control_used,malting_barley,2012
original,ln_yield,control_used,malting_barley,2013
original,ln_yield,control_used,malting_barley,2014
original,ln_yield,control_used,malting_barley,2015
original,ln_yield,control_used,malting_barley,2016
original,ln_yield,control_used,malting_barley,2017
original,ln_yield,control_used,malting_barley,2018
original,ln_yield,control_used,malting_barley,2019
original,ln_yield,control_used,malting_barley,2020
original,ln_yield,control_used,mung_bean,2007
original,ln_yield,control_used,mung_bean,2008
original,ln_yield,control_used,mung_bean,2009
original,ln_yield,control_used,mung_bean,2012
original,ln_yield,control_used,mung_bean,2013
original,ln_yield,control_used,mung_bean,2014
original,ln_yield,control_used,mung_bean,2015
original,ln_yield,control_used,mung_bean,2016
original,ln_yield,control_used,mung_bean,2017
original,ln_yield,control_used,mung_bean,2018
original,ln_yield,control_used,mung_bean,2019
original,ln_yield,control_used,mung_bean,2020
original,ln_yield,control_used,mung_bean,2021
original,ln_yield,control_used,mung_bean,2022
original,ln_yield,control_used,mung_bean,2023
original,ln_yield,control_used,mung_bean,2024
original,ln_yield,control_used,other_pulses,2007
original,ln_yield,control_used,other_pulses,2008
original,ln_yield,control_used,other_pulses,2009
original,ln_yield,control_used,other_pulses,2012
original,ln_yield,control_used,other_pulses,2013
original,ln_yield,control_used,other_pulses,2014
original,ln_yield,control_used,other_pulses,2015
original,ln_yield,control_used,other_pulses,2016
original,ln_yield,control_used,other_pulses,2017
original,ln_yield,control_used,other_pulses,2018
original,ln_yield,control_used,other_pulses,2019
original,ln_yield,control_used,other_pulses,2020
original,ln_yield,control_used,other_pulses,2021
original,ln_yield,control_used,other_pulses,2022
original,ln_yield,control_used,other_pulses,2023
original,ln_yield,control_used,other_pulses,2024
original,ln_yield,control_used,peanut,2007
original,ln_yield,control_used,peanut,2008
original,ln_yield,control_used,peanut,2009
original,ln_yield,control_used,peanut,2012
original,ln_yield,control_used,peanut,2013
original,ln_yield,control_used,peanut,2014
original,ln_yield,control_used,peanut,2015
original,ln_yield,control_used,peanut,2016
original,ln_yield,control_used,peanut,2017
original,ln_yield,control_used,peanut,2018
original,ln_yield,control_used,peanut,2019
original,ln_yield,control_used,peanut,2020
original,ln_yield,control_used,peanut,2021
original,ln_yield,control_used,peanut,2022
original,ln_yield,control_used,peanut,2023
original,ln_yield,control_used,peanut,2024
original,ln_yield,control_used,perilla,2007
original,ln_yield,control_used,perilla,2008
original,ln_yield,control_used,perilla,2009
original,ln_yield,control_used,perilla,2012
original,ln_yield,control_used,perilla,2013
original,ln_yield,control_used,perilla,2014
original,ln_yield,control_used,perilla,2015
original,ln_yield,control_used,perilla,2016
original,ln_yield,control_used,perilla,2017
original,ln_yield,control_used,perilla,2018
original,ln_yield,control_used,perilla,2019
original,ln_yield,control_used,perilla,2020
original,ln_yield,control_used,perilla,2021
original,ln_yield,control_used,perilla,2022
original,ln_yield,control_used,perilla,2023
original,ln_yield,control_used,perilla,2024
original,ln_yield,control_used,red_bean,2007
original,ln_yield,control_used,red_bean,2008
original,ln_yield,control_used,red_bean,2009
original,ln_yield,control_used,red_bean,2012
original,ln_yield,control_used,red_bean,2013
original,ln_yield,control_used,red_bean,2014
original,ln_yield,control_used,red_bean,2015
original,ln_yield,control_used,red_bean,2016
original,ln_yield,control_used,red_bean,2017
original,ln_yield,control_used,red_bean,2018
original,ln_yield,control_used,red_bean,2019
original,ln_yield,control_used,sesame,2007
original,ln_yield,control_used,sesame,2008
original,ln_yield,control_used,sesame,2009
original,ln_yield,control_used,sesame,2012
original,ln_yield,control_used,sesame,2013
original,ln_yield,control_used,sesame,2014
original,ln_yield,control_used,sesame,2015
original,ln_yield,control_used,sesame,2016
original,ln_yield,control_used,sesame,2017
original,ln_yield,control_used,sesame,2018
original,ln_yield,control_used,sesame,2019
original,ln_yield,control_used,sesame,2020
original,ln_yield,control_used,sesame,2021
original,ln_yield,control_used,sesame,2022
original,ln_yield,control_used,sesame,2023
original,ln_yield,control_used,sesame,2024
original,ln_yield,control_used,small_green_onion,2007
original,ln_yield,control_used,small_green_onion,2008
original,ln_yield,control_used,small_green_onion,2009
original,ln_yield,control_used,small_green_onion,2012
original,ln_yield,control_used,small_green_onion,2013
original,ln_yield,control_used,small_green_onion,2014
original,ln_yield,control_used,small_green_onion,2015
original,ln_yield,control_used,small_green_onion,2016
original,ln_yield,control_used,small_green_onion,2017
original,ln_yield,control_used,small_green_onion,2018
original,ln_yield,control_used,spinach,2007
original,ln_yield,control_used,spinach,2008
original,ln_yield,control_used,spinach,2009
original,ln_yield,control_used,spinach,2012
original,ln_yield,control_used,spinach,2013
original,ln_yield,control_used,spinach,2014
original,ln_yield,control_used,spinach,2015
original,ln_yield,control_used,spinach,2016
original,ln_yield,control_used,spinach,2017
original,ln_yield,control_used,spinach,2018
original,ln_yield,control_used,spinach,2019
original,ln_yield,control_used,spinach,2020
original,ln_yield,control_used,spring_napa,2007
original,ln_yield,control_used,spring_napa,2008
original,ln_yield,control_used,spring_napa,2009
original,ln_yield,control_used,spring_napa,2012
original,ln_yield,control_used,spring_napa,2013
original,ln_yield,control_used,spring_napa,2014
original,ln_yield,control_used,spring_napa,2015
original,ln_yield,control_used,spring_napa,2016
original,ln_yield,control_used,spring_napa,2017
original,ln_yield,control_used,spring_napa,2018
original,ln_yield,control_used,spring_napa,2019
original,ln_yield,control_used,spring_napa,2020
original,ln_yield,control_used,spring_napa,2021
original,ln_yield,control_used,spring_napa,2022
original,ln_yield,control_used,spring_napa,2023
original,ln_yield,control_used,spring_radish,2007
original,ln_yield,control_used,spring_radish,2008
original,ln_yield,control_used,spring_radish,2009
original,ln_yield,control_used,spring_radish,2012
original,ln_yield,control_used,spring_radish,2013
original,ln_yield,control_used,spring_radish,2014
original,ln_yield,control_used,spring_radish,2015
original,ln_yield,control_used,spring_radish,2016
original,ln_yield,control_used,spring_radish,2017
original,ln_yield,control_used,spring_radish,2018
original,ln_yield,control_used,spring_radish,2019
original,ln_yield,control_used,spring_radish,2020
original,ln_yield,control_used,spring_radish,2021
original,ln_yield,control_used,spring_radish,2022
original,ln_yield,control_used,spring_radish,2023
original,ln_yield,control_used,spring_radish,2024
original,ln_yield,control_used,wheat,2007
original,ln_yield,control_used,wheat,2008
original,ln_yield,control_used,wheat,2009
original,ln_yield,control_used,wheat,2012
original,ln_yield,control_used,wheat,2013
original,ln_yield,control_used,wheat,2014
original,ln_yield,control_used,wheat,2015
original,ln_yield,control_used,wheat,2016
original,ln_yield,control_clean_context,autumn_napa,1991
original,ln_yield,control_clean_context,autumn_napa,1992
original,ln_yield,control_clean_context,autumn_napa,1993
original,ln_yield,control_clean_context,autumn_napa,1994
original,ln_yield,control_clean_context,autumn_napa,1995
original,ln_yield,control_clean_context,autumn_napa,1996
original,ln_yield,control_clean_context,autumn_napa,1997
original,ln_yield,control_clean_context,autumn_napa,1998
original,ln_yield,control_clean_context,autumn_napa,1999
original,ln_yield,control_clean_context,autumn_napa,2000
original,ln_yield,control_clean_context,autumn_napa,2001
original,ln_yield,control_clean_context,autumn_napa,2002
original,ln_yield,control_clean_context,autumn_napa,2003
original,ln_yield,control_clean_context,autumn_napa,2004
original,ln_yield,control_clean_context,autumn_napa,2005
original,ln_yield,control_clean_context,autumn_napa,2006
original,ln_yield,control_clean_context,autumn_napa,2007
original,ln_yield,control_clean_context,autumn_napa,2008
original,ln_yield,control_clean_context,autumn_napa,2009
original,ln_yield,control_clean_context,autumn_napa,2010
original,ln_yield,control_clean_context,autumn_napa,2011
original,ln_yield,control_clean_context,autumn_napa,2012
original,ln_yield,control_clean_context,autumn_napa,2013
original,ln_yield,control_clean_context,autumn_napa,2014
original,ln_yield,control_clean_context,autumn_napa,2015
original,ln_yield,control_clean_context,autumn_napa,2016
original,ln_yield,control_clean_context,autumn_napa,2017
original,ln_yield,control_clean_context,autumn_napa,2018
original,ln_yield,control_clean_context,autumn_napa,2019
original,ln_yield,control_clean_context,autumn_napa,2020
original,ln_yield,control_clean_context,autumn_napa,2021
original,ln_yield,control_clean_context,autumn_radish,1991
original,ln_yield,control_clean_context,autumn_radish,1992
original,ln_yield,control_clean_context,autumn_radish,1993
original,ln_yield,control_clean_context,autumn_radish,1994
original,ln_yield,control_clean_context,autumn_radish,1995
original,ln_yield,control_clean_context,autumn_radish,1996
original,ln_yield,control_clean_context,autumn_radish,1997
original,ln_yield,control_clean_context,autumn_radish,1998
original,ln_yield,control_clean_context,autumn_radish,1999
original,ln_yield,control_clean_context,autumn_radish,2000
original,ln_yield,control_clean_context,autumn_radish,2001
original,ln_yield,control_clean_context,autumn_radish,2002
original,ln_yield,control_clean_context,autumn_radish,2003
original,ln_yield,control_clean_context,autumn_radish,2004
original,ln_yield,control_clean_context,autumn_radish,2005
original,ln_yield,control_clean_context,autumn_radish,2006
original,ln_yield,control_clean_context,autumn_radish,2007
original,ln_yield,control_clean_context,autumn_radish,2008
original,ln_yield,control_clean_context,autumn_radish,2009
original,ln_yield,control_clean_context,autumn_radish,2010
original,ln_yield,control_clean_context,autumn_radish,2011
original,ln_yield,control_clean_context,autumn_radish,2012
original,ln_yield,control_clean_context,autumn_radish,2013
original,ln_yield,control_clean_context,autumn_radish,2014
original,ln_yield,control_clean_context,autumn_radish,2015
original,ln_yield,control_clean_context,autumn_radish,2016
original,ln_yield,control_clean_context,autumn_radish,2017
original,ln_yield,control_clean_context,autumn_radish,2018
original,ln_yield,control_clean_context,autumn_radish,2019
original,ln_yield,control_clean_context,autumn_radish,2020
original,ln_yield,control_clean_context,autumn_radish,2021
original,ln_yield,control_clean_context,autumn_radish,2022
original,ln_yield,control_clean_context,autumn_radish,2023
original,ln_yield,control_clean_context,barley,1991
original,ln_yield,control_clean_context,barley,1992
original,ln_yield,control_clean_context,barley,1993
original,ln_yield,control_clean_context,barley,1994
original,ln_yield,control_clean_context,barley,1995
original,ln_yield,control_clean_context,barley,1996
original,ln_yield,control_clean_context,barley,1997
original,ln_yield,control_clean_context,barley,1998
original,ln_yield,control_clean_context,barley,1999
original,ln_yield,control_clean_context,barley,2000
original,ln_yield,control_clean_context,barley,2001
original,ln_yield,control_clean_context,barley,2002
original,ln_yield,control_clean_context,barley,2003
original,ln_yield,control_clean_context,barley,2004
original,ln_yield,control_clean_context,barley,2005
original,ln_yield,control_clean_context,barley,2006
original,ln_yield,control_clean_context,barley,2007
original,ln_yield,control_clean_context,barley,2008
original,ln_yield,control_clean_context,barley,2009
original,ln_yield,control_clean_context,barley,2010
original,ln_yield,control_clean_context,barley,2011
original,ln_yield,control_clean_context,barley,2012
original,ln_yield,control_clean_context,barley,2013
original,ln_yield,control_clean_context,barley,2014
original,ln_yield,control_clean_context,barley,2015
original,ln_yield,control_clean_context,barley,2016
original,ln_yield,control_clean_context,barley,2017
original,ln_yield,control_clean_context,barley,2018
original,ln_yield,control_clean_context,barley,2019
original,ln_yield,control_clean_context,barley,2020
original,ln_yield,control_clean_context,cabbage,1991
original,ln_yield,control_clean_context,cabbage,1992
original,ln_yield,control_clean_context,cabbage,1993
original,ln_yield,control_clean_context,cabbage,1994
original,ln_yield,control_clean_context,cabbage,1995
original,ln_yield,control_clean_context,cabbage,1996
original,ln_yield,control_clean_context,cabbage,1997
original,ln_yield,control_clean_context,cabbage,1998
original,ln_yield,control_clean_context,cabbage,1999
original,ln_yield,control_clean_context,cabbage,2000
original,ln_yield,control_clean_context,cabbage,2001
original,ln_yield,control_clean_context,cabbage,2002
original,ln_yield,control_clean_context,cabbage,2003
original,ln_yield,control_clean_context,cabbage,2004
original,ln_yield,control_clean_context,cabbage,2005
original,ln_yield,control_clean_context,cabbage,2006
original,ln_yield,control_clean_context,cabbage,2007
original,ln_yield,control_clean_context,cabbage,2008
original,ln_yield,control_clean_context,cabbage,2009
original,ln_yield,control_clean_context,cabbage,2010
original,ln_yield,control_clean_context,cabbage,2011
original,ln_yield,control_clean_context,cabbage,2012
original,ln_yield,control_clean_context,cabbage,2013
original,ln_yield,control_clean_context,cabbage,2014
original,ln_yield,control_clean_context,cabbage,2015
original,ln_yield,control_clean_context,cabbage,2016
original,ln_yield,control_clean_context,carrot,1991
original,ln_yield,control_clean_context,carrot,1992
original,ln_yield,control_clean_context,carrot,1993
original,ln_yield,control_clean_context,carrot,1994
original,ln_yield,control_clean_context,carrot,1995
original,ln_yield,control_clean_context,carrot,1996
original,ln_yield,control_clean_context,carrot,1997
original,ln_yield,control_clean_context,carrot,1998
original,ln_yield,control_clean_context,carrot,1999
original,ln_yield,control_clean_context,carrot,2000
original,ln_yield,control_clean_context,carrot,2001
original,ln_yield,control_clean_context,carrot,2002
original,ln_yield,control_clean_context,carrot,2003
original,ln_yield,control_clean_context,carrot,2004
original,ln_yield,control_clean_context,carrot,2005
original,ln_yield,control_clean_context,carrot,2006
original,ln_yield,control_clean_context,carrot,2007
original,ln_yield,control_clean_context,carrot,2008
original,ln_yield,control_clean_context,carrot,2009
original,ln_yield,control_clean_context,carrot,2010
original,ln_yield,control_clean_context,carrot,2011
original,ln_yield,control_clean_context,carrot,2012
original,ln_yield,control_clean_context,carrot,2013
original,ln_yield,control_clean_context,carrot,2014
original,ln_yield,control_clean_context,carrot,2015
original,ln_yield,control_clean_context,carrot,2016
original,ln_yield,control_clean_context,carrot,2017
original,ln_yield,control_clean_context,carrot,2018
original,ln_yield,control_clean_context,ginger,1991
original,ln_yield,control_clean_context,ginger,1992
original,ln_yield,control_clean_context,ginger,1993
original,ln_yield,control_clean_context,ginger,1994
original,ln_yield,control_clean_context,ginger,1995
original,ln_yield,control_clean_context,ginger,1996
original,ln_yield,control_clean_context,ginger,1997
original,ln_yield,control_clean_context,ginger,1998
original,ln_yield,control_clean_context,ginger,1999
original,ln_yield,control_clean_context,ginger,2000
original,ln_yield,control_clean_context,ginger,2001
original,ln_yield,control_clean_context,ginger,2002
original,ln_yield,control_clean_context,ginger,2003
original,ln_yield,control_clean_context,ginger,2004
original,ln_yield,control_clean_context,ginger,2005
original,ln_yield,control_clean_context,ginger,2006
original,ln_yield,control_clean_context,ginger,2007
original,ln_yield,control_clean_context,ginger,2008
original,ln_yield,control_clean_context,ginger,2009
original,ln_yield,control_clean_context,ginger,2010
original,ln_yield,control_clean_context,ginger,2011
original,ln_yield,control_clean_context,ginger,2012
original,ln_yield,control_clean_context,ginger,2013
original,ln_yield,control_clean_context,ginger,2014
original,ln_yield,control_clean_context,ginger,2015
original,ln_yield,control_clean_context,ginger,2016
original,ln_yield,control_clean_context,ginger,2017
original,ln_yield,control_clean_context,ginger,2018
original,ln_yield,control_clean_context,ginger,2019
original,ln_yield,control_clean_context,ginger,2020
original,ln_yield,control_clean_context,ginger,2021
original,ln_yield,control_clean_context,ginger,2022
original,ln_yield,control_clean_context,ginger,2023
original,ln_yield,control_clean_context,ginger,2024
original,ln_yield,control_clean_context,highland_napa,1991
original,ln_yield,control_clean_context,highland_napa,1992
original,ln_yield,control_clean_context,highland_napa,1993
original,ln_yield,control_clean_context,highland_napa,1994
original,ln_yield,control_clean_context,highland_napa,1995
original,ln_yield,control_clean_context,highland_napa,1996
original,ln_yield,control_clean_context,highland_napa,1997
original,ln_yield,control_clean_context,highland_napa,1998
original,ln_yield,control_clean_context,highland_napa,1999
original,ln_yield,control_clean_context,highland_napa,2000
original,ln_yield,control_clean_context,highland_napa,2001
original,ln_yield,control_clean_context,highland_napa,2002
original,ln_yield,control_clean_context,highland_napa,2003
original,ln_yield,control_clean_context,highland_napa,2004
original,ln_yield,control_clean_context,highland_napa,2005
original,ln_yield,control_clean_context,highland_napa,2006
original,ln_yield,control_clean_context,highland_napa,2007
original,ln_yield,control_clean_context,highland_napa,2008
original,ln_yield,control_clean_context,highland_napa,2009
original,ln_yield,control_clean_context,highland_napa,2010
original,ln_yield,control_clean_context,highland_napa,2011
original,ln_yield,control_clean_context,highland_napa,2012
original,ln_yield,control_clean_context,highland_napa,2013
original,ln_yield,control_clean_context,highland_napa,2014
original,ln_yield,control_clean_context,highland_napa,2015
original,ln_yield,control_clean_context,highland_napa,2016
original,ln_yield,control_clean_context,highland_napa,2017
original,ln_yield,control_clean_context,highland_napa,2018
original,ln_yield,control_clean_context,highland_radish,1991
original,ln_yield,control_clean_context,highland_radish,1992
original,ln_yield,control_clean_context,highland_radish,1993
original,ln_yield,control_clean_context,highland_radish,1994
original,ln_yield,control_clean_context,highland_radish,1995
original,ln_yield,control_clean_context,highland_radish,1996
original,ln_yield,control_clean_context,highland_radish,1997
original,ln_yield,control_clean_context,highland_radish,1998
original,ln_yield,control_clean_context,highland_radish,1999
original,ln_yield,control_clean_context,highland_radish,2000
original,ln_yield,control_clean_context,highland_radish,2001
original,ln_yield,control_clean_context,highland_radish,2002
original,ln_yield,control_clean_context,highland_radish,2003
original,ln_yield,control_clean_context,highland_radish,2004
original,ln_yield,control_clean_context,highland_radish,2005
original,ln_yield,control_clean_context,highland_radish,2006
original,ln_yield,control_clean_context,highland_radish,2007
original,ln_yield,control_clean_context,highland_radish,2008
original,ln_yield,control_clean_context,highland_radish,2009
original,ln_yield,control_clean_context,highland_radish,2010
original,ln_yield,control_clean_context,highland_radish,2011
original,ln_yield,control_clean_context,highland_radish,2012
original,ln_yield,control_clean_context,highland_radish,2013
original,ln_yield,control_clean_context,highland_radish,2014
original,ln_yield,control_clean_context,highland_radish,2015
original,ln_yield,control_clean_context,highland_radish,2016
original,ln_yield,control_clean_context,highland_radish,2017
original,ln_yield,control_clean_context,highland_radish,2018
original,ln_yield,control_clean_context,large_green_onion,2000
original,ln_yield,control_clean_context,large_green_onion,2001
original,ln_yield,control_clean_context,large_green_onion,2002
original,ln_yield,control_clean_context,large_green_onion,2003
original,ln_yield,control_clean_context,large_green_onion,2004
original,ln_yield,control_clean_context,large_green_onion,2005
original,ln_yield,control_clean_context,large_green_onion,2006
original,ln_yield,control_clean_context,large_green_onion,2007
original,ln_yield,control_clean_context,large_green_onion,2008
original,ln_yield,control_clean_context,large_green_onion,2009
original,ln_yield,control_clean_context,large_green_onion,2010
original,ln_yield,control_clean_context,large_green_onion,2011
original,ln_yield,control_clean_context,large_green_onion,2012
original,ln_yield,control_clean_context,large_green_onion,2013
original,ln_yield,control_clean_context,large_green_onion,2014
original,ln_yield,control_clean_context,large_green_onion,2015
original,ln_yield,control_clean_context,large_green_onion,2016
original,ln_yield,control_clean_context,large_green_onion,2017
original,ln_yield,control_clean_context,large_green_onion,2018
original,ln_yield,control_clean_context,leaf_lettuce,1991
original,ln_yield,control_clean_context,leaf_lettuce,1992
original,ln_yield,control_clean_context,leaf_lettuce,1993
original,ln_yield,control_clean_context,leaf_lettuce,1994
original,ln_yield,control_clean_context,leaf_lettuce,1995
original,ln_yield,control_clean_context,leaf_lettuce,1996
original,ln_yield,control_clean_context,leaf_lettuce,1997
original,ln_yield,control_clean_context,leaf_lettuce,1998
original,ln_yield,control_clean_context,leaf_lettuce,1999
original,ln_yield,control_clean_context,leaf_lettuce,2000
original,ln_yield,control_clean_context,leaf_lettuce,2001
original,ln_yield,control_clean_context,leaf_lettuce,2002
original,ln_yield,control_clean_context,leaf_lettuce,2003
original,ln_yield,control_clean_context,leaf_lettuce,2004
original,ln_yield,control_clean_context,leaf_lettuce,2005
original,ln_yield,control_clean_context,leaf_lettuce,2006
original,ln_yield,control_clean_context,leaf_lettuce,2007
original,ln_yield,control_clean_context,leaf_lettuce,2008
original,ln_yield,control_clean_context,leaf_lettuce,2009
original,ln_yield,control_clean_context,leaf_lettuce,2010
original,ln_yield,control_clean_context,leaf_lettuce,2011
original,ln_yield,control_clean_context,leaf_lettuce,2012
original,ln_yield,control_clean_context,leaf_lettuce,2013
original,ln_yield,control_clean_context,leaf_lettuce,2014
original,ln_yield,control_clean_context,leaf_lettuce,2015
original,ln_yield,control_clean_context,leaf_lettuce,2016
original,ln_yield,control_clean_context,leaf_lettuce,2017
original,ln_yield,control_clean_context,leaf_lettuce,2018
original,ln_yield,control_clean_context,leaf_lettuce,2019
original,ln_yield,control_clean_context,leaf_lettuce,2020
original,ln_yield,control_clean_context,leaf_lettuce,2021
original,ln_yield,control_clean_context,leaf_lettuce,2022
original,ln_yield,control_clean_context,leaf_lettuce,2023
original,ln_yield,control_clean_context,leaf_lettuce,2024
original,ln_yield,control_clean_context,malting_barley,1991
original,ln_yield,control_clean_context,malting_barley,1992
original,ln_yield,control_clean_context,malting_barley,1993
original,ln_yield,control_clean_context,malting_barley,1994
original,ln_yield,control_clean_context,malting_barley,1995
original,ln_yield,control_clean_context,malting_barley,1996
original,ln_yield,control_clean_context,malting_barley,1997
original,ln_yield,control_clean_context,malting_barley,1998
original,ln_yield,control_clean_context,malting_barley,1999
original,ln_yield,control_clean_context,malting_barley,2000
original,ln_yield,control_clean_context,malting_barley,2001
original,ln_yield,control_clean_context,malting_barley,2002
original,ln_yield,control_clean_context,malting_barley,2003
original,ln_yield,control_clean_context,malting_barley,2004
original,ln_yield,control_clean_context,malting_barley,2005
original,ln_yield,control_clean_context,malting_barley,2006
original,ln_yield,control_clean_context,malting_barley,2007
original,ln_yield,control_clean_context,malting_barley,2008
original,ln_yield,control_clean_context,malting_barley,2009
original,ln_yield,control_clean_context,malting_barley,2010
original,ln_yield,control_clean_context,malting_barley,2011
original,ln_yield,control_clean_context,malting_barley,2012
original,ln_yield,control_clean_context,malting_barley,2013
original,ln_yield,control_clean_context,malting_barley,2014
original,ln_yield,control_clean_context,malting_barley,2015
original,ln_yield,control_clean_context,malting_barley,2016
original,ln_yield,control_clean_context,malting_barley,2017
original,ln_yield,control_clean_context,malting_barley,2018
original,ln_yield,control_clean_context,malting_barley,2019
original,ln_yield,control_clean_context,malting_barley,2020
original,ln_yield,control_clean_context,mung_bean,1991
original,ln_yield,control_clean_context,mung_bean,1992
original,ln_yield,control_clean_context,mung_bean,1993
original,ln_yield,control_clean_context,mung_bean,1994
original,ln_yield,control_clean_context,mung_bean,1995
original,ln_yield,control_clean_context,mung_bean,1996
original,ln_yield,control_clean_context,mung_bean,1997
original,ln_yield,control_clean_context,mung_bean,1998
original,ln_yield,control_clean_context,mung_bean,1999
original,ln_yield,control_clean_context,mung_bean,2000
original,ln_yield,control_clean_context,mung_bean,2001
original,ln_yield,control_clean_context,mung_bean,2002
original,ln_yield,control_clean_context,mung_bean,2003
original,ln_yield,control_clean_context,mung_bean,2004
original,ln_yield,control_clean_context,mung_bean,2005
original,ln_yield,control_clean_context,mung_bean,2006
original,ln_yield,control_clean_context,mung_bean,2007
original,ln_yield,control_clean_context,mung_bean,2008
original,ln_yield,control_clean_context,mung_bean,2009
original,ln_yield,control_clean_context,mung_bean,2010
original,ln_yield,control_clean_context,mung_bean,2011
original,ln_yield,control_clean_context,mung_bean,2012
original,ln_yield,control_clean_context,mung_bean,2013
original,ln_yield,control_clean_context,mung_bean,2014
original,ln_yield,control_clean_context,mung_bean,2015
original,ln_yield,control_clean_context,mung_bean,2016
original,ln_yield,control_clean_context,mung_bean,2017
original,ln_yield,control_clean_context,mung_bean,2018
original,ln_yield,control_clean_context,mung_bean,2019
original,ln_yield,control_clean_context,mung_bean,2020
original,ln_yield,control_clean_context,mung_bean,2021
original,ln_yield,control_clean_context,mung_bean,2022
original,ln_yield,control_clean_context,mung_bean,2023
original,ln_yield,control_clean_context,mung_bean,2024
original,ln_yield,control_clean_context,other_pulses,1991
original,ln_yield,control_clean_context,other_pulses,1992
original,ln_yield,control_clean_context,other_pulses,1993
original,ln_yield,control_clean_context,other_pulses,1994
original,ln_yield,control_clean_context,other_pulses,1995
original,ln_yield,control_clean_context,other_pulses,1996
original,ln_yield,control_clean_context,other_pulses,1997
original,ln_yield,control_clean_context,other_pulses,1998
original,ln_yield,control_clean_context,other_pulses,1999
original,ln_yield,control_clean_context,other_pulses,2000
original,ln_yield,control_clean_context,other_pulses,2001
original,ln_yield,control_clean_context,other_pulses,2002
original,ln_yield,control_clean_context,other_pulses,2003
original,ln_yield,control_clean_context,other_pulses,2004
original,ln_yield,control_clean_context,other_pulses,2005
original,ln_yield,control_clean_context,other_pulses,2006
original,ln_yield,control_clean_context,other_pulses,2007
original,ln_yield,control_clean_context,other_pulses,2008
original,ln_yield,control_clean_context,other_pulses,2009
original,ln_yield,control_clean_context,other_pulses,2010
original,ln_yield,control_clean_context,other_pulses,2011
original,ln_yield,control_clean_context,other_pulses,2012
original,ln_yield,control_clean_context,other_pulses,2013
original,ln_yield,control_clean_context,other_pulses,2014
original,ln_yield,control_clean_context,other_pulses,2015
original,ln_yield,control_clean_context,other_pulses,2016
original,ln_yield,control_clean_context,other_pulses,2017
original,ln_yield,control_clean_context,other_pulses,2018
original,ln_yield,control_clean_context,other_pulses,2019
original,ln_yield,control_clean_context,other_pulses,2020
original,ln_yield,control_clean_context,other_pulses,2021
original,ln_yield,control_clean_context,other_pulses,2022
original,ln_yield,control_clean_context,other_pulses,2023
original,ln_yield,control_clean_context,other_pulses,2024
original,ln_yield,control_clean_context,peanut,1991
original,ln_yield,control_clean_context,peanut,1992
original,ln_yield,control_clean_context,peanut,1993
original,ln_yield,control_clean_context,peanut,1994
original,ln_yield,control_clean_context,peanut,1995
original,ln_yield,control_clean_context,peanut,1996
original,ln_yield,control_clean_context,peanut,1997
original,ln_yield,control_clean_context,peanut,1998
original,ln_yield,control_clean_context,peanut,1999
original,ln_yield,control_clean_context,peanut,2000
original,ln_yield,control_clean_context,peanut,2001
original,ln_yield,control_clean_context,peanut,2002
original,ln_yield,control_clean_context,peanut,2003
original,ln_yield,control_clean_context,peanut,2004
original,ln_yield,control_clean_context,peanut,2005
original,ln_yield,control_clean_context,peanut,2006
original,ln_yield,control_clean_context,peanut,2007
original,ln_yield,control_clean_context,peanut,2008
original,ln_yield,control_clean_context,peanut,2009
original,ln_yield,control_clean_context,peanut,2010
original,ln_yield,control_clean_context,peanut,2011
original,ln_yield,control_clean_context,peanut,2012
original,ln_yield,control_clean_context,peanut,2013
original,ln_yield,control_clean_context,peanut,2014
original,ln_yield,control_clean_context,peanut,2015
original,ln_yield,control_clean_context,peanut,2016
original,ln_yield,control_clean_context,peanut,2017
original,ln_yield,control_clean_context,peanut,2018
original,ln_yield,control_clean_context,peanut,2019
original,ln_yield,control_clean_context,peanut,2020
original,ln_yield,control_clean_context,peanut,2021
original,ln_yield,control_clean_context,peanut,2022
original,ln_yield,control_clean_context,peanut,2023
original,ln_yield,control_clean_context,peanut,2024
original,ln_yield,control_clean_context,perilla,1991
original,ln_yield,control_clean_context,perilla,1992
original,ln_yield,control_clean_context,perilla,1993
original,ln_yield,control_clean_context,perilla,1994
original,ln_yield,control_clean_context,perilla,1995
original,ln_yield,control_clean_context,perilla,1996
original,ln_yield,control_clean_context,perilla,1997
original,ln_yield,control_clean_context,perilla,1998
original,ln_yield,control_clean_context,perilla,1999
original,ln_yield,control_clean_context,perilla,2000
original,ln_yield,control_clean_context,perilla,2001
original,ln_yield,control_clean_context,perilla,2002
original,ln_yield,control_clean_context,perilla,2003
original,ln_yield,control_clean_context,perilla,2004
original,ln_yield,control_clean_context,perilla,2005
original,ln_yield,control_clean_context,perilla,2006
original,ln_yield,control_clean_context,perilla,2007
original,ln_yield,control_clean_context,perilla,2008
original,ln_yield,control_clean_context,perilla,2009
original,ln_yield,control_clean_context,perilla,2010
original,ln_yield,control_clean_context,perilla,2011
original,ln_yield,control_clean_context,perilla,2012
original,ln_yield,control_clean_context,perilla,2013
original,ln_yield,control_clean_context,perilla,2014
original,ln_yield,control_clean_context,perilla,2015
original,ln_yield,control_clean_context,perilla,2016
original,ln_yield,control_clean_context,perilla,2017
original,ln_yield,control_clean_context,perilla,2018
original,ln_yield,control_clean_context,perilla,2019
original,ln_yield,control_clean_context,perilla,2020
original,ln_yield,control_clean_context,perilla,2021
original,ln_yield,control_clean_context,perilla,2022
original,ln_yield,control_clean_context,perilla,2023
original,ln_yield,control_clean_context,perilla,2024
original,ln_yield,control_clean_context,red_bean,1991
original,ln_yield,control_clean_context,red_bean,1992
original,ln_yield,control_clean_context,red_bean,1993
original,ln_yield,control_clean_context,red_bean,1994
original,ln_yield,control_clean_context,red_bean,1995
original,ln_yield,control_clean_context,red_bean,1996
original,ln_yield,control_clean_context,red_bean,1997
original,ln_yield,control_clean_context,red_bean,1998
original,ln_yield,control_clean_context,red_bean,1999
original,ln_yield,control_clean_context,red_bean,2000
original,ln_yield,control_clean_context,red_bean,2001
original,ln_yield,control_clean_context,red_bean,2002
original,ln_yield,control_clean_context,red_bean,2003
original,ln_yield,control_clean_context,red_bean,2004
original,ln_yield,control_clean_context,red_bean,2005
original,ln_yield,control_clean_context,red_bean,2006
original,ln_yield,control_clean_context,red_bean,2007
original,ln_yield,control_clean_context,red_bean,2008
original,ln_yield,control_clean_context,red_bean,2009
original,ln_yield,control_clean_context,red_bean,2010
original,ln_yield,control_clean_context,red_bean,2011
original,ln_yield,control_clean_context,red_bean,2012
original,ln_yield,control_clean_context,red_bean,2013
original,ln_yield,control_clean_context,red_bean,2014
original,ln_yield,control_clean_context,red_bean,2015
original,ln_yield,control_clean_context,red_bean,2016
original,ln_yield,control_clean_context,red_bean,2017
original,ln_yield,control_clean_context,red_bean,2018
original,ln_yield,control_clean_context,red_bean,2019
original,ln_yield,control_clean_context,sesame,1991
original,ln_yield,control_clean_context,sesame,1992
original,ln_yield,control_clean_context,sesame,1993
original,ln_yield,control_clean_context,sesame,1994
original,ln_yield,control_clean_context,sesame,1995
original,ln_yield,control_clean_context,sesame,1996
original,ln_yield,control_clean_context,sesame,1997
original,ln_yield,control_clean_context,sesame,1998
original,ln_yield,control_clean_context,sesame,1999
original,ln_yield,control_clean_context,sesame,2000
original,ln_yield,control_clean_context,sesame,2001
original,ln_yield,control_clean_context,sesame,2002
original,ln_yield,control_clean_context,sesame,2003
original,ln_yield,control_clean_context,sesame,2004
original,ln_yield,control_clean_context,sesame,2005
original,ln_yield,control_clean_context,sesame,2006
original,ln_yield,control_clean_context,sesame,2007
original,ln_yield,control_clean_context,sesame,2008
original,ln_yield,control_clean_context,sesame,2009
original,ln_yield,control_clean_context,sesame,2010
original,ln_yield,control_clean_context,sesame,2011
original,ln_yield,control_clean_context,sesame,2012
original,ln_yield,control_clean_context,sesame,2013
original,ln_yield,control_clean_context,sesame,2014
original,ln_yield,control_clean_context,sesame,2015
original,ln_yield,control_clean_context,sesame,2016
original,ln_yield,control_clean_context,sesame,2017
original,ln_yield,control_clean_context,sesame,2018
original,ln_yield,control_clean_context,sesame,2019
original,ln_yield,control_clean_context,sesame,2020
original,ln_yield,control_clean_context,sesame,2021
original,ln_yield,control_clean_context,sesame,2022
original,ln_yield,control_clean_context,sesame,2023
original,ln_yield,control_clean_context,sesame,2024
original,ln_yield,control_clean_context,small_green_onion,2000
original,ln_yield,control_clean_context,small_green_onion,2001
original,ln_yield,control_clean_context,small_green_onion,2002
original,ln_yield,control_clean_context,small_green_onion,2003
original,ln_yield,control_clean_context,small_green_onion,2004
original,ln_yield,control_clean_context,small_green_onion,2005
original,ln_yield,control_clean_context,small_green_onion,2006
original,ln_yield,control_clean_context,small_green_onion,2007
original,ln_yield,control_clean_context,small_green_onion,2008
original,ln_yield,control_clean_context,small_green_onion,2009
original,ln_yield,control_clean_context,small_green_onion,2010
original,ln_yield,control_clean_context,small_green_onion,2011
original,ln_yield,control_clean_context,small_green_onion,2012
original,ln_yield,control_clean_context,small_green_onion,2013
original,ln_yield,control_clean_context,small_green_onion,2014
original,ln_yield,control_clean_context,small_green_onion,2015
original,ln_yield,control_clean_context,small_green_onion,2016
original,ln_yield,control_clean_context,small_green_onion,2017
original,ln_yield,control_clean_context,small_green_onion,2018
original,ln_yield,control_clean_context,spinach,1991
original,ln_yield,control_clean_context,spinach,1992
original,ln_yield,control_clean_context,spinach,1993
original,ln_yield,control_clean_context,spinach,1994
original,ln_yield,control_clean_context,spinach,1995
original,ln_yield,control_clean_context,spinach,1996
original,ln_yield,control_clean_context,spinach,1997
original,ln_yield,control_clean_context,spinach,1998
original,ln_yield,control_clean_context,spinach,1999
original,ln_yield,control_clean_context,spinach,2000
original,ln_yield,control_clean_context,spinach,2001
original,ln_yield,control_clean_context,spinach,2002
original,ln_yield,control_clean_context,spinach,2003
original,ln_yield,control_clean_context,spinach,2004
original,ln_yield,control_clean_context,spinach,2005
original,ln_yield,control_clean_context,spinach,2006
original,ln_yield,control_clean_context,spinach,2007
original,ln_yield,control_clean_context,spinach,2008
original,ln_yield,control_clean_context,spinach,2009
original,ln_yield,control_clean_context,spinach,2010
original,ln_yield,control_clean_context,spinach,2011
original,ln_yield,control_clean_context,spinach,2012
original,ln_yield,control_clean_context,spinach,2013
original,ln_yield,control_clean_context,spinach,2014
original,ln_yield,control_clean_context,spinach,2015
original,ln_yield,control_clean_context,spinach,2016
original,ln_yield,control_clean_context,spinach,2017
original,ln_yield,control_clean_context,spinach,2018
original,ln_yield,control_clean_context,spinach,2019
original,ln_yield,control_clean_context,spinach,2020
original,ln_yield,control_clean_context,spring_napa,1991
original,ln_yield,control_clean_context,spring_napa,1992
original,ln_yield,control_clean_context,spring_napa,1993
original,ln_yield,control_clean_context,spring_napa,1994
original,ln_yield,control_clean_context,spring_napa,1995
original,ln_yield,control_clean_context,spring_napa,1996
original,ln_yield,control_clean_context,spring_napa,1997
original,ln_yield,control_clean_context,spring_napa,1998
original,ln_yield,control_clean_context,spring_napa,1999
original,ln_yield,control_clean_context,spring_napa,2000
original,ln_yield,control_clean_context,spring_napa,2001
original,ln_yield,control_clean_context,spring_napa,2002
original,ln_yield,control_clean_context,spring_napa,2003
original,ln_yield,control_clean_context,spring_napa,2004
original,ln_yield,control_clean_context,spring_napa,2005
original,ln_yield,control_clean_context,spring_napa,2006
original,ln_yield,control_clean_context,spring_napa,2007
original,ln_yield,control_clean_context,spring_napa,2008
original,ln_yield,control_clean_context,spring_napa,2009
original,ln_yield,control_clean_context,spring_napa,2010
original,ln_yield,control_clean_context,spring_napa,2011
original,ln_yield,control_clean_context,spring_napa,2012
original,ln_yield,control_clean_context,spring_napa,2013
original,ln_yield,control_clean_context,spring_napa,2014
original,ln_yield,control_clean_context,spring_napa,2015
original,ln_yield,control_clean_context,spring_napa,2016
original,ln_yield,control_clean_context,spring_napa,2017
original,ln_yield,control_clean_context,spring_napa,2018
original,ln_yield,control_clean_context,spring_napa,2019
original,ln_yield,control_clean_context,spring_napa,2020
original,ln_yield,control_clean_context,spring_napa,2021
original,ln_yield,control_clean_context,spring_napa,2022
original,ln_yield,control_clean_context,spring_napa,2023
original,ln_yield,control_clean_context,spring_radish,1991
original,ln_yield,control_clean_context,spring_radish,1992
original,ln_yield,control_clean_context,spring_radish,1993
original,ln_yield,control_clean_context,spring_radish,1994
original,ln_yield,control_clean_context,spring_radish,1995
original,ln_yield,control_clean_context,spring_radish,1996
original,ln_yield,control_clean_context,spring_radish,1997
original,ln_yield,control_clean_context,spring_radish,1998
original,ln_yield,control_clean_context,spring_radish,1999
original,ln_yield,control_clean_context,spring_radish,2000
original,ln_yield,control_clean_context,spring_radish,2001
original,ln_yield,control_clean_context,spring_radish,2002
original,ln_yield,control_clean_context,spring_radish,2003
original,ln_yield,control_clean_context,spring_radish,2004
original,ln_yield,control_clean_context,spring_radish,2005
original,ln_yield,control_clean_context,spring_radish,2006
original,ln_yield,control_clean_context,spring_radish,2007
original,ln_yield,control_clean_context,spring_radish,2008
original,ln_yield,control_clean_context,spring_radish,2009
original,ln_yield,control_clean_context,spring_radish,2010
original,ln_yield,control_clean_context,spring_radish,2011
original,ln_yield,control_clean_context,spring_radish,2012
original,ln_yield,control_clean_context,spring_radish,2013
original,ln_yield,control_clean_context,spring_radish,2014
original,ln_yield,control_clean_context,spring_radish,2015
original,ln_yield,control_clean_context,spring_radish,2016
original,ln_yield,control_clean_context,spring_radish,2017
original,ln_yield,control_clean_context,spring_radish,2018
original,ln_yield,control_clean_context,spring_radish,2019
original,ln_yield,control_clean_context,spring_radish,2020
original,ln_yield,control_clean_context,spring_radish,2021
original,ln_yield,control_clean_context,spring_radish,2022
original,ln_yield,control_clean_context,spring_radish,2023
original,ln_yield,control_clean_context,spring_radish,2024
original,ln_yield,control_clean_context,wheat,1991
original,ln_yield,control_clean_context,wheat,1992
original,ln_yield,control_clean_context,wheat,1993
original,ln_yield,control_clean_context,wheat,1994
original,ln_yield,control_clean_context,wheat,1995
original,ln_yield,control_clean_context,wheat,1996
original,ln_yield,control_clean_context,wheat,1997
original,ln_yield,control_clean_context,wheat,1998
original,ln_yield,control_clean_context,wheat,1999
original,ln_yield,control_clean_context,wheat,2000
original,ln_yield,control_clean_context,wheat,2001
original,ln_yield,control_clean_context,wheat,2002
original,ln_yield,control_clean_context,wheat,2003
original,ln_yield,control_clean_context,wheat,2004
original,ln_yield,control_clean_context,wheat,2005
original,ln_yield,control_clean_context,wheat,2006
original,ln_yield,control_clean_context,wheat,2007
original,ln_yield,control_clean_context,wheat,2008
original,ln_yield,control_clean_context,wheat,2009
original,ln_yield,control_clean_context,wheat,2010
original,ln_yield,control_clean_context,wheat,2011
original,ln_yield,control_clean_context,wheat,2012
original,ln_yield,control_clean_context,wheat,2013
original,ln_yield,control_clean_context,wheat,2014
original,ln_yield,control_clean_context,wheat,2015
original,ln_yield,control_clean_context,wheat,2016
original,ln_yield,control_clean_context,winter_napa,2014
original,ln_yield,control_clean_context,winter_napa,2015
original,ln_yield,control_clean_context,winter_napa,2016
original,ln_yield,control_clean_context,winter_napa,2017
original,ln_yield,control_clean_context,winter_napa,2018
original,ln_yield,control_clean_context,winter_napa,2019
original,ln_yield,control_clean_context,winter_radish,2014
original,ln_yield,control_clean_context,winter_radish,2015
original,ln_yield,control_clean_context,winter_radish,2016
original,ln_yield,control_clean_context,winter_radish,2017
original,ln_yield,control_clean_context,winter_radish,2018
original,ln_yield,control_clean_context,winter_radish,2019
original,ln_production,treated_clean_pre,corn,1991
original,ln_production,treated_clean_pre,corn,1992
original,ln_production,treated_clean_pre,corn,1993
original,ln_production,treated_clean_pre,corn,1994
original,ln_production,treated_clean_pre,corn,1995
original,ln_production,treated_clean_pre,corn,1996
original,ln_production,treated_clean_pre,corn,1997
original,ln_production,treated_clean_pre,corn,1998
original,ln_production,treated_clean_pre,corn,1999
original,ln_production,treated_clean_pre,corn,2000
original,ln_production,treated_clean_pre,corn,2001
original,ln_production,treated_clean_pre,corn,2002
original,ln_production,treated_clean_pre,corn,2003
original,ln_production,treated_clean_pre,corn,2004
original,ln_production,treated_clean_pre,corn,2005
original,ln_production,treated_clean_pre,corn,2006
original,ln_production,treated_clean_pre,corn,2007
original,ln_production,treated_clean_pre,corn,2008
original,ln_production,treated_clean_pre,garlic,1991
original,ln_production,treated_clean_pre,garlic,1992
original,ln_production,treated_clean_pre,garlic,1993
original,ln_production,treated_clean_pre,garlic,1994
original,ln_production,treated_clean_pre,garlic,1995
original,ln_production,treated_clean_pre,garlic,1996
original,ln_production,treated_clean_pre,garlic,1997
original,ln_production,treated_clean_pre,garlic,1998
original,ln_production,treated_clean_pre,garlic,1999
original,ln_production,treated_clean_pre,garlic,2000
original,ln_production,treated_clean_pre,garlic,2001
original,ln_production,treated_clean_pre,garlic,2002
original,ln_production,treated_clean_pre,garlic,2003
original,ln_production,treated_clean_pre,garlic,2004
original,ln_production,treated_clean_pre,garlic,2005
original,ln_production,treated_clean_pre,garlic,2006
original,ln_production,treated_clean_pre,garlic,2007
original,ln_production,treated_clean_pre,garlic,2008
original,ln_production,treated_clean_pre,garlic,2009
original,ln_production,treated_clean_pre,onion,1991
original,ln_production,treated_clean_pre,onion,1992
original,ln_production,treated_clean_pre,onion,1993
original,ln_production,treated_clean_pre,onion,1994
original,ln_production,treated_clean_pre,onion,1995
original,ln_production,treated_clean_pre,onion,1996
original,ln_production,treated_clean_pre,onion,1997
original,ln_production,treated_clean_pre,onion,1998
original,ln_production,treated_clean_pre,onion,1999
original,ln_production,treated_clean_pre,onion,2000
original,ln_production,treated_clean_pre,onion,2001
original,ln_production,treated_clean_pre,onion,2002
original,ln_production,treated_clean_pre,onion,2003
original,ln_production,treated_clean_pre,onion,2004
original,ln_production,treated_clean_pre,onion,2005
original,ln_production,treated_clean_pre,onion,2006
original,ln_production,treated_clean_pre,onion,2007
original,ln_production,treated_clean_pre,onion,2008
original,ln_production,treated_clean_pre,red_pepper,1991
original,ln_production,treated_clean_pre,red_pepper,1992
original,ln_production,treated_clean_pre,red_pepper,1993
original,ln_production,treated_clean_pre,red_pepper,1994
original,ln_production,treated_clean_pre,red_pepper,1995
original,ln_production,treated_clean_pre,red_pepper,1996
original,ln_production,treated_clean_pre,red_pepper,1997
original,ln_production,treated_clean_pre,red_pepper,1998
original,ln_production,treated_clean_pre,red_pepper,1999
original,ln_production,treated_clean_pre,red_pepper,2000
original,ln_production,treated_clean_pre,red_pepper,2001
original,ln_production,treated_clean_pre,red_pepper,2002
original,ln_production,treated_clean_pre,red_pepper,2003
original,ln_production,treated_clean_pre,red_pepper,2004
original,ln_production,treated_clean_pre,red_pepper,2005
original,ln_production,treated_clean_pre,red_pepper,2006
original,ln_production,treated_clean_pre,red_pepper,2007
original,ln_production,treated_clean_pre,soybean,1991
original,ln_production,treated_clean_pre,soybean,1992
original,ln_production,treated_clean_pre,soybean,1993
original,ln_production,treated_clean_pre,soybean,1994
original,ln_production,treated_clean_pre,soybean,1995
original,ln_production,treated_clean_pre,soybean,1996
original,ln_production,treated_clean_pre,soybean,1997
original,ln_production,treated_clean_pre,soybean,1998
original,ln_production,treated_clean_pre,soybean,1999
original,ln_production,treated_clean_pre,soybean,2000
original,ln_production,treated_clean_pre,soybean,2001
original,ln_production,treated_clean_pre,soybean,2002
original,ln_production,treated_clean_pre,soybean,2003
original,ln_production,treated_clean_pre,soybean,2004
original,ln_production,treated_clean_pre,soybean,2005
original,ln_production,treated_clean_pre,soybean,2006
original,ln_production,treated_clean_pre,soybean,2007
original,ln_production,treated_clean_pre,spring_potato,1991
original,ln_production,treated_clean_pre,spring_potato,1992
original,ln_production,treated_clean_pre,spring_potato,1993
original,ln_production,treated_clean_pre,spring_potato,1994
original,ln_production,treated_clean_pre,spring_potato,1995
original,ln_production,treated_clean_pre,spring_potato,1996
original,ln_production,treated_clean_pre,spring_potato,1997
original,ln_production,treated_clean_pre,spring_potato,1998
original,ln_production,treated_clean_pre,spring_potato,1999
original,ln_production,treated_clean_pre,spring_potato,2000
original,ln_production,treated_clean_pre,spring_potato,2001
original,ln_production,treated_clean_pre,spring_potato,2002
original,ln_production,treated_clean_pre,spring_potato,2003
original,ln_production,treated_clean_pre,spring_potato,2004
original,ln_production,treated_clean_pre,spring_potato,2005
original,ln_production,treated_clean_pre,spring_potato,2006
original,ln_production,treated_clean_pre,spring_potato,2007
original,ln_production,treated_clean_pre,sweet_potato,1991
original,ln_production,treated_clean_pre,sweet_potato,1992
original,ln_production,treated_clean_pre,sweet_potato,1993
original,ln_production,treated_clean_pre,sweet_potato,1994
original,ln_production,treated_clean_pre,sweet_potato,1995
original,ln_production,treated_clean_pre,sweet_potato,1996
original,ln_production,treated_clean_pre,sweet_potato,1997
original,ln_production,treated_clean_pre,sweet_potato,1998
original,ln_production,treated_clean_pre,sweet_potato,1999
original,ln_production,treated_clean_pre,sweet_potato,2000
original,ln_production,treated_clean_pre,sweet_potato,2001
original,ln_production,treated_clean_pre,sweet_potato,2002
original,ln_production,treated_clean_pre,sweet_potato,2003
original,ln_production,treated_clean_pre,sweet_potato,2004
original,ln_production,treated_clean_pre,sweet_potato,2005
original,ln_production,treated_clean_pre,sweet_potato,2006
original,ln_production,treated_clean_pre,sweet_potato,2007
original,ln_production,treated_clean_pre,sweet_potato,2008
original,ln_production,treated_base,corn,2008
original,ln_production,treated_base,garlic,2009
original,ln_production,treated_base,onion,2008
original,ln_production,treated_base,red_pepper,2007
original,ln_production,treated_base,soybean,2007
original,ln_production,treated_base,spring_potato,2007
original,ln_production,treated_base,sweet_potato,2008
original,ln_production,treated_post,corn,2013
original,ln_production,treated_post,corn,2014
original,ln_production,treated_post,corn,2015
original,ln_production,treated_post,corn,2016
original,ln_production,treated_post,corn,2017
original,ln_production,treated_post,corn,2018
original,ln_production,treated_post,corn,2019
original,ln_production,treated_post,corn,2020
original,ln_production,treated_post,corn,2021
original,ln_production,treated_post,corn,2022
original,ln_production,treated_post,garlic,2013
original,ln_production,treated_post,garlic,2014
original,ln_production,treated_post,garlic,2015
original,ln_production,treated_post,garlic,2016
original,ln_production,treated_post,garlic,2017
original,ln_production,treated_post,garlic,2018
original,ln_production,treated_post,garlic,2019
original,ln_production,treated_post,garlic,2020
original,ln_production,treated_post,garlic,2021
original,ln_production,treated_post,garlic,2022
original,ln_production,treated_post,onion,2012
original,ln_production,treated_post,onion,2013
original,ln_production,treated_post,onion,2014
original,ln_production,treated_post,onion,2015
original,ln_production,treated_post,onion,2016
original,ln_production,treated_post,onion,2017
original,ln_production,treated_post,onion,2018
original,ln_production,treated_post,onion,2019
original,ln_production,treated_post,onion,2020
original,ln_production,treated_post,onion,2021
original,ln_production,treated_post,red_pepper,2015
original,ln_production,treated_post,red_pepper,2016
original,ln_production,treated_post,red_pepper,2017
original,ln_production,treated_post,red_pepper,2018
original,ln_production,treated_post,red_pepper,2019
original,ln_production,treated_post,red_pepper,2020
original,ln_production,treated_post,red_pepper,2021
original,ln_production,treated_post,red_pepper,2022
original,ln_production,treated_post,red_pepper,2023
original,ln_production,treated_post,red_pepper,2024
original,ln_production,treated_post,soybean,2012
original,ln_production,treated_post,soybean,2013
original,ln_production,treated_post,soybean,2014
original,ln_production,treated_post,soybean,2015
original,ln_production,treated_post,soybean,2016
original,ln_production,treated_post,soybean,2017
original,ln_production,treated_post,soybean,2018
original,ln_production,treated_post,soybean,2019
original,ln_production,treated_post,soybean,2020
original,ln_production,treated_post,soybean,2021
original,ln_production,treated_post,spring_potato,2013
original,ln_production,treated_post,spring_potato,2014
original,ln_production,treated_post,spring_potato,2015
original,ln_production,treated_post,spring_potato,2016
original,ln_production,treated_post,spring_potato,2017
original,ln_production,treated_post,spring_potato,2018
original,ln_production,treated_post,spring_potato,2019
original,ln_production,treated_post,spring_potato,2020
original,ln_production,treated_post,spring_potato,2021
original,ln_production,treated_post,spring_potato,2022
original,ln_production,treated_post,sweet_potato,2013
original,ln_production,treated_post,sweet_potato,2014
original,ln_production,treated_post,sweet_potato,2015
original,ln_production,treated_post,sweet_potato,2016
original,ln_production,treated_post,sweet_potato,2017
original,ln_production,treated_post,sweet_potato,2018
original,ln_production,treated_post,sweet_potato,2019
original,ln_production,treated_post,sweet_potato,2020
original,ln_production,treated_post,sweet_potato,2021
original,ln_production,treated_post,sweet_potato,2022
original,ln_production,control_used,autumn_napa,2007
original,ln_production,control_used,autumn_napa,2008
original,ln_production,control_used,autumn_napa,2009
original,ln_production,control_used,autumn_napa,2012
original,ln_production,control_used,autumn_napa,2013
original,ln_production,control_used,autumn_napa,2014
original,ln_production,control_used,autumn_napa,2015
original,ln_production,control_used,autumn_napa,2016
original,ln_production,control_used,autumn_napa,2017
original,ln_production,control_used,autumn_napa,2018
original,ln_production,control_used,autumn_napa,2019
original,ln_production,control_used,autumn_napa,2020
original,ln_production,control_used,autumn_napa,2021
original,ln_production,control_used,autumn_radish,2007
original,ln_production,control_used,autumn_radish,2008
original,ln_production,control_used,autumn_radish,2009
original,ln_production,control_used,autumn_radish,2012
original,ln_production,control_used,autumn_radish,2013
original,ln_production,control_used,autumn_radish,2014
original,ln_production,control_used,autumn_radish,2015
original,ln_production,control_used,autumn_radish,2016
original,ln_production,control_used,autumn_radish,2017
original,ln_production,control_used,autumn_radish,2018
original,ln_production,control_used,autumn_radish,2019
original,ln_production,control_used,autumn_radish,2020
original,ln_production,control_used,autumn_radish,2021
original,ln_production,control_used,autumn_radish,2022
original,ln_production,control_used,autumn_radish,2023
original,ln_production,control_used,barley,2007
original,ln_production,control_used,barley,2008
original,ln_production,control_used,barley,2009
original,ln_production,control_used,barley,2012
original,ln_production,control_used,barley,2013
original,ln_production,control_used,barley,2014
original,ln_production,control_used,barley,2015
original,ln_production,control_used,barley,2016
original,ln_production,control_used,barley,2017
original,ln_production,control_used,barley,2018
original,ln_production,control_used,barley,2019
original,ln_production,control_used,barley,2020
original,ln_production,control_used,cabbage,2007
original,ln_production,control_used,cabbage,2008
original,ln_production,control_used,cabbage,2009
original,ln_production,control_used,cabbage,2012
original,ln_production,control_used,cabbage,2013
original,ln_production,control_used,cabbage,2014
original,ln_production,control_used,cabbage,2015
original,ln_production,control_used,cabbage,2016
original,ln_production,control_used,carrot,2007
original,ln_production,control_used,carrot,2008
original,ln_production,control_used,carrot,2009
original,ln_production,control_used,carrot,2012
original,ln_production,control_used,carrot,2013
original,ln_production,control_used,carrot,2014
original,ln_production,control_used,carrot,2015
original,ln_production,control_used,carrot,2016
original,ln_production,control_used,carrot,2017
original,ln_production,control_used,carrot,2018
original,ln_production,control_used,ginger,2007
original,ln_production,control_used,ginger,2008
original,ln_production,control_used,ginger,2009
original,ln_production,control_used,ginger,2012
original,ln_production,control_used,ginger,2013
original,ln_production,control_used,ginger,2014
original,ln_production,control_used,ginger,2015
original,ln_production,control_used,ginger,2016
original,ln_production,control_used,ginger,2017
original,ln_production,control_used,ginger,2018
original,ln_production,control_used,ginger,2019
original,ln_production,control_used,ginger,2020
original,ln_production,control_used,ginger,2021
original,ln_production,control_used,ginger,2022
original,ln_production,control_used,ginger,2023
original,ln_production,control_used,ginger,2024
original,ln_production,control_used,highland_napa,2007
original,ln_production,control_used,highland_napa,2008
original,ln_production,control_used,highland_napa,2009
original,ln_production,control_used,highland_napa,2012
original,ln_production,control_used,highland_napa,2013
original,ln_production,control_used,highland_napa,2014
original,ln_production,control_used,highland_napa,2015
original,ln_production,control_used,highland_napa,2016
original,ln_production,control_used,highland_napa,2017
original,ln_production,control_used,highland_napa,2018
original,ln_production,control_used,highland_radish,2007
original,ln_production,control_used,highland_radish,2008
original,ln_production,control_used,highland_radish,2009
original,ln_production,control_used,highland_radish,2012
original,ln_production,control_used,highland_radish,2013
original,ln_production,control_used,highland_radish,2014
original,ln_production,control_used,highland_radish,2015
original,ln_production,control_used,highland_radish,2016
original,ln_production,control_used,highland_radish,2017
original,ln_production,control_used,highland_radish,2018
original,ln_production,control_used,large_green_onion,2007
original,ln_production,control_used,large_green_onion,2008
original,ln_production,control_used,large_green_onion,2009
original,ln_production,control_used,large_green_onion,2012
original,ln_production,control_used,large_green_onion,2013
original,ln_production,control_used,large_green_onion,2014
original,ln_production,control_used,large_green_onion,2015
original,ln_production,control_used,large_green_onion,2016
original,ln_production,control_used,large_green_onion,2017
original,ln_production,control_used,large_green_onion,2018
original,ln_production,control_used,leaf_lettuce,2007
original,ln_production,control_used,leaf_lettuce,2008
original,ln_production,control_used,leaf_lettuce,2009
original,ln_production,control_used,leaf_lettuce,2012
original,ln_production,control_used,leaf_lettuce,2013
original,ln_production,control_used,leaf_lettuce,2014
original,ln_production,control_used,leaf_lettuce,2015
original,ln_production,control_used,leaf_lettuce,2016
original,ln_production,control_used,leaf_lettuce,2017
original,ln_production,control_used,leaf_lettuce,2018
original,ln_production,control_used,leaf_lettuce,2019
original,ln_production,control_used,leaf_lettuce,2020
original,ln_production,control_used,leaf_lettuce,2021
original,ln_production,control_used,leaf_lettuce,2022
original,ln_production,control_used,leaf_lettuce,2023
original,ln_production,control_used,leaf_lettuce,2024
original,ln_production,control_used,malting_barley,2007
original,ln_production,control_used,malting_barley,2008
original,ln_production,control_used,malting_barley,2009
original,ln_production,control_used,malting_barley,2012
original,ln_production,control_used,malting_barley,2013
original,ln_production,control_used,malting_barley,2014
original,ln_production,control_used,malting_barley,2015
original,ln_production,control_used,malting_barley,2016
original,ln_production,control_used,malting_barley,2017
original,ln_production,control_used,malting_barley,2018
original,ln_production,control_used,malting_barley,2019
original,ln_production,control_used,malting_barley,2020
original,ln_production,control_used,mung_bean,2007
original,ln_production,control_used,mung_bean,2008
original,ln_production,control_used,mung_bean,2009
original,ln_production,control_used,mung_bean,2012
original,ln_production,control_used,mung_bean,2013
original,ln_production,control_used,mung_bean,2014
original,ln_production,control_used,mung_bean,2015
original,ln_production,control_used,mung_bean,2016
original,ln_production,control_used,mung_bean,2017
original,ln_production,control_used,mung_bean,2018
original,ln_production,control_used,mung_bean,2019
original,ln_production,control_used,mung_bean,2020
original,ln_production,control_used,mung_bean,2021
original,ln_production,control_used,mung_bean,2022
original,ln_production,control_used,mung_bean,2023
original,ln_production,control_used,mung_bean,2024
original,ln_production,control_used,other_pulses,2007
original,ln_production,control_used,other_pulses,2008
original,ln_production,control_used,other_pulses,2009
original,ln_production,control_used,other_pulses,2012
original,ln_production,control_used,other_pulses,2013
original,ln_production,control_used,other_pulses,2014
original,ln_production,control_used,other_pulses,2015
original,ln_production,control_used,other_pulses,2016
original,ln_production,control_used,other_pulses,2017
original,ln_production,control_used,other_pulses,2018
original,ln_production,control_used,other_pulses,2019
original,ln_production,control_used,other_pulses,2020
original,ln_production,control_used,other_pulses,2021
original,ln_production,control_used,other_pulses,2022
original,ln_production,control_used,other_pulses,2023
original,ln_production,control_used,other_pulses,2024
original,ln_production,control_used,peanut,2007
original,ln_production,control_used,peanut,2008
original,ln_production,control_used,peanut,2009
original,ln_production,control_used,peanut,2012
original,ln_production,control_used,peanut,2013
original,ln_production,control_used,peanut,2014
original,ln_production,control_used,peanut,2015
original,ln_production,control_used,peanut,2016
original,ln_production,control_used,peanut,2017
original,ln_production,control_used,peanut,2018
original,ln_production,control_used,peanut,2019
original,ln_production,control_used,peanut,2020
original,ln_production,control_used,peanut,2021
original,ln_production,control_used,peanut,2022
original,ln_production,control_used,peanut,2023
original,ln_production,control_used,peanut,2024
original,ln_production,control_used,perilla,2007
original,ln_production,control_used,perilla,2008
original,ln_production,control_used,perilla,2009
original,ln_production,control_used,perilla,2012
original,ln_production,control_used,perilla,2013
original,ln_production,control_used,perilla,2014
original,ln_production,control_used,perilla,2015
original,ln_production,control_used,perilla,2016
original,ln_production,control_used,perilla,2017
original,ln_production,control_used,perilla,2018
original,ln_production,control_used,perilla,2019
original,ln_production,control_used,perilla,2020
original,ln_production,control_used,perilla,2021
original,ln_production,control_used,perilla,2022
original,ln_production,control_used,perilla,2023
original,ln_production,control_used,perilla,2024
original,ln_production,control_used,red_bean,2007
original,ln_production,control_used,red_bean,2008
original,ln_production,control_used,red_bean,2009
original,ln_production,control_used,red_bean,2012
original,ln_production,control_used,red_bean,2013
original,ln_production,control_used,red_bean,2014
original,ln_production,control_used,red_bean,2015
original,ln_production,control_used,red_bean,2016
original,ln_production,control_used,red_bean,2017
original,ln_production,control_used,red_bean,2018
original,ln_production,control_used,red_bean,2019
original,ln_production,control_used,sesame,2007
original,ln_production,control_used,sesame,2008
original,ln_production,control_used,sesame,2009
original,ln_production,control_used,sesame,2012
original,ln_production,control_used,sesame,2013
original,ln_production,control_used,sesame,2014
original,ln_production,control_used,sesame,2015
original,ln_production,control_used,sesame,2016
original,ln_production,control_used,sesame,2017
original,ln_production,control_used,sesame,2018
original,ln_production,control_used,sesame,2019
original,ln_production,control_used,sesame,2020
original,ln_production,control_used,sesame,2021
original,ln_production,control_used,sesame,2022
original,ln_production,control_used,sesame,2023
original,ln_production,control_used,sesame,2024
original,ln_production,control_used,small_green_onion,2007
original,ln_production,control_used,small_green_onion,2008
original,ln_production,control_used,small_green_onion,2009
original,ln_production,control_used,small_green_onion,2012
original,ln_production,control_used,small_green_onion,2013
original,ln_production,control_used,small_green_onion,2014
original,ln_production,control_used,small_green_onion,2015
original,ln_production,control_used,small_green_onion,2016
original,ln_production,control_used,small_green_onion,2017
original,ln_production,control_used,small_green_onion,2018
original,ln_production,control_used,spinach,2007
original,ln_production,control_used,spinach,2008
original,ln_production,control_used,spinach,2009
original,ln_production,control_used,spinach,2012
original,ln_production,control_used,spinach,2013
original,ln_production,control_used,spinach,2014
original,ln_production,control_used,spinach,2015
original,ln_production,control_used,spinach,2016
original,ln_production,control_used,spinach,2017
original,ln_production,control_used,spinach,2018
original,ln_production,control_used,spinach,2019
original,ln_production,control_used,spinach,2020
original,ln_production,control_used,spring_napa,2007
original,ln_production,control_used,spring_napa,2008
original,ln_production,control_used,spring_napa,2009
original,ln_production,control_used,spring_napa,2012
original,ln_production,control_used,spring_napa,2013
original,ln_production,control_used,spring_napa,2014
original,ln_production,control_used,spring_napa,2015
original,ln_production,control_used,spring_napa,2016
original,ln_production,control_used,spring_napa,2017
original,ln_production,control_used,spring_napa,2018
original,ln_production,control_used,spring_napa,2019
original,ln_production,control_used,spring_napa,2020
original,ln_production,control_used,spring_napa,2021
original,ln_production,control_used,spring_napa,2022
original,ln_production,control_used,spring_napa,2023
original,ln_production,control_used,spring_radish,2007
original,ln_production,control_used,spring_radish,2008
original,ln_production,control_used,spring_radish,2009
original,ln_production,control_used,spring_radish,2012
original,ln_production,control_used,spring_radish,2013
original,ln_production,control_used,spring_radish,2014
original,ln_production,control_used,spring_radish,2015
original,ln_production,control_used,spring_radish,2016
original,ln_production,control_used,spring_radish,2017
original,ln_production,control_used,spring_radish,2018
original,ln_production,control_used,spring_radish,2019
original,ln_production,control_used,spring_radish,2020
original,ln_production,control_used,spring_radish,2021
original,ln_production,control_used,spring_radish,2022
original,ln_production,control_used,spring_radish,2023
original,ln_production,control_used,spring_radish,2024
original,ln_production,control_used,wheat,2007
original,ln_production,control_used,wheat,2008
original,ln_production,control_used,wheat,2009
original,ln_production,control_used,wheat,2012
original,ln_production,control_used,wheat,2013
original,ln_production,control_used,wheat,2014
original,ln_production,control_used,wheat,2015
original,ln_production,control_used,wheat,2016
original,ln_production,control_clean_context,autumn_napa,1991
original,ln_production,control_clean_context,autumn_napa,1992
original,ln_production,control_clean_context,autumn_napa,1993
original,ln_production,control_clean_context,autumn_napa,1994
original,ln_production,control_clean_context,autumn_napa,1995
original,ln_production,control_clean_context,autumn_napa,1996
original,ln_production,control_clean_context,autumn_napa,1997
original,ln_production,control_clean_context,autumn_napa,1998
original,ln_production,control_clean_context,autumn_napa,1999
original,ln_production,control_clean_context,autumn_napa,2000
original,ln_production,control_clean_context,autumn_napa,2001
original,ln_production,control_clean_context,autumn_napa,2002
original,ln_production,control_clean_context,autumn_napa,2003
original,ln_production,control_clean_context,autumn_napa,2004
original,ln_production,control_clean_context,autumn_napa,2005
original,ln_production,control_clean_context,autumn_napa,2006
original,ln_production,control_clean_context,autumn_napa,2007
original,ln_production,control_clean_context,autumn_napa,2008
original,ln_production,control_clean_context,autumn_napa,2009
original,ln_production,control_clean_context,autumn_napa,2010
original,ln_production,control_clean_context,autumn_napa,2011
original,ln_production,control_clean_context,autumn_napa,2012
original,ln_production,control_clean_context,autumn_napa,2013
original,ln_production,control_clean_context,autumn_napa,2014
original,ln_production,control_clean_context,autumn_napa,2015
original,ln_production,control_clean_context,autumn_napa,2016
original,ln_production,control_clean_context,autumn_napa,2017
original,ln_production,control_clean_context,autumn_napa,2018
original,ln_production,control_clean_context,autumn_napa,2019
original,ln_production,control_clean_context,autumn_napa,2020
original,ln_production,control_clean_context,autumn_napa,2021
original,ln_production,control_clean_context,autumn_radish,1991
original,ln_production,control_clean_context,autumn_radish,1992
original,ln_production,control_clean_context,autumn_radish,1993
original,ln_production,control_clean_context,autumn_radish,1994
original,ln_production,control_clean_context,autumn_radish,1995
original,ln_production,control_clean_context,autumn_radish,1996
original,ln_production,control_clean_context,autumn_radish,1997
original,ln_production,control_clean_context,autumn_radish,1998
original,ln_production,control_clean_context,autumn_radish,1999
original,ln_production,control_clean_context,autumn_radish,2000
original,ln_production,control_clean_context,autumn_radish,2001
original,ln_production,control_clean_context,autumn_radish,2002
original,ln_production,control_clean_context,autumn_radish,2003
original,ln_production,control_clean_context,autumn_radish,2004
original,ln_production,control_clean_context,autumn_radish,2005
original,ln_production,control_clean_context,autumn_radish,2006
original,ln_production,control_clean_context,autumn_radish,2007
original,ln_production,control_clean_context,autumn_radish,2008
original,ln_production,control_clean_context,autumn_radish,2009
original,ln_production,control_clean_context,autumn_radish,2010
original,ln_production,control_clean_context,autumn_radish,2011
original,ln_production,control_clean_context,autumn_radish,2012
original,ln_production,control_clean_context,autumn_radish,2013
original,ln_production,control_clean_context,autumn_radish,2014
original,ln_production,control_clean_context,autumn_radish,2015
original,ln_production,control_clean_context,autumn_radish,2016
original,ln_production,control_clean_context,autumn_radish,2017
original,ln_production,control_clean_context,autumn_radish,2018
original,ln_production,control_clean_context,autumn_radish,2019
original,ln_production,control_clean_context,autumn_radish,2020
original,ln_production,control_clean_context,autumn_radish,2021
original,ln_production,control_clean_context,autumn_radish,2022
original,ln_production,control_clean_context,autumn_radish,2023
original,ln_production,control_clean_context,barley,1991
original,ln_production,control_clean_context,barley,1992
original,ln_production,control_clean_context,barley,1993
original,ln_production,control_clean_context,barley,1994
original,ln_production,control_clean_context,barley,1995
original,ln_production,control_clean_context,barley,1996
original,ln_production,control_clean_context,barley,1997
original,ln_production,control_clean_context,barley,1998
original,ln_production,control_clean_context,barley,1999
original,ln_production,control_clean_context,barley,2000
original,ln_production,control_clean_context,barley,2001
original,ln_production,control_clean_context,barley,2002
original,ln_production,control_clean_context,barley,2003
original,ln_production,control_clean_context,barley,2004
original,ln_production,control_clean_context,barley,2005
original,ln_production,control_clean_context,barley,2006
original,ln_production,control_clean_context,barley,2007
original,ln_production,control_clean_context,barley,2008
original,ln_production,control_clean_context,barley,2009
original,ln_production,control_clean_context,barley,2010
original,ln_production,control_clean_context,barley,2011
original,ln_production,control_clean_context,barley,2012
original,ln_production,control_clean_context,barley,2013
original,ln_production,control_clean_context,barley,2014
original,ln_production,control_clean_context,barley,2015
original,ln_production,control_clean_context,barley,2016
original,ln_production,control_clean_context,barley,2017
original,ln_production,control_clean_context,barley,2018
original,ln_production,control_clean_context,barley,2019
original,ln_production,control_clean_context,barley,2020
original,ln_production,control_clean_context,cabbage,1991
original,ln_production,control_clean_context,cabbage,1992
original,ln_production,control_clean_context,cabbage,1993
original,ln_production,control_clean_context,cabbage,1994
original,ln_production,control_clean_context,cabbage,1995
original,ln_production,control_clean_context,cabbage,1996
original,ln_production,control_clean_context,cabbage,1997
original,ln_production,control_clean_context,cabbage,1998
original,ln_production,control_clean_context,cabbage,1999
original,ln_production,control_clean_context,cabbage,2000
original,ln_production,control_clean_context,cabbage,2001
original,ln_production,control_clean_context,cabbage,2002
original,ln_production,control_clean_context,cabbage,2003
original,ln_production,control_clean_context,cabbage,2004
original,ln_production,control_clean_context,cabbage,2005
original,ln_production,control_clean_context,cabbage,2006
original,ln_production,control_clean_context,cabbage,2007
original,ln_production,control_clean_context,cabbage,2008
original,ln_production,control_clean_context,cabbage,2009
original,ln_production,control_clean_context,cabbage,2010
original,ln_production,control_clean_context,cabbage,2011
original,ln_production,control_clean_context,cabbage,2012
original,ln_production,control_clean_context,cabbage,2013
original,ln_production,control_clean_context,cabbage,2014
original,ln_production,control_clean_context,cabbage,2015
original,ln_production,control_clean_context,cabbage,2016
original,ln_production,control_clean_context,carrot,1991
original,ln_production,control_clean_context,carrot,1992
original,ln_production,control_clean_context,carrot,1993
original,ln_production,control_clean_context,carrot,1994
original,ln_production,control_clean_context,carrot,1995
original,ln_production,control_clean_context,carrot,1996
original,ln_production,control_clean_context,carrot,1997
original,ln_production,control_clean_context,carrot,1998
original,ln_production,control_clean_context,carrot,1999
original,ln_production,control_clean_context,carrot,2000
original,ln_production,control_clean_context,carrot,2001
original,ln_production,control_clean_context,carrot,2002
original,ln_production,control_clean_context,carrot,2003
original,ln_production,control_clean_context,carrot,2004
original,ln_production,control_clean_context,carrot,2005
original,ln_production,control_clean_context,carrot,2006
original,ln_production,control_clean_context,carrot,2007
original,ln_production,control_clean_context,carrot,2008
original,ln_production,control_clean_context,carrot,2009
original,ln_production,control_clean_context,carrot,2010
original,ln_production,control_clean_context,carrot,2011
original,ln_production,control_clean_context,carrot,2012
original,ln_production,control_clean_context,carrot,2013
original,ln_production,control_clean_context,carrot,2014
original,ln_production,control_clean_context,carrot,2015
original,ln_production,control_clean_context,carrot,2016
original,ln_production,control_clean_context,carrot,2017
original,ln_production,control_clean_context,carrot,2018
original,ln_production,control_clean_context,ginger,1991
original,ln_production,control_clean_context,ginger,1992
original,ln_production,control_clean_context,ginger,1993
original,ln_production,control_clean_context,ginger,1994
original,ln_production,control_clean_context,ginger,1995
original,ln_production,control_clean_context,ginger,1996
original,ln_production,control_clean_context,ginger,1997
original,ln_production,control_clean_context,ginger,1998
original,ln_production,control_clean_context,ginger,1999
original,ln_production,control_clean_context,ginger,2000
original,ln_production,control_clean_context,ginger,2001
original,ln_production,control_clean_context,ginger,2002
original,ln_production,control_clean_context,ginger,2003
original,ln_production,control_clean_context,ginger,2004
original,ln_production,control_clean_context,ginger,2005
original,ln_production,control_clean_context,ginger,2006
original,ln_production,control_clean_context,ginger,2007
original,ln_production,control_clean_context,ginger,2008
original,ln_production,control_clean_context,ginger,2009
original,ln_production,control_clean_context,ginger,2010
original,ln_production,control_clean_context,ginger,2011
original,ln_production,control_clean_context,ginger,2012
original,ln_production,control_clean_context,ginger,2013
original,ln_production,control_clean_context,ginger,2014
original,ln_production,control_clean_context,ginger,2015
original,ln_production,control_clean_context,ginger,2016
original,ln_production,control_clean_context,ginger,2017
original,ln_production,control_clean_context,ginger,2018
original,ln_production,control_clean_context,ginger,2019
original,ln_production,control_clean_context,ginger,2020
original,ln_production,control_clean_context,ginger,2021
original,ln_production,control_clean_context,ginger,2022
original,ln_production,control_clean_context,ginger,2023
original,ln_production,control_clean_context,ginger,2024
original,ln_production,control_clean_context,highland_napa,1991
original,ln_production,control_clean_context,highland_napa,1992
original,ln_production,control_clean_context,highland_napa,1993
original,ln_production,control_clean_context,highland_napa,1994
original,ln_production,control_clean_context,highland_napa,1995
original,ln_production,control_clean_context,highland_napa,1996
original,ln_production,control_clean_context,highland_napa,1997
original,ln_production,control_clean_context,highland_napa,1998
original,ln_production,control_clean_context,highland_napa,1999
original,ln_production,control_clean_context,highland_napa,2000
original,ln_production,control_clean_context,highland_napa,2001
original,ln_production,control_clean_context,highland_napa,2002
original,ln_production,control_clean_context,highland_napa,2003
original,ln_production,control_clean_context,highland_napa,2004
original,ln_production,control_clean_context,highland_napa,2005
original,ln_production,control_clean_context,highland_napa,2006
original,ln_production,control_clean_context,highland_napa,2007
original,ln_production,control_clean_context,highland_napa,2008
original,ln_production,control_clean_context,highland_napa,2009
original,ln_production,control_clean_context,highland_napa,2010
original,ln_production,control_clean_context,highland_napa,2011
original,ln_production,control_clean_context,highland_napa,2012
original,ln_production,control_clean_context,highland_napa,2013
original,ln_production,control_clean_context,highland_napa,2014
original,ln_production,control_clean_context,highland_napa,2015
original,ln_production,control_clean_context,highland_napa,2016
original,ln_production,control_clean_context,highland_napa,2017
original,ln_production,control_clean_context,highland_napa,2018
original,ln_production,control_clean_context,highland_radish,1991
original,ln_production,control_clean_context,highland_radish,1992
original,ln_production,control_clean_context,highland_radish,1993
original,ln_production,control_clean_context,highland_radish,1994
original,ln_production,control_clean_context,highland_radish,1995
original,ln_production,control_clean_context,highland_radish,1996
original,ln_production,control_clean_context,highland_radish,1997
original,ln_production,control_clean_context,highland_radish,1998
original,ln_production,control_clean_context,highland_radish,1999
original,ln_production,control_clean_context,highland_radish,2000
original,ln_production,control_clean_context,highland_radish,2001
original,ln_production,control_clean_context,highland_radish,2002
original,ln_production,control_clean_context,highland_radish,2003
original,ln_production,control_clean_context,highland_radish,2004
original,ln_production,control_clean_context,highland_radish,2005
original,ln_production,control_clean_context,highland_radish,2006
original,ln_production,control_clean_context,highland_radish,2007
original,ln_production,control_clean_context,highland_radish,2008
original,ln_production,control_clean_context,highland_radish,2009
original,ln_production,control_clean_context,highland_radish,2010
original,ln_production,control_clean_context,highland_radish,2011
original,ln_production,control_clean_context,highland_radish,2012
original,ln_production,control_clean_context,highland_radish,2013
original,ln_production,control_clean_context,highland_radish,2014
original,ln_production,control_clean_context,highland_radish,2015
original,ln_production,control_clean_context,highland_radish,2016
original,ln_production,control_clean_context,highland_radish,2017
original,ln_production,control_clean_context,highland_radish,2018
original,ln_production,control_clean_context,large_green_onion,2000
original,ln_production,control_clean_context,large_green_onion,2001
original,ln_production,control_clean_context,large_green_onion,2002
original,ln_production,control_clean_context,large_green_onion,2003
original,ln_production,control_clean_context,large_green_onion,2004
original,ln_production,control_clean_context,large_green_onion,2005
original,ln_production,control_clean_context,large_green_onion,2006
original,ln_production,control_clean_context,large_green_onion,2007
original,ln_production,control_clean_context,large_green_onion,2008
original,ln_production,control_clean_context,large_green_onion,2009
original,ln_production,control_clean_context,large_green_onion,2010
original,ln_production,control_clean_context,large_green_onion,2011
original,ln_production,control_clean_context,large_green_onion,2012
original,ln_production,control_clean_context,large_green_onion,2013
original,ln_production,control_clean_context,large_green_onion,2014
original,ln_production,control_clean_context,large_green_onion,2015
original,ln_production,control_clean_context,large_green_onion,2016
original,ln_production,control_clean_context,large_green_onion,2017
original,ln_production,control_clean_context,large_green_onion,2018
original,ln_production,control_clean_context,leaf_lettuce,1991
original,ln_production,control_clean_context,leaf_lettuce,1992
original,ln_production,control_clean_context,leaf_lettuce,1993
original,ln_production,control_clean_context,leaf_lettuce,1994
original,ln_production,control_clean_context,leaf_lettuce,1995
original,ln_production,control_clean_context,leaf_lettuce,1996
original,ln_production,control_clean_context,leaf_lettuce,1997
original,ln_production,control_clean_context,leaf_lettuce,1998
original,ln_production,control_clean_context,leaf_lettuce,1999
original,ln_production,control_clean_context,leaf_lettuce,2000
original,ln_production,control_clean_context,leaf_lettuce,2001
original,ln_production,control_clean_context,leaf_lettuce,2002
original,ln_production,control_clean_context,leaf_lettuce,2003
original,ln_production,control_clean_context,leaf_lettuce,2004
original,ln_production,control_clean_context,leaf_lettuce,2005
original,ln_production,control_clean_context,leaf_lettuce,2006
original,ln_production,control_clean_context,leaf_lettuce,2007
original,ln_production,control_clean_context,leaf_lettuce,2008
original,ln_production,control_clean_context,leaf_lettuce,2009
original,ln_production,control_clean_context,leaf_lettuce,2010
original,ln_production,control_clean_context,leaf_lettuce,2011
original,ln_production,control_clean_context,leaf_lettuce,2012
original,ln_production,control_clean_context,leaf_lettuce,2013
original,ln_production,control_clean_context,leaf_lettuce,2014
original,ln_production,control_clean_context,leaf_lettuce,2015
original,ln_production,control_clean_context,leaf_lettuce,2016
original,ln_production,control_clean_context,leaf_lettuce,2017
original,ln_production,control_clean_context,leaf_lettuce,2018
original,ln_production,control_clean_context,leaf_lettuce,2019
original,ln_production,control_clean_context,leaf_lettuce,2020
original,ln_production,control_clean_context,leaf_lettuce,2021
original,ln_production,control_clean_context,leaf_lettuce,2022
original,ln_production,control_clean_context,leaf_lettuce,2023
original,ln_production,control_clean_context,leaf_lettuce,2024
original,ln_production,control_clean_context,malting_barley,1991
original,ln_production,control_clean_context,malting_barley,1992
original,ln_production,control_clean_context,malting_barley,1993
original,ln_production,control_clean_context,malting_barley,1994
original,ln_production,control_clean_context,malting_barley,1995
original,ln_production,control_clean_context,malting_barley,1996
original,ln_production,control_clean_context,malting_barley,1997
original,ln_production,control_clean_context,malting_barley,1998
original,ln_production,control_clean_context,malting_barley,1999
original,ln_production,control_clean_context,malting_barley,2000
original,ln_production,control_clean_context,malting_barley,2001
original,ln_production,control_clean_context,malting_barley,2002
original,ln_production,control_clean_context,malting_barley,2003
original,ln_production,control_clean_context,malting_barley,2004
original,ln_production,control_clean_context,malting_barley,2005
original,ln_production,control_clean_context,malting_barley,2006
original,ln_production,control_clean_context,malting_barley,2007
original,ln_production,control_clean_context,malting_barley,2008
original,ln_production,control_clean_context,malting_barley,2009
original,ln_production,control_clean_context,malting_barley,2010
original,ln_production,control_clean_context,malting_barley,2011
original,ln_production,control_clean_context,malting_barley,2012
original,ln_production,control_clean_context,malting_barley,2013
original,ln_production,control_clean_context,malting_barley,2014
original,ln_production,control_clean_context,malting_barley,2015
original,ln_production,control_clean_context,malting_barley,2016
original,ln_production,control_clean_context,malting_barley,2017
original,ln_production,control_clean_context,malting_barley,2018
original,ln_production,control_clean_context,malting_barley,2019
original,ln_production,control_clean_context,malting_barley,2020
original,ln_production,control_clean_context,mung_bean,1991
original,ln_production,control_clean_context,mung_bean,1992
original,ln_production,control_clean_context,mung_bean,1993
original,ln_production,control_clean_context,mung_bean,1994
original,ln_production,control_clean_context,mung_bean,1995
original,ln_production,control_clean_context,mung_bean,1996
original,ln_production,control_clean_context,mung_bean,1997
original,ln_production,control_clean_context,mung_bean,1998
original,ln_production,control_clean_context,mung_bean,1999
original,ln_production,control_clean_context,mung_bean,2000
original,ln_production,control_clean_context,mung_bean,2001
original,ln_production,control_clean_context,mung_bean,2002
original,ln_production,control_clean_context,mung_bean,2003
original,ln_production,control_clean_context,mung_bean,2004
original,ln_production,control_clean_context,mung_bean,2005
original,ln_production,control_clean_context,mung_bean,2006
original,ln_production,control_clean_context,mung_bean,2007
original,ln_production,control_clean_context,mung_bean,2008
original,ln_production,control_clean_context,mung_bean,2009
original,ln_production,control_clean_context,mung_bean,2010
original,ln_production,control_clean_context,mung_bean,2011
original,ln_production,control_clean_context,mung_bean,2012
original,ln_production,control_clean_context,mung_bean,2013
original,ln_production,control_clean_context,mung_bean,2014
original,ln_production,control_clean_context,mung_bean,2015
original,ln_production,control_clean_context,mung_bean,2016
original,ln_production,control_clean_context,mung_bean,2017
original,ln_production,control_clean_context,mung_bean,2018
original,ln_production,control_clean_context,mung_bean,2019
original,ln_production,control_clean_context,mung_bean,2020
original,ln_production,control_clean_context,mung_bean,2021
original,ln_production,control_clean_context,mung_bean,2022
original,ln_production,control_clean_context,mung_bean,2023
original,ln_production,control_clean_context,mung_bean,2024
original,ln_production,control_clean_context,other_pulses,1991
original,ln_production,control_clean_context,other_pulses,1992
original,ln_production,control_clean_context,other_pulses,1993
original,ln_production,control_clean_context,other_pulses,1994
original,ln_production,control_clean_context,other_pulses,1995
original,ln_production,control_clean_context,other_pulses,1996
original,ln_production,control_clean_context,other_pulses,1997
original,ln_production,control_clean_context,other_pulses,1998
original,ln_production,control_clean_context,other_pulses,1999
original,ln_production,control_clean_context,other_pulses,2000
original,ln_production,control_clean_context,other_pulses,2001
original,ln_production,control_clean_context,other_pulses,2002
original,ln_production,control_clean_context,other_pulses,2003
original,ln_production,control_clean_context,other_pulses,2004
original,ln_production,control_clean_context,other_pulses,2005
original,ln_production,control_clean_context,other_pulses,2006
original,ln_production,control_clean_context,other_pulses,2007
original,ln_production,control_clean_context,other_pulses,2008
original,ln_production,control_clean_context,other_pulses,2009
original,ln_production,control_clean_context,other_pulses,2010
original,ln_production,control_clean_context,other_pulses,2011
original,ln_production,control_clean_context,other_pulses,2012
original,ln_production,control_clean_context,other_pulses,2013
original,ln_production,control_clean_context,other_pulses,2014
original,ln_production,control_clean_context,other_pulses,2015
original,ln_production,control_clean_context,other_pulses,2016
original,ln_production,control_clean_context,other_pulses,2017
original,ln_production,control_clean_context,other_pulses,2018
original,ln_production,control_clean_context,other_pulses,2019
original,ln_production,control_clean_context,other_pulses,2020
original,ln_production,control_clean_context,other_pulses,2021
original,ln_production,control_clean_context,other_pulses,2022
original,ln_production,control_clean_context,other_pulses,2023
original,ln_production,control_clean_context,other_pulses,2024
original,ln_production,control_clean_context,peanut,1991
original,ln_production,control_clean_context,peanut,1992
original,ln_production,control_clean_context,peanut,1993
original,ln_production,control_clean_context,peanut,1994
original,ln_production,control_clean_context,peanut,1995
original,ln_production,control_clean_context,peanut,1996
original,ln_production,control_clean_context,peanut,1997
original,ln_production,control_clean_context,peanut,1998
original,ln_production,control_clean_context,peanut,1999
original,ln_production,control_clean_context,peanut,2000
original,ln_production,control_clean_context,peanut,2001
original,ln_production,control_clean_context,peanut,2002
original,ln_production,control_clean_context,peanut,2003
original,ln_production,control_clean_context,peanut,2004
original,ln_production,control_clean_context,peanut,2005
original,ln_production,control_clean_context,peanut,2006
original,ln_production,control_clean_context,peanut,2007
original,ln_production,control_clean_context,peanut,2008
original,ln_production,control_clean_context,peanut,2009
original,ln_production,control_clean_context,peanut,2010
original,ln_production,control_clean_context,peanut,2011
original,ln_production,control_clean_context,peanut,2012
original,ln_production,control_clean_context,peanut,2013
original,ln_production,control_clean_context,peanut,2014
original,ln_production,control_clean_context,peanut,2015
original,ln_production,control_clean_context,peanut,2016
original,ln_production,control_clean_context,peanut,2017
original,ln_production,control_clean_context,peanut,2018
original,ln_production,control_clean_context,peanut,2019
original,ln_production,control_clean_context,peanut,2020
original,ln_production,control_clean_context,peanut,2021
original,ln_production,control_clean_context,peanut,2022
original,ln_production,control_clean_context,peanut,2023
original,ln_production,control_clean_context,peanut,2024
original,ln_production,control_clean_context,perilla,1991
original,ln_production,control_clean_context,perilla,1992
original,ln_production,control_clean_context,perilla,1993
original,ln_production,control_clean_context,perilla,1994
original,ln_production,control_clean_context,perilla,1995
original,ln_production,control_clean_context,perilla,1996
original,ln_production,control_clean_context,perilla,1997
original,ln_production,control_clean_context,perilla,1998
original,ln_production,control_clean_context,perilla,1999
original,ln_production,control_clean_context,perilla,2000
original,ln_production,control_clean_context,perilla,2001
original,ln_production,control_clean_context,perilla,2002
original,ln_production,control_clean_context,perilla,2003
original,ln_production,control_clean_context,perilla,2004
original,ln_production,control_clean_context,perilla,2005
original,ln_production,control_clean_context,perilla,2006
original,ln_production,control_clean_context,perilla,2007
original,ln_production,control_clean_context,perilla,2008
original,ln_production,control_clean_context,perilla,2009
original,ln_production,control_clean_context,perilla,2010
original,ln_production,control_clean_context,perilla,2011
original,ln_production,control_clean_context,perilla,2012
original,ln_production,control_clean_context,perilla,2013
original,ln_production,control_clean_context,perilla,2014
original,ln_production,control_clean_context,perilla,2015
original,ln_production,control_clean_context,perilla,2016
original,ln_production,control_clean_context,perilla,2017
original,ln_production,control_clean_context,perilla,2018
original,ln_production,control_clean_context,perilla,2019
original,ln_production,control_clean_context,perilla,2020
original,ln_production,control_clean_context,perilla,2021
original,ln_production,control_clean_context,perilla,2022
original,ln_production,control_clean_context,perilla,2023
original,ln_production,control_clean_context,perilla,2024
original,ln_production,control_clean_context,red_bean,1991
original,ln_production,control_clean_context,red_bean,1992
original,ln_production,control_clean_context,red_bean,1993
original,ln_production,control_clean_context,red_bean,1994
original,ln_production,control_clean_context,red_bean,1995
original,ln_production,control_clean_context,red_bean,1996
original,ln_production,control_clean_context,red_bean,1997
original,ln_production,control_clean_context,red_bean,1998
original,ln_production,control_clean_context,red_bean,1999
original,ln_production,control_clean_context,red_bean,2000
original,ln_production,control_clean_context,red_bean,2001
original,ln_production,control_clean_context,red_bean,2002
original,ln_production,control_clean_context,red_bean,2003
original,ln_production,control_clean_context,red_bean,2004
original,ln_production,control_clean_context,red_bean,2005
original,ln_production,control_clean_context,red_bean,2006
original,ln_production,control_clean_context,red_bean,2007
original,ln_production,control_clean_context,red_bean,2008
original,ln_production,control_clean_context,red_bean,2009
original,ln_production,control_clean_context,red_bean,2010
original,ln_production,control_clean_context,red_bean,2011
original,ln_production,control_clean_context,red_bean,2012
original,ln_production,control_clean_context,red_bean,2013
original,ln_production,control_clean_context,red_bean,2014
original,ln_production,control_clean_context,red_bean,2015
original,ln_production,control_clean_context,red_bean,2016
original,ln_production,control_clean_context,red_bean,2017
original,ln_production,control_clean_context,red_bean,2018
original,ln_production,control_clean_context,red_bean,2019
original,ln_production,control_clean_context,sesame,1991
original,ln_production,control_clean_context,sesame,1992
original,ln_production,control_clean_context,sesame,1993
original,ln_production,control_clean_context,sesame,1994
original,ln_production,control_clean_context,sesame,1995
original,ln_production,control_clean_context,sesame,1996
original,ln_production,control_clean_context,sesame,1997
original,ln_production,control_clean_context,sesame,1998
original,ln_production,control_clean_context,sesame,1999
original,ln_production,control_clean_context,sesame,2000
original,ln_production,control_clean_context,sesame,2001
original,ln_production,control_clean_context,sesame,2002
original,ln_production,control_clean_context,sesame,2003
original,ln_production,control_clean_context,sesame,2004
original,ln_production,control_clean_context,sesame,2005
original,ln_production,control_clean_context,sesame,2006
original,ln_production,control_clean_context,sesame,2007
original,ln_production,control_clean_context,sesame,2008
original,ln_production,control_clean_context,sesame,2009
original,ln_production,control_clean_context,sesame,2010
original,ln_production,control_clean_context,sesame,2011
original,ln_production,control_clean_context,sesame,2012
original,ln_production,control_clean_context,sesame,2013
original,ln_production,control_clean_context,sesame,2014
original,ln_production,control_clean_context,sesame,2015
original,ln_production,control_clean_context,sesame,2016
original,ln_production,control_clean_context,sesame,2017
original,ln_production,control_clean_context,sesame,2018
original,ln_production,control_clean_context,sesame,2019
original,ln_production,control_clean_context,sesame,2020
original,ln_production,control_clean_context,sesame,2021
original,ln_production,control_clean_context,sesame,2022
original,ln_production,control_clean_context,sesame,2023
original,ln_production,control_clean_context,sesame,2024
original,ln_production,control_clean_context,small_green_onion,2000
original,ln_production,control_clean_context,small_green_onion,2001
original,ln_production,control_clean_context,small_green_onion,2002
original,ln_production,control_clean_context,small_green_onion,2003
original,ln_production,control_clean_context,small_green_onion,2004
original,ln_production,control_clean_context,small_green_onion,2005
original,ln_production,control_clean_context,small_green_onion,2006
original,ln_production,control_clean_context,small_green_onion,2007
original,ln_production,control_clean_context,small_green_onion,2008
original,ln_production,control_clean_context,small_green_onion,2009
original,ln_production,control_clean_context,small_green_onion,2010
original,ln_production,control_clean_context,small_green_onion,2011
original,ln_production,control_clean_context,small_green_onion,2012
original,ln_production,control_clean_context,small_green_onion,2013
original,ln_production,control_clean_context,small_green_onion,2014
original,ln_production,control_clean_context,small_green_onion,2015
original,ln_production,control_clean_context,small_green_onion,2016
original,ln_production,control_clean_context,small_green_onion,2017
original,ln_production,control_clean_context,small_green_onion,2018
original,ln_production,control_clean_context,spinach,1991
original,ln_production,control_clean_context,spinach,1992
original,ln_production,control_clean_context,spinach,1993
original,ln_production,control_clean_context,spinach,1994
original,ln_production,control_clean_context,spinach,1995
original,ln_production,control_clean_context,spinach,1996
original,ln_production,control_clean_context,spinach,1997
original,ln_production,control_clean_context,spinach,1998
original,ln_production,control_clean_context,spinach,1999
original,ln_production,control_clean_context,spinach,2000
original,ln_production,control_clean_context,spinach,2001
original,ln_production,control_clean_context,spinach,2002
original,ln_production,control_clean_context,spinach,2003
original,ln_production,control_clean_context,spinach,2004
original,ln_production,control_clean_context,spinach,2005
original,ln_production,control_clean_context,spinach,2006
original,ln_production,control_clean_context,spinach,2007
original,ln_production,control_clean_context,spinach,2008
original,ln_production,control_clean_context,spinach,2009
original,ln_production,control_clean_context,spinach,2010
original,ln_production,control_clean_context,spinach,2011
original,ln_production,control_clean_context,spinach,2012
original,ln_production,control_clean_context,spinach,2013
original,ln_production,control_clean_context,spinach,2014
original,ln_production,control_clean_context,spinach,2015
original,ln_production,control_clean_context,spinach,2016
original,ln_production,control_clean_context,spinach,2017
original,ln_production,control_clean_context,spinach,2018
original,ln_production,control_clean_context,spinach,2019
original,ln_production,control_clean_context,spinach,2020
original,ln_production,control_clean_context,spring_napa,1991
original,ln_production,control_clean_context,spring_napa,1992
original,ln_production,control_clean_context,spring_napa,1993
original,ln_production,control_clean_context,spring_napa,1994
original,ln_production,control_clean_context,spring_napa,1995
original,ln_production,control_clean_context,spring_napa,1996
original,ln_production,control_clean_context,spring_napa,1997
original,ln_production,control_clean_context,spring_napa,1998
original,ln_production,control_clean_context,spring_napa,1999
original,ln_production,control_clean_context,spring_napa,2000
original,ln_production,control_clean_context,spring_napa,2001
original,ln_production,control_clean_context,spring_napa,2002
original,ln_production,control_clean_context,spring_napa,2003
original,ln_production,control_clean_context,spring_napa,2004
original,ln_production,control_clean_context,spring_napa,2005
original,ln_production,control_clean_context,spring_napa,2006
original,ln_production,control_clean_context,spring_napa,2007
original,ln_production,control_clean_context,spring_napa,2008
original,ln_production,control_clean_context,spring_napa,2009
original,ln_production,control_clean_context,spring_napa,2010
original,ln_production,control_clean_context,spring_napa,2011
original,ln_production,control_clean_context,spring_napa,2012
original,ln_production,control_clean_context,spring_napa,2013
original,ln_production,control_clean_context,spring_napa,2014
original,ln_production,control_clean_context,spring_napa,2015
original,ln_production,control_clean_context,spring_napa,2016
original,ln_production,control_clean_context,spring_napa,2017
original,ln_production,control_clean_context,spring_napa,2018
original,ln_production,control_clean_context,spring_napa,2019
original,ln_production,control_clean_context,spring_napa,2020
original,ln_production,control_clean_context,spring_napa,2021
original,ln_production,control_clean_context,spring_napa,2022
original,ln_production,control_clean_context,spring_napa,2023
original,ln_production,control_clean_context,spring_radish,1991
original,ln_production,control_clean_context,spring_radish,1992
original,ln_production,control_clean_context,spring_radish,1993
original,ln_production,control_clean_context,spring_radish,1994
original,ln_production,control_clean_context,spring_radish,1995
original,ln_production,control_clean_context,spring_radish,1996
original,ln_production,control_clean_context,spring_radish,1997
original,ln_production,control_clean_context,spring_radish,1998
original,ln_production,control_clean_context,spring_radish,1999
original,ln_production,control_clean_context,spring_radish,2000
original,ln_production,control_clean_context,spring_radish,2001
original,ln_production,control_clean_context,spring_radish,2002
original,ln_production,control_clean_context,spring_radish,2003
original,ln_production,control_clean_context,spring_radish,2004
original,ln_production,control_clean_context,spring_radish,2005
original,ln_production,control_clean_context,spring_radish,2006
original,ln_production,control_clean_context,spring_radish,2007
original,ln_production,control_clean_context,spring_radish,2008
original,ln_production,control_clean_context,spring_radish,2009
original,ln_production,control_clean_context,spring_radish,2010
original,ln_production,control_clean_context,spring_radish,2011
original,ln_production,control_clean_context,spring_radish,2012
original,ln_production,control_clean_context,spring_radish,2013
original,ln_production,control_clean_context,spring_radish,2014
original,ln_production,control_clean_context,spring_radish,2015
original,ln_production,control_clean_context,spring_radish,2016
original,ln_production,control_clean_context,spring_radish,2017
original,ln_production,control_clean_context,spring_radish,2018
original,ln_production,control_clean_context,spring_radish,2019
original,ln_production,control_clean_context,spring_radish,2020
original,ln_production,control_clean_context,spring_radish,2021
original,ln_production,control_clean_context,spring_radish,2022
original,ln_production,control_clean_context,spring_radish,2023
original,ln_production,control_clean_context,spring_radish,2024
original,ln_production,control_clean_context,wheat,1991
original,ln_production,control_clean_context,wheat,1992
original,ln_production,control_clean_context,wheat,1993
original,ln_production,control_clean_context,wheat,1994
original,ln_production,control_clean_context,wheat,1995
original,ln_production,control_clean_context,wheat,1996
original,ln_production,control_clean_context,wheat,1997
original,ln_production,control_clean_context,wheat,1998
original,ln_production,control_clean_context,wheat,1999
original,ln_production,control_clean_context,wheat,2000
original,ln_production,control_clean_context,wheat,2001
original,ln_production,control_clean_context,wheat,2002
original,ln_production,control_clean_context,wheat,2003
original,ln_production,control_clean_context,wheat,2004
original,ln_production,control_clean_context,wheat,2005
original,ln_production,control_clean_context,wheat,2006
original,ln_production,control_clean_context,wheat,2007
original,ln_production,control_clean_context,wheat,2008
original,ln_production,control_clean_context,wheat,2009
original,ln_production,control_clean_context,wheat,2010
original,ln_production,control_clean_context,wheat,2011
original,ln_production,control_clean_context,wheat,2012
original,ln_production,control_clean_context,wheat,2013
original,ln_production,control_clean_context,wheat,2014
original,ln_production,control_clean_context,wheat,2015
original,ln_production,control_clean_context,wheat,2016
original,ln_production,control_clean_context,winter_napa,2014
original,ln_production,control_clean_context,winter_napa,2015
original,ln_production,control_clean_context,winter_napa,2016
original,ln_production,control_clean_context,winter_napa,2017
original,ln_production,control_clean_context,winter_napa,2018
original,ln_production,control_clean_context,winter_napa,2019
original,ln_production,control_clean_context,winter_radish,2014
original,ln_production,control_clean_context,winter_radish,2015
original,ln_production,control_clean_context,winter_radish,2016
original,ln_production,control_clean_context,winter_radish,2017
original,ln_production,control_clean_context,winter_radish,2018
original,ln_production,control_clean_context,winter_radish,2019
exclude_spring,ln_area,treated_clean_pre,corn,1991
exclude_spring,ln_area,treated_clean_pre,corn,1992
exclude_spring,ln_area,treated_clean_pre,corn,1993
exclude_spring,ln_area,treated_clean_pre,corn,1994
exclude_spring,ln_area,treated_clean_pre,corn,1995
exclude_spring,ln_area,treated_clean_pre,corn,1996
exclude_spring,ln_area,treated_clean_pre,corn,1997
exclude_spring,ln_area,treated_clean_pre,corn,1998
exclude_spring,ln_area,treated_clean_pre,corn,1999
exclude_spring,ln_area,treated_clean_pre,corn,2000
exclude_spring,ln_area,treated_clean_pre,corn,2001
exclude_spring,ln_area,treated_clean_pre,corn,2002
exclude_spring,ln_area,treated_clean_pre,corn,2003
exclude_spring,ln_area,treated_clean_pre,corn,2004
exclude_spring,ln_area,treated_clean_pre,corn,2005
exclude_spring,ln_area,treated_clean_pre,corn,2006
exclude_spring,ln_area,treated_clean_pre,corn,2007
exclude_spring,ln_area,treated_clean_pre,corn,2008
exclude_spring,ln_area,treated_clean_pre,garlic,1991
exclude_spring,ln_area,treated_clean_pre,garlic,1992
exclude_spring,ln_area,treated_clean_pre,garlic,1993
exclude_spring,ln_area,treated_clean_pre,garlic,1994
exclude_spring,ln_area,treated_clean_pre,garlic,1995
exclude_spring,ln_area,treated_clean_pre,garlic,1996
exclude_spring,ln_area,treated_clean_pre,garlic,1997
exclude_spring,ln_area,treated_clean_pre,garlic,1998
exclude_spring,ln_area,treated_clean_pre,garlic,1999
exclude_spring,ln_area,treated_clean_pre,garlic,2000
exclude_spring,ln_area,treated_clean_pre,garlic,2001
exclude_spring,ln_area,treated_clean_pre,garlic,2002
exclude_spring,ln_area,treated_clean_pre,garlic,2003
exclude_spring,ln_area,treated_clean_pre,garlic,2004
exclude_spring,ln_area,treated_clean_pre,garlic,2005
exclude_spring,ln_area,treated_clean_pre,garlic,2006
exclude_spring,ln_area,treated_clean_pre,garlic,2007
exclude_spring,ln_area,treated_clean_pre,garlic,2008
exclude_spring,ln_area,treated_clean_pre,garlic,2009
exclude_spring,ln_area,treated_clean_pre,onion,1991
exclude_spring,ln_area,treated_clean_pre,onion,1992
exclude_spring,ln_area,treated_clean_pre,onion,1993
exclude_spring,ln_area,treated_clean_pre,onion,1994
exclude_spring,ln_area,treated_clean_pre,onion,1995
exclude_spring,ln_area,treated_clean_pre,onion,1996
exclude_spring,ln_area,treated_clean_pre,onion,1997
exclude_spring,ln_area,treated_clean_pre,onion,1998
exclude_spring,ln_area,treated_clean_pre,onion,1999
exclude_spring,ln_area,treated_clean_pre,onion,2000
exclude_spring,ln_area,treated_clean_pre,onion,2001
exclude_spring,ln_area,treated_clean_pre,onion,2002
exclude_spring,ln_area,treated_clean_pre,onion,2003
exclude_spring,ln_area,treated_clean_pre,onion,2004
exclude_spring,ln_area,treated_clean_pre,onion,2005
exclude_spring,ln_area,treated_clean_pre,onion,2006
exclude_spring,ln_area,treated_clean_pre,onion,2007
exclude_spring,ln_area,treated_clean_pre,onion,2008
exclude_spring,ln_area,treated_clean_pre,red_pepper,1991
exclude_spring,ln_area,treated_clean_pre,red_pepper,1992
exclude_spring,ln_area,treated_clean_pre,red_pepper,1993
exclude_spring,ln_area,treated_clean_pre,red_pepper,1994
exclude_spring,ln_area,treated_clean_pre,red_pepper,1995
exclude_spring,ln_area,treated_clean_pre,red_pepper,1996
exclude_spring,ln_area,treated_clean_pre,red_pepper,1997
exclude_spring,ln_area,treated_clean_pre,red_pepper,1998
exclude_spring,ln_area,treated_clean_pre,red_pepper,1999
exclude_spring,ln_area,treated_clean_pre,red_pepper,2000
exclude_spring,ln_area,treated_clean_pre,red_pepper,2001
exclude_spring,ln_area,treated_clean_pre,red_pepper,2002
exclude_spring,ln_area,treated_clean_pre,red_pepper,2003
exclude_spring,ln_area,treated_clean_pre,red_pepper,2004
exclude_spring,ln_area,treated_clean_pre,red_pepper,2005
exclude_spring,ln_area,treated_clean_pre,red_pepper,2006
exclude_spring,ln_area,treated_clean_pre,red_pepper,2007
exclude_spring,ln_area,treated_clean_pre,soybean,1991
exclude_spring,ln_area,treated_clean_pre,soybean,1992
exclude_spring,ln_area,treated_clean_pre,soybean,1993
exclude_spring,ln_area,treated_clean_pre,soybean,1994
exclude_spring,ln_area,treated_clean_pre,soybean,1995
exclude_spring,ln_area,treated_clean_pre,soybean,1996
exclude_spring,ln_area,treated_clean_pre,soybean,1997
exclude_spring,ln_area,treated_clean_pre,soybean,1998
exclude_spring,ln_area,treated_clean_pre,soybean,1999
exclude_spring,ln_area,treated_clean_pre,soybean,2000
exclude_spring,ln_area,treated_clean_pre,soybean,2001
exclude_spring,ln_area,treated_clean_pre,soybean,2002
exclude_spring,ln_area,treated_clean_pre,soybean,2003
exclude_spring,ln_area,treated_clean_pre,soybean,2004
exclude_spring,ln_area,treated_clean_pre,soybean,2005
exclude_spring,ln_area,treated_clean_pre,soybean,2006
exclude_spring,ln_area,treated_clean_pre,soybean,2007
exclude_spring,ln_area,treated_clean_pre,spring_potato,1991
exclude_spring,ln_area,treated_clean_pre,spring_potato,1992
exclude_spring,ln_area,treated_clean_pre,spring_potato,1993
exclude_spring,ln_area,treated_clean_pre,spring_potato,1994
exclude_spring,ln_area,treated_clean_pre,spring_potato,1995
exclude_spring,ln_area,treated_clean_pre,spring_potato,1996
exclude_spring,ln_area,treated_clean_pre,spring_potato,1997
exclude_spring,ln_area,treated_clean_pre,spring_potato,1998
exclude_spring,ln_area,treated_clean_pre,spring_potato,1999
exclude_spring,ln_area,treated_clean_pre,spring_potato,2000
exclude_spring,ln_area,treated_clean_pre,spring_potato,2001
exclude_spring,ln_area,treated_clean_pre,spring_potato,2002
exclude_spring,ln_area,treated_clean_pre,spring_potato,2003
exclude_spring,ln_area,treated_clean_pre,spring_potato,2004
exclude_spring,ln_area,treated_clean_pre,spring_potato,2005
exclude_spring,ln_area,treated_clean_pre,spring_potato,2006
exclude_spring,ln_area,treated_clean_pre,spring_potato,2007
exclude_spring,ln_area,treated_clean_pre,sweet_potato,1991
exclude_spring,ln_area,treated_clean_pre,sweet_potato,1992
exclude_spring,ln_area,treated_clean_pre,sweet_potato,1993
exclude_spring,ln_area,treated_clean_pre,sweet_potato,1994
exclude_spring,ln_area,treated_clean_pre,sweet_potato,1995
exclude_spring,ln_area,treated_clean_pre,sweet_potato,1996
exclude_spring,ln_area,treated_clean_pre,sweet_potato,1997
exclude_spring,ln_area,treated_clean_pre,sweet_potato,1998
exclude_spring,ln_area,treated_clean_pre,sweet_potato,1999
exclude_spring,ln_area,treated_clean_pre,sweet_potato,2000
exclude_spring,ln_area,treated_clean_pre,sweet_potato,2001
exclude_spring,ln_area,treated_clean_pre,sweet_potato,2002
exclude_spring,ln_area,treated_clean_pre,sweet_potato,2003
exclude_spring,ln_area,treated_clean_pre,sweet_potato,2004
exclude_spring,ln_area,treated_clean_pre,sweet_potato,2005
exclude_spring,ln_area,treated_clean_pre,sweet_potato,2006
exclude_spring,ln_area,treated_clean_pre,sweet_potato,2007
exclude_spring,ln_area,treated_clean_pre,sweet_potato,2008
exclude_spring,ln_area,treated_base,corn,2008
exclude_spring,ln_area,treated_base,garlic,2009
exclude_spring,ln_area,treated_base,onion,2008
exclude_spring,ln_area,treated_base,red_pepper,2007
exclude_spring,ln_area,treated_base,soybean,2007
exclude_spring,ln_area,treated_base,spring_potato,2007
exclude_spring,ln_area,treated_base,sweet_potato,2008
exclude_spring,ln_area,treated_post,corn,2013
exclude_spring,ln_area,treated_post,corn,2014
exclude_spring,ln_area,treated_post,corn,2015
exclude_spring,ln_area,treated_post,corn,2016
exclude_spring,ln_area,treated_post,corn,2017
exclude_spring,ln_area,treated_post,corn,2018
exclude_spring,ln_area,treated_post,corn,2019
exclude_spring,ln_area,treated_post,corn,2020
exclude_spring,ln_area,treated_post,corn,2021
exclude_spring,ln_area,treated_post,corn,2022
exclude_spring,ln_area,treated_post,garlic,2013
exclude_spring,ln_area,treated_post,garlic,2014
exclude_spring,ln_area,treated_post,garlic,2015
exclude_spring,ln_area,treated_post,garlic,2016
exclude_spring,ln_area,treated_post,garlic,2017
exclude_spring,ln_area,treated_post,garlic,2018
exclude_spring,ln_area,treated_post,garlic,2019
exclude_spring,ln_area,treated_post,garlic,2020
exclude_spring,ln_area,treated_post,garlic,2021
exclude_spring,ln_area,treated_post,garlic,2022
exclude_spring,ln_area,treated_post,onion,2012
exclude_spring,ln_area,treated_post,onion,2013
exclude_spring,ln_area,treated_post,onion,2014
exclude_spring,ln_area,treated_post,onion,2015
exclude_spring,ln_area,treated_post,onion,2016
exclude_spring,ln_area,treated_post,onion,2017
exclude_spring,ln_area,treated_post,onion,2018
exclude_spring,ln_area,treated_post,onion,2019
exclude_spring,ln_area,treated_post,onion,2020
exclude_spring,ln_area,treated_post,onion,2021
exclude_spring,ln_area,treated_post,red_pepper,2015
exclude_spring,ln_area,treated_post,red_pepper,2016
exclude_spring,ln_area,treated_post,red_pepper,2017
exclude_spring,ln_area,treated_post,red_pepper,2018
exclude_spring,ln_area,treated_post,red_pepper,2019
exclude_spring,ln_area,treated_post,red_pepper,2020
exclude_spring,ln_area,treated_post,red_pepper,2021
exclude_spring,ln_area,treated_post,red_pepper,2022
exclude_spring,ln_area,treated_post,red_pepper,2023
exclude_spring,ln_area,treated_post,red_pepper,2024
exclude_spring,ln_area,treated_post,soybean,2012
exclude_spring,ln_area,treated_post,soybean,2013
exclude_spring,ln_area,treated_post,soybean,2014
exclude_spring,ln_area,treated_post,soybean,2015
exclude_spring,ln_area,treated_post,soybean,2016
exclude_spring,ln_area,treated_post,soybean,2017
exclude_spring,ln_area,treated_post,soybean,2018
exclude_spring,ln_area,treated_post,soybean,2019
exclude_spring,ln_area,treated_post,soybean,2020
exclude_spring,ln_area,treated_post,soybean,2021
exclude_spring,ln_area,treated_post,spring_potato,2013
exclude_spring,ln_area,treated_post,spring_potato,2014
exclude_spring,ln_area,treated_post,spring_potato,2015
exclude_spring,ln_area,treated_post,spring_potato,2016
exclude_spring,ln_area,treated_post,spring_potato,2017
exclude_spring,ln_area,treated_post,spring_potato,2018
exclude_spring,ln_area,treated_post,spring_potato,2019
exclude_spring,ln_area,treated_post,spring_potato,2020
exclude_spring,ln_area,treated_post,spring_potato,2021
exclude_spring,ln_area,treated_post,spring_potato,2022
exclude_spring,ln_area,treated_post,sweet_potato,2013
exclude_spring,ln_area,treated_post,sweet_potato,2014
exclude_spring,ln_area,treated_post,sweet_potato,2015
exclude_spring,ln_area,treated_post,sweet_potato,2016
exclude_spring,ln_area,treated_post,sweet_potato,2017
exclude_spring,ln_area,treated_post,sweet_potato,2018
exclude_spring,ln_area,treated_post,sweet_potato,2019
exclude_spring,ln_area,treated_post,sweet_potato,2020
exclude_spring,ln_area,treated_post,sweet_potato,2021
exclude_spring,ln_area,treated_post,sweet_potato,2022
exclude_spring,ln_area,control_used,autumn_napa,2007
exclude_spring,ln_area,control_used,autumn_napa,2008
exclude_spring,ln_area,control_used,autumn_napa,2009
exclude_spring,ln_area,control_used,autumn_napa,2012
exclude_spring,ln_area,control_used,autumn_napa,2013
exclude_spring,ln_area,control_used,autumn_napa,2014
exclude_spring,ln_area,control_used,autumn_napa,2015
exclude_spring,ln_area,control_used,autumn_napa,2016
exclude_spring,ln_area,control_used,autumn_napa,2017
exclude_spring,ln_area,control_used,autumn_napa,2018
exclude_spring,ln_area,control_used,autumn_napa,2019
exclude_spring,ln_area,control_used,autumn_napa,2020
exclude_spring,ln_area,control_used,autumn_napa,2021
exclude_spring,ln_area,control_used,autumn_radish,2007
exclude_spring,ln_area,control_used,autumn_radish,2008
exclude_spring,ln_area,control_used,autumn_radish,2009
exclude_spring,ln_area,control_used,autumn_radish,2012
exclude_spring,ln_area,control_used,autumn_radish,2013
exclude_spring,ln_area,control_used,autumn_radish,2014
exclude_spring,ln_area,control_used,autumn_radish,2015
exclude_spring,ln_area,control_used,autumn_radish,2016
exclude_spring,ln_area,control_used,autumn_radish,2017
exclude_spring,ln_area,control_used,autumn_radish,2018
exclude_spring,ln_area,control_used,autumn_radish,2019
exclude_spring,ln_area,control_used,autumn_radish,2020
exclude_spring,ln_area,control_used,autumn_radish,2021
exclude_spring,ln_area,control_used,autumn_radish,2022
exclude_spring,ln_area,control_used,autumn_radish,2023
exclude_spring,ln_area,control_used,barley,2007
exclude_spring,ln_area,control_used,barley,2008
exclude_spring,ln_area,control_used,barley,2009
exclude_spring,ln_area,control_used,barley,2012
exclude_spring,ln_area,control_used,barley,2013
exclude_spring,ln_area,control_used,barley,2014
exclude_spring,ln_area,control_used,barley,2015
exclude_spring,ln_area,control_used,barley,2016
exclude_spring,ln_area,control_used,barley,2017
exclude_spring,ln_area,control_used,barley,2018
exclude_spring,ln_area,control_used,barley,2019
exclude_spring,ln_area,control_used,barley,2020
exclude_spring,ln_area,control_used,cabbage,2007
exclude_spring,ln_area,control_used,cabbage,2008
exclude_spring,ln_area,control_used,cabbage,2009
exclude_spring,ln_area,control_used,cabbage,2012
exclude_spring,ln_area,control_used,cabbage,2013
exclude_spring,ln_area,control_used,cabbage,2014
exclude_spring,ln_area,control_used,cabbage,2015
exclude_spring,ln_area,control_used,cabbage,2016
exclude_spring,ln_area,control_used,carrot,2007
exclude_spring,ln_area,control_used,carrot,2008
exclude_spring,ln_area,control_used,carrot,2009
exclude_spring,ln_area,control_used,carrot,2012
exclude_spring,ln_area,control_used,carrot,2013
exclude_spring,ln_area,control_used,carrot,2014
exclude_spring,ln_area,control_used,carrot,2015
exclude_spring,ln_area,control_used,carrot,2016
exclude_spring,ln_area,control_used,carrot,2017
exclude_spring,ln_area,control_used,carrot,2018
exclude_spring,ln_area,control_used,ginger,2007
exclude_spring,ln_area,control_used,ginger,2008
exclude_spring,ln_area,control_used,ginger,2009
exclude_spring,ln_area,control_used,ginger,2012
exclude_spring,ln_area,control_used,ginger,2013
exclude_spring,ln_area,control_used,ginger,2014
exclude_spring,ln_area,control_used,ginger,2015
exclude_spring,ln_area,control_used,ginger,2016
exclude_spring,ln_area,control_used,ginger,2017
exclude_spring,ln_area,control_used,ginger,2018
exclude_spring,ln_area,control_used,ginger,2019
exclude_spring,ln_area,control_used,ginger,2020
exclude_spring,ln_area,control_used,ginger,2021
exclude_spring,ln_area,control_used,ginger,2022
exclude_spring,ln_area,control_used,ginger,2023
exclude_spring,ln_area,control_used,ginger,2024
exclude_spring,ln_area,control_used,highland_napa,2007
exclude_spring,ln_area,control_used,highland_napa,2008
exclude_spring,ln_area,control_used,highland_napa,2009
exclude_spring,ln_area,control_used,highland_napa,2012
exclude_spring,ln_area,control_used,highland_napa,2013
exclude_spring,ln_area,control_used,highland_napa,2014
exclude_spring,ln_area,control_used,highland_napa,2015
exclude_spring,ln_area,control_used,highland_napa,2016
exclude_spring,ln_area,control_used,highland_napa,2017
exclude_spring,ln_area,control_used,highland_napa,2018
exclude_spring,ln_area,control_used,highland_radish,2007
exclude_spring,ln_area,control_used,highland_radish,2008
exclude_spring,ln_area,control_used,highland_radish,2009
exclude_spring,ln_area,control_used,highland_radish,2012
exclude_spring,ln_area,control_used,highland_radish,2013
exclude_spring,ln_area,control_used,highland_radish,2014
exclude_spring,ln_area,control_used,highland_radish,2015
exclude_spring,ln_area,control_used,highland_radish,2016
exclude_spring,ln_area,control_used,highland_radish,2017
exclude_spring,ln_area,control_used,highland_radish,2018
exclude_spring,ln_area,control_used,large_green_onion,2007
exclude_spring,ln_area,control_used,large_green_onion,2008
exclude_spring,ln_area,control_used,large_green_onion,2009
exclude_spring,ln_area,control_used,large_green_onion,2012
exclude_spring,ln_area,control_used,large_green_onion,2013
exclude_spring,ln_area,control_used,large_green_onion,2014
exclude_spring,ln_area,control_used,large_green_onion,2015
exclude_spring,ln_area,control_used,large_green_onion,2016
exclude_spring,ln_area,control_used,large_green_onion,2017
exclude_spring,ln_area,control_used,large_green_onion,2018
exclude_spring,ln_area,control_used,leaf_lettuce,2007
exclude_spring,ln_area,control_used,leaf_lettuce,2008
exclude_spring,ln_area,control_used,leaf_lettuce,2009
exclude_spring,ln_area,control_used,leaf_lettuce,2012
exclude_spring,ln_area,control_used,leaf_lettuce,2013
exclude_spring,ln_area,control_used,leaf_lettuce,2014
exclude_spring,ln_area,control_used,leaf_lettuce,2015
exclude_spring,ln_area,control_used,leaf_lettuce,2016
exclude_spring,ln_area,control_used,leaf_lettuce,2017
exclude_spring,ln_area,control_used,leaf_lettuce,2018
exclude_spring,ln_area,control_used,leaf_lettuce,2019
exclude_spring,ln_area,control_used,leaf_lettuce,2020
exclude_spring,ln_area,control_used,leaf_lettuce,2021
exclude_spring,ln_area,control_used,leaf_lettuce,2022
exclude_spring,ln_area,control_used,leaf_lettuce,2023
exclude_spring,ln_area,control_used,leaf_lettuce,2024
exclude_spring,ln_area,control_used,malting_barley,2007
exclude_spring,ln_area,control_used,malting_barley,2008
exclude_spring,ln_area,control_used,malting_barley,2009
exclude_spring,ln_area,control_used,malting_barley,2012
exclude_spring,ln_area,control_used,malting_barley,2013
exclude_spring,ln_area,control_used,malting_barley,2014
exclude_spring,ln_area,control_used,malting_barley,2015
exclude_spring,ln_area,control_used,malting_barley,2016
exclude_spring,ln_area,control_used,malting_barley,2017
exclude_spring,ln_area,control_used,malting_barley,2018
exclude_spring,ln_area,control_used,malting_barley,2019
exclude_spring,ln_area,control_used,malting_barley,2020
exclude_spring,ln_area,control_used,mung_bean,2007
exclude_spring,ln_area,control_used,mung_bean,2008
exclude_spring,ln_area,control_used,mung_bean,2009
exclude_spring,ln_area,control_used,mung_bean,2012
exclude_spring,ln_area,control_used,mung_bean,2013
exclude_spring,ln_area,control_used,mung_bean,2014
exclude_spring,ln_area,control_used,mung_bean,2015
exclude_spring,ln_area,control_used,mung_bean,2016
exclude_spring,ln_area,control_used,mung_bean,2017
exclude_spring,ln_area,control_used,mung_bean,2018
exclude_spring,ln_area,control_used,mung_bean,2019
exclude_spring,ln_area,control_used,mung_bean,2020
exclude_spring,ln_area,control_used,mung_bean,2021
exclude_spring,ln_area,control_used,mung_bean,2022
exclude_spring,ln_area,control_used,mung_bean,2023
exclude_spring,ln_area,control_used,mung_bean,2024
exclude_spring,ln_area,control_used,other_pulses,2007
exclude_spring,ln_area,control_used,other_pulses,2008
exclude_spring,ln_area,control_used,other_pulses,2009
exclude_spring,ln_area,control_used,other_pulses,2012
exclude_spring,ln_area,control_used,other_pulses,2013
exclude_spring,ln_area,control_used,other_pulses,2014
exclude_spring,ln_area,control_used,other_pulses,2015
exclude_spring,ln_area,control_used,other_pulses,2016
exclude_spring,ln_area,control_used,other_pulses,2017
exclude_spring,ln_area,control_used,other_pulses,2018
exclude_spring,ln_area,control_used,other_pulses,2019
exclude_spring,ln_area,control_used,other_pulses,2020
exclude_spring,ln_area,control_used,other_pulses,2021
exclude_spring,ln_area,control_used,other_pulses,2022
exclude_spring,ln_area,control_used,other_pulses,2023
exclude_spring,ln_area,control_used,other_pulses,2024
exclude_spring,ln_area,control_used,peanut,2007
exclude_spring,ln_area,control_used,peanut,2008
exclude_spring,ln_area,control_used,peanut,2009
exclude_spring,ln_area,control_used,peanut,2012
exclude_spring,ln_area,control_used,peanut,2013
exclude_spring,ln_area,control_used,peanut,2014
exclude_spring,ln_area,control_used,peanut,2015
exclude_spring,ln_area,control_used,peanut,2016
exclude_spring,ln_area,control_used,peanut,2017
exclude_spring,ln_area,control_used,peanut,2018
exclude_spring,ln_area,control_used,peanut,2019
exclude_spring,ln_area,control_used,peanut,2020
exclude_spring,ln_area,control_used,peanut,2021
exclude_spring,ln_area,control_used,peanut,2022
exclude_spring,ln_area,control_used,peanut,2023
exclude_spring,ln_area,control_used,peanut,2024
exclude_spring,ln_area,control_used,perilla,2007
exclude_spring,ln_area,control_used,perilla,2008
exclude_spring,ln_area,control_used,perilla,2009
exclude_spring,ln_area,control_used,perilla,2012
exclude_spring,ln_area,control_used,perilla,2013
exclude_spring,ln_area,control_used,perilla,2014
exclude_spring,ln_area,control_used,perilla,2015
exclude_spring,ln_area,control_used,perilla,2016
exclude_spring,ln_area,control_used,perilla,2017
exclude_spring,ln_area,control_used,perilla,2018
exclude_spring,ln_area,control_used,perilla,2019
exclude_spring,ln_area,control_used,perilla,2020
exclude_spring,ln_area,control_used,perilla,2021
exclude_spring,ln_area,control_used,perilla,2022
exclude_spring,ln_area,control_used,perilla,2023
exclude_spring,ln_area,control_used,perilla,2024
exclude_spring,ln_area,control_used,red_bean,2007
exclude_spring,ln_area,control_used,red_bean,2008
exclude_spring,ln_area,control_used,red_bean,2009
exclude_spring,ln_area,control_used,red_bean,2012
exclude_spring,ln_area,control_used,red_bean,2013
exclude_spring,ln_area,control_used,red_bean,2014
exclude_spring,ln_area,control_used,red_bean,2015
exclude_spring,ln_area,control_used,red_bean,2016
exclude_spring,ln_area,control_used,red_bean,2017
exclude_spring,ln_area,control_used,red_bean,2018
exclude_spring,ln_area,control_used,red_bean,2019
exclude_spring,ln_area,control_used,sesame,2007
exclude_spring,ln_area,control_used,sesame,2008
exclude_spring,ln_area,control_used,sesame,2009
exclude_spring,ln_area,control_used,sesame,2012
exclude_spring,ln_area,control_used,sesame,2013
exclude_spring,ln_area,control_used,sesame,2014
exclude_spring,ln_area,control_used,sesame,2015
exclude_spring,ln_area,control_used,sesame,2016
exclude_spring,ln_area,control_used,sesame,2017
exclude_spring,ln_area,control_used,sesame,2018
exclude_spring,ln_area,control_used,sesame,2019
exclude_spring,ln_area,control_used,sesame,2020
exclude_spring,ln_area,control_used,sesame,2021
exclude_spring,ln_area,control_used,sesame,2022
exclude_spring,ln_area,control_used,sesame,2023
exclude_spring,ln_area,control_used,sesame,2024
exclude_spring,ln_area,control_used,small_green_onion,2007
exclude_spring,ln_area,control_used,small_green_onion,2008
exclude_spring,ln_area,control_used,small_green_onion,2009
exclude_spring,ln_area,control_used,small_green_onion,2012
exclude_spring,ln_area,control_used,small_green_onion,2013
exclude_spring,ln_area,control_used,small_green_onion,2014
exclude_spring,ln_area,control_used,small_green_onion,2015
exclude_spring,ln_area,control_used,small_green_onion,2016
exclude_spring,ln_area,control_used,small_green_onion,2017
exclude_spring,ln_area,control_used,small_green_onion,2018
exclude_spring,ln_area,control_used,spinach,2007
exclude_spring,ln_area,control_used,spinach,2008
exclude_spring,ln_area,control_used,spinach,2009
exclude_spring,ln_area,control_used,spinach,2012
exclude_spring,ln_area,control_used,spinach,2013
exclude_spring,ln_area,control_used,spinach,2014
exclude_spring,ln_area,control_used,spinach,2015
exclude_spring,ln_area,control_used,spinach,2016
exclude_spring,ln_area,control_used,spinach,2017
exclude_spring,ln_area,control_used,spinach,2018
exclude_spring,ln_area,control_used,spinach,2019
exclude_spring,ln_area,control_used,spinach,2020
exclude_spring,ln_area,control_used,wheat,2007
exclude_spring,ln_area,control_used,wheat,2008
exclude_spring,ln_area,control_used,wheat,2009
exclude_spring,ln_area,control_used,wheat,2012
exclude_spring,ln_area,control_used,wheat,2013
exclude_spring,ln_area,control_used,wheat,2014
exclude_spring,ln_area,control_used,wheat,2015
exclude_spring,ln_area,control_used,wheat,2016
exclude_spring,ln_area,control_clean_context,autumn_napa,1991
exclude_spring,ln_area,control_clean_context,autumn_napa,1992
exclude_spring,ln_area,control_clean_context,autumn_napa,1993
exclude_spring,ln_area,control_clean_context,autumn_napa,1994
exclude_spring,ln_area,control_clean_context,autumn_napa,1995
exclude_spring,ln_area,control_clean_context,autumn_napa,1996
exclude_spring,ln_area,control_clean_context,autumn_napa,1997
exclude_spring,ln_area,control_clean_context,autumn_napa,1998
exclude_spring,ln_area,control_clean_context,autumn_napa,1999
exclude_spring,ln_area,control_clean_context,autumn_napa,2000
exclude_spring,ln_area,control_clean_context,autumn_napa,2001
exclude_spring,ln_area,control_clean_context,autumn_napa,2002
exclude_spring,ln_area,control_clean_context,autumn_napa,2003
exclude_spring,ln_area,control_clean_context,autumn_napa,2004
exclude_spring,ln_area,control_clean_context,autumn_napa,2005
exclude_spring,ln_area,control_clean_context,autumn_napa,2006
exclude_spring,ln_area,control_clean_context,autumn_napa,2007
exclude_spring,ln_area,control_clean_context,autumn_napa,2008
exclude_spring,ln_area,control_clean_context,autumn_napa,2009
exclude_spring,ln_area,control_clean_context,autumn_napa,2010
exclude_spring,ln_area,control_clean_context,autumn_napa,2011
exclude_spring,ln_area,control_clean_context,autumn_napa,2012
exclude_spring,ln_area,control_clean_context,autumn_napa,2013
exclude_spring,ln_area,control_clean_context,autumn_napa,2014
exclude_spring,ln_area,control_clean_context,autumn_napa,2015
exclude_spring,ln_area,control_clean_context,autumn_napa,2016
exclude_spring,ln_area,control_clean_context,autumn_napa,2017
exclude_spring,ln_area,control_clean_context,autumn_napa,2018
exclude_spring,ln_area,control_clean_context,autumn_napa,2019
exclude_spring,ln_area,control_clean_context,autumn_napa,2020
exclude_spring,ln_area,control_clean_context,autumn_napa,2021
exclude_spring,ln_area,control_clean_context,autumn_radish,1991
exclude_spring,ln_area,control_clean_context,autumn_radish,1992
exclude_spring,ln_area,control_clean_context,autumn_radish,1993
exclude_spring,ln_area,control_clean_context,autumn_radish,1994
exclude_spring,ln_area,control_clean_context,autumn_radish,1995
exclude_spring,ln_area,control_clean_context,autumn_radish,1996
exclude_spring,ln_area,control_clean_context,autumn_radish,1997
exclude_spring,ln_area,control_clean_context,autumn_radish,1998
exclude_spring,ln_area,control_clean_context,autumn_radish,1999
exclude_spring,ln_area,control_clean_context,autumn_radish,2000
exclude_spring,ln_area,control_clean_context,autumn_radish,2001
exclude_spring,ln_area,control_clean_context,autumn_radish,2002
exclude_spring,ln_area,control_clean_context,autumn_radish,2003
exclude_spring,ln_area,control_clean_context,autumn_radish,2004
exclude_spring,ln_area,control_clean_context,autumn_radish,2005
exclude_spring,ln_area,control_clean_context,autumn_radish,2006
exclude_spring,ln_area,control_clean_context,autumn_radish,2007
exclude_spring,ln_area,control_clean_context,autumn_radish,2008
exclude_spring,ln_area,control_clean_context,autumn_radish,2009
exclude_spring,ln_area,control_clean_context,autumn_radish,2010
exclude_spring,ln_area,control_clean_context,autumn_radish,2011
exclude_spring,ln_area,control_clean_context,autumn_radish,2012
exclude_spring,ln_area,control_clean_context,autumn_radish,2013
exclude_spring,ln_area,control_clean_context,autumn_radish,2014
exclude_spring,ln_area,control_clean_context,autumn_radish,2015
exclude_spring,ln_area,control_clean_context,autumn_radish,2016
exclude_spring,ln_area,control_clean_context,autumn_radish,2017
exclude_spring,ln_area,control_clean_context,autumn_radish,2018
exclude_spring,ln_area,control_clean_context,autumn_radish,2019
exclude_spring,ln_area,control_clean_context,autumn_radish,2020
exclude_spring,ln_area,control_clean_context,autumn_radish,2021
exclude_spring,ln_area,control_clean_context,autumn_radish,2022
exclude_spring,ln_area,control_clean_context,autumn_radish,2023
exclude_spring,ln_area,control_clean_context,barley,1991
exclude_spring,ln_area,control_clean_context,barley,1992
exclude_spring,ln_area,control_clean_context,barley,1993
exclude_spring,ln_area,control_clean_context,barley,1994
exclude_spring,ln_area,control_clean_context,barley,1995
exclude_spring,ln_area,control_clean_context,barley,1996
exclude_spring,ln_area,control_clean_context,barley,1997
exclude_spring,ln_area,control_clean_context,barley,1998
exclude_spring,ln_area,control_clean_context,barley,1999
exclude_spring,ln_area,control_clean_context,barley,2000
exclude_spring,ln_area,control_clean_context,barley,2001
exclude_spring,ln_area,control_clean_context,barley,2002
exclude_spring,ln_area,control_clean_context,barley,2003
exclude_spring,ln_area,control_clean_context,barley,2004
exclude_spring,ln_area,control_clean_context,barley,2005
exclude_spring,ln_area,control_clean_context,barley,2006
exclude_spring,ln_area,control_clean_context,barley,2007
exclude_spring,ln_area,control_clean_context,barley,2008
exclude_spring,ln_area,control_clean_context,barley,2009
exclude_spring,ln_area,control_clean_context,barley,2010
exclude_spring,ln_area,control_clean_context,barley,2011
exclude_spring,ln_area,control_clean_context,barley,2012
exclude_spring,ln_area,control_clean_context,barley,2013
exclude_spring,ln_area,control_clean_context,barley,2014
exclude_spring,ln_area,control_clean_context,barley,2015
exclude_spring,ln_area,control_clean_context,barley,2016
exclude_spring,ln_area,control_clean_context,barley,2017
exclude_spring,ln_area,control_clean_context,barley,2018
exclude_spring,ln_area,control_clean_context,barley,2019
exclude_spring,ln_area,control_clean_context,barley,2020
exclude_spring,ln_area,control_clean_context,cabbage,1991
exclude_spring,ln_area,control_clean_context,cabbage,1992
exclude_spring,ln_area,control_clean_context,cabbage,1993
exclude_spring,ln_area,control_clean_context,cabbage,1994
exclude_spring,ln_area,control_clean_context,cabbage,1995
exclude_spring,ln_area,control_clean_context,cabbage,1996
exclude_spring,ln_area,control_clean_context,cabbage,1997
exclude_spring,ln_area,control_clean_context,cabbage,1998
exclude_spring,ln_area,control_clean_context,cabbage,1999
exclude_spring,ln_area,control_clean_context,cabbage,2000
exclude_spring,ln_area,control_clean_context,cabbage,2001
exclude_spring,ln_area,control_clean_context,cabbage,2002
exclude_spring,ln_area,control_clean_context,cabbage,2003
exclude_spring,ln_area,control_clean_context,cabbage,2004
exclude_spring,ln_area,control_clean_context,cabbage,2005
exclude_spring,ln_area,control_clean_context,cabbage,2006
exclude_spring,ln_area,control_clean_context,cabbage,2007
exclude_spring,ln_area,control_clean_context,cabbage,2008
exclude_spring,ln_area,control_clean_context,cabbage,2009
exclude_spring,ln_area,control_clean_context,cabbage,2010
exclude_spring,ln_area,control_clean_context,cabbage,2011
exclude_spring,ln_area,control_clean_context,cabbage,2012
exclude_spring,ln_area,control_clean_context,cabbage,2013
exclude_spring,ln_area,control_clean_context,cabbage,2014
exclude_spring,ln_area,control_clean_context,cabbage,2015
exclude_spring,ln_area,control_clean_context,cabbage,2016
exclude_spring,ln_area,control_clean_context,carrot,1991
exclude_spring,ln_area,control_clean_context,carrot,1992
exclude_spring,ln_area,control_clean_context,carrot,1993
exclude_spring,ln_area,control_clean_context,carrot,1994
exclude_spring,ln_area,control_clean_context,carrot,1995
exclude_spring,ln_area,control_clean_context,carrot,1996
exclude_spring,ln_area,control_clean_context,carrot,1997
exclude_spring,ln_area,control_clean_context,carrot,1998
exclude_spring,ln_area,control_clean_context,carrot,1999
exclude_spring,ln_area,control_clean_context,carrot,2000
exclude_spring,ln_area,control_clean_context,carrot,2001
exclude_spring,ln_area,control_clean_context,carrot,2002
exclude_spring,ln_area,control_clean_context,carrot,2003
exclude_spring,ln_area,control_clean_context,carrot,2004
exclude_spring,ln_area,control_clean_context,carrot,2005
exclude_spring,ln_area,control_clean_context,carrot,2006
exclude_spring,ln_area,control_clean_context,carrot,2007
exclude_spring,ln_area,control_clean_context,carrot,2008
exclude_spring,ln_area,control_clean_context,carrot,2009
exclude_spring,ln_area,control_clean_context,carrot,2010
exclude_spring,ln_area,control_clean_context,carrot,2011
exclude_spring,ln_area,control_clean_context,carrot,2012
exclude_spring,ln_area,control_clean_context,carrot,2013
exclude_spring,ln_area,control_clean_context,carrot,2014
exclude_spring,ln_area,control_clean_context,carrot,2015
exclude_spring,ln_area,control_clean_context,carrot,2016
exclude_spring,ln_area,control_clean_context,carrot,2017
exclude_spring,ln_area,control_clean_context,carrot,2018
exclude_spring,ln_area,control_clean_context,ginger,1991
exclude_spring,ln_area,control_clean_context,ginger,1992
exclude_spring,ln_area,control_clean_context,ginger,1993
exclude_spring,ln_area,control_clean_context,ginger,1994
exclude_spring,ln_area,control_clean_context,ginger,1995
exclude_spring,ln_area,control_clean_context,ginger,1996
exclude_spring,ln_area,control_clean_context,ginger,1997
exclude_spring,ln_area,control_clean_context,ginger,1998
exclude_spring,ln_area,control_clean_context,ginger,1999
exclude_spring,ln_area,control_clean_context,ginger,2000
exclude_spring,ln_area,control_clean_context,ginger,2001
exclude_spring,ln_area,control_clean_context,ginger,2002
exclude_spring,ln_area,control_clean_context,ginger,2003
exclude_spring,ln_area,control_clean_context,ginger,2004
exclude_spring,ln_area,control_clean_context,ginger,2005
exclude_spring,ln_area,control_clean_context,ginger,2006
exclude_spring,ln_area,control_clean_context,ginger,2007
exclude_spring,ln_area,control_clean_context,ginger,2008
exclude_spring,ln_area,control_clean_context,ginger,2009
exclude_spring,ln_area,control_clean_context,ginger,2010
exclude_spring,ln_area,control_clean_context,ginger,2011
exclude_spring,ln_area,control_clean_context,ginger,2012
exclude_spring,ln_area,control_clean_context,ginger,2013
exclude_spring,ln_area,control_clean_context,ginger,2014
exclude_spring,ln_area,control_clean_context,ginger,2015
exclude_spring,ln_area,control_clean_context,ginger,2016
exclude_spring,ln_area,control_clean_context,ginger,2017
exclude_spring,ln_area,control_clean_context,ginger,2018
exclude_spring,ln_area,control_clean_context,ginger,2019
exclude_spring,ln_area,control_clean_context,ginger,2020
exclude_spring,ln_area,control_clean_context,ginger,2021
exclude_spring,ln_area,control_clean_context,ginger,2022
exclude_spring,ln_area,control_clean_context,ginger,2023
exclude_spring,ln_area,control_clean_context,ginger,2024
exclude_spring,ln_area,control_clean_context,highland_napa,1991
exclude_spring,ln_area,control_clean_context,highland_napa,1992
exclude_spring,ln_area,control_clean_context,highland_napa,1993
exclude_spring,ln_area,control_clean_context,highland_napa,1994
exclude_spring,ln_area,control_clean_context,highland_napa,1995
exclude_spring,ln_area,control_clean_context,highland_napa,1996
exclude_spring,ln_area,control_clean_context,highland_napa,1997
exclude_spring,ln_area,control_clean_context,highland_napa,1998
exclude_spring,ln_area,control_clean_context,highland_napa,1999
exclude_spring,ln_area,control_clean_context,highland_napa,2000
exclude_spring,ln_area,control_clean_context,highland_napa,2001
exclude_spring,ln_area,control_clean_context,highland_napa,2002
exclude_spring,ln_area,control_clean_context,highland_napa,2003
exclude_spring,ln_area,control_clean_context,highland_napa,2004
exclude_spring,ln_area,control_clean_context,highland_napa,2005
exclude_spring,ln_area,control_clean_context,highland_napa,2006
exclude_spring,ln_area,control_clean_context,highland_napa,2007
exclude_spring,ln_area,control_clean_context,highland_napa,2008
exclude_spring,ln_area,control_clean_context,highland_napa,2009
exclude_spring,ln_area,control_clean_context,highland_napa,2010
exclude_spring,ln_area,control_clean_context,highland_napa,2011
exclude_spring,ln_area,control_clean_context,highland_napa,2012
exclude_spring,ln_area,control_clean_context,highland_napa,2013
exclude_spring,ln_area,control_clean_context,highland_napa,2014
exclude_spring,ln_area,control_clean_context,highland_napa,2015
exclude_spring,ln_area,control_clean_context,highland_napa,2016
exclude_spring,ln_area,control_clean_context,highland_napa,2017
exclude_spring,ln_area,control_clean_context,highland_napa,2018
exclude_spring,ln_area,control_clean_context,highland_radish,1991
exclude_spring,ln_area,control_clean_context,highland_radish,1992
exclude_spring,ln_area,control_clean_context,highland_radish,1993
exclude_spring,ln_area,control_clean_context,highland_radish,1994
exclude_spring,ln_area,control_clean_context,highland_radish,1995
exclude_spring,ln_area,control_clean_context,highland_radish,1996
exclude_spring,ln_area,control_clean_context,highland_radish,1997
exclude_spring,ln_area,control_clean_context,highland_radish,1998
exclude_spring,ln_area,control_clean_context,highland_radish,1999
exclude_spring,ln_area,control_clean_context,highland_radish,2000
exclude_spring,ln_area,control_clean_context,highland_radish,2001
exclude_spring,ln_area,control_clean_context,highland_radish,2002
exclude_spring,ln_area,control_clean_context,highland_radish,2003
exclude_spring,ln_area,control_clean_context,highland_radish,2004
exclude_spring,ln_area,control_clean_context,highland_radish,2005
exclude_spring,ln_area,control_clean_context,highland_radish,2006
exclude_spring,ln_area,control_clean_context,highland_radish,2007
exclude_spring,ln_area,control_clean_context,highland_radish,2008
exclude_spring,ln_area,control_clean_context,highland_radish,2009
exclude_spring,ln_area,control_clean_context,highland_radish,2010
exclude_spring,ln_area,control_clean_context,highland_radish,2011
exclude_spring,ln_area,control_clean_context,highland_radish,2012
exclude_spring,ln_area,control_clean_context,highland_radish,2013
exclude_spring,ln_area,control_clean_context,highland_radish,2014
exclude_spring,ln_area,control_clean_context,highland_radish,2015
exclude_spring,ln_area,control_clean_context,highland_radish,2016
exclude_spring,ln_area,control_clean_context,highland_radish,2017
exclude_spring,ln_area,control_clean_context,highland_radish,2018
exclude_spring,ln_area,control_clean_context,large_green_onion,2000
exclude_spring,ln_area,control_clean_context,large_green_onion,2001
exclude_spring,ln_area,control_clean_context,large_green_onion,2002
exclude_spring,ln_area,control_clean_context,large_green_onion,2003
exclude_spring,ln_area,control_clean_context,large_green_onion,2004
exclude_spring,ln_area,control_clean_context,large_green_onion,2005
exclude_spring,ln_area,control_clean_context,large_green_onion,2006
exclude_spring,ln_area,control_clean_context,large_green_onion,2007
exclude_spring,ln_area,control_clean_context,large_green_onion,2008
exclude_spring,ln_area,control_clean_context,large_green_onion,2009
exclude_spring,ln_area,control_clean_context,large_green_onion,2010
exclude_spring,ln_area,control_clean_context,large_green_onion,2011
exclude_spring,ln_area,control_clean_context,large_green_onion,2012
exclude_spring,ln_area,control_clean_context,large_green_onion,2013
exclude_spring,ln_area,control_clean_context,large_green_onion,2014
exclude_spring,ln_area,control_clean_context,large_green_onion,2015
exclude_spring,ln_area,control_clean_context,large_green_onion,2016
exclude_spring,ln_area,control_clean_context,large_green_onion,2017
exclude_spring,ln_area,control_clean_context,large_green_onion,2018
exclude_spring,ln_area,control_clean_context,leaf_lettuce,1991
exclude_spring,ln_area,control_clean_context,leaf_lettuce,1992
exclude_spring,ln_area,control_clean_context,leaf_lettuce,1993
exclude_spring,ln_area,control_clean_context,leaf_lettuce,1994
exclude_spring,ln_area,control_clean_context,leaf_lettuce,1995
exclude_spring,ln_area,control_clean_context,leaf_lettuce,1996
exclude_spring,ln_area,control_clean_context,leaf_lettuce,1997
exclude_spring,ln_area,control_clean_context,leaf_lettuce,1998
exclude_spring,ln_area,control_clean_context,leaf_lettuce,1999
exclude_spring,ln_area,control_clean_context,leaf_lettuce,2000
exclude_spring,ln_area,control_clean_context,leaf_lettuce,2001
exclude_spring,ln_area,control_clean_context,leaf_lettuce,2002
exclude_spring,ln_area,control_clean_context,leaf_lettuce,2003
exclude_spring,ln_area,control_clean_context,leaf_lettuce,2004
exclude_spring,ln_area,control_clean_context,leaf_lettuce,2005
exclude_spring,ln_area,control_clean_context,leaf_lettuce,2006
exclude_spring,ln_area,control_clean_context,leaf_lettuce,2007
exclude_spring,ln_area,control_clean_context,leaf_lettuce,2008
exclude_spring,ln_area,control_clean_context,leaf_lettuce,2009
exclude_spring,ln_area,control_clean_context,leaf_lettuce,2010
exclude_spring,ln_area,control_clean_context,leaf_lettuce,2011
exclude_spring,ln_area,control_clean_context,leaf_lettuce,2012
exclude_spring,ln_area,control_clean_context,leaf_lettuce,2013
exclude_spring,ln_area,control_clean_context,leaf_lettuce,2014
exclude_spring,ln_area,control_clean_context,leaf_lettuce,2015
exclude_spring,ln_area,control_clean_context,leaf_lettuce,2016
exclude_spring,ln_area,control_clean_context,leaf_lettuce,2017
exclude_spring,ln_area,control_clean_context,leaf_lettuce,2018
exclude_spring,ln_area,control_clean_context,leaf_lettuce,2019
exclude_spring,ln_area,control_clean_context,leaf_lettuce,2020
exclude_spring,ln_area,control_clean_context,leaf_lettuce,2021
exclude_spring,ln_area,control_clean_context,leaf_lettuce,2022
exclude_spring,ln_area,control_clean_context,leaf_lettuce,2023
exclude_spring,ln_area,control_clean_context,leaf_lettuce,2024
exclude_spring,ln_area,control_clean_context,malting_barley,1991
exclude_spring,ln_area,control_clean_context,malting_barley,1992
exclude_spring,ln_area,control_clean_context,malting_barley,1993
exclude_spring,ln_area,control_clean_context,malting_barley,1994
exclude_spring,ln_area,control_clean_context,malting_barley,1995
exclude_spring,ln_area,control_clean_context,malting_barley,1996
exclude_spring,ln_area,control_clean_context,malting_barley,1997
exclude_spring,ln_area,control_clean_context,malting_barley,1998
exclude_spring,ln_area,control_clean_context,malting_barley,1999
exclude_spring,ln_area,control_clean_context,malting_barley,2000
exclude_spring,ln_area,control_clean_context,malting_barley,2001
exclude_spring,ln_area,control_clean_context,malting_barley,2002
exclude_spring,ln_area,control_clean_context,malting_barley,2003
exclude_spring,ln_area,control_clean_context,malting_barley,2004
exclude_spring,ln_area,control_clean_context,malting_barley,2005
exclude_spring,ln_area,control_clean_context,malting_barley,2006
exclude_spring,ln_area,control_clean_context,malting_barley,2007
exclude_spring,ln_area,control_clean_context,malting_barley,2008
exclude_spring,ln_area,control_clean_context,malting_barley,2009
exclude_spring,ln_area,control_clean_context,malting_barley,2010
exclude_spring,ln_area,control_clean_context,malting_barley,2011
exclude_spring,ln_area,control_clean_context,malting_barley,2012
exclude_spring,ln_area,control_clean_context,malting_barley,2013
exclude_spring,ln_area,control_clean_context,malting_barley,2014
exclude_spring,ln_area,control_clean_context,malting_barley,2015
exclude_spring,ln_area,control_clean_context,malting_barley,2016
exclude_spring,ln_area,control_clean_context,malting_barley,2017
exclude_spring,ln_area,control_clean_context,malting_barley,2018
exclude_spring,ln_area,control_clean_context,malting_barley,2019
exclude_spring,ln_area,control_clean_context,malting_barley,2020
exclude_spring,ln_area,control_clean_context,mung_bean,1991
exclude_spring,ln_area,control_clean_context,mung_bean,1992
exclude_spring,ln_area,control_clean_context,mung_bean,1993
exclude_spring,ln_area,control_clean_context,mung_bean,1994
exclude_spring,ln_area,control_clean_context,mung_bean,1995
exclude_spring,ln_area,control_clean_context,mung_bean,1996
exclude_spring,ln_area,control_clean_context,mung_bean,1997
exclude_spring,ln_area,control_clean_context,mung_bean,1998
exclude_spring,ln_area,control_clean_context,mung_bean,1999
exclude_spring,ln_area,control_clean_context,mung_bean,2000
exclude_spring,ln_area,control_clean_context,mung_bean,2001
exclude_spring,ln_area,control_clean_context,mung_bean,2002
exclude_spring,ln_area,control_clean_context,mung_bean,2003
exclude_spring,ln_area,control_clean_context,mung_bean,2004
exclude_spring,ln_area,control_clean_context,mung_bean,2005
exclude_spring,ln_area,control_clean_context,mung_bean,2006
exclude_spring,ln_area,control_clean_context,mung_bean,2007
exclude_spring,ln_area,control_clean_context,mung_bean,2008
exclude_spring,ln_area,control_clean_context,mung_bean,2009
exclude_spring,ln_area,control_clean_context,mung_bean,2010
exclude_spring,ln_area,control_clean_context,mung_bean,2011
exclude_spring,ln_area,control_clean_context,mung_bean,2012
exclude_spring,ln_area,control_clean_context,mung_bean,2013
exclude_spring,ln_area,control_clean_context,mung_bean,2014
exclude_spring,ln_area,control_clean_context,mung_bean,2015
exclude_spring,ln_area,control_clean_context,mung_bean,2016
exclude_spring,ln_area,control_clean_context,mung_bean,2017
exclude_spring,ln_area,control_clean_context,mung_bean,2018
exclude_spring,ln_area,control_clean_context,mung_bean,2019
exclude_spring,ln_area,control_clean_context,mung_bean,2020
exclude_spring,ln_area,control_clean_context,mung_bean,2021
exclude_spring,ln_area,control_clean_context,mung_bean,2022
exclude_spring,ln_area,control_clean_context,mung_bean,2023
exclude_spring,ln_area,control_clean_context,mung_bean,2024
exclude_spring,ln_area,control_clean_context,other_pulses,1991
exclude_spring,ln_area,control_clean_context,other_pulses,1992
exclude_spring,ln_area,control_clean_context,other_pulses,1993
exclude_spring,ln_area,control_clean_context,other_pulses,1994
exclude_spring,ln_area,control_clean_context,other_pulses,1995
exclude_spring,ln_area,control_clean_context,other_pulses,1996
exclude_spring,ln_area,control_clean_context,other_pulses,1997
exclude_spring,ln_area,control_clean_context,other_pulses,1998
exclude_spring,ln_area,control_clean_context,other_pulses,1999
exclude_spring,ln_area,control_clean_context,other_pulses,2000
exclude_spring,ln_area,control_clean_context,other_pulses,2001
exclude_spring,ln_area,control_clean_context,other_pulses,2002
exclude_spring,ln_area,control_clean_context,other_pulses,2003
exclude_spring,ln_area,control_clean_context,other_pulses,2004
exclude_spring,ln_area,control_clean_context,other_pulses,2005
exclude_spring,ln_area,control_clean_context,other_pulses,2006
exclude_spring,ln_area,control_clean_context,other_pulses,2007
exclude_spring,ln_area,control_clean_context,other_pulses,2008
exclude_spring,ln_area,control_clean_context,other_pulses,2009
exclude_spring,ln_area,control_clean_context,other_pulses,2010
exclude_spring,ln_area,control_clean_context,other_pulses,2011
exclude_spring,ln_area,control_clean_context,other_pulses,2012
exclude_spring,ln_area,control_clean_context,other_pulses,2013
exclude_spring,ln_area,control_clean_context,other_pulses,2014
exclude_spring,ln_area,control_clean_context,other_pulses,2015
exclude_spring,ln_area,control_clean_context,other_pulses,2016
exclude_spring,ln_area,control_clean_context,other_pulses,2017
exclude_spring,ln_area,control_clean_context,other_pulses,2018
exclude_spring,ln_area,control_clean_context,other_pulses,2019
exclude_spring,ln_area,control_clean_context,other_pulses,2020
exclude_spring,ln_area,control_clean_context,other_pulses,2021
exclude_spring,ln_area,control_clean_context,other_pulses,2022
exclude_spring,ln_area,control_clean_context,other_pulses,2023
exclude_spring,ln_area,control_clean_context,other_pulses,2024
exclude_spring,ln_area,control_clean_context,peanut,1991
exclude_spring,ln_area,control_clean_context,peanut,1992
exclude_spring,ln_area,control_clean_context,peanut,1993
exclude_spring,ln_area,control_clean_context,peanut,1994
exclude_spring,ln_area,control_clean_context,peanut,1995
exclude_spring,ln_area,control_clean_context,peanut,1996
exclude_spring,ln_area,control_clean_context,peanut,1997
exclude_spring,ln_area,control_clean_context,peanut,1998
exclude_spring,ln_area,control_clean_context,peanut,1999
exclude_spring,ln_area,control_clean_context,peanut,2000
exclude_spring,ln_area,control_clean_context,peanut,2001
exclude_spring,ln_area,control_clean_context,peanut,2002
exclude_spring,ln_area,control_clean_context,peanut,2003
exclude_spring,ln_area,control_clean_context,peanut,2004
exclude_spring,ln_area,control_clean_context,peanut,2005
exclude_spring,ln_area,control_clean_context,peanut,2006
exclude_spring,ln_area,control_clean_context,peanut,2007
exclude_spring,ln_area,control_clean_context,peanut,2008
exclude_spring,ln_area,control_clean_context,peanut,2009
exclude_spring,ln_area,control_clean_context,peanut,2010
exclude_spring,ln_area,control_clean_context,peanut,2011
exclude_spring,ln_area,control_clean_context,peanut,2012
exclude_spring,ln_area,control_clean_context,peanut,2013
exclude_spring,ln_area,control_clean_context,peanut,2014
exclude_spring,ln_area,control_clean_context,peanut,2015
exclude_spring,ln_area,control_clean_context,peanut,2016
exclude_spring,ln_area,control_clean_context,peanut,2017
exclude_spring,ln_area,control_clean_context,peanut,2018
exclude_spring,ln_area,control_clean_context,peanut,2019
exclude_spring,ln_area,control_clean_context,peanut,2020
exclude_spring,ln_area,control_clean_context,peanut,2021
exclude_spring,ln_area,control_clean_context,peanut,2022
exclude_spring,ln_area,control_clean_context,peanut,2023
exclude_spring,ln_area,control_clean_context,peanut,2024
exclude_spring,ln_area,control_clean_context,perilla,1991
exclude_spring,ln_area,control_clean_context,perilla,1992
exclude_spring,ln_area,control_clean_context,perilla,1993
exclude_spring,ln_area,control_clean_context,perilla,1994
exclude_spring,ln_area,control_clean_context,perilla,1995
exclude_spring,ln_area,control_clean_context,perilla,1996
exclude_spring,ln_area,control_clean_context,perilla,1997
exclude_spring,ln_area,control_clean_context,perilla,1998
exclude_spring,ln_area,control_clean_context,perilla,1999
exclude_spring,ln_area,control_clean_context,perilla,2000
exclude_spring,ln_area,control_clean_context,perilla,2001
exclude_spring,ln_area,control_clean_context,perilla,2002
exclude_spring,ln_area,control_clean_context,perilla,2003
exclude_spring,ln_area,control_clean_context,perilla,2004
exclude_spring,ln_area,control_clean_context,perilla,2005
exclude_spring,ln_area,control_clean_context,perilla,2006
exclude_spring,ln_area,control_clean_context,perilla,2007
exclude_spring,ln_area,control_clean_context,perilla,2008
exclude_spring,ln_area,control_clean_context,perilla,2009
exclude_spring,ln_area,control_clean_context,perilla,2010
exclude_spring,ln_area,control_clean_context,perilla,2011
exclude_spring,ln_area,control_clean_context,perilla,2012
exclude_spring,ln_area,control_clean_context,perilla,2013
exclude_spring,ln_area,control_clean_context,perilla,2014
exclude_spring,ln_area,control_clean_context,perilla,2015
exclude_spring,ln_area,control_clean_context,perilla,2016
exclude_spring,ln_area,control_clean_context,perilla,2017
exclude_spring,ln_area,control_clean_context,perilla,2018
exclude_spring,ln_area,control_clean_context,perilla,2019
exclude_spring,ln_area,control_clean_context,perilla,2020
exclude_spring,ln_area,control_clean_context,perilla,2021
exclude_spring,ln_area,control_clean_context,perilla,2022
exclude_spring,ln_area,control_clean_context,perilla,2023
exclude_spring,ln_area,control_clean_context,perilla,2024
exclude_spring,ln_area,control_clean_context,red_bean,1991
exclude_spring,ln_area,control_clean_context,red_bean,1992
exclude_spring,ln_area,control_clean_context,red_bean,1993
exclude_spring,ln_area,control_clean_context,red_bean,1994
exclude_spring,ln_area,control_clean_context,red_bean,1995
exclude_spring,ln_area,control_clean_context,red_bean,1996
exclude_spring,ln_area,control_clean_context,red_bean,1997
exclude_spring,ln_area,control_clean_context,red_bean,1998
exclude_spring,ln_area,control_clean_context,red_bean,1999
exclude_spring,ln_area,control_clean_context,red_bean,2000
exclude_spring,ln_area,control_clean_context,red_bean,2001
exclude_spring,ln_area,control_clean_context,red_bean,2002
exclude_spring,ln_area,control_clean_context,red_bean,2003
exclude_spring,ln_area,control_clean_context,red_bean,2004
exclude_spring,ln_area,control_clean_context,red_bean,2005
exclude_spring,ln_area,control_clean_context,red_bean,2006
exclude_spring,ln_area,control_clean_context,red_bean,2007
exclude_spring,ln_area,control_clean_context,red_bean,2008
exclude_spring,ln_area,control_clean_context,red_bean,2009
exclude_spring,ln_area,control_clean_context,red_bean,2010
exclude_spring,ln_area,control_clean_context,red_bean,2011
exclude_spring,ln_area,control_clean_context,red_bean,2012
exclude_spring,ln_area,control_clean_context,red_bean,2013
exclude_spring,ln_area,control_clean_context,red_bean,2014
exclude_spring,ln_area,control_clean_context,red_bean,2015
exclude_spring,ln_area,control_clean_context,red_bean,2016
exclude_spring,ln_area,control_clean_context,red_bean,2017
exclude_spring,ln_area,control_clean_context,red_bean,2018
exclude_spring,ln_area,control_clean_context,red_bean,2019
exclude_spring,ln_area,control_clean_context,sesame,1991
exclude_spring,ln_area,control_clean_context,sesame,1992
exclude_spring,ln_area,control_clean_context,sesame,1993
exclude_spring,ln_area,control_clean_context,sesame,1994
exclude_spring,ln_area,control_clean_context,sesame,1995
exclude_spring,ln_area,control_clean_context,sesame,1996
exclude_spring,ln_area,control_clean_context,sesame,1997
exclude_spring,ln_area,control_clean_context,sesame,1998
exclude_spring,ln_area,control_clean_context,sesame,1999
exclude_spring,ln_area,control_clean_context,sesame,2000
exclude_spring,ln_area,control_clean_context,sesame,2001
exclude_spring,ln_area,control_clean_context,sesame,2002
exclude_spring,ln_area,control_clean_context,sesame,2003
exclude_spring,ln_area,control_clean_context,sesame,2004
exclude_spring,ln_area,control_clean_context,sesame,2005
exclude_spring,ln_area,control_clean_context,sesame,2006
exclude_spring,ln_area,control_clean_context,sesame,2007
exclude_spring,ln_area,control_clean_context,sesame,2008
exclude_spring,ln_area,control_clean_context,sesame,2009
exclude_spring,ln_area,control_clean_context,sesame,2010
exclude_spring,ln_area,control_clean_context,sesame,2011
exclude_spring,ln_area,control_clean_context,sesame,2012
exclude_spring,ln_area,control_clean_context,sesame,2013
exclude_spring,ln_area,control_clean_context,sesame,2014
exclude_spring,ln_area,control_clean_context,sesame,2015
exclude_spring,ln_area,control_clean_context,sesame,2016
exclude_spring,ln_area,control_clean_context,sesame,2017
exclude_spring,ln_area,control_clean_context,sesame,2018
exclude_spring,ln_area,control_clean_context,sesame,2019
exclude_spring,ln_area,control_clean_context,sesame,2020
exclude_spring,ln_area,control_clean_context,sesame,2021
exclude_spring,ln_area,control_clean_context,sesame,2022
exclude_spring,ln_area,control_clean_context,sesame,2023
exclude_spring,ln_area,control_clean_context,sesame,2024
exclude_spring,ln_area,control_clean_context,small_green_onion,2000
exclude_spring,ln_area,control_clean_context,small_green_onion,2001
exclude_spring,ln_area,control_clean_context,small_green_onion,2002
exclude_spring,ln_area,control_clean_context,small_green_onion,2003
exclude_spring,ln_area,control_clean_context,small_green_onion,2004
exclude_spring,ln_area,control_clean_context,small_green_onion,2005
exclude_spring,ln_area,control_clean_context,small_green_onion,2006
exclude_spring,ln_area,control_clean_context,small_green_onion,2007
exclude_spring,ln_area,control_clean_context,small_green_onion,2008
exclude_spring,ln_area,control_clean_context,small_green_onion,2009
exclude_spring,ln_area,control_clean_context,small_green_onion,2010
exclude_spring,ln_area,control_clean_context,small_green_onion,2011
exclude_spring,ln_area,control_clean_context,small_green_onion,2012
exclude_spring,ln_area,control_clean_context,small_green_onion,2013
exclude_spring,ln_area,control_clean_context,small_green_onion,2014
exclude_spring,ln_area,control_clean_context,small_green_onion,2015
exclude_spring,ln_area,control_clean_context,small_green_onion,2016
exclude_spring,ln_area,control_clean_context,small_green_onion,2017
exclude_spring,ln_area,control_clean_context,small_green_onion,2018
exclude_spring,ln_area,control_clean_context,spinach,1991
exclude_spring,ln_area,control_clean_context,spinach,1992
exclude_spring,ln_area,control_clean_context,spinach,1993
exclude_spring,ln_area,control_clean_context,spinach,1994
exclude_spring,ln_area,control_clean_context,spinach,1995
exclude_spring,ln_area,control_clean_context,spinach,1996
exclude_spring,ln_area,control_clean_context,spinach,1997
exclude_spring,ln_area,control_clean_context,spinach,1998
exclude_spring,ln_area,control_clean_context,spinach,1999
exclude_spring,ln_area,control_clean_context,spinach,2000
exclude_spring,ln_area,control_clean_context,spinach,2001
exclude_spring,ln_area,control_clean_context,spinach,2002
exclude_spring,ln_area,control_clean_context,spinach,2003
exclude_spring,ln_area,control_clean_context,spinach,2004
exclude_spring,ln_area,control_clean_context,spinach,2005
exclude_spring,ln_area,control_clean_context,spinach,2006
exclude_spring,ln_area,control_clean_context,spinach,2007
exclude_spring,ln_area,control_clean_context,spinach,2008
exclude_spring,ln_area,control_clean_context,spinach,2009
exclude_spring,ln_area,control_clean_context,spinach,2010
exclude_spring,ln_area,control_clean_context,spinach,2011
exclude_spring,ln_area,control_clean_context,spinach,2012
exclude_spring,ln_area,control_clean_context,spinach,2013
exclude_spring,ln_area,control_clean_context,spinach,2014
exclude_spring,ln_area,control_clean_context,spinach,2015
exclude_spring,ln_area,control_clean_context,spinach,2016
exclude_spring,ln_area,control_clean_context,spinach,2017
exclude_spring,ln_area,control_clean_context,spinach,2018
exclude_spring,ln_area,control_clean_context,spinach,2019
exclude_spring,ln_area,control_clean_context,spinach,2020
exclude_spring,ln_area,control_clean_context,wheat,1991
exclude_spring,ln_area,control_clean_context,wheat,1992
exclude_spring,ln_area,control_clean_context,wheat,1993
exclude_spring,ln_area,control_clean_context,wheat,1994
exclude_spring,ln_area,control_clean_context,wheat,1995
exclude_spring,ln_area,control_clean_context,wheat,1996
exclude_spring,ln_area,control_clean_context,wheat,1997
exclude_spring,ln_area,control_clean_context,wheat,1998
exclude_spring,ln_area,control_clean_context,wheat,1999
exclude_spring,ln_area,control_clean_context,wheat,2000
exclude_spring,ln_area,control_clean_context,wheat,2001
exclude_spring,ln_area,control_clean_context,wheat,2002
exclude_spring,ln_area,control_clean_context,wheat,2003
exclude_spring,ln_area,control_clean_context,wheat,2004
exclude_spring,ln_area,control_clean_context,wheat,2005
exclude_spring,ln_area,control_clean_context,wheat,2006
exclude_spring,ln_area,control_clean_context,wheat,2007
exclude_spring,ln_area,control_clean_context,wheat,2008
exclude_spring,ln_area,control_clean_context,wheat,2009
exclude_spring,ln_area,control_clean_context,wheat,2010
exclude_spring,ln_area,control_clean_context,wheat,2011
exclude_spring,ln_area,control_clean_context,wheat,2012
exclude_spring,ln_area,control_clean_context,wheat,2013
exclude_spring,ln_area,control_clean_context,wheat,2014
exclude_spring,ln_area,control_clean_context,wheat,2015
exclude_spring,ln_area,control_clean_context,wheat,2016
exclude_spring,ln_area,control_clean_context,winter_napa,2014
exclude_spring,ln_area,control_clean_context,winter_napa,2015
exclude_spring,ln_area,control_clean_context,winter_napa,2016
exclude_spring,ln_area,control_clean_context,winter_napa,2017
exclude_spring,ln_area,control_clean_context,winter_napa,2018
exclude_spring,ln_area,control_clean_context,winter_napa,2019
exclude_spring,ln_area,control_clean_context,winter_radish,2014
exclude_spring,ln_area,control_clean_context,winter_radish,2015
exclude_spring,ln_area,control_clean_context,winter_radish,2016
exclude_spring,ln_area,control_clean_context,winter_radish,2017
exclude_spring,ln_area,control_clean_context,winter_radish,2018
exclude_spring,ln_area,control_clean_context,winter_radish,2019
exclude_spring,ln_yield,treated_clean_pre,corn,1991
exclude_spring,ln_yield,treated_clean_pre,corn,1992
exclude_spring,ln_yield,treated_clean_pre,corn,1993
exclude_spring,ln_yield,treated_clean_pre,corn,1994
exclude_spring,ln_yield,treated_clean_pre,corn,1995
exclude_spring,ln_yield,treated_clean_pre,corn,1996
exclude_spring,ln_yield,treated_clean_pre,corn,1997
exclude_spring,ln_yield,treated_clean_pre,corn,1998
exclude_spring,ln_yield,treated_clean_pre,corn,1999
exclude_spring,ln_yield,treated_clean_pre,corn,2000
exclude_spring,ln_yield,treated_clean_pre,corn,2001
exclude_spring,ln_yield,treated_clean_pre,corn,2002
exclude_spring,ln_yield,treated_clean_pre,corn,2003
exclude_spring,ln_yield,treated_clean_pre,corn,2004
exclude_spring,ln_yield,treated_clean_pre,corn,2005
exclude_spring,ln_yield,treated_clean_pre,corn,2006
exclude_spring,ln_yield,treated_clean_pre,corn,2007
exclude_spring,ln_yield,treated_clean_pre,corn,2008
exclude_spring,ln_yield,treated_clean_pre,garlic,1991
exclude_spring,ln_yield,treated_clean_pre,garlic,1992
exclude_spring,ln_yield,treated_clean_pre,garlic,1993
exclude_spring,ln_yield,treated_clean_pre,garlic,1994
exclude_spring,ln_yield,treated_clean_pre,garlic,1995
exclude_spring,ln_yield,treated_clean_pre,garlic,1996
exclude_spring,ln_yield,treated_clean_pre,garlic,1997
exclude_spring,ln_yield,treated_clean_pre,garlic,1998
exclude_spring,ln_yield,treated_clean_pre,garlic,1999
exclude_spring,ln_yield,treated_clean_pre,garlic,2000
exclude_spring,ln_yield,treated_clean_pre,garlic,2001
exclude_spring,ln_yield,treated_clean_pre,garlic,2002
exclude_spring,ln_yield,treated_clean_pre,garlic,2003
exclude_spring,ln_yield,treated_clean_pre,garlic,2004
exclude_spring,ln_yield,treated_clean_pre,garlic,2005
exclude_spring,ln_yield,treated_clean_pre,garlic,2006
exclude_spring,ln_yield,treated_clean_pre,garlic,2007
exclude_spring,ln_yield,treated_clean_pre,garlic,2008
exclude_spring,ln_yield,treated_clean_pre,garlic,2009
exclude_spring,ln_yield,treated_clean_pre,onion,1991
exclude_spring,ln_yield,treated_clean_pre,onion,1992
exclude_spring,ln_yield,treated_clean_pre,onion,1993
exclude_spring,ln_yield,treated_clean_pre,onion,1994
exclude_spring,ln_yield,treated_clean_pre,onion,1995
exclude_spring,ln_yield,treated_clean_pre,onion,1996
exclude_spring,ln_yield,treated_clean_pre,onion,1997
exclude_spring,ln_yield,treated_clean_pre,onion,1998
exclude_spring,ln_yield,treated_clean_pre,onion,1999
exclude_spring,ln_yield,treated_clean_pre,onion,2000
exclude_spring,ln_yield,treated_clean_pre,onion,2001
exclude_spring,ln_yield,treated_clean_pre,onion,2002
exclude_spring,ln_yield,treated_clean_pre,onion,2003
exclude_spring,ln_yield,treated_clean_pre,onion,2004
exclude_spring,ln_yield,treated_clean_pre,onion,2005
exclude_spring,ln_yield,treated_clean_pre,onion,2006
exclude_spring,ln_yield,treated_clean_pre,onion,2007
exclude_spring,ln_yield,treated_clean_pre,onion,2008
exclude_spring,ln_yield,treated_clean_pre,red_pepper,1991
exclude_spring,ln_yield,treated_clean_pre,red_pepper,1992
exclude_spring,ln_yield,treated_clean_pre,red_pepper,1993
exclude_spring,ln_yield,treated_clean_pre,red_pepper,1994
exclude_spring,ln_yield,treated_clean_pre,red_pepper,1995
exclude_spring,ln_yield,treated_clean_pre,red_pepper,1996
exclude_spring,ln_yield,treated_clean_pre,red_pepper,1997
exclude_spring,ln_yield,treated_clean_pre,red_pepper,1998
exclude_spring,ln_yield,treated_clean_pre,red_pepper,1999
exclude_spring,ln_yield,treated_clean_pre,red_pepper,2000
exclude_spring,ln_yield,treated_clean_pre,red_pepper,2001
exclude_spring,ln_yield,treated_clean_pre,red_pepper,2002
exclude_spring,ln_yield,treated_clean_pre,red_pepper,2003
exclude_spring,ln_yield,treated_clean_pre,red_pepper,2004
exclude_spring,ln_yield,treated_clean_pre,red_pepper,2005
exclude_spring,ln_yield,treated_clean_pre,red_pepper,2006
exclude_spring,ln_yield,treated_clean_pre,red_pepper,2007
exclude_spring,ln_yield,treated_clean_pre,soybean,1991
exclude_spring,ln_yield,treated_clean_pre,soybean,1992
exclude_spring,ln_yield,treated_clean_pre,soybean,1993
exclude_spring,ln_yield,treated_clean_pre,soybean,1994
exclude_spring,ln_yield,treated_clean_pre,soybean,1995
exclude_spring,ln_yield,treated_clean_pre,soybean,1996
exclude_spring,ln_yield,treated_clean_pre,soybean,1997
exclude_spring,ln_yield,treated_clean_pre,soybean,1998
exclude_spring,ln_yield,treated_clean_pre,soybean,1999
exclude_spring,ln_yield,treated_clean_pre,soybean,2000
exclude_spring,ln_yield,treated_clean_pre,soybean,2001
exclude_spring,ln_yield,treated_clean_pre,soybean,2002
exclude_spring,ln_yield,treated_clean_pre,soybean,2003
exclude_spring,ln_yield,treated_clean_pre,soybean,2004
exclude_spring,ln_yield,treated_clean_pre,soybean,2005
exclude_spring,ln_yield,treated_clean_pre,soybean,2006
exclude_spring,ln_yield,treated_clean_pre,soybean,2007
exclude_spring,ln_yield,treated_clean_pre,spring_potato,1991
exclude_spring,ln_yield,treated_clean_pre,spring_potato,1992
exclude_spring,ln_yield,treated_clean_pre,spring_potato,1993
exclude_spring,ln_yield,treated_clean_pre,spring_potato,1994
exclude_spring,ln_yield,treated_clean_pre,spring_potato,1995
exclude_spring,ln_yield,treated_clean_pre,spring_potato,1996
exclude_spring,ln_yield,treated_clean_pre,spring_potato,1997
exclude_spring,ln_yield,treated_clean_pre,spring_potato,1998
exclude_spring,ln_yield,treated_clean_pre,spring_potato,1999
exclude_spring,ln_yield,treated_clean_pre,spring_potato,2000
exclude_spring,ln_yield,treated_clean_pre,spring_potato,2001
exclude_spring,ln_yield,treated_clean_pre,spring_potato,2002
exclude_spring,ln_yield,treated_clean_pre,spring_potato,2003
exclude_spring,ln_yield,treated_clean_pre,spring_potato,2004
exclude_spring,ln_yield,treated_clean_pre,spring_potato,2005
exclude_spring,ln_yield,treated_clean_pre,spring_potato,2006
exclude_spring,ln_yield,treated_clean_pre,spring_potato,2007
exclude_spring,ln_yield,treated_clean_pre,sweet_potato,1991
exclude_spring,ln_yield,treated_clean_pre,sweet_potato,1992
exclude_spring,ln_yield,treated_clean_pre,sweet_potato,1993
exclude_spring,ln_yield,treated_clean_pre,sweet_potato,1994
exclude_spring,ln_yield,treated_clean_pre,sweet_potato,1995
exclude_spring,ln_yield,treated_clean_pre,sweet_potato,1996
exclude_spring,ln_yield,treated_clean_pre,sweet_potato,1997
exclude_spring,ln_yield,treated_clean_pre,sweet_potato,1998
exclude_spring,ln_yield,treated_clean_pre,sweet_potato,1999
exclude_spring,ln_yield,treated_clean_pre,sweet_potato,2000
exclude_spring,ln_yield,treated_clean_pre,sweet_potato,2001
exclude_spring,ln_yield,treated_clean_pre,sweet_potato,2002
exclude_spring,ln_yield,treated_clean_pre,sweet_potato,2003
exclude_spring,ln_yield,treated_clean_pre,sweet_potato,2004
exclude_spring,ln_yield,treated_clean_pre,sweet_potato,2005
exclude_spring,ln_yield,treated_clean_pre,sweet_potato,2006
exclude_spring,ln_yield,treated_clean_pre,sweet_potato,2007
exclude_spring,ln_yield,treated_clean_pre,sweet_potato,2008
exclude_spring,ln_yield,treated_base,corn,2008
exclude_spring,ln_yield,treated_base,garlic,2009
exclude_spring,ln_yield,treated_base,onion,2008
exclude_spring,ln_yield,treated_base,red_pepper,2007
exclude_spring,ln_yield,treated_base,soybean,2007
exclude_spring,ln_yield,treated_base,spring_potato,2007
exclude_spring,ln_yield,treated_base,sweet_potato,2008
exclude_spring,ln_yield,treated_post,corn,2013
exclude_spring,ln_yield,treated_post,corn,2014
exclude_spring,ln_yield,treated_post,corn,2015
exclude_spring,ln_yield,treated_post,corn,2016
exclude_spring,ln_yield,treated_post,corn,2017
exclude_spring,ln_yield,treated_post,corn,2018
exclude_spring,ln_yield,treated_post,corn,2019
exclude_spring,ln_yield,treated_post,corn,2020
exclude_spring,ln_yield,treated_post,corn,2021
exclude_spring,ln_yield,treated_post,corn,2022
exclude_spring,ln_yield,treated_post,garlic,2013
exclude_spring,ln_yield,treated_post,garlic,2014
exclude_spring,ln_yield,treated_post,garlic,2015
exclude_spring,ln_yield,treated_post,garlic,2016
exclude_spring,ln_yield,treated_post,garlic,2017
exclude_spring,ln_yield,treated_post,garlic,2018
exclude_spring,ln_yield,treated_post,garlic,2019
exclude_spring,ln_yield,treated_post,garlic,2020
exclude_spring,ln_yield,treated_post,garlic,2021
exclude_spring,ln_yield,treated_post,garlic,2022
exclude_spring,ln_yield,treated_post,onion,2012
exclude_spring,ln_yield,treated_post,onion,2013
exclude_spring,ln_yield,treated_post,onion,2014
exclude_spring,ln_yield,treated_post,onion,2015
exclude_spring,ln_yield,treated_post,onion,2016
exclude_spring,ln_yield,treated_post,onion,2017
exclude_spring,ln_yield,treated_post,onion,2018
exclude_spring,ln_yield,treated_post,onion,2019
exclude_spring,ln_yield,treated_post,onion,2020
exclude_spring,ln_yield,treated_post,onion,2021
exclude_spring,ln_yield,treated_post,red_pepper,2015
exclude_spring,ln_yield,treated_post,red_pepper,2016
exclude_spring,ln_yield,treated_post,red_pepper,2017
exclude_spring,ln_yield,treated_post,red_pepper,2018
exclude_spring,ln_yield,treated_post,red_pepper,2019
exclude_spring,ln_yield,treated_post,red_pepper,2020
exclude_spring,ln_yield,treated_post,red_pepper,2021
exclude_spring,ln_yield,treated_post,red_pepper,2022
exclude_spring,ln_yield,treated_post,red_pepper,2023
exclude_spring,ln_yield,treated_post,red_pepper,2024
exclude_spring,ln_yield,treated_post,soybean,2012
exclude_spring,ln_yield,treated_post,soybean,2013
exclude_spring,ln_yield,treated_post,soybean,2014
exclude_spring,ln_yield,treated_post,soybean,2015
exclude_spring,ln_yield,treated_post,soybean,2016
exclude_spring,ln_yield,treated_post,soybean,2017
exclude_spring,ln_yield,treated_post,soybean,2018
exclude_spring,ln_yield,treated_post,soybean,2019
exclude_spring,ln_yield,treated_post,soybean,2020
exclude_spring,ln_yield,treated_post,soybean,2021
exclude_spring,ln_yield,treated_post,spring_potato,2013
exclude_spring,ln_yield,treated_post,spring_potato,2014
exclude_spring,ln_yield,treated_post,spring_potato,2015
exclude_spring,ln_yield,treated_post,spring_potato,2016
exclude_spring,ln_yield,treated_post,spring_potato,2017
exclude_spring,ln_yield,treated_post,spring_potato,2018
exclude_spring,ln_yield,treated_post,spring_potato,2019
exclude_spring,ln_yield,treated_post,spring_potato,2020
exclude_spring,ln_yield,treated_post,spring_potato,2021
exclude_spring,ln_yield,treated_post,spring_potato,2022
exclude_spring,ln_yield,treated_post,sweet_potato,2013
exclude_spring,ln_yield,treated_post,sweet_potato,2014
exclude_spring,ln_yield,treated_post,sweet_potato,2015
exclude_spring,ln_yield,treated_post,sweet_potato,2016
exclude_spring,ln_yield,treated_post,sweet_potato,2017
exclude_spring,ln_yield,treated_post,sweet_potato,2018
exclude_spring,ln_yield,treated_post,sweet_potato,2019
exclude_spring,ln_yield,treated_post,sweet_potato,2020
exclude_spring,ln_yield,treated_post,sweet_potato,2021
exclude_spring,ln_yield,treated_post,sweet_potato,2022
exclude_spring,ln_yield,control_used,autumn_napa,2007
exclude_spring,ln_yield,control_used,autumn_napa,2008
exclude_spring,ln_yield,control_used,autumn_napa,2009
exclude_spring,ln_yield,control_used,autumn_napa,2012
exclude_spring,ln_yield,control_used,autumn_napa,2013
exclude_spring,ln_yield,control_used,autumn_napa,2014
exclude_spring,ln_yield,control_used,autumn_napa,2015
exclude_spring,ln_yield,control_used,autumn_napa,2016
exclude_spring,ln_yield,control_used,autumn_napa,2017
exclude_spring,ln_yield,control_used,autumn_napa,2018
exclude_spring,ln_yield,control_used,autumn_napa,2019
exclude_spring,ln_yield,control_used,autumn_napa,2020
exclude_spring,ln_yield,control_used,autumn_napa,2021
exclude_spring,ln_yield,control_used,autumn_radish,2007
exclude_spring,ln_yield,control_used,autumn_radish,2008
exclude_spring,ln_yield,control_used,autumn_radish,2009
exclude_spring,ln_yield,control_used,autumn_radish,2012
exclude_spring,ln_yield,control_used,autumn_radish,2013
exclude_spring,ln_yield,control_used,autumn_radish,2014
exclude_spring,ln_yield,control_used,autumn_radish,2015
exclude_spring,ln_yield,control_used,autumn_radish,2016
exclude_spring,ln_yield,control_used,autumn_radish,2017
exclude_spring,ln_yield,control_used,autumn_radish,2018
exclude_spring,ln_yield,control_used,autumn_radish,2019
exclude_spring,ln_yield,control_used,autumn_radish,2020
exclude_spring,ln_yield,control_used,autumn_radish,2021
exclude_spring,ln_yield,control_used,autumn_radish,2022
exclude_spring,ln_yield,control_used,autumn_radish,2023
exclude_spring,ln_yield,control_used,barley,2007
exclude_spring,ln_yield,control_used,barley,2008
exclude_spring,ln_yield,control_used,barley,2009
exclude_spring,ln_yield,control_used,barley,2012
exclude_spring,ln_yield,control_used,barley,2013
exclude_spring,ln_yield,control_used,barley,2014
exclude_spring,ln_yield,control_used,barley,2015
exclude_spring,ln_yield,control_used,barley,2016
exclude_spring,ln_yield,control_used,barley,2017
exclude_spring,ln_yield,control_used,barley,2018
exclude_spring,ln_yield,control_used,barley,2019
exclude_spring,ln_yield,control_used,barley,2020
exclude_spring,ln_yield,control_used,cabbage,2007
exclude_spring,ln_yield,control_used,cabbage,2008
exclude_spring,ln_yield,control_used,cabbage,2009
exclude_spring,ln_yield,control_used,cabbage,2012
exclude_spring,ln_yield,control_used,cabbage,2013
exclude_spring,ln_yield,control_used,cabbage,2014
exclude_spring,ln_yield,control_used,cabbage,2015
exclude_spring,ln_yield,control_used,cabbage,2016
exclude_spring,ln_yield,control_used,carrot,2007
exclude_spring,ln_yield,control_used,carrot,2008
exclude_spring,ln_yield,control_used,carrot,2009
exclude_spring,ln_yield,control_used,carrot,2012
exclude_spring,ln_yield,control_used,carrot,2013
exclude_spring,ln_yield,control_used,carrot,2014
exclude_spring,ln_yield,control_used,carrot,2015
exclude_spring,ln_yield,control_used,carrot,2016
exclude_spring,ln_yield,control_used,carrot,2017
exclude_spring,ln_yield,control_used,carrot,2018
exclude_spring,ln_yield,control_used,ginger,2007
exclude_spring,ln_yield,control_used,ginger,2008
exclude_spring,ln_yield,control_used,ginger,2009
exclude_spring,ln_yield,control_used,ginger,2012
exclude_spring,ln_yield,control_used,ginger,2013
exclude_spring,ln_yield,control_used,ginger,2014
exclude_spring,ln_yield,control_used,ginger,2015
exclude_spring,ln_yield,control_used,ginger,2016
exclude_spring,ln_yield,control_used,ginger,2017
exclude_spring,ln_yield,control_used,ginger,2018
exclude_spring,ln_yield,control_used,ginger,2019
exclude_spring,ln_yield,control_used,ginger,2020
exclude_spring,ln_yield,control_used,ginger,2021
exclude_spring,ln_yield,control_used,ginger,2022
exclude_spring,ln_yield,control_used,ginger,2023
exclude_spring,ln_yield,control_used,ginger,2024
exclude_spring,ln_yield,control_used,highland_napa,2007
exclude_spring,ln_yield,control_used,highland_napa,2008
exclude_spring,ln_yield,control_used,highland_napa,2009
exclude_spring,ln_yield,control_used,highland_napa,2012
exclude_spring,ln_yield,control_used,highland_napa,2013
exclude_spring,ln_yield,control_used,highland_napa,2014
exclude_spring,ln_yield,control_used,highland_napa,2015
exclude_spring,ln_yield,control_used,highland_napa,2016
exclude_spring,ln_yield,control_used,highland_napa,2017
exclude_spring,ln_yield,control_used,highland_napa,2018
exclude_spring,ln_yield,control_used,highland_radish,2007
exclude_spring,ln_yield,control_used,highland_radish,2008
exclude_spring,ln_yield,control_used,highland_radish,2009
exclude_spring,ln_yield,control_used,highland_radish,2012
exclude_spring,ln_yield,control_used,highland_radish,2013
exclude_spring,ln_yield,control_used,highland_radish,2014
exclude_spring,ln_yield,control_used,highland_radish,2015
exclude_spring,ln_yield,control_used,highland_radish,2016
exclude_spring,ln_yield,control_used,highland_radish,2017
exclude_spring,ln_yield,control_used,highland_radish,2018
exclude_spring,ln_yield,control_used,large_green_onion,2007
exclude_spring,ln_yield,control_used,large_green_onion,2008
exclude_spring,ln_yield,control_used,large_green_onion,2009
exclude_spring,ln_yield,control_used,large_green_onion,2012
exclude_spring,ln_yield,control_used,large_green_onion,2013
exclude_spring,ln_yield,control_used,large_green_onion,2014
exclude_spring,ln_yield,control_used,large_green_onion,2015
exclude_spring,ln_yield,control_used,large_green_onion,2016
exclude_spring,ln_yield,control_used,large_green_onion,2017
exclude_spring,ln_yield,control_used,large_green_onion,2018
exclude_spring,ln_yield,control_used,leaf_lettuce,2007
exclude_spring,ln_yield,control_used,leaf_lettuce,2008
exclude_spring,ln_yield,control_used,leaf_lettuce,2009
exclude_spring,ln_yield,control_used,leaf_lettuce,2012
exclude_spring,ln_yield,control_used,leaf_lettuce,2013
exclude_spring,ln_yield,control_used,leaf_lettuce,2014
exclude_spring,ln_yield,control_used,leaf_lettuce,2015
exclude_spring,ln_yield,control_used,leaf_lettuce,2016
exclude_spring,ln_yield,control_used,leaf_lettuce,2017
exclude_spring,ln_yield,control_used,leaf_lettuce,2018
exclude_spring,ln_yield,control_used,leaf_lettuce,2019
exclude_spring,ln_yield,control_used,leaf_lettuce,2020
exclude_spring,ln_yield,control_used,leaf_lettuce,2021
exclude_spring,ln_yield,control_used,leaf_lettuce,2022
exclude_spring,ln_yield,control_used,leaf_lettuce,2023
exclude_spring,ln_yield,control_used,leaf_lettuce,2024
exclude_spring,ln_yield,control_used,malting_barley,2007
exclude_spring,ln_yield,control_used,malting_barley,2008
exclude_spring,ln_yield,control_used,malting_barley,2009
exclude_spring,ln_yield,control_used,malting_barley,2012
exclude_spring,ln_yield,control_used,malting_barley,2013
exclude_spring,ln_yield,control_used,malting_barley,2014
exclude_spring,ln_yield,control_used,malting_barley,2015
exclude_spring,ln_yield,control_used,malting_barley,2016
exclude_spring,ln_yield,control_used,malting_barley,2017
exclude_spring,ln_yield,control_used,malting_barley,2018
exclude_spring,ln_yield,control_used,malting_barley,2019
exclude_spring,ln_yield,control_used,malting_barley,2020
exclude_spring,ln_yield,control_used,mung_bean,2007
exclude_spring,ln_yield,control_used,mung_bean,2008
exclude_spring,ln_yield,control_used,mung_bean,2009
exclude_spring,ln_yield,control_used,mung_bean,2012
exclude_spring,ln_yield,control_used,mung_bean,2013
exclude_spring,ln_yield,control_used,mung_bean,2014
exclude_spring,ln_yield,control_used,mung_bean,2015
exclude_spring,ln_yield,control_used,mung_bean,2016
exclude_spring,ln_yield,control_used,mung_bean,2017
exclude_spring,ln_yield,control_used,mung_bean,2018
exclude_spring,ln_yield,control_used,mung_bean,2019
exclude_spring,ln_yield,control_used,mung_bean,2020
exclude_spring,ln_yield,control_used,mung_bean,2021
exclude_spring,ln_yield,control_used,mung_bean,2022
exclude_spring,ln_yield,control_used,mung_bean,2023
exclude_spring,ln_yield,control_used,mung_bean,2024
exclude_spring,ln_yield,control_used,other_pulses,2007
exclude_spring,ln_yield,control_used,other_pulses,2008
exclude_spring,ln_yield,control_used,other_pulses,2009
exclude_spring,ln_yield,control_used,other_pulses,2012
exclude_spring,ln_yield,control_used,other_pulses,2013
exclude_spring,ln_yield,control_used,other_pulses,2014
exclude_spring,ln_yield,control_used,other_pulses,2015
exclude_spring,ln_yield,control_used,other_pulses,2016
exclude_spring,ln_yield,control_used,other_pulses,2017
exclude_spring,ln_yield,control_used,other_pulses,2018
exclude_spring,ln_yield,control_used,other_pulses,2019
exclude_spring,ln_yield,control_used,other_pulses,2020
exclude_spring,ln_yield,control_used,other_pulses,2021
exclude_spring,ln_yield,control_used,other_pulses,2022
exclude_spring,ln_yield,control_used,other_pulses,2023
exclude_spring,ln_yield,control_used,other_pulses,2024
exclude_spring,ln_yield,control_used,peanut,2007
exclude_spring,ln_yield,control_used,peanut,2008
exclude_spring,ln_yield,control_used,peanut,2009
exclude_spring,ln_yield,control_used,peanut,2012
exclude_spring,ln_yield,control_used,peanut,2013
exclude_spring,ln_yield,control_used,peanut,2014
exclude_spring,ln_yield,control_used,peanut,2015
exclude_spring,ln_yield,control_used,peanut,2016
exclude_spring,ln_yield,control_used,peanut,2017
exclude_spring,ln_yield,control_used,peanut,2018
exclude_spring,ln_yield,control_used,peanut,2019
exclude_spring,ln_yield,control_used,peanut,2020
exclude_spring,ln_yield,control_used,peanut,2021
exclude_spring,ln_yield,control_used,peanut,2022
exclude_spring,ln_yield,control_used,peanut,2023
exclude_spring,ln_yield,control_used,peanut,2024
exclude_spring,ln_yield,control_used,perilla,2007
exclude_spring,ln_yield,control_used,perilla,2008
exclude_spring,ln_yield,control_used,perilla,2009
exclude_spring,ln_yield,control_used,perilla,2012
exclude_spring,ln_yield,control_used,perilla,2013
exclude_spring,ln_yield,control_used,perilla,2014
exclude_spring,ln_yield,control_used,perilla,2015
exclude_spring,ln_yield,control_used,perilla,2016
exclude_spring,ln_yield,control_used,perilla,2017
exclude_spring,ln_yield,control_used,perilla,2018
exclude_spring,ln_yield,control_used,perilla,2019
exclude_spring,ln_yield,control_used,perilla,2020
exclude_spring,ln_yield,control_used,perilla,2021
exclude_spring,ln_yield,control_used,perilla,2022
exclude_spring,ln_yield,control_used,perilla,2023
exclude_spring,ln_yield,control_used,perilla,2024
exclude_spring,ln_yield,control_used,red_bean,2007
exclude_spring,ln_yield,control_used,red_bean,2008
exclude_spring,ln_yield,control_used,red_bean,2009
exclude_spring,ln_yield,control_used,red_bean,2012
exclude_spring,ln_yield,control_used,red_bean,2013
exclude_spring,ln_yield,control_used,red_bean,2014
exclude_spring,ln_yield,control_used,red_bean,2015
exclude_spring,ln_yield,control_used,red_bean,2016
exclude_spring,ln_yield,control_used,red_bean,2017
exclude_spring,ln_yield,control_used,red_bean,2018
exclude_spring,ln_yield,control_used,red_bean,2019
exclude_spring,ln_yield,control_used,sesame,2007
exclude_spring,ln_yield,control_used,sesame,2008
exclude_spring,ln_yield,control_used,sesame,2009
exclude_spring,ln_yield,control_used,sesame,2012
exclude_spring,ln_yield,control_used,sesame,2013
exclude_spring,ln_yield,control_used,sesame,2014
exclude_spring,ln_yield,control_used,sesame,2015
exclude_spring,ln_yield,control_used,sesame,2016
exclude_spring,ln_yield,control_used,sesame,2017
exclude_spring,ln_yield,control_used,sesame,2018
exclude_spring,ln_yield,control_used,sesame,2019
exclude_spring,ln_yield,control_used,sesame,2020
exclude_spring,ln_yield,control_used,sesame,2021
exclude_spring,ln_yield,control_used,sesame,2022
exclude_spring,ln_yield,control_used,sesame,2023
exclude_spring,ln_yield,control_used,sesame,2024
exclude_spring,ln_yield,control_used,small_green_onion,2007
exclude_spring,ln_yield,control_used,small_green_onion,2008
exclude_spring,ln_yield,control_used,small_green_onion,2009
exclude_spring,ln_yield,control_used,small_green_onion,2012
exclude_spring,ln_yield,control_used,small_green_onion,2013
exclude_spring,ln_yield,control_used,small_green_onion,2014
exclude_spring,ln_yield,control_used,small_green_onion,2015
exclude_spring,ln_yield,control_used,small_green_onion,2016
exclude_spring,ln_yield,control_used,small_green_onion,2017
exclude_spring,ln_yield,control_used,small_green_onion,2018
exclude_spring,ln_yield,control_used,spinach,2007
exclude_spring,ln_yield,control_used,spinach,2008
exclude_spring,ln_yield,control_used,spinach,2009
exclude_spring,ln_yield,control_used,spinach,2012
exclude_spring,ln_yield,control_used,spinach,2013
exclude_spring,ln_yield,control_used,spinach,2014
exclude_spring,ln_yield,control_used,spinach,2015
exclude_spring,ln_yield,control_used,spinach,2016
exclude_spring,ln_yield,control_used,spinach,2017
exclude_spring,ln_yield,control_used,spinach,2018
exclude_spring,ln_yield,control_used,spinach,2019
exclude_spring,ln_yield,control_used,spinach,2020
exclude_spring,ln_yield,control_used,wheat,2007
exclude_spring,ln_yield,control_used,wheat,2008
exclude_spring,ln_yield,control_used,wheat,2009
exclude_spring,ln_yield,control_used,wheat,2012
exclude_spring,ln_yield,control_used,wheat,2013
exclude_spring,ln_yield,control_used,wheat,2014
exclude_spring,ln_yield,control_used,wheat,2015
exclude_spring,ln_yield,control_used,wheat,2016
exclude_spring,ln_yield,control_clean_context,autumn_napa,1991
exclude_spring,ln_yield,control_clean_context,autumn_napa,1992
exclude_spring,ln_yield,control_clean_context,autumn_napa,1993
exclude_spring,ln_yield,control_clean_context,autumn_napa,1994
exclude_spring,ln_yield,control_clean_context,autumn_napa,1995
exclude_spring,ln_yield,control_clean_context,autumn_napa,1996
exclude_spring,ln_yield,control_clean_context,autumn_napa,1997
exclude_spring,ln_yield,control_clean_context,autumn_napa,1998
exclude_spring,ln_yield,control_clean_context,autumn_napa,1999
exclude_spring,ln_yield,control_clean_context,autumn_napa,2000
exclude_spring,ln_yield,control_clean_context,autumn_napa,2001
exclude_spring,ln_yield,control_clean_context,autumn_napa,2002
exclude_spring,ln_yield,control_clean_context,autumn_napa,2003
exclude_spring,ln_yield,control_clean_context,autumn_napa,2004
exclude_spring,ln_yield,control_clean_context,autumn_napa,2005
exclude_spring,ln_yield,control_clean_context,autumn_napa,2006
exclude_spring,ln_yield,control_clean_context,autumn_napa,2007
exclude_spring,ln_yield,control_clean_context,autumn_napa,2008
exclude_spring,ln_yield,control_clean_context,autumn_napa,2009
exclude_spring,ln_yield,control_clean_context,autumn_napa,2010
exclude_spring,ln_yield,control_clean_context,autumn_napa,2011
exclude_spring,ln_yield,control_clean_context,autumn_napa,2012
exclude_spring,ln_yield,control_clean_context,autumn_napa,2013
exclude_spring,ln_yield,control_clean_context,autumn_napa,2014
exclude_spring,ln_yield,control_clean_context,autumn_napa,2015
exclude_spring,ln_yield,control_clean_context,autumn_napa,2016
exclude_spring,ln_yield,control_clean_context,autumn_napa,2017
exclude_spring,ln_yield,control_clean_context,autumn_napa,2018
exclude_spring,ln_yield,control_clean_context,autumn_napa,2019
exclude_spring,ln_yield,control_clean_context,autumn_napa,2020
exclude_spring,ln_yield,control_clean_context,autumn_napa,2021
exclude_spring,ln_yield,control_clean_context,autumn_radish,1991
exclude_spring,ln_yield,control_clean_context,autumn_radish,1992
exclude_spring,ln_yield,control_clean_context,autumn_radish,1993
exclude_spring,ln_yield,control_clean_context,autumn_radish,1994
exclude_spring,ln_yield,control_clean_context,autumn_radish,1995
exclude_spring,ln_yield,control_clean_context,autumn_radish,1996
exclude_spring,ln_yield,control_clean_context,autumn_radish,1997
exclude_spring,ln_yield,control_clean_context,autumn_radish,1998
exclude_spring,ln_yield,control_clean_context,autumn_radish,1999
exclude_spring,ln_yield,control_clean_context,autumn_radish,2000
exclude_spring,ln_yield,control_clean_context,autumn_radish,2001
exclude_spring,ln_yield,control_clean_context,autumn_radish,2002
exclude_spring,ln_yield,control_clean_context,autumn_radish,2003
exclude_spring,ln_yield,control_clean_context,autumn_radish,2004
exclude_spring,ln_yield,control_clean_context,autumn_radish,2005
exclude_spring,ln_yield,control_clean_context,autumn_radish,2006
exclude_spring,ln_yield,control_clean_context,autumn_radish,2007
exclude_spring,ln_yield,control_clean_context,autumn_radish,2008
exclude_spring,ln_yield,control_clean_context,autumn_radish,2009
exclude_spring,ln_yield,control_clean_context,autumn_radish,2010
exclude_spring,ln_yield,control_clean_context,autumn_radish,2011
exclude_spring,ln_yield,control_clean_context,autumn_radish,2012
exclude_spring,ln_yield,control_clean_context,autumn_radish,2013
exclude_spring,ln_yield,control_clean_context,autumn_radish,2014
exclude_spring,ln_yield,control_clean_context,autumn_radish,2015
exclude_spring,ln_yield,control_clean_context,autumn_radish,2016
exclude_spring,ln_yield,control_clean_context,autumn_radish,2017
exclude_spring,ln_yield,control_clean_context,autumn_radish,2018
exclude_spring,ln_yield,control_clean_context,autumn_radish,2019
exclude_spring,ln_yield,control_clean_context,autumn_radish,2020
exclude_spring,ln_yield,control_clean_context,autumn_radish,2021
exclude_spring,ln_yield,control_clean_context,autumn_radish,2022
exclude_spring,ln_yield,control_clean_context,autumn_radish,2023
exclude_spring,ln_yield,control_clean_context,barley,1991
exclude_spring,ln_yield,control_clean_context,barley,1992
exclude_spring,ln_yield,control_clean_context,barley,1993
exclude_spring,ln_yield,control_clean_context,barley,1994
exclude_spring,ln_yield,control_clean_context,barley,1995
exclude_spring,ln_yield,control_clean_context,barley,1996
exclude_spring,ln_yield,control_clean_context,barley,1997
exclude_spring,ln_yield,control_clean_context,barley,1998
exclude_spring,ln_yield,control_clean_context,barley,1999
exclude_spring,ln_yield,control_clean_context,barley,2000
exclude_spring,ln_yield,control_clean_context,barley,2001
exclude_spring,ln_yield,control_clean_context,barley,2002
exclude_spring,ln_yield,control_clean_context,barley,2003
exclude_spring,ln_yield,control_clean_context,barley,2004
exclude_spring,ln_yield,control_clean_context,barley,2005
exclude_spring,ln_yield,control_clean_context,barley,2006
exclude_spring,ln_yield,control_clean_context,barley,2007
exclude_spring,ln_yield,control_clean_context,barley,2008
exclude_spring,ln_yield,control_clean_context,barley,2009
exclude_spring,ln_yield,control_clean_context,barley,2010
exclude_spring,ln_yield,control_clean_context,barley,2011
exclude_spring,ln_yield,control_clean_context,barley,2012
exclude_spring,ln_yield,control_clean_context,barley,2013
exclude_spring,ln_yield,control_clean_context,barley,2014
exclude_spring,ln_yield,control_clean_context,barley,2015
exclude_spring,ln_yield,control_clean_context,barley,2016
exclude_spring,ln_yield,control_clean_context,barley,2017
exclude_spring,ln_yield,control_clean_context,barley,2018
exclude_spring,ln_yield,control_clean_context,barley,2019
exclude_spring,ln_yield,control_clean_context,barley,2020
exclude_spring,ln_yield,control_clean_context,cabbage,1991
exclude_spring,ln_yield,control_clean_context,cabbage,1992
exclude_spring,ln_yield,control_clean_context,cabbage,1993
exclude_spring,ln_yield,control_clean_context,cabbage,1994
exclude_spring,ln_yield,control_clean_context,cabbage,1995
exclude_spring,ln_yield,control_clean_context,cabbage,1996
exclude_spring,ln_yield,control_clean_context,cabbage,1997
exclude_spring,ln_yield,control_clean_context,cabbage,1998
exclude_spring,ln_yield,control_clean_context,cabbage,1999
exclude_spring,ln_yield,control_clean_context,cabbage,2000
exclude_spring,ln_yield,control_clean_context,cabbage,2001
exclude_spring,ln_yield,control_clean_context,cabbage,2002
exclude_spring,ln_yield,control_clean_context,cabbage,2003
exclude_spring,ln_yield,control_clean_context,cabbage,2004
exclude_spring,ln_yield,control_clean_context,cabbage,2005
exclude_spring,ln_yield,control_clean_context,cabbage,2006
exclude_spring,ln_yield,control_clean_context,cabbage,2007
exclude_spring,ln_yield,control_clean_context,cabbage,2008
exclude_spring,ln_yield,control_clean_context,cabbage,2009
exclude_spring,ln_yield,control_clean_context,cabbage,2010
exclude_spring,ln_yield,control_clean_context,cabbage,2011
exclude_spring,ln_yield,control_clean_context,cabbage,2012
exclude_spring,ln_yield,control_clean_context,cabbage,2013
exclude_spring,ln_yield,control_clean_context,cabbage,2014
exclude_spring,ln_yield,control_clean_context,cabbage,2015
exclude_spring,ln_yield,control_clean_context,cabbage,2016
exclude_spring,ln_yield,control_clean_context,carrot,1991
exclude_spring,ln_yield,control_clean_context,carrot,1992
exclude_spring,ln_yield,control_clean_context,carrot,1993
exclude_spring,ln_yield,control_clean_context,carrot,1994
exclude_spring,ln_yield,control_clean_context,carrot,1995
exclude_spring,ln_yield,control_clean_context,carrot,1996
exclude_spring,ln_yield,control_clean_context,carrot,1997
exclude_spring,ln_yield,control_clean_context,carrot,1998
exclude_spring,ln_yield,control_clean_context,carrot,1999
exclude_spring,ln_yield,control_clean_context,carrot,2000
exclude_spring,ln_yield,control_clean_context,carrot,2001
exclude_spring,ln_yield,control_clean_context,carrot,2002
exclude_spring,ln_yield,control_clean_context,carrot,2003
exclude_spring,ln_yield,control_clean_context,carrot,2004
exclude_spring,ln_yield,control_clean_context,carrot,2005
exclude_spring,ln_yield,control_clean_context,carrot,2006
exclude_spring,ln_yield,control_clean_context,carrot,2007
exclude_spring,ln_yield,control_clean_context,carrot,2008
exclude_spring,ln_yield,control_clean_context,carrot,2009
exclude_spring,ln_yield,control_clean_context,carrot,2010
exclude_spring,ln_yield,control_clean_context,carrot,2011
exclude_spring,ln_yield,control_clean_context,carrot,2012
exclude_spring,ln_yield,control_clean_context,carrot,2013
exclude_spring,ln_yield,control_clean_context,carrot,2014
exclude_spring,ln_yield,control_clean_context,carrot,2015
exclude_spring,ln_yield,control_clean_context,carrot,2016
exclude_spring,ln_yield,control_clean_context,carrot,2017
exclude_spring,ln_yield,control_clean_context,carrot,2018
exclude_spring,ln_yield,control_clean_context,ginger,1991
exclude_spring,ln_yield,control_clean_context,ginger,1992
exclude_spring,ln_yield,control_clean_context,ginger,1993
exclude_spring,ln_yield,control_clean_context,ginger,1994
exclude_spring,ln_yield,control_clean_context,ginger,1995
exclude_spring,ln_yield,control_clean_context,ginger,1996
exclude_spring,ln_yield,control_clean_context,ginger,1997
exclude_spring,ln_yield,control_clean_context,ginger,1998
exclude_spring,ln_yield,control_clean_context,ginger,1999
exclude_spring,ln_yield,control_clean_context,ginger,2000
exclude_spring,ln_yield,control_clean_context,ginger,2001
exclude_spring,ln_yield,control_clean_context,ginger,2002
exclude_spring,ln_yield,control_clean_context,ginger,2003
exclude_spring,ln_yield,control_clean_context,ginger,2004
exclude_spring,ln_yield,control_clean_context,ginger,2005
exclude_spring,ln_yield,control_clean_context,ginger,2006
exclude_spring,ln_yield,control_clean_context,ginger,2007
exclude_spring,ln_yield,control_clean_context,ginger,2008
exclude_spring,ln_yield,control_clean_context,ginger,2009
exclude_spring,ln_yield,control_clean_context,ginger,2010
exclude_spring,ln_yield,control_clean_context,ginger,2011
exclude_spring,ln_yield,control_clean_context,ginger,2012
exclude_spring,ln_yield,control_clean_context,ginger,2013
exclude_spring,ln_yield,control_clean_context,ginger,2014
exclude_spring,ln_yield,control_clean_context,ginger,2015
exclude_spring,ln_yield,control_clean_context,ginger,2016
exclude_spring,ln_yield,control_clean_context,ginger,2017
exclude_spring,ln_yield,control_clean_context,ginger,2018
exclude_spring,ln_yield,control_clean_context,ginger,2019
exclude_spring,ln_yield,control_clean_context,ginger,2020
exclude_spring,ln_yield,control_clean_context,ginger,2021
exclude_spring,ln_yield,control_clean_context,ginger,2022
exclude_spring,ln_yield,control_clean_context,ginger,2023
exclude_spring,ln_yield,control_clean_context,ginger,2024
exclude_spring,ln_yield,control_clean_context,highland_napa,1991
exclude_spring,ln_yield,control_clean_context,highland_napa,1992
exclude_spring,ln_yield,control_clean_context,highland_napa,1993
exclude_spring,ln_yield,control_clean_context,highland_napa,1994
exclude_spring,ln_yield,control_clean_context,highland_napa,1995
exclude_spring,ln_yield,control_clean_context,highland_napa,1996
exclude_spring,ln_yield,control_clean_context,highland_napa,1997
exclude_spring,ln_yield,control_clean_context,highland_napa,1998
exclude_spring,ln_yield,control_clean_context,highland_napa,1999
exclude_spring,ln_yield,control_clean_context,highland_napa,2000
exclude_spring,ln_yield,control_clean_context,highland_napa,2001
exclude_spring,ln_yield,control_clean_context,highland_napa,2002
exclude_spring,ln_yield,control_clean_context,highland_napa,2003
exclude_spring,ln_yield,control_clean_context,highland_napa,2004
exclude_spring,ln_yield,control_clean_context,highland_napa,2005
exclude_spring,ln_yield,control_clean_context,highland_napa,2006
exclude_spring,ln_yield,control_clean_context,highland_napa,2007
exclude_spring,ln_yield,control_clean_context,highland_napa,2008
exclude_spring,ln_yield,control_clean_context,highland_napa,2009
exclude_spring,ln_yield,control_clean_context,highland_napa,2010
exclude_spring,ln_yield,control_clean_context,highland_napa,2011
exclude_spring,ln_yield,control_clean_context,highland_napa,2012
exclude_spring,ln_yield,control_clean_context,highland_napa,2013
exclude_spring,ln_yield,control_clean_context,highland_napa,2014
exclude_spring,ln_yield,control_clean_context,highland_napa,2015
exclude_spring,ln_yield,control_clean_context,highland_napa,2016
exclude_spring,ln_yield,control_clean_context,highland_napa,2017
exclude_spring,ln_yield,control_clean_context,highland_napa,2018
exclude_spring,ln_yield,control_clean_context,highland_radish,1991
exclude_spring,ln_yield,control_clean_context,highland_radish,1992
exclude_spring,ln_yield,control_clean_context,highland_radish,1993
exclude_spring,ln_yield,control_clean_context,highland_radish,1994
exclude_spring,ln_yield,control_clean_context,highland_radish,1995
exclude_spring,ln_yield,control_clean_context,highland_radish,1996
exclude_spring,ln_yield,control_clean_context,highland_radish,1997
exclude_spring,ln_yield,control_clean_context,highland_radish,1998
exclude_spring,ln_yield,control_clean_context,highland_radish,1999
exclude_spring,ln_yield,control_clean_context,highland_radish,2000
exclude_spring,ln_yield,control_clean_context,highland_radish,2001
exclude_spring,ln_yield,control_clean_context,highland_radish,2002
exclude_spring,ln_yield,control_clean_context,highland_radish,2003
exclude_spring,ln_yield,control_clean_context,highland_radish,2004
exclude_spring,ln_yield,control_clean_context,highland_radish,2005
exclude_spring,ln_yield,control_clean_context,highland_radish,2006
exclude_spring,ln_yield,control_clean_context,highland_radish,2007
exclude_spring,ln_yield,control_clean_context,highland_radish,2008
exclude_spring,ln_yield,control_clean_context,highland_radish,2009
exclude_spring,ln_yield,control_clean_context,highland_radish,2010
exclude_spring,ln_yield,control_clean_context,highland_radish,2011
exclude_spring,ln_yield,control_clean_context,highland_radish,2012
exclude_spring,ln_yield,control_clean_context,highland_radish,2013
exclude_spring,ln_yield,control_clean_context,highland_radish,2014
exclude_spring,ln_yield,control_clean_context,highland_radish,2015
exclude_spring,ln_yield,control_clean_context,highland_radish,2016
exclude_spring,ln_yield,control_clean_context,highland_radish,2017
exclude_spring,ln_yield,control_clean_context,highland_radish,2018
exclude_spring,ln_yield,control_clean_context,large_green_onion,2000
exclude_spring,ln_yield,control_clean_context,large_green_onion,2001
exclude_spring,ln_yield,control_clean_context,large_green_onion,2002
exclude_spring,ln_yield,control_clean_context,large_green_onion,2003
exclude_spring,ln_yield,control_clean_context,large_green_onion,2004
exclude_spring,ln_yield,control_clean_context,large_green_onion,2005
exclude_spring,ln_yield,control_clean_context,large_green_onion,2006
exclude_spring,ln_yield,control_clean_context,large_green_onion,2007
exclude_spring,ln_yield,control_clean_context,large_green_onion,2008
exclude_spring,ln_yield,control_clean_context,large_green_onion,2009
exclude_spring,ln_yield,control_clean_context,large_green_onion,2010
exclude_spring,ln_yield,control_clean_context,large_green_onion,2011
exclude_spring,ln_yield,control_clean_context,large_green_onion,2012
exclude_spring,ln_yield,control_clean_context,large_green_onion,2013
exclude_spring,ln_yield,control_clean_context,large_green_onion,2014
exclude_spring,ln_yield,control_clean_context,large_green_onion,2015
exclude_spring,ln_yield,control_clean_context,large_green_onion,2016
exclude_spring,ln_yield,control_clean_context,large_green_onion,2017
exclude_spring,ln_yield,control_clean_context,large_green_onion,2018
exclude_spring,ln_yield,control_clean_context,leaf_lettuce,1991
exclude_spring,ln_yield,control_clean_context,leaf_lettuce,1992
exclude_spring,ln_yield,control_clean_context,leaf_lettuce,1993
exclude_spring,ln_yield,control_clean_context,leaf_lettuce,1994
exclude_spring,ln_yield,control_clean_context,leaf_lettuce,1995
exclude_spring,ln_yield,control_clean_context,leaf_lettuce,1996
exclude_spring,ln_yield,control_clean_context,leaf_lettuce,1997
exclude_spring,ln_yield,control_clean_context,leaf_lettuce,1998
exclude_spring,ln_yield,control_clean_context,leaf_lettuce,1999
exclude_spring,ln_yield,control_clean_context,leaf_lettuce,2000
exclude_spring,ln_yield,control_clean_context,leaf_lettuce,2001
exclude_spring,ln_yield,control_clean_context,leaf_lettuce,2002
exclude_spring,ln_yield,control_clean_context,leaf_lettuce,2003
exclude_spring,ln_yield,control_clean_context,leaf_lettuce,2004
exclude_spring,ln_yield,control_clean_context,leaf_lettuce,2005
exclude_spring,ln_yield,control_clean_context,leaf_lettuce,2006
exclude_spring,ln_yield,control_clean_context,leaf_lettuce,2007
exclude_spring,ln_yield,control_clean_context,leaf_lettuce,2008
exclude_spring,ln_yield,control_clean_context,leaf_lettuce,2009
exclude_spring,ln_yield,control_clean_context,leaf_lettuce,2010
exclude_spring,ln_yield,control_clean_context,leaf_lettuce,2011
exclude_spring,ln_yield,control_clean_context,leaf_lettuce,2012
exclude_spring,ln_yield,control_clean_context,leaf_lettuce,2013
exclude_spring,ln_yield,control_clean_context,leaf_lettuce,2014
exclude_spring,ln_yield,control_clean_context,leaf_lettuce,2015
exclude_spring,ln_yield,control_clean_context,leaf_lettuce,2016
exclude_spring,ln_yield,control_clean_context,leaf_lettuce,2017
exclude_spring,ln_yield,control_clean_context,leaf_lettuce,2018
exclude_spring,ln_yield,control_clean_context,leaf_lettuce,2019
exclude_spring,ln_yield,control_clean_context,leaf_lettuce,2020
exclude_spring,ln_yield,control_clean_context,leaf_lettuce,2021
exclude_spring,ln_yield,control_clean_context,leaf_lettuce,2022
exclude_spring,ln_yield,control_clean_context,leaf_lettuce,2023
exclude_spring,ln_yield,control_clean_context,leaf_lettuce,2024
exclude_spring,ln_yield,control_clean_context,malting_barley,1991
exclude_spring,ln_yield,control_clean_context,malting_barley,1992
exclude_spring,ln_yield,control_clean_context,malting_barley,1993
exclude_spring,ln_yield,control_clean_context,malting_barley,1994
exclude_spring,ln_yield,control_clean_context,malting_barley,1995
exclude_spring,ln_yield,control_clean_context,malting_barley,1996
exclude_spring,ln_yield,control_clean_context,malting_barley,1997
exclude_spring,ln_yield,control_clean_context,malting_barley,1998
exclude_spring,ln_yield,control_clean_context,malting_barley,1999
exclude_spring,ln_yield,control_clean_context,malting_barley,2000
exclude_spring,ln_yield,control_clean_context,malting_barley,2001
exclude_spring,ln_yield,control_clean_context,malting_barley,2002
exclude_spring,ln_yield,control_clean_context,malting_barley,2003
exclude_spring,ln_yield,control_clean_context,malting_barley,2004
exclude_spring,ln_yield,control_clean_context,malting_barley,2005
exclude_spring,ln_yield,control_clean_context,malting_barley,2006
exclude_spring,ln_yield,control_clean_context,malting_barley,2007
exclude_spring,ln_yield,control_clean_context,malting_barley,2008
exclude_spring,ln_yield,control_clean_context,malting_barley,2009
exclude_spring,ln_yield,control_clean_context,malting_barley,2010
exclude_spring,ln_yield,control_clean_context,malting_barley,2011
exclude_spring,ln_yield,control_clean_context,malting_barley,2012
exclude_spring,ln_yield,control_clean_context,malting_barley,2013
exclude_spring,ln_yield,control_clean_context,malting_barley,2014
exclude_spring,ln_yield,control_clean_context,malting_barley,2015
exclude_spring,ln_yield,control_clean_context,malting_barley,2016
exclude_spring,ln_yield,control_clean_context,malting_barley,2017
exclude_spring,ln_yield,control_clean_context,malting_barley,2018
exclude_spring,ln_yield,control_clean_context,malting_barley,2019
exclude_spring,ln_yield,control_clean_context,malting_barley,2020
exclude_spring,ln_yield,control_clean_context,mung_bean,1991
exclude_spring,ln_yield,control_clean_context,mung_bean,1992
exclude_spring,ln_yield,control_clean_context,mung_bean,1993
exclude_spring,ln_yield,control_clean_context,mung_bean,1994
exclude_spring,ln_yield,control_clean_context,mung_bean,1995
exclude_spring,ln_yield,control_clean_context,mung_bean,1996
exclude_spring,ln_yield,control_clean_context,mung_bean,1997
exclude_spring,ln_yield,control_clean_context,mung_bean,1998
exclude_spring,ln_yield,control_clean_context,mung_bean,1999
exclude_spring,ln_yield,control_clean_context,mung_bean,2000
exclude_spring,ln_yield,control_clean_context,mung_bean,2001
exclude_spring,ln_yield,control_clean_context,mung_bean,2002
exclude_spring,ln_yield,control_clean_context,mung_bean,2003
exclude_spring,ln_yield,control_clean_context,mung_bean,2004
exclude_spring,ln_yield,control_clean_context,mung_bean,2005
exclude_spring,ln_yield,control_clean_context,mung_bean,2006
exclude_spring,ln_yield,control_clean_context,mung_bean,2007
exclude_spring,ln_yield,control_clean_context,mung_bean,2008
exclude_spring,ln_yield,control_clean_context,mung_bean,2009
exclude_spring,ln_yield,control_clean_context,mung_bean,2010
exclude_spring,ln_yield,control_clean_context,mung_bean,2011
exclude_spring,ln_yield,control_clean_context,mung_bean,2012
exclude_spring,ln_yield,control_clean_context,mung_bean,2013
exclude_spring,ln_yield,control_clean_context,mung_bean,2014
exclude_spring,ln_yield,control_clean_context,mung_bean,2015
exclude_spring,ln_yield,control_clean_context,mung_bean,2016
exclude_spring,ln_yield,control_clean_context,mung_bean,2017
exclude_spring,ln_yield,control_clean_context,mung_bean,2018
exclude_spring,ln_yield,control_clean_context,mung_bean,2019
exclude_spring,ln_yield,control_clean_context,mung_bean,2020
exclude_spring,ln_yield,control_clean_context,mung_bean,2021
exclude_spring,ln_yield,control_clean_context,mung_bean,2022
exclude_spring,ln_yield,control_clean_context,mung_bean,2023
exclude_spring,ln_yield,control_clean_context,mung_bean,2024
exclude_spring,ln_yield,control_clean_context,other_pulses,1991
exclude_spring,ln_yield,control_clean_context,other_pulses,1992
exclude_spring,ln_yield,control_clean_context,other_pulses,1993
exclude_spring,ln_yield,control_clean_context,other_pulses,1994
exclude_spring,ln_yield,control_clean_context,other_pulses,1995
exclude_spring,ln_yield,control_clean_context,other_pulses,1996
exclude_spring,ln_yield,control_clean_context,other_pulses,1997
exclude_spring,ln_yield,control_clean_context,other_pulses,1998
exclude_spring,ln_yield,control_clean_context,other_pulses,1999
exclude_spring,ln_yield,control_clean_context,other_pulses,2000
exclude_spring,ln_yield,control_clean_context,other_pulses,2001
exclude_spring,ln_yield,control_clean_context,other_pulses,2002
exclude_spring,ln_yield,control_clean_context,other_pulses,2003
exclude_spring,ln_yield,control_clean_context,other_pulses,2004
exclude_spring,ln_yield,control_clean_context,other_pulses,2005
exclude_spring,ln_yield,control_clean_context,other_pulses,2006
exclude_spring,ln_yield,control_clean_context,other_pulses,2007
exclude_spring,ln_yield,control_clean_context,other_pulses,2008
exclude_spring,ln_yield,control_clean_context,other_pulses,2009
exclude_spring,ln_yield,control_clean_context,other_pulses,2010
exclude_spring,ln_yield,control_clean_context,other_pulses,2011
exclude_spring,ln_yield,control_clean_context,other_pulses,2012
exclude_spring,ln_yield,control_clean_context,other_pulses,2013
exclude_spring,ln_yield,control_clean_context,other_pulses,2014
exclude_spring,ln_yield,control_clean_context,other_pulses,2015
exclude_spring,ln_yield,control_clean_context,other_pulses,2016
exclude_spring,ln_yield,control_clean_context,other_pulses,2017
exclude_spring,ln_yield,control_clean_context,other_pulses,2018
exclude_spring,ln_yield,control_clean_context,other_pulses,2019
exclude_spring,ln_yield,control_clean_context,other_pulses,2020
exclude_spring,ln_yield,control_clean_context,other_pulses,2021
exclude_spring,ln_yield,control_clean_context,other_pulses,2022
exclude_spring,ln_yield,control_clean_context,other_pulses,2023
exclude_spring,ln_yield,control_clean_context,other_pulses,2024
exclude_spring,ln_yield,control_clean_context,peanut,1991
exclude_spring,ln_yield,control_clean_context,peanut,1992
exclude_spring,ln_yield,control_clean_context,peanut,1993
exclude_spring,ln_yield,control_clean_context,peanut,1994
exclude_spring,ln_yield,control_clean_context,peanut,1995
exclude_spring,ln_yield,control_clean_context,peanut,1996
exclude_spring,ln_yield,control_clean_context,peanut,1997
exclude_spring,ln_yield,control_clean_context,peanut,1998
exclude_spring,ln_yield,control_clean_context,peanut,1999
exclude_spring,ln_yield,control_clean_context,peanut,2000
exclude_spring,ln_yield,control_clean_context,peanut,2001
exclude_spring,ln_yield,control_clean_context,peanut,2002
exclude_spring,ln_yield,control_clean_context,peanut,2003
exclude_spring,ln_yield,control_clean_context,peanut,2004
exclude_spring,ln_yield,control_clean_context,peanut,2005
exclude_spring,ln_yield,control_clean_context,peanut,2006
exclude_spring,ln_yield,control_clean_context,peanut,2007
exclude_spring,ln_yield,control_clean_context,peanut,2008
exclude_spring,ln_yield,control_clean_context,peanut,2009
exclude_spring,ln_yield,control_clean_context,peanut,2010
exclude_spring,ln_yield,control_clean_context,peanut,2011
exclude_spring,ln_yield,control_clean_context,peanut,2012
exclude_spring,ln_yield,control_clean_context,peanut,2013
exclude_spring,ln_yield,control_clean_context,peanut,2014
exclude_spring,ln_yield,control_clean_context,peanut,2015
exclude_spring,ln_yield,control_clean_context,peanut,2016
exclude_spring,ln_yield,control_clean_context,peanut,2017
exclude_spring,ln_yield,control_clean_context,peanut,2018
exclude_spring,ln_yield,control_clean_context,peanut,2019
exclude_spring,ln_yield,control_clean_context,peanut,2020
exclude_spring,ln_yield,control_clean_context,peanut,2021
exclude_spring,ln_yield,control_clean_context,peanut,2022
exclude_spring,ln_yield,control_clean_context,peanut,2023
exclude_spring,ln_yield,control_clean_context,peanut,2024
exclude_spring,ln_yield,control_clean_context,perilla,1991
exclude_spring,ln_yield,control_clean_context,perilla,1992
exclude_spring,ln_yield,control_clean_context,perilla,1993
exclude_spring,ln_yield,control_clean_context,perilla,1994
exclude_spring,ln_yield,control_clean_context,perilla,1995
exclude_spring,ln_yield,control_clean_context,perilla,1996
exclude_spring,ln_yield,control_clean_context,perilla,1997
exclude_spring,ln_yield,control_clean_context,perilla,1998
exclude_spring,ln_yield,control_clean_context,perilla,1999
exclude_spring,ln_yield,control_clean_context,perilla,2000
exclude_spring,ln_yield,control_clean_context,perilla,2001
exclude_spring,ln_yield,control_clean_context,perilla,2002
exclude_spring,ln_yield,control_clean_context,perilla,2003
exclude_spring,ln_yield,control_clean_context,perilla,2004
exclude_spring,ln_yield,control_clean_context,perilla,2005
exclude_spring,ln_yield,control_clean_context,perilla,2006
exclude_spring,ln_yield,control_clean_context,perilla,2007
exclude_spring,ln_yield,control_clean_context,perilla,2008
exclude_spring,ln_yield,control_clean_context,perilla,2009
exclude_spring,ln_yield,control_clean_context,perilla,2010
exclude_spring,ln_yield,control_clean_context,perilla,2011
exclude_spring,ln_yield,control_clean_context,perilla,2012
exclude_spring,ln_yield,control_clean_context,perilla,2013
exclude_spring,ln_yield,control_clean_context,perilla,2014
exclude_spring,ln_yield,control_clean_context,perilla,2015
exclude_spring,ln_yield,control_clean_context,perilla,2016
exclude_spring,ln_yield,control_clean_context,perilla,2017
exclude_spring,ln_yield,control_clean_context,perilla,2018
exclude_spring,ln_yield,control_clean_context,perilla,2019
exclude_spring,ln_yield,control_clean_context,perilla,2020
exclude_spring,ln_yield,control_clean_context,perilla,2021
exclude_spring,ln_yield,control_clean_context,perilla,2022
exclude_spring,ln_yield,control_clean_context,perilla,2023
exclude_spring,ln_yield,control_clean_context,perilla,2024
exclude_spring,ln_yield,control_clean_context,red_bean,1991
exclude_spring,ln_yield,control_clean_context,red_bean,1992
exclude_spring,ln_yield,control_clean_context,red_bean,1993
exclude_spring,ln_yield,control_clean_context,red_bean,1994
exclude_spring,ln_yield,control_clean_context,red_bean,1995
exclude_spring,ln_yield,control_clean_context,red_bean,1996
exclude_spring,ln_yield,control_clean_context,red_bean,1997
exclude_spring,ln_yield,control_clean_context,red_bean,1998
exclude_spring,ln_yield,control_clean_context,red_bean,1999
exclude_spring,ln_yield,control_clean_context,red_bean,2000
exclude_spring,ln_yield,control_clean_context,red_bean,2001
exclude_spring,ln_yield,control_clean_context,red_bean,2002
exclude_spring,ln_yield,control_clean_context,red_bean,2003
exclude_spring,ln_yield,control_clean_context,red_bean,2004
exclude_spring,ln_yield,control_clean_context,red_bean,2005
exclude_spring,ln_yield,control_clean_context,red_bean,2006
exclude_spring,ln_yield,control_clean_context,red_bean,2007
exclude_spring,ln_yield,control_clean_context,red_bean,2008
exclude_spring,ln_yield,control_clean_context,red_bean,2009
exclude_spring,ln_yield,control_clean_context,red_bean,2010
exclude_spring,ln_yield,control_clean_context,red_bean,2011
exclude_spring,ln_yield,control_clean_context,red_bean,2012
exclude_spring,ln_yield,control_clean_context,red_bean,2013
exclude_spring,ln_yield,control_clean_context,red_bean,2014
exclude_spring,ln_yield,control_clean_context,red_bean,2015
exclude_spring,ln_yield,control_clean_context,red_bean,2016
exclude_spring,ln_yield,control_clean_context,red_bean,2017
exclude_spring,ln_yield,control_clean_context,red_bean,2018
exclude_spring,ln_yield,control_clean_context,red_bean,2019
exclude_spring,ln_yield,control_clean_context,sesame,1991
exclude_spring,ln_yield,control_clean_context,sesame,1992
exclude_spring,ln_yield,control_clean_context,sesame,1993
exclude_spring,ln_yield,control_clean_context,sesame,1994
exclude_spring,ln_yield,control_clean_context,sesame,1995
exclude_spring,ln_yield,control_clean_context,sesame,1996
exclude_spring,ln_yield,control_clean_context,sesame,1997
exclude_spring,ln_yield,control_clean_context,sesame,1998
exclude_spring,ln_yield,control_clean_context,sesame,1999
exclude_spring,ln_yield,control_clean_context,sesame,2000
exclude_spring,ln_yield,control_clean_context,sesame,2001
exclude_spring,ln_yield,control_clean_context,sesame,2002
exclude_spring,ln_yield,control_clean_context,sesame,2003
exclude_spring,ln_yield,control_clean_context,sesame,2004
exclude_spring,ln_yield,control_clean_context,sesame,2005
exclude_spring,ln_yield,control_clean_context,sesame,2006
exclude_spring,ln_yield,control_clean_context,sesame,2007
exclude_spring,ln_yield,control_clean_context,sesame,2008
exclude_spring,ln_yield,control_clean_context,sesame,2009
exclude_spring,ln_yield,control_clean_context,sesame,2010
exclude_spring,ln_yield,control_clean_context,sesame,2011
exclude_spring,ln_yield,control_clean_context,sesame,2012
exclude_spring,ln_yield,control_clean_context,sesame,2013
exclude_spring,ln_yield,control_clean_context,sesame,2014
exclude_spring,ln_yield,control_clean_context,sesame,2015
exclude_spring,ln_yield,control_clean_context,sesame,2016
exclude_spring,ln_yield,control_clean_context,sesame,2017
exclude_spring,ln_yield,control_clean_context,sesame,2018
exclude_spring,ln_yield,control_clean_context,sesame,2019
exclude_spring,ln_yield,control_clean_context,sesame,2020
exclude_spring,ln_yield,control_clean_context,sesame,2021
exclude_spring,ln_yield,control_clean_context,sesame,2022
exclude_spring,ln_yield,control_clean_context,sesame,2023
exclude_spring,ln_yield,control_clean_context,sesame,2024
exclude_spring,ln_yield,control_clean_context,small_green_onion,2000
exclude_spring,ln_yield,control_clean_context,small_green_onion,2001
exclude_spring,ln_yield,control_clean_context,small_green_onion,2002
exclude_spring,ln_yield,control_clean_context,small_green_onion,2003
exclude_spring,ln_yield,control_clean_context,small_green_onion,2004
exclude_spring,ln_yield,control_clean_context,small_green_onion,2005
exclude_spring,ln_yield,control_clean_context,small_green_onion,2006
exclude_spring,ln_yield,control_clean_context,small_green_onion,2007
exclude_spring,ln_yield,control_clean_context,small_green_onion,2008
exclude_spring,ln_yield,control_clean_context,small_green_onion,2009
exclude_spring,ln_yield,control_clean_context,small_green_onion,2010
exclude_spring,ln_yield,control_clean_context,small_green_onion,2011
exclude_spring,ln_yield,control_clean_context,small_green_onion,2012
exclude_spring,ln_yield,control_clean_context,small_green_onion,2013
exclude_spring,ln_yield,control_clean_context,small_green_onion,2014
exclude_spring,ln_yield,control_clean_context,small_green_onion,2015
exclude_spring,ln_yield,control_clean_context,small_green_onion,2016
exclude_spring,ln_yield,control_clean_context,small_green_onion,2017
exclude_spring,ln_yield,control_clean_context,small_green_onion,2018
exclude_spring,ln_yield,control_clean_context,spinach,1991
exclude_spring,ln_yield,control_clean_context,spinach,1992
exclude_spring,ln_yield,control_clean_context,spinach,1993
exclude_spring,ln_yield,control_clean_context,spinach,1994
exclude_spring,ln_yield,control_clean_context,spinach,1995
exclude_spring,ln_yield,control_clean_context,spinach,1996
exclude_spring,ln_yield,control_clean_context,spinach,1997
exclude_spring,ln_yield,control_clean_context,spinach,1998
exclude_spring,ln_yield,control_clean_context,spinach,1999
exclude_spring,ln_yield,control_clean_context,spinach,2000
exclude_spring,ln_yield,control_clean_context,spinach,2001
exclude_spring,ln_yield,control_clean_context,spinach,2002
exclude_spring,ln_yield,control_clean_context,spinach,2003
exclude_spring,ln_yield,control_clean_context,spinach,2004
exclude_spring,ln_yield,control_clean_context,spinach,2005
exclude_spring,ln_yield,control_clean_context,spinach,2006
exclude_spring,ln_yield,control_clean_context,spinach,2007
exclude_spring,ln_yield,control_clean_context,spinach,2008
exclude_spring,ln_yield,control_clean_context,spinach,2009
exclude_spring,ln_yield,control_clean_context,spinach,2010
exclude_spring,ln_yield,control_clean_context,spinach,2011
exclude_spring,ln_yield,control_clean_context,spinach,2012
exclude_spring,ln_yield,control_clean_context,spinach,2013
exclude_spring,ln_yield,control_clean_context,spinach,2014
exclude_spring,ln_yield,control_clean_context,spinach,2015
exclude_spring,ln_yield,control_clean_context,spinach,2016
exclude_spring,ln_yield,control_clean_context,spinach,2017
exclude_spring,ln_yield,control_clean_context,spinach,2018
exclude_spring,ln_yield,control_clean_context,spinach,2019
exclude_spring,ln_yield,control_clean_context,spinach,2020
exclude_spring,ln_yield,control_clean_context,wheat,1991
exclude_spring,ln_yield,control_clean_context,wheat,1992
exclude_spring,ln_yield,control_clean_context,wheat,1993
exclude_spring,ln_yield,control_clean_context,wheat,1994
exclude_spring,ln_yield,control_clean_context,wheat,1995
exclude_spring,ln_yield,control_clean_context,wheat,1996
exclude_spring,ln_yield,control_clean_context,wheat,1997
exclude_spring,ln_yield,control_clean_context,wheat,1998
exclude_spring,ln_yield,control_clean_context,wheat,1999
exclude_spring,ln_yield,control_clean_context,wheat,2000
exclude_spring,ln_yield,control_clean_context,wheat,2001
exclude_spring,ln_yield,control_clean_context,wheat,2002
exclude_spring,ln_yield,control_clean_context,wheat,2003
exclude_spring,ln_yield,control_clean_context,wheat,2004
exclude_spring,ln_yield,control_clean_context,wheat,2005
exclude_spring,ln_yield,control_clean_context,wheat,2006
exclude_spring,ln_yield,control_clean_context,wheat,2007
exclude_spring,ln_yield,control_clean_context,wheat,2008
exclude_spring,ln_yield,control_clean_context,wheat,2009
exclude_spring,ln_yield,control_clean_context,wheat,2010
exclude_spring,ln_yield,control_clean_context,wheat,2011
exclude_spring,ln_yield,control_clean_context,wheat,2012
exclude_spring,ln_yield,control_clean_context,wheat,2013
exclude_spring,ln_yield,control_clean_context,wheat,2014
exclude_spring,ln_yield,control_clean_context,wheat,2015
exclude_spring,ln_yield,control_clean_context,wheat,2016
exclude_spring,ln_yield,control_clean_context,winter_napa,2014
exclude_spring,ln_yield,control_clean_context,winter_napa,2015
exclude_spring,ln_yield,control_clean_context,winter_napa,2016
exclude_spring,ln_yield,control_clean_context,winter_napa,2017
exclude_spring,ln_yield,control_clean_context,winter_napa,2018
exclude_spring,ln_yield,control_clean_context,winter_napa,2019
exclude_spring,ln_yield,control_clean_context,winter_radish,2014
exclude_spring,ln_yield,control_clean_context,winter_radish,2015
exclude_spring,ln_yield,control_clean_context,winter_radish,2016
exclude_spring,ln_yield,control_clean_context,winter_radish,2017
exclude_spring,ln_yield,control_clean_context,winter_radish,2018
exclude_spring,ln_yield,control_clean_context,winter_radish,2019
exclude_spring,ln_production,treated_clean_pre,corn,1991
exclude_spring,ln_production,treated_clean_pre,corn,1992
exclude_spring,ln_production,treated_clean_pre,corn,1993
exclude_spring,ln_production,treated_clean_pre,corn,1994
exclude_spring,ln_production,treated_clean_pre,corn,1995
exclude_spring,ln_production,treated_clean_pre,corn,1996
exclude_spring,ln_production,treated_clean_pre,corn,1997
exclude_spring,ln_production,treated_clean_pre,corn,1998
exclude_spring,ln_production,treated_clean_pre,corn,1999
exclude_spring,ln_production,treated_clean_pre,corn,2000
exclude_spring,ln_production,treated_clean_pre,corn,2001
exclude_spring,ln_production,treated_clean_pre,corn,2002
exclude_spring,ln_production,treated_clean_pre,corn,2003
exclude_spring,ln_production,treated_clean_pre,corn,2004
exclude_spring,ln_production,treated_clean_pre,corn,2005
exclude_spring,ln_production,treated_clean_pre,corn,2006
exclude_spring,ln_production,treated_clean_pre,corn,2007
exclude_spring,ln_production,treated_clean_pre,corn,2008
exclude_spring,ln_production,treated_clean_pre,garlic,1991
exclude_spring,ln_production,treated_clean_pre,garlic,1992
exclude_spring,ln_production,treated_clean_pre,garlic,1993
exclude_spring,ln_production,treated_clean_pre,garlic,1994
exclude_spring,ln_production,treated_clean_pre,garlic,1995
exclude_spring,ln_production,treated_clean_pre,garlic,1996
exclude_spring,ln_production,treated_clean_pre,garlic,1997
exclude_spring,ln_production,treated_clean_pre,garlic,1998
exclude_spring,ln_production,treated_clean_pre,garlic,1999
exclude_spring,ln_production,treated_clean_pre,garlic,2000
exclude_spring,ln_production,treated_clean_pre,garlic,2001
exclude_spring,ln_production,treated_clean_pre,garlic,2002
exclude_spring,ln_production,treated_clean_pre,garlic,2003
exclude_spring,ln_production,treated_clean_pre,garlic,2004
exclude_spring,ln_production,treated_clean_pre,garlic,2005
exclude_spring,ln_production,treated_clean_pre,garlic,2006
exclude_spring,ln_production,treated_clean_pre,garlic,2007
exclude_spring,ln_production,treated_clean_pre,garlic,2008
exclude_spring,ln_production,treated_clean_pre,garlic,2009
exclude_spring,ln_production,treated_clean_pre,onion,1991
exclude_spring,ln_production,treated_clean_pre,onion,1992
exclude_spring,ln_production,treated_clean_pre,onion,1993
exclude_spring,ln_production,treated_clean_pre,onion,1994
exclude_spring,ln_production,treated_clean_pre,onion,1995
exclude_spring,ln_production,treated_clean_pre,onion,1996
exclude_spring,ln_production,treated_clean_pre,onion,1997
exclude_spring,ln_production,treated_clean_pre,onion,1998
exclude_spring,ln_production,treated_clean_pre,onion,1999
exclude_spring,ln_production,treated_clean_pre,onion,2000
exclude_spring,ln_production,treated_clean_pre,onion,2001
exclude_spring,ln_production,treated_clean_pre,onion,2002
exclude_spring,ln_production,treated_clean_pre,onion,2003
exclude_spring,ln_production,treated_clean_pre,onion,2004
exclude_spring,ln_production,treated_clean_pre,onion,2005
exclude_spring,ln_production,treated_clean_pre,onion,2006
exclude_spring,ln_production,treated_clean_pre,onion,2007
exclude_spring,ln_production,treated_clean_pre,onion,2008
exclude_spring,ln_production,treated_clean_pre,red_pepper,1991
exclude_spring,ln_production,treated_clean_pre,red_pepper,1992
exclude_spring,ln_production,treated_clean_pre,red_pepper,1993
exclude_spring,ln_production,treated_clean_pre,red_pepper,1994
exclude_spring,ln_production,treated_clean_pre,red_pepper,1995
exclude_spring,ln_production,treated_clean_pre,red_pepper,1996
exclude_spring,ln_production,treated_clean_pre,red_pepper,1997
exclude_spring,ln_production,treated_clean_pre,red_pepper,1998
exclude_spring,ln_production,treated_clean_pre,red_pepper,1999
exclude_spring,ln_production,treated_clean_pre,red_pepper,2000
exclude_spring,ln_production,treated_clean_pre,red_pepper,2001
exclude_spring,ln_production,treated_clean_pre,red_pepper,2002
exclude_spring,ln_production,treated_clean_pre,red_pepper,2003
exclude_spring,ln_production,treated_clean_pre,red_pepper,2004
exclude_spring,ln_production,treated_clean_pre,red_pepper,2005
exclude_spring,ln_production,treated_clean_pre,red_pepper,2006
exclude_spring,ln_production,treated_clean_pre,red_pepper,2007
exclude_spring,ln_production,treated_clean_pre,soybean,1991
exclude_spring,ln_production,treated_clean_pre,soybean,1992
exclude_spring,ln_production,treated_clean_pre,soybean,1993
exclude_spring,ln_production,treated_clean_pre,soybean,1994
exclude_spring,ln_production,treated_clean_pre,soybean,1995
exclude_spring,ln_production,treated_clean_pre,soybean,1996
exclude_spring,ln_production,treated_clean_pre,soybean,1997
exclude_spring,ln_production,treated_clean_pre,soybean,1998
exclude_spring,ln_production,treated_clean_pre,soybean,1999
exclude_spring,ln_production,treated_clean_pre,soybean,2000
exclude_spring,ln_production,treated_clean_pre,soybean,2001
exclude_spring,ln_production,treated_clean_pre,soybean,2002
exclude_spring,ln_production,treated_clean_pre,soybean,2003
exclude_spring,ln_production,treated_clean_pre,soybean,2004
exclude_spring,ln_production,treated_clean_pre,soybean,2005
exclude_spring,ln_production,treated_clean_pre,soybean,2006
exclude_spring,ln_production,treated_clean_pre,soybean,2007
exclude_spring,ln_production,treated_clean_pre,spring_potato,1991
exclude_spring,ln_production,treated_clean_pre,spring_potato,1992
exclude_spring,ln_production,treated_clean_pre,spring_potato,1993
exclude_spring,ln_production,treated_clean_pre,spring_potato,1994
exclude_spring,ln_production,treated_clean_pre,spring_potato,1995
exclude_spring,ln_production,treated_clean_pre,spring_potato,1996
exclude_spring,ln_production,treated_clean_pre,spring_potato,1997
exclude_spring,ln_production,treated_clean_pre,spring_potato,1998
exclude_spring,ln_production,treated_clean_pre,spring_potato,1999
exclude_spring,ln_production,treated_clean_pre,spring_potato,2000
exclude_spring,ln_production,treated_clean_pre,spring_potato,2001
exclude_spring,ln_production,treated_clean_pre,spring_potato,2002
exclude_spring,ln_production,treated_clean_pre,spring_potato,2003
exclude_spring,ln_production,treated_clean_pre,spring_potato,2004
exclude_spring,ln_production,treated_clean_pre,spring_potato,2005
exclude_spring,ln_production,treated_clean_pre,spring_potato,2006
exclude_spring,ln_production,treated_clean_pre,spring_potato,2007
exclude_spring,ln_production,treated_clean_pre,sweet_potato,1991
exclude_spring,ln_production,treated_clean_pre,sweet_potato,1992
exclude_spring,ln_production,treated_clean_pre,sweet_potato,1993
exclude_spring,ln_production,treated_clean_pre,sweet_potato,1994
exclude_spring,ln_production,treated_clean_pre,sweet_potato,1995
exclude_spring,ln_production,treated_clean_pre,sweet_potato,1996
exclude_spring,ln_production,treated_clean_pre,sweet_potato,1997
exclude_spring,ln_production,treated_clean_pre,sweet_potato,1998
exclude_spring,ln_production,treated_clean_pre,sweet_potato,1999
exclude_spring,ln_production,treated_clean_pre,sweet_potato,2000
exclude_spring,ln_production,treated_clean_pre,sweet_potato,2001
exclude_spring,ln_production,treated_clean_pre,sweet_potato,2002
exclude_spring,ln_production,treated_clean_pre,sweet_potato,2003
exclude_spring,ln_production,treated_clean_pre,sweet_potato,2004
exclude_spring,ln_production,treated_clean_pre,sweet_potato,2005
exclude_spring,ln_production,treated_clean_pre,sweet_potato,2006
exclude_spring,ln_production,treated_clean_pre,sweet_potato,2007
exclude_spring,ln_production,treated_clean_pre,sweet_potato,2008
exclude_spring,ln_production,treated_base,corn,2008
exclude_spring,ln_production,treated_base,garlic,2009
exclude_spring,ln_production,treated_base,onion,2008
exclude_spring,ln_production,treated_base,red_pepper,2007
exclude_spring,ln_production,treated_base,soybean,2007
exclude_spring,ln_production,treated_base,spring_potato,2007
exclude_spring,ln_production,treated_base,sweet_potato,2008
exclude_spring,ln_production,treated_post,corn,2013
exclude_spring,ln_production,treated_post,corn,2014
exclude_spring,ln_production,treated_post,corn,2015
exclude_spring,ln_production,treated_post,corn,2016
exclude_spring,ln_production,treated_post,corn,2017
exclude_spring,ln_production,treated_post,corn,2018
exclude_spring,ln_production,treated_post,corn,2019
exclude_spring,ln_production,treated_post,corn,2020
exclude_spring,ln_production,treated_post,corn,2021
exclude_spring,ln_production,treated_post,corn,2022
exclude_spring,ln_production,treated_post,garlic,2013
exclude_spring,ln_production,treated_post,garlic,2014
exclude_spring,ln_production,treated_post,garlic,2015
exclude_spring,ln_production,treated_post,garlic,2016
exclude_spring,ln_production,treated_post,garlic,2017
exclude_spring,ln_production,treated_post,garlic,2018
exclude_spring,ln_production,treated_post,garlic,2019
exclude_spring,ln_production,treated_post,garlic,2020
exclude_spring,ln_production,treated_post,garlic,2021
exclude_spring,ln_production,treated_post,garlic,2022
exclude_spring,ln_production,treated_post,onion,2012
exclude_spring,ln_production,treated_post,onion,2013
exclude_spring,ln_production,treated_post,onion,2014
exclude_spring,ln_production,treated_post,onion,2015
exclude_spring,ln_production,treated_post,onion,2016
exclude_spring,ln_production,treated_post,onion,2017
exclude_spring,ln_production,treated_post,onion,2018
exclude_spring,ln_production,treated_post,onion,2019
exclude_spring,ln_production,treated_post,onion,2020
exclude_spring,ln_production,treated_post,onion,2021
exclude_spring,ln_production,treated_post,red_pepper,2015
exclude_spring,ln_production,treated_post,red_pepper,2016
exclude_spring,ln_production,treated_post,red_pepper,2017
exclude_spring,ln_production,treated_post,red_pepper,2018
exclude_spring,ln_production,treated_post,red_pepper,2019
exclude_spring,ln_production,treated_post,red_pepper,2020
exclude_spring,ln_production,treated_post,red_pepper,2021
exclude_spring,ln_production,treated_post,red_pepper,2022
exclude_spring,ln_production,treated_post,red_pepper,2023
exclude_spring,ln_production,treated_post,red_pepper,2024
exclude_spring,ln_production,treated_post,soybean,2012
exclude_spring,ln_production,treated_post,soybean,2013
exclude_spring,ln_production,treated_post,soybean,2014
exclude_spring,ln_production,treated_post,soybean,2015
exclude_spring,ln_production,treated_post,soybean,2016
exclude_spring,ln_production,treated_post,soybean,2017
exclude_spring,ln_production,treated_post,soybean,2018
exclude_spring,ln_production,treated_post,soybean,2019
exclude_spring,ln_production,treated_post,soybean,2020
exclude_spring,ln_production,treated_post,soybean,2021
exclude_spring,ln_production,treated_post,spring_potato,2013
exclude_spring,ln_production,treated_post,spring_potato,2014
exclude_spring,ln_production,treated_post,spring_potato,2015
exclude_spring,ln_production,treated_post,spring_potato,2016
exclude_spring,ln_production,treated_post,spring_potato,2017
exclude_spring,ln_production,treated_post,spring_potato,2018
exclude_spring,ln_production,treated_post,spring_potato,2019
exclude_spring,ln_production,treated_post,spring_potato,2020
exclude_spring,ln_production,treated_post,spring_potato,2021
exclude_spring,ln_production,treated_post,spring_potato,2022
exclude_spring,ln_production,treated_post,sweet_potato,2013
exclude_spring,ln_production,treated_post,sweet_potato,2014
exclude_spring,ln_production,treated_post,sweet_potato,2015
exclude_spring,ln_production,treated_post,sweet_potato,2016
exclude_spring,ln_production,treated_post,sweet_potato,2017
exclude_spring,ln_production,treated_post,sweet_potato,2018
exclude_spring,ln_production,treated_post,sweet_potato,2019
exclude_spring,ln_production,treated_post,sweet_potato,2020
exclude_spring,ln_production,treated_post,sweet_potato,2021
exclude_spring,ln_production,treated_post,sweet_potato,2022
exclude_spring,ln_production,control_used,autumn_napa,2007
exclude_spring,ln_production,control_used,autumn_napa,2008
exclude_spring,ln_production,control_used,autumn_napa,2009
exclude_spring,ln_production,control_used,autumn_napa,2012
exclude_spring,ln_production,control_used,autumn_napa,2013
exclude_spring,ln_production,control_used,autumn_napa,2014
exclude_spring,ln_production,control_used,autumn_napa,2015
exclude_spring,ln_production,control_used,autumn_napa,2016
exclude_spring,ln_production,control_used,autumn_napa,2017
exclude_spring,ln_production,control_used,autumn_napa,2018
exclude_spring,ln_production,control_used,autumn_napa,2019
exclude_spring,ln_production,control_used,autumn_napa,2020
exclude_spring,ln_production,control_used,autumn_napa,2021
exclude_spring,ln_production,control_used,autumn_radish,2007
exclude_spring,ln_production,control_used,autumn_radish,2008
exclude_spring,ln_production,control_used,autumn_radish,2009
exclude_spring,ln_production,control_used,autumn_radish,2012
exclude_spring,ln_production,control_used,autumn_radish,2013
exclude_spring,ln_production,control_used,autumn_radish,2014
exclude_spring,ln_production,control_used,autumn_radish,2015
exclude_spring,ln_production,control_used,autumn_radish,2016
exclude_spring,ln_production,control_used,autumn_radish,2017
exclude_spring,ln_production,control_used,autumn_radish,2018
exclude_spring,ln_production,control_used,autumn_radish,2019
exclude_spring,ln_production,control_used,autumn_radish,2020
exclude_spring,ln_production,control_used,autumn_radish,2021
exclude_spring,ln_production,control_used,autumn_radish,2022
exclude_spring,ln_production,control_used,autumn_radish,2023
exclude_spring,ln_production,control_used,barley,2007
exclude_spring,ln_production,control_used,barley,2008
exclude_spring,ln_production,control_used,barley,2009
exclude_spring,ln_production,control_used,barley,2012
exclude_spring,ln_production,control_used,barley,2013
exclude_spring,ln_production,control_used,barley,2014
exclude_spring,ln_production,control_used,barley,2015
exclude_spring,ln_production,control_used,barley,2016
exclude_spring,ln_production,control_used,barley,2017
exclude_spring,ln_production,control_used,barley,2018
exclude_spring,ln_production,control_used,barley,2019
exclude_spring,ln_production,control_used,barley,2020
exclude_spring,ln_production,control_used,cabbage,2007
exclude_spring,ln_production,control_used,cabbage,2008
exclude_spring,ln_production,control_used,cabbage,2009
exclude_spring,ln_production,control_used,cabbage,2012
exclude_spring,ln_production,control_used,cabbage,2013
exclude_spring,ln_production,control_used,cabbage,2014
exclude_spring,ln_production,control_used,cabbage,2015
exclude_spring,ln_production,control_used,cabbage,2016
exclude_spring,ln_production,control_used,carrot,2007
exclude_spring,ln_production,control_used,carrot,2008
exclude_spring,ln_production,control_used,carrot,2009
exclude_spring,ln_production,control_used,carrot,2012
exclude_spring,ln_production,control_used,carrot,2013
exclude_spring,ln_production,control_used,carrot,2014
exclude_spring,ln_production,control_used,carrot,2015
exclude_spring,ln_production,control_used,carrot,2016
exclude_spring,ln_production,control_used,carrot,2017
exclude_spring,ln_production,control_used,carrot,2018
exclude_spring,ln_production,control_used,ginger,2007
exclude_spring,ln_production,control_used,ginger,2008
exclude_spring,ln_production,control_used,ginger,2009
exclude_spring,ln_production,control_used,ginger,2012
exclude_spring,ln_production,control_used,ginger,2013
exclude_spring,ln_production,control_used,ginger,2014
exclude_spring,ln_production,control_used,ginger,2015
exclude_spring,ln_production,control_used,ginger,2016
exclude_spring,ln_production,control_used,ginger,2017
exclude_spring,ln_production,control_used,ginger,2018
exclude_spring,ln_production,control_used,ginger,2019
exclude_spring,ln_production,control_used,ginger,2020
exclude_spring,ln_production,control_used,ginger,2021
exclude_spring,ln_production,control_used,ginger,2022
exclude_spring,ln_production,control_used,ginger,2023
exclude_spring,ln_production,control_used,ginger,2024
exclude_spring,ln_production,control_used,highland_napa,2007
exclude_spring,ln_production,control_used,highland_napa,2008
exclude_spring,ln_production,control_used,highland_napa,2009
exclude_spring,ln_production,control_used,highland_napa,2012
exclude_spring,ln_production,control_used,highland_napa,2013
exclude_spring,ln_production,control_used,highland_napa,2014
exclude_spring,ln_production,control_used,highland_napa,2015
exclude_spring,ln_production,control_used,highland_napa,2016
exclude_spring,ln_production,control_used,highland_napa,2017
exclude_spring,ln_production,control_used,highland_napa,2018
exclude_spring,ln_production,control_used,highland_radish,2007
exclude_spring,ln_production,control_used,highland_radish,2008
exclude_spring,ln_production,control_used,highland_radish,2009
exclude_spring,ln_production,control_used,highland_radish,2012
exclude_spring,ln_production,control_used,highland_radish,2013
exclude_spring,ln_production,control_used,highland_radish,2014
exclude_spring,ln_production,control_used,highland_radish,2015
exclude_spring,ln_production,control_used,highland_radish,2016
exclude_spring,ln_production,control_used,highland_radish,2017
exclude_spring,ln_production,control_used,highland_radish,2018
exclude_spring,ln_production,control_used,large_green_onion,2007
exclude_spring,ln_production,control_used,large_green_onion,2008
exclude_spring,ln_production,control_used,large_green_onion,2009
exclude_spring,ln_production,control_used,large_green_onion,2012
exclude_spring,ln_production,control_used,large_green_onion,2013
exclude_spring,ln_production,control_used,large_green_onion,2014
exclude_spring,ln_production,control_used,large_green_onion,2015
exclude_spring,ln_production,control_used,large_green_onion,2016
exclude_spring,ln_production,control_used,large_green_onion,2017
exclude_spring,ln_production,control_used,large_green_onion,2018
exclude_spring,ln_production,control_used,leaf_lettuce,2007
exclude_spring,ln_production,control_used,leaf_lettuce,2008
exclude_spring,ln_production,control_used,leaf_lettuce,2009
exclude_spring,ln_production,control_used,leaf_lettuce,2012
exclude_spring,ln_production,control_used,leaf_lettuce,2013
exclude_spring,ln_production,control_used,leaf_lettuce,2014
exclude_spring,ln_production,control_used,leaf_lettuce,2015
exclude_spring,ln_production,control_used,leaf_lettuce,2016
exclude_spring,ln_production,control_used,leaf_lettuce,2017
exclude_spring,ln_production,control_used,leaf_lettuce,2018
exclude_spring,ln_production,control_used,leaf_lettuce,2019
exclude_spring,ln_production,control_used,leaf_lettuce,2020
exclude_spring,ln_production,control_used,leaf_lettuce,2021
exclude_spring,ln_production,control_used,leaf_lettuce,2022
exclude_spring,ln_production,control_used,leaf_lettuce,2023
exclude_spring,ln_production,control_used,leaf_lettuce,2024
exclude_spring,ln_production,control_used,malting_barley,2007
exclude_spring,ln_production,control_used,malting_barley,2008
exclude_spring,ln_production,control_used,malting_barley,2009
exclude_spring,ln_production,control_used,malting_barley,2012
exclude_spring,ln_production,control_used,malting_barley,2013
exclude_spring,ln_production,control_used,malting_barley,2014
exclude_spring,ln_production,control_used,malting_barley,2015
exclude_spring,ln_production,control_used,malting_barley,2016
exclude_spring,ln_production,control_used,malting_barley,2017
exclude_spring,ln_production,control_used,malting_barley,2018
exclude_spring,ln_production,control_used,malting_barley,2019
exclude_spring,ln_production,control_used,malting_barley,2020
exclude_spring,ln_production,control_used,mung_bean,2007
exclude_spring,ln_production,control_used,mung_bean,2008
exclude_spring,ln_production,control_used,mung_bean,2009
exclude_spring,ln_production,control_used,mung_bean,2012
exclude_spring,ln_production,control_used,mung_bean,2013
exclude_spring,ln_production,control_used,mung_bean,2014
exclude_spring,ln_production,control_used,mung_bean,2015
exclude_spring,ln_production,control_used,mung_bean,2016
exclude_spring,ln_production,control_used,mung_bean,2017
exclude_spring,ln_production,control_used,mung_bean,2018
exclude_spring,ln_production,control_used,mung_bean,2019
exclude_spring,ln_production,control_used,mung_bean,2020
exclude_spring,ln_production,control_used,mung_bean,2021
exclude_spring,ln_production,control_used,mung_bean,2022
exclude_spring,ln_production,control_used,mung_bean,2023
exclude_spring,ln_production,control_used,mung_bean,2024
exclude_spring,ln_production,control_used,other_pulses,2007
exclude_spring,ln_production,control_used,other_pulses,2008
exclude_spring,ln_production,control_used,other_pulses,2009
exclude_spring,ln_production,control_used,other_pulses,2012
exclude_spring,ln_production,control_used,other_pulses,2013
exclude_spring,ln_production,control_used,other_pulses,2014
exclude_spring,ln_production,control_used,other_pulses,2015
exclude_spring,ln_production,control_used,other_pulses,2016
exclude_spring,ln_production,control_used,other_pulses,2017
exclude_spring,ln_production,control_used,other_pulses,2018
exclude_spring,ln_production,control_used,other_pulses,2019
exclude_spring,ln_production,control_used,other_pulses,2020
exclude_spring,ln_production,control_used,other_pulses,2021
exclude_spring,ln_production,control_used,other_pulses,2022
exclude_spring,ln_production,control_used,other_pulses,2023
exclude_spring,ln_production,control_used,other_pulses,2024
exclude_spring,ln_production,control_used,peanut,2007
exclude_spring,ln_production,control_used,peanut,2008
exclude_spring,ln_production,control_used,peanut,2009
exclude_spring,ln_production,control_used,peanut,2012
exclude_spring,ln_production,control_used,peanut,2013
exclude_spring,ln_production,control_used,peanut,2014
exclude_spring,ln_production,control_used,peanut,2015
exclude_spring,ln_production,control_used,peanut,2016
exclude_spring,ln_production,control_used,peanut,2017
exclude_spring,ln_production,control_used,peanut,2018
exclude_spring,ln_production,control_used,peanut,2019
exclude_spring,ln_production,control_used,peanut,2020
exclude_spring,ln_production,control_used,peanut,2021
exclude_spring,ln_production,control_used,peanut,2022
exclude_spring,ln_production,control_used,peanut,2023
exclude_spring,ln_production,control_used,peanut,2024
exclude_spring,ln_production,control_used,perilla,2007
exclude_spring,ln_production,control_used,perilla,2008
exclude_spring,ln_production,control_used,perilla,2009
exclude_spring,ln_production,control_used,perilla,2012
exclude_spring,ln_production,control_used,perilla,2013
exclude_spring,ln_production,control_used,perilla,2014
exclude_spring,ln_production,control_used,perilla,2015
exclude_spring,ln_production,control_used,perilla,2016
exclude_spring,ln_production,control_used,perilla,2017
exclude_spring,ln_production,control_used,perilla,2018
exclude_spring,ln_production,control_used,perilla,2019
exclude_spring,ln_production,control_used,perilla,2020
exclude_spring,ln_production,control_used,perilla,2021
exclude_spring,ln_production,control_used,perilla,2022
exclude_spring,ln_production,control_used,perilla,2023
exclude_spring,ln_production,control_used,perilla,2024
exclude_spring,ln_production,control_used,red_bean,2007
exclude_spring,ln_production,control_used,red_bean,2008
exclude_spring,ln_production,control_used,red_bean,2009
exclude_spring,ln_production,control_used,red_bean,2012
exclude_spring,ln_production,control_used,red_bean,2013
exclude_spring,ln_production,control_used,red_bean,2014
exclude_spring,ln_production,control_used,red_bean,2015
exclude_spring,ln_production,control_used,red_bean,2016
exclude_spring,ln_production,control_used,red_bean,2017
exclude_spring,ln_production,control_used,red_bean,2018
exclude_spring,ln_production,control_used,red_bean,2019
exclude_spring,ln_production,control_used,sesame,2007
exclude_spring,ln_production,control_used,sesame,2008
exclude_spring,ln_production,control_used,sesame,2009
exclude_spring,ln_production,control_used,sesame,2012
exclude_spring,ln_production,control_used,sesame,2013
exclude_spring,ln_production,control_used,sesame,2014
exclude_spring,ln_production,control_used,sesame,2015
exclude_spring,ln_production,control_used,sesame,2016
exclude_spring,ln_production,control_used,sesame,2017
exclude_spring,ln_production,control_used,sesame,2018
exclude_spring,ln_production,control_used,sesame,2019
exclude_spring,ln_production,control_used,sesame,2020
exclude_spring,ln_production,control_used,sesame,2021
exclude_spring,ln_production,control_used,sesame,2022
exclude_spring,ln_production,control_used,sesame,2023
exclude_spring,ln_production,control_used,sesame,2024
exclude_spring,ln_production,control_used,small_green_onion,2007
exclude_spring,ln_production,control_used,small_green_onion,2008
exclude_spring,ln_production,control_used,small_green_onion,2009
exclude_spring,ln_production,control_used,small_green_onion,2012
exclude_spring,ln_production,control_used,small_green_onion,2013
exclude_spring,ln_production,control_used,small_green_onion,2014
exclude_spring,ln_production,control_used,small_green_onion,2015
exclude_spring,ln_production,control_used,small_green_onion,2016
exclude_spring,ln_production,control_used,small_green_onion,2017
exclude_spring,ln_production,control_used,small_green_onion,2018
exclude_spring,ln_production,control_used,spinach,2007
exclude_spring,ln_production,control_used,spinach,2008
exclude_spring,ln_production,control_used,spinach,2009
exclude_spring,ln_production,control_used,spinach,2012
exclude_spring,ln_production,control_used,spinach,2013
exclude_spring,ln_production,control_used,spinach,2014
exclude_spring,ln_production,control_used,spinach,2015
exclude_spring,ln_production,control_used,spinach,2016
exclude_spring,ln_production,control_used,spinach,2017
exclude_spring,ln_production,control_used,spinach,2018
exclude_spring,ln_production,control_used,spinach,2019
exclude_spring,ln_production,control_used,spinach,2020
exclude_spring,ln_production,control_used,wheat,2007
exclude_spring,ln_production,control_used,wheat,2008
exclude_spring,ln_production,control_used,wheat,2009
exclude_spring,ln_production,control_used,wheat,2012
exclude_spring,ln_production,control_used,wheat,2013
exclude_spring,ln_production,control_used,wheat,2014
exclude_spring,ln_production,control_used,wheat,2015
exclude_spring,ln_production,control_used,wheat,2016
exclude_spring,ln_production,control_clean_context,autumn_napa,1991
exclude_spring,ln_production,control_clean_context,autumn_napa,1992
exclude_spring,ln_production,control_clean_context,autumn_napa,1993
exclude_spring,ln_production,control_clean_context,autumn_napa,1994
exclude_spring,ln_production,control_clean_context,autumn_napa,1995
exclude_spring,ln_production,control_clean_context,autumn_napa,1996
exclude_spring,ln_production,control_clean_context,autumn_napa,1997
exclude_spring,ln_production,control_clean_context,autumn_napa,1998
exclude_spring,ln_production,control_clean_context,autumn_napa,1999
exclude_spring,ln_production,control_clean_context,autumn_napa,2000
exclude_spring,ln_production,control_clean_context,autumn_napa,2001
exclude_spring,ln_production,control_clean_context,autumn_napa,2002
exclude_spring,ln_production,control_clean_context,autumn_napa,2003
exclude_spring,ln_production,control_clean_context,autumn_napa,2004
exclude_spring,ln_production,control_clean_context,autumn_napa,2005
exclude_spring,ln_production,control_clean_context,autumn_napa,2006
exclude_spring,ln_production,control_clean_context,autumn_napa,2007
exclude_spring,ln_production,control_clean_context,autumn_napa,2008
exclude_spring,ln_production,control_clean_context,autumn_napa,2009
exclude_spring,ln_production,control_clean_context,autumn_napa,2010
exclude_spring,ln_production,control_clean_context,autumn_napa,2011
exclude_spring,ln_production,control_clean_context,autumn_napa,2012
exclude_spring,ln_production,control_clean_context,autumn_napa,2013
exclude_spring,ln_production,control_clean_context,autumn_napa,2014
exclude_spring,ln_production,control_clean_context,autumn_napa,2015
exclude_spring,ln_production,control_clean_context,autumn_napa,2016
exclude_spring,ln_production,control_clean_context,autumn_napa,2017
exclude_spring,ln_production,control_clean_context,autumn_napa,2018
exclude_spring,ln_production,control_clean_context,autumn_napa,2019
exclude_spring,ln_production,control_clean_context,autumn_napa,2020
exclude_spring,ln_production,control_clean_context,autumn_napa,2021
exclude_spring,ln_production,control_clean_context,autumn_radish,1991
exclude_spring,ln_production,control_clean_context,autumn_radish,1992
exclude_spring,ln_production,control_clean_context,autumn_radish,1993
exclude_spring,ln_production,control_clean_context,autumn_radish,1994
exclude_spring,ln_production,control_clean_context,autumn_radish,1995
exclude_spring,ln_production,control_clean_context,autumn_radish,1996
exclude_spring,ln_production,control_clean_context,autumn_radish,1997
exclude_spring,ln_production,control_clean_context,autumn_radish,1998
exclude_spring,ln_production,control_clean_context,autumn_radish,1999
exclude_spring,ln_production,control_clean_context,autumn_radish,2000
exclude_spring,ln_production,control_clean_context,autumn_radish,2001
exclude_spring,ln_production,control_clean_context,autumn_radish,2002
exclude_spring,ln_production,control_clean_context,autumn_radish,2003
exclude_spring,ln_production,control_clean_context,autumn_radish,2004
exclude_spring,ln_production,control_clean_context,autumn_radish,2005
exclude_spring,ln_production,control_clean_context,autumn_radish,2006
exclude_spring,ln_production,control_clean_context,autumn_radish,2007
exclude_spring,ln_production,control_clean_context,autumn_radish,2008
exclude_spring,ln_production,control_clean_context,autumn_radish,2009
exclude_spring,ln_production,control_clean_context,autumn_radish,2010
exclude_spring,ln_production,control_clean_context,autumn_radish,2011
exclude_spring,ln_production,control_clean_context,autumn_radish,2012
exclude_spring,ln_production,control_clean_context,autumn_radish,2013
exclude_spring,ln_production,control_clean_context,autumn_radish,2014
exclude_spring,ln_production,control_clean_context,autumn_radish,2015
exclude_spring,ln_production,control_clean_context,autumn_radish,2016
exclude_spring,ln_production,control_clean_context,autumn_radish,2017
exclude_spring,ln_production,control_clean_context,autumn_radish,2018
exclude_spring,ln_production,control_clean_context,autumn_radish,2019
exclude_spring,ln_production,control_clean_context,autumn_radish,2020
exclude_spring,ln_production,control_clean_context,autumn_radish,2021
exclude_spring,ln_production,control_clean_context,autumn_radish,2022
exclude_spring,ln_production,control_clean_context,autumn_radish,2023
exclude_spring,ln_production,control_clean_context,barley,1991
exclude_spring,ln_production,control_clean_context,barley,1992
exclude_spring,ln_production,control_clean_context,barley,1993
exclude_spring,ln_production,control_clean_context,barley,1994
exclude_spring,ln_production,control_clean_context,barley,1995
exclude_spring,ln_production,control_clean_context,barley,1996
exclude_spring,ln_production,control_clean_context,barley,1997
exclude_spring,ln_production,control_clean_context,barley,1998
exclude_spring,ln_production,control_clean_context,barley,1999
exclude_spring,ln_production,control_clean_context,barley,2000
exclude_spring,ln_production,control_clean_context,barley,2001
exclude_spring,ln_production,control_clean_context,barley,2002
exclude_spring,ln_production,control_clean_context,barley,2003
exclude_spring,ln_production,control_clean_context,barley,2004
exclude_spring,ln_production,control_clean_context,barley,2005
exclude_spring,ln_production,control_clean_context,barley,2006
exclude_spring,ln_production,control_clean_context,barley,2007
exclude_spring,ln_production,control_clean_context,barley,2008
exclude_spring,ln_production,control_clean_context,barley,2009
exclude_spring,ln_production,control_clean_context,barley,2010
exclude_spring,ln_production,control_clean_context,barley,2011
exclude_spring,ln_production,control_clean_context,barley,2012
exclude_spring,ln_production,control_clean_context,barley,2013
exclude_spring,ln_production,control_clean_context,barley,2014
exclude_spring,ln_production,control_clean_context,barley,2015
exclude_spring,ln_production,control_clean_context,barley,2016
exclude_spring,ln_production,control_clean_context,barley,2017
exclude_spring,ln_production,control_clean_context,barley,2018
exclude_spring,ln_production,control_clean_context,barley,2019
exclude_spring,ln_production,control_clean_context,barley,2020
exclude_spring,ln_production,control_clean_context,cabbage,1991
exclude_spring,ln_production,control_clean_context,cabbage,1992
exclude_spring,ln_production,control_clean_context,cabbage,1993
exclude_spring,ln_production,control_clean_context,cabbage,1994
exclude_spring,ln_production,control_clean_context,cabbage,1995
exclude_spring,ln_production,control_clean_context,cabbage,1996
exclude_spring,ln_production,control_clean_context,cabbage,1997
exclude_spring,ln_production,control_clean_context,cabbage,1998
exclude_spring,ln_production,control_clean_context,cabbage,1999
exclude_spring,ln_production,control_clean_context,cabbage,2000
exclude_spring,ln_production,control_clean_context,cabbage,2001
exclude_spring,ln_production,control_clean_context,cabbage,2002
exclude_spring,ln_production,control_clean_context,cabbage,2003
exclude_spring,ln_production,control_clean_context,cabbage,2004
exclude_spring,ln_production,control_clean_context,cabbage,2005
exclude_spring,ln_production,control_clean_context,cabbage,2006
exclude_spring,ln_production,control_clean_context,cabbage,2007
exclude_spring,ln_production,control_clean_context,cabbage,2008
exclude_spring,ln_production,control_clean_context,cabbage,2009
exclude_spring,ln_production,control_clean_context,cabbage,2010
exclude_spring,ln_production,control_clean_context,cabbage,2011
exclude_spring,ln_production,control_clean_context,cabbage,2012
exclude_spring,ln_production,control_clean_context,cabbage,2013
exclude_spring,ln_production,control_clean_context,cabbage,2014
exclude_spring,ln_production,control_clean_context,cabbage,2015
exclude_spring,ln_production,control_clean_context,cabbage,2016
exclude_spring,ln_production,control_clean_context,carrot,1991
exclude_spring,ln_production,control_clean_context,carrot,1992
exclude_spring,ln_production,control_clean_context,carrot,1993
exclude_spring,ln_production,control_clean_context,carrot,1994
exclude_spring,ln_production,control_clean_context,carrot,1995
exclude_spring,ln_production,control_clean_context,carrot,1996
exclude_spring,ln_production,control_clean_context,carrot,1997
exclude_spring,ln_production,control_clean_context,carrot,1998
exclude_spring,ln_production,control_clean_context,carrot,1999
exclude_spring,ln_production,control_clean_context,carrot,2000
exclude_spring,ln_production,control_clean_context,carrot,2001
exclude_spring,ln_production,control_clean_context,carrot,2002
exclude_spring,ln_production,control_clean_context,carrot,2003
exclude_spring,ln_production,control_clean_context,carrot,2004
exclude_spring,ln_production,control_clean_context,carrot,2005
exclude_spring,ln_production,control_clean_context,carrot,2006
exclude_spring,ln_production,control_clean_context,carrot,2007
exclude_spring,ln_production,control_clean_context,carrot,2008
exclude_spring,ln_production,control_clean_context,carrot,2009
exclude_spring,ln_production,control_clean_context,carrot,2010
exclude_spring,ln_production,control_clean_context,carrot,2011
exclude_spring,ln_production,control_clean_context,carrot,2012
exclude_spring,ln_production,control_clean_context,carrot,2013
exclude_spring,ln_production,control_clean_context,carrot,2014
exclude_spring,ln_production,control_clean_context,carrot,2015
exclude_spring,ln_production,control_clean_context,carrot,2016
exclude_spring,ln_production,control_clean_context,carrot,2017
exclude_spring,ln_production,control_clean_context,carrot,2018
exclude_spring,ln_production,control_clean_context,ginger,1991
exclude_spring,ln_production,control_clean_context,ginger,1992
exclude_spring,ln_production,control_clean_context,ginger,1993
exclude_spring,ln_production,control_clean_context,ginger,1994
exclude_spring,ln_production,control_clean_context,ginger,1995
exclude_spring,ln_production,control_clean_context,ginger,1996
exclude_spring,ln_production,control_clean_context,ginger,1997
exclude_spring,ln_production,control_clean_context,ginger,1998
exclude_spring,ln_production,control_clean_context,ginger,1999
exclude_spring,ln_production,control_clean_context,ginger,2000
exclude_spring,ln_production,control_clean_context,ginger,2001
exclude_spring,ln_production,control_clean_context,ginger,2002
exclude_spring,ln_production,control_clean_context,ginger,2003
exclude_spring,ln_production,control_clean_context,ginger,2004
exclude_spring,ln_production,control_clean_context,ginger,2005
exclude_spring,ln_production,control_clean_context,ginger,2006
exclude_spring,ln_production,control_clean_context,ginger,2007
exclude_spring,ln_production,control_clean_context,ginger,2008
exclude_spring,ln_production,control_clean_context,ginger,2009
exclude_spring,ln_production,control_clean_context,ginger,2010
exclude_spring,ln_production,control_clean_context,ginger,2011
exclude_spring,ln_production,control_clean_context,ginger,2012
exclude_spring,ln_production,control_clean_context,ginger,2013
exclude_spring,ln_production,control_clean_context,ginger,2014
exclude_spring,ln_production,control_clean_context,ginger,2015
exclude_spring,ln_production,control_clean_context,ginger,2016
exclude_spring,ln_production,control_clean_context,ginger,2017
exclude_spring,ln_production,control_clean_context,ginger,2018
exclude_spring,ln_production,control_clean_context,ginger,2019
exclude_spring,ln_production,control_clean_context,ginger,2020
exclude_spring,ln_production,control_clean_context,ginger,2021
exclude_spring,ln_production,control_clean_context,ginger,2022
exclude_spring,ln_production,control_clean_context,ginger,2023
exclude_spring,ln_production,control_clean_context,ginger,2024
exclude_spring,ln_production,control_clean_context,highland_napa,1991
exclude_spring,ln_production,control_clean_context,highland_napa,1992
exclude_spring,ln_production,control_clean_context,highland_napa,1993
exclude_spring,ln_production,control_clean_context,highland_napa,1994
exclude_spring,ln_production,control_clean_context,highland_napa,1995
exclude_spring,ln_production,control_clean_context,highland_napa,1996
exclude_spring,ln_production,control_clean_context,highland_napa,1997
exclude_spring,ln_production,control_clean_context,highland_napa,1998
exclude_spring,ln_production,control_clean_context,highland_napa,1999
exclude_spring,ln_production,control_clean_context,highland_napa,2000
exclude_spring,ln_production,control_clean_context,highland_napa,2001
exclude_spring,ln_production,control_clean_context,highland_napa,2002
exclude_spring,ln_production,control_clean_context,highland_napa,2003
exclude_spring,ln_production,control_clean_context,highland_napa,2004
exclude_spring,ln_production,control_clean_context,highland_napa,2005
exclude_spring,ln_production,control_clean_context,highland_napa,2006
exclude_spring,ln_production,control_clean_context,highland_napa,2007
exclude_spring,ln_production,control_clean_context,highland_napa,2008
exclude_spring,ln_production,control_clean_context,highland_napa,2009
exclude_spring,ln_production,control_clean_context,highland_napa,2010
exclude_spring,ln_production,control_clean_context,highland_napa,2011
exclude_spring,ln_production,control_clean_context,highland_napa,2012
exclude_spring,ln_production,control_clean_context,highland_napa,2013
exclude_spring,ln_production,control_clean_context,highland_napa,2014
exclude_spring,ln_production,control_clean_context,highland_napa,2015
exclude_spring,ln_production,control_clean_context,highland_napa,2016
exclude_spring,ln_production,control_clean_context,highland_napa,2017
exclude_spring,ln_production,control_clean_context,highland_napa,2018
exclude_spring,ln_production,control_clean_context,highland_radish,1991
exclude_spring,ln_production,control_clean_context,highland_radish,1992
exclude_spring,ln_production,control_clean_context,highland_radish,1993
exclude_spring,ln_production,control_clean_context,highland_radish,1994
exclude_spring,ln_production,control_clean_context,highland_radish,1995
exclude_spring,ln_production,control_clean_context,highland_radish,1996
exclude_spring,ln_production,control_clean_context,highland_radish,1997
exclude_spring,ln_production,control_clean_context,highland_radish,1998
exclude_spring,ln_production,control_clean_context,highland_radish,1999
exclude_spring,ln_production,control_clean_context,highland_radish,2000
exclude_spring,ln_production,control_clean_context,highland_radish,2001
exclude_spring,ln_production,control_clean_context,highland_radish,2002
exclude_spring,ln_production,control_clean_context,highland_radish,2003
exclude_spring,ln_production,control_clean_context,highland_radish,2004
exclude_spring,ln_production,control_clean_context,highland_radish,2005
exclude_spring,ln_production,control_clean_context,highland_radish,2006
exclude_spring,ln_production,control_clean_context,highland_radish,2007
exclude_spring,ln_production,control_clean_context,highland_radish,2008
exclude_spring,ln_production,control_clean_context,highland_radish,2009
exclude_spring,ln_production,control_clean_context,highland_radish,2010
exclude_spring,ln_production,control_clean_context,highland_radish,2011
exclude_spring,ln_production,control_clean_context,highland_radish,2012
exclude_spring,ln_production,control_clean_context,highland_radish,2013
exclude_spring,ln_production,control_clean_context,highland_radish,2014
exclude_spring,ln_production,control_clean_context,highland_radish,2015
exclude_spring,ln_production,control_clean_context,highland_radish,2016
exclude_spring,ln_production,control_clean_context,highland_radish,2017
exclude_spring,ln_production,control_clean_context,highland_radish,2018
exclude_spring,ln_production,control_clean_context,large_green_onion,2000
exclude_spring,ln_production,control_clean_context,large_green_onion,2001
exclude_spring,ln_production,control_clean_context,large_green_onion,2002
exclude_spring,ln_production,control_clean_context,large_green_onion,2003
exclude_spring,ln_production,control_clean_context,large_green_onion,2004
exclude_spring,ln_production,control_clean_context,large_green_onion,2005
exclude_spring,ln_production,control_clean_context,large_green_onion,2006
exclude_spring,ln_production,control_clean_context,large_green_onion,2007
exclude_spring,ln_production,control_clean_context,large_green_onion,2008
exclude_spring,ln_production,control_clean_context,large_green_onion,2009
exclude_spring,ln_production,control_clean_context,large_green_onion,2010
exclude_spring,ln_production,control_clean_context,large_green_onion,2011
exclude_spring,ln_production,control_clean_context,large_green_onion,2012
exclude_spring,ln_production,control_clean_context,large_green_onion,2013
exclude_spring,ln_production,control_clean_context,large_green_onion,2014
exclude_spring,ln_production,control_clean_context,large_green_onion,2015
exclude_spring,ln_production,control_clean_context,large_green_onion,2016
exclude_spring,ln_production,control_clean_context,large_green_onion,2017
exclude_spring,ln_production,control_clean_context,large_green_onion,2018
exclude_spring,ln_production,control_clean_context,leaf_lettuce,1991
exclude_spring,ln_production,control_clean_context,leaf_lettuce,1992
exclude_spring,ln_production,control_clean_context,leaf_lettuce,1993
exclude_spring,ln_production,control_clean_context,leaf_lettuce,1994
exclude_spring,ln_production,control_clean_context,leaf_lettuce,1995
exclude_spring,ln_production,control_clean_context,leaf_lettuce,1996
exclude_spring,ln_production,control_clean_context,leaf_lettuce,1997
exclude_spring,ln_production,control_clean_context,leaf_lettuce,1998
exclude_spring,ln_production,control_clean_context,leaf_lettuce,1999
exclude_spring,ln_production,control_clean_context,leaf_lettuce,2000
exclude_spring,ln_production,control_clean_context,leaf_lettuce,2001
exclude_spring,ln_production,control_clean_context,leaf_lettuce,2002
exclude_spring,ln_production,control_clean_context,leaf_lettuce,2003
exclude_spring,ln_production,control_clean_context,leaf_lettuce,2004
exclude_spring,ln_production,control_clean_context,leaf_lettuce,2005
exclude_spring,ln_production,control_clean_context,leaf_lettuce,2006
exclude_spring,ln_production,control_clean_context,leaf_lettuce,2007
exclude_spring,ln_production,control_clean_context,leaf_lettuce,2008
exclude_spring,ln_production,control_clean_context,leaf_lettuce,2009
exclude_spring,ln_production,control_clean_context,leaf_lettuce,2010
exclude_spring,ln_production,control_clean_context,leaf_lettuce,2011
exclude_spring,ln_production,control_clean_context,leaf_lettuce,2012
exclude_spring,ln_production,control_clean_context,leaf_lettuce,2013
exclude_spring,ln_production,control_clean_context,leaf_lettuce,2014
exclude_spring,ln_production,control_clean_context,leaf_lettuce,2015
exclude_spring,ln_production,control_clean_context,leaf_lettuce,2016
exclude_spring,ln_production,control_clean_context,leaf_lettuce,2017
exclude_spring,ln_production,control_clean_context,leaf_lettuce,2018
exclude_spring,ln_production,control_clean_context,leaf_lettuce,2019
exclude_spring,ln_production,control_clean_context,leaf_lettuce,2020
exclude_spring,ln_production,control_clean_context,leaf_lettuce,2021
exclude_spring,ln_production,control_clean_context,leaf_lettuce,2022
exclude_spring,ln_production,control_clean_context,leaf_lettuce,2023
exclude_spring,ln_production,control_clean_context,leaf_lettuce,2024
exclude_spring,ln_production,control_clean_context,malting_barley,1991
exclude_spring,ln_production,control_clean_context,malting_barley,1992
exclude_spring,ln_production,control_clean_context,malting_barley,1993
exclude_spring,ln_production,control_clean_context,malting_barley,1994
exclude_spring,ln_production,control_clean_context,malting_barley,1995
exclude_spring,ln_production,control_clean_context,malting_barley,1996
exclude_spring,ln_production,control_clean_context,malting_barley,1997
exclude_spring,ln_production,control_clean_context,malting_barley,1998
exclude_spring,ln_production,control_clean_context,malting_barley,1999
exclude_spring,ln_production,control_clean_context,malting_barley,2000
exclude_spring,ln_production,control_clean_context,malting_barley,2001
exclude_spring,ln_production,control_clean_context,malting_barley,2002
exclude_spring,ln_production,control_clean_context,malting_barley,2003
exclude_spring,ln_production,control_clean_context,malting_barley,2004
exclude_spring,ln_production,control_clean_context,malting_barley,2005
exclude_spring,ln_production,control_clean_context,malting_barley,2006
exclude_spring,ln_production,control_clean_context,malting_barley,2007
exclude_spring,ln_production,control_clean_context,malting_barley,2008
exclude_spring,ln_production,control_clean_context,malting_barley,2009
exclude_spring,ln_production,control_clean_context,malting_barley,2010
exclude_spring,ln_production,control_clean_context,malting_barley,2011
exclude_spring,ln_production,control_clean_context,malting_barley,2012
exclude_spring,ln_production,control_clean_context,malting_barley,2013
exclude_spring,ln_production,control_clean_context,malting_barley,2014
exclude_spring,ln_production,control_clean_context,malting_barley,2015
exclude_spring,ln_production,control_clean_context,malting_barley,2016
exclude_spring,ln_production,control_clean_context,malting_barley,2017
exclude_spring,ln_production,control_clean_context,malting_barley,2018
exclude_spring,ln_production,control_clean_context,malting_barley,2019
exclude_spring,ln_production,control_clean_context,malting_barley,2020
exclude_spring,ln_production,control_clean_context,mung_bean,1991
exclude_spring,ln_production,control_clean_context,mung_bean,1992
exclude_spring,ln_production,control_clean_context,mung_bean,1993
exclude_spring,ln_production,control_clean_context,mung_bean,1994
exclude_spring,ln_production,control_clean_context,mung_bean,1995
exclude_spring,ln_production,control_clean_context,mung_bean,1996
exclude_spring,ln_production,control_clean_context,mung_bean,1997
exclude_spring,ln_production,control_clean_context,mung_bean,1998
exclude_spring,ln_production,control_clean_context,mung_bean,1999
exclude_spring,ln_production,control_clean_context,mung_bean,2000
exclude_spring,ln_production,control_clean_context,mung_bean,2001
exclude_spring,ln_production,control_clean_context,mung_bean,2002
exclude_spring,ln_production,control_clean_context,mung_bean,2003
exclude_spring,ln_production,control_clean_context,mung_bean,2004
exclude_spring,ln_production,control_clean_context,mung_bean,2005
exclude_spring,ln_production,control_clean_context,mung_bean,2006
exclude_spring,ln_production,control_clean_context,mung_bean,2007
exclude_spring,ln_production,control_clean_context,mung_bean,2008
exclude_spring,ln_production,control_clean_context,mung_bean,2009
exclude_spring,ln_production,control_clean_context,mung_bean,2010
exclude_spring,ln_production,control_clean_context,mung_bean,2011
exclude_spring,ln_production,control_clean_context,mung_bean,2012
exclude_spring,ln_production,control_clean_context,mung_bean,2013
exclude_spring,ln_production,control_clean_context,mung_bean,2014
exclude_spring,ln_production,control_clean_context,mung_bean,2015
exclude_spring,ln_production,control_clean_context,mung_bean,2016
exclude_spring,ln_production,control_clean_context,mung_bean,2017
exclude_spring,ln_production,control_clean_context,mung_bean,2018
exclude_spring,ln_production,control_clean_context,mung_bean,2019
exclude_spring,ln_production,control_clean_context,mung_bean,2020
exclude_spring,ln_production,control_clean_context,mung_bean,2021
exclude_spring,ln_production,control_clean_context,mung_bean,2022
exclude_spring,ln_production,control_clean_context,mung_bean,2023
exclude_spring,ln_production,control_clean_context,mung_bean,2024
exclude_spring,ln_production,control_clean_context,other_pulses,1991
exclude_spring,ln_production,control_clean_context,other_pulses,1992
exclude_spring,ln_production,control_clean_context,other_pulses,1993
exclude_spring,ln_production,control_clean_context,other_pulses,1994
exclude_spring,ln_production,control_clean_context,other_pulses,1995
exclude_spring,ln_production,control_clean_context,other_pulses,1996
exclude_spring,ln_production,control_clean_context,other_pulses,1997
exclude_spring,ln_production,control_clean_context,other_pulses,1998
exclude_spring,ln_production,control_clean_context,other_pulses,1999
exclude_spring,ln_production,control_clean_context,other_pulses,2000
exclude_spring,ln_production,control_clean_context,other_pulses,2001
exclude_spring,ln_production,control_clean_context,other_pulses,2002
exclude_spring,ln_production,control_clean_context,other_pulses,2003
exclude_spring,ln_production,control_clean_context,other_pulses,2004
exclude_spring,ln_production,control_clean_context,other_pulses,2005
exclude_spring,ln_production,control_clean_context,other_pulses,2006
exclude_spring,ln_production,control_clean_context,other_pulses,2007
exclude_spring,ln_production,control_clean_context,other_pulses,2008
exclude_spring,ln_production,control_clean_context,other_pulses,2009
exclude_spring,ln_production,control_clean_context,other_pulses,2010
exclude_spring,ln_production,control_clean_context,other_pulses,2011
exclude_spring,ln_production,control_clean_context,other_pulses,2012
exclude_spring,ln_production,control_clean_context,other_pulses,2013
exclude_spring,ln_production,control_clean_context,other_pulses,2014
exclude_spring,ln_production,control_clean_context,other_pulses,2015
exclude_spring,ln_production,control_clean_context,other_pulses,2016
exclude_spring,ln_production,control_clean_context,other_pulses,2017
exclude_spring,ln_production,control_clean_context,other_pulses,2018
exclude_spring,ln_production,control_clean_context,other_pulses,2019
exclude_spring,ln_production,control_clean_context,other_pulses,2020
exclude_spring,ln_production,control_clean_context,other_pulses,2021
exclude_spring,ln_production,control_clean_context,other_pulses,2022
exclude_spring,ln_production,control_clean_context,other_pulses,2023
exclude_spring,ln_production,control_clean_context,other_pulses,2024
exclude_spring,ln_production,control_clean_context,peanut,1991
exclude_spring,ln_production,control_clean_context,peanut,1992
exclude_spring,ln_production,control_clean_context,peanut,1993
exclude_spring,ln_production,control_clean_context,peanut,1994
exclude_spring,ln_production,control_clean_context,peanut,1995
exclude_spring,ln_production,control_clean_context,peanut,1996
exclude_spring,ln_production,control_clean_context,peanut,1997
exclude_spring,ln_production,control_clean_context,peanut,1998
exclude_spring,ln_production,control_clean_context,peanut,1999
exclude_spring,ln_production,control_clean_context,peanut,2000
exclude_spring,ln_production,control_clean_context,peanut,2001
exclude_spring,ln_production,control_clean_context,peanut,2002
exclude_spring,ln_production,control_clean_context,peanut,2003
exclude_spring,ln_production,control_clean_context,peanut,2004
exclude_spring,ln_production,control_clean_context,peanut,2005
exclude_spring,ln_production,control_clean_context,peanut,2006
exclude_spring,ln_production,control_clean_context,peanut,2007
exclude_spring,ln_production,control_clean_context,peanut,2008
exclude_spring,ln_production,control_clean_context,peanut,2009
exclude_spring,ln_production,control_clean_context,peanut,2010
exclude_spring,ln_production,control_clean_context,peanut,2011
exclude_spring,ln_production,control_clean_context,peanut,2012
exclude_spring,ln_production,control_clean_context,peanut,2013
exclude_spring,ln_production,control_clean_context,peanut,2014
exclude_spring,ln_production,control_clean_context,peanut,2015
exclude_spring,ln_production,control_clean_context,peanut,2016
exclude_spring,ln_production,control_clean_context,peanut,2017
exclude_spring,ln_production,control_clean_context,peanut,2018
exclude_spring,ln_production,control_clean_context,peanut,2019
exclude_spring,ln_production,control_clean_context,peanut,2020
exclude_spring,ln_production,control_clean_context,peanut,2021
exclude_spring,ln_production,control_clean_context,peanut,2022
exclude_spring,ln_production,control_clean_context,peanut,2023
exclude_spring,ln_production,control_clean_context,peanut,2024
exclude_spring,ln_production,control_clean_context,perilla,1991
exclude_spring,ln_production,control_clean_context,perilla,1992
exclude_spring,ln_production,control_clean_context,perilla,1993
exclude_spring,ln_production,control_clean_context,perilla,1994
exclude_spring,ln_production,control_clean_context,perilla,1995
exclude_spring,ln_production,control_clean_context,perilla,1996
exclude_spring,ln_production,control_clean_context,perilla,1997
exclude_spring,ln_production,control_clean_context,perilla,1998
exclude_spring,ln_production,control_clean_context,perilla,1999
exclude_spring,ln_production,control_clean_context,perilla,2000
exclude_spring,ln_production,control_clean_context,perilla,2001
exclude_spring,ln_production,control_clean_context,perilla,2002
exclude_spring,ln_production,control_clean_context,perilla,2003
exclude_spring,ln_production,control_clean_context,perilla,2004
exclude_spring,ln_production,control_clean_context,perilla,2005
exclude_spring,ln_production,control_clean_context,perilla,2006
exclude_spring,ln_production,control_clean_context,perilla,2007
exclude_spring,ln_production,control_clean_context,perilla,2008
exclude_spring,ln_production,control_clean_context,perilla,2009
exclude_spring,ln_production,control_clean_context,perilla,2010
exclude_spring,ln_production,control_clean_context,perilla,2011
exclude_spring,ln_production,control_clean_context,perilla,2012
exclude_spring,ln_production,control_clean_context,perilla,2013
exclude_spring,ln_production,control_clean_context,perilla,2014
exclude_spring,ln_production,control_clean_context,perilla,2015
exclude_spring,ln_production,control_clean_context,perilla,2016
exclude_spring,ln_production,control_clean_context,perilla,2017
exclude_spring,ln_production,control_clean_context,perilla,2018
exclude_spring,ln_production,control_clean_context,perilla,2019
exclude_spring,ln_production,control_clean_context,perilla,2020
exclude_spring,ln_production,control_clean_context,perilla,2021
exclude_spring,ln_production,control_clean_context,perilla,2022
exclude_spring,ln_production,control_clean_context,perilla,2023
exclude_spring,ln_production,control_clean_context,perilla,2024
exclude_spring,ln_production,control_clean_context,red_bean,1991
exclude_spring,ln_production,control_clean_context,red_bean,1992
exclude_spring,ln_production,control_clean_context,red_bean,1993
exclude_spring,ln_production,control_clean_context,red_bean,1994
exclude_spring,ln_production,control_clean_context,red_bean,1995
exclude_spring,ln_production,control_clean_context,red_bean,1996
exclude_spring,ln_production,control_clean_context,red_bean,1997
exclude_spring,ln_production,control_clean_context,red_bean,1998
exclude_spring,ln_production,control_clean_context,red_bean,1999
exclude_spring,ln_production,control_clean_context,red_bean,2000
exclude_spring,ln_production,control_clean_context,red_bean,2001
exclude_spring,ln_production,control_clean_context,red_bean,2002
exclude_spring,ln_production,control_clean_context,red_bean,2003
exclude_spring,ln_production,control_clean_context,red_bean,2004
exclude_spring,ln_production,control_clean_context,red_bean,2005
exclude_spring,ln_production,control_clean_context,red_bean,2006
exclude_spring,ln_production,control_clean_context,red_bean,2007
exclude_spring,ln_production,control_clean_context,red_bean,2008
exclude_spring,ln_production,control_clean_context,red_bean,2009
exclude_spring,ln_production,control_clean_context,red_bean,2010
exclude_spring,ln_production,control_clean_context,red_bean,2011
exclude_spring,ln_production,control_clean_context,red_bean,2012
exclude_spring,ln_production,control_clean_context,red_bean,2013
exclude_spring,ln_production,control_clean_context,red_bean,2014
exclude_spring,ln_production,control_clean_context,red_bean,2015
exclude_spring,ln_production,control_clean_context,red_bean,2016
exclude_spring,ln_production,control_clean_context,red_bean,2017
exclude_spring,ln_production,control_clean_context,red_bean,2018
exclude_spring,ln_production,control_clean_context,red_bean,2019
exclude_spring,ln_production,control_clean_context,sesame,1991
exclude_spring,ln_production,control_clean_context,sesame,1992
exclude_spring,ln_production,control_clean_context,sesame,1993
exclude_spring,ln_production,control_clean_context,sesame,1994
exclude_spring,ln_production,control_clean_context,sesame,1995
exclude_spring,ln_production,control_clean_context,sesame,1996
exclude_spring,ln_production,control_clean_context,sesame,1997
exclude_spring,ln_production,control_clean_context,sesame,1998
exclude_spring,ln_production,control_clean_context,sesame,1999
exclude_spring,ln_production,control_clean_context,sesame,2000
exclude_spring,ln_production,control_clean_context,sesame,2001
exclude_spring,ln_production,control_clean_context,sesame,2002
exclude_spring,ln_production,control_clean_context,sesame,2003
exclude_spring,ln_production,control_clean_context,sesame,2004
exclude_spring,ln_production,control_clean_context,sesame,2005
exclude_spring,ln_production,control_clean_context,sesame,2006
exclude_spring,ln_production,control_clean_context,sesame,2007
exclude_spring,ln_production,control_clean_context,sesame,2008
exclude_spring,ln_production,control_clean_context,sesame,2009
exclude_spring,ln_production,control_clean_context,sesame,2010
exclude_spring,ln_production,control_clean_context,sesame,2011
exclude_spring,ln_production,control_clean_context,sesame,2012
exclude_spring,ln_production,control_clean_context,sesame,2013
exclude_spring,ln_production,control_clean_context,sesame,2014
exclude_spring,ln_production,control_clean_context,sesame,2015
exclude_spring,ln_production,control_clean_context,sesame,2016
exclude_spring,ln_production,control_clean_context,sesame,2017
exclude_spring,ln_production,control_clean_context,sesame,2018
exclude_spring,ln_production,control_clean_context,sesame,2019
exclude_spring,ln_production,control_clean_context,sesame,2020
exclude_spring,ln_production,control_clean_context,sesame,2021
exclude_spring,ln_production,control_clean_context,sesame,2022
exclude_spring,ln_production,control_clean_context,sesame,2023
exclude_spring,ln_production,control_clean_context,sesame,2024
exclude_spring,ln_production,control_clean_context,small_green_onion,2000
exclude_spring,ln_production,control_clean_context,small_green_onion,2001
exclude_spring,ln_production,control_clean_context,small_green_onion,2002
exclude_spring,ln_production,control_clean_context,small_green_onion,2003
exclude_spring,ln_production,control_clean_context,small_green_onion,2004
exclude_spring,ln_production,control_clean_context,small_green_onion,2005
exclude_spring,ln_production,control_clean_context,small_green_onion,2006
exclude_spring,ln_production,control_clean_context,small_green_onion,2007
exclude_spring,ln_production,control_clean_context,small_green_onion,2008
exclude_spring,ln_production,control_clean_context,small_green_onion,2009
exclude_spring,ln_production,control_clean_context,small_green_onion,2010
exclude_spring,ln_production,control_clean_context,small_green_onion,2011
exclude_spring,ln_production,control_clean_context,small_green_onion,2012
exclude_spring,ln_production,control_clean_context,small_green_onion,2013
exclude_spring,ln_production,control_clean_context,small_green_onion,2014
exclude_spring,ln_production,control_clean_context,small_green_onion,2015
exclude_spring,ln_production,control_clean_context,small_green_onion,2016
exclude_spring,ln_production,control_clean_context,small_green_onion,2017
exclude_spring,ln_production,control_clean_context,small_green_onion,2018
exclude_spring,ln_production,control_clean_context,spinach,1991
exclude_spring,ln_production,control_clean_context,spinach,1992
exclude_spring,ln_production,control_clean_context,spinach,1993
exclude_spring,ln_production,control_clean_context,spinach,1994
exclude_spring,ln_production,control_clean_context,spinach,1995
exclude_spring,ln_production,control_clean_context,spinach,1996
exclude_spring,ln_production,control_clean_context,spinach,1997
exclude_spring,ln_production,control_clean_context,spinach,1998
exclude_spring,ln_production,control_clean_context,spinach,1999
exclude_spring,ln_production,control_clean_context,spinach,2000
exclude_spring,ln_production,control_clean_context,spinach,2001
exclude_spring,ln_production,control_clean_context,spinach,2002
exclude_spring,ln_production,control_clean_context,spinach,2003
exclude_spring,ln_production,control_clean_context,spinach,2004
exclude_spring,ln_production,control_clean_context,spinach,2005
exclude_spring,ln_production,control_clean_context,spinach,2006
exclude_spring,ln_production,control_clean_context,spinach,2007
exclude_spring,ln_production,control_clean_context,spinach,2008
exclude_spring,ln_production,control_clean_context,spinach,2009
exclude_spring,ln_production,control_clean_context,spinach,2010
exclude_spring,ln_production,control_clean_context,spinach,2011
exclude_spring,ln_production,control_clean_context,spinach,2012
exclude_spring,ln_production,control_clean_context,spinach,2013
exclude_spring,ln_production,control_clean_context,spinach,2014
exclude_spring,ln_production,control_clean_context,spinach,2015
exclude_spring,ln_production,control_clean_context,spinach,2016
exclude_spring,ln_production,control_clean_context,spinach,2017
exclude_spring,ln_production,control_clean_context,spinach,2018
exclude_spring,ln_production,control_clean_context,spinach,2019
exclude_spring,ln_production,control_clean_context,spinach,2020
exclude_spring,ln_production,control_clean_context,wheat,1991
exclude_spring,ln_production,control_clean_context,wheat,1992
exclude_spring,ln_production,control_clean_context,wheat,1993
exclude_spring,ln_production,control_clean_context,wheat,1994
exclude_spring,ln_production,control_clean_context,wheat,1995
exclude_spring,ln_production,control_clean_context,wheat,1996
exclude_spring,ln_production,control_clean_context,wheat,1997
exclude_spring,ln_production,control_clean_context,wheat,1998
exclude_spring,ln_production,control_clean_context,wheat,1999
exclude_spring,ln_production,control_clean_context,wheat,2000
exclude_spring,ln_production,control_clean_context,wheat,2001
exclude_spring,ln_production,control_clean_context,wheat,2002
exclude_spring,ln_production,control_clean_context,wheat,2003
exclude_spring,ln_production,control_clean_context,wheat,2004
exclude_spring,ln_production,control_clean_context,wheat,2005
exclude_spring,ln_production,control_clean_context,wheat,2006
exclude_spring,ln_production,control_clean_context,wheat,2007
exclude_spring,ln_production,control_clean_context,wheat,2008
exclude_spring,ln_production,control_clean_context,wheat,2009
exclude_spring,ln_production,control_clean_context,wheat,2010
exclude_spring,ln_production,control_clean_context,wheat,2011
exclude_spring,ln_production,control_clean_context,wheat,2012
exclude_spring,ln_production,control_clean_context,wheat,2013
exclude_spring,ln_production,control_clean_context,wheat,2014
exclude_spring,ln_production,control_clean_context,wheat,2015
exclude_spring,ln_production,control_clean_context,wheat,2016
exclude_spring,ln_production,control_clean_context,winter_napa,2014
exclude_spring,ln_production,control_clean_context,winter_napa,2015
exclude_spring,ln_production,control_clean_context,winter_napa,2016
exclude_spring,ln_production,control_clean_context,winter_napa,2017
exclude_spring,ln_production,control_clean_context,winter_napa,2018
exclude_spring,ln_production,control_clean_context,winter_napa,2019
exclude_spring,ln_production,control_clean_context,winter_radish,2014
exclude_spring,ln_production,control_clean_context,winter_radish,2015
exclude_spring,ln_production,control_clean_context,winter_radish,2016
exclude_spring,ln_production,control_clean_context,winter_radish,2017
exclude_spring,ln_production,control_clean_context,winter_radish,2018
exclude_spring,ln_production,control_clean_context,winter_radish,2019
